site,country,title,price_jpy,review_count,seller_badge,search_position,monthly_sold_count,is_bestseller,bestseller_rank,validity,usage_validity,activation_validity,network_type,network_generation,network_generation_inferred,network_generation_confidence,carrier_support_local,carrier_support_kr,data_amount,product_url,asin,site_product_id,seller,brand,evidence
qoo10_jp,vn,【ベトナム eSIM】 正規eSIM 超高速3-10日間 データ通信専用 即発行即利用可能 ベトナムeSIM 3-10日間 QRコードで ベトナム esim,720,74,Power seller,1,,,,10일,10일,3일,local,unknown,,,"{""viettel"": null, ""vinaphone"": null, ""mobifone"": null, ""vietnamobile"": null}","{""skt"": null, ""kt"": null, ""lgu"": null}",unlimited,https://www.qoo10.jp/item/%e3%83%99%e3%83%88%e3%83%8a%e3%83%a0-ESIM-%e6%ad%a3%e8%a6%8fESIM-%e8%b6%85%e9%ab%98%e9%80%9f3-10%e6%97%a5%e9%96%93-%e3%83%87%e3%83%bc%e3%82%bf%e9%80%9a%e4%bf%a1%e5%b0%82%e7%94%a8-%e5%8d%b3%e7%99%ba%e8%a1%8c%e5%8d%b3%e5%88%a9%e7%94%a8%e5%8f%af%e8%83%bd-%e3%83%99%e3%83%88%e3%83%8a%e3%83%a0ESIM-3-10%e6%97%a5%e9%96%93/1177404598,,1177404598,正規eSIM 超高速 安心保証⚡,,"{""title"": [""【ベトナム eSIM】 正規eSIM 超高速3-10日間 データ通信専用 即発行即利用可能 ベトナムeSIM 3-10日間 QRコードで ベトナム esim""], ""option_candidates"": [""ベトナム 2日（超高速無限データ）"", ""ベトナム 3日（超高速無限データ）"", ""ベトナム 4日（超高速無限データ）""], ""representative_option"": [""ベトナム 10日（超高速無限データ）"", ""title_match_score=6""], ""price_jpy"": [""販売価格 720円 + option surcharge 0"", ""ベトナム 10日（超高速無限データ）""], ""usage_validity"": [""ベトナム 10日（超高速無限データ）""], ""activation_validity"": [""【フィリピンeSIM】3日間(72時間) データ通信無制限 オンラインサービスにて即日送信(LINE相談受付中) 有効期限 / ご購入日より90日以内 フィリピンSIM セブ島 1,550円 4.6 (25) 1,240 円 メガ割時""], ""data_amount"": [""ベトナム 10日（超高速無限データ）""], ""network_type"": [""qoo10_local_signal: 【SKTelecoｍ公式認証】韓国eSIM 3日間(72時間) 電話番号付き 超高速データ無制限 最初の5分発信無料(韓国国内) LINE即日発行 ご購入日より120日以内 韓国SIM 1,980円 1,620円 4.9 (37,975) 1,296 円 メガ割時""], ""network_generation"": [""no_lte_4g_or_5g_keyword_matched""], ""seller"": [""正規eSIM 超高速 安心保証⚡""], ""review_count"": [""search_result: 74""], ""seller_badge"": [""search_result: Power seller""]}"
qoo10_jp,vn,【東南アジア 5ヵ国】 eSIM 7日間／完全無制限（低速化無し）／タイ・ベトナム・シンガポール・インドネシア・マレーシア／5G・4G高速データ通信／パスポート登録不要／180日有効,2240,8,Power seller,5,,,,3일,3일,7일,local,5g_capable,,,"{""viettel"": null, ""vinaphone"": null, ""mobifone"": null, ""vietnamobile"": null}","{""skt"": null, ""kt"": null, ""lgu"": null}",unlimited,https://www.qoo10.jp/item/%e6%9d%b1%e5%8d%97%e3%82%a2%e3%82%b8%e3%82%a2-5%e3%83%b5%e5%9b%bd-ESIM-7%e6%97%a5%e9%96%93%ef%bc%8f%e5%ae%8c%e5%85%a8%e7%84%a1%e5%88%b6%e9%99%90%ef%bc%88%e4%bd%8e%e9%80%9f%e5%8c%96%e7%84%a1%e3%81%97%ef%bc%89%ef%bc%8f%e3%82%bf%e3%82%a4%e3%83%bb%e3%83%99%e3%83%88%e3%83%8a%e3%83%a0%e3%83%bb%e3%82%b7%e3%83%b3%e3%82%ac%e3%83%9d%e3%83%bc%e3%83%ab%e3%83%bb%e3%82%a4%e3%83%b3%e3%83%89%e3%83%8d%e3%82%b7%e3%82%a2%e3%83%bb%e3%83%9e%e3%83%ac%e3%83%bc%e3%82%b7%e3%82%a2%ef%bc%8f5G%e3%83%bb4G%e9%ab%98%e9%80%9f%e3%83%87%e3%83%bc%e3%82%bf/1126839497,,1126839497,スマートeSIM,,"{""title"": [""【東南アジア 5ヵ国】 eSIM 7日間／完全無制限（低速化無し）／タイ・ベトナム・シンガポール・インドネシア・マレーシア／5G・4G高速データ通信／パスポート登録不要／180日有効""], ""price_jpy"": [""販売価格 2,240円""], ""usage_validity"": [""【フィリピンeSIM】3日間(72時間) データ通信無制限 オンラインサービスにて即日送信(LINE相談受付中) 有効期限 / ご購入日より90日以内 フィリピンSIM セブ島 1,550円 4.6 (25) 1,240 円 メガ割時""], ""activation_validity"": [""【東南アジア 5ヵ国】 eSIM 7日間／完全無制限（低速化無し）／タイ・ベトナム・シンガポール・インドネシア・マレーシア／5G・4G高速データ通信／パスポート登録不要／180日有効""], ""data_amount"": [""【東南アジア 5ヵ国】 eSIM 7日間／完全無制限（低速化無し）／タイ・ベトナム・シンガポール・インドネシア・マレーシア／5G・4G高速データ通信／パスポート登録不要／180日有効""], ""network_type"": [""qoo10_local_signal: 【SKTelecoｍ公式認証】韓国eSIM 3日間(72時間) 電話番号付き 超高速データ無制限 最初の5分発信無料(韓国国内) LINE即日発行 ご購入日より120日以内 韓国SIM 1,980円 1,620円 4.9 (37,975) 1,296 円 メガ割時""], ""network_generation"": [""title_5g: source:title: 【東南アジア 5ヵ国】 eSIM 7日間／完全無制限（低速化無し）／タイ・ベトナム・シンガポール・インドネシア・マレーシア／5G・4G高速データ通信／パスポート登録不要／180日有効""], ""seller"": [""スマートeSIM""], ""review_count"": [""search_result: 8""], ""seller_badge"": [""search_result: Power seller""]}"
qoo10_jp,vn,【ベトナム eSIM データ無制限】ベトナム eSIM 正規eSIM 超高速 4日間 データ無制限 eSIM 4日間 無制限 QRコードで ベトナム esim 4日間 esimベトナム,790,5,Power seller,8,,,,4일,4일,4일,local,unknown,,,"{""viettel"": null, ""vinaphone"": null, ""mobifone"": null, ""vietnamobile"": null}","{""skt"": null, ""kt"": null, ""lgu"": null}",unlimited,https://www.qoo10.jp/item/%e3%83%99%e3%83%88%e3%83%8a%e3%83%a0-ESIM-%e3%83%87%e3%83%bc%e3%82%bf%e7%84%a1%e5%88%b6%e9%99%90-%e3%83%99%e3%83%88%e3%83%8a%e3%83%a0-ESIM-%e6%ad%a3%e8%a6%8fESIM-%e8%b6%85%e9%ab%98%e9%80%9f-4%e6%97%a5%e9%96%93-%e3%83%87%e3%83%bc%e3%82%bf%e7%84%a1%e5%88%b6%e9%99%90-ESIM-4%e6%97%a5%e9%96%93-%e7%84%a1%e5%88%b6%e9%99%90/1180559394,,1180559394,正規eSIM 即時対応 100万枚突破 ...,,"{""title"": [""【ベトナム eSIM データ無制限】ベトナム eSIM 正規eSIM 超高速 4日間 データ無制限 eSIM 4日間 無制限 QRコードで ベトナム esim 4日間 esimベトナム""], ""option_candidates"": [""ベトナム 4日（超高速無限データ）""], ""representative_option"": [""ベトナム 4日（超高速無限データ）"", ""title_match_score=8""], ""price_jpy"": [""販売価格 790円 + option surcharge 0"", ""ベトナム 4日（超高速無限データ）""], ""usage_validity"": [""ベトナム 4日（超高速無限データ）""], ""activation_validity"": [""【ベトナム eSIM データ無制限】ベトナム eSIM 正規eSIM 超高速 4日間 データ無制限 eSIM 4日間 無制限 QRコードで ベトナム esim 4日間 esimベトナム""], ""data_amount"": [""ベトナム 4日（超高速無限データ）""], ""network_type"": [""qoo10_local_signal: 【SKTelecoｍ公式認証】韓国eSIM 3日間(72時間) 電話番号付き 超高速データ無制限 最初の5分発信無料(韓国国内) LINE即日発行 ご購入日より120日以内 韓国SIM 1,980円 1,620円 4.9 (37,975) 1,296 円 メガ割時""], ""network_generation"": [""fallback_5g: source:review_list: 5 5 hal*** 2026.08.28 目的地:ベトナム 4日（超高速無限データ） 安心保証:（日本は事前にQRコードを読み取り .目的地に着いたら時間の計算を開始します。） オプション : 目的地:ベトナム 4日（超高速無限データ） / 安心保証:（日本は事前にQRコードを読み取り .目的地に着いたら時間の計算を"", ""fallback_only_network_generation_signal""], ""seller"": [""正規eSIM 即時対応 100万枚突破 ...""], ""review_count"": [""search_result: 5""], ""seller_badge"": [""search_result: Power seller""]}"
qoo10_jp,vn,ベトナムeSIM 安心の日本企業 7日間 無制限 低速なし 日本人スタッフによるLINEサポート(お急ぎの方相談可) 最短即日発行 有効期限90日 パスポート番号不要 データ通信専用,1740,,Power seller,9,,,,7일,7일,90일,local,unknown,,,"{""viettel"": null, ""vinaphone"": true, ""mobifone"": null, ""vietnamobile"": null}","{""skt"": null, ""kt"": null, ""lgu"": null}",unlimited,https://www.qoo10.jp/item/%e3%83%99%e3%83%88%e3%83%8a%e3%83%a0ESIM-%e5%ae%89%e5%bf%83%e3%81%ae%e6%97%a5%e6%9c%ac%e4%bc%81%e6%a5%ad-7%e6%97%a5%e9%96%93-%e7%84%a1%e5%88%b6%e9%99%90-%e4%bd%8e%e9%80%9f%e3%81%aa%e3%81%97-%e6%97%a5%e6%9c%ac%e4%ba%ba%e3%82%b9%e3%82%bf%e3%83%83%e3%83%95%e3%81%ab%e3%82%88%e3%82%8bLINE%e3%82%b5%e3%83%9d%e3%83%bc%e3%83%88-%e3%81%8a%e6%80%a5%e3%81%8e%e3%81%ae%e6%96%b9%e7%9b%b8%e8%ab%87%e5%8f%af-%e6%9c%80%e7%9f%ad%e5%8d%b3%e6%97%a5%e7%99%ba%e8%a1%8c/1145513976,,1145513976,いーしむさん,,"{""title"": [""ベトナムeSIM 安心の日本企業 7日間 無制限 低速なし 日本人スタッフによるLINEサポート(お急ぎの方相談可) 最短即日発行 有効期限90日 パスポート番号不要 データ通信専用""], ""price_jpy"": [""販売価格 1,740円""], ""usage_validity"": [""ベトナムeSIM 安心の日本企業 7日間 無制限 低速なし 日本人スタッフによるLINEサポート(お急ぎの方相談可) 最短即日発行 有効期限90日 パスポート番号不要 データ通信専用""], ""activation_validity"": [""ベトナムeSIM 安心の日本企業 7日間 無制限 低速なし 日本人スタッフによるLINEサポート(お急ぎの方相談可) 最短即日発行 有効期限90日 パスポート番号不要 データ通信専用""], ""data_amount"": [""ベトナムeSIM 安心の日本企業 7日間 無制限 低速なし 日本人スタッフによるLINEサポート(お急ぎの方相談可) 最短即日発行 有効期限90日 パスポート番号不要 データ通信専用""], ""network_type"": [""qoo10_local_signal: 【SKTelecoｍ公式認証】韓国eSIM 3日間(72時間) 電話番号付き 超高速データ無制限 最初の5分発信無料(韓国国内) LINE即日発行 ご購入日より120日以内 韓国SIM 1,980円 1,620円 4.9 (37,975) 1,296 円 メガ割時""], ""network_generation"": [""no_lte_4g_or_5g_keyword_matched""], ""carrier_support_local"": [""VinaPhone: [Qoo10] ベトナムeSIM 安心の日本企業 7日間 : スマートフォン・タブレットPC Go to the Content Go to the Main Menu Go to the Viewed Today Go to the Footer X ログイン My Qoo10 カート Qpost""], ""seller"": [""いーしむさん""], ""seller_badge"": [""search_result: Power seller""]}"
qoo10_jp,vn,【東南アジア 5ヵ国】 eSIM 5日間／完全無制限（低速化無し）／タイ・ベトナム・シンガポール・インドネシア・マレーシア／5G・4G高速データ通信／パスポート登録不要／180日有効,1780,43,Power seller,10,,,,3일,3일,5일,local,5g_capable,,,"{""viettel"": null, ""vinaphone"": null, ""mobifone"": null, ""vietnamobile"": null}","{""skt"": null, ""kt"": null, ""lgu"": null}",unlimited,https://www.qoo10.jp/item/%e6%9d%b1%e5%8d%97%e3%82%a2%e3%82%b8%e3%82%a2-5%e3%83%b5%e5%9b%bd-ESIM-5%e6%97%a5%e9%96%93%ef%bc%8f%e5%ae%8c%e5%85%a8%e7%84%a1%e5%88%b6%e9%99%90%ef%bc%88%e4%bd%8e%e9%80%9f%e5%8c%96%e7%84%a1%e3%81%97%ef%bc%89%ef%bc%8f%e3%82%bf%e3%82%a4%e3%83%bb%e3%83%99%e3%83%88%e3%83%8a%e3%83%a0%e3%83%bb%e3%82%b7%e3%83%b3%e3%82%ac%e3%83%9d%e3%83%bc%e3%83%ab%e3%83%bb%e3%82%a4%e3%83%b3%e3%83%89%e3%83%8d%e3%82%b7%e3%82%a2%e3%83%bb%e3%83%9e%e3%83%ac%e3%83%bc%e3%82%b7%e3%82%a2%ef%bc%8f5G%e3%83%bb4G%e9%ab%98%e9%80%9f%e3%83%87%e3%83%bc%e3%82%bf/1126839353,,1126839353,スマートeSIM,,"{""title"": [""【東南アジア 5ヵ国】 eSIM 5日間／完全無制限（低速化無し）／タイ・ベトナム・シンガポール・インドネシア・マレーシア／5G・4G高速データ通信／パスポート登録不要／180日有効""], ""price_jpy"": [""販売価格 1,780円""], ""usage_validity"": [""【フィリピンeSIM】3日間(72時間) データ通信無制限 オンラインサービスにて即日送信(LINE相談受付中) 有効期限 / ご購入日より90日以内 フィリピンSIM セブ島 1,550円 4.6 (25) 1,240 円 メガ割時""], ""activation_validity"": [""【東南アジア 5ヵ国】 eSIM 5日間／完全無制限（低速化無し）／タイ・ベトナム・シンガポール・インドネシア・マレーシア／5G・4G高速データ通信／パスポート登録不要／180日有効""], ""data_amount"": [""【東南アジア 5ヵ国】 eSIM 5日間／完全無制限（低速化無し）／タイ・ベトナム・シンガポール・インドネシア・マレーシア／5G・4G高速データ通信／パスポート登録不要／180日有効""], ""network_type"": [""qoo10_local_signal: 【SKTelecoｍ公式認証】韓国eSIM 3日間(72時間) 電話番号付き 超高速データ無制限 最初の5分発信無料(韓国国内) LINE即日発行 ご購入日より120日以内 韓国SIM 1,980円 1,620円 4.9 (37,975) 1,296 円 メガ割時""], ""network_generation"": [""title_5g: source:title: 【東南アジア 5ヵ国】 eSIM 5日間／完全無制限（低速化無し）／タイ・ベトナム・シンガポール・インドネシア・マレーシア／5G・4G高速データ通信／パスポート登録不要／180日有効""], ""seller"": [""スマートeSIM""], ""review_count"": [""search_result: 43""], ""seller_badge"": [""search_result: Power seller""]}"
qoo10_jp,vn,【ベトナムeSIM】3～5日間 1GB/日 高速データ通信 有効期限90日 プリペイドSIM イーシム 低速無制限 テザリング 最短3分QRコード発行 即日発行 簡単設定 ベトナム旅行 海外出張,1680,,General seller,12,,,,5일,5일,90일,local,unknown,,,"{""viettel"": null, ""vinaphone"": null, ""mobifone"": null, ""vietnamobile"": null}","{""skt"": null, ""kt"": null, ""lgu"": null}",1GB/day,https://www.qoo10.jp/item/%e3%82%a4%e3%83%b3%e3%82%b9%e3%82%bf%e3%83%b3%e3%83%88SIM-%e3%83%99%e3%83%88%e3%83%8a%e3%83%a0ESIM-3%ef%bd%9e5%e6%97%a5%e9%96%93-1GB-%e6%97%a5-%e9%ab%98%e9%80%9f%e3%83%87%e3%83%bc%e3%82%bf%e9%80%9a%e4%bf%a1-%e6%9c%89%e5%8a%b9%e6%9c%9f%e9%99%9090%e6%97%a5-%e3%83%97%e3%83%aa%e3%83%9a%e3%82%a4%e3%83%89SIM-%e3%82%a4%e3%83%bc%e3%82%b7%e3%83%a0-%e4%bd%8e%e9%80%9f%e7%84%a1%e5%88%b6%e9%99%90-%e3%83%86%e3%82%b6%e3%83%aa%e3%83%b3%e3%82%b0/1216815902,,1216815902,インスタントSIM,,"{""title"": [""【ベトナムeSIM】3～5日間 1GB/日 高速データ通信 有効期限90日 プリペイドSIM イーシム 低速無制限 テザリング 最短3分QRコード発行 即日発行 簡単設定 ベトナム旅行 海外出張""], ""option_candidates"": [""【ベトナムeSIM】3日間 1GB/日 高速データ通信"", ""【ベトナムeSIM】4日間 1GB/日 高速データ通信"", ""【ベトナムeSIM】5日間 1GB/日 高速データ通信""], ""representative_option"": [""【ベトナムeSIM】5日間 1GB/日 高速データ通信"", ""title_match_score=8""], ""price_jpy"": [""販売価格 1,680円 + option surcharge 0"", ""【ベトナムeSIM】5日間 1GB/日 高速データ通信""], ""usage_validity"": [""【ベトナムeSIM】5日間 1GB/日 高速データ通信""], ""activation_validity"": [""【ベトナムeSIM】3～5日間 1GB/日 高速データ通信 有効期限90日 プリペイドSIM イーシム 低速無制限 テザリング 最短3分QRコード発行 即日発行 簡単設定 ベトナム旅行 海外出張""], ""data_amount"": [""【ベトナムeSIM】5日間 1GB/日 高速データ通信""], ""network_type"": [""qoo10_local_signal: 【SKTelecoｍ公式認証】韓国eSIM 3日間(72時間) 電話番号付き 超高速データ無制限 最初の5分発信無料(韓国国内) LINE即日発行 ご購入日より120日以内 韓国SIM 1,980円 1,620円 4.9 (37,975) 1,296 円 メガ割時""], ""network_generation"": [""no_lte_4g_or_5g_keyword_matched""], ""seller"": [""インスタントSIM""], ""seller_badge"": [""search_result: General seller""]}"
qoo10_jp,vn,【ベトナムeSIM】3～7日間 2GB/日 高速データ通信 有効期限90日 プリペイドSIM イーシム 低速無制限 テザリング 最短3分QRコード発行 即日発行 簡単設定 ベトナム旅行 海外出張,2080,,General seller,13,,,,7일,7일,90일,local,unknown,,,"{""viettel"": null, ""vinaphone"": null, ""mobifone"": null, ""vietnamobile"": null}","{""skt"": null, ""kt"": null, ""lgu"": null}",2GB/day,https://www.qoo10.jp/item/%e3%82%a4%e3%83%b3%e3%82%b9%e3%82%bf%e3%83%b3%e3%83%88SIM-%e3%83%99%e3%83%88%e3%83%8a%e3%83%a0ESIM-3%ef%bd%9e7%e6%97%a5%e9%96%93-2GB-%e6%97%a5-%e9%ab%98%e9%80%9f%e3%83%87%e3%83%bc%e3%82%bf%e9%80%9a%e4%bf%a1-%e6%9c%89%e5%8a%b9%e6%9c%9f%e9%99%9090%e6%97%a5-%e3%83%97%e3%83%aa%e3%83%9a%e3%82%a4%e3%83%89SIM-%e3%82%a4%e3%83%bc%e3%82%b7%e3%83%a0-%e4%bd%8e%e9%80%9f%e7%84%a1%e5%88%b6%e9%99%90-%e3%83%86%e3%82%b6%e3%83%aa%e3%83%b3%e3%82%b0/1216815692,,1216815692,インスタントSIM,,"{""title"": [""【ベトナムeSIM】3～7日間 2GB/日 高速データ通信 有効期限90日 プリペイドSIM イーシム 低速無制限 テザリング 最短3分QRコード発行 即日発行 簡単設定 ベトナム旅行 海外出張""], ""option_candidates"": [""【ベトナムeSIM】3日間 2GB/日 高速データ通信"", ""【ベトナムeSIM】4日間 2GB/日 高速データ通信"", ""【ベトナムeSIM】5日間 2GB/日 高速データ通信""], ""representative_option"": [""【ベトナムeSIM】7日間 2GB/日 高速データ通信"", ""title_match_score=8""], ""price_jpy"": [""販売価格 2,080円 + option surcharge 0"", ""【ベトナムeSIM】7日間 2GB/日 高速データ通信""], ""usage_validity"": [""【ベトナムeSIM】7日間 2GB/日 高速データ通信""], ""activation_validity"": [""【ベトナムeSIM】3～7日間 2GB/日 高速データ通信 有効期限90日 プリペイドSIM イーシム 低速無制限 テザリング 最短3分QRコード発行 即日発行 簡単設定 ベトナム旅行 海外出張""], ""data_amount"": [""【ベトナムeSIM】7日間 2GB/日 高速データ通信""], ""network_type"": [""qoo10_local_signal: 【SKTelecoｍ公式認証】韓国eSIM 3日間(72時間) 電話番号付き 超高速データ無制限 最初の5分発信無料(韓国国内) LINE即日発行 ご購入日より120日以内 韓国SIM 1,980円 1,620円 4.9 (37,975) 1,296 円 メガ割時""], ""network_generation"": [""no_lte_4g_or_5g_keyword_matched""], ""seller"": [""インスタントSIM""], ""seller_badge"": [""search_result: General seller""]}"
qoo10_jp,vn,【ベトナムeSIM】10日間 1GB/日 高速データ通信 有効期限90日 プリペイドSIM イーシム 低速無制限 テザリング 最短3分QRコード発行 即日発行 簡単設定 ベトナム旅行 海外出張,2880,,General seller,14,,,,10일,10일,90일,local,unknown,,,"{""viettel"": null, ""vinaphone"": null, ""mobifone"": null, ""vietnamobile"": null}","{""skt"": null, ""kt"": null, ""lgu"": null}",1GB/day,https://www.qoo10.jp/item/%e3%82%a4%e3%83%b3%e3%82%b9%e3%82%bf%e3%83%b3%e3%83%88SIM-%e3%83%99%e3%83%88%e3%83%8a%e3%83%a0ESIM-10%e6%97%a5%e9%96%93-1GB-%e6%97%a5-%e9%ab%98%e9%80%9f%e3%83%87%e3%83%bc%e3%82%bf%e9%80%9a%e4%bf%a1-%e6%9c%89%e5%8a%b9%e6%9c%9f%e9%99%9090%e6%97%a5-%e3%83%97%e3%83%aa%e3%83%9a%e3%82%a4%e3%83%89SIM-%e3%82%a4%e3%83%bc%e3%82%b7%e3%83%a0-%e4%bd%8e%e9%80%9f%e7%84%a1%e5%88%b6%e9%99%90-%e3%83%86%e3%82%b6%e3%83%aa%e3%83%b3%e3%82%b0/1216815077,,1216815077,インスタントSIM,,"{""title"": [""【ベトナムeSIM】10日間 1GB/日 高速データ通信 有効期限90日 プリペイドSIM イーシム 低速無制限 テザリング 最短3分QRコード発行 即日発行 簡単設定 ベトナム旅行 海外出張""], ""price_jpy"": [""販売価格 2,880円""], ""usage_validity"": [""【ベトナムeSIM】10日間 1GB/日 高速データ通信 有効期限90日 プリペイドSIM イーシム 低速無制限 テザリング 最短3分QRコード発行 即日発行 簡単設定 ベトナム旅行 海外出張""], ""activation_validity"": [""【ベトナムeSIM】10日間 1GB/日 高速データ通信 有効期限90日 プリペイドSIM イーシム 低速無制限 テザリング 最短3分QRコード発行 即日発行 簡単設定 ベトナム旅行 海外出張""], ""data_amount"": [""【ベトナムeSIM】10日間 1GB/日 高速データ通信 有効期限90日 プリペイドSIM イーシム 低速無制限 テザリング 最短3分QRコード発行 即日発行 簡単設定 ベトナム旅行 海外出張""], ""network_type"": [""qoo10_local_signal: 【SKTelecoｍ公式認証】韓国eSIM 3日間(72時間) 電話番号付き 超高速データ無制限 最初の5分発信無料(韓国国内) LINE即日発行 ご購入日より120日以内 韓国SIM 1,980円 1,620円 4.9 (37,975) 1,296 円 メガ割時""], ""network_generation"": [""no_lte_4g_or_5g_keyword_matched""], ""seller"": [""インスタントSIM""], ""seller_badge"": [""search_result: General seller""]}"
qoo10_jp,vn,【ベトナムeSIM】5日間 1GB/日 高速データ通信 有効期限90日 プリペイドSIM イーシム 低速無制限 テザリング 最短3分QRコード発行 即日発行 簡単設定 ベトナム旅行 海外出張,2080,,General seller,15,,,,5일,5일,90일,local,unknown,,,"{""viettel"": null, ""vinaphone"": null, ""mobifone"": null, ""vietnamobile"": null}","{""skt"": null, ""kt"": null, ""lgu"": null}",1GB/day,https://www.qoo10.jp/item/%e3%82%a4%e3%83%b3%e3%82%b9%e3%82%bf%e3%83%b3%e3%83%88SIM-%e3%83%99%e3%83%88%e3%83%8a%e3%83%a0ESIM-5%e6%97%a5%e9%96%93-1GB-%e6%97%a5-%e9%ab%98%e9%80%9f%e3%83%87%e3%83%bc%e3%82%bf%e9%80%9a%e4%bf%a1-%e6%9c%89%e5%8a%b9%e6%9c%9f%e9%99%9090%e6%97%a5-%e3%83%97%e3%83%aa%e3%83%9a%e3%82%a4%e3%83%89SIM-%e3%82%a4%e3%83%bc%e3%82%b7%e3%83%a0-%e4%bd%8e%e9%80%9f%e7%84%a1%e5%88%b6%e9%99%90-%e3%83%86%e3%82%b6%e3%83%aa%e3%83%b3%e3%82%b0/1216815066,,1216815066,インスタントSIM,,"{""title"": [""【ベトナムeSIM】5日間 1GB/日 高速データ通信 有効期限90日 プリペイドSIM イーシム 低速無制限 テザリング 最短3分QRコード発行 即日発行 簡単設定 ベトナム旅行 海外出張""], ""price_jpy"": [""販売価格 2,080円""], ""usage_validity"": [""【ベトナムeSIM】5日間 1GB/日 高速データ通信 有効期限90日 プリペイドSIM イーシム 低速無制限 テザリング 最短3分QRコード発行 即日発行 簡単設定 ベトナム旅行 海外出張""], ""activation_validity"": [""【ベトナムeSIM】5日間 1GB/日 高速データ通信 有効期限90日 プリペイドSIM イーシム 低速無制限 テザリング 最短3分QRコード発行 即日発行 簡単設定 ベトナム旅行 海外出張""], ""data_amount"": [""【ベトナムeSIM】5日間 1GB/日 高速データ通信 有効期限90日 プリペイドSIM イーシム 低速無制限 テザリング 最短3分QRコード発行 即日発行 簡単設定 ベトナム旅行 海外出張""], ""network_type"": [""qoo10_local_signal: 【SKTelecoｍ公式認証】韓国eSIM 3日間(72時間) 電話番号付き 超高速データ無制限 最初の5分発信無料(韓国国内) LINE即日発行 ご購入日より120日以内 韓国SIM 1,980円 1,620円 4.9 (37,975) 1,296 円 メガ割時""], ""network_generation"": [""no_lte_4g_or_5g_keyword_matched""], ""seller"": [""インスタントSIM""], ""seller_badge"": [""search_result: General seller""]}"
qoo10_jp,vn,【ベトナムeSIM】4日間 1GB/日 高速データ通信 有効期限90日 プリペイドSIM イーシム 低速無制限 テザリング 最短3分QRコード発行 即日発行 簡単設定 ベトナム旅行 海外出張,1880,,General seller,16,,,,4일,4일,90일,local,unknown,,,"{""viettel"": null, ""vinaphone"": null, ""mobifone"": null, ""vietnamobile"": null}","{""skt"": null, ""kt"": null, ""lgu"": null}",1GB/day,https://www.qoo10.jp/item/%e3%82%a4%e3%83%b3%e3%82%b9%e3%82%bf%e3%83%b3%e3%83%88SIM-%e3%83%99%e3%83%88%e3%83%8a%e3%83%a0ESIM-4%e6%97%a5%e9%96%93-1GB-%e6%97%a5-%e9%ab%98%e9%80%9f%e3%83%87%e3%83%bc%e3%82%bf%e9%80%9a%e4%bf%a1-%e6%9c%89%e5%8a%b9%e6%9c%9f%e9%99%9090%e6%97%a5-%e3%83%97%e3%83%aa%e3%83%9a%e3%82%a4%e3%83%89SIM-%e3%82%a4%e3%83%bc%e3%82%b7%e3%83%a0-%e4%bd%8e%e9%80%9f%e7%84%a1%e5%88%b6%e9%99%90-%e3%83%86%e3%82%b6%e3%83%aa%e3%83%b3%e3%82%b0/1216815054,,1216815054,インスタントSIM,,"{""title"": [""【ベトナムeSIM】4日間 1GB/日 高速データ通信 有効期限90日 プリペイドSIM イーシム 低速無制限 テザリング 最短3分QRコード発行 即日発行 簡単設定 ベトナム旅行 海外出張""], ""price_jpy"": [""販売価格 1,880円""], ""usage_validity"": [""【ベトナムeSIM】4日間 1GB/日 高速データ通信 有効期限90日 プリペイドSIM イーシム 低速無制限 テザリング 最短3分QRコード発行 即日発行 簡単設定 ベトナム旅行 海外出張""], ""activation_validity"": [""【ベトナムeSIM】4日間 1GB/日 高速データ通信 有効期限90日 プリペイドSIM イーシム 低速無制限 テザリング 最短3分QRコード発行 即日発行 簡単設定 ベトナム旅行 海外出張""], ""data_amount"": [""【ベトナムeSIM】4日間 1GB/日 高速データ通信 有効期限90日 プリペイドSIM イーシム 低速無制限 テザリング 最短3分QRコード発行 即日発行 簡単設定 ベトナム旅行 海外出張""], ""network_type"": [""qoo10_local_signal: 【SKTelecoｍ公式認証】韓国eSIM 3日間(72時間) 電話番号付き 超高速データ無制限 最初の5分発信無料(韓国国内) LINE即日発行 ご購入日より120日以内 韓国SIM 1,980円 1,620円 4.9 (37,975) 1,296 円 メガ割時""], ""network_generation"": [""no_lte_4g_or_5g_keyword_matched""], ""seller"": [""インスタントSIM""], ""seller_badge"": [""search_result: General seller""]}"
qoo10_jp,vn,【ベトナムeSIM】3日間 1GB/日 高速データ通信 有効期限90日 プリペイドSIM イーシム 低速無制限 テザリング 最短3分QRコード発行 即日発行 簡単設定 ベトナム旅行 海外出張,1680,,General seller,17,,,,3일,3일,90일,local,unknown,,,"{""viettel"": null, ""vinaphone"": null, ""mobifone"": null, ""vietnamobile"": null}","{""skt"": null, ""kt"": null, ""lgu"": null}",1GB/day,https://www.qoo10.jp/item/%e3%82%a4%e3%83%b3%e3%82%b9%e3%82%bf%e3%83%b3%e3%83%88SIM-%e3%83%99%e3%83%88%e3%83%8a%e3%83%a0ESIM-3%e6%97%a5%e9%96%93-1GB-%e6%97%a5-%e9%ab%98%e9%80%9f%e3%83%87%e3%83%bc%e3%82%bf%e9%80%9a%e4%bf%a1-%e6%9c%89%e5%8a%b9%e6%9c%9f%e9%99%9090%e6%97%a5-%e3%83%97%e3%83%aa%e3%83%9a%e3%82%a4%e3%83%89SIM-%e3%82%a4%e3%83%bc%e3%82%b7%e3%83%a0-%e4%bd%8e%e9%80%9f%e7%84%a1%e5%88%b6%e9%99%90-%e3%83%86%e3%82%b6%e3%83%aa%e3%83%b3%e3%82%b0/1216815003,,1216815003,インスタントSIM,,"{""title"": [""【ベトナムeSIM】3日間 1GB/日 高速データ通信 有効期限90日 プリペイドSIM イーシム 低速無制限 テザリング 最短3分QRコード発行 即日発行 簡単設定 ベトナム旅行 海外出張""], ""price_jpy"": [""販売価格 1,680円""], ""usage_validity"": [""【ベトナムeSIM】3日間 1GB/日 高速データ通信 有効期限90日 プリペイドSIM イーシム 低速無制限 テザリング 最短3分QRコード発行 即日発行 簡単設定 ベトナム旅行 海外出張""], ""activation_validity"": [""【ベトナムeSIM】3日間 1GB/日 高速データ通信 有効期限90日 プリペイドSIM イーシム 低速無制限 テザリング 最短3分QRコード発行 即日発行 簡単設定 ベトナム旅行 海外出張""], ""data_amount"": [""【ベトナムeSIM】3日間 1GB/日 高速データ通信 有効期限90日 プリペイドSIM イーシム 低速無制限 テザリング 最短3分QRコード発行 即日発行 簡単設定 ベトナム旅行 海外出張""], ""network_type"": [""qoo10_local_signal: 【SKTelecoｍ公式認証】韓国eSIM 3日間(72時間) 電話番号付き 超高速データ無制限 最初の5分発信無料(韓国国内) LINE即日発行 ご購入日より120日以内 韓国SIM 1,980円 1,620円 4.9 (37,975) 1,296 円 メガ割時""], ""network_generation"": [""no_lte_4g_or_5g_keyword_matched""], ""seller"": [""インスタントSIM""], ""seller_badge"": [""search_result: General seller""]}"
qoo10_jp,vn,【ベトナムeSIM】10日間 2GB/日 高速データ通信 有効期限90日 プリペイドSIM イーシム 低速無制限 テザリング 最短3分QRコード発行 即日発行 簡単設定 ベトナム旅行 海外出張,3980,,General seller,18,,,,10일,10일,90일,local,unknown,,,"{""viettel"": null, ""vinaphone"": null, ""mobifone"": null, ""vietnamobile"": null}","{""skt"": null, ""kt"": null, ""lgu"": null}",2GB/day,https://www.qoo10.jp/item/%e3%82%a4%e3%83%b3%e3%82%b9%e3%82%bf%e3%83%b3%e3%83%88SIM-%e3%83%99%e3%83%88%e3%83%8a%e3%83%a0ESIM-10%e6%97%a5%e9%96%93-2GB-%e6%97%a5-%e9%ab%98%e9%80%9f%e3%83%87%e3%83%bc%e3%82%bf%e9%80%9a%e4%bf%a1-%e6%9c%89%e5%8a%b9%e6%9c%9f%e9%99%9090%e6%97%a5-%e3%83%97%e3%83%aa%e3%83%9a%e3%82%a4%e3%83%89SIM-%e3%82%a4%e3%83%bc%e3%82%b7%e3%83%a0-%e4%bd%8e%e9%80%9f%e7%84%a1%e5%88%b6%e9%99%90-%e3%83%86%e3%82%b6%e3%83%aa%e3%83%b3%e3%82%b0/1216814946,,1216814946,インスタントSIM,,"{""title"": [""【ベトナムeSIM】10日間 2GB/日 高速データ通信 有効期限90日 プリペイドSIM イーシム 低速無制限 テザリング 最短3分QRコード発行 即日発行 簡単設定 ベトナム旅行 海外出張""], ""price_jpy"": [""販売価格 3,980円""], ""usage_validity"": [""【ベトナムeSIM】10日間 2GB/日 高速データ通信 有効期限90日 プリペイドSIM イーシム 低速無制限 テザリング 最短3分QRコード発行 即日発行 簡単設定 ベトナム旅行 海外出張""], ""activation_validity"": [""【ベトナムeSIM】10日間 2GB/日 高速データ通信 有効期限90日 プリペイドSIM イーシム 低速無制限 テザリング 最短3分QRコード発行 即日発行 簡単設定 ベトナム旅行 海外出張""], ""data_amount"": [""【ベトナムeSIM】10日間 2GB/日 高速データ通信 有効期限90日 プリペイドSIM イーシム 低速無制限 テザリング 最短3分QRコード発行 即日発行 簡単設定 ベトナム旅行 海外出張""], ""network_type"": [""qoo10_local_signal: 【SKTelecoｍ公式認証】韓国eSIM 3日間(72時間) 電話番号付き 超高速データ無制限 最初の5分発信無料(韓国国内) LINE即日発行 ご購入日より120日以内 韓国SIM 1,980円 1,620円 4.9 (37,975) 1,296 円 メガ割時""], ""network_generation"": [""no_lte_4g_or_5g_keyword_matched""], ""seller"": [""インスタントSIM""], ""seller_badge"": [""search_result: General seller""]}"
qoo10_jp,vn,【ベトナムeSIM】7日間 2GB/日 高速データ通信 有効期限90日 プリペイドSIM イーシム 低速無制限 テザリング 最短3分QRコード発行 即日発行 簡単設定 ベトナム旅行 海外出張,2980,,General seller,19,,,,7일,7일,90일,local,unknown,,,"{""viettel"": null, ""vinaphone"": null, ""mobifone"": null, ""vietnamobile"": null}","{""skt"": null, ""kt"": null, ""lgu"": null}",2GB/day,https://www.qoo10.jp/item/%e3%82%a4%e3%83%b3%e3%82%b9%e3%82%bf%e3%83%b3%e3%83%88SIM-%e3%83%99%e3%83%88%e3%83%8a%e3%83%a0ESIM-7%e6%97%a5%e9%96%93-2GB-%e6%97%a5-%e9%ab%98%e9%80%9f%e3%83%87%e3%83%bc%e3%82%bf%e9%80%9a%e4%bf%a1-%e6%9c%89%e5%8a%b9%e6%9c%9f%e9%99%9090%e6%97%a5-%e3%83%97%e3%83%aa%e3%83%9a%e3%82%a4%e3%83%89SIM-%e3%82%a4%e3%83%bc%e3%82%b7%e3%83%a0-%e4%bd%8e%e9%80%9f%e7%84%a1%e5%88%b6%e9%99%90-%e3%83%86%e3%82%b6%e3%83%aa%e3%83%b3%e3%82%b0/1216814877,,1216814877,インスタントSIM,,"{""title"": [""【ベトナムeSIM】7日間 2GB/日 高速データ通信 有効期限90日 プリペイドSIM イーシム 低速無制限 テザリング 最短3分QRコード発行 即日発行 簡単設定 ベトナム旅行 海外出張""], ""price_jpy"": [""販売価格 2,980円""], ""usage_validity"": [""【ベトナムeSIM】7日間 2GB/日 高速データ通信 有効期限90日 プリペイドSIM イーシム 低速無制限 テザリング 最短3分QRコード発行 即日発行 簡単設定 ベトナム旅行 海外出張""], ""activation_validity"": [""【ベトナムeSIM】7日間 2GB/日 高速データ通信 有効期限90日 プリペイドSIM イーシム 低速無制限 テザリング 最短3分QRコード発行 即日発行 簡単設定 ベトナム旅行 海外出張""], ""data_amount"": [""【ベトナムeSIM】7日間 2GB/日 高速データ通信 有効期限90日 プリペイドSIM イーシム 低速無制限 テザリング 最短3分QRコード発行 即日発行 簡単設定 ベトナム旅行 海外出張""], ""network_type"": [""qoo10_local_signal: 【SKTelecoｍ公式認証】韓国eSIM 3日間(72時間) 電話番号付き 超高速データ無制限 最初の5分発信無料(韓国国内) LINE即日発行 ご購入日より120日以内 韓国SIM 1,980円 1,620円 4.9 (37,975) 1,296 円 メガ割時""], ""network_generation"": [""no_lte_4g_or_5g_keyword_matched""], ""seller"": [""インスタントSIM""], ""seller_badge"": [""search_result: General seller""]}"
qoo10_jp,vn,ベトナムeSIM 安心の日本企業 1日間 無制限 低速なし 日本人スタッフによるLINEサポート(お急ぎの方相談可) 最短即日発行 有効期限90日 パスポート番号不要 データ通信専用,370,,Power seller,20,,,,1일,1일,90일,local,unknown,,,"{""viettel"": null, ""vinaphone"": true, ""mobifone"": null, ""vietnamobile"": null}","{""skt"": null, ""kt"": null, ""lgu"": null}",unlimited,https://www.qoo10.jp/item/%e3%83%99%e3%83%88%e3%83%8a%e3%83%a0ESIM-%e5%ae%89%e5%bf%83%e3%81%ae%e6%97%a5%e6%9c%ac%e4%bc%81%e6%a5%ad-1%e6%97%a5%e9%96%93-%e7%84%a1%e5%88%b6%e9%99%90-%e4%bd%8e%e9%80%9f%e3%81%aa%e3%81%97-%e6%97%a5%e6%9c%ac%e4%ba%ba%e3%82%b9%e3%82%bf%e3%83%83%e3%83%95%e3%81%ab%e3%82%88%e3%82%8bLINE%e3%82%b5%e3%83%9d%e3%83%bc%e3%83%88-%e3%81%8a%e6%80%a5%e3%81%8e%e3%81%ae%e6%96%b9%e7%9b%b8%e8%ab%87%e5%8f%af-%e6%9c%80%e7%9f%ad%e5%8d%b3%e6%97%a5%e7%99%ba%e8%a1%8c/1145495783,,1145495783,いーしむさん,,"{""title"": [""ベトナムeSIM 安心の日本企業 1日間 無制限 低速なし 日本人スタッフによるLINEサポート(お急ぎの方相談可) 最短即日発行 有効期限90日 パスポート番号不要 データ通信専用""], ""price_jpy"": [""販売価格 370円""], ""usage_validity"": [""ベトナムeSIM 安心の日本企業 1日間 無制限 低速なし 日本人スタッフによるLINEサポート(お急ぎの方相談可) 最短即日発行 有効期限90日 パスポート番号不要 データ通信専用""], ""activation_validity"": [""ベトナムeSIM 安心の日本企業 1日間 無制限 低速なし 日本人スタッフによるLINEサポート(お急ぎの方相談可) 最短即日発行 有効期限90日 パスポート番号不要 データ通信専用""], ""data_amount"": [""ベトナムeSIM 安心の日本企業 1日間 無制限 低速なし 日本人スタッフによるLINEサポート(お急ぎの方相談可) 最短即日発行 有効期限90日 パスポート番号不要 データ通信専用""], ""network_type"": [""qoo10_local_signal: 【SKTelecoｍ公式認証】韓国eSIM 3日間(72時間) 電話番号付き 超高速データ無制限 最初の5分発信無料(韓国国内) LINE即日発行 ご購入日より120日以内 韓国SIM 1,980円 1,620円 4.9 (37,975) 1,296 円 メガ割時""], ""network_generation"": [""no_lte_4g_or_5g_keyword_matched""], ""carrier_support_local"": [""VinaPhone: [Qoo10] ベトナムeSIM 安心の日本企業 1日間 : スマートフォン・タブレットPC Go to the Content Go to the Main Menu Go to the Viewed Today Go to the Footer X ログイン My Qoo10 カート Qpost""], ""seller"": [""いーしむさん""], ""seller_badge"": [""search_result: Power seller""]}"
qoo10_jp,vn,【ベトナムeSIM】6日間 2GB/日 高速データ通信 有効期限90日 プリペイドSIM イーシム 低速無制限 テザリング 最短3分QRコード発行 即日発行 簡単設定 ベトナム旅行 海外出張,2780,,General seller,21,,,,6일,6일,90일,local,unknown,,,"{""viettel"": null, ""vinaphone"": null, ""mobifone"": null, ""vietnamobile"": null}","{""skt"": null, ""kt"": null, ""lgu"": null}",2GB/day,https://www.qoo10.jp/item/%e3%82%a4%e3%83%b3%e3%82%b9%e3%82%bf%e3%83%b3%e3%83%88SIM-%e3%83%99%e3%83%88%e3%83%8a%e3%83%a0ESIM-6%e6%97%a5%e9%96%93-2GB-%e6%97%a5-%e9%ab%98%e9%80%9f%e3%83%87%e3%83%bc%e3%82%bf%e9%80%9a%e4%bf%a1-%e6%9c%89%e5%8a%b9%e6%9c%9f%e9%99%9090%e6%97%a5-%e3%83%97%e3%83%aa%e3%83%9a%e3%82%a4%e3%83%89SIM-%e3%82%a4%e3%83%bc%e3%82%b7%e3%83%a0-%e4%bd%8e%e9%80%9f%e7%84%a1%e5%88%b6%e9%99%90-%e3%83%86%e3%82%b6%e3%83%aa%e3%83%b3%e3%82%b0/1216814861,,1216814861,インスタントSIM,,"{""title"": [""【ベトナムeSIM】6日間 2GB/日 高速データ通信 有効期限90日 プリペイドSIM イーシム 低速無制限 テザリング 最短3分QRコード発行 即日発行 簡単設定 ベトナム旅行 海外出張""], ""price_jpy"": [""販売価格 2,780円""], ""usage_validity"": [""【ベトナムeSIM】6日間 2GB/日 高速データ通信 有効期限90日 プリペイドSIM イーシム 低速無制限 テザリング 最短3分QRコード発行 即日発行 簡単設定 ベトナム旅行 海外出張""], ""activation_validity"": [""【ベトナムeSIM】6日間 2GB/日 高速データ通信 有効期限90日 プリペイドSIM イーシム 低速無制限 テザリング 最短3分QRコード発行 即日発行 簡単設定 ベトナム旅行 海外出張""], ""data_amount"": [""【ベトナムeSIM】6日間 2GB/日 高速データ通信 有効期限90日 プリペイドSIM イーシム 低速無制限 テザリング 最短3分QRコード発行 即日発行 簡単設定 ベトナム旅行 海外出張""], ""network_type"": [""qoo10_local_signal: 【SKTelecoｍ公式認証】韓国eSIM 3日間(72時間) 電話番号付き 超高速データ無制限 最初の5分発信無料(韓国国内) LINE即日発行 ご購入日より120日以内 韓国SIM 1,980円 1,620円 4.9 (37,975) 1,296 円 メガ割時""], ""network_generation"": [""no_lte_4g_or_5g_keyword_matched""], ""seller"": [""インスタントSIM""], ""seller_badge"": [""search_result: General seller""]}"
qoo10_jp,vn,【ベトナムeSIM】5日間 2GB/日 高速データ通信 有効期限90日 プリペイドSIM イーシム 低速無制限 テザリング 最短3分QRコード発行 即日発行 簡単設定 ベトナム旅行 海外出張,2480,,General seller,22,,,,5일,5일,90일,local,unknown,,,"{""viettel"": null, ""vinaphone"": null, ""mobifone"": null, ""vietnamobile"": null}","{""skt"": null, ""kt"": null, ""lgu"": null}",2GB/day,https://www.qoo10.jp/item/%e3%82%a4%e3%83%b3%e3%82%b9%e3%82%bf%e3%83%b3%e3%83%88SIM-%e3%83%99%e3%83%88%e3%83%8a%e3%83%a0ESIM-5%e6%97%a5%e9%96%93-2GB-%e6%97%a5-%e9%ab%98%e9%80%9f%e3%83%87%e3%83%bc%e3%82%bf%e9%80%9a%e4%bf%a1-%e6%9c%89%e5%8a%b9%e6%9c%9f%e9%99%9090%e6%97%a5-%e3%83%97%e3%83%aa%e3%83%9a%e3%82%a4%e3%83%89SIM-%e3%82%a4%e3%83%bc%e3%82%b7%e3%83%a0-%e4%bd%8e%e9%80%9f%e7%84%a1%e5%88%b6%e9%99%90-%e3%83%86%e3%82%b6%e3%83%aa%e3%83%b3%e3%82%b0/1216814821,,1216814821,インスタントSIM,,"{""title"": [""【ベトナムeSIM】5日間 2GB/日 高速データ通信 有効期限90日 プリペイドSIM イーシム 低速無制限 テザリング 最短3分QRコード発行 即日発行 簡単設定 ベトナム旅行 海外出張""], ""price_jpy"": [""販売価格 2,480円""], ""usage_validity"": [""【ベトナムeSIM】5日間 2GB/日 高速データ通信 有効期限90日 プリペイドSIM イーシム 低速無制限 テザリング 最短3分QRコード発行 即日発行 簡単設定 ベトナム旅行 海外出張""], ""activation_validity"": [""【ベトナムeSIM】5日間 2GB/日 高速データ通信 有効期限90日 プリペイドSIM イーシム 低速無制限 テザリング 最短3分QRコード発行 即日発行 簡単設定 ベトナム旅行 海外出張""], ""data_amount"": [""【ベトナムeSIM】5日間 2GB/日 高速データ通信 有効期限90日 プリペイドSIM イーシム 低速無制限 テザリング 最短3分QRコード発行 即日発行 簡単設定 ベトナム旅行 海外出張""], ""network_type"": [""qoo10_local_signal: 【SKTelecoｍ公式認証】韓国eSIM 3日間(72時間) 電話番号付き 超高速データ無制限 最初の5分発信無料(韓国国内) LINE即日発行 ご購入日より120日以内 韓国SIM 1,980円 1,620円 4.9 (37,975) 1,296 円 メガ割時""], ""network_generation"": [""no_lte_4g_or_5g_keyword_matched""], ""seller"": [""インスタントSIM""], ""seller_badge"": [""search_result: General seller""]}"
qoo10_jp,vn,【ベトナムeSIM】4日間 2GB/日 高速データ通信 有効期限90日 プリペイドSIM イーシム 低速無制限 テザリング 最短3分QRコード発行 即日発行 簡単設定 ベトナム旅行 海外出張,2280,,General seller,23,,,,4일,4일,90일,local,unknown,,,"{""viettel"": null, ""vinaphone"": null, ""mobifone"": null, ""vietnamobile"": null}","{""skt"": null, ""kt"": null, ""lgu"": null}",2GB/day,https://www.qoo10.jp/item/%e3%82%a4%e3%83%b3%e3%82%b9%e3%82%bf%e3%83%b3%e3%83%88SIM-%e3%83%99%e3%83%88%e3%83%8a%e3%83%a0ESIM-4%e6%97%a5%e9%96%93-2GB-%e6%97%a5-%e9%ab%98%e9%80%9f%e3%83%87%e3%83%bc%e3%82%bf%e9%80%9a%e4%bf%a1-%e6%9c%89%e5%8a%b9%e6%9c%9f%e9%99%9090%e6%97%a5-%e3%83%97%e3%83%aa%e3%83%9a%e3%82%a4%e3%83%89SIM-%e3%82%a4%e3%83%bc%e3%82%b7%e3%83%a0-%e4%bd%8e%e9%80%9f%e7%84%a1%e5%88%b6%e9%99%90-%e3%83%86%e3%82%b6%e3%83%aa%e3%83%b3%e3%82%b0/1216814792,,1216814792,インスタントSIM,,"{""title"": [""【ベトナムeSIM】4日間 2GB/日 高速データ通信 有効期限90日 プリペイドSIM イーシム 低速無制限 テザリング 最短3分QRコード発行 即日発行 簡単設定 ベトナム旅行 海外出張""], ""price_jpy"": [""販売価格 2,280円""], ""usage_validity"": [""【ベトナムeSIM】4日間 2GB/日 高速データ通信 有効期限90日 プリペイドSIM イーシム 低速無制限 テザリング 最短3分QRコード発行 即日発行 簡単設定 ベトナム旅行 海外出張""], ""activation_validity"": [""【ベトナムeSIM】4日間 2GB/日 高速データ通信 有効期限90日 プリペイドSIM イーシム 低速無制限 テザリング 最短3分QRコード発行 即日発行 簡単設定 ベトナム旅行 海外出張""], ""data_amount"": [""【ベトナムeSIM】4日間 2GB/日 高速データ通信 有効期限90日 プリペイドSIM イーシム 低速無制限 テザリング 最短3分QRコード発行 即日発行 簡単設定 ベトナム旅行 海外出張""], ""network_type"": [""qoo10_local_signal: 【SKTelecoｍ公式認証】韓国eSIM 3日間(72時間) 電話番号付き 超高速データ無制限 最初の5分発信無料(韓国国内) LINE即日発行 ご購入日より120日以内 韓国SIM 1,980円 1,620円 4.9 (37,975) 1,296 円 メガ割時""], ""network_generation"": [""no_lte_4g_or_5g_keyword_matched""], ""seller"": [""インスタントSIM""], ""seller_badge"": [""search_result: General seller""]}"
qoo10_jp,vn,【ベトナム eSIM】 正規eSIM 超高速3-5日間 データ通信専用 即発行即利用可能 ベトナムeSIM 3-5日間 QRコードで ベトナム esim,660,,Power seller,24,,,,5일,5일,3일,local,unknown,,,"{""viettel"": null, ""vinaphone"": null, ""mobifone"": null, ""vietnamobile"": null}","{""skt"": null, ""kt"": null, ""lgu"": null}",unlimited,https://www.qoo10.jp/item/%e3%83%99%e3%83%88%e3%83%8a%e3%83%a0-ESIM-%e6%ad%a3%e8%a6%8fESIM-%e8%b6%85%e9%ab%98%e9%80%9f3-5%e6%97%a5%e9%96%93-%e3%83%87%e3%83%bc%e3%82%bf%e9%80%9a%e4%bf%a1%e5%b0%82%e7%94%a8-%e5%8d%b3%e7%99%ba%e8%a1%8c%e5%8d%b3%e5%88%a9%e7%94%a8%e5%8f%af%e8%83%bd-%e3%83%99%e3%83%88%e3%83%8a%e3%83%a0ESIM-3-5%e6%97%a5%e9%96%93-QR%e3%82%b3%e3%83%bc%e3%83%89%e3%81%a7/1180555240,,1180555240,正規eSIM 即時対応 100万枚突破 ...,,"{""title"": [""【ベトナム eSIM】 正規eSIM 超高速3-5日間 データ通信専用 即発行即利用可能 ベトナムeSIM 3-5日間 QRコードで ベトナム esim""], ""option_candidates"": [""ベトナム 2日（超高速無限データ）"", ""ベトナム 3日（超高速無限データ）"", ""ベトナム 4日（超高速無限データ）""], ""representative_option"": [""ベトナム 5日（超高速無限データ）"", ""title_match_score=6""], ""price_jpy"": [""販売価格 660円 + option surcharge 0"", ""ベトナム 5日（超高速無限データ）""], ""usage_validity"": [""ベトナム 5日（超高速無限データ）""], ""activation_validity"": [""【フィリピンeSIM】3日間(72時間) データ通信無制限 オンラインサービスにて即日送信(LINE相談受付中) 有効期限 / ご購入日より90日以内 フィリピンSIM セブ島 1,550円 4.6 (25) 1,240 円 メガ割時""], ""data_amount"": [""ベトナム 5日（超高速無限データ）""], ""network_type"": [""qoo10_local_signal: 【SKTelecoｍ公式認証】韓国eSIM 3日間(72時間) 電話番号付き 超高速データ無制限 最初の5分発信無料(韓国国内) LINE即日発行 ご購入日より120日以内 韓国SIM 1,980円 1,620円 4.9 (37,975) 1,296 円 メガ割時""], ""network_generation"": [""no_lte_4g_or_5g_keyword_matched""], ""seller"": [""正規eSIM 即時対応 100万枚突破 ...""], ""seller_badge"": [""search_result: Power seller""]}"
qoo10_jp,vn,【ベトナム eSIM データ無制限】ベトナム eSIM 正規eSIM 超高速 6-10日間 データ無制限 eSIM 6日間 無制限 QRコードで ベトナム esim 7日間 esimベトナム,990,2,Power seller,25,,,,10일,10일,6일,local,unknown,,,"{""viettel"": null, ""vinaphone"": null, ""mobifone"": null, ""vietnamobile"": null}","{""skt"": null, ""kt"": null, ""lgu"": null}",unlimited,https://www.qoo10.jp/item/%e3%83%99%e3%83%88%e3%83%8a%e3%83%a0-ESIM-%e3%83%87%e3%83%bc%e3%82%bf%e7%84%a1%e5%88%b6%e9%99%90-%e3%83%99%e3%83%88%e3%83%8a%e3%83%a0-ESIM-%e6%ad%a3%e8%a6%8fESIM-%e8%b6%85%e9%ab%98%e9%80%9f-6-10%e6%97%a5%e9%96%93-%e3%83%87%e3%83%bc%e3%82%bf%e7%84%a1%e5%88%b6%e9%99%90-ESIM-6%e6%97%a5%e9%96%93/1180559479,,1180559479,正規eSIM 即時対応 100万枚突破 ...,,"{""title"": [""【ベトナム eSIM データ無制限】ベトナム eSIM 正規eSIM 超高速 6-10日間 データ無制限 eSIM 6日間 無制限 QRコードで ベトナム esim 7日間 esimベトナム""], ""option_candidates"": [""ベトナム 5日（超高速無限データ）"", ""ベトナム 6日（超高速無限データ）"", ""ベトナム 7日（超高速無限データ）""], ""representative_option"": [""ベトナム 10日（超高速無限データ）"", ""title_match_score=8""], ""price_jpy"": [""販売価格 990円 + option surcharge 0"", ""ベトナム 10日（超高速無限データ）""], ""usage_validity"": [""ベトナム 10日（超高速無限データ）""], ""activation_validity"": [""【ベトナム eSIM データ無制限】ベトナム eSIM 正規eSIM 超高速 6-10日間 データ無制限 eSIM 6日間 無制限 QRコードで ベトナム esim 7日間 esimベトナム""], ""data_amount"": [""ベトナム 10日（超高速無限データ）""], ""network_type"": [""qoo10_local_signal: 【SKTelecoｍ公式認証】韓国eSIM 3日間(72時間) 電話番号付き 超高速データ無制限 最初の5分発信無料(韓国国内) LINE即日発行 ご購入日より120日以内 韓国SIM 1,980円 1,620円 4.9 (37,975) 1,296 円 メガ割時""], ""network_generation"": [""no_lte_4g_or_5g_keyword_matched""], ""seller"": [""正規eSIM 即時対応 100万枚突破 ...""], ""review_count"": [""search_result: 2""], ""seller_badge"": [""search_result: Power seller""]}"
qoo10_jp,vn,【ベトナムeSIM】3日間 2GB/日 高速データ通信 有効期限90日 プリペイドSIM イーシム 低速無制限 テザリング 最短3分QRコード発行 即日発行 簡単設定 ベトナム旅行 海外出張,2080,,General seller,26,,,,3일,3일,90일,local,unknown,,,"{""viettel"": null, ""vinaphone"": null, ""mobifone"": null, ""vietnamobile"": null}","{""skt"": null, ""kt"": null, ""lgu"": null}",2GB/day,https://www.qoo10.jp/item/%e3%82%a4%e3%83%b3%e3%82%b9%e3%82%bf%e3%83%b3%e3%83%88SIM-%e3%83%99%e3%83%88%e3%83%8a%e3%83%a0ESIM-3%e6%97%a5%e9%96%93-2GB-%e6%97%a5-%e9%ab%98%e9%80%9f%e3%83%87%e3%83%bc%e3%82%bf%e9%80%9a%e4%bf%a1-%e6%9c%89%e5%8a%b9%e6%9c%9f%e9%99%9090%e6%97%a5-%e3%83%97%e3%83%aa%e3%83%9a%e3%82%a4%e3%83%89SIM-%e3%82%a4%e3%83%bc%e3%82%b7%e3%83%a0-%e4%bd%8e%e9%80%9f%e7%84%a1%e5%88%b6%e9%99%90-%e3%83%86%e3%82%b6%e3%83%aa%e3%83%b3%e3%82%b0/1216814575,,1216814575,インスタントSIM,,"{""title"": [""【ベトナムeSIM】3日間 2GB/日 高速データ通信 有効期限90日 プリペイドSIM イーシム 低速無制限 テザリング 最短3分QRコード発行 即日発行 簡単設定 ベトナム旅行 海外出張""], ""price_jpy"": [""販売価格 2,080円""], ""usage_validity"": [""【ベトナムeSIM】3日間 2GB/日 高速データ通信 有効期限90日 プリペイドSIM イーシム 低速無制限 テザリング 最短3分QRコード発行 即日発行 簡単設定 ベトナム旅行 海外出張""], ""activation_validity"": [""【ベトナムeSIM】3日間 2GB/日 高速データ通信 有効期限90日 プリペイドSIM イーシム 低速無制限 テザリング 最短3分QRコード発行 即日発行 簡単設定 ベトナム旅行 海外出張""], ""data_amount"": [""【ベトナムeSIM】3日間 2GB/日 高速データ通信 有効期限90日 プリペイドSIM イーシム 低速無制限 テザリング 最短3分QRコード発行 即日発行 簡単設定 ベトナム旅行 海外出張""], ""network_type"": [""qoo10_local_signal: 【SKTelecoｍ公式認証】韓国eSIM 3日間(72時間) 電話番号付き 超高速データ無制限 最初の5分発信無料(韓国国内) LINE即日発行 ご購入日より120日以内 韓国SIM 1,980円 1,620円 4.9 (37,975) 1,296 円 メガ割時""], ""network_generation"": [""no_lte_4g_or_5g_keyword_matched""], ""seller"": [""インスタントSIM""], ""seller_badge"": [""search_result: General seller""]}"
qoo10_jp,vn,【東南アジア 5ヵ国】 eSIM 8日間／完全無制限（低速化無し）／タイ・ベトナム・シンガポール・インドネシア・マレーシア／5G・4G高速データ通信／パスポート登録不要／180日有効,2940,,Power seller,35,,,,3일,3일,8일,local,5g_capable,,,"{""viettel"": null, ""vinaphone"": null, ""mobifone"": null, ""vietnamobile"": null}","{""skt"": null, ""kt"": null, ""lgu"": null}",unlimited,https://www.qoo10.jp/item/%e6%9d%b1%e5%8d%97%e3%82%a2%e3%82%b8%e3%82%a2-5%e3%83%b5%e5%9b%bd-ESIM-8%e6%97%a5%e9%96%93%ef%bc%8f%e5%ae%8c%e5%85%a8%e7%84%a1%e5%88%b6%e9%99%90%ef%bc%88%e4%bd%8e%e9%80%9f%e5%8c%96%e7%84%a1%e3%81%97%ef%bc%89%ef%bc%8f%e3%82%bf%e3%82%a4%e3%83%bb%e3%83%99%e3%83%88%e3%83%8a%e3%83%a0%e3%83%bb%e3%82%b7%e3%83%b3%e3%82%ac%e3%83%9d%e3%83%bc%e3%83%ab%e3%83%bb%e3%82%a4%e3%83%b3%e3%83%89%e3%83%8d%e3%82%b7%e3%82%a2%e3%83%bb%e3%83%9e%e3%83%ac%e3%83%bc%e3%82%b7%e3%82%a2%ef%bc%8f5G%e3%83%bb4G%e9%ab%98%e9%80%9f%e3%83%87%e3%83%bc%e3%82%bf/1194706548,,1194706548,スマートeSIM,,"{""title"": [""【東南アジア 5ヵ国】 eSIM 8日間／完全無制限（低速化無し）／タイ・ベトナム・シンガポール・インドネシア・マレーシア／5G・4G高速データ通信／パスポート登録不要／180日有効""], ""price_jpy"": [""販売価格 2,940円""], ""usage_validity"": [""【フィリピンeSIM】3日間(72時間) データ通信無制限 オンラインサービスにて即日送信(LINE相談受付中) 有効期限 / ご購入日より90日以内 フィリピンSIM セブ島 1,550円 4.6 (25) 1,240 円 メガ割時""], ""activation_validity"": [""【東南アジア 5ヵ国】 eSIM 8日間／完全無制限（低速化無し）／タイ・ベトナム・シンガポール・インドネシア・マレーシア／5G・4G高速データ通信／パスポート登録不要／180日有効""], ""data_amount"": [""【東南アジア 5ヵ国】 eSIM 8日間／完全無制限（低速化無し）／タイ・ベトナム・シンガポール・インドネシア・マレーシア／5G・4G高速データ通信／パスポート登録不要／180日有効""], ""network_type"": [""qoo10_local_signal: 【SKTelecoｍ公式認証】韓国eSIM 3日間(72時間) 電話番号付き 超高速データ無制限 最初の5分発信無料(韓国国内) LINE即日発行 ご購入日より120日以内 韓国SIM 1,980円 1,620円 4.9 (37,975) 1,296 円 メガ割時""], ""network_generation"": [""title_5g: source:title: 【東南アジア 5ヵ国】 eSIM 8日間／完全無制限（低速化無し）／タイ・ベトナム・シンガポール・インドネシア・マレーシア／5G・4G高速データ通信／パスポート登録不要／180日有効""], ""seller"": [""スマートeSIM""], ""seller_badge"": [""search_result: Power seller""]}"
qoo10_jp,vn,ベトナム用データSIMカード 30日間 1日3GB高速＋低速無制限 日本国内即日発送（Amazon倉庫）,3752,,General seller,36,,,,3일,3일,30일,local,unknown,,,"{""viettel"": null, ""vinaphone"": null, ""mobifone"": null, ""vietnamobile"": null}","{""skt"": null, ""kt"": null, ""lgu"": null}",3GB/day,https://www.qoo10.jp/item/%e3%83%99%e3%83%88%e3%83%8a%e3%83%a0%e7%94%a8%e3%83%87%e3%83%bc%e3%82%bfSIM%e3%82%ab%e3%83%bc%e3%83%89-30%e6%97%a5%e9%96%93-1%e6%97%a53GB%e9%ab%98%e9%80%9f%ef%bc%8b%e4%bd%8e%e9%80%9f%e7%84%a1%e5%88%b6%e9%99%90-%e6%97%a5%e6%9c%ac%e5%9b%bd%e5%86%85%e5%8d%b3%e6%97%a5%e7%99%ba%e9%80%81%ef%bc%88AMAZON%e5%80%89%e5%ba%ab%ef%bc%89/1190356800,,1190356800,ESIMTONG 公式ストア,,"{""title"": [""ベトナム用データSIMカード 30日間 1日3GB高速＋低速無制限 日本国内即日発送（Amazon倉庫）""], ""price_jpy"": [""販売価格 3,752円""], ""usage_validity"": [""【フィリピンeSIM】3日間(72時間) データ通信無制限 オンラインサービスにて即日送信(LINE相談受付中) 有効期限 / ご購入日より90日以内 フィリピンSIM セブ島 1,550円 4.6 (25) 1,240 円 メガ割時""], ""activation_validity"": [""ベトナム用データSIMカード 30日間 1日3GB高速＋低速無制限 日本国内即日発送（Amazon倉庫）""], ""data_amount"": [""ベトナム用データSIMカード 30日間 1日3GB高速＋低速無制限 日本国内即日発送（Amazon倉庫）""], ""network_type"": [""qoo10_local_signal: 【SKTelecoｍ公式認証】韓国eSIM 3日間(72時間) 電話番号付き 超高速データ無制限 最初の5分発信無料(韓国国内) LINE即日発行 ご購入日より120日以内 韓国SIM 1,980円 1,620円 4.9 (37,975) 1,296 円 メガ割時""], ""network_generation"": [""no_lte_4g_or_5g_keyword_matched""], ""seller"": [""ESIMTONG 公式ストア""], ""seller_badge"": [""search_result: General seller""]}"
qoo10_jp,vn,ベトナム用データSIMカード 30日間 1日2GB高速＋低速無制限 日本国内即日発送（Amazon倉庫）,3653,,General seller,37,,,,3일,3일,30일,local,unknown,,,"{""viettel"": null, ""vinaphone"": null, ""mobifone"": null, ""vietnamobile"": null}","{""skt"": null, ""kt"": null, ""lgu"": null}",2GB/day,https://www.qoo10.jp/item/%e3%83%99%e3%83%88%e3%83%8a%e3%83%a0%e7%94%a8%e3%83%87%e3%83%bc%e3%82%bfSIM%e3%82%ab%e3%83%bc%e3%83%89-30%e6%97%a5%e9%96%93-1%e6%97%a52GB%e9%ab%98%e9%80%9f%ef%bc%8b%e4%bd%8e%e9%80%9f%e7%84%a1%e5%88%b6%e9%99%90-%e6%97%a5%e6%9c%ac%e5%9b%bd%e5%86%85%e5%8d%b3%e6%97%a5%e7%99%ba%e9%80%81%ef%bc%88AMAZON%e5%80%89%e5%ba%ab%ef%bc%89/1190356675,,1190356675,ESIMTONG 公式ストア,,"{""title"": [""ベトナム用データSIMカード 30日間 1日2GB高速＋低速無制限 日本国内即日発送（Amazon倉庫）""], ""price_jpy"": [""販売価格 3,653円""], ""usage_validity"": [""【フィリピンeSIM】3日間(72時間) データ通信無制限 オンラインサービスにて即日送信(LINE相談受付中) 有効期限 / ご購入日より90日以内 フィリピンSIM セブ島 1,550円 4.6 (25) 1,240 円 メガ割時""], ""activation_validity"": [""ベトナム用データSIMカード 30日間 1日2GB高速＋低速無制限 日本国内即日発送（Amazon倉庫）""], ""data_amount"": [""ベトナム用データSIMカード 30日間 1日2GB高速＋低速無制限 日本国内即日発送（Amazon倉庫）""], ""network_type"": [""qoo10_local_signal: 【SKTelecoｍ公式認証】韓国eSIM 3日間(72時間) 電話番号付き 超高速データ無制限 最初の5分発信無料(韓国国内) LINE即日発行 ご購入日より120日以内 韓国SIM 1,980円 1,620円 4.9 (37,975) 1,296 円 メガ割時""], ""network_generation"": [""no_lte_4g_or_5g_keyword_matched""], ""seller"": [""ESIMTONG 公式ストア""], ""seller_badge"": [""search_result: General seller""]}"
qoo10_jp,vn,ベトナム用データSIMカード 30日間 1日1GB高速＋低速無制限 日本国内即日発送（Amazon倉庫）,3594,0,General seller,38,,,,3일,3일,30일,local,unknown,,,"{""viettel"": null, ""vinaphone"": null, ""mobifone"": null, ""vietnamobile"": null}","{""skt"": null, ""kt"": null, ""lgu"": null}",1GB/day,https://www.qoo10.jp/item/%e3%83%99%e3%83%88%e3%83%8a%e3%83%a0%e7%94%a8%e3%83%87%e3%83%bc%e3%82%bfSIM%e3%82%ab%e3%83%bc%e3%83%89-30%e6%97%a5%e9%96%93-1%e6%97%a51GB%e9%ab%98%e9%80%9f%ef%bc%8b%e4%bd%8e%e9%80%9f%e7%84%a1%e5%88%b6%e9%99%90-%e6%97%a5%e6%9c%ac%e5%9b%bd%e5%86%85%e5%8d%b3%e6%97%a5%e7%99%ba%e9%80%81%ef%bc%88AMAZON%e5%80%89%e5%ba%ab%ef%bc%89/1190355843,,1190355843,ESIMTONG 公式ストア,,"{""title"": [""ベトナム用データSIMカード 30日間 1日1GB高速＋低速無制限 日本国内即日発送（Amazon倉庫）""], ""price_jpy"": [""販売価格 3,594円""], ""usage_validity"": [""【フィリピンeSIM】3日間(72時間) データ通信無制限 オンラインサービスにて即日送信(LINE相談受付中) 有効期限 / ご購入日より90日以内 フィリピンSIM セブ島 1,550円 4.6 (25) 1,240 円 メガ割時""], ""activation_validity"": [""ベトナム用データSIMカード 30日間 1日1GB高速＋低速無制限 日本国内即日発送（Amazon倉庫）""], ""data_amount"": [""ベトナム用データSIMカード 30日間 1日1GB高速＋低速無制限 日本国内即日発送（Amazon倉庫）""], ""network_type"": [""qoo10_local_signal: 【SKTelecoｍ公式認証】韓国eSIM 3日間(72時間) 電話番号付き 超高速データ無制限 最初の5分発信無料(韓国国内) LINE即日発行 ご購入日より120日以内 韓国SIM 1,980円 1,620円 4.9 (37,975) 1,296 円 メガ割時""], ""network_generation"": [""no_lte_4g_or_5g_keyword_matched""], ""seller"": [""ESIMTONG 公式ストア""], ""review_count"": [""detail_page: 0""], ""seller_badge"": [""search_result: General seller""]}"
qoo10_jp,vn,【東南アジア 5ヵ国】 eSIM 6日間／完全無制限（低速化無し）／タイ・ベトナム・シンガポール・インドネシア・マレーシア／5G・4G高速データ通信／パスポート登録不要／180日有効,1940,1,Power seller,39,,,,3일,3일,6일,local,5g_capable,,,"{""viettel"": null, ""vinaphone"": null, ""mobifone"": null, ""vietnamobile"": null}","{""skt"": null, ""kt"": null, ""lgu"": null}",unlimited,https://www.qoo10.jp/item/%e6%9d%b1%e5%8d%97%e3%82%a2%e3%82%b8%e3%82%a2-5%e3%83%b5%e5%9b%bd-ESIM-6%e6%97%a5%e9%96%93%ef%bc%8f%e5%ae%8c%e5%85%a8%e7%84%a1%e5%88%b6%e9%99%90%ef%bc%88%e4%bd%8e%e9%80%9f%e5%8c%96%e7%84%a1%e3%81%97%ef%bc%89%ef%bc%8f%e3%82%bf%e3%82%a4%e3%83%bb%e3%83%99%e3%83%88%e3%83%8a%e3%83%a0%e3%83%bb%e3%82%b7%e3%83%b3%e3%82%ac%e3%83%9d%e3%83%bc%e3%83%ab%e3%83%bb%e3%82%a4%e3%83%b3%e3%83%89%e3%83%8d%e3%82%b7%e3%82%a2%e3%83%bb%e3%83%9e%e3%83%ac%e3%83%bc%e3%82%b7%e3%82%a2%ef%bc%8f5G%e3%83%bb4G%e9%ab%98%e9%80%9f%e3%83%87%e3%83%bc%e3%82%bf/1175766396,,1175766396,スマートeSIM,,"{""title"": [""【東南アジア 5ヵ国】 eSIM 6日間／完全無制限（低速化無し）／タイ・ベトナム・シンガポール・インドネシア・マレーシア／5G・4G高速データ通信／パスポート登録不要／180日有効""], ""price_jpy"": [""販売価格 1,940円""], ""usage_validity"": [""【フィリピンeSIM】3日間(72時間) データ通信無制限 オンラインサービスにて即日送信(LINE相談受付中) 有効期限 / ご購入日より90日以内 フィリピンSIM セブ島 1,550円 4.6 (25) 1,240 円 メガ割時""], ""activation_validity"": [""【東南アジア 5ヵ国】 eSIM 6日間／完全無制限（低速化無し）／タイ・ベトナム・シンガポール・インドネシア・マレーシア／5G・4G高速データ通信／パスポート登録不要／180日有効""], ""data_amount"": [""【東南アジア 5ヵ国】 eSIM 6日間／完全無制限（低速化無し）／タイ・ベトナム・シンガポール・インドネシア・マレーシア／5G・4G高速データ通信／パスポート登録不要／180日有効""], ""network_type"": [""qoo10_local_signal: 【SKTelecoｍ公式認証】韓国eSIM 3日間(72時間) 電話番号付き 超高速データ無制限 最初の5分発信無料(韓国国内) LINE即日発行 ご購入日より120日以内 韓国SIM 1,980円 1,620円 4.9 (37,975) 1,296 円 メガ割時""], ""network_generation"": [""title_5g: source:title: 【東南アジア 5ヵ国】 eSIM 6日間／完全無制限（低速化無し）／タイ・ベトナム・シンガポール・インドネシア・マレーシア／5G・4G高速データ通信／パスポート登録不要／180日有効""], ""seller"": [""スマートeSIM""], ""review_count"": [""search_result: 1""], ""seller_badge"": [""search_result: Power seller""]}"
qoo10_jp,vn,【東南アジア 5ヵ国】 eSIM 9日間／完全無制限（低速化無し）／タイ・ベトナム・シンガポール・インドネシア・マレーシア／5G・4G高速データ通信／パスポート登録不要／180日有効,3240,,Power seller,40,,,,3일,3일,9일,local,5g_capable,,,"{""viettel"": null, ""vinaphone"": null, ""mobifone"": null, ""vietnamobile"": null}","{""skt"": null, ""kt"": null, ""lgu"": null}",unlimited,https://www.qoo10.jp/item/%e6%9d%b1%e5%8d%97%e3%82%a2%e3%82%b8%e3%82%a2-5%e3%83%b5%e5%9b%bd-ESIM-9%e6%97%a5%e9%96%93%ef%bc%8f%e5%ae%8c%e5%85%a8%e7%84%a1%e5%88%b6%e9%99%90%ef%bc%88%e4%bd%8e%e9%80%9f%e5%8c%96%e7%84%a1%e3%81%97%ef%bc%89%ef%bc%8f%e3%82%bf%e3%82%a4%e3%83%bb%e3%83%99%e3%83%88%e3%83%8a%e3%83%a0%e3%83%bb%e3%82%b7%e3%83%b3%e3%82%ac%e3%83%9d%e3%83%bc%e3%83%ab%e3%83%bb%e3%82%a4%e3%83%b3%e3%83%89%e3%83%8d%e3%82%b7%e3%82%a2%e3%83%bb%e3%83%9e%e3%83%ac%e3%83%bc%e3%82%b7%e3%82%a2%ef%bc%8f5G%e3%83%bb4G%e9%ab%98%e9%80%9f%e3%83%87%e3%83%bc%e3%82%bf/1194706727,,1194706727,スマートeSIM,,"{""title"": [""【東南アジア 5ヵ国】 eSIM 9日間／完全無制限（低速化無し）／タイ・ベトナム・シンガポール・インドネシア・マレーシア／5G・4G高速データ通信／パスポート登録不要／180日有効""], ""price_jpy"": [""販売価格 3,240円""], ""usage_validity"": [""【フィリピンeSIM】3日間(72時間) データ通信無制限 オンラインサービスにて即日送信(LINE相談受付中) 有効期限 / ご購入日より90日以内 フィリピンSIM セブ島 1,550円 4.6 (25) 1,240 円 メガ割時""], ""activation_validity"": [""【東南アジア 5ヵ国】 eSIM 9日間／完全無制限（低速化無し）／タイ・ベトナム・シンガポール・インドネシア・マレーシア／5G・4G高速データ通信／パスポート登録不要／180日有効""], ""data_amount"": [""【東南アジア 5ヵ国】 eSIM 9日間／完全無制限（低速化無し）／タイ・ベトナム・シンガポール・インドネシア・マレーシア／5G・4G高速データ通信／パスポート登録不要／180日有効""], ""network_type"": [""qoo10_local_signal: 【SKTelecoｍ公式認証】韓国eSIM 3日間(72時間) 電話番号付き 超高速データ無制限 最初の5分発信無料(韓国国内) LINE即日発行 ご購入日より120日以内 韓国SIM 1,980円 1,620円 4.9 (37,975) 1,296 円 メガ割時""], ""network_generation"": [""title_5g: source:title: 【東南アジア 5ヵ国】 eSIM 9日間／完全無制限（低速化無し）／タイ・ベトナム・シンガポール・インドネシア・マレーシア／5G・4G高速データ通信／パスポート登録不要／180日有効""], ""seller"": [""スマートeSIM""], ""seller_badge"": [""search_result: Power seller""]}"
qoo10_jp,vn,ベトナム用データSIMカード 15日間 1日3GB高速＋低速無制限 日本国内即日発送（Amazon倉庫）,2962,0,General seller,41,,,,3일,3일,15일,local,unknown,,,"{""viettel"": null, ""vinaphone"": null, ""mobifone"": null, ""vietnamobile"": null}","{""skt"": null, ""kt"": null, ""lgu"": null}",3GB/day,https://www.qoo10.jp/item/%e3%83%99%e3%83%88%e3%83%8a%e3%83%a0%e7%94%a8%e3%83%87%e3%83%bc%e3%82%bfSIM%e3%82%ab%e3%83%bc%e3%83%89-15%e6%97%a5%e9%96%93-1%e6%97%a53GB%e9%ab%98%e9%80%9f%ef%bc%8b%e4%bd%8e%e9%80%9f%e7%84%a1%e5%88%b6%e9%99%90-%e6%97%a5%e6%9c%ac%e5%9b%bd%e5%86%85%e5%8d%b3%e6%97%a5%e7%99%ba%e9%80%81%ef%bc%88AMAZON%e5%80%89%e5%ba%ab%ef%bc%89/1190356753,,1190356753,ESIMTONG 公式ストア,,"{""title"": [""ベトナム用データSIMカード 15日間 1日3GB高速＋低速無制限 日本国内即日発送（Amazon倉庫）""], ""price_jpy"": [""販売価格 2,962円""], ""usage_validity"": [""【フィリピンeSIM】3日間(72時間) データ通信無制限 オンラインサービスにて即日送信(LINE相談受付中) 有効期限 / ご購入日より90日以内 フィリピンSIM セブ島 1,550円 4.6 (25) 1,240 円 メガ割時""], ""activation_validity"": [""ベトナム用データSIMカード 15日間 1日3GB高速＋低速無制限 日本国内即日発送（Amazon倉庫）""], ""data_amount"": [""ベトナム用データSIMカード 15日間 1日3GB高速＋低速無制限 日本国内即日発送（Amazon倉庫）""], ""network_type"": [""qoo10_local_signal: 【SKTelecoｍ公式認証】韓国eSIM 3日間(72時間) 電話番号付き 超高速データ無制限 最初の5分発信無料(韓国国内) LINE即日発行 ご購入日より120日以内 韓国SIM 1,980円 1,620円 4.9 (37,975) 1,296 円 メガ割時""], ""network_generation"": [""no_lte_4g_or_5g_keyword_matched""], ""seller"": [""ESIMTONG 公式ストア""], ""review_count"": [""detail_page: 0""], ""seller_badge"": [""search_result: General seller""]}"
qoo10_jp,vn,ベトナム用データSIMカード 15日間 1日2GB高速＋低速無制限 日本国内即日発送（Amazon倉庫）,2864,0,General seller,42,,,,3일,3일,15일,local,unknown,,,"{""viettel"": null, ""vinaphone"": null, ""mobifone"": null, ""vietnamobile"": null}","{""skt"": null, ""kt"": null, ""lgu"": null}",2GB/day,https://www.qoo10.jp/item/%e3%83%99%e3%83%88%e3%83%8a%e3%83%a0%e7%94%a8%e3%83%87%e3%83%bc%e3%82%bfSIM%e3%82%ab%e3%83%bc%e3%83%89-15%e6%97%a5%e9%96%93-1%e6%97%a52GB%e9%ab%98%e9%80%9f%ef%bc%8b%e4%bd%8e%e9%80%9f%e7%84%a1%e5%88%b6%e9%99%90-%e6%97%a5%e6%9c%ac%e5%9b%bd%e5%86%85%e5%8d%b3%e6%97%a5%e7%99%ba%e9%80%81%ef%bc%88AMAZON%e5%80%89%e5%ba%ab%ef%bc%89/1190356550,,1190356550,ESIMTONG 公式ストア,,"{""title"": [""ベトナム用データSIMカード 15日間 1日2GB高速＋低速無制限 日本国内即日発送（Amazon倉庫）""], ""price_jpy"": [""販売価格 2,864円""], ""usage_validity"": [""【フィリピンeSIM】3日間(72時間) データ通信無制限 オンラインサービスにて即日送信(LINE相談受付中) 有効期限 / ご購入日より90日以内 フィリピンSIM セブ島 1,550円 4.6 (25) 1,240 円 メガ割時""], ""activation_validity"": [""ベトナム用データSIMカード 15日間 1日2GB高速＋低速無制限 日本国内即日発送（Amazon倉庫）""], ""data_amount"": [""ベトナム用データSIMカード 15日間 1日2GB高速＋低速無制限 日本国内即日発送（Amazon倉庫）""], ""network_type"": [""qoo10_local_signal: 【SKTelecoｍ公式認証】韓国eSIM 3日間(72時間) 電話番号付き 超高速データ無制限 最初の5分発信無料(韓国国内) LINE即日発行 ご購入日より120日以内 韓国SIM 1,980円 1,620円 4.9 (37,975) 1,296 円 メガ割時""], ""network_generation"": [""no_lte_4g_or_5g_keyword_matched""], ""seller"": [""ESIMTONG 公式ストア""], ""review_count"": [""detail_page: 0""], ""seller_badge"": [""search_result: General seller""]}"
qoo10_jp,vn,ベトナム用データSIMカード 15日間 1日1GB高速＋低速無制限 日本国内即日発送（Amazon倉庫）,2627,0,General seller,43,,,,3일,3일,15일,local,unknown,,,"{""viettel"": null, ""vinaphone"": null, ""mobifone"": null, ""vietnamobile"": null}","{""skt"": null, ""kt"": null, ""lgu"": null}",1GB/day,https://www.qoo10.jp/item/%e3%83%99%e3%83%88%e3%83%8a%e3%83%a0%e7%94%a8%e3%83%87%e3%83%bc%e3%82%bfSIM%e3%82%ab%e3%83%bc%e3%83%89-15%e6%97%a5%e9%96%93-1%e6%97%a51GB%e9%ab%98%e9%80%9f%ef%bc%8b%e4%bd%8e%e9%80%9f%e7%84%a1%e5%88%b6%e9%99%90-%e6%97%a5%e6%9c%ac%e5%9b%bd%e5%86%85%e5%8d%b3%e6%97%a5%e7%99%ba%e9%80%81%ef%bc%88AMAZON%e5%80%89%e5%ba%ab%ef%bc%89/1190355835,,1190355835,ESIMTONG 公式ストア,,"{""title"": [""ベトナム用データSIMカード 15日間 1日1GB高速＋低速無制限 日本国内即日発送（Amazon倉庫）""], ""price_jpy"": [""販売価格 2,627円""], ""usage_validity"": [""【フィリピンeSIM】3日間(72時間) データ通信無制限 オンラインサービスにて即日送信(LINE相談受付中) 有効期限 / ご購入日より90日以内 フィリピンSIM セブ島 1,550円 4.6 (25) 1,240 円 メガ割時""], ""activation_validity"": [""ベトナム用データSIMカード 15日間 1日1GB高速＋低速無制限 日本国内即日発送（Amazon倉庫）""], ""data_amount"": [""ベトナム用データSIMカード 15日間 1日1GB高速＋低速無制限 日本国内即日発送（Amazon倉庫）""], ""network_type"": [""qoo10_local_signal: 【SKTelecoｍ公式認証】韓国eSIM 3日間(72時間) 電話番号付き 超高速データ無制限 最初の5分発信無料(韓国国内) LINE即日発行 ご購入日より120日以内 韓国SIM 1,980円 1,620円 4.9 (37,975) 1,296 円 メガ割時""], ""network_generation"": [""no_lte_4g_or_5g_keyword_matched""], ""seller"": [""ESIMTONG 公式ストア""], ""review_count"": [""detail_page: 0""], ""seller_badge"": [""search_result: General seller""]}"
qoo10_jp,vn,【ベトナム eSIM データ無制限】ベトナム eSIM 正規eSIM 超高速 1日間 データ無制限 eSIM 1日間 無制限 QRコードで ベトナム esim 1日間 esimベトナム,490,7,Power seller,44,,,,1일,1일,3일,local,unknown,,,"{""viettel"": null, ""vinaphone"": null, ""mobifone"": null, ""vietnamobile"": null}","{""skt"": null, ""kt"": null, ""lgu"": null}",unlimited,https://www.qoo10.jp/item/%e3%83%99%e3%83%88%e3%83%8a%e3%83%a0-ESIM-%e3%83%87%e3%83%bc%e3%82%bf%e7%84%a1%e5%88%b6%e9%99%90-%e3%83%99%e3%83%88%e3%83%8a%e3%83%a0-ESIM-%e6%ad%a3%e8%a6%8fESIM-%e8%b6%85%e9%ab%98%e9%80%9f-1%e6%97%a5%e9%96%93-%e3%83%87%e3%83%bc%e3%82%bf%e7%84%a1%e5%88%b6%e9%99%90-ESIM-1%e6%97%a5%e9%96%93-%e7%84%a1%e5%88%b6%e9%99%90/1180559362,,1180559362,正規eSIM 即時対応 100万枚突破 ...,,"{""title"": [""【ベトナム eSIM データ無制限】ベトナム eSIM 正規eSIM 超高速 1日間 データ無制限 eSIM 1日間 無制限 QRコードで ベトナム esim 1日間 esimベトナム""], ""option_candidates"": [""ベトナム 1日（超高速無限データ）""], ""representative_option"": [""ベトナム 1日（超高速無限データ）"", ""title_match_score=8""], ""price_jpy"": [""販売価格 490円 + option surcharge 0"", ""ベトナム 1日（超高速無限データ）""], ""usage_validity"": [""ベトナム 1日（超高速無限データ）""], ""activation_validity"": [""【フィリピンeSIM】3日間(72時間) データ通信無制限 オンラインサービスにて即日送信(LINE相談受付中) 有効期限 / ご購入日より90日以内 フィリピンSIM セブ島 1,550円 4.6 (25) 1,240 円 メガ割時""], ""data_amount"": [""ベトナム 1日（超高速無限データ）""], ""network_type"": [""qoo10_local_signal: 【SKTelecoｍ公式認証】韓国eSIM 3日間(72時間) 電話番号付き 超高速データ無制限 最初の5分発信無料(韓国国内) LINE即日発行 ご購入日より120日以内 韓国SIM 1,980円 1,620円 4.9 (37,975) 1,296 円 メガ割時""], ""network_generation"": [""no_lte_4g_or_5g_keyword_matched""], ""seller"": [""正規eSIM 即時対応 100万枚突破 ...""], ""review_count"": [""search_result: 7""], ""seller_badge"": [""search_result: Power seller""]}"
qoo10_jp,vn,ベトナム用データSIMカード 10日間 1日3GB高速＋低速無制限 日本国内即日発送（Amazon倉庫）,2410,0,General seller,46,,,,3일,3일,10일,local,unknown,,,"{""viettel"": null, ""vinaphone"": null, ""mobifone"": null, ""vietnamobile"": null}","{""skt"": null, ""kt"": null, ""lgu"": null}",3GB/day,https://www.qoo10.jp/item/%e3%83%99%e3%83%88%e3%83%8a%e3%83%a0%e7%94%a8%e3%83%87%e3%83%bc%e3%82%bfSIM%e3%82%ab%e3%83%bc%e3%83%89-10%e6%97%a5%e9%96%93-1%e6%97%a53GB%e9%ab%98%e9%80%9f%ef%bc%8b%e4%bd%8e%e9%80%9f%e7%84%a1%e5%88%b6%e9%99%90-%e6%97%a5%e6%9c%ac%e5%9b%bd%e5%86%85%e5%8d%b3%e6%97%a5%e7%99%ba%e9%80%81%ef%bc%88AMAZON%e5%80%89%e5%ba%ab%ef%bc%89/1190356745,,1190356745,ESIMTONG 公式ストア,,"{""title"": [""ベトナム用データSIMカード 10日間 1日3GB高速＋低速無制限 日本国内即日発送（Amazon倉庫）""], ""price_jpy"": [""販売価格 2,410円""], ""usage_validity"": [""【フィリピンeSIM】3日間(72時間) データ通信無制限 オンラインサービスにて即日送信(LINE相談受付中) 有効期限 / ご購入日より90日以内 フィリピンSIM セブ島 1,550円 4.6 (25) 1,240 円 メガ割時""], ""activation_validity"": [""ベトナム用データSIMカード 10日間 1日3GB高速＋低速無制限 日本国内即日発送（Amazon倉庫）""], ""data_amount"": [""ベトナム用データSIMカード 10日間 1日3GB高速＋低速無制限 日本国内即日発送（Amazon倉庫）""], ""network_type"": [""qoo10_local_signal: 【SKTelecoｍ公式認証】韓国eSIM 3日間(72時間) 電話番号付き 超高速データ無制限 最初の5分発信無料(韓国国内) LINE即日発行 ご購入日より120日以内 韓国SIM 1,980円 1,620円 4.9 (37,975) 1,296 円 メガ割時""], ""network_generation"": [""no_lte_4g_or_5g_keyword_matched""], ""seller"": [""ESIMTONG 公式ストア""], ""review_count"": [""detail_page: 0""], ""seller_badge"": [""search_result: General seller""]}"
qoo10_jp,vn,ベトナム用データSIMカード 7日間 1日3GB高速＋低速無制限 日本国内即日発送（Amazon倉庫）,2243,0,General seller,47,,,,3일,3일,7일,local,unknown,,,"{""viettel"": null, ""vinaphone"": null, ""mobifone"": null, ""vietnamobile"": null}","{""skt"": null, ""kt"": null, ""lgu"": null}",3GB/day,https://www.qoo10.jp/item/%e3%83%99%e3%83%88%e3%83%8a%e3%83%a0%e7%94%a8%e3%83%87%e3%83%bc%e3%82%bfSIM%e3%82%ab%e3%83%bc%e3%83%89-7%e6%97%a5%e9%96%93-1%e6%97%a53GB%e9%ab%98%e9%80%9f%ef%bc%8b%e4%bd%8e%e9%80%9f%e7%84%a1%e5%88%b6%e9%99%90-%e6%97%a5%e6%9c%ac%e5%9b%bd%e5%86%85%e5%8d%b3%e6%97%a5%e7%99%ba%e9%80%81%ef%bc%88AMAZON%e5%80%89%e5%ba%ab%ef%bc%89/1190356740,,1190356740,ESIMTONG 公式ストア,,"{""title"": [""ベトナム用データSIMカード 7日間 1日3GB高速＋低速無制限 日本国内即日発送（Amazon倉庫）""], ""price_jpy"": [""販売価格 2,243円""], ""usage_validity"": [""【フィリピンeSIM】3日間(72時間) データ通信無制限 オンラインサービスにて即日送信(LINE相談受付中) 有効期限 / ご購入日より90日以内 フィリピンSIM セブ島 1,550円 4.6 (25) 1,240 円 メガ割時""], ""activation_validity"": [""ベトナム用データSIMカード 7日間 1日3GB高速＋低速無制限 日本国内即日発送（Amazon倉庫）""], ""data_amount"": [""ベトナム用データSIMカード 7日間 1日3GB高速＋低速無制限 日本国内即日発送（Amazon倉庫）""], ""network_type"": [""qoo10_local_signal: 【SKTelecoｍ公式認証】韓国eSIM 3日間(72時間) 電話番号付き 超高速データ無制限 最初の5分発信無料(韓国国内) LINE即日発行 ご購入日より120日以内 韓国SIM 1,980円 1,620円 4.9 (37,975) 1,296 円 メガ割時""], ""network_generation"": [""no_lte_4g_or_5g_keyword_matched""], ""seller"": [""ESIMTONG 公式ストア""], ""review_count"": [""detail_page: 0""], ""seller_badge"": [""search_result: General seller""]}"
qoo10_jp,vn,ベトナム用データSIMカード 5日間 1日3GB高速＋低速無制限 日本国内即日発送（Amazon倉庫）,1819,0,General seller,48,,,,3일,3일,5일,local,unknown,,,"{""viettel"": null, ""vinaphone"": null, ""mobifone"": null, ""vietnamobile"": null}","{""skt"": null, ""kt"": null, ""lgu"": null}",3GB/day,https://www.qoo10.jp/item/%e3%83%99%e3%83%88%e3%83%8a%e3%83%a0%e7%94%a8%e3%83%87%e3%83%bc%e3%82%bfSIM%e3%82%ab%e3%83%bc%e3%83%89-5%e6%97%a5%e9%96%93-1%e6%97%a53GB%e9%ab%98%e9%80%9f%ef%bc%8b%e4%bd%8e%e9%80%9f%e7%84%a1%e5%88%b6%e9%99%90-%e6%97%a5%e6%9c%ac%e5%9b%bd%e5%86%85%e5%8d%b3%e6%97%a5%e7%99%ba%e9%80%81%ef%bc%88AMAZON%e5%80%89%e5%ba%ab%ef%bc%89/1190356728,,1190356728,ESIMTONG 公式ストア,,"{""title"": [""ベトナム用データSIMカード 5日間 1日3GB高速＋低速無制限 日本国内即日発送（Amazon倉庫）""], ""price_jpy"": [""販売価格 1,819円""], ""usage_validity"": [""【フィリピンeSIM】3日間(72時間) データ通信無制限 オンラインサービスにて即日送信(LINE相談受付中) 有効期限 / ご購入日より90日以内 フィリピンSIM セブ島 1,550円 4.6 (25) 1,240 円 メガ割時""], ""activation_validity"": [""ベトナム用データSIMカード 5日間 1日3GB高速＋低速無制限 日本国内即日発送（Amazon倉庫）""], ""data_amount"": [""ベトナム用データSIMカード 5日間 1日3GB高速＋低速無制限 日本国内即日発送（Amazon倉庫）""], ""network_type"": [""qoo10_local_signal: 【SKTelecoｍ公式認証】韓国eSIM 3日間(72時間) 電話番号付き 超高速データ無制限 最初の5分発信無料(韓国国内) LINE即日発行 ご購入日より120日以内 韓国SIM 1,980円 1,620円 4.9 (37,975) 1,296 円 メガ割時""], ""network_generation"": [""no_lte_4g_or_5g_keyword_matched""], ""seller"": [""ESIMTONG 公式ストア""], ""review_count"": [""detail_page: 0""], ""seller_badge"": [""search_result: General seller""]}"
qoo10_jp,vn,ベトナム用データSIMカード 3日間 1日3GB高速＋低速無制限 日本国内即日発送（Amazon倉庫）,1680,0,General seller,49,,,,3일,3일,3일,local,unknown,,,"{""viettel"": null, ""vinaphone"": null, ""mobifone"": null, ""vietnamobile"": null}","{""skt"": null, ""kt"": null, ""lgu"": null}",3GB/day,https://www.qoo10.jp/item/%e3%83%99%e3%83%88%e3%83%8a%e3%83%a0%e7%94%a8%e3%83%87%e3%83%bc%e3%82%bfSIM%e3%82%ab%e3%83%bc%e3%83%89-3%e6%97%a5%e9%96%93-1%e6%97%a53GB%e9%ab%98%e9%80%9f%ef%bc%8b%e4%bd%8e%e9%80%9f%e7%84%a1%e5%88%b6%e9%99%90-%e6%97%a5%e6%9c%ac%e5%9b%bd%e5%86%85%e5%8d%b3%e6%97%a5%e7%99%ba%e9%80%81%ef%bc%88AMAZON%e5%80%89%e5%ba%ab%ef%bc%89/1190356717,,1190356717,ESIMTONG 公式ストア,,"{""title"": [""ベトナム用データSIMカード 3日間 1日3GB高速＋低速無制限 日本国内即日発送（Amazon倉庫）""], ""price_jpy"": [""販売価格 1,680円""], ""usage_validity"": [""ベトナム用データSIMカード 3日間 1日3GB高速＋低速無制限 日本国内即日発送（Amazon倉庫）""], ""activation_validity"": [""【フィリピンeSIM】3日間(72時間) データ通信無制限 オンラインサービスにて即日送信(LINE相談受付中) 有効期限 / ご購入日より90日以内 フィリピンSIM セブ島 1,550円 4.6 (25) 1,240 円 メガ割時""], ""data_amount"": [""ベトナム用データSIMカード 3日間 1日3GB高速＋低速無制限 日本国内即日発送（Amazon倉庫）""], ""network_type"": [""qoo10_local_signal: 【SKTelecoｍ公式認証】韓国eSIM 3日間(72時間) 電話番号付き 超高速データ無制限 最初の5分発信無料(韓国国内) LINE即日発行 ご購入日より120日以内 韓国SIM 1,980円 1,620円 4.9 (37,975) 1,296 円 メガ割時""], ""network_generation"": [""no_lte_4g_or_5g_keyword_matched""], ""seller"": [""ESIMTONG 公式ストア""], ""review_count"": [""detail_page: 0""], ""seller_badge"": [""search_result: General seller""]}"
qoo10_jp,vn,ベトナム用データSIMカード 10日間 1日2GB高速＋低速無制限 日本国内即日発送（Amazon倉庫）,2311,,General seller,50,,,,3일,3일,10일,local,unknown,,,"{""viettel"": null, ""vinaphone"": null, ""mobifone"": null, ""vietnamobile"": null}","{""skt"": null, ""kt"": null, ""lgu"": null}",2GB/day,https://www.qoo10.jp/item/%e3%83%99%e3%83%88%e3%83%8a%e3%83%a0%e7%94%a8%e3%83%87%e3%83%bc%e3%82%bfSIM%e3%82%ab%e3%83%bc%e3%83%89-10%e6%97%a5%e9%96%93-1%e6%97%a52GB%e9%ab%98%e9%80%9f%ef%bc%8b%e4%bd%8e%e9%80%9f%e7%84%a1%e5%88%b6%e9%99%90-%e6%97%a5%e6%9c%ac%e5%9b%bd%e5%86%85%e5%8d%b3%e6%97%a5%e7%99%ba%e9%80%81%ef%bc%88AMAZON%e5%80%89%e5%ba%ab%ef%bc%89/1190355923,,1190355923,ESIMTONG 公式ストア,,"{""title"": [""ベトナム用データSIMカード 10日間 1日2GB高速＋低速無制限 日本国内即日発送（Amazon倉庫）""], ""price_jpy"": [""販売価格 2,311円""], ""usage_validity"": [""【フィリピンeSIM】3日間(72時間) データ通信無制限 オンラインサービスにて即日送信(LINE相談受付中) 有効期限 / ご購入日より90日以内 フィリピンSIM セブ島 1,550円 4.6 (25) 1,240 円 メガ割時""], ""activation_validity"": [""ベトナム用データSIMカード 10日間 1日2GB高速＋低速無制限 日本国内即日発送（Amazon倉庫）""], ""data_amount"": [""ベトナム用データSIMカード 10日間 1日2GB高速＋低速無制限 日本国内即日発送（Amazon倉庫）""], ""network_type"": [""qoo10_local_signal: 【SKTelecoｍ公式認証】韓国eSIM 3日間(72時間) 電話番号付き 超高速データ無制限 最初の5分発信無料(韓国国内) LINE即日発行 ご購入日より120日以内 韓国SIM 1,980円 1,620円 4.9 (37,975) 1,296 円 メガ割時""], ""network_generation"": [""no_lte_4g_or_5g_keyword_matched""], ""seller"": [""ESIMTONG 公式ストア""], ""seller_badge"": [""search_result: General seller""]}"
qoo10_jp,vn,ベトナム用データSIMカード 7日間 1日2GB高速＋低速無制限 日本国内即日発送（Amazon倉庫）,2144,,General seller,51,,,,3일,3일,7일,local,unknown,,,"{""viettel"": null, ""vinaphone"": null, ""mobifone"": null, ""vietnamobile"": null}","{""skt"": null, ""kt"": null, ""lgu"": null}",2GB/day,https://www.qoo10.jp/item/%e3%83%99%e3%83%88%e3%83%8a%e3%83%a0%e7%94%a8%e3%83%87%e3%83%bc%e3%82%bfSIM%e3%82%ab%e3%83%bc%e3%83%89-7%e6%97%a5%e9%96%93-1%e6%97%a52GB%e9%ab%98%e9%80%9f%ef%bc%8b%e4%bd%8e%e9%80%9f%e7%84%a1%e5%88%b6%e9%99%90-%e6%97%a5%e6%9c%ac%e5%9b%bd%e5%86%85%e5%8d%b3%e6%97%a5%e7%99%ba%e9%80%81%ef%bc%88AMAZON%e5%80%89%e5%ba%ab%ef%bc%89/1190355918,,1190355918,ESIMTONG 公式ストア,,"{""title"": [""ベトナム用データSIMカード 7日間 1日2GB高速＋低速無制限 日本国内即日発送（Amazon倉庫）""], ""price_jpy"": [""販売価格 2,144円""], ""usage_validity"": [""【フィリピンeSIM】3日間(72時間) データ通信無制限 オンラインサービスにて即日送信(LINE相談受付中) 有効期限 / ご購入日より90日以内 フィリピンSIM セブ島 1,550円 4.6 (25) 1,240 円 メガ割時""], ""activation_validity"": [""ベトナム用データSIMカード 7日間 1日2GB高速＋低速無制限 日本国内即日発送（Amazon倉庫）""], ""data_amount"": [""ベトナム用データSIMカード 7日間 1日2GB高速＋低速無制限 日本国内即日発送（Amazon倉庫）""], ""network_type"": [""qoo10_local_signal: 【SKTelecoｍ公式認証】韓国eSIM 3日間(72時間) 電話番号付き 超高速データ無制限 最初の5分発信無料(韓国国内) LINE即日発行 ご購入日より120日以内 韓国SIM 1,980円 1,620円 4.9 (37,975) 1,296 円 メガ割時""], ""network_generation"": [""no_lte_4g_or_5g_keyword_matched""], ""seller"": [""ESIMTONG 公式ストア""], ""seller_badge"": [""search_result: General seller""]}"
qoo10_jp,vn,ベトナム用データSIMカード 5日間 1日2GB高速＋低速無制限 日本国内即日発送（Amazon倉庫）,1720,,General seller,52,,,,3일,3일,5일,local,unknown,,,"{""viettel"": null, ""vinaphone"": null, ""mobifone"": null, ""vietnamobile"": null}","{""skt"": null, ""kt"": null, ""lgu"": null}",2GB/day,https://www.qoo10.jp/item/%e3%83%99%e3%83%88%e3%83%8a%e3%83%a0%e7%94%a8%e3%83%87%e3%83%bc%e3%82%bfSIM%e3%82%ab%e3%83%bc%e3%83%89-5%e6%97%a5%e9%96%93-1%e6%97%a52GB%e9%ab%98%e9%80%9f%ef%bc%8b%e4%bd%8e%e9%80%9f%e7%84%a1%e5%88%b6%e9%99%90-%e6%97%a5%e6%9c%ac%e5%9b%bd%e5%86%85%e5%8d%b3%e6%97%a5%e7%99%ba%e9%80%81%ef%bc%88AMAZON%e5%80%89%e5%ba%ab%ef%bc%89/1190355877,,1190355877,ESIMTONG 公式ストア,,"{""title"": [""ベトナム用データSIMカード 5日間 1日2GB高速＋低速無制限 日本国内即日発送（Amazon倉庫）""], ""price_jpy"": [""販売価格 1,720円""], ""usage_validity"": [""【フィリピンeSIM】3日間(72時間) データ通信無制限 オンラインサービスにて即日送信(LINE相談受付中) 有効期限 / ご購入日より90日以内 フィリピンSIM セブ島 1,550円 4.6 (25) 1,240 円 メガ割時""], ""activation_validity"": [""ベトナム用データSIMカード 5日間 1日2GB高速＋低速無制限 日本国内即日発送（Amazon倉庫）""], ""data_amount"": [""ベトナム用データSIMカード 5日間 1日2GB高速＋低速無制限 日本国内即日発送（Amazon倉庫）""], ""network_type"": [""qoo10_local_signal: 【SKTelecoｍ公式認証】韓国eSIM 3日間(72時間) 電話番号付き 超高速データ無制限 最初の5分発信無料(韓国国内) LINE即日発行 ご購入日より120日以内 韓国SIM 1,980円 1,620円 4.9 (37,975) 1,296 円 メガ割時""], ""network_generation"": [""no_lte_4g_or_5g_keyword_matched""], ""seller"": [""ESIMTONG 公式ストア""], ""seller_badge"": [""search_result: General seller""]}"
qoo10_jp,vn,ベトナム用データSIMカード 3日間 1日2GB高速＋低速無制限 日本国内即日発送（Amazon倉庫）,1581,,General seller,53,,,,3일,3일,3일,local,unknown,,,"{""viettel"": null, ""vinaphone"": null, ""mobifone"": null, ""vietnamobile"": null}","{""skt"": null, ""kt"": null, ""lgu"": null}",2GB/day,https://www.qoo10.jp/item/%e3%83%99%e3%83%88%e3%83%8a%e3%83%a0%e7%94%a8%e3%83%87%e3%83%bc%e3%82%bfSIM%e3%82%ab%e3%83%bc%e3%83%89-3%e6%97%a5%e9%96%93-1%e6%97%a52GB%e9%ab%98%e9%80%9f%ef%bc%8b%e4%bd%8e%e9%80%9f%e7%84%a1%e5%88%b6%e9%99%90-%e6%97%a5%e6%9c%ac%e5%9b%bd%e5%86%85%e5%8d%b3%e6%97%a5%e7%99%ba%e9%80%81%ef%bc%88AMAZON%e5%80%89%e5%ba%ab%ef%bc%89/1190355852,,1190355852,ESIMTONG 公式ストア,,"{""title"": [""ベトナム用データSIMカード 3日間 1日2GB高速＋低速無制限 日本国内即日発送（Amazon倉庫）""], ""price_jpy"": [""販売価格 1,581円""], ""usage_validity"": [""ベトナム用データSIMカード 3日間 1日2GB高速＋低速無制限 日本国内即日発送（Amazon倉庫）""], ""activation_validity"": [""【フィリピンeSIM】3日間(72時間) データ通信無制限 オンラインサービスにて即日送信(LINE相談受付中) 有効期限 / ご購入日より90日以内 フィリピンSIM セブ島 1,550円 4.6 (25) 1,240 円 メガ割時""], ""data_amount"": [""ベトナム用データSIMカード 3日間 1日2GB高速＋低速無制限 日本国内即日発送（Amazon倉庫）""], ""network_type"": [""qoo10_local_signal: 【SKTelecoｍ公式認証】韓国eSIM 3日間(72時間) 電話番号付き 超高速データ無制限 最初の5分発信無料(韓国国内) LINE即日発行 ご購入日より120日以内 韓国SIM 1,980円 1,620円 4.9 (37,975) 1,296 円 メガ割時""], ""network_generation"": [""no_lte_4g_or_5g_keyword_matched""], ""seller"": [""ESIMTONG 公式ストア""], ""seller_badge"": [""search_result: General seller""]}"
qoo10_jp,vn,ベトナム用データSIMカード 10日間 1日1GB高速＋低速無制限 日本国内即日発送（Amazon倉庫）,2232,,General seller,54,,,,3일,3일,10일,local,unknown,,,"{""viettel"": null, ""vinaphone"": null, ""mobifone"": null, ""vietnamobile"": null}","{""skt"": null, ""kt"": null, ""lgu"": null}",1GB/day,https://www.qoo10.jp/item/%e3%83%99%e3%83%88%e3%83%8a%e3%83%a0%e7%94%a8%e3%83%87%e3%83%bc%e3%82%bfSIM%e3%82%ab%e3%83%bc%e3%83%89-10%e6%97%a5%e9%96%93-1%e6%97%a51GB%e9%ab%98%e9%80%9f%ef%bc%8b%e4%bd%8e%e9%80%9f%e7%84%a1%e5%88%b6%e9%99%90-%e6%97%a5%e6%9c%ac%e5%9b%bd%e5%86%85%e5%8d%b3%e6%97%a5%e7%99%ba%e9%80%81%ef%bc%88AMAZON%e5%80%89%e5%ba%ab%ef%bc%89/1190355821,,1190355821,ESIMTONG 公式ストア,,"{""title"": [""ベトナム用データSIMカード 10日間 1日1GB高速＋低速無制限 日本国内即日発送（Amazon倉庫）""], ""price_jpy"": [""販売価格 2,232円""], ""usage_validity"": [""【フィリピンeSIM】3日間(72時間) データ通信無制限 オンラインサービスにて即日送信(LINE相談受付中) 有効期限 / ご購入日より90日以内 フィリピンSIM セブ島 1,550円 4.6 (25) 1,240 円 メガ割時""], ""activation_validity"": [""ベトナム用データSIMカード 10日間 1日1GB高速＋低速無制限 日本国内即日発送（Amazon倉庫）""], ""data_amount"": [""ベトナム用データSIMカード 10日間 1日1GB高速＋低速無制限 日本国内即日発送（Amazon倉庫）""], ""network_type"": [""qoo10_local_signal: 【SKTelecoｍ公式認証】韓国eSIM 3日間(72時間) 電話番号付き 超高速データ無制限 最初の5分発信無料(韓国国内) LINE即日発行 ご購入日より120日以内 韓国SIM 1,980円 1,620円 4.9 (37,975) 1,296 円 メガ割時""], ""network_generation"": [""no_lte_4g_or_5g_keyword_matched""], ""seller"": [""ESIMTONG 公式ストア""], ""seller_badge"": [""search_result: General seller""]}"
qoo10_jp,vn,ベトナム用データSIMカード 7日間 1日1GB高速＋低速無制限 日本国内即日発送（Amazon倉庫）,1937,,General seller,55,,,,3일,3일,7일,local,unknown,,,"{""viettel"": null, ""vinaphone"": null, ""mobifone"": null, ""vietnamobile"": null}","{""skt"": null, ""kt"": null, ""lgu"": null}",1GB/day,https://www.qoo10.jp/item/%e3%83%99%e3%83%88%e3%83%8a%e3%83%a0%e7%94%a8%e3%83%87%e3%83%bc%e3%82%bfSIM%e3%82%ab%e3%83%bc%e3%83%89-7%e6%97%a5%e9%96%93-1%e6%97%a51GB%e9%ab%98%e9%80%9f%ef%bc%8b%e4%bd%8e%e9%80%9f%e7%84%a1%e5%88%b6%e9%99%90-%e6%97%a5%e6%9c%ac%e5%9b%bd%e5%86%85%e5%8d%b3%e6%97%a5%e7%99%ba%e9%80%81%ef%bc%88AMAZON%e5%80%89%e5%ba%ab%ef%bc%89/1190355810,,1190355810,ESIMTONG 公式ストア,,"{""title"": [""ベトナム用データSIMカード 7日間 1日1GB高速＋低速無制限 日本国内即日発送（Amazon倉庫）""], ""price_jpy"": [""販売価格 1,937円""], ""usage_validity"": [""【フィリピンeSIM】3日間(72時間) データ通信無制限 オンラインサービスにて即日送信(LINE相談受付中) 有効期限 / ご購入日より90日以内 フィリピンSIM セブ島 1,550円 4.6 (25) 1,240 円 メガ割時""], ""activation_validity"": [""ベトナム用データSIMカード 7日間 1日1GB高速＋低速無制限 日本国内即日発送（Amazon倉庫）""], ""data_amount"": [""ベトナム用データSIMカード 7日間 1日1GB高速＋低速無制限 日本国内即日発送（Amazon倉庫）""], ""network_type"": [""qoo10_local_signal: 【SKTelecoｍ公式認証】韓国eSIM 3日間(72時間) 電話番号付き 超高速データ無制限 最初の5分発信無料(韓国国内) LINE即日発行 ご購入日より120日以内 韓国SIM 1,980円 1,620円 4.9 (37,975) 1,296 円 メガ割時""], ""network_generation"": [""no_lte_4g_or_5g_keyword_matched""], ""seller"": [""ESIMTONG 公式ストア""], ""seller_badge"": [""search_result: General seller""]}"
qoo10_jp,vn,ベトナム用データSIMカード 5日間 1日1GB高速＋低速無制限 日本国内即日発送（Amazon倉庫）,1641,,General seller,56,,,,3일,3일,5일,local,unknown,,,"{""viettel"": null, ""vinaphone"": null, ""mobifone"": null, ""vietnamobile"": null}","{""skt"": null, ""kt"": null, ""lgu"": null}",1GB/day,https://www.qoo10.jp/item/%e3%83%99%e3%83%88%e3%83%8a%e3%83%a0%e7%94%a8%e3%83%87%e3%83%bc%e3%82%bfSIM%e3%82%ab%e3%83%bc%e3%83%89-5%e6%97%a5%e9%96%93-1%e6%97%a51GB%e9%ab%98%e9%80%9f%ef%bc%8b%e4%bd%8e%e9%80%9f%e7%84%a1%e5%88%b6%e9%99%90-%e6%97%a5%e6%9c%ac%e5%9b%bd%e5%86%85%e5%8d%b3%e6%97%a5%e7%99%ba%e9%80%81%ef%bc%88AMAZON%e5%80%89%e5%ba%ab%ef%bc%89/1190355794,,1190355794,ESIMTONG 公式ストア,,"{""title"": [""ベトナム用データSIMカード 5日間 1日1GB高速＋低速無制限 日本国内即日発送（Amazon倉庫）""], ""price_jpy"": [""販売価格 1,641円""], ""usage_validity"": [""【フィリピンeSIM】3日間(72時間) データ通信無制限 オンラインサービスにて即日送信(LINE相談受付中) 有効期限 / ご購入日より90日以内 フィリピンSIM セブ島 1,550円 4.6 (25) 1,240 円 メガ割時""], ""activation_validity"": [""ベトナム用データSIMカード 5日間 1日1GB高速＋低速無制限 日本国内即日発送（Amazon倉庫）""], ""data_amount"": [""ベトナム用データSIMカード 5日間 1日1GB高速＋低速無制限 日本国内即日発送（Amazon倉庫）""], ""network_type"": [""qoo10_local_signal: 【SKTelecoｍ公式認証】韓国eSIM 3日間(72時間) 電話番号付き 超高速データ無制限 最初の5分発信無料(韓国国内) LINE即日発行 ご購入日より120日以内 韓国SIM 1,980円 1,620円 4.9 (37,975) 1,296 円 メガ割時""], ""network_generation"": [""no_lte_4g_or_5g_keyword_matched""], ""seller"": [""ESIMTONG 公式ストア""], ""seller_badge"": [""search_result: General seller""]}"
qoo10_jp,vn,ベトナム用データSIMカード 30日間 1日500MB高速＋低速無制限 日本国内即日発送（Amazon倉庫）,2331,,General seller,57,,,,3일,3일,30일,local,unknown,,,"{""viettel"": null, ""vinaphone"": null, ""mobifone"": null, ""vietnamobile"": null}","{""skt"": null, ""kt"": null, ""lgu"": null}",500MB/day,https://www.qoo10.jp/item/%e3%83%99%e3%83%88%e3%83%8a%e3%83%a0%e7%94%a8%e3%83%87%e3%83%bc%e3%82%bfSIM%e3%82%ab%e3%83%bc%e3%83%89-30%e6%97%a5%e9%96%93-1%e6%97%a5500MB%e9%ab%98%e9%80%9f%ef%bc%8b%e4%bd%8e%e9%80%9f%e7%84%a1%e5%88%b6%e9%99%90-%e6%97%a5%e6%9c%ac%e5%9b%bd%e5%86%85%e5%8d%b3%e6%97%a5%e7%99%ba%e9%80%81%ef%bc%88AMAZON%e5%80%89%e5%ba%ab%ef%bc%89/1190355691,,1190355691,ESIMTONG 公式ストア,,"{""title"": [""ベトナム用データSIMカード 30日間 1日500MB高速＋低速無制限 日本国内即日発送（Amazon倉庫）""], ""price_jpy"": [""販売価格 2,331円""], ""usage_validity"": [""【フィリピンeSIM】3日間(72時間) データ通信無制限 オンラインサービスにて即日送信(LINE相談受付中) 有効期限 / ご購入日より90日以内 フィリピンSIM セブ島 1,550円 4.6 (25) 1,240 円 メガ割時""], ""activation_validity"": [""ベトナム用データSIMカード 30日間 1日500MB高速＋低速無制限 日本国内即日発送（Amazon倉庫）""], ""data_amount"": [""ベトナム用データSIMカード 30日間 1日500MB高速＋低速無制限 日本国内即日発送（Amazon倉庫）""], ""network_type"": [""qoo10_local_signal: 【SKTelecoｍ公式認証】韓国eSIM 3日間(72時間) 電話番号付き 超高速データ無制限 最初の5分発信無料(韓国国内) LINE即日発行 ご購入日より120日以内 韓国SIM 1,980円 1,620円 4.9 (37,975) 1,296 円 メガ割時""], ""network_generation"": [""no_lte_4g_or_5g_keyword_matched""], ""seller"": [""ESIMTONG 公式ストア""], ""seller_badge"": [""search_result: General seller""]}"
qoo10_jp,vn,ベトナム用データSIMカード 15日間 1日500MB高速＋低速無制限 日本国内即日発送（Amazon倉庫）,1987,,General seller,58,,,,3일,3일,15일,local,unknown,,,"{""viettel"": null, ""vinaphone"": null, ""mobifone"": null, ""vietnamobile"": null}","{""skt"": null, ""kt"": null, ""lgu"": null}",500MB/day,https://www.qoo10.jp/item/%e3%83%99%e3%83%88%e3%83%8a%e3%83%a0%e7%94%a8%e3%83%87%e3%83%bc%e3%82%bfSIM%e3%82%ab%e3%83%bc%e3%83%89-15%e6%97%a5%e9%96%93-1%e6%97%a5500MB%e9%ab%98%e9%80%9f%ef%bc%8b%e4%bd%8e%e9%80%9f%e7%84%a1%e5%88%b6%e9%99%90-%e6%97%a5%e6%9c%ac%e5%9b%bd%e5%86%85%e5%8d%b3%e6%97%a5%e7%99%ba%e9%80%81%ef%bc%88AMAZON%e5%80%89%e5%ba%ab%ef%bc%89/1190355677,,1190355677,ESIMTONG 公式ストア,,"{""title"": [""ベトナム用データSIMカード 15日間 1日500MB高速＋低速無制限 日本国内即日発送（Amazon倉庫）""], ""price_jpy"": [""販売価格 1,987円""], ""usage_validity"": [""【フィリピンeSIM】3日間(72時間) データ通信無制限 オンラインサービスにて即日送信(LINE相談受付中) 有効期限 / ご購入日より90日以内 フィリピンSIM セブ島 1,550円 4.6 (25) 1,240 円 メガ割時""], ""activation_validity"": [""ベトナム用データSIMカード 15日間 1日500MB高速＋低速無制限 日本国内即日発送（Amazon倉庫）""], ""data_amount"": [""ベトナム用データSIMカード 15日間 1日500MB高速＋低速無制限 日本国内即日発送（Amazon倉庫）""], ""network_type"": [""qoo10_local_signal: 【SKTelecoｍ公式認証】韓国eSIM 3日間(72時間) 電話番号付き 超高速データ無制限 最初の5分発信無料(韓国国内) LINE即日発行 ご購入日より120日以内 韓国SIM 1,980円 1,620円 4.9 (37,975) 1,296 円 メガ割時""], ""network_generation"": [""no_lte_4g_or_5g_keyword_matched""], ""seller"": [""ESIMTONG 公式ストア""], ""seller_badge"": [""search_result: General seller""]}"
qoo10_jp,vn,ベトナム用データSIMカード 10日間 1日500MB高速＋低速無制限 日本国内即日発送（Amazon倉庫）,1740,,General seller,59,,,,3일,3일,10일,local,unknown,,,"{""viettel"": null, ""vinaphone"": null, ""mobifone"": null, ""vietnamobile"": null}","{""skt"": null, ""kt"": null, ""lgu"": null}",500MB/day,https://www.qoo10.jp/item/%e3%83%99%e3%83%88%e3%83%8a%e3%83%a0%e7%94%a8%e3%83%87%e3%83%bc%e3%82%bfSIM%e3%82%ab%e3%83%bc%e3%83%89-10%e6%97%a5%e9%96%93-1%e6%97%a5500MB%e9%ab%98%e9%80%9f%ef%bc%8b%e4%bd%8e%e9%80%9f%e7%84%a1%e5%88%b6%e9%99%90-%e6%97%a5%e6%9c%ac%e5%9b%bd%e5%86%85%e5%8d%b3%e6%97%a5%e7%99%ba%e9%80%81%ef%bc%88AMAZON%e5%80%89%e5%ba%ab%ef%bc%89/1190355658,,1190355658,ESIMTONG 公式ストア,,"{""title"": [""ベトナム用データSIMカード 10日間 1日500MB高速＋低速無制限 日本国内即日発送（Amazon倉庫）""], ""price_jpy"": [""販売価格 1,740円""], ""usage_validity"": [""【フィリピンeSIM】3日間(72時間) データ通信無制限 オンラインサービスにて即日送信(LINE相談受付中) 有効期限 / ご購入日より90日以内 フィリピンSIM セブ島 1,550円 4.6 (25) 1,240 円 メガ割時""], ""activation_validity"": [""ベトナム用データSIMカード 10日間 1日500MB高速＋低速無制限 日本国内即日発送（Amazon倉庫）""], ""data_amount"": [""ベトナム用データSIMカード 10日間 1日500MB高速＋低速無制限 日本国内即日発送（Amazon倉庫）""], ""network_type"": [""qoo10_local_signal: 【SKTelecoｍ公式認証】韓国eSIM 3日間(72時間) 電話番号付き 超高速データ無制限 最初の5分発信無料(韓国国内) LINE即日発行 ご購入日より120日以内 韓国SIM 1,980円 1,620円 4.9 (37,975) 1,296 円 メガ割時""], ""network_generation"": [""no_lte_4g_or_5g_keyword_matched""], ""seller"": [""ESIMTONG 公式ストア""], ""seller_badge"": [""search_result: General seller""]}"
qoo10_jp,vn,ベトナム用データSIMカード 7日間 1日500MB高速＋低速無制限 日本国内即日発送（Amazon倉庫）,1581,,General seller,60,,,,3일,3일,7일,local,unknown,,,"{""viettel"": null, ""vinaphone"": null, ""mobifone"": null, ""vietnamobile"": null}","{""skt"": null, ""kt"": null, ""lgu"": null}",500MB/day,https://www.qoo10.jp/item/%e3%83%99%e3%83%88%e3%83%8a%e3%83%a0%e7%94%a8%e3%83%87%e3%83%bc%e3%82%bfSIM%e3%82%ab%e3%83%bc%e3%83%89-7%e6%97%a5%e9%96%93-1%e6%97%a5500MB%e9%ab%98%e9%80%9f%ef%bc%8b%e4%bd%8e%e9%80%9f%e7%84%a1%e5%88%b6%e9%99%90-%e6%97%a5%e6%9c%ac%e5%9b%bd%e5%86%85%e5%8d%b3%e6%97%a5%e7%99%ba%e9%80%81%ef%bc%88AMAZON%e5%80%89%e5%ba%ab%ef%bc%89/1190355655,,1190355655,ESIMTONG 公式ストア,,"{""title"": [""ベトナム用データSIMカード 7日間 1日500MB高速＋低速無制限 日本国内即日発送（Amazon倉庫）""], ""price_jpy"": [""販売価格 1,581円""], ""usage_validity"": [""【フィリピンeSIM】3日間(72時間) データ通信無制限 オンラインサービスにて即日送信(LINE相談受付中) 有効期限 / ご購入日より90日以内 フィリピンSIM セブ島 1,550円 4.6 (25) 1,240 円 メガ割時""], ""activation_validity"": [""ベトナム用データSIMカード 7日間 1日500MB高速＋低速無制限 日本国内即日発送（Amazon倉庫）""], ""data_amount"": [""ベトナム用データSIMカード 7日間 1日500MB高速＋低速無制限 日本国内即日発送（Amazon倉庫）""], ""network_type"": [""qoo10_local_signal: 【SKTelecoｍ公式認証】韓国eSIM 3日間(72時間) 電話番号付き 超高速データ無制限 最初の5分発信無料(韓国国内) LINE即日発行 ご購入日より120日以内 韓国SIM 1,980円 1,620円 4.9 (37,975) 1,296 円 メガ割時""], ""network_generation"": [""no_lte_4g_or_5g_keyword_matched""], ""seller"": [""ESIMTONG 公式ストア""], ""seller_badge"": [""search_result: General seller""]}"
qoo10_jp,vn,【ベトナム eSIM データ無制限】ベトナム eSIM 正規eSIM 超高速 5日間 データ無制限 eSIM 5日間 無制限 QRコードで ベトナム esim 5日間 esimベトナム,890,,Power seller,61,,,,5일,5일,5일,local,unknown,,,"{""viettel"": null, ""vinaphone"": null, ""mobifone"": null, ""vietnamobile"": null}","{""skt"": null, ""kt"": null, ""lgu"": null}",unlimited,https://www.qoo10.jp/item/%e3%83%99%e3%83%88%e3%83%8a%e3%83%a0-ESIM-%e3%83%87%e3%83%bc%e3%82%bf%e7%84%a1%e5%88%b6%e9%99%90-%e3%83%99%e3%83%88%e3%83%8a%e3%83%a0-ESIM-%e6%ad%a3%e8%a6%8fESIM-%e8%b6%85%e9%ab%98%e9%80%9f-5%e6%97%a5%e9%96%93-%e3%83%87%e3%83%bc%e3%82%bf%e7%84%a1%e5%88%b6%e9%99%90-ESIM-5%e6%97%a5%e9%96%93-%e7%84%a1%e5%88%b6%e9%99%90/1180559427,,1180559427,正規eSIM 即時対応 100万枚突破 ...,,"{""title"": [""【ベトナム eSIM データ無制限】ベトナム eSIM 正規eSIM 超高速 5日間 データ無制限 eSIM 5日間 無制限 QRコードで ベトナム esim 5日間 esimベトナム""], ""option_candidates"": [""ベトナム 5日（超高速無限データ）""], ""representative_option"": [""ベトナム 5日（超高速無限データ）"", ""title_match_score=8""], ""price_jpy"": [""販売価格 890円 + option surcharge 0"", ""ベトナム 5日（超高速無限データ）""], ""usage_validity"": [""ベトナム 5日（超高速無限データ）""], ""activation_validity"": [""【ベトナム eSIM データ無制限】ベトナム eSIM 正規eSIM 超高速 5日間 データ無制限 eSIM 5日間 無制限 QRコードで ベトナム esim 5日間 esimベトナム""], ""data_amount"": [""ベトナム 5日（超高速無限データ）""], ""network_type"": [""qoo10_local_signal: 【SKTelecoｍ公式認証】韓国eSIM 3日間(72時間) 電話番号付き 超高速データ無制限 最初の5分発信無料(韓国国内) LINE即日発行 ご購入日より120日以内 韓国SIM 1,980円 1,620円 4.9 (37,975) 1,296 円 メガ割時""], ""network_generation"": [""no_lte_4g_or_5g_keyword_matched""], ""seller"": [""正規eSIM 即時対応 100万枚突破 ...""], ""seller_badge"": [""search_result: Power seller""]}"
qoo10_jp,vn,【東南アジア 5ヵ国】 eSIM 4日間／完全無制限（低速化無し）／タイ・ベトナム・シンガポール・インドネシア・マレーシア／5G・4G高速データ通信／パスポート登録不要／180日有効,1540,1,Power seller,62,,,,3일,3일,4일,local,5g_capable,,,"{""viettel"": null, ""vinaphone"": null, ""mobifone"": null, ""vietnamobile"": null}","{""skt"": null, ""kt"": null, ""lgu"": null}",unlimited,https://www.qoo10.jp/item/%e6%9d%b1%e5%8d%97%e3%82%a2%e3%82%b8%e3%82%a2-5%e3%83%b5%e5%9b%bd-ESIM-4%e6%97%a5%e9%96%93%ef%bc%8f%e5%ae%8c%e5%85%a8%e7%84%a1%e5%88%b6%e9%99%90%ef%bc%88%e4%bd%8e%e9%80%9f%e5%8c%96%e7%84%a1%e3%81%97%ef%bc%89%ef%bc%8f%e3%82%bf%e3%82%a4%e3%83%bb%e3%83%99%e3%83%88%e3%83%8a%e3%83%a0%e3%83%bb%e3%82%b7%e3%83%b3%e3%82%ac%e3%83%9d%e3%83%bc%e3%83%ab%e3%83%bb%e3%82%a4%e3%83%b3%e3%83%89%e3%83%8d%e3%82%b7%e3%82%a2%e3%83%bb%e3%83%9e%e3%83%ac%e3%83%bc%e3%82%b7%e3%82%a2%ef%bc%8f5G%e3%83%bb4G%e9%ab%98%e9%80%9f%e3%83%87%e3%83%bc%e3%82%bf/1175765587,,1175765587,スマートeSIM,,"{""title"": [""【東南アジア 5ヵ国】 eSIM 4日間／完全無制限（低速化無し）／タイ・ベトナム・シンガポール・インドネシア・マレーシア／5G・4G高速データ通信／パスポート登録不要／180日有効""], ""price_jpy"": [""販売価格 1,540円""], ""usage_validity"": [""【フィリピンeSIM】3日間(72時間) データ通信無制限 オンラインサービスにて即日送信(LINE相談受付中) 有効期限 / ご購入日より90日以内 フィリピンSIM セブ島 1,550円 4.6 (25) 1,240 円 メガ割時""], ""activation_validity"": [""【東南アジア 5ヵ国】 eSIM 4日間／完全無制限（低速化無し）／タイ・ベトナム・シンガポール・インドネシア・マレーシア／5G・4G高速データ通信／パスポート登録不要／180日有効""], ""data_amount"": [""【東南アジア 5ヵ国】 eSIM 4日間／完全無制限（低速化無し）／タイ・ベトナム・シンガポール・インドネシア・マレーシア／5G・4G高速データ通信／パスポート登録不要／180日有効""], ""network_type"": [""qoo10_local_signal: 【SKTelecoｍ公式認証】韓国eSIM 3日間(72時間) 電話番号付き 超高速データ無制限 最初の5分発信無料(韓国国内) LINE即日発行 ご購入日より120日以内 韓国SIM 1,980円 1,620円 4.9 (37,975) 1,296 円 メガ割時""], ""network_generation"": [""title_5g: source:title: 【東南アジア 5ヵ国】 eSIM 4日間／完全無制限（低速化無し）／タイ・ベトナム・シンガポール・インドネシア・マレーシア／5G・4G高速データ通信／パスポート登録不要／180日有効""], ""seller"": [""スマートeSIM""], ""review_count"": [""search_result: 1""], ""seller_badge"": [""search_result: Power seller""]}"
qoo10_jp,vn,【東南アジア 5ヵ国】 eSIM 1日間／完全無制限（低速化無し）／タイ・ベトナム・シンガポール・インドネシア・マレーシア／5G・4G高速データ通信／パスポート登録不要／180日有効,840,,Power seller,63,,,,1일,1일,3일,local,5g_capable,,,"{""viettel"": null, ""vinaphone"": null, ""mobifone"": null, ""vietnamobile"": null}","{""skt"": null, ""kt"": null, ""lgu"": null}",unlimited,https://www.qoo10.jp/item/%e6%9d%b1%e5%8d%97%e3%82%a2%e3%82%b8%e3%82%a2-5%e3%83%b5%e5%9b%bd-ESIM-1%e6%97%a5%e9%96%93%ef%bc%8f%e5%ae%8c%e5%85%a8%e7%84%a1%e5%88%b6%e9%99%90%ef%bc%88%e4%bd%8e%e9%80%9f%e5%8c%96%e7%84%a1%e3%81%97%ef%bc%89%ef%bc%8f%e3%82%bf%e3%82%a4%e3%83%bb%e3%83%99%e3%83%88%e3%83%8a%e3%83%a0%e3%83%bb%e3%82%b7%e3%83%b3%e3%82%ac%e3%83%9d%e3%83%bc%e3%83%ab%e3%83%bb%e3%82%a4%e3%83%b3%e3%83%89%e3%83%8d%e3%82%b7%e3%82%a2%e3%83%bb%e3%83%9e%e3%83%ac%e3%83%bc%e3%82%b7%e3%82%a2%ef%bc%8f5G%e3%83%bb4G%e9%ab%98%e9%80%9f%e3%83%87%e3%83%bc%e3%82%bf/1126840211,,1126840211,スマートeSIM,,"{""title"": [""【東南アジア 5ヵ国】 eSIM 1日間／完全無制限（低速化無し）／タイ・ベトナム・シンガポール・インドネシア・マレーシア／5G・4G高速データ通信／パスポート登録不要／180日有効""], ""price_jpy"": [""販売価格 840円""], ""usage_validity"": [""【東南アジア 5ヵ国】 eSIM 1日間／完全無制限（低速化無し）／タイ・ベトナム・シンガポール・インドネシア・マレーシア／5G・4G高速データ通信／パスポート登録不要／180日有効""], ""activation_validity"": [""【フィリピンeSIM】3日間(72時間) データ通信無制限 オンラインサービスにて即日送信(LINE相談受付中) 有効期限 / ご購入日より90日以内 フィリピンSIM セブ島 1,550円 4.6 (25) 1,240 円 メガ割時""], ""data_amount"": [""【東南アジア 5ヵ国】 eSIM 1日間／完全無制限（低速化無し）／タイ・ベトナム・シンガポール・インドネシア・マレーシア／5G・4G高速データ通信／パスポート登録不要／180日有効""], ""network_type"": [""qoo10_local_signal: 【SKTelecoｍ公式認証】韓国eSIM 3日間(72時間) 電話番号付き 超高速データ無制限 最初の5分発信無料(韓国国内) LINE即日発行 ご購入日より120日以内 韓国SIM 1,980円 1,620円 4.9 (37,975) 1,296 円 メガ割時""], ""network_generation"": [""title_5g: source:title: 【東南アジア 5ヵ国】 eSIM 1日間／完全無制限（低速化無し）／タイ・ベトナム・シンガポール・インドネシア・マレーシア／5G・4G高速データ通信／パスポート登録不要／180日有効""], ""seller"": [""スマートeSIM""], ""seller_badge"": [""search_result: Power seller""]}"
qoo10_jp,vn,【東南アジア 5ヵ国】 eSIM 10日間／完全無制限（低速化無し）／タイ・ベトナム・シンガポール・インドネシア・マレーシア／5G・4G高速データ通信／パスポート登録不要／180日有効,3380,1,Power seller,64,,,,3일,3일,10일,local,5g_capable,,,"{""viettel"": null, ""vinaphone"": null, ""mobifone"": null, ""vietnamobile"": null}","{""skt"": null, ""kt"": null, ""lgu"": null}",unlimited,https://www.qoo10.jp/item/%e6%9d%b1%e5%8d%97%e3%82%a2%e3%82%b8%e3%82%a2-5%e3%83%b5%e5%9b%bd-ESIM-10%e6%97%a5%e9%96%93%ef%bc%8f%e5%ae%8c%e5%85%a8%e7%84%a1%e5%88%b6%e9%99%90%ef%bc%88%e4%bd%8e%e9%80%9f%e5%8c%96%e7%84%a1%e3%81%97%ef%bc%89%ef%bc%8f%e3%82%bf%e3%82%a4%e3%83%bb%e3%83%99%e3%83%88%e3%83%8a%e3%83%a0%e3%83%bb%e3%82%b7%e3%83%b3%e3%82%ac%e3%83%9d%e3%83%bc%e3%83%ab%e3%83%bb%e3%82%a4%e3%83%b3%e3%83%89%e3%83%8d%e3%82%b7%e3%82%a2%e3%83%bb%e3%83%9e%e3%83%ac%e3%83%bc%e3%82%b7%e3%82%a2%ef%bc%8f5G%e3%83%bb4G%e9%ab%98%e9%80%9f%e3%83%87%e3%83%bc/1126839620,,1126839620,スマートeSIM,,"{""title"": [""【東南アジア 5ヵ国】 eSIM 10日間／完全無制限（低速化無し）／タイ・ベトナム・シンガポール・インドネシア・マレーシア／5G・4G高速データ通信／パスポート登録不要／180日有効""], ""price_jpy"": [""販売価格 3,380円""], ""usage_validity"": [""【フィリピンeSIM】3日間(72時間) データ通信無制限 オンラインサービスにて即日送信(LINE相談受付中) 有効期限 / ご購入日より90日以内 フィリピンSIM セブ島 1,550円 4.6 (25) 1,240 円 メガ割時""], ""activation_validity"": [""【東南アジア 5ヵ国】 eSIM 10日間／完全無制限（低速化無し）／タイ・ベトナム・シンガポール・インドネシア・マレーシア／5G・4G高速データ通信／パスポート登録不要／180日有効""], ""data_amount"": [""【東南アジア 5ヵ国】 eSIM 10日間／完全無制限（低速化無し）／タイ・ベトナム・シンガポール・インドネシア・マレーシア／5G・4G高速データ通信／パスポート登録不要／180日有効""], ""network_type"": [""qoo10_local_signal: 【SKTelecoｍ公式認証】韓国eSIM 3日間(72時間) 電話番号付き 超高速データ無制限 最初の5分発信無料(韓国国内) LINE即日発行 ご購入日より120日以内 韓国SIM 1,980円 1,620円 4.9 (37,975) 1,296 円 メガ割時""], ""network_generation"": [""title_5g: source:title: 【東南アジア 5ヵ国】 eSIM 10日間／完全無制限（低速化無し）／タイ・ベトナム・シンガポール・インドネシア・マレーシア／5G・4G高速データ通信／パスポート登録不要／180日有効""], ""seller"": [""スマートeSIM""], ""review_count"": [""search_result: 1""], ""seller_badge"": [""search_result: Power seller""]}"
qoo10_jp,vn,ベトナムeSIM 安心の日本企業 2日間 無制限 低速なし 日本人スタッフによるLINEサポート(お急ぎの方相談可) 最短即日発行 有効期限90日 パスポート番号不要 データ通信専用,610,1,Power seller,65,,,,2일,2일,90일,local,unknown,,,"{""viettel"": null, ""vinaphone"": true, ""mobifone"": null, ""vietnamobile"": null}","{""skt"": null, ""kt"": null, ""lgu"": null}",unlimited,https://www.qoo10.jp/item/%e3%83%99%e3%83%88%e3%83%8a%e3%83%a0ESIM-%e5%ae%89%e5%bf%83%e3%81%ae%e6%97%a5%e6%9c%ac%e4%bc%81%e6%a5%ad-2%e6%97%a5%e9%96%93-%e7%84%a1%e5%88%b6%e9%99%90-%e4%bd%8e%e9%80%9f%e3%81%aa%e3%81%97-%e6%97%a5%e6%9c%ac%e4%ba%ba%e3%82%b9%e3%82%bf%e3%83%83%e3%83%95%e3%81%ab%e3%82%88%e3%82%8bLINE%e3%82%b5%e3%83%9d%e3%83%bc%e3%83%88-%e3%81%8a%e6%80%a5%e3%81%8e%e3%81%ae%e6%96%b9%e7%9b%b8%e8%ab%87%e5%8f%af-%e6%9c%80%e7%9f%ad%e5%8d%b3%e6%97%a5%e7%99%ba%e8%a1%8c/1145510829,,1145510829,いーしむさん,,"{""title"": [""ベトナムeSIM 安心の日本企業 2日間 無制限 低速なし 日本人スタッフによるLINEサポート(お急ぎの方相談可) 最短即日発行 有効期限90日 パスポート番号不要 データ通信専用""], ""price_jpy"": [""販売価格 610円""], ""usage_validity"": [""ベトナムeSIM 安心の日本企業 2日間 無制限 低速なし 日本人スタッフによるLINEサポート(お急ぎの方相談可) 最短即日発行 有効期限90日 パスポート番号不要 データ通信専用""], ""activation_validity"": [""ベトナムeSIM 安心の日本企業 2日間 無制限 低速なし 日本人スタッフによるLINEサポート(お急ぎの方相談可) 最短即日発行 有効期限90日 パスポート番号不要 データ通信専用""], ""data_amount"": [""ベトナムeSIM 安心の日本企業 2日間 無制限 低速なし 日本人スタッフによるLINEサポート(お急ぎの方相談可) 最短即日発行 有効期限90日 パスポート番号不要 データ通信専用""], ""network_type"": [""qoo10_local_signal: 【SKTelecoｍ公式認証】韓国eSIM 3日間(72時間) 電話番号付き 超高速データ無制限 最初の5分発信無料(韓国国内) LINE即日発行 ご購入日より120日以内 韓国SIM 1,980円 1,620円 4.9 (37,975) 1,296 円 メガ割時""], ""network_generation"": [""fallback_5g: source:review_list: 5 5 gnr*** 2025.11.22 eSIM対応端末／SIMロック解除済みの端末ですか:確認しました ご注文後、1時間以内に商品を配送いたします:確認しました 商品の納品（QRコード）はご注文後、メールアドレス宛にお送りいたします:確認しました オプション : eSIM対応端末／SIMロック解除済みの端末ですか"", ""fallback_only_network_generation_signal""], ""carrier_support_local"": [""VinaPhone: [Qoo10] ベトナムeSIM 安心の日本企業 2日間 : スマートフォン・タブレットPC Go to the Content Go to the Main Menu Go to the Viewed Today Go to the Footer X ログイン My Qoo10 カート Qpost""], ""seller"": [""いーしむさん""], ""review_count"": [""search_result: 1""], ""seller_badge"": [""search_result: Power seller""]}"
qoo10_jp,vn,DHA eSIM for VIETNAM ベトナム用 7日無制限プリペイド データ eSIM 4G／LTE回線【eSIM端末専用】,2979,,Power seller,66,,,,3일,3일,7일,local,lte_4g_only,,,"{""viettel"": null, ""vinaphone"": null, ""mobifone"": null, ""vietnamobile"": null}","{""skt"": null, ""kt"": null, ""lgu"": null}",unlimited,https://www.qoo10.jp/item/DHA-ESIM-FOR-VIETNAM-%e3%83%99%e3%83%88%e3%83%8a%e3%83%a0%e7%94%a8-7%e6%97%a5%e7%84%a1%e5%88%b6%e9%99%90%e3%83%97%e3%83%aa%e3%83%9a%e3%82%a4%e3%83%89-%e3%83%87%e3%83%bc%e3%82%bf-ESIM-4G%ef%bc%8fLTE%e5%9b%9e%e7%b7%9a-ESIM%e7%ab%af%e6%9c%ab%e5%b0%82%e7%94%a8/1104747153,,1104747153,ヤマダ電機 Qoo10店,,"{""title"": [""DHA eSIM for VIETNAM ベトナム用 7日無制限プリペイド データ eSIM 4G／LTE回線【eSIM端末専用】""], ""price_jpy"": [""販売価格 2,979円""], ""usage_validity"": [""【フィリピンeSIM】3日間(72時間) データ通信無制限 オンラインサービスにて即日送信(LINE相談受付中) 有効期限 / ご購入日より90日以内 フィリピンSIM セブ島 1,550円 4.6 (25) 1,240 円 メガ割時""], ""activation_validity"": [""DHA eSIM for VIETNAM ベトナム用 7日無制限プリペイド データ eSIM 4G／LTE回線【eSIM端末専用】""], ""data_amount"": [""DHA eSIM for VIETNAM ベトナム用 7日無制限プリペイド データ eSIM 4G／LTE回線【eSIM端末専用】""], ""network_type"": [""qoo10_local_signal: 【SKTelecoｍ公式認証】韓国eSIM 3日間(72時間) 電話番号付き 超高速データ無制限 最初の5分発信無料(韓国国内) LINE即日発行 ご購入日より120日以内 韓国SIM 1,980円 1,620円 4.9 (37,975) 1,296 円 メガ割時""], ""network_generation"": [""title_4g_lte: source:title: DHA eSIM for VIETNAM ベトナム用 7日無制限プリペイド データ eSIM 4G／LTE回線【eSIM端末専用】""], ""seller"": [""ヤマダ電機 Qoo10店""], ""seller_badge"": [""search_result: Power seller""]}"
qoo10_jp,vn,DHA SIM for VIETNAM ベトナム用 7日無制限プリペイド データ SIMカード 4G／LTE回線,2979,,Power seller,67,,,,3일,3일,7일,local,lte_4g_only,,,"{""viettel"": null, ""vinaphone"": null, ""mobifone"": null, ""vietnamobile"": null}","{""skt"": null, ""kt"": null, ""lgu"": null}",unlimited,https://www.qoo10.jp/item/DHA-SIM-DHA-SIM-FOR-VIETNAM-%e3%83%99%e3%83%88%e3%83%8a%e3%83%a0%e7%94%a8-7%e6%97%a5%e7%84%a1%e5%88%b6%e9%99%90%e3%83%97%e3%83%aa%e3%83%9a%e3%82%a4%e3%83%89-%e3%83%87%e3%83%bc%e3%82%bf-SIM%e3%82%ab%e3%83%bc%e3%83%89-4G%ef%bc%8fLTE%e5%9b%9e%e7%b7%9a/1104747152,,1104747152,ヤマダ電機 Qoo10店,,"{""title"": [""DHA SIM for VIETNAM ベトナム用 7日無制限プリペイド データ SIMカード 4G／LTE回線""], ""price_jpy"": [""販売価格 2,979円""], ""usage_validity"": [""【フィリピンeSIM】3日間(72時間) データ通信無制限 オンラインサービスにて即日送信(LINE相談受付中) 有効期限 / ご購入日より90日以内 フィリピンSIM セブ島 1,550円 4.6 (25) 1,240 円 メガ割時""], ""activation_validity"": [""DHA SIM for VIETNAM ベトナム用 7日無制限プリペイド データ SIMカード 4G／LTE回線""], ""data_amount"": [""DHA SIM for VIETNAM ベトナム用 7日無制限プリペイド データ SIMカード 4G／LTE回線""], ""network_type"": [""qoo10_local_signal: 【SKTelecoｍ公式認証】韓国eSIM 3日間(72時間) 電話番号付き 超高速データ無制限 最初の5分発信無料(韓国国内) LINE即日発行 ご購入日より120日以内 韓国SIM 1,980円 1,620円 4.9 (37,975) 1,296 円 メガ割時""], ""network_generation"": [""title_4g_lte: source:title: DHA SIM for VIETNAM ベトナム用 7日無制限プリペイド データ SIMカード 4G／LTE回線""], ""seller"": [""ヤマダ電機 Qoo10店""], ""seller_badge"": [""search_result: Power seller""]}"
qoo10_jp,vn,【ベトナム eSIM データ無制限】ベトナム eSIM 正規eSIM 超高速 1日間 データ無制限 eSIM 1日間 無制限 QRコードで ベトナム esim 1日間 esimベトナム,590,,Power seller,70,,,,1일,1일,3일,local,unknown,,,"{""viettel"": null, ""vinaphone"": null, ""mobifone"": null, ""vietnamobile"": null}","{""skt"": null, ""kt"": null, ""lgu"": null}",unlimited,https://www.qoo10.jp/item/%e3%83%99%e3%83%88%e3%83%8a%e3%83%a0-ESIM-%e3%83%87%e3%83%bc%e3%82%bf%e7%84%a1%e5%88%b6%e9%99%90-%e3%83%99%e3%83%88%e3%83%8a%e3%83%a0-ESIM-%e6%ad%a3%e8%a6%8fESIM-%e8%b6%85%e9%ab%98%e9%80%9f-1%e6%97%a5%e9%96%93-%e3%83%87%e3%83%bc%e3%82%bf%e7%84%a1%e5%88%b6%e9%99%90-ESIM-1%e6%97%a5%e9%96%93-%e7%84%a1%e5%88%b6%e9%99%90/1199610993,,1199610993,正規eSIM 即時対応 60万枚突破 �...,,"{""title"": [""【ベトナム eSIM データ無制限】ベトナム eSIM 正規eSIM 超高速 1日間 データ無制限 eSIM 1日間 無制限 QRコードで ベトナム esim 1日間 esimベトナム""], ""price_jpy"": [""販売価格 590円""], ""usage_validity"": [""【ベトナム eSIM データ無制限】ベトナム eSIM 正規eSIM 超高速 1日間 データ無制限 eSIM 1日間 無制限 QRコードで ベトナム esim 1日間 esimベトナム""], ""activation_validity"": [""【フィリピンeSIM】3日間(72時間) データ通信無制限 オンラインサービスにて即日送信(LINE相談受付中) 有効期限 / ご購入日より90日以内 フィリピンSIM セブ島 1,550円 4.6 (25) 1,240 円 メガ割時""], ""data_amount"": [""【ベトナム eSIM データ無制限】ベトナム eSIM 正規eSIM 超高速 1日間 データ無制限 eSIM 1日間 無制限 QRコードで ベトナム esim 1日間 esimベトナム""], ""network_type"": [""qoo10_local_signal: 【SKTelecoｍ公式認証】韓国eSIM 3日間(72時間) 電話番号付き 超高速データ無制限 最初の5分発信無料(韓国国内) LINE即日発行 ご購入日より120日以内 韓国SIM 1,980円 1,620円 4.9 (37,975) 1,296 円 メガ割時""], ""network_generation"": [""no_lte_4g_or_5g_keyword_matched""], ""seller"": [""正規eSIM 即時対応 60万枚突破 �...""], ""seller_badge"": [""search_result: Power seller""]}"
qoo10_jp,vn,【ベトナム eSIM データ無制限】ベトナム eSIM 正規eSIM 超高速 2日間 データ無制限 eSIM 2日間 無制限 QRコードで ベトナム esim 2日間 esimベトナム,880,,Power seller,71,,,,2일,2일,3일,local,unknown,,,"{""viettel"": null, ""vinaphone"": null, ""mobifone"": null, ""vietnamobile"": null}","{""skt"": null, ""kt"": null, ""lgu"": null}",unlimited,https://www.qoo10.jp/item/%e3%83%99%e3%83%88%e3%83%8a%e3%83%a0-ESIM-%e3%83%87%e3%83%bc%e3%82%bf%e7%84%a1%e5%88%b6%e9%99%90-%e3%83%99%e3%83%88%e3%83%8a%e3%83%a0-ESIM-%e6%ad%a3%e8%a6%8fESIM-%e8%b6%85%e9%ab%98%e9%80%9f-2%e6%97%a5%e9%96%93-%e3%83%87%e3%83%bc%e3%82%bf%e7%84%a1%e5%88%b6%e9%99%90-ESIM-2%e6%97%a5%e9%96%93-%e7%84%a1%e5%88%b6%e9%99%90/1198521753,,1198521753,正規eSIM 即時対応 60万枚突破 �...,,"{""title"": [""【ベトナム eSIM データ無制限】ベトナム eSIM 正規eSIM 超高速 2日間 データ無制限 eSIM 2日間 無制限 QRコードで ベトナム esim 2日間 esimベトナム""], ""price_jpy"": [""販売価格 880円""], ""usage_validity"": [""【ベトナム eSIM データ無制限】ベトナム eSIM 正規eSIM 超高速 2日間 データ無制限 eSIM 2日間 無制限 QRコードで ベトナム esim 2日間 esimベトナム""], ""activation_validity"": [""【フィリピンeSIM】3日間(72時間) データ通信無制限 オンラインサービスにて即日送信(LINE相談受付中) 有効期限 / ご購入日より90日以内 フィリピンSIM セブ島 1,550円 4.6 (25) 1,240 円 メガ割時""], ""data_amount"": [""【ベトナム eSIM データ無制限】ベトナム eSIM 正規eSIM 超高速 2日間 データ無制限 eSIM 2日間 無制限 QRコードで ベトナム esim 2日間 esimベトナム""], ""network_type"": [""qoo10_local_signal: 【SKTelecoｍ公式認証】韓国eSIM 3日間(72時間) 電話番号付き 超高速データ無制限 最初の5分発信無料(韓国国内) LINE即日発行 ご購入日より120日以内 韓国SIM 1,980円 1,620円 4.9 (37,975) 1,296 円 メガ割時""], ""network_generation"": [""no_lte_4g_or_5g_keyword_matched""], ""seller"": [""正規eSIM 即時対応 60万枚突破 �...""], ""seller_badge"": [""search_result: Power seller""]}"
qoo10_jp,vn,【ベトナム eSIM データ無制限】ベトナム eSIM 正規eSIM 超高速 3日間 データ無制限 eSIM 3日間 無制限 QRコードで ベトナム esim 3日間 esimベトナム,1250,,Power seller,72,,,,3일,3일,3일,local,unknown,,,"{""viettel"": null, ""vinaphone"": null, ""mobifone"": null, ""vietnamobile"": null}","{""skt"": null, ""kt"": null, ""lgu"": null}",unlimited,https://www.qoo10.jp/item/%e3%83%99%e3%83%88%e3%83%8a%e3%83%a0-ESIM-%e3%83%87%e3%83%bc%e3%82%bf%e7%84%a1%e5%88%b6%e9%99%90-%e3%83%99%e3%83%88%e3%83%8a%e3%83%a0-ESIM-%e6%ad%a3%e8%a6%8fESIM-%e8%b6%85%e9%ab%98%e9%80%9f-3%e6%97%a5%e9%96%93-%e3%83%87%e3%83%bc%e3%82%bf%e7%84%a1%e5%88%b6%e9%99%90-ESIM-3%e6%97%a5%e9%96%93-%e7%84%a1%e5%88%b6%e9%99%90/1198521707,,1198521707,正規eSIM 即時対応 60万枚突破 �...,,"{""title"": [""【ベトナム eSIM データ無制限】ベトナム eSIM 正規eSIM 超高速 3日間 データ無制限 eSIM 3日間 無制限 QRコードで ベトナム esim 3日間 esimベトナム""], ""price_jpy"": [""販売価格 1,250円""], ""usage_validity"": [""【ベトナム eSIM データ無制限】ベトナム eSIM 正規eSIM 超高速 3日間 データ無制限 eSIM 3日間 無制限 QRコードで ベトナム esim 3日間 esimベトナム""], ""activation_validity"": [""【フィリピンeSIM】3日間(72時間) データ通信無制限 オンラインサービスにて即日送信(LINE相談受付中) 有効期限 / ご購入日より90日以内 フィリピンSIM セブ島 1,550円 4.6 (25) 1,240 円 メガ割時""], ""data_amount"": [""【ベトナム eSIM データ無制限】ベトナム eSIM 正規eSIM 超高速 3日間 データ無制限 eSIM 3日間 無制限 QRコードで ベトナム esim 3日間 esimベトナム""], ""network_type"": [""qoo10_local_signal: 【SKTelecoｍ公式認証】韓国eSIM 3日間(72時間) 電話番号付き 超高速データ無制限 最初の5分発信無料(韓国国内) LINE即日発行 ご購入日より120日以内 韓国SIM 1,980円 1,620円 4.9 (37,975) 1,296 円 メガ割時""], ""network_generation"": [""no_lte_4g_or_5g_keyword_matched""], ""seller"": [""正規eSIM 即時対応 60万枚突破 �...""], ""seller_badge"": [""search_result: Power seller""]}"
qoo10_jp,vn,【ベトナム eSIM データ無制限】ベトナム eSIM 正規eSIM 超高速 4日間 データ無制限 eSIM 4日間 無制限 QRコードで ベトナム esim 4日間 esimベトナム,1390,,Power seller,73,,,,3일,3일,4일,local,unknown,,,"{""viettel"": null, ""vinaphone"": null, ""mobifone"": null, ""vietnamobile"": null}","{""skt"": null, ""kt"": null, ""lgu"": null}",unlimited,https://www.qoo10.jp/item/%e3%83%99%e3%83%88%e3%83%8a%e3%83%a0-ESIM-%e3%83%87%e3%83%bc%e3%82%bf%e7%84%a1%e5%88%b6%e9%99%90-%e3%83%99%e3%83%88%e3%83%8a%e3%83%a0-ESIM-%e6%ad%a3%e8%a6%8fESIM-%e8%b6%85%e9%ab%98%e9%80%9f-4%e6%97%a5%e9%96%93-%e3%83%87%e3%83%bc%e3%82%bf%e7%84%a1%e5%88%b6%e9%99%90-ESIM-4%e6%97%a5%e9%96%93-%e7%84%a1%e5%88%b6%e9%99%90/1198521681,,1198521681,正規eSIM 即時対応 60万枚突破 �...,,"{""title"": [""【ベトナム eSIM データ無制限】ベトナム eSIM 正規eSIM 超高速 4日間 データ無制限 eSIM 4日間 無制限 QRコードで ベトナム esim 4日間 esimベトナム""], ""price_jpy"": [""販売価格 1,390円""], ""usage_validity"": [""【フィリピンeSIM】3日間(72時間) データ通信無制限 オンラインサービスにて即日送信(LINE相談受付中) 有効期限 / ご購入日より90日以内 フィリピンSIM セブ島 1,550円 4.6 (25) 1,240 円 メガ割時""], ""activation_validity"": [""【ベトナム eSIM データ無制限】ベトナム eSIM 正規eSIM 超高速 4日間 データ無制限 eSIM 4日間 無制限 QRコードで ベトナム esim 4日間 esimベトナム""], ""data_amount"": [""【ベトナム eSIM データ無制限】ベトナム eSIM 正規eSIM 超高速 4日間 データ無制限 eSIM 4日間 無制限 QRコードで ベトナム esim 4日間 esimベトナム""], ""network_type"": [""qoo10_local_signal: 【SKTelecoｍ公式認証】韓国eSIM 3日間(72時間) 電話番号付き 超高速データ無制限 最初の5分発信無料(韓国国内) LINE即日発行 ご購入日より120日以内 韓国SIM 1,980円 1,620円 4.9 (37,975) 1,296 円 メガ割時""], ""network_generation"": [""no_lte_4g_or_5g_keyword_matched""], ""seller"": [""正規eSIM 即時対応 60万枚突破 �...""], ""seller_badge"": [""search_result: Power seller""]}"
qoo10_jp,vn,【ベトナム eSIM データ無制限】ベトナム eSIM 正規eSIM 超高速 5日間 データ無制限 eSIM 5日間 無制限 QRコードで ベトナム esim 5日間 esimベトナム,1430,,Power seller,74,,,,3일,3일,5일,local,unknown,,,"{""viettel"": null, ""vinaphone"": null, ""mobifone"": null, ""vietnamobile"": null}","{""skt"": null, ""kt"": null, ""lgu"": null}",unlimited,https://www.qoo10.jp/item/%e3%83%99%e3%83%88%e3%83%8a%e3%83%a0-ESIM-%e3%83%87%e3%83%bc%e3%82%bf%e7%84%a1%e5%88%b6%e9%99%90-%e3%83%99%e3%83%88%e3%83%8a%e3%83%a0-ESIM-%e6%ad%a3%e8%a6%8fESIM-%e8%b6%85%e9%ab%98%e9%80%9f-5%e6%97%a5%e9%96%93-%e3%83%87%e3%83%bc%e3%82%bf%e7%84%a1%e5%88%b6%e9%99%90-ESIM-5%e6%97%a5%e9%96%93-%e7%84%a1%e5%88%b6%e9%99%90/1198521637,,1198521637,正規eSIM 即時対応 60万枚突破 �...,,"{""title"": [""【ベトナム eSIM データ無制限】ベトナム eSIM 正規eSIM 超高速 5日間 データ無制限 eSIM 5日間 無制限 QRコードで ベトナム esim 5日間 esimベトナム""], ""price_jpy"": [""販売価格 1,430円""], ""usage_validity"": [""【フィリピンeSIM】3日間(72時間) データ通信無制限 オンラインサービスにて即日送信(LINE相談受付中) 有効期限 / ご購入日より90日以内 フィリピンSIM セブ島 1,550円 4.6 (25) 1,240 円 メガ割時""], ""activation_validity"": [""【ベトナム eSIM データ無制限】ベトナム eSIM 正規eSIM 超高速 5日間 データ無制限 eSIM 5日間 無制限 QRコードで ベトナム esim 5日間 esimベトナム""], ""data_amount"": [""【ベトナム eSIM データ無制限】ベトナム eSIM 正規eSIM 超高速 5日間 データ無制限 eSIM 5日間 無制限 QRコードで ベトナム esim 5日間 esimベトナム""], ""network_type"": [""qoo10_local_signal: 【SKTelecoｍ公式認証】韓国eSIM 3日間(72時間) 電話番号付き 超高速データ無制限 最初の5分発信無料(韓国国内) LINE即日発行 ご購入日より120日以内 韓国SIM 1,980円 1,620円 4.9 (37,975) 1,296 円 メガ割時""], ""network_generation"": [""no_lte_4g_or_5g_keyword_matched""], ""seller"": [""正規eSIM 即時対応 60万枚突破 �...""], ""seller_badge"": [""search_result: Power seller""]}"
qoo10_jp,vn,【ベトナム eSIM データ無制限】ベトナム eSIM 正規eSIM 超高速 6日間 データ無制限 eSIM 6日間 無制限 QRコードで ベトナム esim 6日間 esimベトナム,1830,,Power seller,75,,,,3일,3일,6일,local,unknown,,,"{""viettel"": null, ""vinaphone"": null, ""mobifone"": null, ""vietnamobile"": null}","{""skt"": null, ""kt"": null, ""lgu"": null}",unlimited,https://www.qoo10.jp/item/%e3%83%99%e3%83%88%e3%83%8a%e3%83%a0-ESIM-%e3%83%87%e3%83%bc%e3%82%bf%e7%84%a1%e5%88%b6%e9%99%90-%e3%83%99%e3%83%88%e3%83%8a%e3%83%a0-ESIM-%e6%ad%a3%e8%a6%8fESIM-%e8%b6%85%e9%ab%98%e9%80%9f-6%e6%97%a5%e9%96%93-%e3%83%87%e3%83%bc%e3%82%bf%e7%84%a1%e5%88%b6%e9%99%90-ESIM-6%e6%97%a5%e9%96%93-%e7%84%a1%e5%88%b6%e9%99%90/1198521578,,1198521578,正規eSIM 即時対応 60万枚突破 �...,,"{""title"": [""【ベトナム eSIM データ無制限】ベトナム eSIM 正規eSIM 超高速 6日間 データ無制限 eSIM 6日間 無制限 QRコードで ベトナム esim 6日間 esimベトナム""], ""price_jpy"": [""販売価格 1,830円""], ""usage_validity"": [""【フィリピンeSIM】3日間(72時間) データ通信無制限 オンラインサービスにて即日送信(LINE相談受付中) 有効期限 / ご購入日より90日以内 フィリピンSIM セブ島 1,550円 4.6 (25) 1,240 円 メガ割時""], ""activation_validity"": [""【ベトナム eSIM データ無制限】ベトナム eSIM 正規eSIM 超高速 6日間 データ無制限 eSIM 6日間 無制限 QRコードで ベトナム esim 6日間 esimベトナム""], ""data_amount"": [""【ベトナム eSIM データ無制限】ベトナム eSIM 正規eSIM 超高速 6日間 データ無制限 eSIM 6日間 無制限 QRコードで ベトナム esim 6日間 esimベトナム""], ""network_type"": [""qoo10_local_signal: 【SKTelecoｍ公式認証】韓国eSIM 3日間(72時間) 電話番号付き 超高速データ無制限 最初の5分発信無料(韓国国内) LINE即日発行 ご購入日より120日以内 韓国SIM 1,980円 1,620円 4.9 (37,975) 1,296 円 メガ割時""], ""network_generation"": [""no_lte_4g_or_5g_keyword_matched""], ""seller"": [""正規eSIM 即時対応 60万枚突破 �...""], ""seller_badge"": [""search_result: Power seller""]}"
qoo10_jp,vn,【ベトナム eSIM データ無制限】ベトナム eSIM 正規eSIM 超高速 6日間 データ無制限 eSIM 6日間 無制限 QRコードで ベトナム esim 6日間 esimベトナム,990,,Power seller,76,,,,6일,6일,6일,local,unknown,,,"{""viettel"": null, ""vinaphone"": null, ""mobifone"": null, ""vietnamobile"": null}","{""skt"": null, ""kt"": null, ""lgu"": null}",unlimited,https://www.qoo10.jp/item/%e3%83%99%e3%83%88%e3%83%8a%e3%83%a0-ESIM-%e3%83%87%e3%83%bc%e3%82%bf%e7%84%a1%e5%88%b6%e9%99%90-%e3%83%99%e3%83%88%e3%83%8a%e3%83%a0-ESIM-%e6%ad%a3%e8%a6%8fESIM-%e8%b6%85%e9%ab%98%e9%80%9f-6%e6%97%a5%e9%96%93-%e3%83%87%e3%83%bc%e3%82%bf%e7%84%a1%e5%88%b6%e9%99%90-ESIM-6%e6%97%a5%e9%96%93-%e7%84%a1%e5%88%b6%e9%99%90/1198328787,,1198328787,正規eSIM 即時対応 100万枚突破 ...,,"{""title"": [""【ベトナム eSIM データ無制限】ベトナム eSIM 正規eSIM 超高速 6日間 データ無制限 eSIM 6日間 無制限 QRコードで ベトナム esim 6日間 esimベトナム""], ""option_candidates"": [""ベトナム 6日（超高速無限データ）""], ""representative_option"": [""ベトナム 6日（超高速無限データ）"", ""title_match_score=8""], ""price_jpy"": [""販売価格 990円 + option surcharge 0"", ""ベトナム 6日（超高速無限データ）""], ""usage_validity"": [""ベトナム 6日（超高速無限データ）""], ""activation_validity"": [""【ベトナム eSIM データ無制限】ベトナム eSIM 正規eSIM 超高速 6日間 データ無制限 eSIM 6日間 無制限 QRコードで ベトナム esim 6日間 esimベトナム""], ""data_amount"": [""ベトナム 6日（超高速無限データ）""], ""network_type"": [""qoo10_local_signal: 【SKTelecoｍ公式認証】韓国eSIM 3日間(72時間) 電話番号付き 超高速データ無制限 最初の5分発信無料(韓国国内) LINE即日発行 ご購入日より120日以内 韓国SIM 1,980円 1,620円 4.9 (37,975) 1,296 円 メガ割時""], ""network_generation"": [""no_lte_4g_or_5g_keyword_matched""], ""seller"": [""正規eSIM 即時対応 100万枚突破 ...""], ""seller_badge"": [""search_result: Power seller""]}"
qoo10_jp,vn,【ベトナム eSIM データ無制限】ベトナム eSIM 正規eSIM 超高速 7日間 データ無制限 eSIM 7日間 無制限 QRコードで ベトナム esim 7日間 esimベトナム,2150,,Power seller,77,,,,3일,3일,7일,local,unknown,,,"{""viettel"": null, ""vinaphone"": null, ""mobifone"": null, ""vietnamobile"": null}","{""skt"": null, ""kt"": null, ""lgu"": null}",unlimited,https://www.qoo10.jp/item/%e3%83%99%e3%83%88%e3%83%8a%e3%83%a0-ESIM-%e3%83%87%e3%83%bc%e3%82%bf%e7%84%a1%e5%88%b6%e9%99%90-%e3%83%99%e3%83%88%e3%83%8a%e3%83%a0-ESIM-%e6%ad%a3%e8%a6%8fESIM-%e8%b6%85%e9%ab%98%e9%80%9f-7%e6%97%a5%e9%96%93-%e3%83%87%e3%83%bc%e3%82%bf%e7%84%a1%e5%88%b6%e9%99%90-ESIM-7%e6%97%a5%e9%96%93-%e7%84%a1%e5%88%b6%e9%99%90/1197665028,,1197665028,正規eSIM 即時対応 60万枚突破 �...,,"{""title"": [""【ベトナム eSIM データ無制限】ベトナム eSIM 正規eSIM 超高速 7日間 データ無制限 eSIM 7日間 無制限 QRコードで ベトナム esim 7日間 esimベトナム""], ""price_jpy"": [""販売価格 2,150円""], ""usage_validity"": [""【フィリピンeSIM】3日間(72時間) データ通信無制限 オンラインサービスにて即日送信(LINE相談受付中) 有効期限 / ご購入日より90日以内 フィリピンSIM セブ島 1,550円 4.6 (25) 1,240 円 メガ割時""], ""activation_validity"": [""【ベトナム eSIM データ無制限】ベトナム eSIM 正規eSIM 超高速 7日間 データ無制限 eSIM 7日間 無制限 QRコードで ベトナム esim 7日間 esimベトナム""], ""data_amount"": [""【ベトナム eSIM データ無制限】ベトナム eSIM 正規eSIM 超高速 7日間 データ無制限 eSIM 7日間 無制限 QRコードで ベトナム esim 7日間 esimベトナム""], ""network_type"": [""qoo10_local_signal: 【SKTelecoｍ公式認証】韓国eSIM 3日間(72時間) 電話番号付き 超高速データ無制限 最初の5分発信無料(韓国国内) LINE即日発行 ご購入日より120日以内 韓国SIM 1,980円 1,620円 4.9 (37,975) 1,296 円 メガ割時""], ""network_generation"": [""no_lte_4g_or_5g_keyword_matched""], ""seller"": [""正規eSIM 即時対応 60万枚突破 �...""], ""seller_badge"": [""search_result: Power seller""]}"
qoo10_jp,vn,【ベトナム eSIM データ無制限】ベトナム eSIM 正規eSIM 超高速 5-7日間 データ無制限 eSIM 5日間 無制限 QRコードで 7日間 ベトナム esim 6日間 esimベトナム,990,,Power seller,79,,,,3일,3일,5일,local,unknown,,,"{""viettel"": null, ""vinaphone"": null, ""mobifone"": null, ""vietnamobile"": null}","{""skt"": null, ""kt"": null, ""lgu"": null}",unlimited,https://www.qoo10.jp/item/%e3%83%99%e3%83%88%e3%83%8a%e3%83%a0-ESIM-%e3%83%87%e3%83%bc%e3%82%bf%e7%84%a1%e5%88%b6%e9%99%90-%e3%83%99%e3%83%88%e3%83%8a%e3%83%a0-ESIM-%e6%ad%a3%e8%a6%8fESIM-%e8%b6%85%e9%ab%98%e9%80%9f-5-7%e6%97%a5%e9%96%93-%e3%83%87%e3%83%bc%e3%82%bf%e7%84%a1%e5%88%b6%e9%99%90-ESIM-5%e6%97%a5%e9%96%93/1195376883,,1195376883,正規eSIM 即時対応 60万枚突破 �...,,"{""title"": [""【ベトナム eSIM データ無制限】ベトナム eSIM 正規eSIM 超高速 5-7日間 データ無制限 eSIM 5日間 無制限 QRコードで 7日間 ベトナム esim 6日間 esimベトナム""], ""price_jpy"": [""販売価格 990円""], ""usage_validity"": [""【フィリピンeSIM】3日間(72時間) データ通信無制限 オンラインサービスにて即日送信(LINE相談受付中) 有効期限 / ご購入日より90日以内 フィリピンSIM セブ島 1,550円 4.6 (25) 1,240 円 メガ割時""], ""activation_validity"": [""【ベトナム eSIM データ無制限】ベトナム eSIM 正規eSIM 超高速 5-7日間 データ無制限 eSIM 5日間 無制限 QRコードで 7日間 ベトナム esim 6日間 esimベトナム""], ""data_amount"": [""【ベトナム eSIM データ無制限】ベトナム eSIM 正規eSIM 超高速 5-7日間 データ無制限 eSIM 5日間 無制限 QRコードで 7日間 ベトナム esim 6日間 esimベトナム""], ""network_type"": [""qoo10_local_signal: 【SKTelecoｍ公式認証】韓国eSIM 3日間(72時間) 電話番号付き 超高速データ無制限 最初の5分発信無料(韓国国内) LINE即日発行 ご購入日より120日以内 韓国SIM 1,980円 1,620円 4.9 (37,975) 1,296 円 メガ割時""], ""network_generation"": [""no_lte_4g_or_5g_keyword_matched""], ""seller"": [""正規eSIM 即時対応 60万枚突破 �...""], ""seller_badge"": [""search_result: Power seller""]}"
qoo10_jp,vn,【東南アジア 5ヵ国】 eSIM 25日間／完全無制限（低速化無し）／タイ・ベトナム・シンガポール・インドネシア・マレーシア／5G・4G高速データ通信／パスポート登録不要／180日有効,9140,,Power seller,81,,,,3일,3일,25일,local,5g_capable,,,"{""viettel"": null, ""vinaphone"": null, ""mobifone"": null, ""vietnamobile"": null}","{""skt"": null, ""kt"": null, ""lgu"": null}",unlimited,https://www.qoo10.jp/item/%e6%9d%b1%e5%8d%97%e3%82%a2%e3%82%b8%e3%82%a2-5%e3%83%b5%e5%9b%bd-ESIM-25%e6%97%a5%e9%96%93%ef%bc%8f%e5%ae%8c%e5%85%a8%e7%84%a1%e5%88%b6%e9%99%90%ef%bc%88%e4%bd%8e%e9%80%9f%e5%8c%96%e7%84%a1%e3%81%97%ef%bc%89%ef%bc%8f%e3%82%bf%e3%82%a4%e3%83%bb%e3%83%99%e3%83%88%e3%83%8a%e3%83%a0%e3%83%bb%e3%82%b7%e3%83%b3%e3%82%ac%e3%83%9d%e3%83%bc%e3%83%ab%e3%83%bb%e3%82%a4%e3%83%b3%e3%83%89%e3%83%8d%e3%82%b7%e3%82%a2%e3%83%bb%e3%83%9e%e3%83%ac%e3%83%bc%e3%82%b7%e3%82%a2%ef%bc%8f5G%e3%83%bb4G%e9%ab%98%e9%80%9f%e3%83%87%e3%83%bc/1194707652,,1194707652,スマートeSIM,,"{""title"": [""【東南アジア 5ヵ国】 eSIM 25日間／完全無制限（低速化無し）／タイ・ベトナム・シンガポール・インドネシア・マレーシア／5G・4G高速データ通信／パスポート登録不要／180日有効""], ""price_jpy"": [""販売価格 9,140円""], ""usage_validity"": [""【フィリピンeSIM】3日間(72時間) データ通信無制限 オンラインサービスにて即日送信(LINE相談受付中) 有効期限 / ご購入日より90日以内 フィリピンSIM セブ島 1,550円 4.6 (25) 1,240 円 メガ割時""], ""activation_validity"": [""【東南アジア 5ヵ国】 eSIM 25日間／完全無制限（低速化無し）／タイ・ベトナム・シンガポール・インドネシア・マレーシア／5G・4G高速データ通信／パスポート登録不要／180日有効""], ""data_amount"": [""【東南アジア 5ヵ国】 eSIM 25日間／完全無制限（低速化無し）／タイ・ベトナム・シンガポール・インドネシア・マレーシア／5G・4G高速データ通信／パスポート登録不要／180日有効""], ""network_type"": [""qoo10_local_signal: 【SKTelecoｍ公式認証】韓国eSIM 3日間(72時間) 電話番号付き 超高速データ無制限 最初の5分発信無料(韓国国内) LINE即日発行 ご購入日より120日以内 韓国SIM 1,980円 1,620円 4.9 (37,975) 1,296 円 メガ割時""], ""network_generation"": [""title_5g: source:title: 【東南アジア 5ヵ国】 eSIM 25日間／完全無制限（低速化無し）／タイ・ベトナム・シンガポール・インドネシア・マレーシア／5G・4G高速データ通信／パスポート登録不要／180日有効""], ""seller"": [""スマートeSIM""], ""seller_badge"": [""search_result: Power seller""]}"
qoo10_jp,vn,【ベトナム eSIM】 正規eSIM 超高速3-5日間 データ通信専用 即発行即利用可能 ベトナムeSIM 3-5日間 QRコードで ベトナム esim,660,3,Power seller,83,,,,5일,5일,3일,local,unknown,,,"{""viettel"": null, ""vinaphone"": null, ""mobifone"": null, ""vietnamobile"": null}","{""skt"": null, ""kt"": null, ""lgu"": null}",unlimited,https://www.qoo10.jp/item/%e3%83%99%e3%83%88%e3%83%8a%e3%83%a0-ESIM-%e6%ad%a3%e8%a6%8fESIM-%e8%b6%85%e9%ab%98%e9%80%9f3-5%e6%97%a5%e9%96%93-%e3%83%87%e3%83%bc%e3%82%bf%e9%80%9a%e4%bf%a1%e5%b0%82%e7%94%a8-%e5%8d%b3%e7%99%ba%e8%a1%8c%e5%8d%b3%e5%88%a9%e7%94%a8%e5%8f%af%e8%83%bd-%e3%83%99%e3%83%88%e3%83%8a%e3%83%a0ESIM-3-5%e6%97%a5%e9%96%93-QR%e3%82%b3%e3%83%bc%e3%83%89%e3%81%a7/1192692036,,1192692036,正規eSIM 超高速 安心保証⚡,,"{""title"": [""【ベトナム eSIM】 正規eSIM 超高速3-5日間 データ通信専用 即発行即利用可能 ベトナムeSIM 3-5日間 QRコードで ベトナム esim""], ""option_candidates"": [""ベトナム 2日（超高速無限データ）"", ""ベトナム 3日（超高速無限データ）"", ""ベトナム 4日（超高速無限データ）""], ""representative_option"": [""ベトナム 5日（超高速無限データ）"", ""title_match_score=6""], ""price_jpy"": [""販売価格 660円 + option surcharge 0"", ""ベトナム 5日（超高速無限データ）""], ""usage_validity"": [""ベトナム 5日（超高速無限データ）""], ""activation_validity"": [""【フィリピンeSIM】3日間(72時間) データ通信無制限 オンラインサービスにて即日送信(LINE相談受付中) 有効期限 / ご購入日より90日以内 フィリピンSIM セブ島 1,550円 4.6 (25) 1,240 円 メガ割時""], ""data_amount"": [""ベトナム 5日（超高速無限データ）""], ""network_type"": [""qoo10_local_signal: 【SKTelecoｍ公式認証】韓国eSIM 3日間(72時間) 電話番号付き 超高速データ無制限 最初の5分発信無料(韓国国内) LINE即日発行 ご購入日より120日以内 韓国SIM 1,980円 1,620円 4.9 (37,975) 1,296 円 メガ割時""], ""network_generation"": [""no_lte_4g_or_5g_keyword_matched""], ""seller"": [""正規eSIM 超高速 安心保証⚡""], ""review_count"": [""search_result: 3""], ""seller_badge"": [""search_result: Power seller""]}"
qoo10_jp,vn,【ベトナム eSIM】 正規eSIM 超高速6-7日間 データ通信専用 即発行即利用可能 ベトナムeSIM 6-7日間 QRコードで ベトナム esim,1550,,Power seller,88,,,,7일,7일,6일,local,unknown,,,"{""viettel"": null, ""vinaphone"": null, ""mobifone"": null, ""vietnamobile"": null}","{""skt"": null, ""kt"": null, ""lgu"": null}",unlimited,https://www.qoo10.jp/item/%e3%83%99%e3%83%88%e3%83%8a%e3%83%a0-ESIM-%e6%ad%a3%e8%a6%8fESIM-%e8%b6%85%e9%ab%98%e9%80%9f6-7%e6%97%a5%e9%96%93-%e3%83%87%e3%83%bc%e3%82%bf%e9%80%9a%e4%bf%a1%e5%b0%82%e7%94%a8-%e5%8d%b3%e7%99%ba%e8%a1%8c%e5%8d%b3%e5%88%a9%e7%94%a8%e5%8f%af%e8%83%bd-%e3%83%99%e3%83%88%e3%83%8a%e3%83%a0ESIM-6-7%e6%97%a5%e9%96%93-QR%e3%82%b3%e3%83%bc%e3%83%89%e3%81%a7/1191679891,,1191679891,正規eSIM 超高速 安心保証⚡,,"{""title"": [""【ベトナム eSIM】 正規eSIM 超高速6-7日間 データ通信専用 即発行即利用可能 ベトナムeSIM 6-7日間 QRコードで ベトナム esim""], ""option_candidates"": [""ベトナム 4日（超高速無限データ）"", ""ベトナム 5日（超高速無限データ）"", ""ベトナム 6日（超高速無限データ）""], ""representative_option"": [""ベトナム 7日（超高速無限データ）"", ""title_match_score=6""], ""price_jpy"": [""販売価格 1,550円 + option surcharge 0"", ""ベトナム 7日（超高速無限データ）""], ""usage_validity"": [""ベトナム 7日（超高速無限データ）""], ""activation_validity"": [""【ベトナム eSIM】 正規eSIM 超高速6-7日間 データ通信専用 即発行即利用可能 ベトナムeSIM 6-7日間 QRコードで ベトナム esim""], ""data_amount"": [""ベトナム 7日（超高速無限データ）""], ""network_type"": [""qoo10_local_signal: 【SKTelecoｍ公式認証】韓国eSIM 3日間(72時間) 電話番号付き 超高速データ無制限 最初の5分発信無料(韓国国内) LINE即日発行 ご購入日より120日以内 韓国SIM 1,980円 1,620円 4.9 (37,975) 1,296 円 メガ割時""], ""network_generation"": [""no_lte_4g_or_5g_keyword_matched""], ""seller"": [""正規eSIM 超高速 安心保証⚡""], ""seller_badge"": [""search_result: Power seller""]}"
qoo10_jp,vn,【ベトナム eSIM】 正規eSIM 超高速3-5日間 データ通信専用 即発行即利用可能 ベトナムeSIM 3-5日間 QRコードで ベトナム esim,1080,,Power seller,89,,,,5일,5일,3일,local,unknown,,,"{""viettel"": null, ""vinaphone"": null, ""mobifone"": null, ""vietnamobile"": null}","{""skt"": null, ""kt"": null, ""lgu"": null}",unlimited,https://www.qoo10.jp/item/%e3%83%99%e3%83%88%e3%83%8a%e3%83%a0-ESIM-%e6%ad%a3%e8%a6%8fESIM-%e8%b6%85%e9%ab%98%e9%80%9f3-5%e6%97%a5%e9%96%93-%e3%83%87%e3%83%bc%e3%82%bf%e9%80%9a%e4%bf%a1%e5%b0%82%e7%94%a8-%e5%8d%b3%e7%99%ba%e8%a1%8c%e5%8d%b3%e5%88%a9%e7%94%a8%e5%8f%af%e8%83%bd-%e3%83%99%e3%83%88%e3%83%8a%e3%83%a0ESIM-3-5%e6%97%a5%e9%96%93-QR%e3%82%b3%e3%83%bc%e3%83%89%e3%81%a7/1191679835,,1191679835,正規eSIM 超高速 安心保証⚡,,"{""title"": [""【ベトナム eSIM】 正規eSIM 超高速3-5日間 データ通信専用 即発行即利用可能 ベトナムeSIM 3-5日間 QRコードで ベトナム esim""], ""option_candidates"": [""ベトナム 3日 （超高速無限データ）"", ""ベトナム 4日（超高速無限データ）"", ""ベトナム 5日（超高速無限データ）""], ""representative_option"": [""ベトナム 5日（超高速無限データ）"", ""title_match_score=6""], ""price_jpy"": [""販売価格 1,080円 + option surcharge 0"", ""ベトナム 5日（超高速無限データ）""], ""usage_validity"": [""ベトナム 5日（超高速無限データ）""], ""activation_validity"": [""【フィリピンeSIM】3日間(72時間) データ通信無制限 オンラインサービスにて即日送信(LINE相談受付中) 有効期限 / ご購入日より90日以内 フィリピンSIM セブ島 1,550円 4.6 (25) 1,240 円 メガ割時""], ""data_amount"": [""ベトナム 5日（超高速無限データ）""], ""network_type"": [""qoo10_local_signal: 【SKTelecoｍ公式認証】韓国eSIM 3日間(72時間) 電話番号付き 超高速データ無制限 最初の5分発信無料(韓国国内) LINE即日発行 ご購入日より120日以内 韓国SIM 1,980円 1,620円 4.9 (37,975) 1,296 円 メガ割時""], ""network_generation"": [""no_lte_4g_or_5g_keyword_matched""], ""seller"": [""正規eSIM 超高速 安心保証⚡""], ""seller_badge"": [""search_result: Power seller""]}"
qoo10_jp,vn,【ベトナム eSIM データ無制限】ベトナム eSIM 正規eSIM 超高速 6-10日間 データ無制限 eSIM 6日間 無制限 QRコードで ベトナム esim 7日間 esimベトナム,990,,Power seller,91,,,,10일,10일,6일,local,unknown,,,"{""viettel"": null, ""vinaphone"": null, ""mobifone"": null, ""vietnamobile"": null}","{""skt"": null, ""kt"": null, ""lgu"": null}",unlimited,https://www.qoo10.jp/item/%e3%83%99%e3%83%88%e3%83%8a%e3%83%a0-ESIM-%e3%83%87%e3%83%bc%e3%82%bf%e7%84%a1%e5%88%b6%e9%99%90-%e3%83%99%e3%83%88%e3%83%8a%e3%83%a0-ESIM-%e6%ad%a3%e8%a6%8fESIM-%e8%b6%85%e9%ab%98%e9%80%9f-6-10%e6%97%a5%e9%96%93-%e3%83%87%e3%83%bc%e3%82%bf%e7%84%a1%e5%88%b6%e9%99%90-ESIM-6%e6%97%a5%e9%96%93/1191440860,,1191440860,正規eSIM 即時対応 100万枚突破 ...,,"{""title"": [""【ベトナム eSIM データ無制限】ベトナム eSIM 正規eSIM 超高速 6-10日間 データ無制限 eSIM 6日間 無制限 QRコードで ベトナム esim 7日間 esimベトナム""], ""option_candidates"": [""ベトナム 5日（超高速無限データ）"", ""ベトナム 6日（超高速無限データ）"", ""ベトナム 7日（超高速無限データ）""], ""representative_option"": [""ベトナム 10日（超高速無限データ）"", ""title_match_score=8""], ""price_jpy"": [""販売価格 990円 + option surcharge 0"", ""ベトナム 10日（超高速無限データ）""], ""usage_validity"": [""ベトナム 10日（超高速無限データ）""], ""activation_validity"": [""【ベトナム eSIM データ無制限】ベトナム eSIM 正規eSIM 超高速 6-10日間 データ無制限 eSIM 6日間 無制限 QRコードで ベトナム esim 7日間 esimベトナム""], ""data_amount"": [""ベトナム 10日（超高速無限データ）""], ""network_type"": [""qoo10_local_signal: 【SKTelecoｍ公式認証】韓国eSIM 3日間(72時間) 電話番号付き 超高速データ無制限 最初の5分発信無料(韓国国内) LINE即日発行 ご購入日より120日以内 韓国SIM 1,980円 1,620円 4.9 (37,975) 1,296 円 メガ割時""], ""network_generation"": [""no_lte_4g_or_5g_keyword_matched""], ""seller"": [""正規eSIM 即時対応 100万枚突破 ...""], ""seller_badge"": [""search_result: Power seller""]}"
qoo10_jp,vn,【ベトナム eSIM データ無制限】ベトナム eSIM 正規eSIM 超高速 10日間 データ無制限 eSIM 10日間 無制限 QRコードで ベトナム esim 10日間 esimベトナム,680,3,Power seller,92,,,,10일,10일,10일,local,unknown,,,"{""viettel"": null, ""vinaphone"": null, ""mobifone"": null, ""vietnamobile"": null}","{""skt"": null, ""kt"": null, ""lgu"": null}",unlimited,https://www.qoo10.jp/item/%e3%83%99%e3%83%88%e3%83%8a%e3%83%a0-ESIM-%e3%83%87%e3%83%bc%e3%82%bf%e7%84%a1%e5%88%b6%e9%99%90-%e3%83%99%e3%83%88%e3%83%8a%e3%83%a0-ESIM-%e6%ad%a3%e8%a6%8fESIM-%e8%b6%85%e9%ab%98%e9%80%9f-10%e6%97%a5%e9%96%93-%e3%83%87%e3%83%bc%e3%82%bf%e7%84%a1%e5%88%b6%e9%99%90-ESIM-10%e6%97%a5%e9%96%93/1191440272,,1191440272,正規eSIM 即時対応 100万枚突破 ...,,"{""title"": [""【ベトナム eSIM データ無制限】ベトナム eSIM 正規eSIM 超高速 10日間 データ無制限 eSIM 10日間 無制限 QRコードで ベトナム esim 10日間 esimベトナム""], ""option_candidates"": [""ベトナム 5日（超高速無限データ）"", ""ベトナム 10日（超高速無限データ）""], ""representative_option"": [""ベトナム 10日（超高速無限データ）"", ""title_match_score=8""], ""price_jpy"": [""販売価格 680円 + option surcharge 0"", ""ベトナム 10日（超高速無限データ）""], ""usage_validity"": [""ベトナム 10日（超高速無限データ）""], ""activation_validity"": [""【ベトナム eSIM データ無制限】ベトナム eSIM 正規eSIM 超高速 10日間 データ無制限 eSIM 10日間 無制限 QRコードで ベトナム esim 10日間 esimベトナム""], ""data_amount"": [""ベトナム 10日（超高速無限データ）""], ""network_type"": [""qoo10_local_signal: 【SKTelecoｍ公式認証】韓国eSIM 3日間(72時間) 電話番号付き 超高速データ無制限 最初の5分発信無料(韓国国内) LINE即日発行 ご購入日より120日以内 韓国SIM 1,980円 1,620円 4.9 (37,975) 1,296 円 メガ割時""], ""network_generation"": [""fallback_5g: source:review_list: 5 5 tos*** 2026.08.18 目的地:ベトナム 5日（超高速無限データ） 安心保証:（日本は事前にQRコードを読み取り 目的地に着いたら時間の計算を開始します。） オプション : 目的地:ベトナム 5日（超高速無限データ） / 安心保証:（日本は事前にQRコードを読み取り 目的地に着いたら時間の計算を開始"", ""fallback_only_network_generation_signal""], ""seller"": [""正規eSIM 即時対応 100万枚突破 ...""], ""review_count"": [""search_result: 3""], ""seller_badge"": [""search_result: Power seller""]}"
qoo10_jp,vn,【ベトナム eSIM】 正規eSIM 超高速6-7日間 データ通信専用 即発行即利用可能 ベトナムeSIM 6-7日間 QRコードで ベトナム esim,1550,,Power seller,94,,,,7일,7일,6일,local,unknown,,,"{""viettel"": null, ""vinaphone"": null, ""mobifone"": null, ""vietnamobile"": null}","{""skt"": null, ""kt"": null, ""lgu"": null}",unlimited,https://www.qoo10.jp/item/%e3%83%99%e3%83%88%e3%83%8a%e3%83%a0-ESIM-%e6%ad%a3%e8%a6%8fESIM-%e8%b6%85%e9%ab%98%e9%80%9f6-7%e6%97%a5%e9%96%93-%e3%83%87%e3%83%bc%e3%82%bf%e9%80%9a%e4%bf%a1%e5%b0%82%e7%94%a8-%e5%8d%b3%e7%99%ba%e8%a1%8c%e5%8d%b3%e5%88%a9%e7%94%a8%e5%8f%af%e8%83%bd-%e3%83%99%e3%83%88%e3%83%8a%e3%83%a0ESIM-6-7%e6%97%a5%e9%96%93-QR%e3%82%b3%e3%83%bc%e3%83%89%e3%81%a7/1190707091,,1190707091,正規eSIM 即時対応 180万枚突破 ...,,"{""title"": [""【ベトナム eSIM】 正規eSIM 超高速6-7日間 データ通信専用 即発行即利用可能 ベトナムeSIM 6-7日間 QRコードで ベトナム esim""], ""option_candidates"": [""ベトナム 4日（超高速無限データ）"", ""ベトナム 5日（超高速無限データ）"", ""ベトナム 6日（超高速無限データ）""], ""representative_option"": [""ベトナム 7日（超高速無限データ）"", ""title_match_score=6""], ""price_jpy"": [""販売価格 1,550円 + option surcharge 0"", ""ベトナム 7日（超高速無限データ）""], ""usage_validity"": [""ベトナム 7日（超高速無限データ）""], ""activation_validity"": [""【ベトナム eSIM】 正規eSIM 超高速6-7日間 データ通信専用 即発行即利用可能 ベトナムeSIM 6-7日間 QRコードで ベトナム esim""], ""data_amount"": [""ベトナム 7日（超高速無限データ）""], ""network_type"": [""qoo10_local_signal: 【SKTelecoｍ公式認証】韓国eSIM 3日間(72時間) 電話番号付き 超高速データ無制限 最初の5分発信無料(韓国国内) LINE即日発行 ご購入日より120日以内 韓国SIM 1,980円 1,620円 4.9 (37,975) 1,296 円 メガ割時""], ""network_generation"": [""no_lte_4g_or_5g_keyword_matched""], ""seller"": [""正規eSIM 即時対応 180万枚突破 ...""], ""seller_badge"": [""search_result: Power seller""]}"
qoo10_jp,vn,ベトナム用データSIMカード 3日間 1日1GB高速＋低速無制限 日本国内即日発送（Amazon倉庫）,1385,,General seller,95,,,,3일,3일,3일,local,unknown,,,"{""viettel"": null, ""vinaphone"": null, ""mobifone"": null, ""vietnamobile"": null}","{""skt"": null, ""kt"": null, ""lgu"": null}",1GB/day,https://www.qoo10.jp/item/%e3%83%99%e3%83%88%e3%83%8a%e3%83%a0%e7%94%a8%e3%83%87%e3%83%bc%e3%82%bfSIM%e3%82%ab%e3%83%bc%e3%83%89-3%e6%97%a5%e9%96%93-1%e6%97%a51GB%e9%ab%98%e9%80%9f%ef%bc%8b%e4%bd%8e%e9%80%9f%e7%84%a1%e5%88%b6%e9%99%90-%e6%97%a5%e6%9c%ac%e5%9b%bd%e5%86%85%e5%8d%b3%e6%97%a5%e7%99%ba%e9%80%81%ef%bc%88AMAZON%e5%80%89%e5%ba%ab%ef%bc%89/1190355748,,1190355748,ESIMTONG 公式ストア,,"{""title"": [""ベトナム用データSIMカード 3日間 1日1GB高速＋低速無制限 日本国内即日発送（Amazon倉庫）""], ""price_jpy"": [""販売価格 1,385円""], ""usage_validity"": [""ベトナム用データSIMカード 3日間 1日1GB高速＋低速無制限 日本国内即日発送（Amazon倉庫）""], ""activation_validity"": [""【フィリピンeSIM】3日間(72時間) データ通信無制限 オンラインサービスにて即日送信(LINE相談受付中) 有効期限 / ご購入日より90日以内 フィリピンSIM セブ島 1,550円 4.6 (25) 1,240 円 メガ割時""], ""data_amount"": [""ベトナム用データSIMカード 3日間 1日1GB高速＋低速無制限 日本国内即日発送（Amazon倉庫）""], ""network_type"": [""qoo10_local_signal: 【SKTelecoｍ公式認証】韓国eSIM 3日間(72時間) 電話番号付き 超高速データ無制限 最初の5分発信無料(韓国国内) LINE即日発行 ご購入日より120日以内 韓国SIM 1,980円 1,620円 4.9 (37,975) 1,296 円 メガ割時""], ""network_generation"": [""no_lte_4g_or_5g_keyword_matched""], ""seller"": [""ESIMTONG 公式ストア""], ""seller_badge"": [""search_result: General seller""]}"
qoo10_jp,vn,ベトナム用データSIMカード 1日間 1日1GB高速＋低速無制限 日本国内即日発送（Amazon倉庫）,1001,,General seller,96,,,,1일,1일,3일,local,unknown,,,"{""viettel"": null, ""vinaphone"": null, ""mobifone"": null, ""vietnamobile"": null}","{""skt"": null, ""kt"": null, ""lgu"": null}",1GB/day,https://www.qoo10.jp/item/%e3%83%99%e3%83%88%e3%83%8a%e3%83%a0%e7%94%a8%e3%83%87%e3%83%bc%e3%82%bfSIM%e3%82%ab%e3%83%bc%e3%83%89-1%e6%97%a5%e9%96%93-1%e6%97%a51GB%e9%ab%98%e9%80%9f%ef%bc%8b%e4%bd%8e%e9%80%9f%e7%84%a1%e5%88%b6%e9%99%90-%e6%97%a5%e6%9c%ac%e5%9b%bd%e5%86%85%e5%8d%b3%e6%97%a5%e7%99%ba%e9%80%81%ef%bc%88AMAZON%e5%80%89%e5%ba%ab%ef%bc%89/1190355718,,1190355718,ESIMTONG 公式ストア,,"{""title"": [""ベトナム用データSIMカード 1日間 1日1GB高速＋低速無制限 日本国内即日発送（Amazon倉庫）""], ""price_jpy"": [""販売価格 1,001円""], ""usage_validity"": [""ベトナム用データSIMカード 1日間 1日1GB高速＋低速無制限 日本国内即日発送（Amazon倉庫）""], ""activation_validity"": [""【フィリピンeSIM】3日間(72時間) データ通信無制限 オンラインサービスにて即日送信(LINE相談受付中) 有効期限 / ご購入日より90日以内 フィリピンSIM セブ島 1,550円 4.6 (25) 1,240 円 メガ割時""], ""data_amount"": [""ベトナム用データSIMカード 1日間 1日1GB高速＋低速無制限 日本国内即日発送（Amazon倉庫）""], ""network_type"": [""qoo10_local_signal: 【SKTelecoｍ公式認証】韓国eSIM 3日間(72時間) 電話番号付き 超高速データ無制限 最初の5分発信無料(韓国国内) LINE即日発行 ご購入日より120日以内 韓国SIM 1,980円 1,620円 4.9 (37,975) 1,296 円 メガ割時""], ""network_generation"": [""no_lte_4g_or_5g_keyword_matched""], ""seller"": [""ESIMTONG 公式ストア""], ""seller_badge"": [""search_result: General seller""]}"
qoo10_jp,vn,ベトナム用データSIMカード 5日間 1日500MB高速＋低速無制限 日本国内即日発送（Amazon倉庫）,1375,0,General seller,97,,,,3일,3일,5일,local,unknown,,,"{""viettel"": null, ""vinaphone"": null, ""mobifone"": null, ""vietnamobile"": null}","{""skt"": null, ""kt"": null, ""lgu"": null}",500MB/day,https://www.qoo10.jp/item/%e3%83%99%e3%83%88%e3%83%8a%e3%83%a0%e7%94%a8%e3%83%87%e3%83%bc%e3%82%bfSIM%e3%82%ab%e3%83%bc%e3%83%89-5%e6%97%a5%e9%96%93-1%e6%97%a5500MB%e9%ab%98%e9%80%9f%ef%bc%8b%e4%bd%8e%e9%80%9f%e7%84%a1%e5%88%b6%e9%99%90-%e6%97%a5%e6%9c%ac%e5%9b%bd%e5%86%85%e5%8d%b3%e6%97%a5%e7%99%ba%e9%80%81%ef%bc%88AMAZON%e5%80%89%e5%ba%ab%ef%bc%89/1190355644,,1190355644,ESIMTONG 公式ストア,,"{""title"": [""ベトナム用データSIMカード 5日間 1日500MB高速＋低速無制限 日本国内即日発送（Amazon倉庫）""], ""price_jpy"": [""販売価格 1,375円""], ""usage_validity"": [""【フィリピンeSIM】3日間(72時間) データ通信無制限 オンラインサービスにて即日送信(LINE相談受付中) 有効期限 / ご購入日より90日以内 フィリピンSIM セブ島 1,550円 4.6 (25) 1,240 円 メガ割時""], ""activation_validity"": [""ベトナム用データSIMカード 5日間 1日500MB高速＋低速無制限 日本国内即日発送（Amazon倉庫）""], ""data_amount"": [""ベトナム用データSIMカード 5日間 1日500MB高速＋低速無制限 日本国内即日発送（Amazon倉庫）""], ""network_type"": [""qoo10_local_signal: 【SKTelecoｍ公式認証】韓国eSIM 3日間(72時間) 電話番号付き 超高速データ無制限 最初の5分発信無料(韓国国内) LINE即日発行 ご購入日より120日以内 韓国SIM 1,980円 1,620円 4.9 (37,975) 1,296 円 メガ割時""], ""network_generation"": [""no_lte_4g_or_5g_keyword_matched""], ""seller"": [""ESIMTONG 公式ストア""], ""review_count"": [""detail_page: 0""], ""seller_badge"": [""search_result: General seller""]}"
qoo10_jp,vn,ベトナム用データSIMカード 3日間 1日500MB高速＋低速無制限 日本国内即日発送（Amazon倉庫）,1177,0,General seller,98,,,,3일,3일,3일,local,unknown,,,"{""viettel"": null, ""vinaphone"": null, ""mobifone"": null, ""vietnamobile"": null}","{""skt"": null, ""kt"": null, ""lgu"": null}",500MB/day,https://www.qoo10.jp/item/%e3%83%99%e3%83%88%e3%83%8a%e3%83%a0%e7%94%a8%e3%83%87%e3%83%bc%e3%82%bfSIM%e3%82%ab%e3%83%bc%e3%83%89-3%e6%97%a5%e9%96%93-1%e6%97%a5500MB%e9%ab%98%e9%80%9f%ef%bc%8b%e4%bd%8e%e9%80%9f%e7%84%a1%e5%88%b6%e9%99%90-%e6%97%a5%e6%9c%ac%e5%9b%bd%e5%86%85%e5%8d%b3%e6%97%a5%e7%99%ba%e9%80%81%ef%bc%88AMAZON%e5%80%89%e5%ba%ab%ef%bc%89/1190349643,,1190349643,ESIMTONG 公式ストア,,"{""title"": [""ベトナム用データSIMカード 3日間 1日500MB高速＋低速無制限 日本国内即日発送（Amazon倉庫）""], ""price_jpy"": [""販売価格 1,177円""], ""usage_validity"": [""ベトナム用データSIMカード 3日間 1日500MB高速＋低速無制限 日本国内即日発送（Amazon倉庫）""], ""activation_validity"": [""【フィリピンeSIM】3日間(72時間) データ通信無制限 オンラインサービスにて即日送信(LINE相談受付中) 有効期限 / ご購入日より90日以内 フィリピンSIM セブ島 1,550円 4.6 (25) 1,240 円 メガ割時""], ""data_amount"": [""ベトナム用データSIMカード 3日間 1日500MB高速＋低速無制限 日本国内即日発送（Amazon倉庫）""], ""network_type"": [""qoo10_local_signal: 【SKTelecoｍ公式認証】韓国eSIM 3日間(72時間) 電話番号付き 超高速データ無制限 最初の5分発信無料(韓国国内) LINE即日発行 ご購入日より120日以内 韓国SIM 1,980円 1,620円 4.9 (37,975) 1,296 円 メガ割時""], ""network_generation"": [""no_lte_4g_or_5g_keyword_matched""], ""seller"": [""ESIMTONG 公式ストア""], ""review_count"": [""detail_page: 0""], ""seller_badge"": [""search_result: General seller""]}"
qoo10_jp,vn,【ベトナム eSIM】 正規eSIM 超高速3-5日間 データ通信専用 即発行即利用可能 ベトナムeSIM 3-5日間 QRコードで ベトナム esim,1080,,Power seller,99,,,,5일,5일,3일,local,unknown,,,"{""viettel"": null, ""vinaphone"": null, ""mobifone"": null, ""vietnamobile"": null}","{""skt"": null, ""kt"": null, ""lgu"": null}",unlimited,https://www.qoo10.jp/item/%e3%83%99%e3%83%88%e3%83%8a%e3%83%a0-ESIM-%e6%ad%a3%e8%a6%8fESIM-%e8%b6%85%e9%ab%98%e9%80%9f3-5%e6%97%a5%e9%96%93-%e3%83%87%e3%83%bc%e3%82%bf%e9%80%9a%e4%bf%a1%e5%b0%82%e7%94%a8-%e5%8d%b3%e7%99%ba%e8%a1%8c%e5%8d%b3%e5%88%a9%e7%94%a8%e5%8f%af%e8%83%bd-%e3%83%99%e3%83%88%e3%83%8a%e3%83%a0ESIM-3-5%e6%97%a5%e9%96%93-QR%e3%82%b3%e3%83%bc%e3%83%89%e3%81%a7/1189955745,,1189955745,正規eSIM 即時対応 180万枚突破 ...,,"{""title"": [""【ベトナム eSIM】 正規eSIM 超高速3-5日間 データ通信専用 即発行即利用可能 ベトナムeSIM 3-5日間 QRコードで ベトナム esim""], ""option_candidates"": [""ベトナム 3日 （超高速無限データ）"", ""ベトナム 4日（超高速無限データ）"", ""ベトナム 5日（超高速無限データ）""], ""representative_option"": [""ベトナム 5日（超高速無限データ）"", ""title_match_score=6""], ""price_jpy"": [""販売価格 1,080円 + option surcharge 0"", ""ベトナム 5日（超高速無限データ）""], ""usage_validity"": [""ベトナム 5日（超高速無限データ）""], ""activation_validity"": [""【フィリピンeSIM】3日間(72時間) データ通信無制限 オンラインサービスにて即日送信(LINE相談受付中) 有効期限 / ご購入日より90日以内 フィリピンSIM セブ島 1,550円 4.6 (25) 1,240 円 メガ割時""], ""data_amount"": [""ベトナム 5日（超高速無限データ）""], ""network_type"": [""qoo10_local_signal: 【SKTelecoｍ公式認証】韓国eSIM 3日間(72時間) 電話番号付き 超高速データ無制限 最初の5分発信無料(韓国国内) LINE即日発行 ご購入日より120日以内 韓国SIM 1,980円 1,620円 4.9 (37,975) 1,296 円 メガ割時""], ""network_generation"": [""no_lte_4g_or_5g_keyword_matched""], ""seller"": [""正規eSIM 即時対応 180万枚突破 ...""], ""seller_badge"": [""search_result: Power seller""]}"
