site,country,title,price_jpy,review_count,seller_badge,search_position,monthly_sold_count,is_bestseller,bestseller_rank,validity,usage_validity,activation_validity,network_type,network_generation,network_generation_inferred,network_generation_confidence,carrier_support_local,carrier_support_kr,data_amount,product_url,asin,site_product_id,seller,brand,evidence
amazon_jp,hk,【Almond eSIM】中国本土 eSIM 7日間10GB 高速データ 香港 マカオにも利用可能 中国ネット規制対象外 中国でもGoogle、LINE、YouTubeなど利用可能 出発前の接続テスト用 日本国内500MB eSIM付 24時間安心サポート 5G 4G-LTE対応 プリペイド eSIMカード China esimカード (7日間10GB高速データ),1310,107,,,200,,23,7일,7일,,roaming,lte_4g_only,,,"{""cmhk"": null, ""csl"": null, ""smartone"": null, ""three_hk"": true}","{""skt"": null, ""kt"": null, ""lgu"": null}",10GB,https://www.amazon.co.jp/eSIM%E3%80%91%E4%B8%AD%E5%9B%BD%E6%9C%AC%E5%9C%9F-%E4%B8%AD%E5%9B%BD%E3%83%8D%E3%83%83%E3%83%88%E8%A6%8F%E5%88%B6%E5%AF%BE%E8%B1%A1%E5%A4%96-%E4%B8%AD%E5%9B%BD%E3%81%A7%E3%82%82Google%E3%80%81LINE%E3%80%81YouTube%E3%81%AA%E3%81%A9%E5%88%A9%E7%94%A8%E5%8F%AF%E8%83%BD-24%E6%99%82%E9%96%93%E5%AE%89%E5%BF%83%E3%82%B5%E3%83%9D%E3%83%BC%E3%83%88-7%E6%97%A5%E9%96%9310GB%E9%AB%98%E9%80%9F%E3%83%87%E3%83%BC%E3%82%BF/dp/B0FT2SMGHG,B0FT2SMGHG,B0FT2SMGHG,株式会社ビッグコネクト,bigconnectのストアを表示,"{""price_jpy"": [""￥1,310""], ""usage_validity"": [""【Almond eSIM】中国本土 eSIM 7日間10GB 高速データ 香港 マカオにも利用可能 中国ネット規制対象外 中国でもGoogle、LINE、YouTubeなど利用可能 出発前の接続テスト用 日本国内500MB eSIM付 24時間安心サポート 5G 4G-LTE対応 プリペイド eSIMカード China esimカード (7日間10GB高速デ""], ""data_amount"": [""【データプラン】データ通信専用のeSIMです。中国大陸、香港、マカオを含む利用可能なプリペイドeSIMカード。利用開始日から7日間10GB まで4G/5G高速通信が使用可能。中国ネット規制対象外 中国でもGoogle、LINE、YouTubeなどVPNなしで利用可能、本人確認やSIMカード認証は不要です。""], ""network_type"": [""【中国ネット制限なし】中国本土での利用の場合は香港ローミング接続を行います。これにより中国政府のネット規制対象外となり、Google、Facebook、Twitter、Instagram等に接続可能です。中華圏渡航スケジュールに対応する手軽なプリペイドSIMカード。キャリア：中国：China Telecom 香港：3HK マカオ: CTM。"", ""商品の説明 中国本土でも、いつものネットを。 中国本土・香港・マカオで利用できるデータ通信専用eSIMです。中国本土では香港ローミング接続を利用し、VPNなしで外部サービスへアクセスできます。 中国本土でも、いつものサービスへ Google、LINE、YouTube、Instagram、Facebook、Yahoo!などに、専用VPNアプリの追加設定なしでア"", ""score: local=0, roaming=6""], ""network_generation"": [""product_info_cellular_4g_lte: source:product_info_cellular: 携帯電話技術 LTE""], ""carrier_support_local"": [""3HK: 【中国ネット制限なし】中国本土での利用の場合は香港ローミング接続を行います。これにより中国政府のネット規制対象外となり、Google、Facebook、Twitter、Instagram等に接続可能です。中華圏渡航スケジュールに対応する手軽なプリペイドSIMカード。キャリア：中国：China Tel"", ""3HK: 商品の説明 中国本土でも、いつものネットを。 中国本土・香港・マカオで利用できるデータ通信専用eSIMです。中国本土では香港ローミング接続を利用し、VPNなしで外部サービスへアクセスできます。 中国本土でも、いつものサービスへ Google、LINE、YouTube、Instagram、Facebo"", ""3HK: サービスプロバイダ China Telecom, 3HK, CTM"", ""3HK: 中国本土ではChina Telecom、香港では3HK、マカオではCTMのネットワークを利用します。中国本土では香港ローミング接続を行います。"", ""3HK: 中国本土ではChina Telecom、香港では3HK、マカオではCTMのネットワークを利用します。中国本土では香港ローミング接続を行います。""], ""monthly_sold_count"": [""Amazon.co.jp: 【Almond eSIM】中国本土 eSIM 7日間10GB 高速データ 香港 マカオにも利用可能 中国ネット規制対象外 中国でもGoogle、LINE、YouTubeなど利用可能 出発前の接続テスト用 日本国内500MB eSIM付 24時間安心サポート 5G 4G-LTE対応 プリペイド eSIMカード China esimカ""], ""review_count"": [""detail_page: (107)""], ""bestseller_rank"": [""Amazon 売れ筋ランキング 家電＆カメラ - 2,821位 ( 家電＆カメラの売れ筋ランキングを見る ) プリペイドSIMカード - 23位""], ""title"": [""【Almond eSIM】中国本土 eSIM 7日間10GB 高速データ 香港 マカオにも利用可能 中国ネット規制対象外 中国でもGoogle、LINE、YouTubeなど利用可能 出発前の接続テスト用 日本国内500MB eSIM付 24時間安心サポート 5G 4G-LTE対応 プリペイド eSIMカード China esimカード (7日間10GB高速データ)""]}"
amazon_jp,hk,【Almond eSIM】香港 マカオ eSIMプラン 3日間 完全無制限 4G-LTE 高速データ 使い放題 当日発行可能 出発前日本テスト用eSIM500MB 香港 マカオ プリペイドSIM 香港 esim 香港 マカオsim (3日間完全無制限),1405,308,,,100,,64,3일,3일,3일,local,5g_capable,,,"{""cmhk"": null, ""csl"": null, ""smartone"": true, ""three_hk"": null}","{""skt"": null, ""kt"": null, ""lgu"": null}",unlimited,https://www.amazon.co.jp/ESIM%E3%83%97%E3%83%A9%E3%83%B3-4G-LTE-%E5%BD%93%E6%97%A5%E7%99%BA%E8%A1%8C%E5%8F%AF%E8%83%BD-%E3%83%97%E3%83%AA%E3%83%9A%E3%82%A4%E3%83%89SIM-3%E6%97%A5%E9%96%93%E5%AE%8C%E5%85%A8%E7%84%A1%E5%88%B6%E9%99%90/dp/B0CPXYL72J,B0CPXYL72J,B0CPXYL72J,株式会社ビッグコネクト,bigconnectのストアを表示,"{""price_jpy"": [""￥1,405""], ""usage_validity"": [""【Almond eSIM】香港 マカオ eSIMプラン 3日間 完全無制限 4G-LTE 高速データ 使い放題 当日発行可能 出発前日本テスト用eSIM500MB 香港 マカオ プリペイドSIM 香港 esim 香港 マカオsim (3日間完全無制限)""], ""activation_validity"": [""【SKTelecoｍ公式認証】 韓国eSIM 3日間 (72時間) 電話番号付き 超高速データ無制限 最初の5分発信無料(韓国国内) お急ぎの方即時発行可(LINE相談受付中) 有効期限／ご購入日より120日以内 現地空港サポート(SKTelecomローミングセンター) SKテレコム正規品 韓国SIMカードタイプではありません""], ""data_amount"": [""【高速データ完全無制限】 通信専用eSIMになります。※データ容量無制限。高速データ使い放題。有効期限は、メールでのQRコード発行後1カ月です。""], ""network_type"": [""【現地キャリア利用】香港 マカオで使用できるeSIM、香港 マカオ渡航スケジュールに対応する手軽なeSIMカード。キャリア：香港：Smartone、HKT、3 マカオ:CTM ，香港 マカオでは信号が広く、ネットワークが安定し、速度が速いです。eSIMのsimカードはプリペイドsimカードと違って、挿入作業不要(iPhone・androidともeSIMのQR"", ""【チョコSIM 定額（Sプラン）】【中国の電話番号付きでアプリや施設サービスのSMS認証が可能】【データ容量】合計500MB/月【音声】合計20分間/月 データ/音声/SMS付きSIMカード 中国SIM マカオSIM China unicom ※こちらのSIMカードは契約後、毎月の基本料が発生いたします。※2024年11月1日から台湾でのご利用はできなくなり"", ""score: local=9, roaming=0""], ""network_generation"": [""product_info_cellular_5g: source:product_info_cellular: 携帯電話技術 5G LTE""], ""carrier_support_local"": [""SmarTone: 【現地キャリア利用】香港 マカオで使用できるeSIM、香港 マカオ渡航スケジュールに対応する手軽なeSIMカード。キャリア：香港：Smartone、HKT、3 マカオ:CTM ，香港 マカオでは信号が広く、ネットワークが安定し、速度が速いです。eSIMのsimカードはプリペイドsimカードと違って、"", ""SmarTone: サービスプロバイダ Smartone, HKT, 3, CTM""], ""monthly_sold_count"": [""Amazon.co.jp: 【Almond eSIM】香港 マカオ eSIMプラン 3日間 完全無制限 4G-LTE 高速データ 使い放題 当日発行可能 出発前日本テスト用eSIM500MB 香港 マカオ プリペイドSIM 香港 esim 香港 マカオsim (3日間完全無制限) : 家電＆カメラ 次に移動 メインコンテンツ この商品について この商品につい""], ""review_count"": [""detail_page: (308)""], ""bestseller_rank"": [""Amazon 売れ筋ランキング 家電＆カメラ - 5,749位 ( 家電＆カメラの売れ筋ランキングを見る ) プリペイドSIMカード - 64位""], ""title"": [""【Almond eSIM】香港 マカオ eSIMプラン 3日間 完全無制限 4G-LTE 高速データ 使い放題 当日発行可能 出発前日本テスト用eSIM500MB 香港 マカオ プリペイドSIM 香港 esim 香港 マカオsim (3日間完全無制限)""]}"
amazon_jp,hk,【中国 香港 マカオ eSIM】5日間 無制限 実名登録不要 高速データ通信 低速なし 中国ネット規制対象外 Line、Youtube、GoogleなどVPNなしで利用可能 QRコード設定 メール登録で納品 即日発行対応 急ぎの方LINEサポートあり 中国sim 香港sim マカオsim マグロeSIM,1917,102,,,200,,26,1일,1일,5일,unknown,lte_4g_only,,,"{""cmhk"": null, ""csl"": null, ""smartone"": null, ""three_hk"": null}","{""skt"": null, ""kt"": null, ""lgu"": null}",unlimited,https://www.amazon.co.jp/eSIM%E3%80%915%E6%97%A5%E9%96%93-%E4%B8%AD%E5%9B%BD%E3%83%8D%E3%83%83%E3%83%88%E8%A6%8F%E5%88%B6%E5%AF%BE%E8%B1%A1%E5%A4%96-Line%E3%80%81Youtube%E3%80%81Google%E3%81%AA%E3%81%A9VPN%E3%81%AA%E3%81%97%E3%81%A7%E5%88%A9%E7%94%A8%E5%8F%AF%E8%83%BD-%E6%80%A5%E3%81%8E%E3%81%AE%E6%96%B9LINE%E3%82%B5%E3%83%9D%E3%83%BC%E3%83%88%E3%81%82%E3%82%8A-%E3%83%9E%E3%82%B0%E3%83%ADeSIM/dp/B0DRVDQ1WP,B0DRVDQ1WP,B0DRVDQ1WP,マグロeSIM,マグロeSIMのストアを表示,"{""price_jpy"": [""￥1,917""], ""usage_validity"": [""【注意事項①】有効期限：eSIM QRコードを受け取ってから90日間です（有効期間内にご利用ください）。eSIMの使用期間については、24時間を1日とカウントされますので、ご了承ください。""], ""activation_validity"": [""【中国 香港 マカオ eSIM】5日間 無制限 実名登録不要 高速データ通信 低速なし 中国ネット規制対象外 Line、Youtube、GoogleなどVPNなしで利用可能 QRコード設定 メール登録で納品 即日発行対応 急ぎの方LINEサポートあり 中国sim 香港sim マカオsim マグロeSIM""], ""data_amount"": [""【特徴①】本商品は、高速データ通信が無制限に使用可能です。さらに、日本国内で使用できる500MBのデータも含まれており、詳しい情報は、予約後にお送りするメールの説明書をご確認ください。""], ""network_type"": [""local_signal: 【チョコSIM 定額（Sプラン）】【中国の電話番号付きでアプリや施設サービスのSMS認証が可能】【データ容量】合計500MB/月【音声】合計20分間/月 データ/音声/SMS付きSIMカード 中国SIM マカオSIM China unicom ※こちらのSIMカードは契約後、毎月の基本料が発生いたします。※2024年11月1日から台湾でのご利用はできなくなり"", ""roaming_signal: 商品の説明 購入前にご注意！ 注意事項①：ご購入後、商品画像に記載されたURLにアクセスし必要事項を入力→メールアドレスにPDFの説明書とeSIMのQRコードが届きます！ 注意事項②：SIMロックフリー端末、もしくはSIMフリー端末専用のサービスです。必ず、ご利用端末がeSIM対応かどうかご確認ください。 注意事項③：eSIM対応端末のみ利用可能。※通信キャ"", ""insufficient_or_conflicting_signals(local=6, roaming=3)""], ""network_generation"": [""product_info_cellular_4g_lte: source:product_info_cellular: 携帯電話技術 LTE""], ""monthly_sold_count"": [""Amazon.co.jp: 【中国 香港 マカオ eSIM】5日間 無制限 実名登録不要 高速データ通信 低速なし 中国ネット規制対象外 Line、Youtube、GoogleなどVPNなしで利用可能 QRコード設定 メール登録で納品 即日発行対応 急ぎの方LINEサポートあり 中国sim 香港sim マカオsim マグロeSIM : 家電＆カメラ 次に移動""], ""review_count"": [""detail_page: (102)""], ""bestseller_rank"": [""Amazon 売れ筋ランキング 家電＆カメラ - 2,983位 ( 家電＆カメラの売れ筋ランキングを見る ) プリペイドSIMカード - 26位""], ""title"": [""【中国 香港 マカオ eSIM】5日間 無制限 実名登録不要 高速データ通信 低速なし 中国ネット規制対象外 Line、Youtube、GoogleなどVPNなしで利用可能 QRコード設定 メール登録で納品 即日発行対応 急ぎの方LINEサポートあり 中国sim 香港sim マカオsim マグロeSIM""]}"
amazon_jp,hk,【Almond SIM】中国本土 simcard 7日間 7GB＋3GB高速データ 低速データ無制限 香港 マカオにも利用可能 中国ネット規制対象外 中国でもGoogle、LINE、YouTubeなど利用可能 24時間安心サポート 5G 4G-LTE対応 プリペイド SIMカード China simカード (7日間10GB高速データ),1310,36,,,,,285,3일,3일,7일,local,5g_capable,,,"{""cmhk"": null, ""csl"": null, ""smartone"": null, ""three_hk"": true}","{""skt"": null, ""kt"": null, ""lgu"": null}",7GB,https://www.amazon.co.jp/7GB%EF%BC%8B3GB%E9%AB%98%E9%80%9F%E3%83%87%E3%83%BC%E3%82%BF-%E4%B8%AD%E5%9B%BD%E3%83%8D%E3%83%83%E3%83%88%E8%A6%8F%E5%88%B6%E5%AF%BE%E8%B1%A1%E5%A4%96-%E4%B8%AD%E5%9B%BD%E3%81%A7%E3%82%82Google%E3%80%81LINE%E3%80%81YouTube%E3%81%AA%E3%81%A9%E5%88%A9%E7%94%A8%E5%8F%AF%E8%83%BD-24%E6%99%82%E9%96%93%E5%AE%89%E5%BF%83%E3%82%B5%E3%83%9D%E3%83%BC%E3%83%88-7%E6%97%A5%E9%96%9310GB%E9%AB%98%E9%80%9F%E3%83%87%E3%83%BC%E3%82%BF/dp/B0FKLK7L35,B0FKLK7L35,B0FKLK7L35,株式会社ビッグコネクト,bigconnectのストアを表示,"{""price_jpy"": [""￥1,310""], ""usage_validity"": [""【SKTelecoｍ公式認証】 韓国eSIM 3日間 (72時間) 電話番号付き 超高速データ無制限 最初の5分発信無料(韓国国内) お急ぎの方即時発行可(LINE相談受付中) 有効期限／ご購入日より120日以内 現地空港サポート(SKTelecomローミングセンター) SKテレコム正規品 韓国SIMカードタイプではありません""], ""activation_validity"": [""【Almond SIM】中国本土 simcard 7日間 7GB＋3GB高速データ 低速データ無制限 香港 マカオにも利用可能 中国ネット規制対象外 中国でもGoogle、LINE、YouTubeなど利用可能 24時間安心サポート 5G 4G-LTE対応 プリペイド SIMカード China simカード (7日間10GB高速データ)""], ""data_amount"": [""【データプラン】データ通信専用のSIMです。中国大陸、香港、マカオを含む利用可能なプリペイドSIMカード。利用開始日から7日間で7GB＋3GB まで4G/5G高速通信が使用可能（10GB 超過後は128kbpsを下回らない速度に低速化）7GB＋無料3GB（合計10GB）のデータがご利用可能です。中国ネット規制対象外 中国でもGoogle、LINE、YouTu""], ""network_type"": [""【SKTelecoｍ公式認証】 韓国eSIM 3日間 (72時間) 電話番号付き 超高速データ無制限 最初の5分発信無料(韓国国内) お急ぎの方即時発行可(LINE相談受付中) 有効期限／ご購入日より120日以内 現地空港サポート(SKTelecomローミングセンター) SKテレコム正規品 韓国SIMカードタイプではありません"", ""score: local=3, roaming=1""], ""network_generation"": [""product_info_cellular_5g: source:product_info_cellular: 携帯電話技術 5G 4G-Lte""], ""carrier_support_local"": [""3HK: 【中国ネット制限なし】中国本土での利用の場合は香港ローミング接続を行います。これにより中国政府のネット規制対象外となり、Google、Facebook、Twitter、Instagram等に接続可能です。中華圏渡航スケジュールに対応する手軽なプリペイドSIMカード。キャリア：中国：China Tel"", ""3HK: サービスプロバイダ 中国：China Telecom 香港：3HK マカオ: CTM""], ""review_count"": [""detail_page: (36)""], ""bestseller_rank"": [""Amazon 売れ筋ランキング 家電＆カメラ - 22,548位 ( 家電＆カメラの売れ筋ランキングを見る ) プリペイドSIMカード - 285位""], ""title"": [""【Almond SIM】中国本土 simcard 7日間 7GB＋3GB高速データ 低速データ無制限 香港 マカオにも利用可能 中国ネット規制対象外 中国でもGoogle、LINE、YouTubeなど利用可能 24時間安心サポート 5G 4G-LTE対応 プリペイド SIMカード China simカード (7日間10GB高速データ)""]}"
amazon_jp,hk,【中国 SIMカード】7日間 10GB高速データ＋低速無制限｜中国・香港・マカオ対応｜Google・LINE・YouTube利用可能｜プリペイドSIM｜24時間LINEサポート 中国sim 香港sim,1180,48,,,50,,95,7일,7일,7일,unknown,5g_capable,,,"{""cmhk"": null, ""csl"": null, ""smartone"": null, ""three_hk"": true}","{""skt"": null, ""kt"": null, ""lgu"": null}",10GB,https://www.amazon.co.jp/%E3%80%90%E4%B8%AD%E5%9B%BD-SIM%E3%82%AB%E3%83%BC%E3%83%89%E3%80%917%E6%97%A5%E9%96%93-10GB%E9%AB%98%E9%80%9F%E3%83%87%E3%83%BC%E3%82%BF%EF%BC%8B%E4%BD%8E%E9%80%9F%E7%84%A1%E5%88%B6%E9%99%90%EF%BD%9C%E4%B8%AD%E5%9B%BD%E3%83%BB%E9%A6%99%E6%B8%AF%E3%83%BB%E3%83%9E%E3%82%AB%E3%82%AA%E5%AF%BE%E5%BF%9C%EF%BD%9CGoogle%E3%83%BBLINE%E3%83%BBYouTube%E5%88%A9%E7%94%A8%E5%8F%AF%E8%83%BD%EF%BD%9C%E3%83%97%E3%83%AA%E3%83%9A%E3%82%A4%E3%83%89SIM%EF%BD%9C24%E6%99%82%E9%96%93LINE%E3%82%B5%E3%83%9D%E3%83%BC%E3%83%88-%E4%B8%AD%E5%9B%BDsim-%E9%A6%99%E6%B8%AFsim/dp/B0FPR78JW4,B0FPR78JW4,B0FPR78JW4,Global Simcard,アーモンド　ＳＩｍ　ｃａｒｄのストアを表示,"{""price_jpy"": [""￥1,180""], ""usage_validity"": [""【中国 SIMカード】7日間 10GB高速データ＋低速無制限｜中国・香港・マカオ対応｜Google・LINE・YouTube利用可能｜プリペイドSIM｜24時間LINEサポート 中国sim 香港sim""], ""activation_validity"": [""⭐【高速データ通信】中国本土・香港・マカオ対応。7日間で合計10GBまで4G/5G高速通信が利用可能。超過後も128kbpsで通信継続でき、低速無制限で安心。 ⭐【中国ネット制限なし】香港ローミング接続で中国政府の規制対象外。Google、LINE、YouTube、SNSなど主要アプリがVPN不要で利用可能。本人確認も不要です。 ⭐【有効期限】未使用なら購入""], ""data_amount"": [""⭐【高速データ通信】中国本土・香港・マカオ対応。7日間で合計10GBの4G/5G高速データ通信が利用可能。10GB超過後も最大128kbpsで通信でき、低速無制限でご利用いただけます。""], ""network_type"": [""roaming_signal: ⭐【高速データ通信】中国本土・香港・マカオ対応。7日間で合計10GBまで4G/5G高速通信が利用可能。超過後も128kbpsで通信継続でき、低速無制限で安心。 ⭐【中国ネット制限なし】香港ローミング接続で中国政府の規制対象外。Google、LINE、YouTube、SNSなど主要アプリがVPN不要で利用可能。本人確認も不要です。 ⭐【有効期限】未使用なら購入"", ""insufficient_or_conflicting_signals(local=0, roaming=1)""], ""network_generation"": [""product_info_cellular_5g: source:product_info_cellular: 携帯電話技術 5G/4G-LTE""], ""carrier_support_local"": [""3HK: ⭐【対応端末・対応キャリア】SIMフリー／SIMロック解除済みスマートフォン専用。中国本土：中国電信（China Telecom）、香港：3HK、マカオ：CTMなど現地ネットワークに対応。※一部機種ではご利用いただけない場合があります。キャリア版Galaxy端末は非対応のためご注意ください。タブレッ"", ""3HK: ⭐【高速データ通信】中国本土・香港・マカオ対応。7日間で合計10GBまで4G/5G高速通信が利用可能。超過後も128kbpsで通信継続でき、低速無制限で安心。 ⭐【中国ネット制限なし】香港ローミング接続で中国政府の規制対象外。Google、LINE、YouTube、SNSなど主要アプリがVPN不要で"", ""3HK: サービスプロバイダ China Telecom/3HK /CTM"", ""3HK: Amazon.co.jp: 【中国 SIMカード】7日間 10GB高速データ＋低速無制限｜中国・香港・マカオ対応｜Google・LINE・YouTube利用可能｜プリペイドSIM｜24時間LINEサポート 中国sim 香港sim : 家電＆カメラ 次に移動 メインコンテンツ この商品について この商""], ""monthly_sold_count"": [""Amazon.co.jp: 【中国 SIMカード】7日間 10GB高速データ＋低速無制限｜中国・香港・マカオ対応｜Google・LINE・YouTube利用可能｜プリペイドSIM｜24時間LINEサポート 中国sim 香港sim : 家電＆カメラ 次に移動 メインコンテンツ この商品について この商品について この商品について 購入オプション 類似商品と比較""], ""review_count"": [""detail_page: (48)""], ""bestseller_rank"": [""Amazon 売れ筋ランキング 家電＆カメラ - 8,190位 ( 家電＆カメラの売れ筋ランキングを見る ) プリペイドSIMカード - 95位""], ""title"": [""【中国 SIMカード】7日間 10GB高速データ＋低速無制限｜中国・香港・マカオ対応｜Google・LINE・YouTube利用可能｜プリペイドSIM｜24時間LINEサポート 中国sim 香港sim""]}"
amazon_jp,hk,【Almond eSIM】香港 マカオ eSIMプラン 5日間 完全無制限 4G-LTE 高速データ 使い放題 当日発行可能 出発前日本テスト用eSIM500MB 香港 マカオ プリペイドSIM 香港 esim 香港 マカオsim (5日間完全無制限),1880,308,,,,,64,5일,5일,7일,local,5g_capable,,,"{""cmhk"": null, ""csl"": null, ""smartone"": true, ""three_hk"": null}","{""skt"": null, ""kt"": null, ""lgu"": null}",unlimited,https://www.amazon.co.jp/ESIM%E3%83%97%E3%83%A9%E3%83%B3-4G-LTE-%E5%BD%93%E6%97%A5%E7%99%BA%E8%A1%8C%E5%8F%AF%E8%83%BD-%E3%83%97%E3%83%AA%E3%83%9A%E3%82%A4%E3%83%89SIM-5%E6%97%A5%E9%96%93%E5%AE%8C%E5%85%A8%E7%84%A1%E5%88%B6%E9%99%90/dp/B0CPY278Q9,B0CPY278Q9,B0CPY278Q9,株式会社ビッグコネクト,bigconnectのストアを表示,"{""price_jpy"": [""￥1,880""], ""usage_validity"": [""【Almond eSIM】香港 マカオ eSIMプラン 5日間 完全無制限 4G-LTE 高速データ 使い放題 当日発行可能 出発前日本テスト用eSIM500MB 香港 マカオ プリペイドSIM 香港 esim 香港 マカオsim (5日間完全無制限)""], ""activation_validity"": [""大中華区SIMカード-中国、香港、マカオ、台湾向けプリペイドデータプラン｜2 GB毎日データ、7日有効期限｜高速4/5 G LTE｜旅行者に最適""], ""data_amount"": [""【高速データ完全無制限】 通信専用eSIMになります。※データ容量無制限。高速データ使い放題。有効期限は、メールでのQRコード発行後1カ月です。""], ""network_type"": [""【現地キャリア利用】香港 マカオで使用できるeSIM、香港 マカオ渡航スケジュールに対応する手軽なeSIMカード。キャリア：香港：Smartone、HKT、3 マカオ:CTM ，香港 マカオでは信号が広く、ネットワークが安定し、速度が速いです。eSIMのsimカードはプリペイドsimカードと違って、挿入作業不要(iPhone・androidともeSIMのQR"", ""【チョコSIM 定額（Sプラン）】【中国の電話番号付きでアプリや施設サービスのSMS認証が可能】【データ容量】合計500MB/月【音声】合計20分間/月 データ/音声/SMS付きSIMカード 中国SIM マカオSIM China unicom ※こちらのSIMカードは契約後、毎月の基本料が発生いたします。※2024年11月1日から台湾でのご利用はできなくなり"", ""score: local=9, roaming=0""], ""network_generation"": [""product_info_cellular_5g: source:product_info_cellular: 携帯電話技術 5G LTE""], ""carrier_support_local"": [""SmarTone: 【現地キャリア利用】香港 マカオで使用できるeSIM、香港 マカオ渡航スケジュールに対応する手軽なeSIMカード。キャリア：香港：Smartone、HKT、3 マカオ:CTM ，香港 マカオでは信号が広く、ネットワークが安定し、速度が速いです。eSIMのsimカードはプリペイドsimカードと違って、"", ""SmarTone: サービスプロバイダ Smartone, HKT, 3, CTM""], ""review_count"": [""detail_page: (308)""], ""bestseller_rank"": [""Amazon 売れ筋ランキング 家電＆カメラ - 5,749位 ( 家電＆カメラの売れ筋ランキングを見る ) プリペイドSIMカード - 64位""], ""title"": [""【Almond eSIM】香港 マカオ eSIMプラン 5日間 完全無制限 4G-LTE 高速データ 使い放題 当日発行可能 出発前日本テスト用eSIM500MB 香港 マカオ プリペイドSIM 香港 esim 香港 マカオsim (5日間完全無制限)""]}"
amazon_jp,hk,中国・香港・マカオ用 プリペイドSIMカード｜5日間 10GB 高速データ｜4G/LTE SIMフリー端末用｜LINE・Instagram・GoogleがVPNなしで利用可能｜SIMピン付き・LINE 24時間サポート (5日間 | 10GB),1480,5,,,,,485,1일,1일,5일,unknown,lte_4g_only,,,"{""cmhk"": null, ""csl"": true, ""smartone"": null, ""three_hk"": null}","{""skt"": null, ""kt"": null, ""lgu"": null}",unlimited,https://www.amazon.co.jp/%E4%B8%AD%E5%9B%BD%E3%83%BB%E9%A6%99%E6%B8%AF%E3%83%BB%E3%83%9E%E3%82%AB%E3%82%AA%E7%94%A8-%E3%83%97%E3%83%AA%E3%83%9A%E3%82%A4%E3%83%89SIM%E3%82%AB%E3%83%BC%E3%83%89%EF%BD%9C5%E6%97%A5%E9%96%93-10GB-SIM%E3%83%95%E3%83%AA%E3%83%BC%E7%AB%AF%E6%9C%AB%E7%94%A8%EF%BD%9CLINE%E3%83%BBInstagram%E3%83%BBGoogle%E3%81%8CVPN%E3%81%AA%E3%81%97%E3%81%A7%E5%88%A9%E7%94%A8%E5%8F%AF%E8%83%BD%EF%BD%9CSIM%E3%83%94%E3%83%B3%E4%BB%98%E3%81%8D%E3%83%BBLINE-5%E6%97%A5%E9%96%93/dp/B0FNRFF5JS,B0FNRFF5JS,B0FNRFF5JS,mewmewホーム eSIM,ＭＥＷＭＥＷホームのストアを表示,"{""price_jpy"": [""￥1,480""], ""usage_validity"": [""【有効期限：2027年5月14日まで】利用予定日を事前に開通予約するだけでOK。SIMカードを端末に挿入すれば簡単にアクティベート！有効期限内なら好きなタイミングで利用可能。プランの日数は「24時間＝1日」でカウントされます。""], ""activation_validity"": [""中国・香港・マカオ用 プリペイドSIMカード｜5日間 10GB 高速データ｜4G/LTE SIMフリー端末用｜LINE・Instagram・GoogleがVPNなしで利用可能｜SIMピン付き・LINE 24時間サポート (5日間 | 10GB)""], ""data_amount"": [""【高速データ通信＋低速使い放題】中国本土・マカオは中華電信、香港はCSL回線を利用。5G/4G/LTE対応で、プランには高速データ（10GB）が含まれています。高速分を使い切った後も、低速データ通信を無制限でご利用いただけるので、地図検索やメッセージのやり取りなど基本的な利用は安心です。""], ""network_type"": [""no_local_or_roaming_keyword_matched""], ""network_generation"": [""product_info_cellular_4g_lte: source:product_info_cellular: 携帯電話技術 4G-LTE""], ""carrier_support_local"": [""CSL: 【高速データ通信＋低速使い放題】中国本土・マカオは中華電信、香港はCSL回線を利用。5G/4G/LTE対応で、プランには高速データ（10GB）が含まれています。高速分を使い切った後も、低速データ通信を無制限でご利用いただけるので、地図検索やメッセージのやり取りなど基本的な利用は安心です。"", ""CSL: サービスプロバイダ 中国本土・マカオ：中華電信 香港：CSL"", ""CSL: Amazon.co.jp: 中国・香港・マカオ用 プリペイドSIMカード｜5日間 10GB 高速データ｜4G/LTE SIMフリー端末用｜LINE・Instagram・GoogleがVPNなしで利用可能｜SIMピン付き・LINE 24時間サポート (5日間 | 10GB) : 家電＆カメラ 次に移動""], ""review_count"": [""detail_page: (5)""], ""bestseller_rank"": [""Amazon 売れ筋ランキング 家電＆カメラ - 41,126位 ( 家電＆カメラの売れ筋ランキングを見る ) プリペイドSIMカード - 485位""], ""title"": [""中国・香港・マカオ用 プリペイドSIMカード｜5日間 10GB 高速データ｜4G/LTE SIMフリー端末用｜LINE・Instagram・GoogleがVPNなしで利用可能｜SIMピン付き・LINE 24時間サポート (5日間 | 10GB)""]}"
amazon_jp,hk,【香港・マカオeSIM】4日間完全無制限（使い放題） LINE相談受付中｜データ通信専用（電話番号なし） | simフリー端末のみ対応 説明書付 イーシム simless,1630,16,,,50,,110,3일,3일,4일,local,lte_4g_only,,,"{""cmhk"": null, ""csl"": null, ""smartone"": null, ""three_hk"": null}","{""skt"": null, ""kt"": null, ""lgu"": null}",unlimited,https://www.amazon.co.jp/%E3%80%90%E9%A6%99%E6%B8%AF%E3%83%BB%E3%83%9E%E3%82%AB%E3%82%AAeSIM%E3%80%914%E6%97%A5%E9%96%93%E5%AE%8C%E5%85%A8%E7%84%A1%E5%88%B6%E9%99%90%EF%BC%88%E4%BD%BF%E3%81%84%E6%94%BE%E9%A1%8C%EF%BC%89-LINE%E7%9B%B8%E8%AB%87%E5%8F%97%E4%BB%98%E4%B8%AD%EF%BD%9C%E3%83%87%E3%83%BC%E3%82%BF%E9%80%9A%E4%BF%A1%E5%B0%82%E7%94%A8%EF%BC%88%E9%9B%BB%E8%A9%B1%E7%95%AA%E5%8F%B7%E3%81%AA%E3%81%97%EF%BC%89-sim%E3%83%95%E3%83%AA%E3%83%BC%E7%AB%AF%E6%9C%AB%E3%81%AE%E3%81%BF%E5%AF%BE%E5%BF%9C-%E8%AA%AC%E6%98%8E%E6%9B%B8%E4%BB%98-simless/dp/B0DV5PQ8MB,B0DV5PQ8MB,B0DV5PQ8MB,DeSiM,DeSiMのストアを表示,"{""price_jpy"": [""￥1,630""], ""usage_validity"": [""【SKTelecoｍ公式認証】 韓国eSIM 3日間 (72時間) 電話番号付き 超高速データ無制限 最初の5分発信無料(韓国国内) お急ぎの方即時発行可(LINE相談受付中) 有効期限／ご購入日より120日以内 現地空港サポート(SKTelecomローミングセンター) SKテレコム正規品 韓国SIMカードタイプではありません""], ""activation_validity"": [""【香港・マカオeSIM】4日間完全無制限（使い放題） LINE相談受付中｜データ通信専用（電話番号なし） | simフリー端末のみ対応 説明書付 イーシム simless""], ""data_amount"": [""商品の説明 購入前の注意事項 【注意事項】 注意事項①：電話番号は付与されませんので、ご注意ください。 注意事項②：SIMロックフリー端末、もしくはSIMフリー端末専用のサービスです。必ず、ご利用端末がeSIM対応かどうかご確認ください。 注意事項③：2021年10月1日以前にSIMロック解除をキャリア店頭またはインターネットでされた「Android端末」は""], ""network_type"": [""商品の説明 購入前の注意事項 【注意事項】 注意事項①：電話番号は付与されませんので、ご注意ください。 注意事項②：SIMロックフリー端末、もしくはSIMフリー端末専用のサービスです。必ず、ご利用端末がeSIM対応かどうかご確認ください。 注意事項③：2021年10月1日以前にSIMロック解除をキャリア店頭またはインターネットでされた「Android端末」は"", ""【チョコSIM 定額（Sプラン）】【中国の電話番号付きでアプリや施設サービスのSMS認証が可能】【データ容量】合計500MB/月【音声】合計20分間/月 データ/音声/SMS付きSIMカード 中国SIM マカオSIM China unicom ※こちらのSIMカードは契約後、毎月の基本料が発生いたします。※2024年11月1日から台湾でのご利用はできなくなり"", ""score: local=9, roaming=1""], ""network_generation"": [""product_info_cellular_4g_lte: source:product_info_cellular: 携帯電話技術 LTE""], ""monthly_sold_count"": [""Amazon.co.jp: 【香港・マカオeSIM】4日間完全無制限（使い放題） LINE相談受付中｜データ通信専用（電話番号なし） | simフリー端末のみ対応 説明書付 イーシム simless : 家電＆カメラ 次に移動 メインコンテンツ この商品について この商品について この商品について 購入オプション 類似商品と比較する ビデオ レビュー キーボ""], ""review_count"": [""detail_page: (16)""], ""bestseller_rank"": [""Amazon 売れ筋ランキング 家電＆カメラ - 9,612位 ( 家電＆カメラの売れ筋ランキングを見る ) プリペイドSIMカード - 110位""], ""title"": [""【香港・マカオeSIM】4日間完全無制限（使い放題） LINE相談受付中｜データ通信専用（電話番号なし） | simフリー端末のみ対応 説明書付 イーシム simless""]}"
amazon_jp,hk,【Almond SIM】中国本土・香港・マカオ対応 プリペイドSIMカード 7日間 10GB高速データ＋無制限低速データ 中国ネット規制対象外 Google/LINE/YouTube利用可 24時間多言語サポート 5G/4G対応 (7日間10GB高速データ),1380,19,,,,,217,7일,7일,,local,5g_capable,,,"{""cmhk"": null, ""csl"": null, ""smartone"": null, ""three_hk"": true}","{""skt"": null, ""kt"": null, ""lgu"": null}",10GB,https://www.amazon.co.jp/SIM%E3%80%91%E4%B8%AD%E5%9B%BD%E6%9C%AC%E5%9C%9F%E3%83%BB%E9%A6%99%E6%B8%AF%E3%83%BB%E3%83%9E%E3%82%AB%E3%82%AA%E5%AF%BE%E5%BF%9C-%E3%83%97%E3%83%AA%E3%83%9A%E3%82%A4%E3%83%89SIM%E3%82%AB%E3%83%BC%E3%83%89-10GB%E9%AB%98%E9%80%9F%E3%83%87%E3%83%BC%E3%82%BF%EF%BC%8B%E7%84%A1%E5%88%B6%E9%99%90%E4%BD%8E%E9%80%9F%E3%83%87%E3%83%BC%E3%82%BF-24%E6%99%82%E9%96%93%E5%A4%9A%E8%A8%80%E8%AA%9E%E3%82%B5%E3%83%9D%E3%83%BC%E3%83%88-7%E6%97%A5%E9%96%9310GB%E9%AB%98%E9%80%9F%E3%83%87%E3%83%BC%E3%82%BF/dp/B0FT7DH8PW,B0FT7DH8PW,B0FT7DH8PW,株式会社ビッグコネクト,bigconnectのストアを表示,"{""price_jpy"": [""￥1,380""], ""usage_validity"": [""【Almond SIM】中国本土・香港・マカオ対応 プリペイドSIMカード 7日間 10GB高速データ＋無制限低速データ 中国ネット規制対象外 Google/LINE/YouTube利用可 24時間多言語サポート 5G/4G対応 (7日間10GB高速データ)""], ""data_amount"": [""【データプラン】 データ通信専用プリペイドSIM。中国大陸・香港・マカオで利用可能。利用開始から7日間で合計10GBの高速データ通信が可能。10GBを超過した場合も、128kbps以下にならない低速通信が無制限でご利用いただけます。本人確認やSIM登録は不要です。""], ""network_type"": [""【純正T-Mobile用 アメリカSIM】eSIM 5日間【使い放題】【電話番号付き】5G/4G-LTE 高速データ通信/通話/SMS/テザリング 【アメリカ ハワイ 無制限】 プリペイド SIMカード TMO esim 5days"", ""score: local=3, roaming=1""], ""network_generation"": [""product_info_cellular_5g: source:product_info_cellular: 携帯電話技術 5G 4G-Lte""], ""carrier_support_local"": [""3HK: 【中国ネット規制なし】 中国本土では香港回線をローミング利用するため、中国政府のネット規制対象外となります。これにより、Google、LINE、Facebook、Twitter、YouTube、InstagramなどのサービスをVPN不要でご利用いただけます。キャリア：中国：中国電信（China T"", ""3HK: サービスプロバイダ 中国：China Telecom 香港：3HK マカオ: CTM""], ""review_count"": [""detail_page: (19)""], ""bestseller_rank"": [""Amazon 売れ筋ランキング 家電＆カメラ - 17,943位 ( 家電＆カメラの売れ筋ランキングを見る ) プリペイドSIMカード - 217位""], ""title"": [""【Almond SIM】中国本土・香港・マカオ対応 プリペイドSIMカード 7日間 10GB高速データ＋無制限低速データ 中国ネット規制対象外 Google/LINE/YouTube利用可 24時間多言語サポート 5G/4G対応 (7日間10GB高速データ)""]}"
amazon_jp,hk,【中国 香港 マカオeSIM】4日間 高速データ通信 低速なし 完全無制限 実名登録不要 中国ネット規制対象外 使い放題｜Google LINE YouTubeなどVPNなしで利用可能｜中国 simカード 香港sim マカオsim マカオeSIM プリペイド SIM eSIM｜旅行・出張・留学｜安心サポート 5G 4G-LTE対応 当日発行可能,950,95,,,,,49,1일,1일,4일,unknown,5g_capable,,,"{""cmhk"": null, ""csl"": null, ""smartone"": true, ""three_hk"": true}","{""skt"": null, ""kt"": null, ""lgu"": null}",unlimited,https://www.amazon.co.jp/%E3%83%9E%E3%82%AB%E3%82%AAeSIM%E3%80%914%E6%97%A5%E9%96%93-%E4%B8%AD%E5%9B%BD%E3%83%8D%E3%83%83%E3%83%88%E8%A6%8F%E5%88%B6%E5%AF%BE%E8%B1%A1%E5%A4%96-%E4%BD%BF%E3%81%84%E6%94%BE%E9%A1%8C%EF%BD%9CGoogle-YouTube%E3%81%AA%E3%81%A9VPN%E3%81%AA%E3%81%97%E3%81%A7%E5%88%A9%E7%94%A8%E5%8F%AF%E8%83%BD%EF%BD%9C%E4%B8%AD%E5%9B%BD-eSIM%EF%BD%9C%E6%97%85%E8%A1%8C%E3%83%BB%E5%87%BA%E5%BC%B5%E3%83%BB%E7%95%99%E5%AD%A6%EF%BD%9C%E5%AE%89%E5%BF%83%E3%82%B5%E3%83%9D%E3%83%BC%E3%83%88/dp/B0FDG6B86T,B0FDG6B86T,B0FDG6B86T,Global Travel SIM Card,onetoneのストアを表示,"{""price_jpy"": [""￥950""], ""usage_validity"": [""【有効期限について】eSIM カードはアクティベーション前の有効期限が 365 日です。アクティベーション後の有効期間は購入した日数と一致し、24 時間を 1 日として計算されます""], ""activation_validity"": [""【中国 香港 マカオeSIM】4日間 高速データ通信 低速なし 完全無制限 実名登録不要 中国ネット規制対象外 使い放題｜Google LINE YouTubeなどVPNなしで利用可能｜中国 simカード 香港sim マカオsim マカオeSIM プリペイド SIM eSIM｜旅行・出張・留学｜安心サポート 5G 4G-LTE対応 当日発行可能""], ""data_amount"": [""Amazon.co.jp: 【中国 香港 マカオeSIM】4日間 高速データ通信 低速なし 完全無制限 実名登録不要 中国ネット規制対象外 使い放題｜Google LINE YouTubeなどVPNなしで利用可能｜中国 simカード 香港sim マカオsim マカオeSIM プリペイド SIM eSIM｜旅行・出張・留学｜安心サポート 5G 4G-LTE対応""], ""network_type"": [""local_signal: 【チョコSIM 定額（Sプラン）】【中国の電話番号付きでアプリや施設サービスのSMS認証が可能】【データ容量】合計500MB/月【音声】合計20分間/月 データ/音声/SMS付きSIMカード 中国SIM マカオSIM China unicom ※こちらのSIMカードは契約後、毎月の基本料が発生いたします。※2024年11月1日から台湾でのご利用はできなくなり"", ""roaming_signal: 商品の説明 注意事項： 1. eSIMが提供する機能とサービス 現在のeSIMはデータ通信のみサポートしており、音声通話およびSMS機能はサポートしていません。 2. スマートフォンがeSIMをサポートしているかどうかの確認方法 「通話」画面で`*#06#`を入力すると、EID情報が表示されます。これはスマートフォンがeSIMのインストールをサポートしている"", ""insufficient_or_conflicting_signals(local=6, roaming=3)""], ""network_generation"": [""product_info_cellular_5g: source:product_info_cellular: 携帯電話技術 5G, 4G LTE""], ""carrier_support_local"": [""SmarTone, 3HK: サービスプロバイダ China Unicom/smartone/3HK""], ""review_count"": [""detail_page: (95)""], ""bestseller_rank"": [""Amazon 売れ筋ランキング 家電＆カメラ - 4,882位 ( 家電＆カメラの売れ筋ランキングを見る ) プリペイドSIMカード - 49位""], ""title"": [""【中国 香港 マカオeSIM】4日間 高速データ通信 低速なし 完全無制限 実名登録不要 中国ネット規制対象外 使い放題｜Google LINE YouTubeなどVPNなしで利用可能｜中国 simカード 香港sim マカオsim マカオeSIM プリペイド SIM eSIM｜旅行・出張・留学｜安心サポート 5G 4G-LTE対応 当日発行可能""]}"
amazon_jp,hk,【香港・マカオ eSIM】3日間完全無制限 （低速なし）DeSiM正規卸 | LINE相談受付中 |データ通信専用（電話番号なし） simフリー端末のみ対応 説明書付 イーシム(eSIM|3日完全無制限香港ﾏｶｵ) DeSiM,2120,53,,,,,204,3일,3일,7일,local,lte_4g_only,,,"{""cmhk"": null, ""csl"": null, ""smartone"": null, ""three_hk"": null}","{""skt"": null, ""kt"": null, ""lgu"": null}",unlimited,https://www.amazon.co.jp/eSIM%E3%80%913%E6%97%A5%E9%96%93%E5%AE%8C%E5%85%A8%E7%84%A1%E5%88%B6%E9%99%90-%EF%BC%88%E4%BD%8E%E9%80%9F%E3%81%AA%E3%81%97%EF%BC%89DeSiM%E6%AD%A3%E8%A6%8F%E5%8D%B8-%E3%83%87%E3%83%BC%E3%82%BF%E9%80%9A%E4%BF%A1%E5%B0%82%E7%94%A8%EF%BC%88%E9%9B%BB%E8%A9%B1%E7%95%AA%E5%8F%B7%E3%81%AA%E3%81%97%EF%BC%89-sim%E3%83%95%E3%83%AA%E3%83%BC%E7%AB%AF%E6%9C%AB%E3%81%AE%E3%81%BF%E5%AF%BE%E5%BF%9C-eSIM/dp/B0CTR26B2R,B0CTR26B2R,B0CTR26B2R,DeSiM,DeSiMのストアを表示,"{""price_jpy"": [""￥2,120""], ""usage_validity"": [""【香港・マカオ eSIM】3日間完全無制限 （低速なし）DeSiM正規卸 | LINE相談受付中 |データ通信専用（電話番号なし） simフリー端末のみ対応 説明書付 イーシム(eSIM|3日完全無制限香港ﾏｶｵ) DeSiM""], ""activation_validity"": [""大中華区SIMカード-中国、香港、マカオ、台湾向けプリペイドデータプラン｜2 GB毎日データ、7日有効期限｜高速4/5 G LTE｜旅行者に最適""], ""data_amount"": [""商品の説明 購入前の注意事項 【注意事項】 注意事項①：電話番号は付与されませんので、ご注意ください。 注意事項②：SIMロックフリー端末、もしくはSIMフリー端末専用のサービスです。必ず、ご利用端末がeSIM対応かどうかご確認ください。 注意事項③：2021年10月1日以前にSIMロック解除をキャリア店頭またはインターネットでされた「Android端末」は""], ""network_type"": [""商品の説明 購入前の注意事項 【注意事項】 注意事項①：電話番号は付与されませんので、ご注意ください。 注意事項②：SIMロックフリー端末、もしくはSIMフリー端末専用のサービスです。必ず、ご利用端末がeSIM対応かどうかご確認ください。 注意事項③：2021年10月1日以前にSIMロック解除をキャリア店頭またはインターネットでされた「Android端末」は"", ""score: local=3, roaming=1""], ""network_generation"": [""product_info_cellular_4g_lte: source:product_info_cellular: 携帯電話技術 LTE""], ""review_count"": [""detail_page: (53)""], ""bestseller_rank"": [""Amazon 売れ筋ランキング 家電＆カメラ - 16,457位 ( 家電＆カメラの売れ筋ランキングを見る ) プリペイドSIMカード - 204位""], ""title"": [""【香港・マカオ eSIM】3日間完全無制限 （低速なし）DeSiM正規卸 | LINE相談受付中 |データ通信専用（電話番号なし） simフリー端末のみ対応 説明書付 イーシム(eSIM|3日完全無制限香港ﾏｶｵ) DeSiM""]}"
amazon_jp,hk,【中国・香港 SIM】8日間 5GB OMIRA | 高速データ | プリペイドSIM | データ通信専用（電話番号なし） | LINE相談受付中 | 日本語説明書付 SIMピン付 シム OMIRA,690,45,,,,,1043,3일,3일,8일,local,lte_4g_only,,,"{""cmhk"": null, ""csl"": null, ""smartone"": null, ""three_hk"": null}","{""skt"": null, ""kt"": null, ""lgu"": null}",5GB,https://www.amazon.co.jp/SIM%E3%80%918%E6%97%A5%E9%96%93-%E3%83%97%E3%83%AA%E3%83%9A%E3%82%A4%E3%83%89SIM-%E3%83%87%E3%83%BC%E3%82%BF%E9%80%9A%E4%BF%A1%E5%B0%82%E7%94%A8%EF%BC%88%E9%9B%BB%E8%A9%B1%E7%95%AA%E5%8F%B7%E3%81%AA%E3%81%97%EF%BC%89-LINE%E7%9B%B8%E8%AB%87%E5%8F%97%E4%BB%98%E4%B8%AD-%E6%97%A5%E6%9C%AC%E8%AA%9E%E8%AA%AC%E6%98%8E%E6%9B%B8%E4%BB%98/dp/B0F9LDMXGF,B0F9LDMXGF,B0F9LDMXGF,DeSiM,DeSiMのストアを表示,"{""price_jpy"": [""￥690""], ""usage_validity"": [""【SKTelecoｍ公式認証】 韓国eSIM 3日間 (72時間) 電話番号付き 超高速データ無制限 最初の5分発信無料(韓国国内) お急ぎの方即時発行可(LINE相談受付中) 有効期限／ご購入日より120日以内 現地空港サポート(SKTelecomローミングセンター) SKテレコム正規品 韓国SIMカードタイプではありません""], ""activation_validity"": [""【中国・香港 SIM】8日間 5GB OMIRA | 高速データ | プリペイドSIM | データ通信専用（電話番号なし） | LINE相談受付中 | 日本語説明書付 SIMピン付 シム OMIRA""], ""data_amount"": [""【中国・香港 SIM】8日間 5GB OMIRA | 高速データ | プリペイドSIM | データ通信専用（電話番号なし） | LINE相談受付中 | 日本語説明書付 SIMピン付 シム OMIRA""], ""network_type"": [""【チョコSIM 定額（Sプラン）】【中国の電話番号付きでアプリや施設サービスのSMS認証が可能】【データ容量】合計500MB/月【音声】合計20分間/月 データ/音声/SMS付きSIMカード 中国SIM マカオSIM China unicom ※こちらのSIMカードは契約後、毎月の基本料が発生いたします。※2024年11月1日から台湾でのご利用はできなくなり"", ""【SKTelecoｍ公式認証】 韓国eSIM 3日間 (72時間) 電話番号付き 超高速データ無制限 最初の5分発信無料(韓国国内) お急ぎの方即時発行可(LINE相談受付中) 有効期限／ご購入日より120日以内 現地空港サポート(SKTelecomローミングセンター) SKテレコム正規品 韓国SIMカードタイプではありません"", ""score: local=6, roaming=0""], ""network_generation"": [""product_info_cellular_4g_lte: source:product_info_cellular: 携帯電話技術 LTE""], ""review_count"": [""detail_page: (45)""], ""bestseller_rank"": [""Amazon 売れ筋ランキング 家電＆カメラ - 112,381位 ( 家電＆カメラの売れ筋ランキングを見る ) プリペイドSIMカード - 1,043位""], ""title"": [""【中国・香港 SIM】8日間 5GB OMIRA | 高速データ | プリペイドSIM | データ通信専用（電話番号なし） | LINE相談受付中 | 日本語説明書付 SIMピン付 シム OMIRA""]}"
amazon_jp,hk,【中国SIMカード】7日間 5GB高速データ通信＋低速無制限｜中国・香港・マカオ対応｜中国本土でもGoogle・LINE・YouTube利用可能｜24時間サポート｜中国本土 プリペイドSIM 中国 sim (7日間｜5GB),1080,2,,,,,336,7일,7일,7일,roaming,5g_capable,,,"{""cmhk"": null, ""csl"": null, ""smartone"": null, ""three_hk"": true}","{""skt"": null, ""kt"": null, ""lgu"": null}",5GB,https://www.amazon.co.jp/%E3%80%90%E4%B8%AD%E5%9B%BDSIM%E3%82%AB%E3%83%BC%E3%83%89%E3%80%917%E6%97%A5%E9%96%93-5GB%E9%AB%98%E9%80%9F%E3%83%87%E3%83%BC%E3%82%BF%E9%80%9A%E4%BF%A1%EF%BC%8B%E4%BD%8E%E9%80%9F%E7%84%A1%E5%88%B6%E9%99%90%EF%BD%9C%E4%B8%AD%E5%9B%BD%E3%83%BB%E9%A6%99%E6%B8%AF%E3%83%BB%E3%83%9E%E3%82%AB%E3%82%AA%E5%AF%BE%E5%BF%9C%EF%BD%9C%E4%B8%AD%E5%9B%BD%E6%9C%AC%E5%9C%9F%E3%81%A7%E3%82%82Google%E3%83%BBLINE%E3%83%BBYouTube%E5%88%A9%E7%94%A8%E5%8F%AF%E8%83%BD%EF%BD%9C24%E6%99%82%E9%96%93%E3%82%B5%E3%83%9D%E3%83%BC%E3%83%88%EF%BD%9C%E4%B8%AD%E5%9B%BD%E6%9C%AC%E5%9C%9F-%E3%83%97%E3%83%AA%E3%83%9A%E3%82%A4%E3%83%89SIM-sim-7%E6%97%A5%E9%96%93%EF%BD%9C5GB/dp/B0FPR8JCB1,B0FPR8JCB1,B0FPR8JCB1,Global Simcard,アーモンド　ＳＩｍ　ｃａｒｄのストアを表示,"{""price_jpy"": [""￥1,080""], ""usage_validity"": [""【中国SIMカード】7日間 5GB高速データ通信＋低速無制限｜中国・香港・マカオ対応｜中国本土でもGoogle・LINE・YouTube利用可能｜24時間サポート｜中国本土 プリペイドSIM 中国 sim (7日間｜5GB)""], ""activation_validity"": [""⭐【高速データ通信】中国本土・香港・マカオ対応。7日間で合計5GBまで4G/5G高速通信が利用可能。超過後も128kbpsで通信継続でき、低速無制限で安心。 ⭐【中国ネット制限なし】香港ローミング接続で中国政府の規制対象外。Google、LINE、YouTube、SNSなど主要アプリがVPN不要で利用可能。本人確認も不要です。 ⭐【有効期限】未使用なら購入か""], ""data_amount"": [""⭐【高速データ通信】中国本土・香港・マカオ対応。7日間で合計5GBまで4G/5G高速通信が利用可能。超過後も128kbpsで通信継続でき、低速無制限で安心。""], ""network_type"": [""⭐【中国ネット制限なし】香港ローミング接続で中国政府の規制対象外。Google、LINE、YouTube、SNSなど主要アプリがVPN不要で利用可能。本人確認も不要です。"", ""⭐【高速データ通信】中国本土・香港・マカオ対応。7日間で合計5GBまで4G/5G高速通信が利用可能。超過後も128kbpsで通信継続でき、低速無制限で安心。 ⭐【中国ネット制限なし】香港ローミング接続で中国政府の規制対象外。Google、LINE、YouTube、SNSなど主要アプリがVPN不要で利用可能。本人確認も不要です。 ⭐【有効期限】未使用なら購入か"", ""score: local=0, roaming=3""], ""network_generation"": [""product_info_cellular_5g: source:product_info_cellular: 携帯電話技術 5G/4G-LTE""], ""carrier_support_local"": [""3HK: ⭐【対応キャリア】中国本土：中国電信（China Telecom）、香港：3HK、マカオ：CTM。中華圏への渡航に幅広く対応。"", ""3HK: ⭐【高速データ通信】中国本土・香港・マカオ対応。7日間で合計5GBまで4G/5G高速通信が利用可能。超過後も128kbpsで通信継続でき、低速無制限で安心。 ⭐【中国ネット制限なし】香港ローミング接続で中国政府の規制対象外。Google、LINE、YouTube、SNSなど主要アプリがVPN不要で利"", ""3HK: サービスプロバイダ China Telecom/3HK /CTM"", ""3HK: Amazon.co.jp: 【中国SIMカード】7日間 5GB高速データ通信＋低速無制限｜中国・香港・マカオ対応｜中国本土でもGoogle・LINE・YouTube利用可能｜24時間サポート｜中国本土 プリペイドSIM 中国 sim (7日間｜5GB) : 家電＆カメラ 次に移動 メインコンテンツ ""], ""review_count"": [""detail_page: (2)""], ""bestseller_rank"": [""Amazon 売れ筋ランキング 家電＆カメラ - 26,599位 ( 家電＆カメラの売れ筋ランキングを見る ) プリペイドSIMカード - 336位""], ""title"": [""【中国SIMカード】7日間 5GB高速データ通信＋低速無制限｜中国・香港・マカオ対応｜中国本土でもGoogle・LINE・YouTube利用可能｜24時間サポート｜中国本土 プリペイドSIM 中国 sim (7日間｜5GB)""]}"
amazon_jp,hk,【中国 香港 マカオ eSIM】4日間 無制限 実名登録不要 高速データ通信 低速なし 中国ネット規制対象外 Line、Youtube、GoogleなどVPNなしで利用可能 QRコード設定 メール登録で納品 即日発行対応 急ぎの方LINEサポートあり 中国sim 香港sim マカオsim,1647,18,,,100,,26,1일,1일,4일,unknown,lte_4g_only,,,"{""cmhk"": null, ""csl"": null, ""smartone"": null, ""three_hk"": null}","{""skt"": null, ""kt"": null, ""lgu"": null}",unlimited,https://www.amazon.co.jp/eSIM%E3%80%914%E6%97%A5%E9%96%93-%E4%B8%AD%E5%9B%BD%E3%83%8D%E3%83%83%E3%83%88%E8%A6%8F%E5%88%B6%E5%AF%BE%E8%B1%A1%E5%A4%96-Line%E3%80%81Youtube%E3%80%81Google%E3%81%AA%E3%81%A9VPN%E3%81%AA%E3%81%97%E3%81%A7%E5%88%A9%E7%94%A8%E5%8F%AF%E8%83%BD-%E3%83%A1%E3%83%BC%E3%83%AB%E7%99%BB%E9%8C%B2%E3%81%A7%E7%B4%8D%E5%93%81-%E6%80%A5%E3%81%8E%E3%81%AE%E6%96%B9LINE%E3%82%B5%E3%83%9D%E3%83%BC%E3%83%88%E3%81%82%E3%82%8A/dp/B0FH9K13N7,B0FH9K13N7,B0FH9K13N7,マグロeSIM,マグロeSIMのストアを表示,"{""price_jpy"": [""￥1,647""], ""usage_validity"": [""【注意事項①】有効期限：eSIM QRコードを受け取ってから90日間です（有効期間内にご利用ください）。eSIMの使用期間については、24時間を1日とカウントされますので、ご了承ください。""], ""activation_validity"": [""【中国 香港 マカオ eSIM】4日間 無制限 実名登録不要 高速データ通信 低速なし 中国ネット規制対象外 Line、Youtube、GoogleなどVPNなしで利用可能 QRコード設定 メール登録で納品 即日発行対応 急ぎの方LINEサポートあり 中国sim 香港sim マカオsim""], ""data_amount"": [""【特徴①】本商品は、高速データ通信が無制限に使用可能です。さらに、日本国内で使用できる500MBのデータも含まれており、詳しい情報は、予約後にお送りするメールの説明書をご確認ください。""], ""network_type"": [""local_signal: 【チョコSIM 定額（Sプラン）】【中国の電話番号付きでアプリや施設サービスのSMS認証が可能】【データ容量】合計500MB/月【音声】合計20分間/月 データ/音声/SMS付きSIMカード 中国SIM マカオSIM China unicom ※こちらのSIMカードは契約後、毎月の基本料が発生いたします。※2024年11月1日から台湾でのご利用はできなくなり"", ""roaming_signal: 商品の説明 購入前にご注意！ 注意事項①：ご購入後、商品画像に記載されたURLにアクセスし必要事項を入力→メールアドレスにPDFの説明書とeSIMのQRコードが届きます！ 注意事項②：SIMロックフリー端末、もしくはSIMフリー端末専用のサービスです。必ず、ご利用端末がeSIM対応かどうかご確認ください。 注意事項③：eSIM対応端末のみ利用可能。※通信キャ"", ""insufficient_or_conflicting_signals(local=6, roaming=3)""], ""network_generation"": [""product_info_cellular_4g_lte: source:product_info_cellular: 携帯電話技術 LTE""], ""monthly_sold_count"": [""Amazon.co.jp: 【中国 香港 マカオ eSIM】4日間 無制限 実名登録不要 高速データ通信 低速なし 中国ネット規制対象外 Line、Youtube、GoogleなどVPNなしで利用可能 QRコード設定 メール登録で納品 即日発行対応 急ぎの方LINEサポートあり 中国sim 香港sim マカオsim : 家電＆カメラ 次に移動 メインコンテン""], ""review_count"": [""detail_page: (18)""], ""bestseller_rank"": [""Amazon 売れ筋ランキング 家電＆カメラ - 2,983位 ( 家電＆カメラの売れ筋ランキングを見る ) プリペイドSIMカード - 26位""], ""title"": [""【中国 香港 マカオ eSIM】4日間 無制限 実名登録不要 高速データ通信 低速なし 中国ネット規制対象外 Line、Youtube、GoogleなどVPNなしで利用可能 QRコード設定 メール登録で納品 即日発行対応 急ぎの方LINEサポートあり 中国sim 香港sim マカオsim""]}"
amazon_jp,hk,【Almond eSIM】中国 香港 マカオ eSIM 3日間3GB 高速データ通信 当日発行可能 中国ネット規制対象外 中国でもGoogle、LINE、YouTubeなどVPNなしで利用可能 24時間サポート 4G-LTE対応 プリペイド ESIMプラン China HONGKONG Macou simカード (3日間3GB),880,10,,,,,65,3일,3일,7일,local,5g_capable,,,"{""cmhk"": null, ""csl"": null, ""smartone"": null, ""three_hk"": null}","{""skt"": null, ""kt"": null, ""lgu"": null}",3GB,https://www.amazon.co.jp/3%E6%97%A5%E9%96%933GB-%E4%B8%AD%E5%9B%BD%E3%83%8D%E3%83%83%E3%83%88%E8%A6%8F%E5%88%B6%E5%AF%BE%E8%B1%A1%E5%A4%96-%E4%B8%AD%E5%9B%BD%E3%81%A7%E3%82%82Google%E3%80%81LINE%E3%80%81YouTube%E3%81%AA%E3%81%A9VPN%E3%81%AA%E3%81%97%E3%81%A7%E5%88%A9%E7%94%A8%E5%8F%AF%E8%83%BD-24%E6%99%82%E9%96%93%E3%82%B5%E3%83%9D%E3%83%BC%E3%83%88-4G-LTE%E5%AF%BE%E5%BF%9C/dp/B0F1TC4TD5,B0F1TC4TD5,B0F1TC4TD5,株式会社ビッグコネクト,bigconnectのストアを表示,"{""price_jpy"": [""￥880""], ""usage_validity"": [""【Almond eSIM】中国 香港 マカオ eSIM 3日間3GB 高速データ通信 当日発行可能 中国ネット規制対象外 中国でもGoogle、LINE、YouTubeなどVPNなしで利用可能 24時間サポート 4G-LTE対応 プリペイド ESIMプラン China HONGKONG Macou simカード (3日間3GB)""], ""activation_validity"": [""大中華区SIMカード-中国、香港、マカオ、台湾向けプリペイドデータプラン｜2 GB毎日データ、7日有効期限｜高速4/5 G LTE｜旅行者に最適""], ""data_amount"": [""【データプラン】データ通信専用のeSIMです。中国大陸、香港、マカオを含む利用可能なeSIMカード。※データ容量：3日間3GB高速データ。3GBを超えると、通信が止まります。中国ネット規制対象外 中国でもGoogle、LINE、YouTubeなどVPNなしで利用可能、本人確認やSIMカード認証は不要。""], ""network_type"": [""【チョコSIM 定額（Sプラン）】【中国の電話番号付きでアプリや施設サービスのSMS認証が可能】【データ容量】合計500MB/月【音声】合計20分間/月 データ/音声/SMS付きSIMカード 中国SIM マカオSIM China unicom ※こちらのSIMカードは契約後、毎月の基本料が発生いたします。※2024年11月1日から台湾でのご利用はできなくなり"", ""【SKTelecoｍ公式認証】 韓国eSIM 3日間 (72時間) 電話番号付き 超高速データ無制限 最初の5分発信無料(韓国国内) お急ぎの方即時発行可(LINE相談受付中) 有効期限／ご購入日より120日以内 現地空港サポート(SKTelecomローミングセンター) SKテレコム正規品 韓国SIMカードタイプではありません"", ""score: local=6, roaming=0""], ""network_generation"": [""product_info_cellular_5g: source:product_info_cellular: 携帯電話技術 LTE 5G"", ""product_info_cellular_4g_lte_signal_present_but_5g_capable_takes_precedence""], ""review_count"": [""detail_page: (10)""], ""bestseller_rank"": [""Amazon 売れ筋ランキング 家電＆カメラ - 44,252位 ( 家電＆カメラの売れ筋ランキングを見る ) 定期契約SIMカード - 65位""], ""title"": [""【Almond eSIM】中国 香港 マカオ eSIM 3日間3GB 高速データ通信 当日発行可能 中国ネット規制対象外 中国でもGoogle、LINE、YouTubeなどVPNなしで利用可能 24時間サポート 4G-LTE対応 プリペイド ESIMプラン China HONGKONG Macou simカード (3日間3GB)""]}"
amazon_jp,hk,【中国 香港 マカオeSIM】3日間 高速データ通信 低速なし 完全無制限 実名登録不要 中国ネット規制対象外 使い放題｜Google LINE YouTubeなどVPNなしで利用可能｜中国 simカード 香港sim マカオsim マカオeSIM プリペイド SIM eSIM｜旅行・出張・留学｜安心サポート 5G 4G-LTE対応 当日発行可能,850,95,,,,,49,1일,1일,3일,unknown,5g_capable,,,"{""cmhk"": null, ""csl"": null, ""smartone"": true, ""three_hk"": true}","{""skt"": null, ""kt"": null, ""lgu"": null}",unlimited,https://www.amazon.co.jp/%E3%83%9E%E3%82%AB%E3%82%AAeSIM%E3%80%913%E6%97%A5%E9%96%93-%E4%B8%AD%E5%9B%BD%E3%83%8D%E3%83%83%E3%83%88%E8%A6%8F%E5%88%B6%E5%AF%BE%E8%B1%A1%E5%A4%96-%E4%BD%BF%E3%81%84%E6%94%BE%E9%A1%8C%EF%BD%9CGoogle-YouTube%E3%81%AA%E3%81%A9VPN%E3%81%AA%E3%81%97%E3%81%A7%E5%88%A9%E7%94%A8%E5%8F%AF%E8%83%BD%EF%BD%9C%E4%B8%AD%E5%9B%BD-eSIM%EF%BD%9C%E6%97%85%E8%A1%8C%E3%83%BB%E5%87%BA%E5%BC%B5%E3%83%BB%E7%95%99%E5%AD%A6%EF%BD%9C%E5%AE%89%E5%BF%83%E3%82%B5%E3%83%9D%E3%83%BC%E3%83%88/dp/B0FDG4RF45,B0FDG4RF45,B0FDG4RF45,Global Travel SIM Card,onetoneのストアを表示,"{""price_jpy"": [""￥850""], ""usage_validity"": [""【有効期限について】eSIM カードはアクティベーション前の有効期限が 365 日です。アクティベーション後の有効期間は購入した日数と一致し、24 時間を 1 日として計算されます""], ""activation_validity"": [""【中国 香港 マカオeSIM】3日間 高速データ通信 低速なし 完全無制限 実名登録不要 中国ネット規制対象外 使い放題｜Google LINE YouTubeなどVPNなしで利用可能｜中国 simカード 香港sim マカオsim マカオeSIM プリペイド SIM eSIM｜旅行・出張・留学｜安心サポート 5G 4G-LTE対応 当日発行可能""], ""data_amount"": [""Amazon.co.jp: 【中国 香港 マカオeSIM】3日間 高速データ通信 低速なし 完全無制限 実名登録不要 中国ネット規制対象外 使い放題｜Google LINE YouTubeなどVPNなしで利用可能｜中国 simカード 香港sim マカオsim マカオeSIM プリペイド SIM eSIM｜旅行・出張・留学｜安心サポート 5G 4G-LTE対応""], ""network_type"": [""local_signal: 【チョコSIM 定額（Sプラン）】【中国の電話番号付きでアプリや施設サービスのSMS認証が可能】【データ容量】合計500MB/月【音声】合計20分間/月 データ/音声/SMS付きSIMカード 中国SIM マカオSIM China unicom ※こちらのSIMカードは契約後、毎月の基本料が発生いたします。※2024年11月1日から台湾でのご利用はできなくなり"", ""roaming_signal: 商品の説明 注意事項： 1. eSIMが提供する機能とサービス 現在のeSIMはデータ通信のみサポートしており、音声通話およびSMS機能はサポートしていません。 2. スマートフォンがeSIMをサポートしているかどうかの確認方法 「通話」画面で`*#06#`を入力すると、EID情報が表示されます。これはスマートフォンがeSIMのインストールをサポートしている"", ""insufficient_or_conflicting_signals(local=6, roaming=3)""], ""network_generation"": [""product_info_cellular_5g: source:product_info_cellular: 携帯電話技術 5G, 4G LTE""], ""carrier_support_local"": [""SmarTone, 3HK: サービスプロバイダ China Unicom/smartone/3HK""], ""review_count"": [""detail_page: (95)""], ""bestseller_rank"": [""Amazon 売れ筋ランキング 家電＆カメラ - 4,882位 ( 家電＆カメラの売れ筋ランキングを見る ) プリペイドSIMカード - 49位""], ""title"": [""【中国 香港 マカオeSIM】3日間 高速データ通信 低速なし 完全無制限 実名登録不要 中国ネット規制対象外 使い放題｜Google LINE YouTubeなどVPNなしで利用可能｜中国 simカード 香港sim マカオsim マカオeSIM プリペイド SIM eSIM｜旅行・出張・留学｜安心サポート 5G 4G-LTE対応 当日発行可能""]}"
amazon_jp,hk,【中国 香港 マカオeSIM】4日間 高速データ通信使い放題 4G/5G対応 データ通信専用,1450,35,,,,,551,3일,3일,4일,local,5g_capable,,,"{""cmhk"": null, ""csl"": null, ""smartone"": null, ""three_hk"": null}","{""skt"": null, ""kt"": null, ""lgu"": null}",unlimited,https://www.amazon.co.jp/%E3%83%9E%E3%82%AB%E3%82%AAeSIM%E3%80%914%E6%97%A5%E9%96%93-%E9%AB%98%E9%80%9F%E3%83%87%E3%83%BC%E3%82%BF%E9%80%9A%E4%BF%A1%E4%BD%BF%E3%81%84%E6%94%BE%E9%A1%8C-%E3%83%87%E3%83%BC%E3%82%BF%E9%80%9A%E4%BF%A1%E5%B0%82%E7%94%A8%EF%BC%88%E9%9B%BB%E8%A9%B1%E7%95%AA%E5%8F%B7%E3%81%AA%E3%81%97%EF%BC%89%E5%BD%93%E6%97%A5%E4%BA%88%E7%B4%84%E5%8F%AF-eSIM%E6%83%85%E5%A0%B1%E3%81%99%E3%81%90%E5%8F%97%E5%8F%96%E5%8F%AF-mewfi/dp/B0F6SXP3RV,B0F6SXP3RV,B0F6SXP3RV,Mewfi 正規販売店,mewfiのストアを表示,"{""price_jpy"": [""￥1,450""], ""usage_validity"": [""【SKTelecoｍ公式認証】 韓国eSIM 3日間 (72時間) 電話番号付き 超高速データ無制限 最初の5分発信無料(韓国国内) お急ぎの方即時発行可(LINE相談受付中) 有効期限／ご購入日より120日以内 現地空港サポート(SKTelecomローミングセンター) SKテレコム正規品 韓国SIMカードタイプではありません""], ""activation_validity"": [""【中国 香港 マカオeSIM】4日間 高速データ通信使い放題 4G/5G対応 データ通信専用""], ""data_amount"": [""【中国 香港 マカオeSIM】4日間 高速データ通信使い放題 4G/5G対応 データ通信専用 | 当日予約可 eSIM情報すぐ受取可 詳しい説明書付き 中国eSIM 香港eSIM マカオeSIM mewfiがプリペイド電話カードストアでいつでもお買い得。当日お急ぎ便対象商品は、当日お届け可能です。アマゾン配送商品は、通常配送無料（一部除く）。""], ""network_type"": [""【チョコSIM 定額（Sプラン）】【中国の電話番号付きでアプリや施設サービスのSMS認証が可能】【データ容量】合計500MB/月【音声】合計20分間/月 データ/音声/SMS付きSIMカード 中国SIM マカオSIM China unicom ※こちらのSIMカードは契約後、毎月の基本料が発生いたします。※2024年11月1日から台湾でのご利用はできなくなり"", ""【SKTelecoｍ公式認証】 韓国eSIM 3日間 (72時間) 電話番号付き 超高速データ無制限 最初の5分発信無料(韓国国内) お急ぎの方即時発行可(LINE相談受付中) 有効期限／ご購入日より120日以内 現地空港サポート(SKTelecomローミングセンター) SKテレコム正規品 韓国SIMカードタイプではありません"", ""score: local=6, roaming=0""], ""network_generation"": [""product_info_cellular_5g: source:product_info_cellular: 携帯電話技術 5G""], ""review_count"": [""detail_page: (35)""], ""bestseller_rank"": [""Amazon 売れ筋ランキング 家電＆カメラ - 48,798位 ( 家電＆カメラの売れ筋ランキングを見る ) プリペイドSIMカード - 551位""], ""title"": [""【中国 香港 マカオeSIM】4日間 高速データ通信使い放題 4G/5G対応 データ通信専用""]}"
amazon_jp,hk,中国eSIM｜4日間 高速データ無制限｜中国本土・香港・マカオ対応｜VPN付き LINE・YouTube・Google利用可｜4G/5G 即日発行可能,1512,41,,,50,,62,1일,1일,4일,unknown,5g_capable,,,"{""cmhk"": null, ""csl"": true, ""smartone"": null, ""three_hk"": null}","{""skt"": null, ""kt"": null, ""lgu"": null}",unlimited,https://www.amazon.co.jp/%E4%B8%AD%E5%9B%BDeSIM%EF%BD%9C%E4%B8%AD%E5%9B%BD%E6%9C%AC%E5%9C%9F%E3%83%BB%E9%A6%99%E6%B8%AF%E3%83%BB%E3%83%9E%E3%82%AB%E3%82%AA%E5%AF%BE%E5%BF%9C%EF%BD%9C4%E6%97%A5%E9%96%93-%E9%AB%98%E9%80%9F%E3%83%87%E3%83%BC%E3%82%BF%E7%84%A1%E5%88%B6%E9%99%90%EF%BD%9CVPN%E4%BB%98%E3%81%8D-LINE%E3%83%BBYouTube%E3%83%BBGoogle%E5%88%A9%E7%94%A8%E5%8F%AF%EF%BD%9C4G-%E5%8D%B3%E6%97%A5%E7%99%BA%E8%A1%8C%E5%8F%AF%E8%83%BD%EF%BC%88eSIM-4%E6%97%A5%E9%96%93%EF%BC%89/dp/B0CXXGTT6J,B0CXXGTT6J,B0CXXGTT6J,mewmewホーム eSIM,ＭＥＷＭＥＷホームのストアを表示,"{""price_jpy"": [""￥1,512""], ""usage_validity"": [""【有効期限】eSIMのQRコード発行日より90日間です。期限内に利用を開始してください。なお、利用日数は24時間を1日として計算されます。""], ""activation_validity"": [""中国eSIM｜4日間 高速データ無制限｜中国本土・香港・マカオ対応｜VPN付き LINE・YouTube・Google利用可｜4G/5G 即日発行可能""], ""data_amount"": [""【無制限・高速データ通信】中国本土・マカオ：中華電信 香港：CSL 5G /4G/LTEに対応し、高速データ通信は完全無制限となります。""], ""network_type"": [""local_signal: 【チョコSIM 定額（Sプラン）】【中国の電話番号付きでアプリや施設サービスのSMS認証が可能】【データ容量】合計500MB/月【音声】合計20分間/月 データ/音声/SMS付きSIMカード 中国SIM マカオSIM China unicom ※こちらのSIMカードは契約後、毎月の基本料が発生いたします。※2024年11月1日から台湾でのご利用はできなくなり"", ""roaming_signal: 【設定簡単】日本国内で事前にeSIMの設定が可能です。現地に到着後、モバイルデータ通信をeSIMに切り替え、データローミングをオンにするだけで利用可能。"", ""insufficient_or_conflicting_signals(local=6, roaming=3)""], ""network_generation"": [""product_info_cellular_5g: source:product_info_cellular: 携帯電話技術 5G,4G""], ""carrier_support_local"": [""CSL: 【無制限・高速データ通信】中国本土・マカオ：中華電信 香港：CSL 5G /4G/LTEに対応し、高速データ通信は完全無制限となります。"", ""CSL: サービスプロバイダ 中華電信,CSL""], ""monthly_sold_count"": [""Amazon.co.jp: 中国eSIM｜4日間 高速データ無制限｜中国本土・香港・マカオ対応｜VPN付き LINE・YouTube・Google利用可｜4G/5G 即日発行可能 : 家電＆カメラ 次に移動 メインコンテンツ この商品について この商品について この商品について 購入オプション 類似商品と比較する ビデオ レビュー キーボードショートカット ""], ""review_count"": [""detail_page: (41)""], ""bestseller_rank"": [""Amazon 売れ筋ランキング 家電＆カメラ - 5,842位 ( 家電＆カメラの売れ筋ランキングを見る ) プリペイドSIMカード - 62位""], ""title"": [""中国eSIM｜4日間 高速データ無制限｜中国本土・香港・マカオ対応｜VPN付き LINE・YouTube・Google利用可｜4G/5G 即日発行可能""]}"
amazon_jp,hk,【中国 香港 マカオSIM】5日間 10GB高速データ通信 低速使い放題 TikTok利用可能 データ通信専用,1680,12,,,,,567,1일,1일,5일,local,5g_capable,,,"{""cmhk"": null, ""csl"": null, ""smartone"": null, ""three_hk"": null}","{""skt"": null, ""kt"": null, ""lgu"": null}",10GB,https://www.amazon.co.jp/%E3%83%9E%E3%82%AB%E3%82%AASIM%E3%80%915%E6%97%A5%E9%96%93-10GB%E9%AB%98%E9%80%9F%E3%83%87%E3%83%BC%E3%82%BF%E9%80%9A%E4%BF%A1-TikTok%E5%88%A9%E7%94%A8%E5%8F%AF%E8%83%BD-%E3%83%97%E3%83%AA%E3%83%9A%E3%82%A4%E3%83%89SIM%E3%82%AB%E3%83%BC%E3%83%89-mewfi/dp/B0FKM2946G,B0FKM2946G,B0FKM2946G,Mewfi 正規販売店,mewfiのストアを表示,"{""price_jpy"": [""￥1,680""], ""usage_validity"": [""【有効期限】本SIMカードの有効期限は2026年12月31日まで（定期的に更新）です。現地ネットワークに接続した時点から24時間を1日としてカウントされます。""], ""activation_validity"": [""【中国 香港 マカオSIM】5日間 10GB高速データ通信 低速使い放題 TikTok利用可能 データ通信専用""], ""data_amount"": [""【高速データ通信】中国本土・香港・マカオで利用可能な5日間有効のプリペイドSIMカードです。期間中は合計10GBまで高速通信が可能で、上限を超えた後も128kbpsの低速通信で継続利用が可能です。""], ""network_type"": [""【ベトナムSIMカード】4日間 高速データ通信 無制限(速度低下なし) データ通信専用 4G/5G対応 ベトナム現地通信回線 mewfi"", ""【ベトナムSIMカード】4日間 高速データ通信 無制限(速度低下なし) データ通信専用 4G/5G対応 ベトナム現地通信回線 mewfi"", ""score: local=6, roaming=1""], ""network_generation"": [""product_info_cellular_5g: source:product_info_cellular: 携帯電話技術 4G/5G"", ""product_info_cellular_4g_lte_signal_present_but_5g_capable_takes_precedence""], ""review_count"": [""detail_page: (12)""], ""bestseller_rank"": [""Amazon 売れ筋ランキング 家電＆カメラ - 50,015位 ( 家電＆カメラの売れ筋ランキングを見る ) プリペイドSIMカード - 567位""], ""title"": [""【中国 香港 マカオSIM】5日間 10GB高速データ通信 低速使い放題 TikTok利用可能 データ通信専用""]}"
amazon_jp,hk,香港 eSIM | 3日間3GB | 高速データ 5G/4G | QRコード 当日発行可 メール登録で即納品即利用可 | LINEサポート | データ通信専用(電話番号なし)| 日本で事前設定OK | テザリング可能 | パスポート情報不要・実名登録なし,699,1,,,,,564,3일,3일,3일,unknown,5g_capable,,,"{""cmhk"": null, ""csl"": null, ""smartone"": null, ""three_hk"": null}","{""skt"": null, ""kt"": null, ""lgu"": null}",3GB,https://www.amazon.co.jp/3%E6%97%A5%E9%96%933GB-%E3%83%A1%E3%83%BC%E3%83%AB%E7%99%BB%E9%8C%B2%E3%81%A7%E5%8D%B3%E7%B4%8D%E5%93%81%E5%8D%B3%E5%88%A9%E7%94%A8%E5%8F%AF-LINE%E3%82%B5%E3%83%9D%E3%83%BC%E3%83%88-%E6%97%A5%E6%9C%AC%E3%81%A7%E4%BA%8B%E5%89%8D%E8%A8%AD%E5%AE%9AOK-%E3%83%91%E3%82%B9%E3%83%9D%E3%83%BC%E3%83%88%E6%83%85%E5%A0%B1%E4%B8%8D%E8%A6%81%E3%83%BB%E5%AE%9F%E5%90%8D%E7%99%BB%E9%8C%B2%E3%81%AA%E3%81%97/dp/B0F3PDRSTY,B0F3PDRSTY,B0F3PDRSTY,TORA eSIM,TORAのストアを表示,"{""price_jpy"": [""￥699""], ""usage_validity"": [""香港 eSIM | 3日間3GB | 高速データ 5G/4G | QRコード 当日発行可 メール登録で即納品即利用可 | LINEサポート | データ通信専用(電話番号なし)| 日本で事前設定OK | テザリング可能 | パスポート情報不要・実名登録なし""], ""activation_validity"": [""【SKTelecoｍ公式認証】 韓国eSIM 3日間 (72時間) 電話番号付き 超高速データ無制限 最初の5分発信無料(韓国国内) お急ぎの方即時発行可(LINE相談受付中) 有効期限／ご購入日より120日以内 現地空港サポート(SKTelecomローミングセンター) SKテレコム正規品 韓国SIMカードタイプではありません""], ""data_amount"": [""🐯データ通信🐯 5G/4G/LTE対応の高速データが【3日間3GB】使えます。※超過後は期間終了まで低速(128kbps)使い放題""], ""network_type"": [""local_signal: 🔺注意事項🔺 利用期限は台湾時間を基準とし、利用開始時間によらず、現地回線に接続した日から、購入プラン日数の23:59(台湾時間)までの暦日制となります。※台湾時間の0時は、日本時間の深夜1時"", ""roaming_signal: 商品の説明 ご利用前に必ずご確認ください！ この商品はeSIMです、物理SIMではありません。eSIM非対応の端末ではご利用できません。 以下の手順でお使いの端末が「eSIM対応端末」と「SIMロックされていない」をご確認ください。 ① eSIM対応端末の確認方法 スマホのダイヤル発信画面で「*#06#」をダイヤルし、デバイス情報に「EID」表示されればご利"", ""insufficient_or_conflicting_signals(local=12, roaming=3)""], ""network_generation"": [""product_info_cellular_5g: source:product_info_cellular: 携帯電話技術 5G,4G LTE""], ""review_count"": [""detail_page: (1)""], ""bestseller_rank"": [""Amazon 売れ筋ランキング 家電＆カメラ - 30,343位 ( 家電＆カメラの売れ筋ランキングを見る ) プリペイドSIMカード - 564位""], ""title"": [""香港 eSIM | 3日間3GB | 高速データ 5G/4G | QRコード 当日発行可 メール登録で即納品即利用可 | LINEサポート | データ通信専用(電話番号なし)| 日本で事前設定OK | テザリング可能 | パスポート情報不要・実名登録なし""]}"
amazon_jp,hk,【中国 香港 eSIM】大容量 2GB/日・高速データ 低速無制限 即日発行可能 China Unicom/3HK キャリア 4G-LTE対応 データ通信専用 中国・ 香港 プリペイド simカード (1日間),680,4,,,,,658,1일,1일,30일,unknown,lte_4g_only,,,"{""cmhk"": null, ""csl"": null, ""smartone"": null, ""three_hk"": true}","{""skt"": null, ""kt"": null, ""lgu"": null}",unlimited,https://www.amazon.co.jp/eSIM%E3%80%91%E5%A4%A7%E5%AE%B9%E9%87%8F-%E6%97%A5%E3%83%BB%E9%AB%98%E9%80%9F%E3%83%87%E3%83%BC%E3%82%BF-4G-LTE%E5%AF%BE%E5%BF%9C-%E3%83%87%E3%83%BC%E3%82%BF%E9%80%9A%E4%BF%A1%E5%B0%82%E7%94%A8-1%E6%97%A5%E9%96%93/dp/B0D78YFGCP,B0D78YFGCP,B0D78YFGCP,Global Simcard,アーモンド　ＳＩｍ　ｃａｒｄのストアを表示,"{""price_jpy"": [""￥680""], ""usage_validity"": [""【中国 香港 eSIM】大容量 2GB/日・高速データ 低速無制限 即日発行可能 China Unicom/3HK キャリア 4G-LTE対応 データ通信専用 中国・ 香港 プリペイド simカード (1日間)""], ""activation_validity"": [""【有効期限】メールで納品後、30日以内にご利用ください""], ""data_amount"": [""【大容量プラン】通信専用のeSIMですデータは無制限ですが、1日の使用量が2GBに達すると通信速度が最大256Kbpsに制限されます制限は現地時間の翌日0時に解除されます現地時間の00:00-23：59区切りで、カウントされます""], ""network_type"": [""local_signal: 【チョコSIM 定額（Sプラン）】【中国の電話番号付きでアプリや施設サービスのSMS認証が可能】【データ容量】合計500MB/月【音声】合計20分間/月 データ/音声/SMS付きSIMカード 中国SIM マカオSIM China unicom ※こちらのSIMカードは契約後、毎月の基本料が発生いたします。※2024年11月1日から台湾でのご利用はできなくなり"", ""roaming_signal: 【中国ネット制限なし】中国本土での利用の場合はローミング接続を行いますこれにより中国政府のネット規制対象外となり、Google、Facebook、Twitter、Instagram等に接続可能です"", ""insufficient_or_conflicting_signals(local=6, roaming=3)""], ""network_generation"": [""product_info_cellular_4g_lte: source:product_info_cellular: 携帯電話技術 4G-LTE""], ""carrier_support_local"": [""3HK: 【キャリア】 中国：China Telecom 香港：3HK データ通信専用eSIMになります"", ""3HK: 【eSIM取得方法】ご購入後、://jp..mewfi/esim にアクセスし必要事項を入力➡メールアドレスには、説明書のPDFと設定用のQRコードが届きます 🔺お急ぎの方は、お支払い完了後にカスタマーサポート（LINE ID: @014hhnww）にご連絡ください通常、当日中にQRコードを発行でき"", ""3HK: サービスプロバイダ China Unicom/3HK"", ""3HK: Amazon.co.jp: 【中国 香港 eSIM】大容量 2GB/日・高速データ 低速無制限 即日発行可能 China Unicom/3HK キャリア 4G-LTE対応 データ通信専用 中国・ 香港 プリペイド simカード (1日間) : 家電＆カメラ"", ""3HK: 【中国 香港 eSIM】大容量 2GB/日・高速データ 低速無制限 即日発行可能 China Unicom/3HK キャリア 4G-LTE対応 データ通信専用 中国・ 香港 プリペイド simカード (1日間)"", ""3HK: 【中国 香港 eSIM】大容量 2GB/日・高速データ 低速無制限 即日発行可能 China Unicom/3HK キャリア 4G-LTE対応 データ通信専用 中国・ 香港 プリペイド simカード (1日間)"", ""3HK: 【中国 香港 eSIM】大容量 2GB/日・高速データ 低速無制限 即日発行可能 China Unicom/3HK キャリア 4G-LTE対応 データ通信専用 中国・ 香港 プリペイド simカード (1日間)"", ""3HK: Amazon.co.jp: 【中国 香港 eSIM】大容量 2GB/日・高速データ 低速無制限 即日発行可能 China Unicom/3HK キャリア 4G-LTE対応 データ通信専用 中国・ 香港 プリペイド simカード (1日間) : 家電＆カメラ 次に移動 メインコンテンツ この商品につい""], ""review_count"": [""detail_page: (4)""], ""bestseller_rank"": [""Amazon 売れ筋ランキング 家電＆カメラ - 64,810位 ( 家電＆カメラの売れ筋ランキングを見る ) プリペイドSIMカード - 658位""], ""title"": [""【中国 香港 eSIM】大容量 2GB/日・高速データ 低速無制限 即日発行可能 China Unicom/3HK キャリア 4G-LTE対応 データ通信専用 中国・ 香港 プリペイド simカード (1日間)""]}"
amazon_jp,hk,【香港eSIM】マカオeSIM 3日間 高速データ通信無制限 出発前のお試しに便利 日本国内500MB付き データ通信専用,1290,42,,,,,379,3일,3일,7일,unknown,lte_4g_only,,,"{""cmhk"": null, ""csl"": null, ""smartone"": null, ""three_hk"": null}","{""skt"": null, ""kt"": null, ""lgu"": null}",unlimited,https://www.amazon.co.jp/%E3%80%90%E9%A6%99%E6%B8%AFeSIM%E3%80%91%E3%83%9E%E3%82%AB%E3%82%AAeSIM-3%E6%97%A5%E9%96%93-%E9%AB%98%E9%80%9F%E3%83%87%E3%83%BC%E3%82%BF%E9%80%9A%E4%BF%A1%E7%84%A1%E5%88%B6%E9%99%90%E4%BD%BF%E3%81%84%E6%94%BE%E9%A1%8C-%E7%B7%8A%E6%80%A5%E5%88%A9%E7%94%A8%EF%BC%88Line%E3%81%BE%E3%81%A7%E9%80%A3%E7%B5%A1%EF%BC%89Hong-mewfi/dp/B0CPYCDVGY,B0CPYCDVGY,B0CPYCDVGY,Mewfi 正規販売店,mewfiのストアを表示,"{""price_jpy"": [""￥1,290""], ""usage_validity"": [""【香港eSIM】マカオeSIM 3日間 高速データ通信無制限 出発前のお試しに便利 日本国内500MB付き データ通信専用""], ""activation_validity"": [""大中華区SIMカード-中国、香港、マカオ、台湾向けプリペイドデータプラン｜2 GB毎日データ、7日有効期限｜高速4/5 G LTE｜旅行者に最適""], ""data_amount"": [""【高速データ通信】このeSIMカードは、香港、マカオで利用でき、高速かつ安定した無制限のデータ通信を提供します。ネットワーク速度が速く、安定性に優れています。マカオに到着後、必ずeSIMのローミングを有効にしてください。""], ""network_type"": [""local_signal: 【チョコSIM 定額（Sプラン）】【中国の電話番号付きでアプリや施設サービスのSMS認証が可能】【データ容量】合計500MB/月【音声】合計20分間/月 データ/音声/SMS付きSIMカード 中国SIM マカオSIM China unicom ※こちらのSIMカードは契約後、毎月の基本料が発生いたします。※2024年11月1日から台湾でのご利用はできなくなり"", ""roaming_signal: 【高速データ通信】このeSIMカードは、香港、マカオで利用でき、高速かつ安定した無制限のデータ通信を提供します。ネットワーク速度が速く、安定性に優れています。マカオに到着後、必ずeSIMのローミングを有効にしてください。"", ""insufficient_or_conflicting_signals(local=6, roaming=5)""], ""network_generation"": [""product_info_cellular_4g_lte: source:product_info_cellular: 携帯電話技術 LTE""], ""review_count"": [""detail_page: (42)""], ""bestseller_rank"": [""Amazon 売れ筋ランキング 家電＆カメラ - 31,506位 ( 家電＆カメラの売れ筋ランキングを見る ) プリペイドSIMカード - 379位""], ""title"": [""【香港eSIM】マカオeSIM 3日間 高速データ通信無制限 出発前のお試しに便利 日本国内500MB付き データ通信専用""]}"
amazon_jp,hk,香港・マカオ eSIM | 4日間 | 高速データ無制限使い放題 5G/4G | QRコード 当日発行可 メール登録で即納品即利用可 | LINEサポート | データ通信専用(電話番号なし)| 日本で事前設定OK | テザリング可能 | パスポート情報不要・実名登録なし,1630,5,,,,,317,3일,3일,4일,unknown,5g_capable,,,"{""cmhk"": null, ""csl"": null, ""smartone"": null, ""three_hk"": null}","{""skt"": null, ""kt"": null, ""lgu"": null}",unlimited,https://www.amazon.co.jp/4%E6%97%A5%E9%96%93-%E9%AB%98%E9%80%9F%E3%83%87%E3%83%BC%E3%82%BF%E7%84%A1%E5%88%B6%E9%99%90%E4%BD%BF%E3%81%84%E6%94%BE%E9%A1%8C-%E3%83%A1%E3%83%BC%E3%83%AB%E7%99%BB%E9%8C%B2%E3%81%A7%E5%8D%B3%E7%B4%8D%E5%93%81%E5%8D%B3%E5%88%A9%E7%94%A8%E5%8F%AF-%E6%97%A5%E6%9C%AC%E3%81%A7%E4%BA%8B%E5%89%8D%E8%A8%AD%E5%AE%9AOK-%E3%83%91%E3%82%B9%E3%83%9D%E3%83%BC%E3%83%88%E6%83%85%E5%A0%B1%E4%B8%8D%E8%A6%81%E3%83%BB%E5%AE%9F%E5%90%8D%E7%99%BB%E9%8C%B2%E3%81%AA%E3%81%97/dp/B0F3JLCBCX,B0F3JLCBCX,B0F3JLCBCX,TORAのストアを表示,TORAのストアを表示,"{""price_jpy"": [""価格 ￥1,630 ￥1,647 ￥1,690 ￥950 ￥1,512 配送料 ￥1,416""], ""usage_validity"": [""【SKTelecoｍ公式認証】 韓国eSIM 3日間 (72時間) 電話番号付き 超高速データ無制限 最初の5分発信無料(韓国国内) お急ぎの方即時発行可(LINE相談受付中) 有効期限／ご購入日より120日以内 現地空港サポート(SKTelecomローミングセンター) SKテレコム正規品 韓国SIMカードタイプではありません""], ""activation_validity"": [""香港・マカオ eSIM | 4日間 | 高速データ無制限使い放題 5G/4G | QRコード 当日発行可 メール登録で即納品即利用可 | LINEサポート | データ通信専用(電話番号なし)| 日本で事前設定OK | テザリング可能 | パスポート情報不要・実名登録なし""], ""data_amount"": [""🐯データ通信🐯 5G/4G/LTE対応の高速データが【無制限】使えます。""], ""network_type"": [""local_signal: 🔺注意事項🔺 利用期限は台湾時間を基準とし、利用開始時間によらず、現地回線に接続した日から、購入プラン日数の23:59(台湾時間)までの暦日制となります。※台湾時間の0時は、日本時間の深夜1時"", ""roaming_signal: 商品の説明 ご利用前に必ずご確認ください！ この商品はeSIMです、物理SIMではありません。eSIM非対応の端末ではご利用できません。 以下の手順でお使いの端末が「eSIM対応端末」と「SIMロックされていない」をご確認ください。 ① eSIM対応端末の確認方法 スマホのダイヤル発信画面で「*#06#」をダイヤルし、デバイス情報に「EID」表示されればご利"", ""insufficient_or_conflicting_signals(local=12, roaming=3)""], ""network_generation"": [""product_info_cellular_5g: source:product_info_cellular: 携帯電話技術 5G,4G LTE""], ""review_count"": [""detail_page: (5)""], ""bestseller_rank"": [""Amazon 売れ筋ランキング 家電＆カメラ - 25,458位 ( 家電＆カメラの売れ筋ランキングを見る ) プリペイドSIMカード - 317位""], ""title"": [""香港・マカオ eSIM | 4日間 | 高速データ無制限使い放題 5G/4G | QRコード 当日発行可 メール登録で即納品即利用可 | LINEサポート | データ通信専用(電話番号なし)| 日本で事前設定OK | テザリング可能 | パスポート情報不要・実名登録なし""]}"
amazon_jp,hk,中国 香港 マカオ SIMカード 4日間 データ使い放題 4GBまで高速 Jet Sim 物理SIM 無制限 4日 ジェットシム,1242,14,,,,,521,4일,4일,7일,local,5g_capable,,,"{""cmhk"": null, ""csl"": null, ""smartone"": null, ""three_hk"": true}","{""skt"": null, ""kt"": null, ""lgu"": null}",1GB/day,https://www.amazon.co.jp/SIM%E3%82%AB%E3%83%BC%E3%83%89-4%E6%97%A5%E9%96%93-%E3%83%87%E3%83%BC%E3%82%BF%E4%BD%BF%E3%81%84%E6%94%BE%E9%A1%8C-4GB%E3%81%BE%E3%81%A7%E9%AB%98%E9%80%9F-%E3%82%B8%E3%82%A7%E3%83%83%E3%83%88%E3%82%B7%E3%83%A0/dp/B0DMVRQ875,B0DMVRQ875,B0DMVRQ875,ジェスロモバイル,JETSIMのストアを表示,"{""price_jpy"": [""￥1,242""], ""usage_validity"": [""中国 香港 マカオ SIMカード 4日間 データ使い放題 4GBまで高速 Jet Sim 物理SIM 無制限 4日 ジェットシム""], ""activation_validity"": [""大中華区SIMカード-中国、香港、マカオ、台湾向けプリペイドデータプラン｜2 GB毎日データ、7日有効期限｜高速4/5 G LTE｜旅行者に最適""], ""data_amount"": [""【データ無制限】中国・香港・マカオで4日間 5G/4G-LTE 高速データ4GB、その後2G速度で使い放題。テザリング対応。高速データ1日1GBまで。""], ""network_type"": [""【SKTelecoｍ公式認証】 韓国eSIM 3日間 (72時間) 電話番号付き 超高速データ無制限 最初の5分発信無料(韓国国内) お急ぎの方即時発行可(LINE相談受付中) 有効期限／ご購入日より120日以内 現地空港サポート(SKTelecomローミングセンター) SKテレコム正規品 韓国SIMカードタイプではありません"", ""score: local=3, roaming=0""], ""network_generation"": [""product_info_cellular_5g: source:product_info_cellular: 携帯電話技術 LTE, 5G"", ""product_info_cellular_4g_lte_signal_present_but_5g_capable_takes_precedence""], ""carrier_support_local"": [""3HK: 【高品質回線】 大手通信キャリア回線を使用。広範囲で安定した快適な通信を提供。中国：中国聯通（China Unicom）回線。香港：3HK回線。マカオ：CTM回線。"", ""3HK: サービスプロバイダ 中国聯通、3HK、CTM""], ""review_count"": [""detail_page: (14)""], ""bestseller_rank"": [""Amazon 売れ筋ランキング 家電＆カメラ - 45,448位 ( 家電＆カメラの売れ筋ランキングを見る ) プリペイドSIMカード - 521位""], ""title"": [""中国 香港 マカオ SIMカード 4日間 データ使い放題 4GBまで高速 Jet Sim 物理SIM 無制限 4日 ジェットシム""]}"
amazon_jp,hk,アジア25ヵ国SIM 利用日数30日 データ容量7GB アジア周遊プリペイドSIM ローミングSIM 利用国(インド、オーストラリア、韓国、グアム、サイパン、シンガポール、タイ、台湾、中国、日本、フィリピン、ベトナム、香港、マカオ、マレーシア等),1680,4,,,100,,56,1일,1일,30일,unknown,5g_capable,,,"{""cmhk"": null, ""csl"": null, ""smartone"": null, ""three_hk"": null}","{""skt"": null, ""kt"": null, ""lgu"": null}",7GB,https://www.amazon.co.jp/%E3%82%A2%E3%82%B8%E3%82%A225%E3%83%B5%E5%9B%BDSIM-%E3%83%87%E3%83%BC%E3%82%BF%E5%AE%B9%E9%87%8F7GB-%E3%82%A2%E3%82%B8%E3%82%A2%E5%91%A8%E9%81%8A%E3%83%97%E3%83%AA%E3%83%9A%E3%82%A4%E3%83%89SIM-%E3%83%AD%E3%83%BC%E3%83%9F%E3%83%B3%E3%82%B0SIM/dp/B0H3MW2MBS,B0H3MW2MBS,B0H3MW2MBS,ブランド: Wise SIM,ブランド: Wise SIM,"{""price_jpy"": [""価格 ￥1,680 ￥1,786 ￥1,399 ￥2,830 ￥1,785""], ""usage_validity"": [""■利用期間：香港の通信会社が発行しているSIMの為、香港時間を基準として電波を受信後30日(日数カウント) 例えば香港の23時に利用開始した場合、1時間で1日分としてカウントされますのでご留意ください。""], ""activation_validity"": [""アジア25ヵ国SIM 利用日数30日 データ容量7GB アジア周遊プリペイドSIM ローミングSIM 利用国(インド、オーストラリア、韓国、グアム、サイパン、シンガポール、タイ、台湾、中国、日本、フィリピン、ベトナム、香港、マカオ、マレーシア等)""], ""data_amount"": [""【データ容量】 7GBまで高速データ通信利用が可能です。 ※7GBのデータ量を超過後は128kbpsへ速度低下となりますが止まる事なく利用可能です。""], ""network_type"": [""local_signal: 【T-Mobile純正品】eSIM版 アメリカ ハワイ SIM 30日間【使い放題】【電話番号付き】5G/4G-LTE 高速データ通信/通話/SMS/テザリング 【アメリカ ハワイ 無制限】 プリペイド SIMカード T-Mobile esim 30days"", ""roaming_signal: アジア25ヵ国SIM 利用日数30日 データ容量7GB アジア周遊プリペイドSIM ローミングSIM 利用国(インド、オーストラリア、韓国、グアム、サイパン、シンガポール、タイ、台湾、中国、日本、フィリピン、ベトナム、香港、マカオ、マレーシア等)"", ""insufficient_or_conflicting_signals(local=9, roaming=8)""], ""network_generation"": [""product_info_cellular_5g: source:product_info_cellular: 携帯電話技術 5G/4G/LTE"", ""product_info_cellular_4g_lte_signal_present_but_5g_capable_takes_precedence""], ""monthly_sold_count"": [""search_result_fallback: 100""], ""review_count"": [""detail_page: (4)""], ""bestseller_rank"": [""Amazon 売れ筋ランキング 家電＆カメラ - 5,306位 ( 家電＆カメラの売れ筋ランキングを見る ) プリペイドSIMカード - 56位""], ""title"": [""アジア25ヵ国SIM 利用日数30日 データ容量7GB アジア周遊プリペイドSIM ローミングSIM 利用国(インド、オーストラリア、韓国、グアム、サイパン、シンガポール、タイ、台湾、中国、日本、フィリピン、ベトナム、香港、マカオ、マレーシア等)""]}"
amazon_jp,hk,【中国 香港 マカオSIM】5日間 高速データ無制限使い放題 本人確認不要 TikTok利用可能 データ通信専用,1980,43,,,,,278,1일,1일,5일,unknown,5g_capable,,,"{""cmhk"": null, ""csl"": null, ""smartone"": null, ""three_hk"": null}","{""skt"": null, ""kt"": null, ""lgu"": null}",unlimited,https://www.amazon.co.jp/%E3%83%9E%E3%82%AB%E3%82%AASIM%E3%80%915%E6%97%A5%E9%96%93-%E9%AB%98%E9%80%9F%E3%83%87%E3%83%BC%E3%82%BF%E7%84%A1%E5%88%B6%E9%99%90%E4%BD%BF%E3%81%84%E6%94%BE%E9%A1%8C-TikTok%E5%88%A9%E7%94%A8%E5%8F%AF%E8%83%BD-%E3%83%97%E3%83%AA%E3%83%9A%E3%82%A4%E3%83%89SIM%E3%82%AB%E3%83%BC%E3%83%89-mewfi/dp/B0FN3YH7JL,B0FN3YH7JL,B0FN3YH7JL,Mewfi 正規販売店,mewfiのストアを表示,"{""price_jpy"": [""￥1,980""], ""usage_validity"": [""【有効期限】本SIMカードの有効期限は2026年12月31日まで（定期的に更新）です。現地ネットワークに接続した時点から24時間を1日としてカウントされます。""], ""activation_validity"": [""【中国 香港 マカオSIM】5日間 高速データ無制限使い放題 本人確認不要 TikTok利用可能 データ通信専用""], ""data_amount"": [""【高速データ通信】中国・香港・マカオ全域で高速データ通信が無制限にご利用いただけます。面倒な契約や本人確認は一切不要です。""], ""network_type"": [""local_signal: 【ベトナムSIMカード】4日間 高速データ通信 無制限(速度低下なし) データ通信専用 4G/5G対応 ベトナム現地通信回線 mewfi"", ""roaming_signal: 【ご利用方法】ご利用前に簡単な予約手続きを行うだけでOK。現地に到着後、SIMカードを挿入し、ローミングを有効にすれば自動的にインターネットに接続されます。"", ""insufficient_or_conflicting_signals(local=6, roaming=2)""], ""network_generation"": [""product_info_cellular_5g: source:product_info_cellular: 携帯電話技術 LTE, 5G"", ""product_info_cellular_4g_lte_signal_present_but_5g_capable_takes_precedence""], ""review_count"": [""detail_page: (43)""], ""bestseller_rank"": [""Amazon 売れ筋ランキング 家電＆カメラ - 22,124位 ( 家電＆カメラの売れ筋ランキングを見る ) プリペイドSIMカード - 278位""], ""title"": [""【中国 香港 マカオSIM】5日間 高速データ無制限使い放題 本人確認不要 TikTok利用可能 データ通信専用""]}"
amazon_jp,hk,【香港 eSIM 】マカオeSIM 3日間 高速データ無制限 データ使い放題 香港SIM データ通信専用 マカオSIM 当日利用可能 24時間オンラインサポート お急ぎのご相談は（LINEで受付中です） Hong Kong SIM way2esim,1380,2,,,,,1112,3일,3일,30일,unknown,lte_4g_only,,,"{""cmhk"": null, ""csl"": null, ""smartone"": null, ""three_hk"": null}","{""skt"": null, ""kt"": null, ""lgu"": null}",unlimited,https://www.amazon.co.jp/%E3%80%91%E3%83%9E%E3%82%AB%E3%82%AAeSIM-3%E6%97%A5%E9%96%93-24%E6%99%82%E9%96%93%E3%82%AA%E3%83%B3%E3%83%A9%E3%82%A4%E3%83%B3%E3%82%B5%E3%83%9D%E3%83%BC%E3%83%88-%E3%81%8A%E6%80%A5%E3%81%8E%E3%81%AE%E3%81%94%E7%9B%B8%E8%AB%87%E3%81%AF%EF%BC%88LINE%E3%81%A7%E5%8F%97%E4%BB%98%E4%B8%AD%E3%81%A7%E3%81%99%EF%BC%89-way2esim/dp/B0DLG1M8YF,B0DLG1M8YF,B0DLG1M8YF,eSIM株式会社,way2esimのストアを表示,"{""price_jpy"": [""￥1,380""], ""usage_validity"": [""【香港 eSIM 】マカオeSIM 3日間 高速データ無制限 データ使い放題 香港SIM データ通信専用 マカオSIM 当日利用可能 24時間オンラインサポート お急ぎのご相談は（LINEで受付中です） Hong Kong SIM way2esim""], ""activation_validity"": [""注意：① 香港・マカオeSIM情報メール受信後30日以内にご利用ください。期限を過ぎると使用できなくなります。② マカオ到着後は、必ずこのeSIMのローミングをオンにしてください。オンにしないとご利用いただけません。""], ""data_amount"": [""高速データ無制限：香港・マカオeSIMは、高速データを無制限でご利用いただけます。この香港・マカオeSIMはデータ通信専用で、電話番号は含まれておりません。SNSやウェブ閲覧など、さまざまなインターネットサービスを快適にご利用いただけます。""], ""network_type"": [""roaming_signal: 注意：① 香港・マカオeSIM情報メール受信後30日以内にご利用ください。期限を過ぎると使用できなくなります。② マカオ到着後は、必ずこのeSIMのローミングをオンにしてください。オンにしないとご利用いただけません。"", ""insufficient_or_conflicting_signals(local=0, roaming=1)""], ""network_generation"": [""product_info_cellular_4g_lte: source:product_info_cellular: 携帯電話技術 LTE""], ""review_count"": [""detail_page: (2)""], ""bestseller_rank"": [""Amazon 売れ筋ランキング 家電＆カメラ - 122,818位 ( 家電＆カメラの売れ筋ランキングを見る ) プリペイドSIMカード - 1,112位""], ""title"": [""【香港 eSIM 】マカオeSIM 3日間 高速データ無制限 データ使い放題 香港SIM データ通信専用 マカオSIM 当日利用可能 24時間オンラインサポート お急ぎのご相談は（LINEで受付中です） Hong Kong SIM way2esim""]}"
amazon_jp,hk,【中国 香港 マカオeSIM】4日間 高速データ通信 無制限 データ通信専用（電話番号なし）5G / 4G対応,1390,14,,,,,478,4일,4일,90일,unknown,5g_capable,,,"{""cmhk"": null, ""csl"": null, ""smartone"": null, ""three_hk"": null}","{""skt"": null, ""kt"": null, ""lgu"": null}",unlimited,https://www.amazon.co.jp/%E3%80%90%E4%B8%AD%E5%9B%BD-%E3%83%9E%E3%82%AB%E3%82%AAeSIM%E3%80%914%E6%97%A5%E9%96%93-%E9%AB%98%E9%80%9F%E3%83%87%E3%83%BC%E3%82%BF%E9%80%9A%E4%BF%A1-%E3%83%87%E3%83%BC%E3%82%BF%E9%80%9A%E4%BF%A1%E5%B0%82%E7%94%A8%EF%BC%88%E9%9B%BB%E8%A9%B1%E7%95%AA%E5%8F%B7%E3%81%AA%E3%81%97%EF%BC%895G-4G%E5%AF%BE%E5%BF%9C/dp/B0GVJHHHCM,B0GVJHHHCM,B0GVJHHHCM,Mewfi 正規販売店,mewfiのストアを表示,"{""price_jpy"": [""￥1,390""], ""usage_validity"": [""【中国 香港 マカオeSIM】4日間 高速データ通信 無制限 データ通信専用（電話番号なし）5G / 4G対応""], ""activation_validity"": [""【有効期限】eSIM情報が記載されたメールの受信日から90日以内にご利用ください。""], ""data_amount"": [""【中国 香港 マカオeSIM】利用期間中、高速データ通信を無制限でご利用いただけます。1日ごとのデータ容量上限はありません。""], ""network_type"": [""local_signal: 【純正T-Mobile用 アメリカSIM】eSIM 5日間【使い放題】【電話番号付き】5G/4G-LTE 高速データ通信/通話/SMS/テザリング 【アメリカ ハワイ 無制限】 プリペイド SIMカード TMO esim 5days"", ""roaming_signal: 【注意事項】eSIM対応のSIMフリー端末、またはSIMロック解除済みのスマートフォン専用です。中国・香港・マカオでご利用の際は、端末のデータローミングをオンにしてください。"", ""insufficient_or_conflicting_signals(local=3, roaming=3)""], ""network_generation"": [""product_info_cellular_5g: source:product_info_cellular: 携帯電話技術 LTE, 5G"", ""product_info_cellular_4g_lte_signal_present_but_5g_capable_takes_precedence""], ""review_count"": [""detail_page: (14)""], ""bestseller_rank"": [""Amazon 売れ筋ランキング 家電＆カメラ - 40,615位 ( 家電＆カメラの売れ筋ランキングを見る ) プリペイドSIMカード - 478位""], ""title"": [""【中国 香港 マカオeSIM】4日間 高速データ通信 無制限 データ通信専用（電話番号なし）5G / 4G対応""]}"
amazon_jp,hk,香港・マカオ eSIM 1日間 (24時間) 無制限データ｜公式キャリア回線｜本人確認不要｜5G/4G 高速通信｜プリペイドeSIM 香港eSIM マカオeSIM (1日間),750,20,,,,,729,1일,1일,1일,unknown,5g_capable,,,"{""cmhk"": true, ""csl"": true, ""smartone"": null, ""three_hk"": null}","{""skt"": null, ""kt"": null, ""lgu"": null}",unlimited,https://www.amazon.co.jp/%E9%A6%99%E6%B8%AF%E3%83%BB%E3%83%9E%E3%82%AB%E3%82%AA-%E7%84%A1%E5%88%B6%E9%99%90%E3%83%87%E3%83%BC%E3%82%BF%EF%BD%9C%E5%85%AC%E5%BC%8F%E3%82%AD%E3%83%A3%E3%83%AA%E3%82%A2%E5%9B%9E%E7%B7%9A%EF%BD%9C%E6%9C%AC%E4%BA%BA%E7%A2%BA%E8%AA%8D%E4%B8%8D%E8%A6%81%EF%BD%9C5G-%E9%AB%98%E9%80%9F%E9%80%9A%E4%BF%A1%EF%BD%9C%E3%83%97%E3%83%AA%E3%83%9A%E3%82%A4%E3%83%89eSIM-%E9%A6%99%E6%B8%AFeSIM-%E3%83%9E%E3%82%AB%E3%82%AAeSIM/dp/B0GSTQMHQJ,B0GSTQMHQJ,B0GSTQMHQJ,mewmewホーム eSIM,ＭＥＷＭＥＷホームのストアを表示,"{""price_jpy"": [""￥750""], ""usage_validity"": [""香港・マカオ eSIM 1日間 (24時間) 無制限データ｜公式キャリア回線｜本人確認不要｜5G/4G 高速通信｜プリペイドeSIM 香港eSIM マカオeSIM (1日間)""], ""activation_validity"": [""【有効期限】QRコードは90日以内に有効です。日本国内でQRコードをスキャンして事前設定が可能。プランの日数は、24時間を1日としてカウントされます。""], ""data_amount"": [""【データ通信無制限】香港/マカオで利用可能なデータ通信専用のプリペイドeSIMです。現地大手キャリア回線を利用しており、広いエリアで安定した高速データ通信をご利用いただけます。高速データ通信は無制限、本人確認不要。旅行・短期滞在・ビジネス出張など、さまざまなシーンにおすすめのeSIMです。""], ""network_type"": [""no_local_or_roaming_keyword_matched""], ""network_generation"": [""product_info_cellular_5g: source:product_info_cellular: 携帯電話技術 LTE, 5G"", ""product_info_cellular_4g_lte_signal_present_but_5g_capable_takes_precedence""], ""carrier_support_local"": [""CMHK, CSL: サービスプロバイダ CSL, China Mobile Hong Kong, China Telecom Macau"", ""CMHK, CSL: Amazon.co.jp: 香港・マカオ eSIM 1日間 (24時間) 無制限データ｜公式キャリア回線｜本人確認不要｜5G/4G 高速通信｜プリペイドeSIM 香港eSIM マカオeSIM (1日間) : 家電＆カメラ 次に移動 メインコンテンツ この商品について この商品について この商品につい""], ""review_count"": [""detail_page: (20)""], ""bestseller_rank"": [""Amazon 売れ筋ランキング 家電＆カメラ - 71,710位 ( 家電＆カメラの売れ筋ランキングを見る ) プリペイドSIMカード - 729位""], ""title"": [""香港・マカオ eSIM 1日間 (24時間) 無制限データ｜公式キャリア回線｜本人確認不要｜5G/4G 高速通信｜プリペイドeSIM 香港eSIM マカオeSIM (1日間)""]}"
amazon_jp,hk,【香港 マカオeSIM】3日間 高速データ通信 無制限 データ通信専用 5G / 4G対応,1220,12,,,,,387,3일,3일,90일,unknown,5g_capable,,,"{""cmhk"": null, ""csl"": null, ""smartone"": null, ""three_hk"": null}","{""skt"": null, ""kt"": null, ""lgu"": null}",unlimited,https://www.amazon.co.jp/%E3%80%90%E9%A6%99%E6%B8%AF-%E3%83%9E%E3%82%AB%E3%82%AAeSIM%E3%80%913%E6%97%A5%E9%96%93-%E9%AB%98%E9%80%9F%E3%83%87%E3%83%BC%E3%82%BF%E9%80%9A%E4%BF%A1-%E3%83%87%E3%83%BC%E3%82%BF%E9%80%9A%E4%BF%A1%E5%B0%82%E7%94%A8-4G%E5%AF%BE%E5%BF%9C/dp/B0GTYRCM6T,B0GTYRCM6T,B0GTYRCM6T,Mewfi 正規販売店,mewfiのストアを表示,"{""price_jpy"": [""￥1,220""], ""usage_validity"": [""【香港 マカオeSIM】3日間 高速データ通信 無制限 データ通信専用 5G / 4G対応""], ""activation_validity"": [""【有効期限】eSIM情報が記載されたメールの受信日から90日以内にご利用ください。""], ""data_amount"": [""【香港 マカオeSIM】利用期間中、高速データ通信を無制限でご利用いただけます。1日ごとのデータ容量上限はありません。""], ""network_type"": [""local_signal: 【T-Mobile純正品】eSIM版 アメリカ ハワイ SIM 7日間【使い放題】【電話番号付き】5G/4G-LTE 高速データ通信/通話/SMS/テザリング 【アメリカ ハワイ 無制限】 プリペイド SIMカード T-Mobile esim 7days"", ""roaming_signal: 【注意】香港・マカオでご利用の際は、端末のデータローミングをオンにしてください。"", ""insufficient_or_conflicting_signals(local=3, roaming=3)""], ""network_generation"": [""product_info_cellular_5g: source:product_info_cellular: 携帯電話技術 LTE, 5G"", ""product_info_cellular_4g_lte_signal_present_but_5g_capable_takes_precedence""], ""review_count"": [""detail_page: (12)""], ""bestseller_rank"": [""Amazon 売れ筋ランキング 家電＆カメラ - 32,059位 ( 家電＆カメラの売れ筋ランキングを見る ) プリペイドSIMカード - 387位""], ""title"": [""【香港 マカオeSIM】3日間 高速データ通信 無制限 データ通信専用 5G / 4G対応""]}"
amazon_jp,hk,中国本土・香港 周遊 eSIM | 5日間3GB | 高速データ 5G/4G | QRコード 当日発行 メール登録で即納品即利用 | 中国ネット規制対象外 | 中国でもGoogle、LINE、YouTubeなどVPNなしで利用可能 | LINEサポート | データ通信専用(電話番号なし)| 日本で事前設定OK | テザリング可能 | パスポート情報不要・実名登録なし,1310,2,,,,,367,3일,3일,5일,unknown,5g_capable,,,"{""cmhk"": null, ""csl"": null, ""smartone"": null, ""three_hk"": null}","{""skt"": null, ""kt"": null, ""lgu"": null}",3GB,https://www.amazon.co.jp/5%E6%97%A5%E9%96%933GB-%E3%83%A1%E3%83%BC%E3%83%AB%E7%99%BB%E9%8C%B2%E3%81%A7%E5%8D%B3%E7%B4%8D%E5%93%81%E5%8D%B3%E5%88%A9%E7%94%A8-%E4%B8%AD%E5%9B%BD%E3%83%8D%E3%83%83%E3%83%88%E8%A6%8F%E5%88%B6%E5%AF%BE%E8%B1%A1%E5%A4%96-%E4%B8%AD%E5%9B%BD%E3%81%A7%E3%82%82Google%E3%80%81LINE%E3%80%81YouTube%E3%81%AA%E3%81%A9VPN%E3%81%AA%E3%81%97%E3%81%A7%E5%88%A9%E7%94%A8%E5%8F%AF%E8%83%BD-%E3%83%91%E3%82%B9%E3%83%9D%E3%83%BC%E3%83%88%E6%83%85%E5%A0%B1%E4%B8%8D%E8%A6%81%E3%83%BB%E5%AE%9F%E5%90%8D%E7%99%BB%E9%8C%B2%E3%81%AA%E3%81%97/dp/B0F3PCL66K,B0F3PCL66K,B0F3PCL66K,TORAのストアを表示,TORAのストアを表示,"{""price_jpy"": [""価格 ￥1,310 ￥1,917 ￥1,180 ￥850 ￥1,180 配送料 ￥1,435""], ""usage_validity"": [""【SKTelecoｍ公式認証】 韓国eSIM 3日間 (72時間) 電話番号付き 超高速データ無制限 最初の5分発信無料(韓国国内) お急ぎの方即時発行可(LINE相談受付中) 有効期限／ご購入日より120日以内 現地空港サポート(SKTelecomローミングセンター) SKテレコム正規品 韓国SIMカードタイプではありません""], ""activation_validity"": [""中国本土・香港 周遊 eSIM | 5日間3GB | 高速データ 5G/4G | QRコード 当日発行 メール登録で即納品即利用 | 中国ネット規制対象外 | 中国でもGoogle、LINE、YouTubeなどVPNなしで利用可能 | LINEサポート | データ通信専用(電話番号なし)| 日本で事前設定OK | テザリング可能 | パスポート情報不要・実名""], ""data_amount"": [""🐯データ通信🐯 5G/4G/LTE対応の高速データが【5日間3GB】使えます。※超過後は期間終了まで低速(128kbps)使い放題""], ""network_type"": [""local_signal: 🔺注意事項🔺 利用期限は台湾時間を基準とし、利用開始時間によらず、現地回線に接続した日から、購入プラン日数の23:59(台湾時間)までの暦日制となります。※台湾時間の0時は、日本時間の深夜1時"", ""roaming_signal: 商品の説明 ご利用前に必ずご確認ください！ この商品はeSIMです、物理SIMではありません。eSIM非対応の端末ではご利用できません。 以下の手順でお使いの端末が「eSIM対応端末」と「SIMロックされていない」をご確認ください。 ① eSIM対応端末の確認方法 スマホのダイヤル発信画面で「*#06#」をダイヤルし、デバイス情報に「EID」表示されればご利"", ""insufficient_or_conflicting_signals(local=9, roaming=3)""], ""network_generation"": [""product_info_cellular_5g: source:product_info_cellular: 携帯電話技術 5G,4G LTE""], ""review_count"": [""detail_page: (2)""], ""bestseller_rank"": [""Amazon 売れ筋ランキング 家電＆カメラ - 30,510位 ( 家電＆カメラの売れ筋ランキングを見る ) プリペイドSIMカード - 367位""], ""title"": [""中国本土・香港 周遊 eSIM | 5日間3GB | 高速データ 5G/4G | QRコード 当日発行 メール登録で即納品即利用 | 中国ネット規制対象外 | 中国でもGoogle、LINE、YouTubeなどVPNなしで利用可能 | LINEサポート | データ通信専用(電話番号なし)| 日本で事前設定OK | テザリング可能 | パスポート情報不要・実名登録なし""]}"
amazon_jp,hk,【Almond eSIM】香港 マカオ eSIMプラン 4日間 完全無制限 4G-LTE 高速データ 使い放題 当日発行可能 出発前日本テスト用eSIM500MB 香港 マカオ プリペイドSIM 香港 esim 香港 マカオsim (4日間完全無制限),1690,308,,,,,64,4일,4일,7일,local,5g_capable,,,"{""cmhk"": null, ""csl"": null, ""smartone"": true, ""three_hk"": null}","{""skt"": null, ""kt"": null, ""lgu"": null}",unlimited,https://www.amazon.co.jp/ESIM%E3%83%97%E3%83%A9%E3%83%B3-4G-LTE-%E5%BD%93%E6%97%A5%E7%99%BA%E8%A1%8C%E5%8F%AF%E8%83%BD-%E3%83%97%E3%83%AA%E3%83%9A%E3%82%A4%E3%83%89SIM-4%E6%97%A5%E9%96%93%E5%AE%8C%E5%85%A8%E7%84%A1%E5%88%B6%E9%99%90/dp/B0CPXWSV5K,B0CPXWSV5K,B0CPXWSV5K,株式会社ビッグコネクト,bigconnectのストアを表示,"{""price_jpy"": [""￥1,690""], ""usage_validity"": [""【Almond eSIM】香港 マカオ eSIMプラン 4日間 完全無制限 4G-LTE 高速データ 使い放題 当日発行可能 出発前日本テスト用eSIM500MB 香港 マカオ プリペイドSIM 香港 esim 香港 マカオsim (4日間完全無制限)""], ""activation_validity"": [""大中華区SIMカード-中国、香港、マカオ、台湾向けプリペイドデータプラン｜2 GB毎日データ、7日有効期限｜高速4/5 G LTE｜旅行者に最適""], ""data_amount"": [""【高速データ完全無制限】 通信専用eSIMになります。※データ容量無制限。高速データ使い放題。有効期限は、メールでのQRコード発行後1カ月です。""], ""network_type"": [""【現地キャリア利用】香港 マカオで使用できるeSIM、香港 マカオ渡航スケジュールに対応する手軽なeSIMカード。キャリア：香港：Smartone、HKT、3 マカオ:CTM ，香港 マカオでは信号が広く、ネットワークが安定し、速度が速いです。eSIMのsimカードはプリペイドsimカードと違って、挿入作業不要(iPhone・androidともeSIMのQR"", ""【チョコSIM 定額（Sプラン）】【中国の電話番号付きでアプリや施設サービスのSMS認証が可能】【データ容量】合計500MB/月【音声】合計20分間/月 データ/音声/SMS付きSIMカード 中国SIM マカオSIM China unicom ※こちらのSIMカードは契約後、毎月の基本料が発生いたします。※2024年11月1日から台湾でのご利用はできなくなり"", ""score: local=9, roaming=0""], ""network_generation"": [""product_info_cellular_5g: source:product_info_cellular: 携帯電話技術 5G LTE""], ""carrier_support_local"": [""SmarTone: 【現地キャリア利用】香港 マカオで使用できるeSIM、香港 マカオ渡航スケジュールに対応する手軽なeSIMカード。キャリア：香港：Smartone、HKT、3 マカオ:CTM ，香港 マカオでは信号が広く、ネットワークが安定し、速度が速いです。eSIMのsimカードはプリペイドsimカードと違って、"", ""SmarTone: サービスプロバイダ Smartone, HKT, 3, CTM""], ""review_count"": [""detail_page: (308)""], ""bestseller_rank"": [""Amazon 売れ筋ランキング 家電＆カメラ - 5,749位 ( 家電＆カメラの売れ筋ランキングを見る ) プリペイドSIMカード - 64位""], ""title"": [""【Almond eSIM】香港 マカオ eSIMプラン 4日間 完全無制限 4G-LTE 高速データ 使い放題 当日発行可能 出発前日本テスト用eSIM500MB 香港 マカオ プリペイドSIM 香港 esim 香港 マカオsim (4日間完全無制限)""]}"
amazon_jp,hk,【中国 sim】7日間 完全無制限・高速データ通信｜中国・香港・マカオ対応｜中国本土でもGoogle・LINE・YouTube利用可能｜24時間サポート｜中国本土 プリペイドSIM 中国本土・香港・マカオ SIMカード (7日間｜無制限),2780,23,,,,,279,7일,7일,30일,roaming,5g_capable,,,"{""cmhk"": null, ""csl"": null, ""smartone"": null, ""three_hk"": true}","{""skt"": null, ""kt"": null, ""lgu"": null}",unlimited,https://www.amazon.co.jp/sim%E3%80%917%E6%97%A5%E9%96%93-%E5%AE%8C%E5%85%A8%E7%84%A1%E5%88%B6%E9%99%90%E3%83%BB%E9%AB%98%E9%80%9F%E3%83%87%E3%83%BC%E3%82%BF%E9%80%9A%E4%BF%A1%EF%BD%9C%E4%B8%AD%E5%9B%BD%E3%83%BB%E9%A6%99%E6%B8%AF%E3%83%BB%E3%83%9E%E3%82%AB%E3%82%AA%E5%AF%BE%E5%BF%9C%EF%BD%9C%E4%B8%AD%E5%9B%BD%E6%9C%AC%E5%9C%9F%E3%81%A7%E3%82%82Google%E3%83%BBLINE%E3%83%BBYouTube%E5%88%A9%E7%94%A8%E5%8F%AF%E8%83%BD%EF%BD%9C24%E6%99%82%E9%96%93%E3%82%B5%E3%83%9D%E3%83%BC%E3%83%88%EF%BD%9C%E4%B8%AD%E5%9B%BD%E6%9C%AC%E5%9C%9F-%E3%83%97%E3%83%AA%E3%83%9A%E3%82%A4%E3%83%89SIM-%E4%B8%AD%E5%9B%BD%E6%9C%AC%E5%9C%9F%E3%83%BB%E9%A6%99%E6%B8%AF%E3%83%BB%E3%83%9E%E3%82%AB%E3%82%AA-7%E6%97%A5%E9%96%93%EF%BD%9C%E7%84%A1%E5%88%B6%E9%99%90/dp/B0FPX9CVLM,B0FPX9CVLM,B0FPX9CVLM,Global Simcard,アーモンド　ＳＩｍ　ｃａｒｄのストアを表示,"{""price_jpy"": [""￥2,780""], ""usage_validity"": [""【中国 sim】7日間 完全無制限・高速データ通信｜中国・香港・マカオ対応｜中国本土でもGoogle・LINE・YouTube利用可能｜24時間サポート｜中国本土 プリペイドSIM 中国本土・香港・マカオ SIMカード (7日間｜無制限)""], ""activation_validity"": [""🔷【高速データ通信】データ専用のプリペイドSIM。容量無制限で高速データを完全使い放題！本人確認やSIMカード認証は不要で、利用期間は1～30日間から自由に選べます。 🔷【中国ネット制限なし】香港ローミング接続で中国政府の規制対象外。Google、LINE、YouTube、Facebook、Instagramなど主要アプリがVPN不要でそのまま利用可能。本人""], ""data_amount"": [""🔷【高速データ通信】データ専用のプリペイドSIM。容量無制限で高速データを完全使い放題！本人確認やSIMカード認証は不要で、利用期間は1～30日間から自由に選べます。""], ""network_type"": [""🔷【中国ネット制限なし】香港ローミング接続で中国政府の規制対象外。Google、LINE、YouTube、Facebook、Instagramなど主要アプリがVPN不要でそのまま利用可能。本人確認も不要です。"", ""🔷【高速データ通信】データ専用のプリペイドSIM。容量無制限で高速データを完全使い放題！本人確認やSIMカード認証は不要で、利用期間は1～30日間から自由に選べます。 🔷【中国ネット制限なし】香港ローミング接続で中国政府の規制対象外。Google、LINE、YouTube、Facebook、Instagramなど主要アプリがVPN不要でそのまま利用可能。本人"", ""score: local=0, roaming=3""], ""network_generation"": [""product_info_cellular_5g: source:product_info_cellular: 携帯電話技術 5G/4G-LTE""], ""carrier_support_local"": [""3HK: 🔷【対応キャリア】中国本土：中国電信（China Telecom）、香港：3HK、マカオ：CTM。中華圏への渡航に幅広く対応。"", ""3HK: 🔷【高速データ通信】データ専用のプリペイドSIM。容量無制限で高速データを完全使い放題！本人確認やSIMカード認証は不要で、利用期間は1～30日間から自由に選べます。 🔷【中国ネット制限なし】香港ローミング接続で中国政府の規制対象外。Google、LINE、YouTube、Facebook、Inst"", ""3HK: サービスプロバイダ China Telecom/3HK /CTM"", ""3HK: Amazon.co.jp: 【中国 sim】7日間 完全無制限・高速データ通信｜中国・香港・マカオ対応｜中国本土でもGoogle・LINE・YouTube利用可能｜24時間サポート｜中国本土 プリペイドSIM 中国本土・香港・マカオ SIMカード (7日間｜無制限) : 家電＆カメラ 次に移動 メイ""], ""review_count"": [""detail_page: (23)""], ""bestseller_rank"": [""Amazon 売れ筋ランキング 家電＆カメラ - 22,143位 ( 家電＆カメラの売れ筋ランキングを見る ) プリペイドSIMカード - 279位""], ""title"": [""【中国 sim】7日間 完全無制限・高速データ通信｜中国・香港・マカオ対応｜中国本土でもGoogle・LINE・YouTube利用可能｜24時間サポート｜中国本土 プリペイドSIM 中国本土・香港・マカオ SIMカード (7日間｜無制限)""]}"
amazon_jp,hk,【中国 香港 マカオeSIM】5日間 5GB高速データ通信 TikTok利用可能 データ通信専用,1180,10,,,,,699,5일,5일,90일,unknown,unknown,,,"{""cmhk"": null, ""csl"": null, ""smartone"": null, ""three_hk"": null}","{""skt"": null, ""kt"": null, ""lgu"": null}",5GB,https://www.amazon.co.jp/%E3%83%9E%E3%82%AB%E3%82%AAeSIM%E3%80%915%E6%97%A5%E9%96%93-5GB%E9%AB%98%E9%80%9F%E3%83%87%E3%83%BC%E3%82%BF%E9%80%9A%E4%BF%A1-%E3%83%87%E3%83%BC%E3%82%BF%E9%80%9A%E4%BF%A1%E5%B0%82%E7%94%A8%EF%BC%88%E9%9B%BB%E8%A9%B1%E7%95%AA%E5%8F%B7%E3%81%AA%E3%81%97%EF%BC%89%E5%8D%B3%E6%97%A5%E7%99%BA%E8%A1%8C%E5%8F%AF%E8%83%BD-%E4%B8%AD%E5%9B%BD%E6%9C%AC%E5%9C%9F%E3%83%BB%E9%A6%99%E6%B8%AF%E3%83%BB%E3%83%9E%E3%82%AB%E3%82%AA%E5%AF%BE%E5%BF%9CeSIM-mewfi/dp/B0FKMKD4VW,B0FKMKD4VW,B0FKMKD4VW,Mewfi 正規販売店,mewfiのストアを表示,"{""price_jpy"": [""￥1,180""], ""usage_validity"": [""【中国 香港 マカオeSIM】5日間 5GB高速データ通信 TikTok利用可能 データ通信専用""], ""activation_validity"": [""【有効期限】eSIM情報を記載したメールを受信した日から90日間が有効期限となります。期限内にご利用ください。""], ""data_amount"": [""【高速データ通信】中国本土・香港・マカオで利用可能なeSIMです。5日間の有効期間中に5GBの高速データ通信をご利用いただけます。5GBを超過すると通信は自動的に停止します。""], ""network_type"": [""local_signal: 【純正T-Mobile用 アメリカSIM】eSIM 5日間【使い放題】【電話番号付き】5G/4G-LTE 高速データ通信/通話/SMS/テザリング 【アメリカ ハワイ 無制限】 プリペイド SIMカード TMO esim 5days"", ""roaming_signal: 【対応端末】eSIM対応かつSIMロックのかかっていないスマートフォンでのみご利用いただけます。日本国内で事前にQRコードを読み込んでインストール可能で、現地に到着後に本eSIMを選択し、ローミングを有効にすると自動的にネットワークに接続されます。"", ""insufficient_or_conflicting_signals(local=3, roaming=2)""], ""network_generation"": [""fallback_5g: source:meta_description: 【中国 香港 マカオeSIM】5日間 5GB高速データ通信 TikTok利用可能 データ通信専用 | 即日発行可能 メール登録で納品 中国本土・香港・マカオ対応eSIM mewfiがプリペイド電話カードストアでいつでもお買い得。当日お急ぎ便対象商品は、当日お届け可能です。アマゾン配送商品は、通常配送無料（一部"", ""fallback_4g_lte: source:image_alt: 香港eSIMデータカード – 4G/5G LTE、1日2GBの高速データ、7日プリペイドプラン、インターネット | 即時アクティベーション | 物理SIM不要 | 短期・長期旅行に最適"", ""fallback_only_network_generation_signal""], ""review_count"": [""detail_page: (10)""], ""bestseller_rank"": [""Amazon 売れ筋ランキング 家電＆カメラ - 69,094位 ( 家電＆カメラの売れ筋ランキングを見る ) プリペイドSIMカード - 699位""], ""title"": [""【中国 香港 マカオeSIM】5日間 5GB高速データ通信 TikTok利用可能 データ通信専用""]}"
amazon_jp,hk,【Almond SIM】中国本土 simcard 1日間 高速データ通信 完全無制限 香港 マカオにも利用可能 1-30日間選択可能 中国ネット規制対象外 中国でもGoogle、LINE、YouTubeなど利用可能 24時間安心サポート 5G 4G-LTE対応 プリペイド SIMカード China simカード (1日間/無制限),880,4,,,,,269,1일,1일,,unknown,5g_capable,,,"{""cmhk"": null, ""csl"": null, ""smartone"": null, ""three_hk"": true}","{""skt"": null, ""kt"": null, ""lgu"": null}",unlimited,https://www.amazon.co.jp/1%E6%97%A5%E9%96%93-1-30%E6%97%A5%E9%96%93%E9%81%B8%E6%8A%9E%E5%8F%AF%E8%83%BD-%E4%B8%AD%E5%9B%BD%E3%83%8D%E3%83%83%E3%83%88%E8%A6%8F%E5%88%B6%E5%AF%BE%E8%B1%A1%E5%A4%96-%E4%B8%AD%E5%9B%BD%E3%81%A7%E3%82%82Google%E3%80%81LINE%E3%80%81YouTube%E3%81%AA%E3%81%A9%E5%88%A9%E7%94%A8%E5%8F%AF%E8%83%BD-%E7%84%A1%E5%88%B6%E9%99%90/dp/B0FMQQ4NX2,B0FMQQ4NX2,B0FMQQ4NX2,株式会社ビッグコネクト,bigconnectのストアを表示,"{""price_jpy"": [""￥880""], ""usage_validity"": [""【Almond SIM】中国本土 simcard 1日間 高速データ通信 完全無制限 香港 マカオにも利用可能 1-30日間選択可能 中国ネット規制対象外 中国でもGoogle、LINE、YouTubeなど利用可能 24時間安心サポート 5G 4G-LTE対応 プリペイド SIMカード China simカード (1日間/無制限)""], ""data_amount"": [""【データプラン】データ通信専用のSIMです。※高速データ容量は無制限。完全使い放題プラン、中国ネット規制対象外 中国でもGoogle、LINE、YouTubeなどVPNなしで利用可能、本人確認やSIMカード認証は不要で、1-30日間選択可能。""], ""network_type"": [""roaming_signal: 【中国ネット制限なし】中国本土での利用の場合は香港ローミング接続を行います。これにより中国政府のネット規制対象外となり、Google、Facebook、Twitter、Instagram等に接続可能です。中華圏渡航スケジュールに対応する手軽なプリペイドSIMカード。キャリア：中国：China Telecom 香港：3HK マカオ: CTM。"", ""insufficient_or_conflicting_signals(local=0, roaming=1)""], ""network_generation"": [""product_info_cellular_5g: source:product_info_cellular: 携帯電話技術 5G 4G-Lte""], ""carrier_support_local"": [""3HK: 【中国ネット制限なし】中国本土での利用の場合は香港ローミング接続を行います。これにより中国政府のネット規制対象外となり、Google、Facebook、Twitter、Instagram等に接続可能です。中華圏渡航スケジュールに対応する手軽なプリペイドSIMカード。キャリア：中国：China Tel"", ""3HK: サービスプロバイダ 中国：China Telecom 香港：3HK マカオ: CTM""], ""review_count"": [""detail_page: (4)""], ""bestseller_rank"": [""Amazon 売れ筋ランキング 家電＆カメラ - 21,282位 ( 家電＆カメラの売れ筋ランキングを見る ) プリペイドSIMカード - 269位""], ""title"": [""【Almond SIM】中国本土 simcard 1日間 高速データ通信 完全無制限 香港 マカオにも利用可能 1-30日間選択可能 中国ネット規制対象外 中国でもGoogle、LINE、YouTubeなど利用可能 24時間安心サポート 5G 4G-LTE対応 プリペイド SIMカード China simカード (1日間/無制限)""]}"
amazon_jp,hk,中国 sim card 香港 マカオにも使える 高速データ通信 中国ネット規制対象外 中国でもGoogle、LINE、YouTubeなどVPNなしで利用可能 プリペイド SIMカード (8日間5GB),1405,65,,,,,662,7일,7일,8일,local,lte_4g_only,,,"{""cmhk"": null, ""csl"": null, ""smartone"": null, ""three_hk"": true}","{""skt"": null, ""kt"": null, ""lgu"": null}",5GB,https://www.amazon.co.jp/%E3%83%9E%E3%82%AB%E3%82%AA%E3%81%AB%E3%82%82%E4%BD%BF%E3%81%88%E3%82%8B-%E9%AB%98%E9%80%9F%E3%83%87%E3%83%BC%E3%82%BF%E9%80%9A%E4%BF%A1-%E4%B8%AD%E5%9B%BD%E3%83%8D%E3%83%83%E3%83%88%E8%A6%8F%E5%88%B6%E5%AF%BE%E8%B1%A1%E5%A4%96-%E4%B8%AD%E5%9B%BD%E3%81%A7%E3%82%82Google%E3%80%81LINE%E3%80%81YouTube%E3%81%AA%E3%81%A9VPN%E3%81%AA%E3%81%97%E3%81%A7%E5%88%A9%E7%94%A8%E5%8F%AF%E8%83%BD-8%E6%97%A5%E9%96%935GB/dp/B0CCXV4KMP,B0CCXV4KMP,B0CCXV4KMP,株式会社ビッグコネクト,bigconnectのストアを表示,"{""price_jpy"": [""￥1,405""], ""usage_validity"": [""大中華区SIMカード-中国、香港、マカオ、台湾向けプリペイドデータプラン｜2 GB毎日データ、7日有効期限｜高速4/5 G LTE｜旅行者に最適""], ""activation_validity"": [""中国 sim card 香港 マカオにも使える 高速データ通信 中国ネット規制対象外 中国でもGoogle、LINE、YouTubeなどVPNなしで利用可能 プリペイド SIMカード (8日間5GB)""], ""data_amount"": [""【安定した高速通信】中国 香港 マカオ で利用可能なプリペイドSIMカード。安定した4G-lte高速データ通信。※データ容量：8日間5GB高速定額4G‐LTEデータ。5GBを超えると、通信が止まります。""], ""network_type"": [""【チョコSIM 定額（Sプラン）】【中国の電話番号付きでアプリや施設サービスのSMS認証が可能】【データ容量】合計500MB/月【音声】合計20分間/月 データ/音声/SMS付きSIMカード 中国SIM マカオSIM China unicom ※こちらのSIMカードは契約後、毎月の基本料が発生いたします。※2024年11月1日から台湾でのご利用はできなくなり"", ""【SKTelecoｍ公式認証】 韓国eSIM 3日間 (72時間) 電話番号付き 超高速データ無制限 最初の5分発信無料(韓国国内) お急ぎの方即時発行可(LINE相談受付中) 有効期限／ご購入日より120日以内 現地空港サポート(SKTelecomローミングセンター) SKテレコム正規品 韓国SIMカードタイプではありません"", ""score: local=6, roaming=1""], ""network_generation"": [""product_info_cellular_4g_lte: source:product_info_cellular: 携帯電話技術 LTE""], ""carrier_support_local"": [""3HK: 【中国ネット制限なし】中国本土での利用の場合はローミング接続を行います。これにより中国政府のネット規制対象外となり、Google、Facebook、Twitter、Instagram等に接続可能です。中華圏渡航スケジュールに対応する手軽なプリペイドSIMカード。キャリア：中国：China Telec"", ""3HK: サービスプロバイダ 中国 Telecom, 香港 3HK, マカオ CTM""], ""review_count"": [""detail_page: (65)""], ""bestseller_rank"": [""Amazon 売れ筋ランキング 家電＆カメラ - 65,353位 ( 家電＆カメラの売れ筋ランキングを見る ) プリペイドSIMカード - 662位""], ""title"": [""中国 sim card 香港 マカオにも使える 高速データ通信 中国ネット規制対象外 中国でもGoogle、LINE、YouTubeなどVPNなしで利用可能 プリペイド SIMカード (8日間5GB)""]}"
amazon_jp,hk,【中国本土eSIM】香港とマカオでも利用可能 5日間 5GB 定番プラン データ通信専用（電話番号なし） 5G/4G-LTE対応 中国でもGoogle、LINE、YouTubeをVPNなしで利用可能 説明書付き LINEで24時間サポート 香港 マカオ 中国SIM MEWMEWホーム (5日間 5GB),1080,9,,,,,1021,5일,5일,7일,local,5g_capable,,,"{""cmhk"": null, ""csl"": null, ""smartone"": null, ""three_hk"": true}","{""skt"": null, ""kt"": null, ""lgu"": null}",5GB,https://www.amazon.co.jp/%E3%80%90%E4%B8%AD%E5%9B%BD%E6%9C%AC%E5%9C%9FeSIM%E3%80%91%E9%A6%99%E6%B8%AF%E3%81%A8%E3%83%9E%E3%82%AB%E3%82%AA%E3%81%A7%E3%82%82%E5%88%A9%E7%94%A8%E5%8F%AF%E8%83%BD-5%E6%97%A5%E9%96%93-5GB-%E3%83%87%E3%83%BC%E3%82%BF%E9%80%9A%E4%BF%A1%E5%B0%82%E7%94%A8%EF%BC%88%E9%9B%BB%E8%A9%B1%E7%95%AA%E5%8F%B7%E3%81%AA%E3%81%97%EF%BC%89-%E4%B8%AD%E5%9B%BD%E3%81%A7%E3%82%82Google%E3%80%81LINE%E3%80%81YouTube%E3%82%92VPN%E3%81%AA%E3%81%97%E3%81%A7%E5%88%A9%E7%94%A8%E5%8F%AF%E8%83%BD/dp/B0F1ZZLG69,B0F1ZZLG69,B0F1ZZLG69,mewmewホーム eSIM,ＭＥＷＭＥＷホームのストアを表示,"{""price_jpy"": [""￥1,080""], ""usage_validity"": [""【中国本土eSIM】香港とマカオでも利用可能 5日間 5GB 定番プラン データ通信専用（電話番号なし） 5G/4G-LTE対応 中国でもGoogle、LINE、YouTubeをVPNなしで利用可能 説明書付き LINEで24時間サポート 香港 マカオ 中国SIM MEWMEWホーム (5日間 5GB)""], ""activation_validity"": [""大中華区SIMカード-中国、香港、マカオ、台湾向けプリペイドデータプラン｜2 GB毎日データ、7日有効期限｜高速4/5 G LTE｜旅行者に最適""], ""data_amount"": [""型番 5日間 5GB""], ""network_type"": [""【T-Mobile純正品】eSIM版 アメリカ ハワイ SIM 7日間【使い放題】【電話番号付き】5G/4G-LTE 高速データ通信/通話/SMS/テザリング 【アメリカ ハワイ 無制限】 プリペイド SIMカード T-Mobile esim 7days"", ""【チョコSIM 定額（Sプラン）】【中国の電話番号付きでアプリや施設サービスのSMS認証が可能】【データ容量】合計500MB/月【音声】合計20分間/月 データ/音声/SMS付きSIMカード 中国SIM マカオSIM China unicom ※こちらのSIMカードは契約後、毎月の基本料が発生いたします。※2024年11月1日から台湾でのご利用はできなくなり"", ""score: local=9, roaming=0""], ""network_generation"": [""product_info_cellular_5g: source:product_info_cellular: 携帯電話技術 LTE, 5G"", ""product_info_cellular_4g_lte_signal_present_but_5g_capable_takes_precedence""], ""carrier_support_local"": [""3HK: 【中国 香港 eSIM】大容量 2GB/日・高速データ 低速無制限 即日発行可能 China Unicom/3HK キャリア 4G-LTE対応 データ通信専用 中国・ 香港 プリペイド simカード (1日間)""], ""review_count"": [""detail_page: (9)""], ""bestseller_rank"": [""Amazon 売れ筋ランキング 家電＆カメラ - 109,539位 ( 家電＆カメラの売れ筋ランキングを見る ) プリペイドSIMカード - 1,021位""], ""title"": [""【中国本土eSIM】香港とマカオでも利用可能 5日間 5GB 定番プラン データ通信専用（電話番号なし） 5G/4G-LTE対応 中国でもGoogle、LINE、YouTubeをVPNなしで利用可能 説明書付き LINEで24時間サポート 香港 マカオ 中国SIM MEWMEWホーム (5日間 5GB)""]}"
amazon_jp,hk,【Simmy公式】香港 eSIM 3日間 返金交換無料 データ無制限 困ったらLINEで相談OK,790,3400,,,,,342,3일,3일,7일,unknown,5g_capable,,,"{""cmhk"": null, ""csl"": null, ""smartone"": null, ""three_hk"": null}","{""skt"": null, ""kt"": null, ""lgu"": null}",unlimited,https://www.amazon.co.jp/%E3%80%90Simmy%E5%85%AC%E5%BC%8F%E3%80%91%E9%A6%99%E6%B8%AF-eSIM-%E8%BF%94%E9%87%91%E4%BA%A4%E6%8F%9B%E7%84%A1%E6%96%99-%E3%83%87%E3%83%BC%E3%82%BF%E7%84%A1%E5%88%B6%E9%99%90-%E5%9B%B0%E3%81%A3%E3%81%9F%E3%82%89LINE%E3%81%A7%E7%9B%B8%E8%AB%87OK/dp/B0F898QD3V,B0F898QD3V,B0F898QD3V,Simmy: The Easiest eSIM App,ブランド: Simmy,"{""price_jpy"": [""￥790""], ""usage_validity"": [""【Simmy公式】香港 eSIM 3日間 返金交換無料 データ無制限 困ったらLINEで相談OK""], ""activation_validity"": [""大中華区SIMカード-中国、香港、マカオ、台湾向けプリペイドデータプラン｜2 GB毎日データ、7日有効期限｜高速4/5 G LTE｜旅行者に最適""], ""data_amount"": [""Amazon.co.jp: 【Simmy公式】香港 eSIM 3日間 返金交換無料 データ無制限 困ったらLINEで相談OK | 海外旅行・出張・留学、iPhone・Android対応、テザリング可能、5G対応、使う日から日数カウントスタート、届いたQRを読むだけ・設定ガイド付き、24時間365日サポート・公式チャットも対応、初めてのeSIMでも安心 : 家""], ""network_type"": [""no_local_or_roaming_keyword_matched""], ""network_generation"": [""product_info_cellular_5g: source:product_info_cellular: 携帯電話技術 5G, 4G, LTE""], ""review_count"": [""detail_page: 「ちゃんと使えるか不安…」 そんな声に応え続けてきたeSIMです。 Simmyは、累計販売数7.5万人以上、130カ国のユーザーに利用され、 アプリストア評価3,400件超の実績があります。 海外旅行のプロが常駐し、24時間365日サポート。 LINE・公式チャット対応なので、トラブル時もすぐ相談できます！ アプリから残量チェック＆容量追加も可能。 旅行中の""], ""bestseller_rank"": [""Amazon 売れ筋ランキング 家電＆カメラ - 22,999位 ( 家電＆カメラの売れ筋ランキングを見る ) プリペイドSIMカード - 342位""], ""title"": [""【Simmy公式】香港 eSIM 3日間 返金交換無料 データ無制限 困ったらLINEで相談OK""]}"
amazon_jp,hk,[ 中国/香港/マカオ eSIM ] オンライン最短即日発行（メール受取）｜選べる容量・日数｜即利用OK｜安心24時間日本語サポート｜低速無制限付き (1day_daily 1GB),1917,3,,,,,1147,1일,1일,90일,roaming,5g_capable,,,"{""cmhk"": null, ""csl"": null, ""smartone"": null, ""three_hk"": true}","{""skt"": null, ""kt"": null, ""lgu"": null}",unlimited,https://www.amazon.co.jp/%E3%83%9E%E3%82%AB%E3%82%AA-eSIM-%E3%82%AA%E3%83%B3%E3%83%A9%E3%82%A4%E3%83%B3%E6%9C%80%E7%9F%AD%E5%8D%B3%E6%97%A5%E7%99%BA%E8%A1%8C%EF%BC%88%E3%83%A1%E3%83%BC%E3%83%AB%E5%8F%97%E5%8F%96%EF%BC%89%EF%BD%9C%E9%81%B8%E3%81%B9%E3%82%8B%E5%AE%B9%E9%87%8F%E3%83%BB%E6%97%A5%E6%95%B0%EF%BD%9C%E5%8D%B3%E5%88%A9%E7%94%A8OK%EF%BD%9C%E5%AE%89%E5%BF%8324%E6%99%82%E9%96%93%E6%97%A5%E6%9C%AC%E8%AA%9E%E3%82%B5%E3%83%9D%E3%83%BC%E3%83%88%EF%BD%9C%E4%BD%8E%E9%80%9F%E7%84%A1%E5%88%B6%E9%99%90%E4%BB%98%E3%81%8D-1day_daily-1GB/dp/B0GKZGFWMK,B0GKZGFWMK,B0GKZGFWMK,PREPAID DATA SIMのストアを表示,PREPAID DATA SIMのストアを表示,"{""price_jpy"": [""価格 ￥1,917 ￥1,310 ￥1,380 ￥190 ￥850 配送料 ￥1,423""], ""usage_validity"": [""【Simmy公式】中国 eSIM 1日間 返金交換無料 データ無制限 困ったらLINEで相談OK""], ""activation_validity"": [""引換コードに有効期限はありません。eSIM発行後は90日以内に利用開始してください。""], ""data_amount"": [""JAPAN & GLOBAL eSIM とは 契約・手続き不要でご利用いただける、データ通信専用のeSIMサービスです。 ・契約不要／簡単設定／最短当日配信 ・高速通信＆データを使い切っても低速無制限付きで安心 ・グローバルローミング対応（対応国・地域内） ・24時間日本語サポート／4G・5G対応（対応エリア内） 本商品はデータ通信専用eSIMのため、 音声""], ""network_type"": [""JAPAN & GLOBAL eSIM とは 契約・手続き不要でご利用いただける、データ通信専用のeSIMサービスです。 ・契約不要／簡単設定／最短当日配信 ・高速通信＆データを使い切っても低速無制限付きで安心 ・グローバルローミング対応（対応国・地域内） ・24時間日本語サポート／4G・5G対応（対応エリア内） 本商品はデータ通信専用eSIMのため、 音声"", ""サービスプロバイダ グローバルローミングサービス"", ""score: local=0, roaming=4""], ""network_generation"": [""product_info_cellular_5g: source:product_info_cellular: 携帯電話技術 4g/5g"", ""product_info_cellular_4g_lte_signal_present_but_5g_capable_takes_precedence""], ""carrier_support_local"": [""3HK: 【中国 香港 eSIM】大容量 2GB/日・高速データ 低速無制限 即日発行可能 China Unicom/3HK キャリア 4G-LTE対応 データ通信専用 中国・ 香港 プリペイド simカード (1日間)""], ""review_count"": [""detail_page: 3""], ""bestseller_rank"": [""Amazon 売れ筋ランキング 家電＆カメラ - 128,372位 ( 家電＆カメラの売れ筋ランキングを見る ) プリペイドSIMカード - 1,147位""], ""title"": [""[ 中国/香港/マカオ eSIM ] オンライン最短即日発行（メール受取）｜選べる容量・日数｜即利用OK｜安心24時間日本語サポート｜低速無制限付き (1day_daily 1GB)""]}"
amazon_jp,hk,中国本土・香港・マカオ SIMカード 10日間 (240時間) 高速データ無制限 SIMピン付き 4G/LTE SIMフリー対応 プリペイドSIMカード LINEで24時間サポート 中国sim (10日間),3280,7,,,,,706,10일,10일,10일,local,5g_capable,,,"{""cmhk"": null, ""csl"": true, ""smartone"": null, ""three_hk"": null}","{""skt"": null, ""kt"": null, ""lgu"": null}",unlimited,https://www.amazon.co.jp/%E4%B8%AD%E5%9B%BD%E6%9C%AC%E5%9C%9F%E3%83%BB%E9%A6%99%E6%B8%AF%E3%83%BB%E3%83%9E%E3%82%AB%E3%82%AA-10%E6%97%A5%E9%96%93-%E9%AB%98%E9%80%9F%E3%83%87%E3%83%BC%E3%82%BF%E7%84%A1%E5%88%B6%E9%99%90-%E3%83%97%E3%83%AA%E3%83%9A%E3%82%A4%E3%83%89SIM%E3%82%AB%E3%83%BC%E3%83%89-LINE%E3%81%A724%E6%99%82%E9%96%93%E3%82%B5%E3%83%9D%E3%83%BC%E3%83%88/dp/B0FMJ24GRZ,B0FMJ24GRZ,B0FMJ24GRZ,mewmewホーム eSIM,ＭＥＷＭＥＷホームのストアを表示,"{""price_jpy"": [""￥3,280""], ""usage_validity"": [""中国本土・香港・マカオ SIMカード 10日間 (240時間) 高速データ無制限 SIMピン付き 4G/LTE SIMフリー対応 プリペイドSIMカード LINEで24時間サポート 中国sim (10日間)""], ""activation_validity"": [""【有効期限：2026年8月10日まで】利用予定日を開通予約した後、SIMカードを端末に挿入するだけで簡単アクティベート！有効期限内ならいつでも使えます。プランの日数は24時間を一日とカウントされます。""], ""data_amount"": [""【無制限・高速データ通信】中国本土・マカオ：中華電信 香港：CSL 5G /4G/LTEに対応し、高速データ通信は完全無制限となります。高画質動画の視聴、地図検索、写真や動画のシェアなど、快適なインターネット環境を提供します。中国本土でLINE 、Google Map、Facebook、Twitter、Instagramに接続可能です。""], ""network_type"": [""【純正T-Mobile用 アメリカSIM】eSIM 5日間【使い放題】【電話番号付き】5G/4G-LTE 高速データ通信/通話/SMS/テザリング 【アメリカ ハワイ 無制限】 プリペイド SIMカード TMO esim 5days"", ""score: local=3, roaming=0""], ""network_generation"": [""product_info_cellular_5g: source:product_info_cellular: 携帯電話技術 LTE, 5G"", ""product_info_cellular_4g_lte_signal_present_but_5g_capable_takes_precedence""], ""carrier_support_local"": [""CSL: 【無制限・高速データ通信】中国本土・マカオ：中華電信 香港：CSL 5G /4G/LTEに対応し、高速データ通信は完全無制限となります。高画質動画の視聴、地図検索、写真や動画のシェアなど、快適なインターネット環境を提供します。中国本土でLINE 、Google Map、Facebook、Twitte"", ""CSL: サービスプロバイダ 中華電信, CSL"", ""CSL: Amazon.co.jp: 中国本土・香港・マカオ SIMカード 10日間 (240時間) 高速データ無制限 SIMピン付き 4G/LTE SIMフリー対応 プリペイドSIMカード LINEで24時間サポート 中国sim (10日間) : 家電＆カメラ 次に移動 メインコンテンツ この商品について ""], ""review_count"": [""detail_page: 7""], ""bestseller_rank"": [""Amazon 売れ筋ランキング 家電＆カメラ - 69,512位 ( 家電＆カメラの売れ筋ランキングを見る ) プリペイドSIMカード - 706位""], ""title"": [""中国本土・香港・マカオ SIMカード 10日間 (240時間) 高速データ無制限 SIMピン付き 4G/LTE SIMフリー対応 プリペイドSIMカード LINEで24時間サポート 中国sim (10日間)""]}"
amazon_jp,hk,香港 simカード 香港タイワンSIMカード 3/4/5日間プリペイドSIMカード データ通信無制限使い放題 (4日間),1075,1,,,,,1461,5일,5일,7일,local,lte_4g_only,,,"{""cmhk"": null, ""csl"": null, ""smartone"": null, ""three_hk"": null}","{""skt"": null, ""kt"": null, ""lgu"": null}",unlimited,https://www.amazon.co.jp/sim%E3%82%AB%E3%83%BC%E3%83%89-%E9%A6%99%E6%B8%AF%E3%82%BF%E3%82%A4%E3%83%AF%E3%83%B3SIM%E3%82%AB%E3%83%BC%E3%83%89-5%E6%97%A5%E9%96%93%E3%83%97%E3%83%AA%E3%83%9A%E3%82%A4%E3%83%89SIM%E3%82%AB%E3%83%BC%E3%83%89-%E3%83%87%E3%83%BC%E3%82%BF%E9%80%9A%E4%BF%A1%E7%84%A1%E5%88%B6%E9%99%90%E4%BD%BF%E3%81%84%E6%94%BE%E9%A1%8C-4%E6%97%A5%E9%96%93/dp/B0F7LPH6YY,B0F7LPH6YY,B0F7LPH6YY,Easy Go Technology,ブランド: Easygo Travel Everyday,"{""price_jpy"": [""￥1,075""], ""usage_validity"": [""香港 simカード 香港タイワンSIMカード 3/4/5日間プリペイドSIMカード データ通信無制限使い放題 (4日間)""], ""activation_validity"": [""大中華区SIMカード-中国、香港、マカオ、台湾向けプリペイドデータプラン｜2 GB毎日データ、7日有効期限｜高速4/5 G LTE｜旅行者に最適""], ""data_amount"": [""【データ通信無制限】 香港SIMカードは、5G LTE高速ネットワークで完全無制限のデータ通信を提供します（*一部地域では3G通信に切り替わる場合があります）。1日のデータ使用量が2GBに達すると、最大通信速度が256kbpsに低下しますが、翌日の香港現地時間午前0時に速度制限が自動解除されます。""], ""network_type"": [""【チョコSIM 定額（Sプラン）】【中国の電話番号付きでアプリや施設サービスのSMS認証が可能】【データ容量】合計500MB/月【音声】合計20分間/月 データ/音声/SMS付きSIMカード 中国SIM マカオSIM China unicom ※こちらのSIMカードは契約後、毎月の基本料が発生いたします。※2024年11月1日から台湾でのご利用はできなくなり"", ""【SKTelecoｍ公式認証】 韓国eSIM 3日間 (72時間) 電話番号付き 超高速データ無制限 最初の5分発信無料(韓国国内) お急ぎの方即時発行可(LINE相談受付中) 有効期限／ご購入日より120日以内 現地空港サポート(SKTelecomローミングセンター) SKテレコム正規品 韓国SIMカードタイプではありません"", ""score: local=6, roaming=0""], ""network_generation"": [""product_info_cellular_4g_lte: source:product_info_cellular: 携帯電話技術 LTE""], ""review_count"": [""detail_page: (1)""], ""bestseller_rank"": [""Amazon 売れ筋ランキング 家電＆カメラ - 170,169位 ( 家電＆カメラの売れ筋ランキングを見る ) プリペイドSIMカード - 1,461位""], ""title"": [""香港 simカード 香港タイワンSIMカード 3/4/5日間プリペイドSIMカード データ通信無制限使い放題 (4日間)""]}"
amazon_jp,hk,【eSIM】『SIM有効期限2026年12月31日迄』SIM2Flyアジア データ容量6GB 利用期間8日間(192時間) / ※esimの為、物理SIMの発送はありません。/利用国：インドネシア オーストラリア 韓国 シンガポール 台湾 中国 日本 フィリピン ベトナム 香港 マカオ マレーシア等,1786,5,,,,,63,8일,8일,31일,local,5g_capable,,,"{""cmhk"": null, ""csl"": null, ""smartone"": null, ""three_hk"": null}","{""skt"": null, ""kt"": null, ""lgu"": null}",6GB,https://www.amazon.co.jp/SIM2Fly%E3%82%A2%E3%82%B8%E3%82%A232%E3%83%B6%E5%9B%BD-%E3%83%87%E3%83%BC%E3%82%BF%E5%AE%B9%E9%87%8F6GB-%E5%88%A9%E7%94%A8%E6%9C%9F%E9%96%938%E6%97%A5%E9%96%93-%E2%80%BBesim%E3%81%AE%E7%82%BA%E3%80%81%E7%89%A9%E7%90%86SIM%E3%81%AE%E7%99%BA%E9%80%81%E3%81%AF%E3%81%82%E3%82%8A%E3%81%BE%E3%81%9B%E3%82%93%E3%80%82-%E3%82%AA%E3%83%BC%E3%82%B9%E3%83%88%E3%83%A9%E3%83%AA%E3%82%A2/dp/B0CHS6B3YQ,B0CHS6B3YQ,B0CHS6B3YQ,ブランド: Wise SIM,ブランド: Wise SIM,"{""price_jpy"": [""価格 ￥1,786 ￥1,680 ￥1,785 ￥1,310 ￥1,299""], ""usage_validity"": [""【eSIM】『SIM有効期限2026年12月31日迄』SIM2Flyアジア データ容量6GB 利用期間8日間(192時間) / ※esimの為、物理SIMの発送はありません。/利用国：インドネシア オーストラリア 韓国 シンガポール 台湾 中国 日本 フィリピン ベトナム 香港 マカオ マレーシア等""], ""activation_validity"": [""【eSIM】『SIM有効期限2026年12月31日迄』SIM2Flyアジア データ容量6GB 利用期間8日間(192時間) / ※esimの為、物理SIMの発送はありません。/利用国：インドネシア オーストラリア 韓国 シンガポール 台湾 中国 日本 フィリピン ベトナム 香港 マカオ マレーシア等""], ""data_amount"": [""【利用期間】 アジア33カ国にて8日間データ通信が可能。 【データ容量】6GBまで高速通信可能。※6GB超過後は128kbpsへ速度低下となりますが通信は止まる事無くご利用可能です。""], ""network_type"": [""【チョコSIM 定額（Sプラン）】【中国の電話番号付きでアプリや施設サービスのSMS認証が可能】【データ容量】合計500MB/月【音声】合計20分間/月 データ/音声/SMS付きSIMカード 中国SIM マカオSIM China unicom ※こちらのSIMカードは契約後、毎月の基本料が発生いたします。※2024年11月1日から台湾でのご利用はできなくなり"", ""【SKTelecoｍ公式認証】 韓国eSIM 3日間 (72時間) 電話番号付き 超高速データ無制限 最初の5分発信無料(韓国国内) お急ぎの方即時発行可(LINE相談受付中) 有効期限／ご購入日より120日以内 現地空港サポート(SKTelecomローミングセンター) SKテレコム正規品 韓国SIMカードタイプではありません"", ""score: local=6, roaming=1""], ""network_generation"": [""product_info_cellular_5g: source:product_info_cellular: 携帯電話技術 5G/4G/LTE"", ""product_info_cellular_4g_lte_signal_present_but_5g_capable_takes_precedence""], ""review_count"": [""detail_page: (5)""], ""bestseller_rank"": [""Amazon 売れ筋ランキング 家電＆カメラ - 5,876位 ( 家電＆カメラの売れ筋ランキングを見る ) プリペイドSIMカード - 63位""], ""title"": [""【eSIM】『SIM有効期限2026年12月31日迄』SIM2Flyアジア データ容量6GB 利用期間8日間(192時間) / ※esimの為、物理SIMの発送はありません。/利用国：インドネシア オーストラリア 韓国 シンガポール 台湾 中国 日本 フィリピン ベトナム 香港 マカオ マレーシア等""]}"
amazon_jp,hk,【中国・香港・マカオeSIM】4日間 4GB プリペイドeSIM VPN不要 LINE・Google利用可 テザリング可 高速データ 5G/4G-LTE JETSIM,1242,5,,,,,332,4일,4일,30일,local,5g_capable,,,"{""cmhk"": null, ""csl"": null, ""smartone"": null, ""three_hk"": true}","{""skt"": null, ""kt"": null, ""lgu"": null}",1GB/day,https://www.amazon.co.jp/%E3%83%9E%E3%82%AB%E3%82%AAeSIM%E3%80%914%E6%97%A5%E9%96%93-%E3%83%87%E3%83%BC%E3%82%BFSIM-%E3%83%97%E3%83%AA%E3%83%9A%E3%82%A4%E3%83%89SIM-%E3%82%B8%E3%82%A7%E3%83%83%E3%83%88%E3%83%A2%E3%83%90%E3%82%A4%E3%83%AB-%E3%83%86%E3%82%B6%E3%83%AA%E3%83%B3%E3%82%B0%E5%8F%AF/dp/B0DDBYVRYG,B0DDBYVRYG,B0DDBYVRYG,ジェスロモバイル,JETSIMのストアを表示,"{""price_jpy"": [""￥1,242""], ""usage_validity"": [""【中国・香港・マカオeSIM】4日間 4GB プリペイドeSIM VPN不要 LINE・Google利用可 テザリング可 高速データ 5G/4G-LTE JETSIM""], ""activation_validity"": [""商品の説明 購入後すぐにeSIMを使えますか？ はい、すぐにご利用いただけます。スムーズにご利用いただくために、申請フォームのご提出をお願いいたします。 eSIMのアクティベーションは必要ですか？ アクティベーションは不要です。eSIMをスマートフォンに追加すれば、現地に到着次第、自動的に接続されます！ 複数の国で利用できるプランは国をまたいで移動する際も、""], ""data_amount"": [""【データ無制限】中国・香港・マカオで4日間 5G/4G-LTE 高速データ4GB、その後2G速度で使い放題。テザリング対応。高速データ1日1GBまで。""], ""network_type"": [""【グローカルネット】100GB 365日 ギガ付き KURUFi クルファイ バッテリーレス ポケットWiFi モバイルルーター 軽量 小型 車載対応 契約不要 返却不要 月額0円 簡単 リチャージ KD-1 (USB type-A 変換アダプタ付属)"", ""【チョコSIM 定額（Sプラン）】【中国の電話番号付きでアプリや施設サービスのSMS認証が可能】【データ容量】合計500MB/月【音声】合計20分間/月 データ/音声/SMS付きSIMカード 中国SIM マカオSIM China unicom ※こちらのSIMカードは契約後、毎月の基本料が発生いたします。※2024年11月1日から台湾でのご利用はできなくなり"", ""score: local=7, roaming=0""], ""network_generation"": [""product_info_cellular_5g: source:product_info_cellular: 携帯電話技術 LTE, 5G"", ""product_info_cellular_4g_lte_signal_present_but_5g_capable_takes_precedence""], ""carrier_support_local"": [""3HK: 【高品質回線】 大手通信キャリア回線を使用。広範囲で安定した快適な通信を提供。中国：中国聯通（China Unicom）回線。香港：3HK回線。マカオ：CTM回線。"", ""3HK: サービスプロバイダ 中国聯通（China Unicom）、3HK、CTM""], ""review_count"": [""detail_page: (5)""], ""bestseller_rank"": [""Amazon 売れ筋ランキング 家電＆カメラ - 26,430位 ( 家電＆カメラの売れ筋ランキングを見る ) プリペイドSIMカード - 332位""], ""title"": [""【中国・香港・マカオeSIM】4日間 4GB プリペイドeSIM VPN不要 LINE・Google利用可 テザリング可 高速データ 5G/4G-LTE JETSIM""]}"
amazon_jp,hk,中国 sim｜10日間 10GB高速データ通信 低速無制限｜中国本土・香港・マカオ対応｜Google/LINE/YouTube利用可｜契約・本人確認不要｜24時間多言語サポート 香港 sim 中国 simカード,1380,7,,,,,1263,7일,7일,10일,unknown,5g_capable,,,"{""cmhk"": null, ""csl"": null, ""smartone"": null, ""three_hk"": true}","{""skt"": null, ""kt"": null, ""lgu"": null}",10GB,https://www.amazon.co.jp/sim%EF%BD%9C7%E6%97%A5%E9%96%93-10GB%E9%AB%98%E9%80%9F%E3%83%87%E3%83%BC%E3%82%BF%E9%80%9A%E4%BF%A1-%E4%BD%8E%E9%80%9F%E7%84%A1%E5%88%B6%E9%99%90%EF%BD%9C%E4%B8%AD%E5%9B%BD%E6%9C%AC%E5%9C%9F%E3%83%BB%E9%A6%99%E6%B8%AF%E3%83%BB%E3%83%9E%E3%82%AB%E3%82%AA%E5%AF%BE%E5%BF%9C%EF%BD%9Csim%E3%82%AB%E3%83%BC%E3%83%89%EF%BD%9CGoogle-YouTube%E5%88%A9%E7%94%A8%E5%8F%AF%EF%BD%9C%E5%AE%9F%E5%90%8D%E7%99%BB%E9%8C%B2%E4%B8%8D%E8%A6%81%EF%BD%9C24%E6%99%82%E9%96%93%E5%A4%9A%E8%A8%80%E8%AA%9E%E3%82%B5%E3%83%9D%E3%83%BC%E3%83%88-10%E6%97%A5%E9%96%93%E3%83%BB10GB/dp/B0FTM63V5J,B0FTM63V5J,B0FTM63V5J,Global eSIMshop,ブランド: PLUG TO GO,"{""price_jpy"": [""￥1,380""], ""usage_validity"": [""【高速データ】 データ通信専用プリペイドSIM。中国大陸・香港・マカオで利用可能。利用開始から7日間で合計10GBの高速データ通信が利用できます。10GBを超過した場合も、最大128kbpsの低速通信が無制限でご利用可能。本人確認やSIM登録は不要です。 【中国ネット規制なし】 中国本土では香港回線をローミング利用するため、中国政府のネット規制対象外。Goo""], ""activation_validity"": [""中国 sim｜10日間 10GB高速データ通信 低速無制限｜中国本土・香港・マカオ対応｜Google/LINE/YouTube利用可｜契約・本人確認不要｜24時間多言語サポート 香港 sim 中国 simカード""], ""data_amount"": [""【高速データ】 データ通信専用プリペイドSIM。中国大陸・香港・マカオで利用可能。利用開始から7日間で合計10GBの高速データ通信が利用できます。10GBを超過した場合も、最大128kbpsの低速通信が無制限でご利用可能。本人確認やSIM登録は不要です。""], ""network_type"": [""local_signal: 【SKTelecoｍ公式認証】 韓国eSIM 3日間 (72時間) 電話番号付き 超高速データ無制限 最初の5分発信無料(韓国国内) お急ぎの方即時発行可(LINE相談受付中) 有効期限／ご購入日より120日以内 現地空港サポート(SKTelecomローミングセンター) SKテレコム正規品 韓国SIMカードタイプではありません"", ""roaming_signal: 【中国ネット規制なし】 中国本土では香港回線をローミング利用するため、中国政府のネット規制対象外。Google、LINE、Facebook、Twitter、YouTube、Instagramなど主要サービスがVPN不要でそのままご利用いただけます。"", ""insufficient_or_conflicting_signals(local=3, roaming=3)""], ""network_generation"": [""product_info_cellular_5g: source:product_info_cellular: 携帯電話技術 5G/4G""], ""carrier_support_local"": [""3HK: 【対応端末】SIMフリー／SIMロック解除済みスマートフォン専用。タブレット・PC・Wi-Fiルーターではご利用いただけません。標準／micro／nano SIMサイズに対応。 キャリア：中国：中国電信（China Telecom）／香港：3HK／マカオ：CTM。"", ""3HK: 【高速データ】 データ通信専用プリペイドSIM。中国大陸・香港・マカオで利用可能。利用開始から7日間で合計10GBの高速データ通信が利用できます。10GBを超過した場合も、最大128kbpsの低速通信が無制限でご利用可能。本人確認やSIM登録は不要です。 【中国ネット規制なし】 中国本土では香港回線"", ""3HK: サービスプロバイダ China Telecom/3HK/CTM"", ""3HK: Amazon.co.jp: 中国 sim｜10日間 10GB高速データ通信 低速無制限｜中国本土・香港・マカオ対応｜Google/LINE/YouTube利用可｜契約・本人確認不要｜24時間多言語サポート 香港 sim 中国 simカード : 家電＆カメラ 次に移動 メインコンテンツ この商品につい""], ""review_count"": [""detail_page: (7)""], ""bestseller_rank"": [""Amazon 売れ筋ランキング 家電＆カメラ - 143,103位 ( 家電＆カメラの売れ筋ランキングを見る ) プリペイドSIMカード - 1,263位""], ""title"": [""中国 sim｜10日間 10GB高速データ通信 低速無制限｜中国本土・香港・マカオ対応｜Google/LINE/YouTube利用可｜契約・本人確認不要｜24時間多言語サポート 香港 sim 中国 simカード""]}"
amazon_jp,hk,【中国 香港 マカオ eSIM】5日間 無制限 実名登録不要 高速データ通信 低速なし 中国ネット規制対象外 Line、Youtube、GoogleなどVPNなしで利用可能 QRコード設定 メール登録で納品 即日発行対応 急ぎの方LINEサポートあり 中国esim 香港esim マカオesim,1880,22,,,,,571,1일,1일,5일,unknown,lte_4g_only,,,"{""cmhk"": null, ""csl"": null, ""smartone"": null, ""three_hk"": null}","{""skt"": null, ""kt"": null, ""lgu"": null}",unlimited,https://www.amazon.co.jp/eSIM%E3%80%915%E6%97%A5%E9%96%93-%E4%B8%AD%E5%9B%BD%E3%83%8D%E3%83%83%E3%83%88%E8%A6%8F%E5%88%B6%E5%AF%BE%E8%B1%A1%E5%A4%96-Line%E3%80%81Youtube%E3%80%81Google%E3%81%AA%E3%81%A9VPN%E3%81%AA%E3%81%97%E3%81%A7%E5%88%A9%E7%94%A8%E5%8F%AF%E8%83%BD-%E3%83%A1%E3%83%BC%E3%83%AB%E7%99%BB%E9%8C%B2%E3%81%A7%E7%B4%8D%E5%93%81-%E6%80%A5%E3%81%8E%E3%81%AE%E6%96%B9LINE%E3%82%B5%E3%83%9D%E3%83%BC%E3%83%88%E3%81%82%E3%82%8A/dp/B0FBVRLKHL,B0FBVRLKHL,B0FBVRLKHL,マグロeSIM,マグロeSIMのストアを表示,"{""price_jpy"": [""￥1,880""], ""usage_validity"": [""【注意事項①】有効期限：eSIM QRコードを受け取ってから90日間です（有効期間内にご利用ください）。eSIMの使用期間については、24時間を1日とカウントされますので、ご了承ください。""], ""activation_validity"": [""【中国 香港 マカオ eSIM】5日間 無制限 実名登録不要 高速データ通信 低速なし 中国ネット規制対象外 Line、Youtube、GoogleなどVPNなしで利用可能 QRコード設定 メール登録で納品 即日発行対応 急ぎの方LINEサポートあり 中国esim 香港esim マカオesim""], ""data_amount"": [""【高速データ】高速データ通信が無制限に使用可能です。""], ""network_type"": [""local_signal: 【チョコSIM 定額（Sプラン）】【中国の電話番号付きでアプリや施設サービスのSMS認証が可能】【データ容量】合計500MB/月【音声】合計20分間/月 データ/音声/SMS付きSIMカード 中国SIM マカオSIM China unicom ※こちらのSIMカードは契約後、毎月の基本料が発生いたします。※2024年11月1日から台湾でのご利用はできなくなり"", ""roaming_signal: 商品の説明 購入前にご注意！ 注意事項①：ご購入後、商品画像に記載されたURLにアクセスし必要事項を入力→メールアドレスにPDFの説明書とeSIMのQRコードが届きます！ 注意事項②：SIMロックフリー端末、もしくはSIMフリー端末専用のサービスです。必ず、ご利用端末がeSIM対応かどうかご確認ください。 注意事項③：eSIM対応端末のみ利用可能。※通信キャ"", ""insufficient_or_conflicting_signals(local=6, roaming=3)""], ""network_generation"": [""product_info_cellular_4g_lte: source:product_info_cellular: 携帯電話技術 LTE""], ""review_count"": [""detail_page: (22)""], ""bestseller_rank"": [""Amazon 売れ筋ランキング 家電＆カメラ - 50,214位 ( 家電＆カメラの売れ筋ランキングを見る ) プリペイドSIMカード - 571位""], ""title"": [""【中国 香港 マカオ eSIM】5日間 無制限 実名登録不要 高速データ通信 低速なし 中国ネット規制対象外 Line、Youtube、GoogleなどVPNなしで利用可能 QRコード設定 メール登録で納品 即日発行対応 急ぎの方LINEサポートあり 中国esim 香港esim マカオesim""]}"
amazon_jp,hk,"【東南アジアeSIM】7日間7GB｜11地域対応（シンガポール,タイ,マレーシア,インドネシア,ベトナム,台湾・香港・マカオ,韓国,オーストラリア,ニュージーランド）｜5G/4G対応 高速データ通信｜即日メール配信 ｜使用ガイド付き｜テザリング対応｜365日LINEサポート｜QRコードで簡単設定 SIMカード不要 (7日間7GB)",1299,7,,,,,399,4일,4일,7일,roaming,5g_capable,,,"{""cmhk"": null, ""csl"": null, ""smartone"": null, ""three_hk"": null}","{""skt"": null, ""kt"": null, ""lgu"": null}",1GB/day,https://www.amazon.co.jp/4G%E5%AF%BE%E5%BF%9C-%E9%AB%98%E9%80%9F%E3%83%87%E3%83%BC%E3%82%BF%E9%80%9A%E4%BF%A1%EF%BD%9C%E5%8D%B3%E6%97%A5%E7%99%BA%E8%A1%8C-SIM%E3%82%AB%E3%83%BC%E3%83%89%E4%B8%8D%E8%A6%81-7%E6%97%A5%E9%96%937GB/dp/B0FHBCSGM5,B0FHBCSGM5,B0FHBCSGM5,トリリオン・コネクト,Billion Connectのストアを表示,"{""price_jpy"": [""￥1,299""], ""usage_validity"": [""【プランの利用日数の計算方法】 eSIMの有効期間は、アクティベートした時点から起算され、24時間単位で計算されます。 （例：10月1日10:00に3日間のプランをアクティベートした場合、有効期限は10月4日10:00までとなります。）""], ""activation_validity"": [""【東南アジアeSIM】7日間7GB｜11地域対応（シンガポール,タイ,マレーシア,インドネシア,ベトナム,台湾・香港・マカオ,韓国,オーストラリア,ニュージーランド）｜5G/4G対応 高速データ通信｜即日メール配信 ｜使用ガイド付き｜テザリング対応｜365日LINEサポート｜QRコードで簡単設定 SIMカード不要 (7日間7GB)""], ""data_amount"": [""【7日間7GB｜5G/4G対応】 この東南アジアeSIMなら、7日間毎日1GBの高速データ通信が楽しめます！毎日の1GBを使い切った後は、速度が384kbpsに制限されますが、 LINE、WhatsApp、Messengerなどのアプリでの文字チャット、メール送受信、地図の閲覧やナビゲーションは引き続きご利用いただけます。""], ""network_type"": [""インドネシア旅行SIMカード - 5G/4G LTE高速データ - プリペイド＆ローミング禁止 - 5日間1GB - 観光客やビジネス旅行者のための簡単な有効化"", ""マレーシア旅行用SIMカード - 5G/4G LTE高速データ - プリペイド＆ローミングなし、7日間合計3GB - 観光客やビジネス旅行者向けの簡単アクティベーション"", ""score: local=0, roaming=5""], ""network_generation"": [""product_info_cellular_5g: source:product_info_cellular: 携帯電話技術 5G""], ""review_count"": [""detail_page: (7)""], ""bestseller_rank"": [""Amazon 売れ筋ランキング 家電＆カメラ - 33,206位 ( 家電＆カメラの売れ筋ランキングを見る ) プリペイドSIMカード - 399位""], ""title"": [""【東南アジアeSIM】7日間7GB｜11地域対応（シンガポール,タイ,マレーシア,インドネシア,ベトナム,台湾・香港・マカオ,韓国,オーストラリア,ニュージーランド）｜5G/4G対応 高速データ通信｜即日メール配信 ｜使用ガイド付き｜テザリング対応｜365日LINEサポート｜QRコードで簡単設定 SIMカード不要 (7日間7GB)""]}"
amazon_jp,hk,香港 マカオ simcard 3GB/日 大容量 高速データ通信 低速データ無制限 使い放題 プリペイド SIMカードsimcard 香港simcard マカオ simcard 香港sim マカオ sim (5日間),1453,22,,,,,444,3일,3일,5일,local,lte_4g_only,,,"{""cmhk"": null, ""csl"": null, ""smartone"": true, ""three_hk"": null}","{""skt"": null, ""kt"": null, ""lgu"": null}",unlimited,https://www.amazon.co.jp/simcard-%E4%BD%8E%E9%80%9F%E3%83%87%E3%83%BC%E3%82%BF%E7%84%A1%E5%88%B6%E9%99%90-SIM%E3%82%AB%E3%83%BC%E3%83%89simcard-%E9%A6%99%E6%B8%AFsimcard-5%E6%97%A5%E9%96%93/dp/B0CNCVSCSH,B0CNCVSCSH,B0CNCVSCSH,株式会社ビッグコネクト,bigconnectのストアを表示,"{""price_jpy"": [""￥1,453""], ""usage_validity"": [""【SKTelecoｍ公式認証】 韓国eSIM 3日間 (72時間) 電話番号付き 超高速データ無制限 最初の5分発信無料(韓国国内) お急ぎの方即時発行可(LINE相談受付中) 有効期限／ご購入日より120日以内 現地空港サポート(SKTelecomローミングセンター) SKテレコム正規品 韓国SIMカードタイプではありません""], ""activation_validity"": [""香港 マカオ simcard 3GB/日 大容量 高速データ通信 低速データ無制限 使い放題 プリペイド SIMカードsimcard 香港simcard マカオ simcard 香港sim マカオ sim (5日間)""], ""data_amount"": [""【大容量高速通信】香港 マカオで利用可能なプリペイドSIMカード。安定した4G-lte高速データ通信。キャリア：香港：Smartone、HKT、3 マカオ:CTM 。※データ容量無制限。ただしデータ一日使用量が3GBに達すると最大通信速度が128kbpsに低下します。翌日の香港時間0時自動的にスピード制限を解除します。デザリングも使用できます。128kbps""], ""network_type"": [""【チョコSIM 定額（Sプラン）】【中国の電話番号付きでアプリや施設サービスのSMS認証が可能】【データ容量】合計500MB/月【音声】合計20分間/月 データ/音声/SMS付きSIMカード 中国SIM マカオSIM China unicom ※こちらのSIMカードは契約後、毎月の基本料が発生いたします。※2024年11月1日から台湾でのご利用はできなくなり"", ""【SKTelecoｍ公式認証】 韓国eSIM 3日間 (72時間) 電話番号付き 超高速データ無制限 最初の5分発信無料(韓国国内) お急ぎの方即時発行可(LINE相談受付中) 有効期限／ご購入日より120日以内 現地空港サポート(SKTelecomローミングセンター) SKテレコム正規品 韓国SIMカードタイプではありません"", ""score: local=6, roaming=0""], ""network_generation"": [""product_info_cellular_4g_lte: source:product_info_cellular: 携帯電話技術 4G LTE""], ""carrier_support_local"": [""SmarTone: 【大容量高速通信】香港 マカオで利用可能なプリペイドSIMカード。安定した4G-lte高速データ通信。キャリア：香港：Smartone、HKT、3 マカオ:CTM 。※データ容量無制限。ただしデータ一日使用量が3GBに達すると最大通信速度が128kbpsに低下します。翌日の香港時間0時自動的にスピー""], ""review_count"": [""detail_page: (22)""], ""bestseller_rank"": [""Amazon 売れ筋ランキング 家電＆カメラ - 37,681位 ( 家電＆カメラの売れ筋ランキングを見る ) プリペイドSIMカード - 444位""], ""title"": [""香港 マカオ simcard 3GB/日 大容量 高速データ通信 低速データ無制限 使い放題 プリペイド SIMカードsimcard 香港simcard マカオ simcard 香港sim マカオ sim (5日間)""]}"
amazon_jp,hk,【アジア】eSIM 30日間(720時間) 20GB高速データ 5G/4G-LTE対応 データ通信専用 中国 日本 韓国 タイ マレーシア シンガポールマカオ 香港 台湾含む 9地域 simフリー端末のみ対応 説明書付 イーシム (30日間 20GB),2480,11,,,,,676,1일,1일,30일,unknown,lte_4g_only,,,"{""cmhk"": null, ""csl"": null, ""smartone"": null, ""three_hk"": null}","{""skt"": null, ""kt"": null, ""lgu"": null}",unlimited,https://www.amazon.co.jp/%E3%80%90%E3%82%A2%E3%82%B8%E3%82%A2%E3%80%91eSIM-30%E6%97%A5%E9%96%93-20GB%E9%AB%98%E9%80%9F%E3%83%87%E3%83%BC%E3%82%BF-sim%E3%83%95%E3%83%AA%E3%83%BC%E7%AB%AF%E6%9C%AB%E3%81%AE%E3%81%BF%E5%AF%BE%E5%BF%9C-20GB/dp/B0FD9T6H3M,B0FD9T6H3M,B0FD9T6H3M,SCT Mobile Tech,LBDCIOTのストアを表示,"{""price_jpy"": [""￥2,480""], ""usage_validity"": [""商品の説明 梱包内容： ① 封筒 ② eSIMカード 封筒には注意事項と公式アカウントのアフターサービスが記載されています。 カードには説明書、eSIMの取り出し方、アフターサービスの連絡先が記載されています。 その他の製品 【ヨーロッパ】eSIM 30日間 10GB 購入オプション 【ヨーロッパSIM】 30日間 10GB 購入オプション eSIM 10日""], ""activation_validity"": [""【アジア】eSIM 30日間(720時間) 20GB高速データ 5G/4G-LTE対応 データ通信専用 中国 日本 韓国 タイ マレーシア シンガポールマカオ 香港 台湾含む 9地域 simフリー端末のみ対応 説明書付 イーシム (30日間 20GB)""], ""data_amount"": [""【データ無制限】eSIMの高速データ総量は20GBです。20GBのデータ使用後も通信は途絶えることはありません。低速データは無制限にご利用いただけます。""], ""network_type"": [""local_signal: 【チョコSIM 定額（Sプラン）】【中国の電話番号付きでアプリや施設サービスのSMS認証が可能】【データ容量】合計500MB/月【音声】合計20分間/月 データ/音声/SMS付きSIMカード 中国SIM マカオSIM China unicom ※こちらのSIMカードは契約後、毎月の基本料が発生いたします。※2024年11月1日から台湾でのご利用はできなくなり"", ""roaming_signal: 【利用方法】eSIMは出発前に追加し、目的地に到着後「ローミングデータ」をオンにするとご利用いただけます。使用できない場合は、APNを追加してください。"", ""insufficient_or_conflicting_signals(local=6, roaming=3)""], ""network_generation"": [""product_info_cellular_4g_lte: source:product_info_cellular: 携帯電話技術 LTE""], ""review_count"": [""detail_page: (11)""], ""bestseller_rank"": [""Amazon 売れ筋ランキング 家電＆カメラ - 67,091位 ( 家電＆カメラの売れ筋ランキングを見る ) プリペイドSIMカード - 676位""], ""title"": [""【アジア】eSIM 30日間(720時間) 20GB高速データ 5G/4G-LTE対応 データ通信専用 中国 日本 韓国 タイ マレーシア シンガポールマカオ 香港 台湾含む 9地域 simフリー端末のみ対応 説明書付 イーシム (30日間 20GB)""]}"
amazon_jp,hk,【中国 香港 マカオ eSIM】4日間 無制限 実名登録不要 高速データ通信 低速なし 中国ネット規制対象外 Line、Youtube、GoogleなどVPNなしで利用可能 QRコード設定 メール登録で納品 即日発行対応 急ぎの方LINEサポートあり 中国esim 香港esim マカオesim マグロeSIM,1680,23,,,,,971,1일,1일,4일,unknown,lte_4g_only,,,"{""cmhk"": null, ""csl"": null, ""smartone"": null, ""three_hk"": null}","{""skt"": null, ""kt"": null, ""lgu"": null}",unlimited,https://www.amazon.co.jp/eSIM%E3%80%914%E6%97%A5%E9%96%93-%E4%B8%AD%E5%9B%BD%E3%83%8D%E3%83%83%E3%83%88%E8%A6%8F%E5%88%B6%E5%AF%BE%E8%B1%A1%E5%A4%96-Line%E3%80%81Youtube%E3%80%81Google%E3%81%AA%E3%81%A9VPN%E3%81%AA%E3%81%97%E3%81%A7%E5%88%A9%E7%94%A8%E5%8F%AF%E8%83%BD-%E6%80%A5%E3%81%8E%E3%81%AE%E6%96%B9LINE%E3%82%B5%E3%83%9D%E3%83%BC%E3%83%88%E3%81%82%E3%82%8A-%E3%83%9E%E3%82%B0%E3%83%ADeSIM/dp/B0DW837B3C,B0DW837B3C,B0DW837B3C,マグロeSIM,マグロeSIMのストアを表示,"{""price_jpy"": [""￥1,680""], ""usage_validity"": [""【注意事項①】有効期限：eSIM QRコードを受け取ってから90日間です（有効期間内にご利用ください）。eSIMの使用期間については、24時間を1日とカウントされますので、ご了承ください。""], ""activation_validity"": [""【中国 香港 マカオ eSIM】4日間 無制限 実名登録不要 高速データ通信 低速なし 中国ネット規制対象外 Line、Youtube、GoogleなどVPNなしで利用可能 QRコード設定 メール登録で納品 即日発行対応 急ぎの方LINEサポートあり 中国esim 香港esim マカオesim マグロeSIM""], ""data_amount"": [""【高速データ】高速データ通信が無制限に使用可能です。""], ""network_type"": [""local_signal: 【チョコSIM 定額（Sプラン）】【中国の電話番号付きでアプリや施設サービスのSMS認証が可能】【データ容量】合計500MB/月【音声】合計20分間/月 データ/音声/SMS付きSIMカード 中国SIM マカオSIM China unicom ※こちらのSIMカードは契約後、毎月の基本料が発生いたします。※2024年11月1日から台湾でのご利用はできなくなり"", ""roaming_signal: 商品の説明 購入前にご注意！ 注意事項①：ご購入後、商品画像に記載されたURLにアクセスし必要事項を入力→メールアドレスにPDFの説明書とeSIMのQRコードが届きます！ 注意事項②：SIMロックフリー端末、もしくはSIMフリー端末専用のサービスです。必ず、ご利用端末がeSIM対応かどうかご確認ください。 注意事項③：eSIM対応端末のみ利用可能。※通信キャ"", ""insufficient_or_conflicting_signals(local=6, roaming=3)""], ""network_generation"": [""product_info_cellular_4g_lte: source:product_info_cellular: 携帯電話技術 LTE""], ""review_count"": [""detail_page: (23)""], ""bestseller_rank"": [""Amazon 売れ筋ランキング 家電＆カメラ - 104,503位 ( 家電＆カメラの売れ筋ランキングを見る ) プリペイドSIMカード - 971位""], ""title"": [""【中国 香港 マカオ eSIM】4日間 無制限 実名登録不要 高速データ通信 低速なし 中国ネット規制対象外 Line、Youtube、GoogleなどVPNなしで利用可能 QRコード設定 メール登録で納品 即日発行対応 急ぎの方LINEサポートあり 中国esim 香港esim マカオesim マグロeSIM""]}"
amazon_jp,hk,【中国 香港 マカオeSIM】30日間20GB 高速データ通信 無制限 使い放題 実名登録不要 中国ネット規制対象外 ｜Google LINE YouTubeなどVPNなしで利用可能｜中国 simカード 香港sim マカオsim マカオeSIM プリペイド SIM eSIM｜旅行・出張・留学｜安心サポート 5G 4G-LTE対応 当日発行可能,1850,2,,,,,917,1일,1일,30일,roaming,5g_capable,,,"{""cmhk"": null, ""csl"": null, ""smartone"": true, ""three_hk"": null}","{""skt"": null, ""kt"": null, ""lgu"": null}",20GB,https://www.amazon.co.jp/%E3%83%9E%E3%82%AB%E3%82%AAeSIM%E3%80%9130%E6%97%A5%E9%96%9320GB-128kbps%E7%84%A1%E5%88%B6%E9%99%90-%E4%B8%AD%E5%9B%BD%E3%83%8D%E3%83%83%E3%83%88%E8%A6%8F%E5%88%B6%E5%AF%BE%E8%B1%A1%E5%A4%96-YouTube%E3%81%AA%E3%81%A9VPN%E3%81%AA%E3%81%97%E3%81%A7%E5%88%A9%E7%94%A8%E5%8F%AF%E8%83%BD%EF%BD%9C%E4%B8%AD%E5%9B%BD-eSIM%EF%BD%9C%E6%97%85%E8%A1%8C%E3%83%BB%E5%87%BA%E5%BC%B5%E3%83%BB%E7%95%99%E5%AD%A6%EF%BD%9C%E5%AE%89%E5%BF%83%E3%82%B5%E3%83%9D%E3%83%BC%E3%83%88/dp/B0FR426ZVY,B0FR426ZVY,B0FR426ZVY,Global Travel SIM Card,onetoneのストアを表示,"{""price_jpy"": [""￥1,850""], ""usage_validity"": [""【有効期限について】eSIM カードはアクティベーション前の有効期限が 365 日です。アクティベーション後の有効期間は購入した日数と一致し、24 時間を 1 日として計算されます""], ""activation_validity"": [""【中国 香港 マカオeSIM】30日間20GB 高速データ通信 無制限 使い放題 実名登録不要 中国ネット規制対象外 ｜Google LINE YouTubeなどVPNなしで利用可能｜中国 simカード 香港sim マカオsim マカオeSIM プリペイド SIM eSIM｜旅行・出張・留学｜安心サポート 5G 4G-LTE対応 当日発行可能""], ""data_amount"": [""型番 30日間20GB""], ""network_type"": [""商品の説明 注意事項： 1. eSIMが提供する機能とサービス 現在のeSIMはデータ通信のみサポートしており、音声通話およびSMS機能はサポートしていません。 2. スマートフォンがeSIMをサポートしているかどうかの確認方法 「通話」画面で`*#06#`を入力すると、EID情報が表示されます。これはスマートフォンがeSIMのインストールをサポートしている"", ""score: local=0, roaming=3""], ""network_generation"": [""product_info_cellular_5g: source:product_info_cellular: 携帯電話技術 5G,4G,LTE""], ""carrier_support_local"": [""SmarTone: サービスプロバイダ China mobile/Smartone/CTM"", ""SmarTone: Amazon.co.jp: 【中国 香港 マカオeSIM】30日間20GB 高速データ通信 無制限 使い放題 実名登録不要 中国ネット規制対象外 ｜Google LINE YouTubeなどVPNなしで利用可能｜中国 simカード 香港sim マカオsim マカオeSIM プリペイド SIM eSI""], ""review_count"": [""detail_page: (2)""], ""bestseller_rank"": [""Amazon 売れ筋ランキング 家電＆カメラ - 95,364位 ( 家電＆カメラの売れ筋ランキングを見る ) プリペイドSIMカード - 917位""], ""title"": [""【中国 香港 マカオeSIM】30日間20GB 高速データ通信 無制限 使い放題 実名登録不要 中国ネット規制対象外 ｜Google LINE YouTubeなどVPNなしで利用可能｜中国 simカード 香港sim マカオsim マカオeSIM プリペイド SIM eSIM｜旅行・出張・留学｜安心サポート 5G 4G-LTE対応 当日発行可能""]}"
amazon_jp,hk,【中国・香港・マカオ eSIM】4日間 高速完全無制限 実名認証不要 データ通信専用(電話番号なし) 5G/4G-LTE対応 中国でもGoogle、LINE、YouTubeなどVPNなしで利用可能 当日発行可能 説明書付 LINEで24時間サポート HONGKONG MACAU 中国sim MEWMEWホーム (4日間),1680,1,,,,,836,4일,4일,90일,local,lte_4g_only,,,"{""cmhk"": null, ""csl"": true, ""smartone"": null, ""three_hk"": null}","{""skt"": null, ""kt"": null, ""lgu"": null}",unlimited,https://www.amazon.co.jp/%E3%80%90%E4%B8%AD%E5%9B%BD%E3%83%BB%E9%A6%99%E6%B8%AF%E3%83%BB%E3%83%9E%E3%82%AB%E3%82%AA-%E4%B8%AD%E5%9B%BD%E3%81%A7%E3%82%82Google%E3%80%81LINE%E3%80%81YouTube%E3%81%AA%E3%81%A9VPN%E3%81%AA%E3%81%97%E3%81%A7%E5%88%A9%E7%94%A8%E5%8F%AF%E8%83%BD-LINE%E3%81%A724%E6%99%82%E9%96%93%E3%82%B5%E3%83%9D%E3%83%BC%E3%83%88-MEWMEW%E3%83%9B%E3%83%BC%E3%83%A0-4%E6%97%A5%E9%96%93/dp/B0DSJ8RXNM,B0DSJ8RXNM,B0DSJ8RXNM,mewmewホーム eSIM,ＭＥＷＭＥＷホームのストアを表示,"{""price_jpy"": [""￥1,680""], ""usage_validity"": [""【中国・香港・マカオ eSIM】4日間 高速完全無制限 実名認証不要 データ通信専用(電話番号なし) 5G/4G-LTE対応 中国でもGoogle、LINE、YouTubeなどVPNなしで利用可能 当日発行可能 説明書付 LINEで24時間サポート HONGKONG MACAU 中国sim MEWMEWホーム (4日間)""], ""activation_validity"": [""📍【有効期限】eSIMはQRコードを受け取ってから90日以内は有効になっています。eSIMプランの日数は24時間を一日とカウントされます。""], ""data_amount"": [""📍5G/4G/LTEに対応し、高速データ通信量は完全無制限となります。※データ通信専用、電話番号なし""], ""network_type"": [""📍【ローカル回線】中国本土とマカオ：中華電信 香港：CSL"", ""【チョコSIM 定額（Sプラン）】【中国の電話番号付きでアプリや施設サービスのSMS認証が可能】【データ容量】合計500MB/月【音声】合計20分間/月 データ/音声/SMS付きSIMカード 中国SIM マカオSIM China unicom ※こちらのSIMカードは契約後、毎月の基本料が発生いたします。※2024年11月1日から台湾でのご利用はできなくなり"", ""score: local=12, roaming=0""], ""network_generation"": [""product_info_cellular_4g_lte: source:product_info_cellular: 携帯電話技術 LTE""], ""carrier_support_local"": [""CSL: 📍【ローカル回線】中国本土とマカオ：中華電信 香港：CSL"", ""CSL: サービスプロバイダ 中華電信, CSL"", ""CSL: Amazon.co.jp: 【中国・香港・マカオ eSIM】4日間 高速完全無制限 実名認証不要 データ通信専用(電話番号なし) 5G/4G-LTE対応 中国でもGoogle、LINE、YouTubeなどVPNなしで利用可能 当日発行可能 説明書付 LINEで24時間サポート HONGKONG MA""], ""review_count"": [""detail_page: (1)""], ""bestseller_rank"": [""Amazon 売れ筋ランキング 家電＆カメラ - 87,781位 ( 家電＆カメラの売れ筋ランキングを見る ) プリペイドSIMカード - 836位""], ""title"": [""【中国・香港・マカオ eSIM】4日間 高速完全無制限 実名認証不要 データ通信専用(電話番号なし) 5G/4G-LTE対応 中国でもGoogle、LINE、YouTubeなどVPNなしで利用可能 当日発行可能 説明書付 LINEで24時間サポート HONGKONG MACAU 中国sim MEWMEWホーム (4日間)""]}"
amazon_jp,hk,【中国・香港・マカオeSIM】4日間完全無制限（三泊四日 使い放題） DeSiM正規卸 | LINE相談受付中｜データ通信専用（電話番号なし） | simフリー端末のみ対応 説明書付 イーシム DeSiM,4030,5,,,,,1203,4일,4일,7일,local,lte_4g_only,,,"{""cmhk"": null, ""csl"": null, ""smartone"": null, ""three_hk"": null}","{""skt"": null, ""kt"": null, ""lgu"": null}",unlimited,https://www.amazon.co.jp/%E3%80%90%E4%B8%AD%E5%9B%BD%E3%83%BB%E9%A6%99%E6%B8%AF%E3%83%BB%E3%83%9E%E3%82%AB%E3%82%AAeSIM%E3%80%914%E6%97%A5%E9%96%93%E5%AE%8C%E5%85%A8%E7%84%A1%E5%88%B6%E9%99%90%EF%BC%88%E4%B8%89%E6%B3%8A%E5%9B%9B%E6%97%A5-DeSiM%E6%AD%A3%E8%A6%8F%E5%8D%B8-LINE%E7%9B%B8%E8%AB%87%E5%8F%97%E4%BB%98%E4%B8%AD%EF%BD%9C%E3%83%87%E3%83%BC%E3%82%BF%E9%80%9A%E4%BF%A1%E5%B0%82%E7%94%A8%EF%BC%88%E9%9B%BB%E8%A9%B1%E7%95%AA%E5%8F%B7%E3%81%AA%E3%81%97%EF%BC%89-sim%E3%83%95%E3%83%AA%E3%83%BC%E7%AB%AF%E6%9C%AB%E3%81%AE%E3%81%BF%E5%AF%BE%E5%BF%9C-DeSiM/dp/B0DL4T8ZWP,B0DL4T8ZWP,B0DL4T8ZWP,DeSiM,DeSiMのストアを表示,"{""price_jpy"": [""￥4,030""], ""usage_validity"": [""【中国・香港・マカオeSIM】4日間完全無制限（三泊四日 使い放題） DeSiM正規卸 | LINE相談受付中｜データ通信専用（電話番号なし） | simフリー端末のみ対応 説明書付 イーシム DeSiM""], ""activation_validity"": [""商品の説明 購入前の注意事項 【注意事項】 注意事項①：本商品はデータ通信専用です（通話はご利用いただけません）。ご注意ください。 注意事項②：SIMロックフリー端末、もしくはSIMフリー端末専用のサービスです。必ず、ご利用端末がeSIM対応かどうかご確認ください。 注意事項③：2021年10月1日以前にSIMロック解除をキャリア店頭またはインターネットでさ""], ""data_amount"": [""商品の説明 購入前の注意事項 【注意事項】 注意事項①：本商品はデータ通信専用です（通話はご利用いただけません）。ご注意ください。 注意事項②：SIMロックフリー端末、もしくはSIMフリー端末専用のサービスです。必ず、ご利用端末がeSIM対応かどうかご確認ください。 注意事項③：2021年10月1日以前にSIMロック解除をキャリア店頭またはインターネットでさ""], ""network_type"": [""商品の説明 購入前の注意事項 【注意事項】 注意事項①：本商品はデータ通信専用です（通話はご利用いただけません）。ご注意ください。 注意事項②：SIMロックフリー端末、もしくはSIMフリー端末専用のサービスです。必ず、ご利用端末がeSIM対応かどうかご確認ください。 注意事項③：2021年10月1日以前にSIMロック解除をキャリア店頭またはインターネットでさ"", ""【チョコSIM 定額（Sプラン）】【中国の電話番号付きでアプリや施設サービスのSMS認証が可能】【データ容量】合計500MB/月【音声】合計20分間/月 データ/音声/SMS付きSIMカード 中国SIM マカオSIM China unicom ※こちらのSIMカードは契約後、毎月の基本料が発生いたします。※2024年11月1日から台湾でのご利用はできなくなり"", ""score: local=9, roaming=1""], ""network_generation"": [""product_info_cellular_4g_lte: source:product_info_cellular: 携帯電話技術 LTE""], ""review_count"": [""detail_page: (5)""], ""bestseller_rank"": [""Amazon 売れ筋ランキング 家電＆カメラ - 135,276位 ( 家電＆カメラの売れ筋ランキングを見る ) プリペイドSIMカード - 1,203位""], ""title"": [""【中国・香港・マカオeSIM】4日間完全無制限（三泊四日 使い放題） DeSiM正規卸 | LINE相談受付中｜データ通信専用（電話番号なし） | simフリー端末のみ対応 説明書付 イーシム DeSiM""]}"
amazon_jp,hk,アジア25ヵ国プリペイドSIM 利用日数30日 データ容量7GB アジア周遊SIM ローミングSIM 利用国(インド、オーストラリア、韓国、グアム、サイパン、シンガポール、タイ、台湾、中国、日本、フィリピン、ベトナム、香港、マカオ、マレーシア等),1680,2,,,,,529,1일,1일,30일,unknown,5g_capable,,,"{""cmhk"": null, ""csl"": null, ""smartone"": null, ""three_hk"": null}","{""skt"": null, ""kt"": null, ""lgu"": null}",7GB,https://www.amazon.co.jp/%E3%82%A2%E3%82%B8%E3%82%A224%E3%83%B5%E5%9B%BD%E3%83%97%E3%83%AA%E3%83%9A%E3%82%A4%E3%83%89SIM-%E5%88%A9%E7%94%A8%E6%9C%9F%E9%96%9330%E6%97%A5%E9%96%93-%E3%83%87%E3%83%BC%E3%82%BF%E5%AE%B9%E9%87%8F8GB-%E3%82%A2%E3%82%B8%E3%82%A2%E5%91%A8%E9%81%8ASIM-%E9%9F%93%E5%9B%BD%E3%80%81%E6%97%A5%E6%9C%AC%E3%80%81%E3%82%A4%E3%83%B3%E3%83%89%E3%83%8D%E3%82%B7%E3%82%A2%E3%80%81%E3%82%AA%E3%83%BC%E3%82%B9%E3%83%88%E3%83%A9%E3%83%AA%E3%82%A2%E3%80%81%E3%82%B7%E3%83%B3%E3%82%AC%E3%83%9D%E3%83%BC%E3%83%AB%E3%80%81%E3%82%BF%E3%82%A4%E3%80%81%E3%83%95%E3%82%A3%E3%83%AA%E3%83%94%E3%83%B3%E3%80%81%E3%83%99%E3%83%88%E3%83%8A%E3%83%A0%E7%AD%89/dp/B0DLP3PYW4,B0DLP3PYW4,B0DLP3PYW4,ブランド: Wise SIM,ブランド: Wise SIM,"{""price_jpy"": [""価格 ￥1,680 ￥1,786 ￥833 ￥1,244 ￥1,399 配送料 ￥1,426""], ""usage_validity"": [""■利用期間：香港の通信会社が発行しているSIMの為、香港時間を基準として電波を受信後30日(日数カウント) 例えば香港の23時に利用開始した場合、1時間で1日分としてカウントされますのでご留意ください。""], ""activation_validity"": [""アジア25ヵ国プリペイドSIM 利用日数30日 データ容量7GB アジア周遊SIM ローミングSIM 利用国(インド、オーストラリア、韓国、グアム、サイパン、シンガポール、タイ、台湾、中国、日本、フィリピン、ベトナム、香港、マカオ、マレーシア等)""], ""data_amount"": [""【データ容量】 7GBまで高速データ通信利用が可能です。 ※7GBのデータ量を超過後は128kbpsへ速度低下となりますが止まる事なく利用可能です。""], ""network_type"": [""local_signal: 【チョコSIM 定額（Sプラン）】【中国の電話番号付きでアプリや施設サービスのSMS認証が可能】【データ容量】合計500MB/月【音声】合計20分間/月 データ/音声/SMS付きSIMカード 中国SIM マカオSIM China unicom ※こちらのSIMカードは契約後、毎月の基本料が発生いたします。※2024年11月1日から台湾でのご利用はできなくなり"", ""roaming_signal: アジア25ヵ国プリペイドSIM 利用日数30日 データ容量7GB アジア周遊SIM ローミングSIM 利用国(インド、オーストラリア、韓国、グアム、サイパン、シンガポール、タイ、台湾、中国、日本、フィリピン、ベトナム、香港、マカオ、マレーシア等)"", ""insufficient_or_conflicting_signals(local=6, roaming=8)""], ""network_generation"": [""product_info_cellular_5g: source:product_info_cellular: 携帯電話技術 5G/4G/LTE"", ""product_info_cellular_4g_lte_signal_present_but_5g_capable_takes_precedence""], ""review_count"": [""detail_page: (2)""], ""bestseller_rank"": [""Amazon 売れ筋ランキング 家電＆カメラ - 45,975位 ( 家電＆カメラの売れ筋ランキングを見る ) プリペイドSIMカード - 529位""], ""title"": [""アジア25ヵ国プリペイドSIM 利用日数30日 データ容量7GB アジア周遊SIM ローミングSIM 利用国(インド、オーストラリア、韓国、グアム、サイパン、シンガポール、タイ、台湾、中国、日本、フィリピン、ベトナム、香港、マカオ、マレーシア等)""]}"
amazon_jp,hk,"【東南アジアeSIM】7日間無制限東南アジアe-SIM｜11地域対応（シンガポール,タイ,マレーシア,インドネシア,ベトナム,台湾・香港・マカオ,韓国,オーストラリア,ニュージーランド）｜5G/4G対応 高速データ通信｜即日メール配信 ｜使用ガイド付き｜テザリング対応｜365日LINEサポート｜QRコードで簡単設定 SIMカード不要 (7日間無制限)",3299,2,,,,,1370,7일,7일,90일,roaming,5g_capable,,,"{""cmhk"": null, ""csl"": null, ""smartone"": null, ""three_hk"": null}","{""skt"": null, ""kt"": null, ""lgu"": null}",unlimited,https://www.amazon.co.jp/%E3%80%90%E6%9D%B1%E5%8D%97%E3%82%A2%E3%82%B8%E3%82%A2eSIM%E3%80%917%E6%97%A5%E9%96%93%E7%84%A1%E5%88%B6%E9%99%90%E6%9D%B1%E5%8D%97%E3%82%A2%E3%82%B8%E3%82%A2e-SIM%EF%BD%9C13%E5%9C%B0%E5%9F%9F%E5%AF%BE%E5%BF%9C%EF%BC%88%E3%82%B7%E3%83%B3%E3%82%AC%E3%83%9D%E3%83%BC%E3%83%AB-%E3%83%8B%E3%83%A5%E3%83%BC%E3%82%B8%E3%83%BC%E3%83%A9%E3%83%B3%E3%83%89%EF%BC%89%EF%BD%9C5G-%E9%AB%98%E9%80%9F%E3%83%87%E3%83%BC%E3%82%BF%E9%80%9A%E4%BF%A1%EF%BD%9C%E5%8D%B3%E6%97%A5%E3%83%A1%E3%83%BC%E3%83%AB%E9%85%8D%E4%BF%A1-%EF%BD%9C%E4%BD%BF%E7%94%A8%E3%82%AC%E3%82%A4%E3%83%89%E4%BB%98%E3%81%8D%EF%BD%9C%E3%83%86%E3%82%B6%E3%83%AA%E3%83%B3%E3%82%B0%E5%AF%BE%E5%BF%9C%EF%BD%9C365%E6%97%A5LINE%E3%82%B5%E3%83%9D%E3%83%BC%E3%83%88%EF%BD%9CQR%E3%82%B3%E3%83%BC%E3%83%89%E3%81%A7%E7%B0%A1%E5%8D%98%E8%A8%AD%E5%AE%9A/dp/B0FHBCV22R,B0FHBCV22R,B0FHBCV22R,トリリオン・コネクト,Billion Connectのストアを表示,"{""price_jpy"": [""￥3,299""], ""usage_validity"": [""【東南アジアeSIM】7日間無制限東南アジアe-SIM｜11地域対応（シンガポール,タイ,マレーシア,インドネシア,ベトナム,台湾・香港・マカオ,韓国,オーストラリア,ニュージーランド）｜5G/4G対応 高速データ通信｜即日メール配信 ｜使用ガイド付き｜テザリング対応｜365日LINEサポート｜QRコードで簡単設定 SIMカード不要 (7日間無制限)""], ""activation_validity"": [""【eSIMの有効期限】 受け取り後90日以内にアクティベートしてください。有効期限の前日までにアクティベートされていない場合、eSIMは無効となりご利用いただけません。""], ""data_amount"": [""【7日間無制限高速データ – 5G対応】 東南アジアe-SIMは、完全無制限の高速データ通信を提供！データ残量を気にせず、動画視聴・ゲーム・SNS・ライブ配信をいつでもどこでも思い切り楽しめます！""], ""network_type"": [""インドネシア旅行SIMカード - 5G/4G LTE高速データ - プリペイド＆ローミング禁止 - 5日間1GB - 観光客やビジネス旅行者のための簡単な有効化"", ""マレーシア旅行用SIMカード - 5G/4G LTE高速データ - プリペイド＆ローミングなし、7日間合計3GB - 観光客やビジネス旅行者向けの簡単アクティベーション"", ""score: local=0, roaming=2""], ""network_generation"": [""product_info_cellular_5g: source:product_info_cellular: 携帯電話技術 5G""], ""review_count"": [""detail_page: (2)""], ""bestseller_rank"": [""Amazon 売れ筋ランキング 家電＆カメラ - 155,063位 ( 家電＆カメラの売れ筋ランキングを見る ) プリペイドSIMカード - 1,370位""], ""title"": [""【東南アジアeSIM】7日間無制限東南アジアe-SIM｜11地域対応（シンガポール,タイ,マレーシア,インドネシア,ベトナム,台湾・香港・マカオ,韓国,オーストラリア,ニュージーランド）｜5G/4G対応 高速データ通信｜即日メール配信 ｜使用ガイド付き｜テザリング対応｜365日LINEサポート｜QRコードで簡単設定 SIMカード不要 (7日間無制限)""]}"
amazon_jp,hk,【Almond eSIM】中国 香港 マカオ 大中華 esim 7日間 高速データ通信 完全無制限 当日発行可能 中国ネット規制対象外 中国でもGoogle、LINE、YouTubeなどVPNなしで利用可能 24時間サポート 4G-LTE対応 プリペイド ESIMプラン China HONGKONG MACAO simカード (7日間完全無制限),2545,14,,,,,1100,3일,3일,7일,unknown,lte_4g_only,,,"{""cmhk"": null, ""csl"": null, ""smartone"": null, ""three_hk"": null}","{""skt"": null, ""kt"": null, ""lgu"": null}",unlimited,https://www.amazon.co.jp/%E4%B8%AD%E5%9B%BD%E3%83%8D%E3%83%83%E3%83%88%E8%A6%8F%E5%88%B6%E5%AF%BE%E8%B1%A1%E5%A4%96-%E4%B8%AD%E5%9B%BD%E3%81%A7%E3%82%82Google%E3%80%81LINE%E3%80%81YouTube%E3%81%AA%E3%81%A9VPN%E3%81%AA%E3%81%97%E3%81%A7%E5%88%A9%E7%94%A8%E5%8F%AF%E8%83%BD-24%E6%99%82%E9%96%93%E3%82%B5%E3%83%9D%E3%83%BC%E3%83%88-4G-LTE%E5%AF%BE%E5%BF%9C-7%E6%97%A5%E9%96%93%E5%AE%8C%E5%85%A8%E7%84%A1%E5%88%B6%E9%99%90/dp/B0DR872CKP,B0DR872CKP,B0DR872CKP,株式会社ビッグコネクト,bigconnectのストアを表示,"{""price_jpy"": [""￥2,545""], ""usage_validity"": [""【SKTelecoｍ公式認証】 韓国eSIM 3日間 (72時間) 電話番号付き 超高速データ無制限 最初の5分発信無料(韓国国内) お急ぎの方即時発行可(LINE相談受付中) 有効期限／ご購入日より120日以内 現地空港サポート(SKTelecomローミングセンター) SKテレコム正規品 韓国SIMカードタイプではありません""], ""activation_validity"": [""【Almond eSIM】中国 香港 マカオ 大中華 esim 7日間 高速データ通信 完全無制限 当日発行可能 中国ネット規制対象外 中国でもGoogle、LINE、YouTubeなどVPNなしで利用可能 24時間サポート 4G-LTE対応 プリペイド ESIMプラン China HONGKONG MACAO simカード (7日間完全無制限)""], ""data_amount"": [""【データプラン】データ通信専用のeSIMです。※高速データ容量は無制限。完全使い放題プラン、中国ネット規制対象外 中国でもGoogle、LINE、YouTubeなどVPNなしで利用可能、本人確認やSIMカード認証は不要で、当日に発行が可能です。""], ""network_type"": [""local_signal: 【チョコSIM 定額（Sプラン）】【中国の電話番号付きでアプリや施設サービスのSMS認証が可能】【データ容量】合計500MB/月【音声】合計20分間/月 データ/音声/SMS付きSIMカード 中国SIM マカオSIM China unicom ※こちらのSIMカードは契約後、毎月の基本料が発生いたします。※2024年11月1日から台湾でのご利用はできなくなり"", ""roaming_signal: 経験から３地域のローミングが快適なeSIMです。"", ""insufficient_or_conflicting_signals(local=6, roaming=3)""], ""network_generation"": [""product_info_cellular_4g_lte: source:product_info_cellular: 携帯電話技術 LTE""], ""review_count"": [""detail_page: (14)""], ""bestseller_rank"": [""Amazon 売れ筋ランキング 家電＆カメラ - 120,095位 ( 家電＆カメラの売れ筋ランキングを見る ) プリペイドSIMカード - 1,100位""], ""title"": [""【Almond eSIM】中国 香港 マカオ 大中華 esim 7日間 高速データ通信 完全無制限 当日発行可能 中国ネット規制対象外 中国でもGoogle、LINE、YouTubeなどVPNなしで利用可能 24時間サポート 4G-LTE対応 プリペイド ESIMプラン China HONGKONG MACAO simカード (7日間完全無制限)""]}"
amazon_jp,hk,【中国本土・香港eSIM】1日間完全無制限（使い放題） LINE相談受付中｜データ通信専用（電話番号なし） | simフリー端末のみ対応 説明書付 イーシム simless,1340,1,,,,,596,1일,1일,7일,unknown,lte_4g_only,,,"{""cmhk"": null, ""csl"": null, ""smartone"": null, ""three_hk"": null}","{""skt"": null, ""kt"": null, ""lgu"": null}",unlimited,https://www.amazon.co.jp/%E3%80%90%E4%B8%AD%E5%9B%BD%E6%9C%AC%E5%9C%9F%E3%83%BB%E9%A6%99%E6%B8%AFeSIM%E3%80%911%E6%97%A5%E9%96%93%E5%AE%8C%E5%85%A8%E7%84%A1%E5%88%B6%E9%99%90%EF%BC%88%E4%BD%BF%E3%81%84%E6%94%BE%E9%A1%8C%EF%BC%89-LINE%E7%9B%B8%E8%AB%87%E5%8F%97%E4%BB%98%E4%B8%AD%EF%BD%9C%E3%83%87%E3%83%BC%E3%82%BF%E9%80%9A%E4%BF%A1%E5%B0%82%E7%94%A8%EF%BC%88%E9%9B%BB%E8%A9%B1%E7%95%AA%E5%8F%B7%E3%81%AA%E3%81%97%EF%BC%89-sim%E3%83%95%E3%83%AA%E3%83%BC%E7%AB%AF%E6%9C%AB%E3%81%AE%E3%81%BF%E5%AF%BE%E5%BF%9C-%E8%AA%AC%E6%98%8E%E6%9B%B8%E4%BB%98-simless/dp/B0F11CRTBJ,B0F11CRTBJ,B0F11CRTBJ,DeSiM,DeSiMのストアを表示,"{""price_jpy"": [""￥1,340""], ""usage_validity"": [""【中国本土・香港eSIM】1日間完全無制限（使い放題） LINE相談受付中｜データ通信専用（電話番号なし） | simフリー端末のみ対応 説明書付 イーシム simless""], ""activation_validity"": [""商品の説明 購入前の注意事項 【注意事項】 注意事項①：本商品はデータ通信専用です（通話はご利用いただけません）。ご注意ください。 注意事項②：SIMロックフリー端末、もしくはSIMフリー端末専用のサービスです。必ず、ご利用端末がeSIM対応かどうかご確認ください。 注意事項③：2021年10月1日以前にSIMロック解除をキャリア店頭またはインターネットでさ""], ""data_amount"": [""商品の説明 購入前の注意事項 【注意事項】 注意事項①：本商品はデータ通信専用です（通話はご利用いただけません）。ご注意ください。 注意事項②：SIMロックフリー端末、もしくはSIMフリー端末専用のサービスです。必ず、ご利用端末がeSIM対応かどうかご確認ください。 注意事項③：2021年10月1日以前にSIMロック解除をキャリア店頭またはインターネットでさ""], ""network_type"": [""local_signal: 商品の説明 購入前の注意事項 【注意事項】 注意事項①：本商品はデータ通信専用です（通話はご利用いただけません）。ご注意ください。 注意事項②：SIMロックフリー端末、もしくはSIMフリー端末専用のサービスです。必ず、ご利用端末がeSIM対応かどうかご確認ください。 注意事項③：2021年10月1日以前にSIMロック解除をキャリア店頭またはインターネットでさ"", ""roaming_signal: 商品の説明 購入前の注意事項 【注意事項】 注意事項①：本商品はデータ通信専用です（通話はご利用いただけません）。ご注意ください。 注意事項②：SIMロックフリー端末、もしくはSIMフリー端末専用のサービスです。必ず、ご利用端末がeSIM対応かどうかご確認ください。 注意事項③：2021年10月1日以前にSIMロック解除をキャリア店頭またはインターネットでさ"", ""insufficient_or_conflicting_signals(local=9, roaming=3)""], ""network_generation"": [""product_info_cellular_4g_lte: source:product_info_cellular: 携帯電話技術 LTE""], ""review_count"": [""detail_page: (1)""], ""bestseller_rank"": [""Amazon 売れ筋ランキング 家電＆カメラ - 52,832位 ( 家電＆カメラの売れ筋ランキングを見る ) プリペイドSIMカード - 596位""], ""title"": [""【中国本土・香港eSIM】1日間完全無制限（使い放題） LINE相談受付中｜データ通信専用（電話番号なし） | simフリー端末のみ対応 説明書付 イーシム simless""]}"
amazon_jp,hk,【香港 eSIM】2日間 高速データ無制限 当日発行可能 データ通信専用（電話番号なし） LINEで24時間サポート 説明書付 Hong Kong eSIM 香港 SIM (eSIM | 2日間/48時間),1180,2,,,,,1034,2일,2일,90일,local,5g_capable,,,"{""cmhk"": null, ""csl"": null, ""smartone"": null, ""three_hk"": true}","{""skt"": null, ""kt"": null, ""lgu"": null}",unlimited,https://www.amazon.co.jp/%E3%83%87%E3%83%BC%E3%82%BF%E9%80%9A%E4%BF%A1%E5%B0%82%E7%94%A8%EF%BC%88%E9%9B%BB%E8%A9%B1%E7%95%AA%E5%8F%B7%E3%81%AA%E3%81%97%EF%BC%89-LINE%E3%81%A724%E6%99%82%E9%96%93%E3%82%B5%E3%83%9D%E3%83%BC%E3%83%88-eSIM-2%E6%97%A5%E9%96%93-48%E6%99%82%E9%96%93/dp/B0DK4SKCRV,B0DK4SKCRV,B0DK4SKCRV,Global Simcard,アーモンド　ＳＩｍ　ｃａｒｄのストアを表示,"{""price_jpy"": [""￥1,180""], ""usage_validity"": [""【香港 eSIM】2日間 高速データ無制限 当日発行可能 データ通信専用（電話番号なし） LINEで24時間サポート 説明書付 Hong Kong eSIM 香港 SIM (eSIM | 2日間/48時間)""], ""activation_validity"": [""⭐【有効期限】メールで納品後、90日以内にご利用ください。""], ""data_amount"": [""⭐【高速データ通信】完全無制限、低速度なし！！QRコードをスキャンして簡単に接続（インターネット環境が必要です）。""], ""network_type"": [""【チョコSIM 定額（Sプラン）】【中国の電話番号付きでアプリや施設サービスのSMS認証が可能】【データ容量】合計500MB/月【音声】合計20分間/月 データ/音声/SMS付きSIMカード 中国SIM マカオSIM China unicom ※こちらのSIMカードは契約後、毎月の基本料が発生いたします。※2024年11月1日から台湾でのご利用はできなくなり"", ""【SKTelecoｍ公式認証】 韓国eSIM 3日間 (72時間) 電話番号付き 超高速データ無制限 最初の5分発信無料(韓国国内) お急ぎの方即時発行可(LINE相談受付中) 有効期限／ご購入日より120日以内 現地空港サポート(SKTelecomローミングセンター) SKテレコム正規品 韓国SIMカードタイプではありません"", ""score: local=6, roaming=0""], ""network_generation"": [""product_info_cellular_5g: source:product_info_cellular: 携帯電話技術 4G/5G"", ""product_info_cellular_4g_lte_signal_present_but_5g_capable_takes_precedence""], ""carrier_support_local"": [""3HK: ⭐【eSIM取得方法】ご購入後、http://jp.www.mewfi.com/esimにアクセスし必要事項を入力➡メールアドレスにPDFの説明書とeSIMのQRコードが届きます！ ⭐【高速データ通信】完全無制限、低速度なし！！QRコードをスキャンして簡単に接続。 ⭐【有効期限】メールで納品後、90"", ""3HK: サービスプロバイダ 3HK"", ""3HK: Amazon.co.jp: 【香港 eSIM】2日間 高速データ無制限 当日発行可能 データ通信専用（電話番号なし） LINEで24時間サポート 説明書付 Hong Kong eSIM 香港 SIM (eSIM | 2日間/48時間) : 家電＆カメラ 次に移動 メインコンテンツ この商品について ""], ""review_count"": [""detail_page: 2""], ""bestseller_rank"": [""Amazon 売れ筋ランキング 家電＆カメラ - 111,393位 ( 家電＆カメラの売れ筋ランキングを見る ) プリペイドSIMカード - 1,034位""], ""title"": [""【香港 eSIM】2日間 高速データ無制限 当日発行可能 データ通信専用（電話番号なし） LINEで24時間サポート 説明書付 Hong Kong eSIM 香港 SIM (eSIM | 2日間/48時間)""]}"
amazon_jp,hk,【香港・マカオ eSIM】4日完全無制限（使い放題、低速なし） DeSiM正規卸 | LINE相談受付中 | データ通信専用（電話番号なし） | simフリー端末のみ対応 説明書付 イーシム DeSiM,2460,1,,,,,530,4일,4일,7일,unknown,lte_4g_only,,,"{""cmhk"": null, ""csl"": null, ""smartone"": null, ""three_hk"": null}","{""skt"": null, ""kt"": null, ""lgu"": null}",unlimited,https://www.amazon.co.jp/eSIM%E3%80%914%E6%97%A5%E5%AE%8C%E5%85%A8%E7%84%A1%E5%88%B6%E9%99%90%EF%BC%88%E4%BD%BF%E3%81%84%E6%94%BE%E9%A1%8C%E3%80%81%E4%BD%8E%E9%80%9F%E3%81%AA%E3%81%97%EF%BC%89-LINE%E7%9B%B8%E8%AB%87%E5%8F%97%E4%BB%98%E4%B8%AD%EF%BD%9C%E5%BD%93%E6%97%A5%E7%99%BA%E8%A1%8C%E5%8F%AF%E8%83%BD-%E3%83%87%E3%83%BC%E3%82%BF%E9%80%9A%E4%BF%A1%E5%B0%82%E7%94%A8%EF%BC%88%E9%9B%BB%E8%A9%B1%E7%95%AA%E5%8F%B7%E3%81%AA%E3%81%97%EF%BC%89-sim%E3%83%95%E3%83%AA%E3%83%BC%E7%AB%AF%E6%9C%AB%E3%81%AE%E3%81%BF%E5%AF%BE%E5%BF%9C-DeSiM/dp/B0F1DWPWZZ,B0F1DWPWZZ,B0F1DWPWZZ,DeSiM,DeSiMのストアを表示,"{""price_jpy"": [""￥2,460""], ""usage_validity"": [""【香港・マカオ eSIM】4日完全無制限（使い放題、低速なし） DeSiM正規卸 | LINE相談受付中 | データ通信専用（電話番号なし） | simフリー端末のみ対応 説明書付 イーシム DeSiM""], ""activation_validity"": [""大中華区SIMカード-中国、香港、マカオ、台湾向けプリペイドデータプラン｜2 GB毎日データ、7日有効期限｜高速4/5 G LTE｜旅行者に最適""], ""data_amount"": [""【香港・マカオ eSIM】4日完全無制限（使い放題、低速なし） DeSiM正規卸 | LINE相談受付中｜ データ通信専用（電話番号なし） | simフリー端末のみ対応 説明書付 イーシム DeSiM""], ""network_type"": [""no_local_or_roaming_keyword_matched""], ""network_generation"": [""product_info_cellular_4g_lte: source:product_info_cellular: 携帯電話技術 LTE""], ""review_count"": [""detail_page: (1)""], ""bestseller_rank"": [""Amazon 売れ筋ランキング 家電＆カメラ - 46,079位 ( 家電＆カメラの売れ筋ランキングを見る ) プリペイドSIMカード - 530位""], ""title"": [""【香港・マカオ eSIM】4日完全無制限（使い放題、低速なし） DeSiM正規卸 | LINE相談受付中 | データ通信専用（電話番号なし） | simフリー端末のみ対応 説明書付 イーシム DeSiM""]}"
amazon_jp,hk,【中国 eSIM】5日間 無制限 高速データ（低速なし）｜中国本土 香港 マカオ対応 即日発行・すぐ使える｜Google/LINE/YouTubeなど利用可・実名登録不要｜24時間LINEサポート 香港 sim 中国 sim (eSIM | 3日間),1580,44,,,,,802,5일,5일,90일,unknown,5g_capable,,,"{""cmhk"": null, ""csl"": null, ""smartone"": null, ""three_hk"": null}","{""skt"": null, ""kt"": null, ""lgu"": null}",unlimited,https://www.amazon.co.jp/%E9%AB%98%E9%80%9F%E3%83%87%E3%83%BC%E3%82%BF%EF%BC%88%E4%BD%8E%E9%80%9F%E3%81%AA%E3%81%97%EF%BC%89%EF%BD%9C%E4%B8%AD%E5%9B%BD%E6%9C%AC%E5%9C%9F-%E5%8D%B3%E6%97%A5%E7%99%BA%E8%A1%8C%E3%83%BB%E3%81%99%E3%81%90%E4%BD%BF%E3%81%88%E3%82%8B%EF%BD%9CGoogle-YouTube%E3%81%AA%E3%81%A9%E5%88%A9%E7%94%A8%E5%8F%AF%E3%83%BB%E5%AE%9F%E5%90%8D%E7%99%BB%E9%8C%B2%E4%B8%8D%E8%A6%81%EF%BD%9C24%E6%99%82%E9%96%93LINE%E3%82%B5%E3%83%9D%E3%83%BC%E3%83%88-eSIM-3%E6%97%A5%E9%96%93/dp/B0FTS8S5DS,B0FTS8S5DS,B0FTS8S5DS,Global Simcard,アーモンド　ＳＩｍ　ｃａｒｄのストアを表示,"{""price_jpy"": [""￥1,580""], ""usage_validity"": [""【中国 eSIM】5日間 無制限 高速データ（低速なし）｜中国本土 香港 マカオ対応 即日発行・すぐ使える｜Google/LINE/YouTubeなど利用可・実名登録不要｜24時間LINEサポート 香港 sim 中国 sim (eSIM | 3日間)""], ""activation_validity"": [""【有効期限】eSIM QRコードの有効期限は受け取りから90日間です。""], ""data_amount"": [""【高速データ】データ通信専用のeSIMです。高速データ容量は無制限で完全使い放題。中国ネット規制対象外のため、中国本土でもGoogle、LINE、YouTubeなどがVPN不要で利用可能。本人確認不要で、1〜30日間の利用期間を選択できます。""], ""network_type"": [""no_local_or_roaming_keyword_matched""], ""network_generation"": [""product_info_cellular_5g: source:product_info_cellular: 携帯電話技術 5G/4G""], ""review_count"": [""detail_page: 44""], ""bestseller_rank"": [""Amazon 売れ筋ランキング 家電＆カメラ - 83,924位 ( 家電＆カメラの売れ筋ランキングを見る ) プリペイドSIMカード - 802位""], ""title"": [""【中国 eSIM】5日間 無制限 高速データ（低速なし）｜中国本土 香港 マカオ対応 即日発行・すぐ使える｜Google/LINE/YouTubeなど利用可・実名登録不要｜24時間LINEサポート 香港 sim 中国 sim (eSIM | 3日間)""]}"
amazon_jp,hk,【中国チャージ式Sim】中国本土31省と中国 台湾 香港 マカオ 1GB 7日間 プリペイドSIMカード,702,2,,,,,1030,7일,7일,360일,roaming,lte_4g_only,,,"{""cmhk"": null, ""csl"": null, ""smartone"": null, ""three_hk"": null}","{""skt"": null, ""kt"": null, ""lgu"": null}",1GB,https://www.amazon.co.jp/%E3%80%90%E4%B8%AD%E5%9B%BD%E3%83%81%E3%83%A3%E3%83%BC%E3%82%B8%E5%BC%8FSim%E3%80%91%E4%B8%AD%E5%9B%BD%E6%9C%AC%E5%9C%9F31%E7%9C%81%E3%81%A8%E4%B8%AD%E5%9B%BD-%E3%83%9E%E3%82%AB%E3%82%AA-1GB-7%E6%97%A5%E9%96%93-%E3%83%97%E3%83%AA%E3%83%9A%E3%82%A4%E3%83%89SIM%E3%82%AB%E3%83%BC%E3%83%89/dp/B0GVRHFPKS,B0GVRHFPKS,B0GVRHFPKS,EIOTCLUB Japan,ブランド: EIOTCLUB,"{""price_jpy"": [""￥702""], ""usage_validity"": [""【中国チャージ式Sim】中国本土31省と中国 台湾 香港 マカオ 1GB 7日間 プリペイドSIMカード""], ""activation_validity"": [""【チャージ可能】多様なチャージプランをご用意しており、お客様のニーズに合わせて自由にお選びいただけます。利用期限終了後も360日以内であれば再チャージにより繰り返し利用でき、チャージするたびにカードの有効期限も延長されます。※360日はデータ期間ではなく、終了後にチャージ可能な猶予期間を指します。""], ""data_amount"": [""【中国対応】中国本土31省と中国・台湾・香港・マカオで使える1GB（7日間）の高速データを内蔵。安定した通信を必要とする旅行者やビジネスパーソンに適です。どこへ行っても最高のエリアカバー率と強力な電波をお届けし、快適な通信環境を提供します。""], ""network_type"": [""商品の説明 【初期内蔵プラン詳細】 データ容量： 1GB 高速データ通信 利用期間： 7日間（アクティベーション完了日よりカウント開始） 【対応】中国本土（31省）および 港澳台エリアで使える 【リチャージについて】 データ容量を使い切った後、または利用期限が終了した後も、オンラインで簡単にチャージが可能です。お客様のニーズに合わせて、EIOTCLUBが提供"", ""score: local=0, roaming=3""], ""network_generation"": [""product_info_cellular_4g_lte: source:product_info_cellular: 携帯電話技術 LTE""], ""review_count"": [""detail_page: (2)""], ""bestseller_rank"": [""Amazon 売れ筋ランキング 家電＆カメラ - 110,635位 ( 家電＆カメラの売れ筋ランキングを見る ) プリペイドSIMカード - 1,030位""], ""title"": [""【中国チャージ式Sim】中国本土31省と中国 台湾 香港 マカオ 1GB 7日間 プリペイドSIMカード""]}"
amazon_jp,hk,アジア太平洋11カ国 シンガポール・タイ・ベトナム・マレーシア eSIM 10日間 データ使い放題 10GBまで高速 Jet Sim 無制限 10日 ジェットシム,1786,1,,,,,288,10일,10일,30일,unknown,5g_capable,,,"{""cmhk"": null, ""csl"": null, ""smartone"": null, ""three_hk"": null}","{""skt"": null, ""kt"": null, ""lgu"": null}",1GB/day,https://www.amazon.co.jp/%E3%82%A2%E3%82%B8%E3%82%A2%E5%A4%AA%E5%B9%B3%E6%B4%8B11%E3%82%AB%E5%9B%BD-%E3%82%B7%E3%83%B3%E3%82%AC%E3%83%9D%E3%83%BC%E3%83%AB%E3%83%BB%E3%82%BF%E3%82%A4%E3%83%BB%E3%83%99%E3%83%88%E3%83%8A%E3%83%A0%E3%83%BB%E3%83%9E%E3%83%AC%E3%83%BC%E3%82%B7%E3%82%A2-10%E6%97%A5%E9%96%93-%E3%83%87%E3%83%BC%E3%82%BF%E4%BD%BF%E3%81%84%E6%94%BE%E9%A1%8C-10GB%E3%81%BE%E3%81%A7%E9%AB%98%E9%80%9F/dp/B0FWWJG5JM,B0FWWJG5JM,B0FWWJG5JM,ジェスロモバイル,JETSIMのストアを表示,"{""price_jpy"": [""￥1,786""], ""usage_validity"": [""アジア太平洋11カ国 シンガポール・タイ・ベトナム・マレーシア eSIM 10日間 データ使い放題 10GBまで高速 Jet Sim 無制限 10日 ジェットシム""], ""activation_validity"": [""商品の説明 購入後すぐにeSIMを使えますか？ はい、すぐにご利用いただけます。スムーズにご利用いただくために、申請フォームのご提出をお願いいたします。 eSIMのアクティベーションは必要ですか？ アクティベーションは不要です。eSIMをスマートフォンに追加すれば、現地に到着次第、自動的に接続されます！ 複数の国で利用できるプランは国をまたいで移動する際も、""], ""data_amount"": [""【データ無制限】 アジア太平洋11カ国 シンガポール・タイ・ベトナム・マレーシア等で10日間、5G/4G-LTE高速データ10GB。その後もデータ通信の利用が可能。テザリング対応。高速データ1日1GBまで。""], ""network_type"": [""roaming_signal: アジア旅行SIMカード、15日間-2GB毎日の高速データ、20分の通話＆10のテキスト、シンガポール、マレーシア、タイ＆インドをカバー、プリペイド - ローミングなし - 簡単なセットアップ"", ""insufficient_or_conflicting_signals(local=0, roaming=1)""], ""network_generation"": [""product_info_cellular_5g: source:product_info_cellular: 携帯電話技術 LTE, 5G"", ""product_info_cellular_4g_lte_signal_present_but_5g_capable_takes_precedence""], ""review_count"": [""detail_page: (1)""], ""bestseller_rank"": [""Amazon 売れ筋ランキング 家電＆カメラ - 22,751位 ( 家電＆カメラの売れ筋ランキングを見る ) プリペイドSIMカード - 288位""], ""title"": [""アジア太平洋11カ国 シンガポール・タイ・ベトナム・マレーシア eSIM 10日間 データ使い放題 10GBまで高速 Jet Sim 無制限 10日 ジェットシム""]}"
amazon_jp,hk,【中国・香港・マカオ eSIM】4日間 高速無制限 データ通信専用（電話番号なし） 5G/4G-LTE対応 中国でもGoogle、LINE、YouTubeをVPNなしで利用可能 説明書付き LINEで24時間サポート 香港 マカオ 中国SIM MEWMEWホーム (4日間),1730,10,,,,,1458,3일,3일,4일,local,5g_capable,,,"{""cmhk"": null, ""csl"": null, ""smartone"": null, ""three_hk"": null}","{""skt"": null, ""kt"": null, ""lgu"": null}",unlimited,https://www.amazon.co.jp/%E3%80%90%E4%B8%AD%E5%9B%BD%E3%83%BB%E9%A6%99%E6%B8%AF%E3%83%BB%E3%83%9E%E3%82%AB%E3%82%AA-%E3%83%87%E3%83%BC%E3%82%BF%E9%80%9A%E4%BF%A1%E5%B0%82%E7%94%A8%EF%BC%88%E9%9B%BB%E8%A9%B1%E7%95%AA%E5%8F%B7%E3%81%AA%E3%81%97%EF%BC%89-%E4%B8%AD%E5%9B%BD%E3%81%A7%E3%82%82Google%E3%80%81LINE%E3%80%81YouTube%E3%82%92VPN%E3%81%AA%E3%81%97%E3%81%A7%E5%88%A9%E7%94%A8%E5%8F%AF%E8%83%BD-LINE%E3%81%A724%E6%99%82%E9%96%93%E3%82%B5%E3%83%9D%E3%83%BC%E3%83%88-4%E6%97%A5%E9%96%93/dp/B0F1ZXGFDC,B0F1ZXGFDC,B0F1ZXGFDC,mewmewホーム eSIM,ＭＥＷＭＥＷホームのストアを表示,"{""price_jpy"": [""￥1,730""], ""usage_validity"": [""【SKTelecoｍ公式認証】 韓国eSIM 3日間 (72時間) 電話番号付き 超高速データ無制限 最初の5分発信無料(韓国国内) お急ぎの方即時発行可(LINE相談受付中) 有効期限／ご購入日より120日以内 現地空港サポート(SKTelecomローミングセンター) SKテレコム正規品 韓国SIMカードタイプではありません""], ""activation_validity"": [""【中国・香港・マカオ eSIM】4日間 高速無制限 データ通信専用（電話番号なし） 5G/4G-LTE対応 中国でもGoogle、LINE、YouTubeをVPNなしで利用可能 説明書付き LINEで24時間サポート 香港 マカオ 中国SIM MEWMEWホーム (4日間)""], ""data_amount"": [""【高速無制限】中国本土・香港・マカオにて高速データ通信量は完全無制限となります。安心して頻繁にインターネットを利用したり、高画質の動画を視聴したり、いつでも地図を検索したり、旅行の写真を共有することができます。""], ""network_type"": [""【T-Mobile純正品】eSIM版 アメリカ ハワイ SIM 7日間【使い放題】【電話番号付き】5G/4G-LTE 高速データ通信/通話/SMS/テザリング 【アメリカ ハワイ 無制限】 プリペイド SIMカード T-Mobile esim 7days"", ""【チョコSIM 定額（Sプラン）】【中国の電話番号付きでアプリや施設サービスのSMS認証が可能】【データ容量】合計500MB/月【音声】合計20分間/月 データ/音声/SMS付きSIMカード 中国SIM マカオSIM China unicom ※こちらのSIMカードは契約後、毎月の基本料が発生いたします。※2024年11月1日から台湾でのご利用はできなくなり"", ""score: local=9, roaming=0""], ""network_generation"": [""product_info_cellular_5g: source:product_info_cellular: 携帯電話技術 LTE, 5G"", ""product_info_cellular_4g_lte_signal_present_but_5g_capable_takes_precedence""], ""review_count"": [""detail_page: (10)""], ""bestseller_rank"": [""Amazon 売れ筋ランキング 家電＆カメラ - 169,873位 ( 家電＆カメラの売れ筋ランキングを見る ) プリペイドSIMカード - 1,458位""], ""title"": [""【中国・香港・マカオ eSIM】4日間 高速無制限 データ通信専用（電話番号なし） 5G/4G-LTE対応 中国でもGoogle、LINE、YouTubeをVPNなしで利用可能 説明書付き LINEで24時間サポート 香港 マカオ 中国SIM MEWMEWホーム (4日間)""]}"
amazon_jp,hk,【中国本土・香港eSIM】1日間 1GB/毎日（コスパ重視） LINE相談受付中｜データ通信専用（電話番号なし） | simフリー端末のみ対応 説明書付 イーシム simless,1110,41,,,,,1396,1일,1일,7일,local,lte_4g_only,,,"{""cmhk"": null, ""csl"": null, ""smartone"": null, ""three_hk"": null}","{""skt"": null, ""kt"": null, ""lgu"": null}",unlimited,https://www.amazon.co.jp/%E3%80%90%E4%B8%AD%E5%9B%BD%E6%9C%AC%E5%9C%9F%E3%83%BB%E9%A6%99%E6%B8%AFeSIM%E3%80%911%E6%97%A5%E9%96%93-1GB-%E6%AF%8E%E6%97%A5%EF%BC%88%E3%82%B3%E3%82%B9%E3%83%91%E9%87%8D%E8%A6%96%EF%BC%89-LINE%E7%9B%B8%E8%AB%87%E5%8F%97%E4%BB%98%E4%B8%AD%EF%BD%9C%E3%83%87%E3%83%BC%E3%82%BF%E9%80%9A%E4%BF%A1%E5%B0%82%E7%94%A8%EF%BC%88%E9%9B%BB%E8%A9%B1%E7%95%AA%E5%8F%B7%E3%81%AA%E3%81%97%EF%BC%89-sim%E3%83%95%E3%83%AA%E3%83%BC%E7%AB%AF%E6%9C%AB%E3%81%AE%E3%81%BF%E5%AF%BE%E5%BF%9C/dp/B0F11HDY8H,B0F11HDY8H,B0F11HDY8H,DeSiM,DeSiMのストアを表示,"{""price_jpy"": [""￥1,110""], ""usage_validity"": [""【中国本土・香港eSIM】1日間 1GB/毎日（コスパ重視） LINE相談受付中｜データ通信専用（電話番号なし） | simフリー端末のみ対応 説明書付 イーシム simless""], ""activation_validity"": [""商品の説明 購入前の注意事項 【注意事項】 注意事項①：本商品はデータ通信専用です（通話はご利用いただけません）。ご注意ください。 注意事項②：SIMロックフリー端末、もしくはSIMフリー端末専用のサービスです。必ず、ご利用端末がeSIM対応かどうかご確認ください。 注意事項③：2021年10月1日以前にSIMロック解除をキャリア店頭またはインターネットでさ""], ""data_amount"": [""商品の説明 購入前の注意事項 【注意事項】 注意事項①：本商品はデータ通信専用です（通話はご利用いただけません）。ご注意ください。 注意事項②：SIMロックフリー端末、もしくはSIMフリー端末専用のサービスです。必ず、ご利用端末がeSIM対応かどうかご確認ください。 注意事項③：2021年10月1日以前にSIMロック解除をキャリア店頭またはインターネットでさ""], ""network_type"": [""商品の説明 購入前の注意事項 【注意事項】 注意事項①：本商品はデータ通信専用です（通話はご利用いただけません）。ご注意ください。 注意事項②：SIMロックフリー端末、もしくはSIMフリー端末専用のサービスです。必ず、ご利用端末がeSIM対応かどうかご確認ください。 注意事項③：2021年10月1日以前にSIMロック解除をキャリア店頭またはインターネットでさ"", ""【チョコSIM 定額（Sプラン）】【中国の電話番号付きでアプリや施設サービスのSMS認証が可能】【データ容量】合計500MB/月【音声】合計20分間/月 データ/音声/SMS付きSIMカード 中国SIM マカオSIM China unicom ※こちらのSIMカードは契約後、毎月の基本料が発生いたします。※2024年11月1日から台湾でのご利用はできなくなり"", ""score: local=9, roaming=1""], ""network_generation"": [""product_info_cellular_4g_lte: source:product_info_cellular: 携帯電話技術 LTE""], ""review_count"": [""detail_page: 41""], ""bestseller_rank"": [""Amazon 売れ筋ランキング 家電＆カメラ - 159,300位 ( 家電＆カメラの売れ筋ランキングを見る ) プリペイドSIMカード - 1,396位""], ""title"": [""【中国本土・香港eSIM】1日間 1GB/毎日（コスパ重視） LINE相談受付中｜データ通信専用（電話番号なし） | simフリー端末のみ対応 説明書付 イーシム simless""]}"
amazon_jp,hk,【中国 香港 マカオSIM】高速データ通信・定額プラン データ専用（電話番号なし） 中華圏 プリペイドSIMカード 中国ネット規制対象外 年中無休・24時間サポート 中華圏 SIM (8日間 | 5GB),1480,2,,,,,1463,3일,3일,8일,unknown,lte_4g_only,,,"{""cmhk"": null, ""csl"": null, ""smartone"": null, ""three_hk"": true}","{""skt"": null, ""kt"": null, ""lgu"": null}",5GB,https://www.amazon.co.jp/%E3%83%9E%E3%82%AB%E3%82%AASIM%E3%80%91%E9%AB%98%E9%80%9F%E3%83%87%E3%83%BC%E3%82%BF%E9%80%9A%E4%BF%A1%E3%83%BB%E5%AE%9A%E9%A1%8D%E3%83%97%E3%83%A9%E3%83%B3-%E3%83%87%E3%83%BC%E3%82%BF%E5%B0%82%E7%94%A8%EF%BC%88%E9%9B%BB%E8%A9%B1%E7%95%AA%E5%8F%B7%E3%81%AA%E3%81%97%EF%BC%89-%E5%B9%B4%E4%B8%AD%E7%84%A1%E4%BC%91%E3%83%BB24%E6%99%82%E9%96%93%E3%82%B5%E3%83%9D%E3%83%BC%E3%83%88-8%E6%97%A5%E9%96%93-5GB/dp/B0DHPQVVB8,B0DHPQVVB8,B0DHPQVVB8,Global Simcard,アーモンド　ＳＩｍ　ｃａｒｄのストアを表示,"{""price_jpy"": [""￥1,480""], ""usage_validity"": [""【SKTelecoｍ公式認証】 韓国eSIM 3日間 (72時間) 電話番号付き 超高速データ無制限 最初の5分発信無料(韓国国内) お急ぎの方即時発行可(LINE相談受付中) 有効期限／ご購入日より120日以内 現地空港サポート(SKTelecomローミングセンター) SKテレコム正規品 韓国SIMカードタイプではありません""], ""activation_validity"": [""【中国 香港 マカオSIM】高速データ通信・定額プラン データ専用（電話番号なし） 中華圏 プリペイドSIMカード 中国ネット規制対象外 年中無休・24時間サポート 中華圏 SIM (8日間 | 5GB)""], ""data_amount"": [""型番 8日間 | 5GB""], ""network_type"": [""local_signal: 【チョコSIM 定額（Sプラン）】【中国の電話番号付きでアプリや施設サービスのSMS認証が可能】【データ容量】合計500MB/月【音声】合計20分間/月 データ/音声/SMS付きSIMカード 中国SIM マカオSIM China unicom ※こちらのSIMカードは契約後、毎月の基本料が発生いたします。※2024年11月1日から台湾でのご利用はできなくなり"", ""roaming_signal: 【中国ネット制限なし】中国本土で利用する際にはローミング接続を行い、中国政府のネット規制を回避して、Google、Facebook、Twitter、Instagramなどにアクセスできます。"", ""insufficient_or_conflicting_signals(local=6, roaming=3)""], ""network_generation"": [""product_info_cellular_4g_lte: source:product_info_cellular: 携帯電話技術 4G-LTE""], ""carrier_support_local"": [""3HK: 【キャリア】中国：China Telecom、香港：3HK、マカオ：CTM。中華圏への旅行に最適な、便利なプリペイドSIMカードをご用意しています。"", ""3HK: ⭐【データ容量】利用期間中に定額GB数を使い切った場合、通信は自動的に停止します。 ⭐【有効期限】ご購入後1年間有効です（未使用の場合）。観光や駐在などの際には、複数枚のご購入もおすすめです。 ⭐【中国ネット制限なし】中国本土で利用する際にはローミング接続を行い、中国政府のネット規制を回避して、Go"", ""3HK: サービスプロバイダ China Telecom、3HK、CTM"", ""3HK: Amazon.co.jp: 【中国 香港 マカオSIM】高速データ通信・定額プラン データ専用（電話番号なし） 中華圏 プリペイドSIMカード 中国ネット規制対象外 年中無休・24時間サポート 中華圏 SIM (8日間 | 5GB) : 家電＆カメラ 次に移動 メインコンテンツ この商品について こ""], ""review_count"": [""detail_page: (2)""], ""bestseller_rank"": [""Amazon 売れ筋ランキング 家電＆カメラ - 170,620位 ( 家電＆カメラの売れ筋ランキングを見る ) プリペイドSIMカード - 1,463位""], ""title"": [""【中国 香港 マカオSIM】高速データ通信・定額プラン データ専用（電話番号なし） 中華圏 プリペイドSIMカード 中国ネット規制対象外 年中無休・24時間サポート 中華圏 SIM (8日間 | 5GB)""]}"
amazon_jp,hk,【中国SIMカード】90日間 10GB高速データ通信＋低速無制限｜中国・香港・マカオ対応｜中国本土でもGoogle・LINE・YouTube利用可能｜24時間サポート｜中国本土 プリペイドSIM 中国 sim (90日間｜10GB),2680,2,,,,,1877,90일,90일,90일,roaming,5g_capable,,,"{""cmhk"": null, ""csl"": null, ""smartone"": null, ""three_hk"": true}","{""skt"": null, ""kt"": null, ""lgu"": null}",10GB,https://www.amazon.co.jp/%E3%80%90%E4%B8%AD%E5%9B%BDSIM%E3%82%AB%E3%83%BC%E3%83%89%E3%80%9190%E6%97%A5%E9%96%93-10GB%E9%AB%98%E9%80%9F%E3%83%87%E3%83%BC%E3%82%BF%E9%80%9A%E4%BF%A1%EF%BC%8B%E4%BD%8E%E9%80%9F%E7%84%A1%E5%88%B6%E9%99%90%EF%BD%9C%E4%B8%AD%E5%9B%BD%E3%83%BB%E9%A6%99%E6%B8%AF%E3%83%BB%E3%83%9E%E3%82%AB%E3%82%AA%E5%AF%BE%E5%BF%9C%EF%BD%9C%E4%B8%AD%E5%9B%BD%E6%9C%AC%E5%9C%9F%E3%81%A7%E3%82%82Google%E3%83%BBLINE%E3%83%BBYouTube%E5%88%A9%E7%94%A8%E5%8F%AF%E8%83%BD%EF%BD%9C24%E6%99%82%E9%96%93%E3%82%B5%E3%83%9D%E3%83%BC%E3%83%88%EF%BD%9C%E4%B8%AD%E5%9B%BD%E6%9C%AC%E5%9C%9F-%E3%83%97%E3%83%AA%E3%83%9A%E3%82%A4%E3%83%89SIM-sim-90%E6%97%A5%E9%96%93%EF%BD%9C10GB/dp/B0FPR4JQ1V,B0FPR4JQ1V,B0FPR4JQ1V,Global Simcard,アーモンド　ＳＩｍ　ｃａｒｄのストアを表示,"{""price_jpy"": [""￥2,680""], ""usage_validity"": [""【中国SIMカード】90日間 10GB高速データ通信＋低速無制限｜中国・香港・マカオ対応｜中国本土でもGoogle・LINE・YouTube利用可能｜24時間サポート｜中国本土 プリペイドSIM 中国 sim (90日間｜10GB)""], ""activation_validity"": [""⭐【高速データ通信】中国本土・香港・マカオ対応。90日間で合計10GBまで4G/5G高速通信が利用可能。超過後も128kbpsで通信継続でき、低速無制限で安心。 ⭐【中国ネット制限なし】香港ローミング接続で中国政府の規制対象外。Google、LINE、YouTube、SNSなど主要アプリがVPN不要で利用可能。本人確認も不要です。 ⭐【有効期限】未使用なら購""], ""data_amount"": [""⭐【高速データ通信】中国本土・香港・マカオ対応。90日間で合計10GBまで4G/5G高速通信が利用可能。超過後も128kbpsで通信継続でき、低速無制限で安心。""], ""network_type"": [""⭐【中国ネット制限なし】香港ローミング接続で中国政府の規制対象外。Google、LINE、YouTube、SNSなど主要アプリがVPN不要で利用可能。本人確認も不要です。"", ""⭐【高速データ通信】中国本土・香港・マカオ対応。90日間で合計10GBまで4G/5G高速通信が利用可能。超過後も128kbpsで通信継続でき、低速無制限で安心。 ⭐【中国ネット制限なし】香港ローミング接続で中国政府の規制対象外。Google、LINE、YouTube、SNSなど主要アプリがVPN不要で利用可能。本人確認も不要です。 ⭐【有効期限】未使用なら購"", ""score: local=0, roaming=3""], ""network_generation"": [""product_info_cellular_5g: source:product_info_cellular: 携帯電話技術 5G/4G-LTE""], ""carrier_support_local"": [""3HK: ⭐【対応キャリア】中国本土：中国電信（China Telecom）、香港：3HK、マカオ：CTM。中華圏への渡航に幅広く対応。"", ""3HK: ⭐【高速データ通信】中国本土・香港・マカオ対応。90日間で合計10GBまで4G/5G高速通信が利用可能。超過後も128kbpsで通信継続でき、低速無制限で安心。 ⭐【中国ネット制限なし】香港ローミング接続で中国政府の規制対象外。Google、LINE、YouTube、SNSなど主要アプリがVPN不要"", ""3HK: サービスプロバイダ China Telecom/3HK /CTM"", ""3HK: Amazon.co.jp: 【中国SIMカード】90日間 10GB高速データ通信＋低速無制限｜中国・香港・マカオ対応｜中国本土でもGoogle・LINE・YouTube利用可能｜24時間サポート｜中国本土 プリペイドSIM 中国 sim (90日間｜10GB) : 家電＆カメラ 次に移動 メインコン""], ""review_count"": [""detail_page: 2""], ""bestseller_rank"": [""Amazon 売れ筋ランキング 家電＆カメラ - 233,294位 ( 家電＆カメラの売れ筋ランキングを見る ) プリペイドSIMカード - 1,877位""], ""title"": [""【中国SIMカード】90日間 10GB高速データ通信＋低速無制限｜中国・香港・マカオ対応｜中国本土でもGoogle・LINE・YouTube利用可能｜24時間サポート｜中国本土 プリペイドSIM 中国 sim (90日間｜10GB)""]}"
amazon_jp,hk,"【東南アジアeSIM】5日間5GB｜11地域対応（シンガポール,タイ,マレーシア,インドネシア,ベトナム,台湾・香港・マカオ,韓国,オーストラリア,ニュージーランド）｜5G/4G対応 高速データ通信｜即日メール配信 ｜使用ガイド付き｜テザリング対応｜365日LINEサポート｜QRコードで簡単設定 SIMカード不要 (5日間5GB)",999,6,,,,,1268,4일,4일,5일,unknown,5g_capable,,,"{""cmhk"": null, ""csl"": null, ""smartone"": null, ""three_hk"": null}","{""skt"": null, ""kt"": null, ""lgu"": null}",1GB/day,https://www.amazon.co.jp/4G%E5%AF%BE%E5%BF%9C-%E9%AB%98%E9%80%9F%E3%83%87%E3%83%BC%E3%82%BF%E9%80%9A%E4%BF%A1%EF%BD%9C%E5%8D%B3%E6%97%A5%E7%99%BA%E8%A1%8C-SIM%E3%82%AB%E3%83%BC%E3%83%89%E4%B8%8D%E8%A6%81-5%E6%97%A5%E9%96%935GB/dp/B0FHBCLY5K,B0FHBCLY5K,B0FHBCLY5K,トリリオン・コネクト,Billion Connectのストアを表示,"{""price_jpy"": [""￥999""], ""usage_validity"": [""【プランの利用日数の計算方法】 eSIMの有効期間は、アクティベートした時点から起算され、24時間単位で計算されます。 （例：10月1日10:00に3日間のプランをアクティベートした場合、有効期限は10月4日10:00までとなります。）""], ""activation_validity"": [""【東南アジアeSIM】5日間5GB｜11地域対応（シンガポール,タイ,マレーシア,インドネシア,ベトナム,台湾・香港・マカオ,韓国,オーストラリア,ニュージーランド）｜5G/4G対応 高速データ通信｜即日メール配信 ｜使用ガイド付き｜テザリング対応｜365日LINEサポート｜QRコードで簡単設定 SIMカード不要 (5日間5GB)""], ""data_amount"": [""【5日間5GB｜5G/4G対応】 この東南アジアeSIMなら、5日間毎日1GBの高速データ通信が楽しめます！毎日の1GBを使い切った後は、速度が384kbpsに制限されますが、 LINE、WhatsApp、Messengerなどのアプリでの文字チャット、メール送受信、地図の閲覧やナビゲーションは引き続きご利用いただけます。""], ""network_type"": [""local_signal: 【チョコSIM 定額（Sプラン）】【中国の電話番号付きでアプリや施設サービスのSMS認証が可能】【データ容量】合計500MB/月【音声】合計20分間/月 データ/音声/SMS付きSIMカード 中国SIM マカオSIM China unicom ※こちらのSIMカードは契約後、毎月の基本料が発生いたします。※2024年11月1日から台湾でのご利用はできなくなり"", ""roaming_signal: マレーシア旅行用SIMカード - 5G/4G LTE高速データ - プリペイド＆ローミングなし、7日間合計3GB - 観光客やビジネス旅行者向けの簡単アクティベーション"", ""insufficient_or_conflicting_signals(local=6, roaming=5)""], ""network_generation"": [""product_info_cellular_5g: source:product_info_cellular: 携帯電話技術 5G""], ""review_count"": [""detail_page: (6)""], ""bestseller_rank"": [""Amazon 売れ筋ランキング 家電＆カメラ - 143,796位 ( 家電＆カメラの売れ筋ランキングを見る ) プリペイドSIMカード - 1,268位""], ""title"": [""【東南アジアeSIM】5日間5GB｜11地域対応（シンガポール,タイ,マレーシア,インドネシア,ベトナム,台湾・香港・マカオ,韓国,オーストラリア,ニュージーランド）｜5G/4G対応 高速データ通信｜即日メール配信 ｜使用ガイド付き｜テザリング対応｜365日LINEサポート｜QRコードで簡単設定 SIMカード不要 (5日間5GB)""]}"
amazon_jp,hk,【香港・マカオ eSIM】5日間 完全無制限 （低速なし） 高速データ使い放題 当日発行可能 データ通信専用 香港 sim マカオ sim 説明書付 LINEで24時間サポート 香港 esim イーシム (eSIM|5日間無制限 香港マカオ),1650,1,,,,,1645,5일,5일,30일,local,lte_4g_only,,,"{""cmhk"": null, ""csl"": null, ""smartone"": true, ""three_hk"": true}","{""skt"": null, ""kt"": null, ""lgu"": null}",unlimited,https://www.amazon.co.jp/%E3%80%90%E9%A6%99%E6%B8%AF%E3%83%BB%E3%83%9E%E3%82%AB%E3%82%AA-eSIM%E3%80%915%E6%97%A5%E9%96%93-%E9%AB%98%E9%80%9F%E3%83%87%E3%83%BC%E3%82%BF%E4%BD%BF%E3%81%84%E6%94%BE%E9%A1%8C-LINE%E3%81%A724%E6%99%82%E9%96%93%E3%82%B5%E3%83%9D%E3%83%BC%E3%83%88-eSIM/dp/B0DSGBNDQT,B0DSGBNDQT,B0DSGBNDQT,Global eSIMshop,ブランド: PLUG TO GO,"{""price_jpy"": [""￥1,650""], ""usage_validity"": [""【香港・マカオ eSIM】5日間 完全無制限 （低速なし） 高速データ使い放題 当日発行可能 データ通信専用 香港 sim マカオ sim 説明書付 LINEで24時間サポート 香港 esim イーシム (eSIM|5日間無制限 香港マカオ)""], ""activation_validity"": [""【有効期限】メールで納品後、30日以内にご利用ください。""], ""data_amount"": [""【高速データ通信】完全無制限、低速度なし！！""], ""network_type"": [""【チョコSIM 定額（Sプラン）】【中国の電話番号付きでアプリや施設サービスのSMS認証が可能】【データ容量】合計500MB/月【音声】合計20分間/月 データ/音声/SMS付きSIMカード 中国SIM マカオSIM China unicom ※こちらのSIMカードは契約後、毎月の基本料が発生いたします。※2024年11月1日から台湾でのご利用はできなくなり"", ""【SKTelecoｍ公式認証】 韓国eSIM 3日間 (72時間) 電話番号付き 超高速データ無制限 最初の5分発信無料(韓国国内) お急ぎの方即時発行可(LINE相談受付中) 有効期限／ご購入日より120日以内 現地空港サポート(SKTelecomローミングセンター) SKテレコム正規品 韓国SIMカードタイプではありません"", ""score: local=6, roaming=0""], ""network_generation"": [""product_info_cellular_4g_lte: source:product_info_cellular: 携帯電話技術 4G-LTE""], ""carrier_support_local"": [""SmarTone, 3HK: サービスプロバイダ SmarTone、HKT、3HK"", ""SmarTone, 3HK: Amazon.co.jp: 【香港・マカオ eSIM】5日間 完全無制限 （低速なし） 高速データ使い放題 当日発行可能 データ通信専用 香港 sim マカオ sim 説明書付 LINEで24時間サポート 香港 esim イーシム (eSIM|5日間無制限 香港マカオ) : 家電＆カメラ 次に移動 ""], ""review_count"": [""detail_page: 1""], ""bestseller_rank"": [""Amazon 売れ筋ランキング 家電＆カメラ - 198,084位 ( 家電＆カメラの売れ筋ランキングを見る ) プリペイドSIMカード - 1,645位""], ""title"": [""【香港・マカオ eSIM】5日間 完全無制限 （低速なし） 高速データ使い放題 当日発行可能 データ通信専用 香港 sim マカオ sim 説明書付 LINEで24時間サポート 香港 esim イーシム (eSIM|5日間無制限 香港マカオ)""]}"
amazon_jp,hk,【シンガポール eSIM】5日間完全無制限（低速なし）DeSiM正規卸 | LINE相談受付中 |データ通信専用（電話番号なし） simフリー端末のみ対応 説明書付 ｜Singapore イーシム (eSIM | 5日完全無制限) DeSiM,2140,49,,,50,,176,5일,5일,10일,local,lte_4g_only,,,"{""cmhk"": null, ""csl"": null, ""smartone"": null, ""three_hk"": null}","{""skt"": null, ""kt"": null, ""lgu"": null}",unlimited,https://www.amazon.co.jp/eSIM%E3%80%915%E6%97%A5%E9%96%93%E5%AE%8C%E5%85%A8%E7%84%A1%E5%88%B6%E9%99%90%EF%BC%88%E4%BD%8E%E9%80%9F%E3%81%AA%E3%81%97%EF%BC%89DeSiM%E6%AD%A3%E8%A6%8F%E5%8D%B8-%E3%82%A4%E3%83%B3%E3%83%89%E3%83%8D%E3%82%B7%E3%82%A2%E3%81%AE%EF%BC%93%E3%83%B5%E5%9B%BD%E3%81%A7%E3%82%82%E5%88%A9%E7%94%A8%E5%8F%AF%E8%83%BD-%E3%83%87%E3%83%BC%E3%82%BF%E9%80%9A%E4%BF%A1%E5%B0%82%E7%94%A8%EF%BC%88%E9%9B%BB%E8%A9%B1%E7%95%AA%E5%8F%B7%E3%81%AA%E3%81%97%EF%BC%89-eSIM-5%E6%97%A5%E5%AE%8C%E5%85%A8%E7%84%A1%E5%88%B6%E9%99%90/dp/B0CST7W2P6,B0CST7W2P6,B0CST7W2P6,DeSiM,DeSiMのストアを表示,"{""price_jpy"": [""￥2,140""], ""usage_validity"": [""【シンガポール eSIM】5日間完全無制限（低速なし）DeSiM正規卸 | LINE相談受付中 |データ通信専用（電話番号なし） simフリー端末のみ対応 説明書付 ｜Singapore イーシム (eSIM | 5日完全無制限) DeSiM""], ""activation_validity"": [""商品の説明 購入前の注意事項 【注意事項】 注意事項①：電 話番号は付与されませんので、ご注意ください。 注意事項②：SIMロックフリー端末、もしくはSIMフリー端末専用のサービスです。必ず、ご利用端末がeSIM対応かどうかご確認ください。 注意事項③：2021年10月1日以前にSIMロック解除をキャリア店頭またはインターネットでされた「Android端末」""], ""data_amount"": [""商品の説明 購入前の注意事項 【注意事項】 注意事項①：電 話番号は付与されませんので、ご注意ください。 注意事項②：SIMロックフリー端末、もしくはSIMフリー端末専用のサービスです。必ず、ご利用端末がeSIM対応かどうかご確認ください。 注意事項③：2021年10月1日以前にSIMロック解除をキャリア店頭またはインターネットでされた「Android端末」""], ""network_type"": [""商品の説明 購入前の注意事項 【注意事項】 注意事項①：電 話番号は付与されませんので、ご注意ください。 注意事項②：SIMロックフリー端末、もしくはSIMフリー端末専用のサービスです。必ず、ご利用端末がeSIM対応かどうかご確認ください。 注意事項③：2021年10月1日以前にSIMロック解除をキャリア店頭またはインターネットでされた「Android端末」"", ""【チョコSIM 定額（Sプラン）】【中国の電話番号付きでアプリや施設サービスのSMS認証が可能】【データ容量】合計500MB/月【音声】合計20分間/月 データ/音声/SMS付きSIMカード 中国SIM マカオSIM China unicom ※こちらのSIMカードは契約後、毎月の基本料が発生いたします。※2024年11月1日から台湾でのご利用はできなくなり"", ""score: local=9, roaming=1""], ""network_generation"": [""product_info_cellular_4g_lte: source:product_info_cellular: 携帯電話技術 LTE""], ""monthly_sold_count"": [""Amazon | 【シンガポール eSIM】5日間完全無制限（低速なし）DeSiM正規卸 | LINE相談受付中 |データ通信専用（電話番号なし） simフリー端末のみ対応 説明書付 ｜Singapore イーシム (eSIM | 5日完全無制限) DeSiM | DeSiM | SIM関連アクセサリ 次に移動 メインコンテンツ この商品について この商品に""], ""review_count"": [""detail_page: (49)""], ""bestseller_rank"": [""Amazon 売れ筋ランキング 家電＆カメラ - 14,206位 ( 家電＆カメラの売れ筋ランキングを見る ) プリペイドSIMカード - 176位""], ""title"": [""【シンガポール eSIM】5日間完全無制限（低速なし）DeSiM正規卸 | LINE相談受付中 |データ通信専用（電話番号なし） simフリー端末のみ対応 説明書付 ｜Singapore イーシム (eSIM | 5日完全無制限) DeSiM""]}"
amazon_jp,hk,【中国・香港・マカオ eSIM】プリペイド sim 高速データ無制限 低速なし 海外旅行 当日利用可能 説明書付 LINEで年中無休 24時間サポート 中国 sim 香港 sim マカオ sim way2esim (4日間 無制限),1780,29,,,,,1752,4일,4일,90일,unknown,lte_4g_only,,,"{""cmhk"": null, ""csl"": null, ""smartone"": null, ""three_hk"": null}","{""skt"": null, ""kt"": null, ""lgu"": null}",unlimited,https://www.amazon.co.jp/%E3%80%90%E4%B8%AD%E5%9B%BD%E3%83%BB%E9%A6%99%E6%B8%AF%E3%83%BB%E3%83%9E%E3%82%AB%E3%82%AA-%E9%AB%98%E9%80%9F%E3%83%87%E3%83%BC%E3%82%BF%E7%84%A1%E5%88%B6%E9%99%90-LINE%E3%81%A7%E5%B9%B4%E4%B8%AD%E7%84%A1%E4%BC%91-24%E6%99%82%E9%96%93%E3%82%B5%E3%83%9D%E3%83%BC%E3%83%88-way2esim/dp/B0GJD7RDKB,B0GJD7RDKB,B0GJD7RDKB,eSIM株式会社,way2esimのストアを表示,"{""price_jpy"": [""￥1,780""], ""usage_validity"": [""【中国・香港・マカオ eSIM】プリペイド sim 高速データ無制限 低速なし 海外旅行 当日利用可能 説明書付 LINEで年中無休 24時間サポート 中国 sim 香港 sim マカオ sim way2esim (4日間 無制限)""], ""activation_validity"": [""【有効期限】メールで納品した90日以内にご利用始めてください。旅行予定が未定でも、必要なタイミングでいつでも利用開始できます。""], ""data_amount"": [""【高速データ無制限】このeSIMは、中国本土、香港とマカオで回線に接続し、高速データを無制限でご利用いただけます。SNSやウェブの閲覧など、さまざまなインターネットサービスを高速かつ無制限でご利用いただけます。""], ""network_type"": [""no_local_or_roaming_keyword_matched""], ""network_generation"": [""product_info_cellular_4g_lte: source:product_info_cellular: 携帯電話技術 4G LTE""], ""review_count"": [""detail_page: (29)""], ""bestseller_rank"": [""Amazon 売れ筋ランキング 家電＆カメラ - 213,753位 ( 家電＆カメラの売れ筋ランキングを見る ) プリペイドSIMカード - 1,752位""], ""title"": [""【中国・香港・マカオ eSIM】プリペイド sim 高速データ無制限 低速なし 海外旅行 当日利用可能 説明書付 LINEで年中無休 24時間サポート 中国 sim 香港 sim マカオ sim way2esim (4日間 無制限)""]}"
amazon_jp,hk,【中国 SIM】5日間 高速データ完全無制限｜中国本土・香港・マカオ対応｜Google/LINE/YouTube利用可｜実名登録不要｜年中無休・24時間サポート｜中国本土 プリペイドsim 香港 sim 中国 simカード,2180,102,,,,,672,1일,1일,5일,roaming,5g_capable,,,"{""cmhk"": null, ""csl"": null, ""smartone"": null, ""three_hk"": true}","{""skt"": null, ""kt"": null, ""lgu"": null}",unlimited,https://www.amazon.co.jp/SIM%E3%80%915%E6%97%A5%E9%96%93-%E9%AB%98%E9%80%9F%E3%83%87%E3%83%BC%E3%82%BF%E5%AE%8C%E5%85%A8%E7%84%A1%E5%88%B6%E9%99%90%EF%BD%9C%E4%B8%AD%E5%9B%BD%E6%9C%AC%E5%9C%9F%E3%83%BB%E9%A6%99%E6%B8%AF%E3%83%BB%E3%83%9E%E3%82%AB%E3%82%AA%E5%AF%BE%E5%BF%9C%EF%BD%9CGoogle-YouTube%E5%88%A9%E7%94%A8%E5%8F%AF%EF%BD%9C%E5%AE%9F%E5%90%8D%E7%99%BB%E9%8C%B2%E4%B8%8D%E8%A6%81%EF%BD%9C%E5%B9%B4%E4%B8%AD%E7%84%A1%E4%BC%91%E3%83%BB24%E6%99%82%E9%96%93%E3%82%B5%E3%83%9D%E3%83%BC%E3%83%88%EF%BD%9C%E4%B8%AD%E5%9B%BD%E6%9C%AC%E5%9C%9F-%E3%83%97%E3%83%AA%E3%83%9A%E3%82%A4%E3%83%89sim-5%E6%97%A5%E9%96%93%EF%BD%9C%E7%84%A1%E5%88%B6%E9%99%90/dp/B0FTM9LCHF,B0FTM9LCHF,B0FTM9LCHF,Global eSIMshop,ブランド: PLUG TO GO,"{""price_jpy"": [""￥2,180""], ""usage_validity"": [""【高速データ】 データ通信専用のSIMです。※高速データ容量は無制限。完全使い放題プラン、中国ネット規制対象外 中国でもGoogle、LINE、YouTubeなどVPNなしで利用可能、本人確認やSIMカード認証は不要で、1-30日間選択可能。 【中国ネット規制なし】 中国本土では香港回線をローミング利用するため、中国政府のネット規制対象外。Google、LI""], ""activation_validity"": [""【中国 SIM】5日間 高速データ完全無制限｜中国本土・香港・マカオ対応｜Google/LINE/YouTube利用可｜実名登録不要｜年中無休・24時間サポート｜中国本土 プリペイドsim 香港 sim 中国 simカード""], ""data_amount"": [""【高速データ】 データ通信専用のSIMです。※高速データ容量は無制限。完全使い放題プラン、中国ネット規制対象外 中国でもGoogle、LINE、YouTubeなどVPNなしで利用可能、本人確認やSIMカード認証は不要で、1-30日間選択可能。""], ""network_type"": [""【中国ネット規制なし】 中国本土では香港回線をローミング利用するため、中国政府のネット規制対象外。Google、LINE、Facebook、Twitter、YouTube、Instagramなど主要サービスがVPN不要でそのままご利用いただけます。"", ""【高速データ】 データ通信専用のSIMです。※高速データ容量は無制限。完全使い放題プラン、中国ネット規制対象外 中国でもGoogle、LINE、YouTubeなどVPNなしで利用可能、本人確認やSIMカード認証は不要で、1-30日間選択可能。 【中国ネット規制なし】 中国本土では香港回線をローミング利用するため、中国政府のネット規制対象外。Google、LI"", ""score: local=0, roaming=4""], ""network_generation"": [""product_info_cellular_5g: source:product_info_cellular: 携帯電話技術 5G/4G""], ""carrier_support_local"": [""3HK: 【対応端末】SIMフリー／SIMロック解除済みスマートフォン専用。タブレット・PC・Wi-Fiルーターではご利用いただけません。標準／micro／nano SIMサイズに対応。 キャリア：中国：中国電信（China Telecom）／香港：3HK／マカオ：CTM。"", ""3HK: 【高速データ】 データ通信専用のSIMです。※高速データ容量は無制限。完全使い放題プラン、中国ネット規制対象外 中国でもGoogle、LINE、YouTubeなどVPNなしで利用可能、本人確認やSIMカード認証は不要で、1-30日間選択可能。 【中国ネット規制なし】 中国本土では香港回線をローミング"", ""3HK: サービスプロバイダ China Telecom/3HK/CTM"", ""3HK: Amazon.co.jp: 【中国 SIM】5日間 高速データ完全無制限｜中国本土・香港・マカオ対応｜Google/LINE/YouTube利用可｜実名登録不要｜年中無休・24時間サポート｜中国本土 プリペイドsim 香港 sim 中国 simカード : 家電＆カメラ 次に移動 メインコンテンツ こ""], ""review_count"": [""detail_page: 102""], ""bestseller_rank"": [""Amazon 売れ筋ランキング 家電＆カメラ - 66,574位 ( 家電＆カメラの売れ筋ランキングを見る ) プリペイドSIMカード - 672位""], ""title"": [""【中国 SIM】5日間 高速データ完全無制限｜中国本土・香港・マカオ対応｜Google/LINE/YouTube利用可｜実名登録不要｜年中無休・24時間サポート｜中国本土 プリペイドsim 香港 sim 中国 simカード""]}"
amazon_jp,hk,【中国SIMカード】30日間 5GB高速データ＋低速無制限｜中国・香港・マカオ対応｜中国本土でもGoogle・LINE・YouTube利用可能｜24時間サポート｜中国本土 プリペイドSIM 中国 sim (30日間｜5GB),1480,41,,,,,1784,30일,30일,30일,roaming,5g_capable,,,"{""cmhk"": null, ""csl"": null, ""smartone"": null, ""three_hk"": true}","{""skt"": null, ""kt"": null, ""lgu"": null}",5GB,https://www.amazon.co.jp/%E3%80%90%E4%B8%AD%E5%9B%BDSIM%E3%82%AB%E3%83%BC%E3%83%89%E3%80%9130%E6%97%A5%E9%96%93-5GB%E9%AB%98%E9%80%9F%E3%83%87%E3%83%BC%E3%82%BF%EF%BC%8B%E4%BD%8E%E9%80%9F%E7%84%A1%E5%88%B6%E9%99%90%EF%BD%9C%E4%B8%AD%E5%9B%BD%E3%83%BB%E9%A6%99%E6%B8%AF%E3%83%BB%E3%83%9E%E3%82%AB%E3%82%AA%E5%AF%BE%E5%BF%9C%EF%BD%9C%E4%B8%AD%E5%9B%BD%E6%9C%AC%E5%9C%9F%E3%81%A7%E3%82%82Google%E3%83%BBLINE%E3%83%BBYouTube%E5%88%A9%E7%94%A8%E5%8F%AF%E8%83%BD%EF%BD%9C24%E6%99%82%E9%96%93%E3%82%B5%E3%83%9D%E3%83%BC%E3%83%88%EF%BD%9C%E4%B8%AD%E5%9B%BD%E6%9C%AC%E5%9C%9F-%E3%83%97%E3%83%AA%E3%83%9A%E3%82%A4%E3%83%89SIM-sim-30%E6%97%A5%E9%96%93%EF%BD%9C5GB/dp/B0FPR3TNGW,B0FPR3TNGW,B0FPR3TNGW,Global Simcard,アーモンド　ＳＩｍ　ｃａｒｄのストアを表示,"{""price_jpy"": [""￥1,480""], ""usage_validity"": [""【中国SIMカード】30日間 5GB高速データ＋低速無制限｜中国・香港・マカオ対応｜中国本土でもGoogle・LINE・YouTube利用可能｜24時間サポート｜中国本土 プリペイドSIM 中国 sim (30日間｜5GB)""], ""activation_validity"": [""⭐【高速データ通信】中国本土・香港・マカオ対応。30日間で合計5GBまで4G/5G高速通信が利用可能。超過後も128kbpsで通信継続でき、低速無制限で安心。 ⭐【中国ネット制限なし】香港ローミング接続で中国政府の規制対象外。Google、LINE、YouTube、SNSなど主要アプリがVPN不要で利用可能。本人確認も不要です。 ⭐【有効期限】未使用なら購入""], ""data_amount"": [""⭐【高速データ通信】中国本土・香港・マカオ対応。30日間で合計5GBまで4G/5G高速通信が利用可能。超過後も128kbpsで通信継続でき、低速無制限で安心。""], ""network_type"": [""⭐【中国ネット制限なし】香港ローミング接続で中国政府の規制対象外。Google、LINE、YouTube、SNSなど主要アプリがVPN不要で利用可能。本人確認も不要です。"", ""⭐【高速データ通信】中国本土・香港・マカオ対応。30日間で合計5GBまで4G/5G高速通信が利用可能。超過後も128kbpsで通信継続でき、低速無制限で安心。 ⭐【中国ネット制限なし】香港ローミング接続で中国政府の規制対象外。Google、LINE、YouTube、SNSなど主要アプリがVPN不要で利用可能。本人確認も不要です。 ⭐【有効期限】未使用なら購入"", ""score: local=0, roaming=3""], ""network_generation"": [""product_info_cellular_5g: source:product_info_cellular: 携帯電話技術 5G/4G-LTE""], ""carrier_support_local"": [""3HK: ⭐【対応キャリア】中国本土：中国電信（China Telecom）、香港：3HK、マカオ：CTM。中華圏への渡航に幅広く対応。"", ""3HK: ⭐【高速データ通信】中国本土・香港・マカオ対応。30日間で合計5GBまで4G/5G高速通信が利用可能。超過後も128kbpsで通信継続でき、低速無制限で安心。 ⭐【中国ネット制限なし】香港ローミング接続で中国政府の規制対象外。Google、LINE、YouTube、SNSなど主要アプリがVPN不要で"", ""3HK: サービスプロバイダ China Telecom/3HK /CTM"", ""3HK: Amazon.co.jp: 【中国SIMカード】30日間 5GB高速データ＋低速無制限｜中国・香港・マカオ対応｜中国本土でもGoogle・LINE・YouTube利用可能｜24時間サポート｜中国本土 プリペイドSIM 中国 sim (30日間｜5GB) : 家電＆カメラ 次に移動 メインコンテンツ ""], ""review_count"": [""detail_page: 41""], ""bestseller_rank"": [""Amazon 売れ筋ランキング 家電＆カメラ - 218,413位 ( 家電＆カメラの売れ筋ランキングを見る ) プリペイドSIMカード - 1,784位""], ""title"": [""【中国SIMカード】30日間 5GB高速データ＋低速無制限｜中国・香港・マカオ対応｜中国本土でもGoogle・LINE・YouTube利用可能｜24時間サポート｜中国本土 プリペイドSIM 中国 sim (30日間｜5GB)""]}"
amazon_jp,hk,【 中国 eSIM 】6日間 無制限 本人確認不要 高速データ通信（低速なし） 中国ネット規制対象外 Line Youtube GoogleなどVPNなしで利用可能 即日発行可能 LINEで年中無休24時間サポート 中国sim 香港sim マカオsim イーシム (eSIM | 6日間無制限),2280,1,,,,,988,6일,6일,90일,local,5g_capable,,,"{""cmhk"": null, ""csl"": null, ""smartone"": null, ""three_hk"": null}","{""skt"": null, ""kt"": null, ""lgu"": null}",unlimited,https://www.amazon.co.jp/eSIM-%E9%AB%98%E9%80%9F%E3%83%87%E3%83%BC%E3%82%BF%E9%80%9A%E4%BF%A1%EF%BC%88%E4%BD%8E%E9%80%9F%E3%81%AA%E3%81%97%EF%BC%89-Google%E3%81%AA%E3%81%A9VPN%E3%81%AA%E3%81%97%E3%81%A7%E5%88%A9%E7%94%A8%E5%8F%AF%E8%83%BD-LINE%E3%81%A7%E5%B9%B4%E4%B8%AD%E7%84%A1%E4%BC%9124%E6%99%82%E9%96%93%E3%82%B5%E3%83%9D%E3%83%BC%E3%83%88-6%E6%97%A5%E9%96%93%E7%84%A1%E5%88%B6%E9%99%90/dp/B0DTXVGNSG,B0DTXVGNSG,B0DTXVGNSG,Global Simcard,アーモンド　ＳＩｍ　ｃａｒｄのストアを表示,"{""price_jpy"": [""￥2,280""], ""usage_validity"": [""【 中国 eSIM 】6日間 無制限 本人確認不要 高速データ通信（低速なし） 中国ネット規制対象外 Line Youtube GoogleなどVPNなしで利用可能 即日発行可能 LINEで年中無休24時間サポート 中国sim 香港sim マカオsim イーシム (eSIM | 6日間無制限)""], ""activation_validity"": [""【有効期限】メールで納品後、90日以内にご利用ください。""], ""data_amount"": [""【高速データ通信】完全無制限、低速度なし！！""], ""network_type"": [""【SKTelecom公式認証】韓国eSIM 電話番号付き 4日間(96時間) データ完全無制限 5G/4G高速通信 無料通話5分＋SMS30通 即日メール配送 TikTok・ChatGPT・Google Maps対応 韓国旅行・出張・留学向け 180日以内利用可能 韓国 sim SIMカード (韓国esim4日無制限＋通話SMS)"", ""【チョコSIM 定額（Sプラン）】【中国の電話番号付きでアプリや施設サービスのSMS認証が可能】【データ容量】合計500MB/月【音声】合計20分間/月 データ/音声/SMS付きSIMカード 中国SIM マカオSIM China unicom ※こちらのSIMカードは契約後、毎月の基本料が発生いたします。※2024年11月1日から台湾でのご利用はできなくなり"", ""score: local=9, roaming=0""], ""network_generation"": [""product_info_cellular_5g: source:product_info_cellular: 携帯電話技術 5G/4G-LTE""], ""review_count"": [""detail_page: (1)""], ""bestseller_rank"": [""Amazon 売れ筋ランキング 家電＆カメラ - 106,186位 ( 家電＆カメラの売れ筋ランキングを見る ) プリペイドSIMカード - 988位""], ""title"": [""【 中国 eSIM 】6日間 無制限 本人確認不要 高速データ通信（低速なし） 中国ネット規制対象外 Line Youtube GoogleなどVPNなしで利用可能 即日発行可能 LINEで年中無休24時間サポート 中国sim 香港sim マカオsim イーシム (eSIM | 6日間無制限)""]}"
amazon_jp,hk,【Almond SIM】台湾プリペイドSIMカード｜4日間 完全データ無制限 使い放題｜5G/4G-LTE 高速通信｜台北・高雄など 対応｜24時間安心サポート (4日間（24時間×4）),1500,48,,,50,,91,1일,1일,4일,unknown,5g_capable,,,"{""cmhk"": null, ""csl"": null, ""smartone"": null, ""three_hk"": null}","{""skt"": null, ""kt"": null, ""lgu"": null}",unlimited,https://www.amazon.co.jp/SIM%E3%80%91%E5%8F%B0%E6%B9%BE%E3%83%97%E3%83%AA%E3%83%9A%E3%82%A4%E3%83%89SIM%E3%82%AB%E3%83%BC%E3%83%89%EF%BD%9C4%E6%97%A5%E9%96%93-%E5%AE%8C%E5%85%A8%E3%83%87%E3%83%BC%E3%82%BF%E7%84%A1%E5%88%B6%E9%99%90-%E9%AB%98%E9%80%9F%E9%80%9A%E4%BF%A1%EF%BD%9C%E5%8F%B0%E5%8C%97%E3%83%BB%E9%AB%98%E9%9B%84%E3%81%AA%E3%81%A9-%E5%AF%BE%E5%BF%9C%EF%BD%9C24%E6%99%82%E9%96%93%E5%AE%89%E5%BF%83%E3%82%B5%E3%83%9D%E3%83%BC%E3%83%88-4%E6%97%A5%E9%96%93%EF%BC%8824%E6%99%82%E9%96%93%C3%974%EF%BC%89/dp/B0GPVSPCXV,B0GPVSPCXV,B0GPVSPCXV,株式会社ビッグコネクト,bigconnectのストアを表示,"{""price_jpy"": [""￥1,500""], ""usage_validity"": [""【日本語マニュアル付】SIMカード有効期限：ご購入してから1年間有効。（未使用の場合）。利用期間は、データを発生した時点から24時間を1日としてカウントされます。出張、留学などのご利用の場合は、数枚分にも適しています。""], ""activation_validity"": [""【Almond SIM】台湾プリペイドSIMカード｜4日間 完全データ無制限 使い放題｜5G/4G-LTE 高速通信｜台北・高雄など 対応｜24時間安心サポート (4日間（24時間×4）)""], ""data_amount"": [""【データプラン】データ通信専用のSIMです。台湾で利用可能なプリペイドSIMカード。※高速データ容量は無制限。完全使い放題プラン、本人確認やSIMカード認証は不要です。本SIMカードは3 in 1サイズに対応しております。切り取り用のガイドに沿って、ご利用端末のSIMサイズに合わせて押し出してご使用ください""], ""network_type"": [""no_local_or_roaming_keyword_matched""], ""network_generation"": [""product_info_cellular_5g: source:product_info_cellular: 携帯電話技術 5G 4G-Lte""], ""monthly_sold_count"": [""Amazon.co.jp: 【Almond SIM】台湾プリペイドSIMカード｜4日間 完全データ無制限 使い放題｜5G/4G-LTE 高速通信｜台北・高雄など 対応｜24時間安心サポート (4日間（24時間×4）) : 家電＆カメラ 次に移動 メインコンテンツ この商品について この商品について この商品について 購入オプション 類似商品と比較する ビデオ""], ""review_count"": [""detail_page: (48)""], ""bestseller_rank"": [""Amazon 売れ筋ランキング 家電＆カメラ - 7,778位 ( 家電＆カメラの売れ筋ランキングを見る ) プリペイドSIMカード - 91位""], ""title"": [""【Almond SIM】台湾プリペイドSIMカード｜4日間 完全データ無制限 使い放題｜5G/4G-LTE 高速通信｜台北・高雄など 対応｜24時間安心サポート (4日間（24時間×4）)""]}"
amazon_jp,hk,台湾 TAIWAN ESIMプラン 4日間 完全無制限 4G-LTE 高速データ 使い放題 当日発行可能 出発前日本テスト用eSIM500MB 台北 高雄 プリペイドSIM 桃園 esim taiwan sim (4日間完全無制限),1595,251,,,100,,29,4일,4일,30일,unknown,lte_4g_only,,,"{""cmhk"": null, ""csl"": null, ""smartone"": null, ""three_hk"": null}","{""skt"": null, ""kt"": null, ""lgu"": null}",unlimited,https://www.amazon.co.jp/TAIWAN-ESIM%E3%83%97%E3%83%A9%E3%83%B3-4G-LTE-%E3%83%97%E3%83%AA%E3%83%9A%E3%82%A4%E3%83%89SIM-4%E6%97%A5%E9%96%93%E5%AE%8C%E5%85%A8%E7%84%A1%E5%88%B6%E9%99%90/dp/B0CY1JXCZ7,B0CY1JXCZ7,B0CY1JXCZ7,株式会社ビッグコネクト,bigconnectのストアを表示,"{""price_jpy"": [""￥1,595""], ""usage_validity"": [""台湾 TAIWAN ESIMプラン 4日間 完全無制限 4G-LTE 高速データ 使い放題 当日発行可能 出発前日本テスト用eSIM500MB 台北 高雄 プリペイドSIM 桃園 esim taiwan sim (4日間完全無制限)""], ""activation_validity"": [""【SimCardの有効期限】メールで納品した30日以内にご利用始めてください。該当の商品はEsimcardになります、物理SIMカードを装着するのではなく、スマートフォンやタブレット等の端末内にあらかじめ埋め込まれたチップに、インターネット経由でデータプランを書き込むことができます。物理のSIMが入っていません。""], ""data_amount"": [""【高速データ完全無制限】 通信専用Esimになります。※データ容量無制限。高速データ使い放題※現地時間の00:00-23：59区切りで、カウントされます。""], ""network_type"": [""local_signal: 【現地キャリア利用】台湾で使用できるeSIM、TAIWAN渡航スケジュールに対応する手軽なeSIMカード。キャリア：中華電信 、台湾では信号が広く、ネットワークが安定し、速度が速いです。eSIMのsimカードはプリペイドsimカードと違って、挿入作業不要(iPhone・androidともeSIMのQRコードを読み取って設定後すぐに使えます。）"", ""roaming_signal: 台湾4G/5G LTE プリペイドSIMカード - 1GB高速データ、旅行用7日間無制限ローミング (即時アクティベーション)"", ""insufficient_or_conflicting_signals(local=9, roaming=2)""], ""network_generation"": [""product_info_cellular_4g_lte: source:product_info_cellular: 携帯電話技術 LTE""], ""monthly_sold_count"": [""Amazon.co.jp: 台湾 TAIWAN ESIMプラン 4日間 完全無制限 4G-LTE 高速データ 使い放題 当日発行可能 出発前日本テスト用eSIM500MB 台北 高雄 プリペイドSIM 桃園 esim taiwan sim (4日間完全無制限) : 家電＆カメラ 次に移動 メインコンテンツ この商品について この商品について この商品について""], ""review_count"": [""detail_page: (251)""], ""bestseller_rank"": [""Amazon 売れ筋ランキング 家電＆カメラ - 3,300位 ( 家電＆カメラの売れ筋ランキングを見る ) プリペイドSIMカード - 29位""], ""title"": [""台湾 TAIWAN ESIMプラン 4日間 完全無制限 4G-LTE 高速データ 使い放題 当日発行可能 出発前日本テスト用eSIM500MB 台北 高雄 プリペイドSIM 桃園 esim taiwan sim (4日間完全無制限)""]}"
amazon_jp,hk,【中国・香港・マカオ eSIM】3日間 3GB（二泊三日 コスパ重視） DeSiM正規卸 |LINE相談受付中 |データ通信専用（電話番号なし） simフリー端末のみ対応 説明書付 イーシム,1520,2,,,,,1792,3일,3일,7일,local,lte_4g_only,,,"{""cmhk"": null, ""csl"": null, ""smartone"": null, ""three_hk"": null}","{""skt"": null, ""kt"": null, ""lgu"": null}",unlimited,https://www.amazon.co.jp/%E3%80%90%E4%B8%AD%E5%9B%BD%E3%83%BB%E9%A6%99%E6%B8%AF%E3%83%BB%E3%83%9E%E3%82%AB%E3%82%AA-eSIM%E3%80%913%E6%97%A5%E9%96%93-LINE%E7%9B%B8%E8%AB%87%E5%8F%97%E4%BB%98%E4%B8%AD-%E3%83%87%E3%83%BC%E3%82%BF%E9%80%9A%E4%BF%A1%E5%B0%82%E7%94%A8%EF%BC%88%E9%9B%BB%E8%A9%B1%E7%95%AA%E5%8F%B7%E3%81%AA%E3%81%97%EF%BC%89-sim%E3%83%95%E3%83%AA%E3%83%BC%E7%AB%AF%E6%9C%AB%E3%81%AE%E3%81%BF%E5%AF%BE%E5%BF%9C/dp/B0D5W9QYZY,B0D5W9QYZY,B0D5W9QYZY,DeSiM,DeSiMのストアを表示,"{""price_jpy"": [""￥1,520""], ""usage_validity"": [""【中国・香港・マカオ eSIM】3日間 3GB（二泊三日 コスパ重視） DeSiM正規卸 |LINE相談受付中 |データ通信専用（電話番号なし） simフリー端末のみ対応 説明書付 イーシム""], ""activation_validity"": [""商品の説明 購入前の注意事項 【注意事項】 注意事項①：本商品はデータ通信専用です（通話はご利用いただけません）。ご注意ください。 注意事項②：SIMロックフリー端末、もしくはSIMフリー端末専用のサービスです。必ず、ご利用端末がeSIM対応かどうかご確認ください。 注意事項③：2021年10月1日以前にSIMロック解除をキャリア店頭またはインターネットでさ""], ""data_amount"": [""商品の説明 購入前の注意事項 【注意事項】 注意事項①：本商品はデータ通信専用です（通話はご利用いただけません）。ご注意ください。 注意事項②：SIMロックフリー端末、もしくはSIMフリー端末専用のサービスです。必ず、ご利用端末がeSIM対応かどうかご確認ください。 注意事項③：2021年10月1日以前にSIMロック解除をキャリア店頭またはインターネットでさ""], ""network_type"": [""商品の説明 購入前の注意事項 【注意事項】 注意事項①：本商品はデータ通信専用です（通話はご利用いただけません）。ご注意ください。 注意事項②：SIMロックフリー端末、もしくはSIMフリー端末専用のサービスです。必ず、ご利用端末がeSIM対応かどうかご確認ください。 注意事項③：2021年10月1日以前にSIMロック解除をキャリア店頭またはインターネットでさ"", ""【チョコSIM 定額（Sプラン）】【中国の電話番号付きでアプリや施設サービスのSMS認証が可能】【データ容量】合計500MB/月【音声】合計20分間/月 データ/音声/SMS付きSIMカード 中国SIM マカオSIM China unicom ※こちらのSIMカードは契約後、毎月の基本料が発生いたします。※2024年11月1日から台湾でのご利用はできなくなり"", ""score: local=9, roaming=1""], ""network_generation"": [""product_info_cellular_4g_lte: source:product_info_cellular: 携帯電話技術 LTE""], ""review_count"": [""detail_page: (2)""], ""bestseller_rank"": [""Amazon 売れ筋ランキング 家電＆カメラ - 219,956位 ( 家電＆カメラの売れ筋ランキングを見る ) プリペイドSIMカード - 1,792位""], ""title"": [""【中国・香港・マカオ eSIM】3日間 3GB（二泊三日 コスパ重視） DeSiM正規卸 |LINE相談受付中 |データ通信専用（電話番号なし） simフリー端末のみ対応 説明書付 イーシム""]}"
amazon_jp,hk,【香港・マカオeSIM】3日間 3GB（コスパ重視） LINE相談受付中｜データ通信専用（電話番号なし） | simフリー端末のみ対応 説明書付 イーシム simless,790,1,,,,,1560,3일,3일,3일,local,lte_4g_only,,,"{""cmhk"": null, ""csl"": null, ""smartone"": null, ""three_hk"": true}","{""skt"": null, ""kt"": null, ""lgu"": null}",unlimited,https://www.amazon.co.jp/%E3%80%90%E9%A6%99%E6%B8%AF%E3%83%BB%E3%83%9E%E3%82%AB%E3%82%AAeSIM%E3%80%913%E6%97%A5%E9%96%93-3GB%EF%BC%88%E3%82%B3%E3%82%B9%E3%83%91%E9%87%8D%E8%A6%96%EF%BC%89-LINE%E7%9B%B8%E8%AB%87%E5%8F%97%E4%BB%98%E4%B8%AD%EF%BD%9C%E3%83%87%E3%83%BC%E3%82%BF%E9%80%9A%E4%BF%A1%E5%B0%82%E7%94%A8%EF%BC%88%E9%9B%BB%E8%A9%B1%E7%95%AA%E5%8F%B7%E3%81%AA%E3%81%97%EF%BC%89-sim%E3%83%95%E3%83%AA%E3%83%BC%E7%AB%AF%E6%9C%AB%E3%81%AE%E3%81%BF%E5%AF%BE%E5%BF%9C-simless/dp/B0DWLSG8VN,B0DWLSG8VN,B0DWLSG8VN,DeSiM,DeSiMのストアを表示,"{""price_jpy"": [""￥790""], ""usage_validity"": [""【香港・マカオeSIM】3日間 3GB（コスパ重視） LINE相談受付中｜データ通信専用（電話番号なし） | simフリー端末のみ対応 説明書付 イーシム simless""], ""activation_validity"": [""【SKTelecoｍ公式認証】 韓国eSIM 3日間 (72時間) 電話番号付き 超高速データ無制限 最初の5分発信無料(韓国国内) お急ぎの方即時発行可(LINE相談受付中) 有効期限／ご購入日より120日以内 現地空港サポート(SKTelecomローミングセンター) SKテレコム正規品 韓国SIMカードタイプではありません""], ""data_amount"": [""商品の説明 購入前の注意事項 【注意事項】 注意事項①：電話番号は付与されませんので、ご注意ください。 注意事項②：SIMロックフリー端末、もしくはSIMフリー端末専用のサービスです。必ず、ご利用端末がeSIM対応かどうかご確認ください。 注意事項③：2021年10月1日以前にSIMロック解除をキャリア店頭またはインターネットでされた「Android端末」は""], ""network_type"": [""商品の説明 購入前の注意事項 【注意事項】 注意事項①：電話番号は付与されませんので、ご注意ください。 注意事項②：SIMロックフリー端末、もしくはSIMフリー端末専用のサービスです。必ず、ご利用端末がeSIM対応かどうかご確認ください。 注意事項③：2021年10月1日以前にSIMロック解除をキャリア店頭またはインターネットでされた「Android端末」は"", ""【チョコSIM 定額（Sプラン）】【中国の電話番号付きでアプリや施設サービスのSMS認証が可能】【データ容量】合計500MB/月【音声】合計20分間/月 データ/音声/SMS付きSIMカード 中国SIM マカオSIM China unicom ※こちらのSIMカードは契約後、毎月の基本料が発生いたします。※2024年11月1日から台湾でのご利用はできなくなり"", ""score: local=9, roaming=1""], ""network_generation"": [""product_info_cellular_4g_lte: source:product_info_cellular: 携帯電話技術 LTE""], ""carrier_support_local"": [""3HK: 【中国 香港 eSIM】大容量 2GB/日・高速データ 低速無制限 即日発行可能 China Unicom/3HK キャリア 4G-LTE対応 データ通信専用 中国・ 香港 プリペイド simカード (1日間)""], ""review_count"": [""detail_page: (1)""], ""bestseller_rank"": [""Amazon 売れ筋ランキング 家電＆カメラ - 186,940位 ( 家電＆カメラの売れ筋ランキングを見る ) プリペイドSIMカード - 1,560位""], ""title"": [""【香港・マカオeSIM】3日間 3GB（コスパ重視） LINE相談受付中｜データ通信専用（電話番号なし） | simフリー端末のみ対応 説明書付 イーシム simless""]}"
amazon_jp,hk,アジア太平洋11カ国 シンガポール・タイ・ベトナム・マレーシア eSIM 10日間 高速データ使い放題Jet Sim 無制限 10日 ジェットシム,4636,8,,,,,907,10일,10일,30일,roaming,5g_capable,,,"{""cmhk"": null, ""csl"": null, ""smartone"": null, ""three_hk"": null}","{""skt"": null, ""kt"": null, ""lgu"": null}",unlimited,https://www.amazon.co.jp/%E3%82%A2%E3%82%B8%E3%82%A2%E5%A4%AA%E5%B9%B3%E6%B4%8B12%E3%82%AB%E5%9B%BD-%E3%82%B7%E3%83%B3%E3%82%AC%E3%83%9D%E3%83%BC%E3%83%AB%E3%83%BB%E3%82%BF%E3%82%A4%E3%83%BB%E3%83%99%E3%83%88%E3%83%8A%E3%83%A0%E3%83%BB%E3%83%9E%E3%83%AC%E3%83%BC%E3%82%B7%E3%82%A2-10%E6%97%A5%E9%96%93-%E9%AB%98%E9%80%9F%E3%83%87%E3%83%BC%E3%82%BF%E4%BD%BF%E3%81%84%E6%94%BE%E9%A1%8CJet-%E3%82%B8%E3%82%A7%E3%83%83%E3%83%88%E3%82%B7%E3%83%A0/dp/B0FL1J28Z6,B0FL1J28Z6,B0FL1J28Z6,ジェスロモバイル,JETSIMのストアを表示,"{""price_jpy"": [""￥4,636""], ""usage_validity"": [""アジア太平洋11カ国 シンガポール・タイ・ベトナム・マレーシア eSIM 10日間 高速データ使い放題Jet Sim 無制限 10日 ジェットシム""], ""activation_validity"": [""商品の説明 購入後すぐにeSIMを使えますか？ はい、すぐにご利用いただけます。スムーズにご利用いただくために、申請フォームのご提出をお願いいたします。 eSIMのアクティベーションは必要ですか？ アクティベーションは不要です。eSIMをスマートフォンに追加すれば、現地に到着次第、自動的に接続されます！ 複数の国で利用できるプランは国をまたいで移動する際も、""], ""data_amount"": [""【データ無制限】 アジア太平洋11カ国 シンガポール・タイ・ベトナム・マレーシア等で10日間、5G/4G-LTE高速データ使い放題。テザリング対応。""], ""network_type"": [""アジア旅行SIMカード、15日間-2GB毎日の高速データ、20分の通話＆10のテキスト、シンガポール、マレーシア、タイ＆インドをカバー、プリペイド - ローミングなし - 簡単なセットアップ"", ""マレーシア旅行用SIMカード - 5G/4G LTE高速データ - プリペイド＆ローミングなし、7日間合計3GB - 観光客やビジネス旅行者向けの簡単アクティベーション"", ""score: local=0, roaming=3""], ""network_generation"": [""product_info_cellular_5g: source:product_info_cellular: 携帯電話技術 LTE, 5G"", ""product_info_cellular_4g_lte_signal_present_but_5g_capable_takes_precedence""], ""review_count"": [""detail_page: (8)""], ""bestseller_rank"": [""Amazon 売れ筋ランキング 家電＆カメラ - 94,542位 ( 家電＆カメラの売れ筋ランキングを見る ) プリペイドSIMカード - 907位""], ""title"": [""アジア太平洋11カ国 シンガポール・タイ・ベトナム・マレーシア eSIM 10日間 高速データ使い放題Jet Sim 無制限 10日 ジェットシム""]}"
amazon_jp,hk,【中国・香港・マカオ eSIM】プリペイド sim 高速データ無制限 低速なし 海外旅行 当日利用可能 説明書付 LINEで年中無休 24時間サポート 中国 sim 香港 sim マカオ sim way2esim (3日間 無制限),1480,102,,,,,2385,3일,3일,90일,unknown,lte_4g_only,,,"{""cmhk"": null, ""csl"": null, ""smartone"": null, ""three_hk"": null}","{""skt"": null, ""kt"": null, ""lgu"": null}",unlimited,https://www.amazon.co.jp/%E3%80%90%E4%B8%AD%E5%9B%BD%E3%83%BB%E9%A6%99%E6%B8%AF%E3%83%BB%E3%83%9E%E3%82%AB%E3%82%AA-%E9%AB%98%E9%80%9F%E3%83%87%E3%83%BC%E3%82%BF%E7%84%A1%E5%88%B6%E9%99%90-LINE%E3%81%A7%E5%B9%B4%E4%B8%AD%E7%84%A1%E4%BC%91-24%E6%99%82%E9%96%93%E3%82%B5%E3%83%9D%E3%83%BC%E3%83%88-way2esim/dp/B0GJD8478V,B0GJD8478V,B0GJD8478V,eSIM株式会社,way2esimのストアを表示,"{""price_jpy"": [""￥1,480""], ""usage_validity"": [""【中国・香港・マカオ eSIM】プリペイド sim 高速データ無制限 低速なし 海外旅行 当日利用可能 説明書付 LINEで年中無休 24時間サポート 中国 sim 香港 sim マカオ sim way2esim (3日間 無制限)""], ""activation_validity"": [""【有効期限】メールで納品した90日以内にご利用始めてください。旅行予定が未定でも、必要なタイミングでいつでも利用開始できます。""], ""data_amount"": [""【高速データ無制限】このeSIMは、中国本土、香港とマカオで回線に接続し、高速データを無制限でご利用いただけます。SNSやウェブの閲覧など、さまざまなインターネットサービスを高速かつ無制限でご利用いただけます。""], ""network_type"": [""no_local_or_roaming_keyword_matched""], ""network_generation"": [""product_info_cellular_4g_lte: source:product_info_cellular: 携帯電話技術 4G""], ""review_count"": [""detail_page: 102""], ""bestseller_rank"": [""Amazon 売れ筋ランキング 家電＆カメラ - 323,551位 ( 家電＆カメラの売れ筋ランキングを見る ) プリペイドSIMカード - 2,385位""], ""title"": [""【中国・香港・マカオ eSIM】プリペイド sim 高速データ無制限 低速なし 海外旅行 当日利用可能 説明書付 LINEで年中無休 24時間サポート 中国 sim 香港 sim マカオ sim way2esim (3日間 無制限)""]}"
amazon_jp,hk,"【東南アジアeSIM】5日間無制限東南アジアe-SIM｜11地域対応（シンガポール,タイ,マレーシア,インドネシア,ベトナム,台湾・香港・マカオ,韓国,オーストラリア,ニュージーランド）｜5G/4G対応 高速データ通信｜即日メール配信 ｜使用ガイド付き｜テザリング対応｜365日LINEサポート｜QRコードで簡単設定 SIMカード不要 (5日間無制限)",2399,4,,,,,1670,5일,5일,90일,roaming,5g_capable,,,"{""cmhk"": null, ""csl"": null, ""smartone"": null, ""three_hk"": null}","{""skt"": null, ""kt"": null, ""lgu"": null}",unlimited,https://www.amazon.co.jp/%E3%80%90%E6%9D%B1%E5%8D%97%E3%82%A2%E3%82%B8%E3%82%A2eSIM%E3%80%915%E6%97%A5%E9%96%93%E7%84%A1%E5%88%B6%E9%99%90%E6%9D%B1%E5%8D%97%E3%82%A2%E3%82%B8%E3%82%A2e-SIM%EF%BD%9C13%E5%9C%B0%E5%9F%9F%E5%AF%BE%E5%BF%9C%EF%BC%88%E3%82%B7%E3%83%B3%E3%82%AC%E3%83%9D%E3%83%BC%E3%83%AB-%E3%83%8B%E3%83%A5%E3%83%BC%E3%82%B8%E3%83%BC%E3%83%A9%E3%83%B3%E3%83%89%EF%BC%89%EF%BD%9C5G-%E9%AB%98%E9%80%9F%E3%83%87%E3%83%BC%E3%82%BF%E9%80%9A%E4%BF%A1%EF%BD%9C%E5%8D%B3%E6%97%A5%E3%83%A1%E3%83%BC%E3%83%AB%E9%85%8D%E4%BF%A1-%EF%BD%9C%E4%BD%BF%E7%94%A8%E3%82%AC%E3%82%A4%E3%83%89%E4%BB%98%E3%81%8D%EF%BD%9C%E3%83%86%E3%82%B6%E3%83%AA%E3%83%B3%E3%82%B0%E5%AF%BE%E5%BF%9C%EF%BD%9C365%E6%97%A5LINE%E3%82%B5%E3%83%9D%E3%83%BC%E3%83%88%EF%BD%9CQR%E3%82%B3%E3%83%BC%E3%83%89%E3%81%A7%E7%B0%A1%E5%8D%98%E8%A8%AD%E5%AE%9A/dp/B0FHBDS35M,B0FHBDS35M,B0FHBDS35M,トリリオン・コネクト,Billion Connectのストアを表示,"{""price_jpy"": [""￥2,399""], ""usage_validity"": [""【東南アジアeSIM】5日間無制限東南アジアe-SIM｜11地域対応（シンガポール,タイ,マレーシア,インドネシア,ベトナム,台湾・香港・マカオ,韓国,オーストラリア,ニュージーランド）｜5G/4G対応 高速データ通信｜即日メール配信 ｜使用ガイド付き｜テザリング対応｜365日LINEサポート｜QRコードで簡単設定 SIMカード不要 (5日間無制限)""], ""activation_validity"": [""【eSIMの有効期限】 受け取り後90日以内にアクティベートしてください。有効期限の前日までにアクティベートされていない場合、eSIMは無効となりご利用いただけません。""], ""data_amount"": [""【5日間無制限高速データ – 5G対応】 東南アジアe-SIMは、完全無制限の高速データ通信を提供！データ残量を気にせず、動画視聴・ゲーム・SNS・ライブ配信をいつでもどこでも思い切り楽しめます！""], ""network_type"": [""インドネシア旅行SIMカード - 5G/4G LTE高速データ - プリペイド＆ローミング禁止 - 5日間1GB - 観光客やビジネス旅行者のための簡単な有効化"", ""マレーシア旅行用SIMカード - 5G/4G LTE高速データ - プリペイド＆ローミングなし、7日間合計3GB - 観光客やビジネス旅行者向けの簡単アクティベーション"", ""score: local=0, roaming=4""], ""network_generation"": [""product_info_cellular_5g: source:product_info_cellular: 携帯電話技術 5G""], ""review_count"": [""detail_page: (4)""], ""bestseller_rank"": [""Amazon 売れ筋ランキング 家電＆カメラ - 202,380位 ( 家電＆カメラの売れ筋ランキングを見る ) プリペイドSIMカード - 1,670位""], ""title"": [""【東南アジアeSIM】5日間無制限東南アジアe-SIM｜11地域対応（シンガポール,タイ,マレーシア,インドネシア,ベトナム,台湾・香港・マカオ,韓国,オーストラリア,ニュージーランド）｜5G/4G対応 高速データ通信｜即日メール配信 ｜使用ガイド付き｜テザリング対応｜365日LINEサポート｜QRコードで簡単設定 SIMカード不要 (5日間無制限)""]}"
amazon_jp,hk,【中国・香港・マカオ eSIM】5日間 5GB（四泊五日 コスパ重視） DeSiM正規卸 |LINE相談受付中 |データ通信専用（電話番号なし） simフリー端末のみ対応 説明書付 イーシム,2300,10,,,,,1256,5일,5일,7일,local,lte_4g_only,,,"{""cmhk"": null, ""csl"": null, ""smartone"": null, ""three_hk"": null}","{""skt"": null, ""kt"": null, ""lgu"": null}",unlimited,https://www.amazon.co.jp/%E3%80%90%E4%B8%AD%E5%9B%BD%E3%83%BB%E9%A6%99%E6%B8%AF%E3%83%BB%E3%83%9E%E3%82%AB%E3%82%AA-eSIM%E3%80%915%E6%97%A5%E9%96%93-LINE%E7%9B%B8%E8%AB%87%E5%8F%97%E4%BB%98%E4%B8%AD-%E3%83%87%E3%83%BC%E3%82%BF%E9%80%9A%E4%BF%A1%E5%B0%82%E7%94%A8%EF%BC%88%E9%9B%BB%E8%A9%B1%E7%95%AA%E5%8F%B7%E3%81%AA%E3%81%97%EF%BC%89-sim%E3%83%95%E3%83%AA%E3%83%BC%E7%AB%AF%E6%9C%AB%E3%81%AE%E3%81%BF%E5%AF%BE%E5%BF%9C/dp/B0D5WB7B48,B0D5WB7B48,B0D5WB7B48,DeSiM,DeSiMのストアを表示,"{""price_jpy"": [""￥2,300""], ""usage_validity"": [""【中国・香港・マカオ eSIM】5日間 5GB（四泊五日 コスパ重視） DeSiM正規卸 |LINE相談受付中 |データ通信専用（電話番号なし） simフリー端末のみ対応 説明書付 イーシム""], ""activation_validity"": [""商品の説明 購入前の注意事項 【注意事項】 注意事項①：本商品はデータ通信専用です（通話はご利用いただけません）。ご注意ください。 注意事項②：SIMロックフリー端末、もしくはSIMフリー端末専用のサービスです。必ず、ご利用端末がeSIM対応かどうかご確認ください。 注意事項③：2021年10月1日以前にSIMロック解除をキャリア店頭またはインターネットでさ""], ""data_amount"": [""商品の説明 購入前の注意事項 【注意事項】 注意事項①：本商品はデータ通信専用です（通話はご利用いただけません）。ご注意ください。 注意事項②：SIMロックフリー端末、もしくはSIMフリー端末専用のサービスです。必ず、ご利用端末がeSIM対応かどうかご確認ください。 注意事項③：2021年10月1日以前にSIMロック解除をキャリア店頭またはインターネットでさ""], ""network_type"": [""商品の説明 購入前の注意事項 【注意事項】 注意事項①：本商品はデータ通信専用です（通話はご利用いただけません）。ご注意ください。 注意事項②：SIMロックフリー端末、もしくはSIMフリー端末専用のサービスです。必ず、ご利用端末がeSIM対応かどうかご確認ください。 注意事項③：2021年10月1日以前にSIMロック解除をキャリア店頭またはインターネットでさ"", ""【チョコSIM 定額（Sプラン）】【中国の電話番号付きでアプリや施設サービスのSMS認証が可能】【データ容量】合計500MB/月【音声】合計20分間/月 データ/音声/SMS付きSIMカード 中国SIM マカオSIM China unicom ※こちらのSIMカードは契約後、毎月の基本料が発生いたします。※2024年11月1日から台湾でのご利用はできなくなり"", ""score: local=9, roaming=1""], ""network_generation"": [""product_info_cellular_4g_lte: source:product_info_cellular: 携帯電話技術 LTE""], ""review_count"": [""detail_page: (10)""], ""bestseller_rank"": [""Amazon 売れ筋ランキング 家電＆カメラ - 142,566位 ( 家電＆カメラの売れ筋ランキングを見る ) プリペイドSIMカード - 1,256位""], ""title"": [""【中国・香港・マカオ eSIM】5日間 5GB（四泊五日 コスパ重視） DeSiM正規卸 |LINE相談受付中 |データ通信専用（電話番号なし） simフリー端末のみ対応 説明書付 イーシム""]}"
amazon_jp,hk,中国 eSIM 5日間 高速データ通信 完全無制限プラン 中国ネット規制対象外 VPN不要でGoogle・LINE・YouTube利用可 4G LTE対応 プリペイドSIM 香港 マカオもOK 当日発行可 24時間サポート (5日間),1980,102,,,,,1222,5일,5일,90일,roaming,lte_4g_only,,,"{""cmhk"": null, ""csl"": null, ""smartone"": null, ""three_hk"": null}","{""skt"": null, ""kt"": null, ""lgu"": null}",unlimited,https://www.amazon.co.jp/5%E6%97%A5%E9%96%93-%E5%AE%8C%E5%85%A8%E7%84%A1%E5%88%B6%E9%99%90%E3%83%97%E3%83%A9%E3%83%B3-%E4%B8%AD%E5%9B%BD%E3%83%8D%E3%83%83%E3%83%88%E8%A6%8F%E5%88%B6%E5%AF%BE%E8%B1%A1%E5%A4%96-VPN%E4%B8%8D%E8%A6%81%E3%81%A7Google%E3%83%BBLINE%E3%83%BBYouTube%E5%88%A9%E7%94%A8%E5%8F%AF-%E3%83%97%E3%83%AA%E3%83%9A%E3%82%A4%E3%83%89SIM/dp/B0G1R2CTD1,B0G1R2CTD1,B0G1R2CTD1,SYE店舗,ブランド: ノーブランド品,"{""price_jpy"": [""￥1,980""], ""usage_validity"": [""中国 eSIM 5日間 高速データ通信 完全無制限プラン 中国ネット規制対象外 VPN不要でGoogle・LINE・YouTube利用可 4G LTE対応 プリペイドSIM 香港 マカオもOK 当日発行可 24時間サポート (5日間)""], ""activation_validity"": [""【有効期限】eSIMの有効期限は、eSIMのQRコードを受け取った日から90日間です。""], ""data_amount"": [""【簡単設定】QRコードをスキャンするだけで、簡単に接続可能！中国eSIMは中国本土・香港・マカオで利用可能。無制限に使用可能です。旅行や出張先でも、高速インターネットでスムーズに使用！香港で5G通信可能。""], ""network_type"": [""【注意事項】 ①本製品は SIMロック解除済み かつ eSIM対応スマートフォン のみでご利用いただけます。 ②ご利用日当日にスマートフォンをネットワークへ接続し、送付された eSIMのQRコードをスキャン して追加してください。目的地到着後、そのeSIMを選択し「ローミングをオン」にすると通信が可能になります。 ③eSIMを一度削除すると 再インストールは"", ""【注意事項】 ①本製品は SIMロック解除済み かつ eSIM対応スマートフォン のみでご利用いただけます。 ②ご利用日当日にスマートフォンをネットワークへ接続し、送付された eSIMのQRコードをスキャン して追加してください。目的地到着後、そのeSIMを選択し「ローミングをオン」にすると通信が可能になります。 ③eSIMを一度削除すると 再インストールは"", ""score: local=0, roaming=3""], ""network_generation"": [""product_info_cellular_4g_lte: source:product_info_cellular: 携帯電話技術 LTE""], ""review_count"": [""detail_page: 102""], ""bestseller_rank"": [""Amazon 売れ筋ランキング 家電＆カメラ - 137,959位 ( 家電＆カメラの売れ筋ランキングを見る ) プリペイドSIMカード - 1,222位""], ""title"": [""中国 eSIM 5日間 高速データ通信 完全無制限プラン 中国ネット規制対象外 VPN不要でGoogle・LINE・YouTube利用可 4G LTE対応 プリペイドSIM 香港 マカオもOK 当日発行可 24時間サポート (5日間)""]}"
amazon_jp,hk,【中国本土・香港eSIM】2日間 3GB（コスパ重視） LINE相談受付中｜データ通信専用（電話番号なし） | simフリー端末のみ対応 説明書付 イーシム simless,1280,1,,,,,1207,2일,2일,7일,local,lte_4g_only,,,"{""cmhk"": null, ""csl"": null, ""smartone"": null, ""three_hk"": null}","{""skt"": null, ""kt"": null, ""lgu"": null}",unlimited,https://www.amazon.co.jp/%E3%80%90%E4%B8%AD%E5%9B%BD%E6%9C%AC%E5%9C%9F%E3%83%BB%E9%A6%99%E6%B8%AFeSIM%E3%80%912%E6%97%A5%E9%96%93-3GB%EF%BC%88%E3%82%B3%E3%82%B9%E3%83%91%E9%87%8D%E8%A6%96%EF%BC%89-LINE%E7%9B%B8%E8%AB%87%E5%8F%97%E4%BB%98%E4%B8%AD%EF%BD%9C%E3%83%87%E3%83%BC%E3%82%BF%E9%80%9A%E4%BF%A1%E5%B0%82%E7%94%A8%EF%BC%88%E9%9B%BB%E8%A9%B1%E7%95%AA%E5%8F%B7%E3%81%AA%E3%81%97%EF%BC%89-sim%E3%83%95%E3%83%AA%E3%83%BC%E7%AB%AF%E6%9C%AB%E3%81%AE%E3%81%BF%E5%AF%BE%E5%BF%9C-simless/dp/B0F11RLL9S,B0F11RLL9S,B0F11RLL9S,DeSiM,DeSiMのストアを表示,"{""price_jpy"": [""￥1,280""], ""usage_validity"": [""【中国本土・香港eSIM】2日間 3GB（コスパ重視） LINE相談受付中｜データ通信専用（電話番号なし） | simフリー端末のみ対応 説明書付 イーシム simless""], ""activation_validity"": [""商品の説明 購入前の注意事項 【注意事項】 注意事項①：本商品はデータ通信専用です（通話はご利用いただけません）。ご注意ください。 注意事項②：SIMロックフリー端末、もしくはSIMフリー端末専用のサービスです。必ず、ご利用端末がeSIM対応かどうかご確認ください。 注意事項③：2021年10月1日以前にSIMロック解除をキャリア店頭またはインターネットでさ""], ""data_amount"": [""商品の説明 購入前の注意事項 【注意事項】 注意事項①：本商品はデータ通信専用です（通話はご利用いただけません）。ご注意ください。 注意事項②：SIMロックフリー端末、もしくはSIMフリー端末専用のサービスです。必ず、ご利用端末がeSIM対応かどうかご確認ください。 注意事項③：2021年10月1日以前にSIMロック解除をキャリア店頭またはインターネットでさ""], ""network_type"": [""商品の説明 購入前の注意事項 【注意事項】 注意事項①：本商品はデータ通信専用です（通話はご利用いただけません）。ご注意ください。 注意事項②：SIMロックフリー端末、もしくはSIMフリー端末専用のサービスです。必ず、ご利用端末がeSIM対応かどうかご確認ください。 注意事項③：2021年10月1日以前にSIMロック解除をキャリア店頭またはインターネットでさ"", ""【チョコSIM 定額（Sプラン）】【中国の電話番号付きでアプリや施設サービスのSMS認証が可能】【データ容量】合計500MB/月【音声】合計20分間/月 データ/音声/SMS付きSIMカード 中国SIM マカオSIM China unicom ※こちらのSIMカードは契約後、毎月の基本料が発生いたします。※2024年11月1日から台湾でのご利用はできなくなり"", ""score: local=9, roaming=1""], ""network_generation"": [""product_info_cellular_4g_lte: source:product_info_cellular: 携帯電話技術 LTE""], ""review_count"": [""detail_page: (1)""], ""bestseller_rank"": [""Amazon 売れ筋ランキング 家電＆カメラ - 136,368位 ( 家電＆カメラの売れ筋ランキングを見る ) プリペイドSIMカード - 1,207位""], ""title"": [""【中国本土・香港eSIM】2日間 3GB（コスパ重視） LINE相談受付中｜データ通信専用（電話番号なし） | simフリー端末のみ対応 説明書付 イーシム simless""]}"
amazon_jp,hk,【中国 マカオ 香港 eSIM】8日間無制限 実名登録不要 QRコード設定 メール登録で納品 即日発行対応 急ぎの方LINEサポート 高速データ通信 低速なし 中国ネット規制対象外 Line、Youtube、GoogleなどVPNなしで利用可能 中国sim 香港sim マカオsim (8日間),2550,16,,,,,1973,8일,8일,90일,local,lte_4g_only,,,"{""cmhk"": null, ""csl"": null, ""smartone"": null, ""three_hk"": true}","{""skt"": null, ""kt"": null, ""lgu"": null}",unlimited,https://www.amazon.co.jp/eSIM%E3%80%918%E6%97%A5%E9%96%93%E7%84%A1%E5%88%B6%E9%99%90-%E6%80%A5%E3%81%8E%E3%81%AE%E6%96%B9LINE%E3%82%B5%E3%83%9D%E3%83%BC%E3%83%88-%E4%B8%AD%E5%9B%BD%E3%83%8D%E3%83%83%E3%83%88%E8%A6%8F%E5%88%B6%E5%AF%BE%E8%B1%A1%E5%A4%96-Line%E3%80%81Youtube%E3%80%81Google%E3%81%AA%E3%81%A9VPN%E3%81%AA%E3%81%97%E3%81%A7%E5%88%A9%E7%94%A8%E5%8F%AF%E8%83%BD-8%E6%97%A5%E9%96%93/dp/B0FQNH95JK,B0FQNH95JK,B0FQNH95JK,SYE店舗,ブランド: ノーブランド品,"{""price_jpy"": [""￥2,550""], ""usage_validity"": [""【中国 マカオ 香港 eSIM】8日間無制限 実名登録不要 QRコード設定 メール登録で納品 即日発行対応 急ぎの方LINEサポート 高速データ通信 低速なし 中国ネット規制対象外 Line、Youtube、GoogleなどVPNなしで利用可能 中国sim 香港sim マカオsim (8日間)""], ""activation_validity"": [""【有効期限】eSIM QRコードを受け取ってから90日間です""], ""data_amount"": [""✈️【高速データ通信】中国本土・香港・マカオで利用可能。無制限に使用可能です。旅行や出張先でも、高速インターネットでスムーズに使用！香港で5G通信可能。 ✈️【当日 納品可能】eSIMをご購入後、商品画像に記載された方法に従ってeSIM情報を取得して下さい。最短当日にご利用可能です。""], ""network_type"": [""【SKTelecom公式認証】韓国eSIM 電話番号付き 4日間(96時間) データ完全無制限 5G/4G高速通信 無料通話5分＋SMS30通 即日メール配送 TikTok・ChatGPT・Google Maps対応 韓国旅行・出張・留学向け 180日以内利用可能 韓国 sim SIMカード (韓国esim4日無制限＋通話SMS)"", ""score: local=3, roaming=1""], ""network_generation"": [""product_info_cellular_4g_lte: source:product_info_cellular: 携帯電話技術 LTE""], ""carrier_support_local"": [""3HK: 【中国 香港 eSIM】大容量 2GB/日・高速データ 低速無制限 即日発行可能 China Unicom/3HK キャリア 4G-LTE対応 データ通信専用 中国・ 香港 プリペイド simカード (1日間)""], ""review_count"": [""detail_page: 16""], ""bestseller_rank"": [""Amazon 売れ筋ランキング 家電＆カメラ - 249,001位 ( 家電＆カメラの売れ筋ランキングを見る ) プリペイドSIMカード - 1,973位""], ""title"": [""【中国 マカオ 香港 eSIM】8日間無制限 実名登録不要 QRコード設定 メール登録で納品 即日発行対応 急ぎの方LINEサポート 高速データ通信 低速なし 中国ネット規制対象外 Line、Youtube、GoogleなどVPNなしで利用可能 中国sim 香港sim マカオsim (8日間)""]}"
amazon_jp,hk,アジア eSIM アジア周遊 28カ国 10日間6GB Truemoveキャリア 高速データ通信 低速データ通信 無制限 日本 韓国 中国 台湾 香港 マカオ シンガポール マレーシア など28カ国 Asia esim Travel esim (eSIM 10日間),2680,5,,,,,524,3일,3일,10일,unknown,lte_4g_only,,,"{""cmhk"": null, ""csl"": null, ""smartone"": null, ""three_hk"": null}","{""skt"": null, ""kt"": null, ""lgu"": null}",unlimited,https://www.amazon.co.jp/eSIM-10%E6%97%A5%E9%96%936GB-Truemove%E3%82%AD%E3%83%A3%E3%83%AA%E3%82%A2-%E9%AB%98%E9%80%9F%E3%83%87%E3%83%BC%E3%82%BF%E9%80%9A%E4%BF%A1-10%E6%97%A5%E9%96%93/dp/B0DRHMH7T5,B0DRHMH7T5,B0DRHMH7T5,株式会社ビッグコネクト,bigconnectのストアを表示,"{""price_jpy"": [""￥2,680""], ""usage_validity"": [""【SKTelecoｍ公式認証】 韓国eSIM 3日間 (72時間) 電話番号付き 超高速データ無制限 最初の5分発信無料(韓国国内) お急ぎの方即時発行可(LINE相談受付中) 有効期限／ご購入日より120日以内 現地空港サポート(SKTelecomローミングセンター) SKテレコム正規品 韓国SIMカードタイプではありません""], ""activation_validity"": [""アジア eSIM アジア周遊 28カ国 10日間6GB Truemoveキャリア 高速データ通信 低速データ通信 無制限 日本 韓国 中国 台湾 香港 マカオ シンガポール マレーシア など28カ国 Asia esim Travel esim (eSIM 10日間)""], ""data_amount"": [""【データプラン】データ通信専用SIMになります。※データ容量無制限。ただしデータ使用量が6GBに達すると最大通信速度が128kbpsに低下します。※現地時間の00:00-23：59区切りで、カウントされます。128kbpsはビデオ通話、Youtubeなどの動画閲覧がほぼできないですが、Google Map、メールやトークアプリのメッセージ機能など問題なぐご利""], ""network_type"": [""local_signal: 【チョコSIM 定額（Sプラン）】【中国の電話番号付きでアプリや施設サービスのSMS認証が可能】【データ容量】合計500MB/月【音声】合計20分間/月 データ/音声/SMS付きSIMカード 中国SIM マカオSIM China unicom ※こちらのSIMカードは契約後、毎月の基本料が発生いたします。※2024年11月1日から台湾でのご利用はできなくなり"", ""roaming_signal: アジア旅行SIMカード、15日間-2GB毎日の高速データ、20分の通話＆10のテキスト、シンガポール、マレーシア、タイ＆インドをカバー、プリペイド - ローミングなし - 簡単なセットアップ"", ""insufficient_or_conflicting_signals(local=6, roaming=2)""], ""network_generation"": [""product_info_cellular_4g_lte: source:product_info_cellular: 携帯電話技術 LTE""], ""review_count"": [""detail_page: (5)""], ""bestseller_rank"": [""Amazon 売れ筋ランキング 家電＆カメラ - 45,531位 ( 家電＆カメラの売れ筋ランキングを見る ) プリペイドSIMカード - 524位""], ""title"": [""アジア eSIM アジア周遊 28カ国 10日間6GB Truemoveキャリア 高速データ通信 低速データ通信 無制限 日本 韓国 中国 台湾 香港 マカオ シンガポール マレーシア など28カ国 Asia esim Travel esim (eSIM 10日間)""]}"
amazon_jp,hk,【香港/マカオSIM】7日間 7GB 高速データ データSIM プリペイドSIM ジェットモバイル テザリング可 5G/4G-LTE,1501,16,,,,,2806,3일,3일,7일,local,5g_capable,,,"{""cmhk"": null, ""csl"": null, ""smartone"": null, ""three_hk"": true}","{""skt"": null, ""kt"": null, ""lgu"": null}",1GB/day,https://www.amazon.co.jp/%E3%83%9E%E3%82%AB%E3%82%AASIM%E3%80%917%E6%97%A5%E9%96%93-%E3%83%87%E3%83%BC%E3%82%BFSIM-%E3%83%97%E3%83%AA%E3%83%9A%E3%82%A4%E3%83%89SIM-%E3%82%B8%E3%82%A7%E3%83%83%E3%83%88%E3%83%A2%E3%83%90%E3%82%A4%E3%83%AB-%E3%83%86%E3%82%B6%E3%83%AA%E3%83%B3%E3%82%B0%E5%8F%AF/dp/B0F1XYS8NH,B0F1XYS8NH,B0F1XYS8NH,ジェスロモバイル,JETSIMのストアを表示,"{""price_jpy"": [""￥1,501""], ""usage_validity"": [""【SKTelecoｍ公式認証】 韓国eSIM 3日間 (72時間) 電話番号付き 超高速データ無制限 最初の5分発信無料(韓国国内) お急ぎの方即時発行可(LINE相談受付中) 有効期限／ご購入日より120日以内 現地空港サポート(SKTelecomローミングセンター) SKテレコム正規品 韓国SIMカードタイプではありません""], ""activation_validity"": [""【香港/マカオSIM】7日間 7GB 高速データ データSIM プリペイドSIM ジェットモバイル テザリング可 5G/4G-LTE""], ""data_amount"": [""【データ無制限】香港・マカオで7日間 5G/4G-LTE 高速データ7GB、その後2G速度で使い放題。テザリング対応。高速データ1日1GBまで。""], ""network_type"": [""【チョコSIM 定額（Sプラン）】【中国の電話番号付きでアプリや施設サービスのSMS認証が可能】【データ容量】合計500MB/月【音声】合計20分間/月 データ/音声/SMS付きSIMカード 中国SIM マカオSIM China unicom ※こちらのSIMカードは契約後、毎月の基本料が発生いたします。※2024年11月1日から台湾でのご利用はできなくなり"", ""【SKTelecoｍ公式認証】 韓国eSIM 3日間 (72時間) 電話番号付き 超高速データ無制限 最初の5分発信無料(韓国国内) お急ぎの方即時発行可(LINE相談受付中) 有効期限／ご購入日より120日以内 現地空港サポート(SKTelecomローミングセンター) SKテレコム正規品 韓国SIMカードタイプではありません"", ""score: local=6, roaming=0""], ""network_generation"": [""product_detail_5g: source:feature_bullets: 【データ無制限】香港・マカオで7日間 5G/4G-LTE 高速データ7GB、その後2G速度で使い放題。テザリング対応。高速データ1日1GBまで。""], ""carrier_support_local"": [""3HK: 【高品質回線】 大手通信キャリア回線を使用。広範囲で安定した快適な通信を提供。香港：3HK回線。マカオ：CTM回線。""], ""review_count"": [""detail_page: 16""], ""bestseller_rank"": [""Amazon 売れ筋ランキング 家電＆カメラ - 415,106位 ( 家電＆カメラの売れ筋ランキングを見る ) プリペイドSIMカード - 2,806位""], ""title"": [""【香港/マカオSIM】7日間 7GB 高速データ データSIM プリペイドSIM ジェットモバイル テザリング可 5G/4G-LTE""]}"
amazon_jp,hk,【中国・香港・マカオeSIM】1日間完全無制限（使い放題） DeSiM正規卸 | LINE相談受付中｜データ通信専用（電話番号なし） | simフリー端末のみ対応 説明書付 イーシム DeSiM,1730,1,,,,,1615,1일,1일,7일,local,lte_4g_only,,,"{""cmhk"": null, ""csl"": null, ""smartone"": null, ""three_hk"": null}","{""skt"": null, ""kt"": null, ""lgu"": null}",unlimited,https://www.amazon.co.jp/%E3%80%90%E4%B8%AD%E5%9B%BD%E3%83%BB%E9%A6%99%E6%B8%AF%E3%83%BB%E3%83%9E%E3%82%AB%E3%82%AAeSIM%E3%80%911%E6%97%A5%E9%96%93%E5%AE%8C%E5%85%A8%E7%84%A1%E5%88%B6%E9%99%90%EF%BC%88%E4%BD%BF%E3%81%84%E6%94%BE%E9%A1%8C%EF%BC%89-DeSiM%E6%AD%A3%E8%A6%8F%E5%8D%B8-LINE%E7%9B%B8%E8%AB%87%E5%8F%97%E4%BB%98%E4%B8%AD%EF%BD%9C%E3%83%87%E3%83%BC%E3%82%BF%E9%80%9A%E4%BF%A1%E5%B0%82%E7%94%A8%EF%BC%88%E9%9B%BB%E8%A9%B1%E7%95%AA%E5%8F%B7%E3%81%AA%E3%81%97%EF%BC%89-sim%E3%83%95%E3%83%AA%E3%83%BC%E7%AB%AF%E6%9C%AB%E3%81%AE%E3%81%BF%E5%AF%BE%E5%BF%9C-DeSiM/dp/B0DL4VFSNS,B0DL4VFSNS,B0DL4VFSNS,DeSiM,DeSiMのストアを表示,"{""price_jpy"": [""￥1,730""], ""usage_validity"": [""【中国・香港・マカオeSIM】1日間完全無制限（使い放題） DeSiM正規卸 | LINE相談受付中｜データ通信専用（電話番号なし） | simフリー端末のみ対応 説明書付 イーシム DeSiM""], ""activation_validity"": [""商品の説明 購入前の注意事項 【注意事項】 注意事項①：本商品はデータ通信専用です（通話はご利用いただけません）。ご注意ください。 注意事項②：SIMロックフリー端末、もしくはSIMフリー端末専用のサービスです。必ず、ご利用端末がeSIM対応かどうかご確認ください。 注意事項③：2021年10月1日以前にSIMロック解除をキャリア店頭またはインターネットでさ""], ""data_amount"": [""商品の説明 購入前の注意事項 【注意事項】 注意事項①：本商品はデータ通信専用です（通話はご利用いただけません）。ご注意ください。 注意事項②：SIMロックフリー端末、もしくはSIMフリー端末専用のサービスです。必ず、ご利用端末がeSIM対応かどうかご確認ください。 注意事項③：2021年10月1日以前にSIMロック解除をキャリア店頭またはインターネットでさ""], ""network_type"": [""商品の説明 購入前の注意事項 【注意事項】 注意事項①：本商品はデータ通信専用です（通話はご利用いただけません）。ご注意ください。 注意事項②：SIMロックフリー端末、もしくはSIMフリー端末専用のサービスです。必ず、ご利用端末がeSIM対応かどうかご確認ください。 注意事項③：2021年10月1日以前にSIMロック解除をキャリア店頭またはインターネットでさ"", ""【チョコSIM 定額（Sプラン）】【中国の電話番号付きでアプリや施設サービスのSMS認証が可能】【データ容量】合計500MB/月【音声】合計20分間/月 データ/音声/SMS付きSIMカード 中国SIM マカオSIM China unicom ※こちらのSIMカードは契約後、毎月の基本料が発生いたします。※2024年11月1日から台湾でのご利用はできなくなり"", ""score: local=9, roaming=1""], ""network_generation"": [""product_info_cellular_4g_lte: source:product_info_cellular: 携帯電話技術 LTE""], ""review_count"": [""detail_page: 1""], ""bestseller_rank"": [""Amazon 売れ筋ランキング 家電＆カメラ - 194,232位 ( 家電＆カメラの売れ筋ランキングを見る ) プリペイドSIMカード - 1,615位""], ""title"": [""【中国・香港・マカオeSIM】1日間完全無制限（使い放題） DeSiM正規卸 | LINE相談受付中｜データ通信専用（電話番号なし） | simフリー端末のみ対応 説明書付 イーシム DeSiM""]}"
amazon_jp,hk,香港･マカオeSIMeSIM|テザリング 旅行 出張 留学|香港･マカオSIMカード いーしむ(5日高速無制限 10Mbps),1839,16,,,,,174,5일,5일,90일,unknown,lte_4g_only,,,"{""cmhk"": null, ""csl"": null, ""smartone"": null, ""three_hk"": null}","{""skt"": null, ""kt"": null, ""lgu"": null}",unlimited,https://www.amazon.co.jp/%E9%A6%99%E6%B8%AF%EF%BD%A5%E3%83%9E%E3%82%AB%E3%82%AAeSIM-%E4%B8%AD%E5%9B%BDSIM%E3%82%AB%E3%83%BC%E3%83%89-%E3%81%84%E3%83%BC%E3%81%97%E3%82%80%E9%A6%99%E6%B8%AF%EF%BD%A5%E3%83%9E%E3%82%AB%E3%82%AA-5%E6%97%A5%E9%AB%98%E9%80%9F%E7%84%A1%E5%88%B6%E9%99%90-10Mbps/dp/B0FZSVYN23,B0FZSVYN23,B0FZSVYN23,SIM’s shop,ノーブランド品のストアを表示,"{""price_jpy"": [""￥1,839""], ""usage_validity"": [""香港･マカオeSIMeSIM|テザリング 旅行 出張 留学|香港･マカオSIMカード いーしむ(5日高速無制限 10Mbps)""], ""activation_validity"": [""保証内容 購入日から90日""], ""data_amount"": [""型番 5日高速無制限 10Mbps""], ""network_type"": [""no_local_or_roaming_keyword_matched""], ""network_generation"": [""product_info_cellular_4g_lte: source:product_info_cellular: 携帯電話技術 4G""], ""review_count"": [""detail_page: 16""], ""bestseller_rank"": [""Amazon 売れ筋ランキング 家電＆カメラ - 458,786位 ( 家電＆カメラの売れ筋ランキングを見る ) 定期契約SIMカード - 174位""], ""title"": [""香港･マカオeSIMeSIM|テザリング 旅行 出張 留学|香港･マカオSIMカード いーしむ(5日高速無制限 10Mbps)""]}"
amazon_jp,hk,【香港 eSIM】3日間 高速データ通信無制限｜3 Hong Kong｜LINEで即日発行｜データ通信専用 (LINE相談受付中)｜有効期限90日 香港旅行・出張向け (香港eSIM)｜eSIM-san(いーしむさん),1270,3,,,,,1795,3일,3일,90일,unknown,5g_capable,,,"{""cmhk"": null, ""csl"": null, ""smartone"": null, ""three_hk"": true}","{""skt"": null, ""kt"": null, ""lgu"": null}",unlimited,https://www.amazon.co.jp/%E9%AB%98%E9%80%9F%E3%83%87%E3%83%BC%E3%82%BF%E9%80%9A%E4%BF%A1%E7%84%A1%E5%88%B6%E9%99%90%EF%BD%9C3-Kong%EF%BD%9CLINE%E3%81%A7%E5%8D%B3%E6%97%A5%E7%99%BA%E8%A1%8C%EF%BD%9C%E3%83%87%E3%83%BC%E3%82%BF%E9%80%9A%E4%BF%A1%E5%B0%82%E7%94%A8-LINE%E7%9B%B8%E8%AB%87%E5%8F%97%E4%BB%98%E4%B8%AD-%E9%A6%99%E6%B8%AF%E6%97%85%E8%A1%8C%E3%83%BB%E5%87%BA%E5%BC%B5%E5%90%91%E3%81%91-%EF%BD%9CeSIM-san/dp/B0DZ6P3B51,B0DZ6P3B51,B0DZ6P3B51,いーしむさん,eSIM-sanのストアを表示,"{""price_jpy"": [""￥1,270""], ""usage_validity"": [""【香港 eSIM】3日間 高速データ通信無制限｜3 Hong Kong｜LINEで即日発行｜データ通信専用 (LINE相談受付中)｜有効期限90日 香港旅行・出張向け (香港eSIM)｜eSIM-san(いーしむさん)""], ""activation_validity"": [""【香港 eSIM】3日間 高速データ通信無制限｜3 Hong Kong｜LINEで即日発行｜データ通信専用 (LINE相談受付中)｜有効期限90日 香港旅行・出張向け (香港eSIM)｜eSIM-san(いーしむさん)""], ""data_amount"": [""【データ容量】無制限""], ""network_type"": [""local_signal: 【チョコSIM 定額（Sプラン）】【中国の電話番号付きでアプリや施設サービスのSMS認証が可能】【データ容量】合計500MB/月【音声】合計20分間/月 データ/音声/SMS付きSIMカード 中国SIM マカオSIM China unicom ※こちらのSIMカードは契約後、毎月の基本料が発生いたします。※2024年11月1日から台湾でのご利用はできなくなり"", ""roaming_signal: アジア旅行SIMカード、15日間-2GB毎日の高速データ、20分の通話＆10のテキスト、シンガポール、マレーシア、タイ＆インドをカバー、プリペイド - ローミングなし - 簡単なセットアップ"", ""insufficient_or_conflicting_signals(local=6, roaming=2)""], ""network_generation"": [""product_info_cellular_5g: source:product_info_cellular: 携帯電話技術 4G、5G"", ""product_info_cellular_4g_lte_signal_present_but_5g_capable_takes_precedence""], ""carrier_support_local"": [""3HK: 商品の説明 「いーしむさんの“香港 eSIM”があれば、ネット通信の不安とはおさらばです。」 旅をもっと自由に。香港旅行・出張なら、いーしむさん 高速データ通信が無制限 ビクトリアピーク、香港ディズニーランド、九龍など、主要エリアはもちろん郊外も広くカバー。 3 Hong Kong回線を使うから、安"", ""3HK: サービスプロバイダ 3 Hong Kong"", ""3HK: Amazon.co.jp: 【香港 eSIM】3日間 高速データ通信無制限｜3 Hong Kong｜LINEで即日発行｜データ通信専用 (LINE相談受付中)｜有効期限90日 香港旅行・出張向け (香港eSIM)｜eSIM-san(いーしむさん) : 家電＆カメラ"", ""3HK: 【香港 eSIM】3日間 高速データ通信無制限｜3 Hong Kong｜LINEで即日発行｜データ通信専用 (LINE相談受付中)｜有効期限90日 香港旅行・出張向け (香港eSIM)｜eSIM-san(いーしむさん)"", ""3HK: 【香港 eSIM】3日間 高速データ通信無制限｜3 Hong Kong｜LINEで即日発行｜データ通信専用 (LINE相談受付中)｜有効期限90日 香港旅行・出張向け (香港eSIM)｜eSIM-san(いーしむさん)"", ""3HK: 【香港 eSIM】3日間 高速データ通信無制限｜3 Hong Kong｜LINEで即日発行｜データ通信専用 (LINE相談受付中)｜有効期限90日 香港旅行・出張向け (香港eSIM)｜eSIM-san(いーしむさん)"", ""3HK: Amazon.co.jp: 【香港 eSIM】3日間 高速データ通信無制限｜3 Hong Kong｜LINEで即日発行｜データ通信専用 (LINE相談受付中)｜有効期限90日 香港旅行・出張向け (香港eSIM)｜eSIM-san(いーしむさん) : 家電＆カメラ 次に移動 メインコンテンツ この商""], ""review_count"": [""detail_page: (3)""], ""bestseller_rank"": [""Amazon 売れ筋ランキング 家電＆カメラ - 220,310位 ( 家電＆カメラの売れ筋ランキングを見る ) プリペイドSIMカード - 1,795位""], ""title"": [""【香港 eSIM】3日間 高速データ通信無制限｜3 Hong Kong｜LINEで即日発行｜データ通信専用 (LINE相談受付中)｜有効期限90日 香港旅行・出張向け (香港eSIM)｜eSIM-san(いーしむさん)""]}"
amazon_jp,hk,インドネシア・シンガポール・タイ・マレーシア4ヵ国利用 プリペイドSIM データ容量 15GB 利用期間 30日 ローミングSIM prepaidSIM SIMピン付き SIMカード シムカード,1680,110,,,,,431,1일,1일,30일,unknown,lte_4g_only,,,"{""cmhk"": null, ""csl"": null, ""smartone"": null, ""three_hk"": null}","{""skt"": null, ""kt"": null, ""lgu"": null}",15GB,https://www.amazon.co.jp/%E3%82%A4%E3%83%B3%E3%83%89%E3%83%8D%E3%82%B7%E3%82%A2-%E3%83%97%E3%83%AA%E3%83%9A%E3%82%A4%E3%83%89SIM-%E3%83%AD%E3%83%BC%E3%83%9F%E3%83%B3%E3%82%B0SIM-prepaidSIM-SIM%E3%83%94%E3%83%B3%E4%BB%98%E3%81%8D/dp/B0CK16JH2F,B0CK16JH2F,B0CK16JH2F,ブランド: Wise SIM,ブランド: Wise SIM,"{""price_jpy"": [""価格 ￥1,680 ￥1,180 ￥1,680 ￥1,480 ￥1,643""], ""usage_validity"": [""■SIMカード有効期限：2027年4月末まで －－－－－－－－－－－－－－－－－－－－－－－－ 【利用期間】 インドネシア、シンガポール、タイ、マレーシアにて30日間データ通信が可能。 －－－－－－－－－－－－－－－－－－－－－－－－ 【通信速度】 15GBまで高速通信可能。 ※15GB超過後は128kbpsへ速度低下となりますが通信は止まる事無くご利用可能""], ""activation_validity"": [""インドネシア・シンガポール・タイ・マレーシア4ヵ国利用 プリペイドSIM データ容量 15GB 利用期間 30日 ローミングSIM prepaidSIM SIMピン付き SIMカード シムカード""], ""data_amount"": [""【通信速度】 15GBまで高速通信可能。 15GB超過後は128kbpsへ速度低下となりますが通信は止まる事無くご利用可能です。""], ""network_type"": [""local_signal: 【チョコSIM 定額（Sプラン）】【中国の電話番号付きでアプリや施設サービスのSMS認証が可能】【データ容量】合計500MB/月【音声】合計20分間/月 データ/音声/SMS付きSIMカード 中国SIM マカオSIM China unicom ※こちらのSIMカードは契約後、毎月の基本料が発生いたします。※2024年11月1日から台湾でのご利用はできなくなり"", ""roaming_signal: インドネシア・シンガポール・タイ・マレーシア4ヵ国利用 プリペイドSIM データ容量 15GB 利用期間 30日 ローミングSIM prepaidSIM SIMピン付き SIMカード シムカード"", ""insufficient_or_conflicting_signals(local=6, roaming=13)""], ""network_generation"": [""product_info_cellular_4g_lte: source:product_info_cellular: 携帯電話技術 4G/LTE""], ""review_count"": [""detail_page: (110)""], ""bestseller_rank"": [""Amazon 売れ筋ランキング 家電＆カメラ - 36,249位 ( 家電＆カメラの売れ筋ランキングを見る ) プリペイドSIMカード - 431位""], ""title"": [""インドネシア・シンガポール・タイ・マレーシア4ヵ国利用 プリペイドSIM データ容量 15GB 利用期間 30日 ローミングSIM prepaidSIM SIMピン付き SIMカード シムカード""]}"
amazon_jp,hk,中国・香港・マカオ・台湾対応 eSIM 7日間無制限【当日発行・メール送信】高速5G/4G LTE・テザリング可能 簡単QRコード設定 LINE相談受付中 データ通信専用（音声通話なし）SIMカード不要・契約不要,2699,10,,,,,142,7일,7일,,unknown,5g_capable,,,"{""cmhk"": null, ""csl"": null, ""smartone"": null, ""three_hk"": null}","{""skt"": null, ""kt"": null, ""lgu"": null}",unlimited,https://www.amazon.co.jp/%E4%B8%AD%E5%9B%BD%E3%83%BB%E9%A6%99%E6%B8%AF%E3%83%BB%E3%83%9E%E3%82%AB%E3%82%AA%E3%83%BB%E5%8F%B0%E6%B9%BE%E5%AF%BE%E5%BF%9C-7%E6%97%A5%E9%96%93%E7%84%A1%E5%88%B6%E9%99%90%E3%80%90%E5%BD%93%E6%97%A5%E7%99%BA%E8%A1%8C%E3%83%BB%E3%83%A1%E3%83%BC%E3%83%AB%E9%80%81%E4%BF%A1%E3%80%91%E9%AB%98%E9%80%9F5G-LTE%E3%83%BB%E3%83%86%E3%82%B6%E3%83%AA%E3%83%B3%E3%82%B0%E5%8F%AF%E8%83%BD-%E7%B0%A1%E5%8D%98QR%E3%82%B3%E3%83%BC%E3%83%89%E8%A8%AD%E5%AE%9A-%E3%83%87%E3%83%BC%E3%82%BF%E9%80%9A%E4%BF%A1%E5%B0%82%E7%94%A8%EF%BC%88%E9%9F%B3%E5%A3%B0%E9%80%9A%E8%A9%B1%E3%81%AA%E3%81%97%EF%BC%89SIM%E3%82%AB%E3%83%BC%E3%83%89%E4%B8%8D%E8%A6%81%E3%83%BB%E5%A5%91%E7%B4%84%E4%B8%8D%E8%A6%81/dp/B0GT92LGD2,B0GT92LGD2,B0GT92LGD2,umacaroon,ブランド: ＵＲＯＺＥＴＴＡ,"{""price_jpy"": [""￥2,699""], ""usage_validity"": [""中国・香港・マカオ・台湾対応 eSIM 7日間無制限【当日発行・メール送信】高速5G/4G LTE・テザリング可能 簡単QRコード設定 LINE相談受付中 データ通信専用（音声通話なし）SIMカード不要・契約不要""], ""data_amount"": [""【中国本土・香港・マカオ・台湾eSIMカード】アクティベート後、7日間、高速4G LTE通信が無制限でご利用いただけます。ホットスポット機能により複数端末の接続も可能です。QRコードから事前インストールが行えます。現地到着後、データローミングをオンにするだけで、すぐにインターネットをご利用いただけます。 *ご注意：有効期間は現地ネットワークに初回接続した時点""], ""network_type"": [""local_signal: 【VPN不要で、安定・高速な4G通信環境】中国本土・香港・マカオで、台湾高速かつ安定した5G/4Gネットワークをご利用いただけます。Google Maps、LINE、Instagram、YouTube、ChatGPT（※TikTokは非対応）などの主要アプリやウェブサイトに、現地回線の制限を受けることなく簡単にアクセス可能。ビジネス出張でも観光でも、途切れな"", ""roaming_signal: 【中国本土・香港・マカオ・台湾eSIMカード】アクティベート後、7日間、高速4G LTE通信が無制限でご利用いただけます。ホットスポット機能により複数端末の接続も可能です。QRコードから事前インストールが行えます。現地到着後、データローミングをオンにするだけで、すぐにインターネットをご利用いただけます。 *ご注意：有効期間は現地ネットワークに初回接続した時点"", ""insufficient_or_conflicting_signals(local=3, roaming=6)""], ""network_generation"": [""product_detail_5g: source:feature_bullets: 【VPN不要で、安定・高速な4G通信環境】中国本土・香港・マカオで、台湾高速かつ安定した5G/4Gネットワークをご利用いただけます。Google Maps、LINE、Instagram、YouTube、ChatGPT（※TikTokは非対応）などの主要アプリやウェブサイトに、現地回線の制限を受けることなく簡単に"", ""product_detail_4g_lte_signal_present_but_5g_capable_takes_precedence""], ""review_count"": [""detail_page: (10)""], ""bestseller_rank"": [""Amazon 売れ筋ランキング 家電＆カメラ - 190,504位 ( 家電＆カメラの売れ筋ランキングを見る ) プリペイド電話カード - 142位""], ""title"": [""中国・香港・マカオ・台湾対応 eSIM 7日間無制限【当日発行・メール送信】高速5G/4G LTE・テザリング可能 簡単QRコード設定 LINE相談受付中 データ通信専用（音声通話なし）SIMカード不要・契約不要""]}"
amazon_jp,hk,"【東南アジアeSIM】7日間10GB｜11地域対応（シンガポール,タイ,マレーシア,インドネシア,ベトナム,台湾・香港・マカオ,韓国,オーストラリア,ニュージーランド）｜5G/4G対応 高速データ通信｜即日メール配信 ｜使用ガイド付き｜テザリング対応｜365日LINEサポート｜QRコードで簡単設定 SIMカード不要 (7日間10GB)",1899,5,,,,,1413,7일,7일,90일,roaming,5g_capable,,,"{""cmhk"": null, ""csl"": null, ""smartone"": null, ""three_hk"": null}","{""skt"": null, ""kt"": null, ""lgu"": null}",10GB,https://www.amazon.co.jp/4G%E5%AF%BE%E5%BF%9C-%E9%AB%98%E9%80%9F%E3%83%87%E3%83%BC%E3%82%BF%E9%80%9A%E4%BF%A1%EF%BD%9C%E5%8D%B3%E6%97%A5%E7%99%BA%E8%A1%8C-SIM%E3%82%AB%E3%83%BC%E3%83%89%E4%B8%8D%E8%A6%81-7%E6%97%A5%E9%96%9310GB/dp/B0FHBDXLDC,B0FHBDXLDC,B0FHBDXLDC,トリリオン・コネクト,Billion Connectのストアを表示,"{""price_jpy"": [""￥1,899""], ""usage_validity"": [""【東南アジアeSIM】7日間10GB｜11地域対応（シンガポール,タイ,マレーシア,インドネシア,ベトナム,台湾・香港・マカオ,韓国,オーストラリア,ニュージーランド）｜5G/4G対応 高速データ通信｜即日メール配信 ｜使用ガイド付き｜テザリング対応｜365日LINEサポート｜QRコードで簡単設定 SIMカード不要 (7日間10GB)""], ""activation_validity"": [""【eSIMの有効期限】 受け取り後90日以内にアクティベートしてください。有効期限の前日までにアクティベートされていない場合、eSIMは無効となりご利用いただけません。""], ""data_amount"": [""【7日間10GB｜5G/4G対応】 東南アジアeSIMで、7日間10GBの高速データ通信がご利用いただけます！10GBを使い切った後も、通信速度は384kbpsに制限されますが、 LINE・WhatsApp・Messengerなどの文字チャット、メール送受信、地図の閲覧・ナビゲーションは引き続きご利用いただけます。""], ""network_type"": [""マレーシア旅行用SIMカード - 5G/4G LTE高速データ - プリペイド＆ローミングなし、7日間合計3GB - 観光客やビジネス旅行者向けの簡単アクティベーション"", ""アジア旅行SIMカード、15日間-2GB毎日の高速データ、20分の通話＆10のテキスト、シンガポール、マレーシア、タイ＆インドをカバー、プリペイド - ローミングなし - 簡単なセットアップ"", ""score: local=0, roaming=4""], ""network_generation"": [""product_info_cellular_5g: source:product_info_cellular: 携帯電話技術 5G""], ""review_count"": [""detail_page: (5)""], ""bestseller_rank"": [""Amazon 売れ筋ランキング 家電＆カメラ - 161,150位 ( 家電＆カメラの売れ筋ランキングを見る ) プリペイドSIMカード - 1,413位""], ""title"": [""【東南アジアeSIM】7日間10GB｜11地域対応（シンガポール,タイ,マレーシア,インドネシア,ベトナム,台湾・香港・マカオ,韓国,オーストラリア,ニュージーランド）｜5G/4G対応 高速データ通信｜即日メール配信 ｜使用ガイド付き｜テザリング対応｜365日LINEサポート｜QRコードで簡単設定 SIMカード不要 (7日間10GB)""]}"
amazon_jp,hk,【中国eSIM】中国本土 香港 マカオ対応 4日間 無制限高速データ（低速なし）｜ 即日発行・すぐ使える｜Google、LINE、YouTubeなどVPNなしで利用可能・実名登録不要｜24時間LINEサポート 香港 sim 中国 sim,1680,4,,,,,2421,4일,4일,90일,roaming,5g_capable,,,"{""cmhk"": null, ""csl"": null, ""smartone"": null, ""three_hk"": true}","{""skt"": null, ""kt"": null, ""lgu"": null}",unlimited,https://www.amazon.co.jp/%E3%80%90%E4%B8%AD%E5%9B%BDeSIM%E3%80%91%E4%B8%AD%E5%9B%BD%E6%9C%AC%E5%9C%9F-%E3%83%9E%E3%82%AB%E3%82%AA%E5%AF%BE%E5%BF%9C-%E7%84%A1%E5%88%B6%E9%99%90%E9%AB%98%E9%80%9F%E3%83%87%E3%83%BC%E3%82%BF%EF%BC%88%E4%BD%8E%E9%80%9F%E3%81%AA%E3%81%97%EF%BC%89%EF%BD%9C-%E5%8D%B3%E6%97%A5%E7%99%BA%E8%A1%8C%E3%83%BB%E3%81%99%E3%81%90%E4%BD%BF%E3%81%88%E3%82%8B%EF%BD%9CGoogle%E3%80%81LINE%E3%80%81YouTube%E3%81%AA%E3%81%A9VPN%E3%81%AA%E3%81%97%E3%81%A7%E5%88%A9%E7%94%A8%E5%8F%AF%E8%83%BD%E3%83%BB%E5%AE%9F%E5%90%8D%E7%99%BB%E9%8C%B2%E4%B8%8D%E8%A6%81%EF%BD%9C24%E6%99%82%E9%96%93LINE%E3%82%B5%E3%83%9D%E3%83%BC%E3%83%88-4%E6%97%A5%E9%96%93/dp/B0FTSBHC1G,B0FTSBHC1G,B0FTSBHC1G,Global eSIMshop,ブランド: PLUG TO GO,"{""price_jpy"": [""￥1,680""], ""usage_validity"": [""【中国eSIM】中国本土 香港 マカオ対応 4日間 無制限高速データ（低速なし）｜ 即日発行・すぐ使える｜Google、LINE、YouTubeなどVPNなしで利用可能・実名登録不要｜24時間LINEサポート 香港 sim 中国 sim""], ""activation_validity"": [""【有効期限】 eSIM QRコードの有効期限は受け取りから90日間です。""], ""data_amount"": [""【高速データ】データ通信専用のeSIMです。高速データ容量は無制限で完全使い放題。本人確認やSIMカード認証も不要で、1〜30日間の利用期間を選択できます。""], ""network_type"": [""【中国ネット規制なし】 中国本土では香港回線をローミング利用するため、中国政府のネット規制対象外。Google、LINE、Facebook、Twitter、YouTube、Instagramなど主要サービスがVPN不要でそのままご利用いただけます。"", ""《正規日本語版》【ローミングSIM】東南アジア・マカオ・ベトナム・シンガポール・タイ・マレーシア・ラオス・インドネシア・フィリピン・カンボジア・スリランカ・ブルネイの全11ヵ国 8日間 5GB ※面倒な本人登録・パスポート登録は不要です。このSIMカードは中国ではご利用できません。"", ""score: local=0, roaming=3""], ""network_generation"": [""product_info_cellular_5g: source:product_info_cellular: 携帯電話技術 5G/4G""], ""carrier_support_local"": [""3HK: サービスプロバイダ China Telecom/3HK/CTM"", ""3HK: Amazon.co.jp: 【中国eSIM】中国本土 香港 マカオ対応 4日間 無制限高速データ（低速なし）｜ 即日発行・すぐ使える｜Google、LINE、YouTubeなどVPNなしで利用可能・実名登録不要｜24時間LINEサポート 香港 sim 中国 sim : 家電＆カメラ 次に移動 メイン""], ""review_count"": [""detail_page: (4)""], ""bestseller_rank"": [""Amazon 売れ筋ランキング 家電＆カメラ - 330,760位 ( 家電＆カメラの売れ筋ランキングを見る ) プリペイドSIMカード - 2,421位""], ""title"": [""【中国eSIM】中国本土 香港 マカオ対応 4日間 無制限高速データ（低速なし）｜ 即日発行・すぐ使える｜Google、LINE、YouTubeなどVPNなしで利用可能・実名登録不要｜24時間LINEサポート 香港 sim 中国 sim""]}"
amazon_jp,hk,トラベルコネクト 4G/5G 香港SIMカード - 5日間、毎日5GBの高速データ、通話やSMSなし | 観光客やビジネス旅行者、ローミング向けのプリペイド旅行SIM,1889,1,,,,,1073,5일,5일,,roaming,lte_4g_only,,,"{""cmhk"": null, ""csl"": null, ""smartone"": null, ""three_hk"": null}","{""skt"": null, ""kt"": null, ""lgu"": null}",5GB,https://www.amazon.co.jp/%E3%83%88%E3%83%A9%E3%83%99%E3%83%AB%E3%82%B3%E3%83%8D%E3%82%AF%E3%83%88-4G-%E9%A6%99%E6%B8%AFSIM%E3%82%AB%E3%83%BC%E3%83%89-5%E6%97%A5%E9%96%93%E3%80%81%E6%AF%8E%E6%97%A55GB%E3%81%AE%E9%AB%98%E9%80%9F%E3%83%87%E3%83%BC%E3%82%BF%E3%80%81%E9%80%9A%E8%A9%B1%E3%82%84SMS%E3%81%AA%E3%81%97-%E8%A6%B3%E5%85%89%E5%AE%A2%E3%82%84%E3%83%93%E3%82%B8%E3%83%8D%E3%82%B9%E6%97%85%E8%A1%8C%E8%80%85%E3%80%81%E3%83%AD%E3%83%BC%E3%83%9F%E3%83%B3%E3%82%B0%E5%90%91%E3%81%91%E3%81%AE%E3%83%97%E3%83%AA%E3%83%9A%E3%82%A4%E3%83%89%E6%97%85%E8%A1%8CSIM/dp/B0F2FZP2DM,B0F2FZP2DM,B0F2FZP2DM,Mossroam,mossroamのストアを表示,"{""price_jpy"": [""￥1,889""], ""usage_validity"": [""トラベルコネクト 4G/5G 香港SIMカード - 5日間、毎日5GBの高速データ、通話やSMSなし | 観光客やビジネス旅行者、ローミング向けのプリペイド旅行SIM""], ""data_amount"": [""型番 5GB Day pass,5 Days""], ""network_type"": [""トラベルコネクト 4G/5G 香港SIMカード - 5日間、毎日5GBの高速データ、通話やSMSなし | 観光客やビジネス旅行者、ローミング向けのプリペイド旅行SIM"", ""ご注文前に、お使いのデバイスが対応していることを確認してください。 お使いの携帯電話に物理カードを挿入できることを確認してください。挿入できない場合は、eSIMプランのいずれかをお選びください。 データ使用量プランには2種類あり、お客様の状況に合ったプランをお選びいただけます。 パッケージを受け取った後、3 in 1カードが届きます。 Mossroam Da"", ""score: local=0, roaming=9""], ""network_generation"": [""product_info_cellular_4g_lte: source:product_info_cellular: 携帯電話技術 LTE""], ""review_count"": [""detail_page: (1)""], ""bestseller_rank"": [""Amazon 売れ筋ランキング 家電＆カメラ - 115,501位 ( 家電＆カメラの売れ筋ランキングを見る ) プリペイドSIMカード - 1,073位""], ""title"": [""トラベルコネクト 4G/5G 香港SIMカード - 5日間、毎日5GBの高速データ、通話やSMSなし | 観光客やビジネス旅行者、ローミング向けのプリペイド旅行SIM""]}"
amazon_jp,hk,【iPhone用】香港・マカオ プリペイドSIM 4日間 データ通信使い放題 5G/4G回線 香港プリペイドSIM 香港シム ローミングSIM,1630,1,,,,,3376,4일,4일,31일,roaming,lte_4g_only,,,"{""cmhk"": null, ""csl"": null, ""smartone"": null, ""three_hk"": null}","{""skt"": null, ""kt"": null, ""lgu"": null}",unlimited,https://www.amazon.co.jp/%E3%80%90iPhone%E7%94%A8%E3%80%91%E9%A6%99%E6%B8%AF%E3%83%BB%E3%83%9E%E3%82%AB%E3%82%AA-%E3%83%97%E3%83%AA%E3%83%9A%E3%82%A4%E3%83%89SIM-%E3%83%87%E3%83%BC%E3%82%BF%E9%80%9A%E4%BF%A1%E4%BD%BF%E3%81%84%E6%94%BE%E9%A1%8C-%E9%A6%99%E6%B8%AF%E3%83%97%E3%83%AA%E3%83%9A%E3%82%A4%E3%83%89SIM-%E3%83%AD%E3%83%BC%E3%83%9F%E3%83%B3%E3%82%B0SIM/dp/B0GKP9B1C1,B0GKP9B1C1,B0GKP9B1C1,ブランド: Wise SIM,ブランド: Wise SIM,"{""price_jpy"": [""￥1,630 ￥ 1,630 16pt (1%) 最短で 9月14""], ""usage_validity"": [""【iPhone用】香港・マカオ プリペイドSIM 4日間 データ通信使い放題 5G/4G回線 香港プリペイドSIM 香港シム ローミングSIM""], ""activation_validity"": [""■SIMカード有効期限：2026年12月31日まで""], ""data_amount"": [""【データ通信】 香港・マカオにてデータ通信が使い放題でご利用可能です。""], ""network_type"": [""【iPhone用】香港・マカオ プリペイドSIM 4日間 データ通信使い放題 5G/4G回線 香港プリペイドSIM 香港シム ローミングSIM"", ""Amazon.co.jp: 【iPhone用】香港・マカオ プリペイドSIM 4日間 データ通信使い放題 5G/4G回線 香港プリペイドSIM 香港シム ローミングSIM : 家電＆カメラ"", ""score: local=0, roaming=8""], ""network_generation"": [""product_info_cellular_4g_lte: source:product_info_cellular: 携帯電話技術 4G/LTE""], ""review_count"": [""detail_page: 1""], ""bestseller_rank"": [""Amazon 売れ筋ランキング 家電＆カメラ - 566,997位 ( 家電＆カメラの売れ筋ランキングを見る ) プリペイドSIMカード - 3,376位""], ""title"": [""【iPhone用】香港・マカオ プリペイドSIM 4日間 データ通信使い放題 5G/4G回線 香港プリペイドSIM 香港シム ローミングSIM""]}"
amazon_jp,hk,【香港・マカオ eSIM】1日間 1GB DeSiM正規卸 | LINE相談受付中 |データ通信専用（電話番号なし） | simフリー端末のみ対応 説明書付 イーシム,830,16,,,,,2790,1일,1일,7일,local,unknown,,,"{""cmhk"": null, ""csl"": null, ""smartone"": null, ""three_hk"": null}","{""skt"": null, ""kt"": null, ""lgu"": null}",1GB,https://www.amazon.co.jp/eSIM%E3%80%911%E6%97%A5%E9%96%93-1GB-LINE%E7%9B%B8%E8%AB%87%E5%8F%97%E4%BB%98%E4%B8%AD%EF%BD%9C%E5%BD%93%E6%97%A5%E7%99%BA%E8%A1%8C%E5%8F%AF%E8%83%BD-%E3%83%87%E3%83%BC%E3%82%BF%E9%80%9A%E4%BF%A1%E5%B0%82%E7%94%A8%EF%BC%88%E9%9B%BB%E8%A9%B1%E7%95%AA%E5%8F%B7%E3%81%AA%E3%81%97%EF%BC%89-sim%E3%83%95%E3%83%AA%E3%83%BC%E7%AB%AF%E6%9C%AB%E3%81%AE%E3%81%BF%E5%AF%BE%E5%BF%9C/dp/B0DFZ2NRL2,B0DFZ2NRL2,B0DFZ2NRL2,DeSiM,DeSiMのストアを表示,"{""price_jpy"": [""￥830""], ""usage_validity"": [""【香港・マカオ eSIM】1日間 1GB DeSiM正規卸 | LINE相談受付中 |データ通信専用（電話番号なし） | simフリー端末のみ対応 説明書付 イーシム""], ""activation_validity"": [""大中華区SIMカード-中国、香港、マカオ、台湾向けプリペイドデータプラン｜2 GB毎日データ、7日有効期限｜高速4/5 G LTE｜旅行者に最適""], ""data_amount"": [""【香港・マカオ eSIM】1日間 1GB DeSiM正規卸 | LINE相談受付中｜データ通信専用（電話番号なし） | simフリー端末のみ対応 説明書付 イーシム""], ""network_type"": [""【チョコSIM 定額（Sプラン）】【中国の電話番号付きでアプリや施設サービスのSMS認証が可能】【データ容量】合計500MB/月【音声】合計20分間/月 データ/音声/SMS付きSIMカード 中国SIM マカオSIM China unicom ※こちらのSIMカードは契約後、毎月の基本料が発生いたします。※2024年11月1日から台湾でのご利用はできなくなり"", ""【SKTelecoｍ公式認証】 韓国eSIM 3日間 (72時間) 電話番号付き 超高速データ無制限 最初の5分発信無料(韓国国内) お急ぎの方即時発行可(LINE相談受付中) 有効期限／ご購入日より120日以内 現地空港サポート(SKTelecomローミングセンター) SKテレコム正規品 韓国SIMカードタイプではありません"", ""score: local=6, roaming=0""], ""network_generation"": [""fallback_5g: source:image_alt: 中国eSIM｜4日間 高速データ無制限｜中国本土・香港・マカオ対応｜VPN付き LINE・YouTube・Google利用可｜4G/5G 即日発行可能"", ""fallback_4g_lte: source:image_alt: 中国eSIM｜4日間 高速データ無制限｜中国本土・香港・マカオ対応｜VPN付き LINE・YouTube・Google利用可｜4G/5G 即日発行可能"", ""fallback_only_network_generation_signal""], ""review_count"": [""detail_page: 16""], ""bestseller_rank"": [""Amazon 売れ筋ランキング 家電＆カメラ - 412,068位 ( 家電＆カメラの売れ筋ランキングを見る ) プリペイドSIMカード - 2,790位""], ""title"": [""【香港・マカオ eSIM】1日間 1GB DeSiM正規卸 | LINE相談受付中 |データ通信専用（電話番号なし） | simフリー端末のみ対応 説明書付 イーシム""]}"
amazon_jp,hk,【香港 eSIM】マカオeSIM 高速データ無制限&データ通信専用 香港SIM マカオSIM 当日利用可能&90日間有効 24時間オンラインサポート お急ぎのご相談は（LINEで受付中です） Hong Kong＆Macao SIM way2esim (1日間),680,6,,,,,,90일,90일,,unknown,unknown,,,"{""cmhk"": null, ""csl"": null, ""smartone"": null, ""three_hk"": null}","{""skt"": null, ""kt"": null, ""lgu"": null}",unlimited,https://www.amazon.co.jp/eSIM%E3%80%91%E3%83%9E%E3%82%AB%E3%82%AAeSIM-24%E6%99%82%E9%96%93%E3%82%AA%E3%83%B3%E3%83%A9%E3%82%A4%E3%83%B3%E3%82%B5%E3%83%9D%E3%83%BC%E3%83%88-%E3%81%8A%E6%80%A5%E3%81%8E%E3%81%AE%E3%81%94%E7%9B%B8%E8%AB%87%E3%81%AF%EF%BC%88LINE%E3%81%A7%E5%8F%97%E4%BB%98%E4%B8%AD%E3%81%A7%E3%81%99%EF%BC%89-Kong%EF%BC%86Macao-way2esim/dp/B0GVYCM94W,B0GVYCM94W,B0GVYCM94W,eSIM株式会社,way2esimのストアを表示,"{""price_jpy"": [""￥680""], ""usage_validity"": [""【香港 eSIM】マカオeSIM 高速データ無制限&データ通信専用 香港SIM マカオSIM 当日利用可能&90日間有効 24時間オンラインサポート お急ぎのご相談は（LINEで受付中です） Hong Kong＆Macao SIM way2esim (1日間)""], ""data_amount"": [""【高速データ無制限】：香港・マカオeSIMは、高速データを無制限でご利用いただけます。この香港・マカオeSIMはデータ通信専用で、電話番号は含まれておりません。SNSやウェブ閲覧など、さまざまなインターネットサービスを快適にご利用いただけます。""], ""network_type"": [""no_local_or_roaming_keyword_matched""], ""network_generation"": [""no_lte_4g_or_5g_keyword_matched""], ""review_count"": [""detail_page: (6)""], ""title"": [""【香港 eSIM】マカオeSIM 高速データ無制限&データ通信専用 香港SIM マカオSIM 当日利用可能&90日間有効 24時間オンラインサポート お急ぎのご相談は（LINEで受付中です） Hong Kong＆Macao SIM way2esim (1日間)""]}"
amazon_jp,hk,【コード入力で事務手数料不要】 UQ mobile ウェルカムパッケージ/[SIMカード/eSIM共通]/iPhone 17e iPhone 17 シリーズ iPhone Air動作確認済み/[iPhone/Android対応]/au回線,350,1762,,,,,3,30일,30일,31일,unknown,unknown,,,"{""cmhk"": null, ""csl"": null, ""smartone"": null, ""three_hk"": null}","{""skt"": null, ""kt"": null, ""lgu"": null}",35GB,https://www.amazon.co.jp/dp/B07YBZ3D22,B07YBZ3D22,B07YBZ3D22,"Amazon.com Sales, Inc.",UQ mobileのストアを表示,"{""price_jpy"": [""￥350""], ""usage_validity"": [""商品紹介 本商品をご利用いただいた場合、UQ mobileご契約時の事務手数料が不要です。 本商品ご購入後に届く当社が定めるコード（エントリーコード）を、専用のURLで利用していただく必要があります。 エントリーコード 本商品ご購入後にエントリーコードをお届けします。エントリーコードの有効期限は最短3か月間～最長6か月間で、ご購入の時期によって異なります。 ""], ""activation_validity"": [""商品紹介 本商品をご利用いただいた場合、UQ mobileご契約時の事務手数料が不要です。 本商品ご購入後に届く当社が定めるコード（エントリーコード）を、専用のURLで利用していただく必要があります。 エントリーコード 本商品ご購入後にエントリーコードをお届けします。エントリーコードの有効期限は最短3か月間～最長6か月間で、ご購入の時期によって異なります。 ""], ""data_amount"": [""商品紹介 本商品をご利用いただいた場合、UQ mobileご契約時の事務手数料が不要です。 本商品ご購入後に届く当社が定めるコード（エントリーコード）を、専用のURLで利用していただく必要があります。 エントリーコード 本商品ご購入後にエントリーコードをお届けします。エントリーコードの有効期限は最短3か月間～最長6か月間で、ご購入の時期によって異なります。 ""], ""network_type"": [""no_local_or_roaming_keyword_matched""], ""network_generation"": [""fallback_5g: source:image_alt: 【eSIM用】Y!mobile(ワイモバイル) 事務手数料3,850円が無料になるエントリーコード ダウンロード版 5G対応 格安SIM"", ""fallback_4g_lte: source:image_alt: 【リチャージSIM】日本 10GB 180日 物理SIMカード 契約不要 月額0円 ギガ リチャージで繰り返し利用可能 4G_LTE/5G docomo/NTTドコモ データSIM プリペイド 格安 SIM 【物理SIM-10GB/180日】"", ""fallback_only_network_generation_signal""], ""review_count"": [""detail_page: (1,762)""], ""bestseller_rank"": [""Amazon 売れ筋ランキング: PCソフト - 29位 ( PCソフトの売れ筋ランキングを見る ) 携帯電話ソフト - 3位 定期契約SIMカード - 7位""], ""title"": [""【コード入力で事務手数料不要】 UQ mobile ウェルカムパッケージ/[SIMカード/eSIM共通]/iPhone 17e iPhone 17 シリーズ iPhone Air動作確認済み/[iPhone/Android対応]/au回線""]}"
amazon_jp,hk,インドSIM 利用日数30日 データ容量7GB ローミングSIM 日本で利用可能。,2580,3,,,,,710,1일,1일,30일,unknown,5g_capable,,,"{""cmhk"": null, ""csl"": null, ""smartone"": null, ""three_hk"": null}","{""skt"": null, ""kt"": null, ""lgu"": null}",7GB,https://www.amazon.co.jp/%E3%82%A4%E3%83%B3%E3%83%89SIM-%E5%88%A9%E7%94%A8%E6%97%A5%E6%95%B030%E6%97%A5-%E3%83%87%E3%83%BC%E3%82%BF%E5%AE%B9%E9%87%8F7GB-%E3%83%AD%E3%83%BC%E3%83%9F%E3%83%B3%E3%82%B0SIM-%E6%97%A5%E6%9C%AC%E3%81%A7%E5%88%A9%E7%94%A8%E5%8F%AF%E8%83%BD%E3%80%82/dp/B0H3BRMG6J,B0H3BRMG6J,B0H3BRMG6J,ブランド: Wise SIM,ブランド: Wise SIM,"{""price_jpy"": [""価格 ￥2,580 配送料 ￥1,457""], ""usage_validity"": [""■利用期間：香港の通信会社が発行しているSIMの為、香港時間を基準として電波を受信後30日(日数カウント) 例えば香港の23時に利用開始した場合、1時間で1日分としてカウントされますのでご留意ください。""], ""activation_validity"": [""インドSIM 利用日数30日 データ容量7GB ローミングSIM 日本で利用可能。""], ""data_amount"": [""【データ容量】 7GBまで高速データ通信利用が可能です。 ※7GBのデータ量を超過後は128kbpsへ速度低下となりますが止まる事なく利用可能です。""], ""network_type"": [""local_signal: 【SKTelecoｍ公式認証】 韓国eSIM 3日間 (72時間) 電話番号付き 超高速データ無制限 最初の5分発信無料(韓国国内) お急ぎの方即時発行可(LINE相談受付中) 有効期限／ご購入日より120日以内 現地空港サポート(SKTelecomローミングセンター) SKテレコム正規品 韓国SIMカードタイプではありません"", ""roaming_signal: インドSIM 利用日数30日 データ容量7GB ローミングSIM 日本で利用可能。"", ""insufficient_or_conflicting_signals(local=3, roaming=8)""], ""network_generation"": [""product_info_cellular_5g: source:product_info_cellular: 携帯電話技術 5G/4G/LTE"", ""product_info_cellular_4g_lte_signal_present_but_5g_capable_takes_precedence""], ""review_count"": [""detail_page: 3""], ""bestseller_rank"": [""Amazon 売れ筋ランキング 家電＆カメラ - 67,613位 ( 家電＆カメラの売れ筋ランキングを見る ) プリペイドSIMカード - 710位""], ""title"": [""インドSIM 利用日数30日 データ容量7GB ローミングSIM 日本で利用可能。""]}"
amazon_jp,hk,【香港・マカオ eSIM】5日間 2GB/毎日（四泊五日 コスパ重視） DeSiM正規卸 | LINE相談受付中 |データ通信専用（電話番号なし） | simフリー端末のみ対応 説明書付 イーシム,1670,16,,,,,1884,5일,5일,7일,local,unknown,,,"{""cmhk"": null, ""csl"": null, ""smartone"": null, ""three_hk"": null}","{""skt"": null, ""kt"": null, ""lgu"": null}",unlimited,https://www.amazon.co.jp/eSIM%E3%80%915%E6%97%A5%E9%96%93-2GB-LINE%E7%9B%B8%E8%AB%87%E5%8F%97%E4%BB%98%E4%B8%AD%EF%BD%9C%E5%BD%93%E6%97%A5%E7%99%BA%E8%A1%8C%E5%8F%AF%E8%83%BD-%E3%83%87%E3%83%BC%E3%82%BF%E9%80%9A%E4%BF%A1%E5%B0%82%E7%94%A8%EF%BC%88%E9%9B%BB%E8%A9%B1%E7%95%AA%E5%8F%B7%E3%81%AA%E3%81%97%EF%BC%89-sim%E3%83%95%E3%83%AA%E3%83%BC%E7%AB%AF%E6%9C%AB%E3%81%AE%E3%81%BF%E5%AF%BE%E5%BF%9C/dp/B0DG51T5W6,B0DG51T5W6,B0DG51T5W6,DeSiM,DeSiMのストアを表示,"{""price_jpy"": [""￥1,670""], ""usage_validity"": [""【香港・マカオ eSIM】5日間 2GB/毎日（四泊五日 コスパ重視） DeSiM正規卸 | LINE相談受付中 |データ通信専用（電話番号なし） | simフリー端末のみ対応 説明書付 イーシム""], ""activation_validity"": [""大中華区SIMカード-中国、香港、マカオ、台湾向けプリペイドデータプラン｜2 GB毎日データ、7日有効期限｜高速4/5 G LTE｜旅行者に最適""], ""data_amount"": [""商品の説明 購入前の注意事項 【注意事項】 注意事項①：電話番号は付与されませんので、ご注意ください。 注意事項②：SIMロックフリー端末、もしくはSIMフリー端末専用のサービスです。必ず、ご利用端末がeSIM対応かどうかご確認ください。 注意事項③：2021年10月1日以前にSIMロック解除をキャリア店頭またはインターネットでされた「Android端末」は""], ""network_type"": [""商品の説明 購入前の注意事項 【注意事項】 注意事項①：電話番号は付与されませんので、ご注意ください。 注意事項②：SIMロックフリー端末、もしくはSIMフリー端末専用のサービスです。必ず、ご利用端末がeSIM対応かどうかご確認ください。 注意事項③：2021年10月1日以前にSIMロック解除をキャリア店頭またはインターネットでされた「Android端末」は"", ""【チョコSIM 定額（Sプラン）】【中国の電話番号付きでアプリや施設サービスのSMS認証が可能】【データ容量】合計500MB/月【音声】合計20分間/月 データ/音声/SMS付きSIMカード 中国SIM マカオSIM China unicom ※こちらのSIMカードは契約後、毎月の基本料が発生いたします。※2024年11月1日から台湾でのご利用はできなくなり"", ""score: local=9, roaming=1""], ""network_generation"": [""fallback_5g: source:image_alt: 中国eSIM｜5日間 高速データ無制限｜中国本土・香港・マカオ対応｜VPN付き LINE・YouTube・Google利用可｜4G/5G 即日発行可能 (5日間)"", ""fallback_4g_lte: source:image_alt: 中国eSIM｜5日間 高速データ無制限｜中国本土・香港・マカオ対応｜VPN付き LINE・YouTube・Google利用可｜4G/5G 即日発行可能 (5日間)"", ""fallback_only_network_generation_signal""], ""review_count"": [""detail_page: 16""], ""bestseller_rank"": [""Amazon 売れ筋ランキング 家電＆カメラ - 234,631位 ( 家電＆カメラの売れ筋ランキングを見る ) プリペイドSIMカード - 1,884位""], ""title"": [""【香港・マカオ eSIM】5日間 2GB/毎日（四泊五日 コスパ重視） DeSiM正規卸 | LINE相談受付中 |データ通信専用（電話番号なし） | simフリー端末のみ対応 説明書付 イーシム""]}"
amazon_jp,hk,アジア太平洋11カ国 シンガポール・タイ・ベトナム・マレーシア SIMカード 3日間 高速データ使い放題Jet Sim 物理SIM 無制限 3日 ジェットシム,1780,2,,,,,278,3일,3일,,roaming,5g_capable,,,"{""cmhk"": null, ""csl"": null, ""smartone"": null, ""three_hk"": null}","{""skt"": null, ""kt"": null, ""lgu"": null}",unlimited,https://www.amazon.co.jp/%E3%82%A2%E3%82%B8%E3%82%A2%E5%A4%AA%E5%B9%B3%E6%B4%8B12%E3%82%AB%E5%9B%BD-%E3%82%B7%E3%83%B3%E3%82%AC%E3%83%9D%E3%83%BC%E3%83%AB%E3%83%BB%E3%82%BF%E3%82%A4%E3%83%BB%E3%83%99%E3%83%88%E3%83%8A%E3%83%A0%E3%83%BB%E3%83%9E%E3%83%AC%E3%83%BC%E3%82%B7%E3%82%A2-SIM%E3%82%AB%E3%83%BC%E3%83%89-3%E6%97%A5%E9%96%93-%E9%AB%98%E9%80%9F%E3%83%87%E3%83%BC%E3%82%BF%E4%BD%BF%E3%81%84%E6%94%BE%E9%A1%8CJet/dp/B0FL1LF1BC,B0FL1LF1BC,B0FL1LF1BC,ジェスロモバイル,JETSIMのストアを表示,"{""price_jpy"": [""￥1,780""], ""usage_validity"": [""アジア太平洋11カ国 シンガポール・タイ・ベトナム・マレーシア SIMカード 3日間 高速データ使い放題Jet Sim 物理SIM 無制限 3日 ジェットシム""], ""data_amount"": [""【データ無制限】 アジア太平洋11カ国 シンガポール・タイ・ベトナム・マレーシア等で3日間、5G/4G-LTE高速データ使い放題。テザリング対応。""], ""network_type"": [""アジア旅行SIMカード、15日間-2GB毎日の高速データ、20分の通話＆10のテキスト、シンガポール、マレーシア、タイ＆インドをカバー、プリペイド - ローミングなし - 簡単なセットアップ"", ""アジア旅行SIMカード、15日間-2GB毎日の高速データ、20分の通話＆10のテキスト、シンガポール、マレーシア、タイ＆インドをカバー、プリペイド - ローミングなし - 簡単なセットアップ"", ""score: local=0, roaming=2""], ""network_generation"": [""product_info_cellular_5g: source:product_info_cellular: 携帯電話技術 LTE, 5G"", ""product_info_cellular_4g_lte_signal_present_but_5g_capable_takes_precedence""], ""review_count"": [""detail_page: 2""], ""bestseller_rank"": [""Amazon 売れ筋ランキング 家電＆カメラ - 21,809位 ( 家電＆カメラの売れ筋ランキングを見る ) プリペイドSIMカード - 278位""], ""title"": [""アジア太平洋11カ国 シンガポール・タイ・ベトナム・マレーシア SIMカード 3日間 高速データ使い放題Jet Sim 物理SIM 無制限 3日 ジェットシム""]}"
