site,country,title,price_jpy,review_count,seller_badge,search_position,monthly_sold_count,is_bestseller,bestseller_rank,validity,usage_validity,activation_validity,network_type,network_generation,network_generation_inferred,network_generation_confidence,carrier_support_local,carrier_support_kr,data_amount,product_url,asin,site_product_id,seller,brand,evidence
amazon_jp,hk,【中国 香港 マカオ eSIM】5日間 高速データ通信5GB 実名登録不要 中国ネット規制対象外 Line、Youtube、GoogleなどVPNなしで利用可能 QRコード設定 メール登録で納品 即日発行対応 急ぎの方LINEサポートあり 中国esim 香港esim マカオesim,931,43,,,,,171,1일,1일,5일,roaming,lte_4g_only,,,"{""cmhk"": null, ""csl"": null, ""smartone"": null, ""three_hk"": null}","{""skt"": null, ""kt"": null, ""lgu"": null}",5GB,https://www.amazon.co.jp/eSIM%E3%80%915%E6%97%A5%E9%96%93-%E9%AB%98%E9%80%9F%E3%83%87%E3%83%BC%E3%82%BF%E9%80%9A%E4%BF%A15GB-%E4%B8%AD%E5%9B%BD%E3%83%8D%E3%83%83%E3%83%88%E8%A6%8F%E5%88%B6%E5%AF%BE%E8%B1%A1%E5%A4%96-Line%E3%80%81Youtube%E3%80%81Google%E3%81%AA%E3%81%A9VPN%E3%81%AA%E3%81%97%E3%81%A7%E5%88%A9%E7%94%A8%E5%8F%AF%E8%83%BD-%E6%80%A5%E3%81%8E%E3%81%AE%E6%96%B9LINE%E3%82%B5%E3%83%9D%E3%83%BC%E3%83%88%E3%81%82%E3%82%8A/dp/B0FMXWXMJH,B0FMXWXMJH,B0FMXWXMJH,マグロeSIM,マグロeSIMのストアを表示,"{""price_jpy"": [""￥931""], ""usage_validity"": [""【注意事項①】有効期限：eSIM QRコードを受け取ってから90日間です（有効期間内にご利用ください）。eSIMの使用期間については、24時間を1日とカウントされますので、ご了承ください。""], ""activation_validity"": [""【中国 香港 マカオ eSIM】5日間 高速データ通信5GB 実名登録不要 中国ネット規制対象外 Line、Youtube、GoogleなどVPNなしで利用可能 QRコード設定 メール登録で納品 即日発行対応 急ぎの方LINEサポートあり 中国esim 香港esim マカオesim""], ""data_amount"": [""【高速データ】データ容量は、5日以内にデータ通信量が5GBを超えると、通信が中断されますので、ご注意ください。※地点によっては信号が届かない場合がありますので、ご了承ください。""], ""network_type"": [""商品の説明 購入前にご注意！ 注意事項①：ご購入後、商品画像に記載されたURLにアクセスし必要事項を入力→メールアドレスにPDFの説明書とeSIMのQRコードが届きます！ 注意事項②：SIMロックフリー端末、もしくはSIMフリー端末専用のサービスです。必ず、ご利用端末がeSIM対応かどうかご確認ください。 注意事項③：eSIM対応端末のみ利用可能。※通信キャ"", ""score: local=0, roaming=3""], ""network_generation"": [""product_info_cellular_4g_lte: source:product_info_cellular: 携帯電話技術 LTE"", ""product_info_cellular_4g_lte: source:product_info_cellular: 携帯電話技術 LTE""], ""review_count"": [""detail_page: (43)""], ""bestseller_rank"": [""Amazon 売れ筋ランキング 家電＆カメラ - 12,734位 ( 家電＆カメラの売れ筋ランキングを見る ) プリペイドSIMカード - 171位""], ""title"": [""【中国 香港 マカオ eSIM】5日間 高速データ通信5GB 実名登録不要 中国ネット規制対象外 Line、Youtube、GoogleなどVPNなしで利用可能 QRコード設定 メール登録で納品 即日発行対応 急ぎの方LINEサポートあり 中国esim 香港esim マカオesim""]}"
amazon_jp,hk,香港 マカオ ESIMプラン 3日間 完全無制限 4G-LTE 高速データ 使い放題 当日発行可能 出発前日本テスト用eSIM500MB 香港 マカオ プリペイドSIM 香港 esim 香港 マカオsim (3日間完全無制限),1480,392,,,50,,26,3일,3일,3일,local,5g_capable,,,"{""cmhk"": null, ""csl"": null, ""smartone"": true, ""three_hk"": null}","{""skt"": null, ""kt"": null, ""lgu"": null}",unlimited,https://www.amazon.co.jp/ESIM%E3%83%97%E3%83%A9%E3%83%B3-4G-LTE-%E5%BD%93%E6%97%A5%E7%99%BA%E8%A1%8C%E5%8F%AF%E8%83%BD-%E3%83%97%E3%83%AA%E3%83%9A%E3%82%A4%E3%83%89SIM-3%E6%97%A5%E9%96%93%E5%AE%8C%E5%85%A8%E7%84%A1%E5%88%B6%E9%99%90/dp/B0CPXYL72J,B0CPXYL72J,B0CPXYL72J,株式会社ビッグコネクト,bigconnectのストアを表示,"{""price_jpy"": [""￥1,480""], ""usage_validity"": [""香港 マカオ ESIMプラン 3日間 完全無制限 4G-LTE 高速データ 使い放題 当日発行可能 出発前日本テスト用eSIM500MB 香港 マカオ プリペイドSIM 香港 esim 香港 マカオsim (3日間完全無制限)""], ""activation_validity"": [""【SKTelecoｍ公式認証】 韓国eSIM 3日間 (72時間) 電話番号付き 超高速データ無制限 最初の5分発信無料(韓国国内) お急ぎの方即時発行可(LINE相談受付中) 有効期限／ご購入日より120日以内 現地空港サポート(SKTelecomローミングセンター) SKテレコム正規品 韓国SIMカードタイプではありません""], ""data_amount"": [""【高速データ完全無制限】 通信専用eSIMになります。※データ容量無制限。高速データ使い放題※現地時間の00:00-23：59区切りで、カウントされます。有効期限は、メールでのQRコード発行後1カ月です。""], ""network_type"": [""【現地キャリア利用】香港 マカオで使用できるeSIM、香港 マカオ渡航スケジュールに対応する手軽なeSIMカード。キャリア：香港：Smartone、HKT、3 マカオ:CTM ，香港 マカオでは信号が広く、ネットワークが安定し、速度が速いです。eSIMのsimカードはプリペイドsimカードと違って、挿入作業不要(iPhone・androidともeSIMのQR"", ""【チョコSIM 定額（Sプラン）】【中国の電話番号付きでアプリや施設サービスのSMS認証が可能】【データ容量】合計500MB/月【音声】合計20分間/月 データ/音声/SMS付きSIMカード 中国SIM マカオSIM China unicom ※こちらのSIMカードは契約後、毎月の基本料が発生いたします。※2024年11月1日から台湾でのご利用はできなくなり"", ""score: local=9, roaming=0""], ""network_generation"": [""product_info_cellular_5g: source:product_info_cellular: 携帯電話技術 5G LTE"", ""product_info_cellular_5g: source:product_info_cellular: 携帯電話技術 5G LTE""], ""carrier_support_local"": [""SmarTone: 【現地キャリア利用】香港 マカオで使用できるeSIM、香港 マカオ渡航スケジュールに対応する手軽なeSIMカード。キャリア：香港：Smartone、HKT、3 マカオ:CTM ，香港 マカオでは信号が広く、ネットワークが安定し、速度が速いです。eSIMのsimカードはプリペイドsimカードと違って、"", ""SmarTone: サービスプロバイダ Smartone, HKT, 3, CTM"", ""SmarTone: 香港 マカオ ESIMプラン 3日間 完全無制限 4G-LTE 高速データ 次に移動 メインコンテンツ この商品について この商品について この商品について 購入オプション 類似商品と比較する ビデオ レビュー キーボードショートカット 検索 Alt + / カート Shift + Alt + C ""], ""monthly_sold_count"": [""香港 マカオ ESIMプラン 3日間 完全無制限 4G-LTE 高速データ 次に移動 メインコンテンツ この商品について この商品について この商品について 購入オプション 類似商品と比較する ビデオ レビュー キーボードショートカット 検索 Alt + / カート Shift + Alt + C ホーム Shift + Alt + H 注文 Shift +""], ""review_count"": [""detail_page: (392)""], ""bestseller_rank"": [""Amazon 売れ筋ランキング 家電＆カメラ - 2,770位 ( 家電＆カメラの売れ筋ランキングを見る ) プリペイドSIMカード - 26位""], ""title"": [""香港 マカオ ESIMプラン 3日間 完全無制限 4G-LTE 高速データ 使い放題 当日発行可能 出発前日本テスト用eSIM500MB 香港 マカオ プリペイドSIM 香港 esim 香港 マカオsim (3日間完全無制限)""]}"
amazon_jp,hk,香港 マカオ ESIMプラン 4日間 完全無制限 4G-LTE 高速データ 使い放題 当日発行可能 出発前日本テスト用eSIM500MB 香港 マカオ プリペイドSIM 香港 esim 香港 マカオsim (4日間完全無制限),1780,392,,,50,,32,3일,3일,4일,local,5g_capable,,,"{""cmhk"": null, ""csl"": null, ""smartone"": true, ""three_hk"": null}","{""skt"": null, ""kt"": null, ""lgu"": null}",unlimited,https://www.amazon.co.jp/ESIM%E3%83%97%E3%83%A9%E3%83%B3-4G-LTE-%E5%BD%93%E6%97%A5%E7%99%BA%E8%A1%8C%E5%8F%AF%E8%83%BD-%E3%83%97%E3%83%AA%E3%83%9A%E3%82%A4%E3%83%89SIM-4%E6%97%A5%E9%96%93%E5%AE%8C%E5%85%A8%E7%84%A1%E5%88%B6%E9%99%90/dp/B0CPXWSV5K,B0CPXWSV5K,B0CPXWSV5K,株式会社ビッグコネクト,bigconnectのストアを表示,"{""price_jpy"": [""￥1,780""], ""usage_validity"": [""【SKTelecoｍ公式認証】 韓国eSIM 3日間 (72時間) 電話番号付き 超高速データ無制限 最初の5分発信無料(韓国国内) お急ぎの方即時発行可(LINE相談受付中) 有効期限／ご購入日より120日以内 現地空港サポート(SKTelecomローミングセンター) SKテレコム正規品 韓国SIMカードタイプではありません""], ""activation_validity"": [""香港 マカオ ESIMプラン 4日間 完全無制限 4G-LTE 高速データ 使い放題 当日発行可能 出発前日本テスト用eSIM500MB 香港 マカオ プリペイドSIM 香港 esim 香港 マカオsim (4日間完全無制限)""], ""data_amount"": [""【高速データ完全無制限】 通信専用eSIMになります。※データ容量無制限。高速データ使い放題※現地時間の00:00-23：59区切りで、カウントされます。有効期限は、メールでのQRコード発行後1カ月です。""], ""network_type"": [""【現地キャリア利用】香港 マカオで使用できるeSIM、香港 マカオ渡航スケジュールに対応する手軽なeSIMカード。キャリア：香港：Smartone、HKT、3 マカオ:CTM ，香港 マカオでは信号が広く、ネットワークが安定し、速度が速いです。eSIMのsimカードはプリペイドsimカードと違って、挿入作業不要(iPhone・androidともeSIMのQR"", ""【チョコSIM 定額（Sプラン）】【中国の電話番号付きでアプリや施設サービスのSMS認証が可能】【データ容量】合計500MB/月【音声】合計20分間/月 データ/音声/SMS付きSIMカード 中国SIM マカオSIM China unicom ※こちらのSIMカードは契約後、毎月の基本料が発生いたします。※2024年11月1日から台湾でのご利用はできなくなり"", ""score: local=9, roaming=0""], ""network_generation"": [""product_info_cellular_5g: source:product_info_cellular: 携帯電話技術 5G LTE"", ""product_info_cellular_5g: source:product_info_cellular: 携帯電話技術 5G LTE""], ""carrier_support_local"": [""SmarTone: 【現地キャリア利用】香港 マカオで使用できるeSIM、香港 マカオ渡航スケジュールに対応する手軽なeSIMカード。キャリア：香港：Smartone、HKT、3 マカオ:CTM ，香港 マカオでは信号が広く、ネットワークが安定し、速度が速いです。eSIMのsimカードはプリペイドsimカードと違って、"", ""SmarTone: サービスプロバイダ Smartone, HKT, 3, CTM"", ""SmarTone: 香港 マカオ ESIMプラン 4日間 完全無制限 4G-LTE 高速データ 次に移動 メインコンテンツ この商品について この商品について この商品について 購入オプション 類似商品と比較する ビデオ レビュー キーボードショートカット 検索 Alt + / カート Shift + Alt + C ""], ""monthly_sold_count"": [""香港 マカオ ESIMプラン 4日間 完全無制限 4G-LTE 高速データ 次に移動 メインコンテンツ この商品について この商品について この商品について 購入オプション 類似商品と比較する ビデオ レビュー キーボードショートカット 検索 Alt + / カート Shift + Alt + C ホーム Shift + Alt + H 注文 Shift +""], ""review_count"": [""detail_page: (392)""], ""bestseller_rank"": [""Amazon 売れ筋ランキング 家電＆カメラ - 3,356位 ( 家電＆カメラの売れ筋ランキングを見る ) プリペイドSIMカード - 32位""], ""title"": [""香港 マカオ ESIMプラン 4日間 完全無制限 4G-LTE 高速データ 使い放題 当日発行可能 出発前日本テスト用eSIM500MB 香港 マカオ プリペイドSIM 香港 esim 香港 マカオsim (4日間完全無制限)""]}"
amazon_jp,hk,【中国・香港 SIM】8日間 5GB OMIRA | 高速データ | プリペイドSIM | データ通信専用（電話番号なし） | LINE相談受付中 | 日本語説明書付 SIMピン付 シム OMIRA,690,43,,,,,543,3일,3일,8일,unknown,lte_4g_only,,,"{""cmhk"": null, ""csl"": null, ""smartone"": null, ""three_hk"": null}","{""skt"": null, ""kt"": null, ""lgu"": null}",5GB,https://www.amazon.co.jp/SIM%E3%80%918%E6%97%A5%E9%96%93-%E3%83%97%E3%83%AA%E3%83%9A%E3%82%A4%E3%83%89SIM-%E3%83%87%E3%83%BC%E3%82%BF%E9%80%9A%E4%BF%A1%E5%B0%82%E7%94%A8%EF%BC%88%E9%9B%BB%E8%A9%B1%E7%95%AA%E5%8F%B7%E3%81%AA%E3%81%97%EF%BC%89-LINE%E7%9B%B8%E8%AB%87%E5%8F%97%E4%BB%98%E4%B8%AD-%E6%97%A5%E6%9C%AC%E8%AA%9E%E8%AA%AC%E6%98%8E%E6%9B%B8%E4%BB%98/dp/B0F9LDMXGF,B0F9LDMXGF,B0F9LDMXGF,DeSiM,DeSiMのストアを表示,"{""price_jpy"": [""￥690""], ""usage_validity"": [""【SKTelecoｍ公式認証】 韓国eSIM 3日間 (72時間) 電話番号付き 超高速データ無制限 最初の5分発信無料(韓国国内) お急ぎの方即時発行可(LINE相談受付中) 有効期限／ご購入日より120日以内 現地空港サポート(SKTelecomローミングセンター) SKテレコム正規品 韓国SIMカードタイプではありません""], ""activation_validity"": [""【中国・香港 SIM】8日間 5GB OMIRA | 高速データ | プリペイドSIM | データ通信専用（電話番号なし） | LINE相談受付中 | 日本語説明書付 SIMピン付 シム OMIRA""], ""data_amount"": [""【中国・香港 SIM】8日間 5GB OMIRA | 高速データ | プリペイドSIM | データ通信専用（電話番号なし） | LINE相談受付中 | 日本語説明書付 SIMピン付 シム OMIRA""], ""network_type"": [""local_signal: 【SKTelecoｍ公式認証】 韓国eSIM 3日間 (72時間) 電話番号付き 超高速データ無制限 最初の5分発信無料(韓国国内) お急ぎの方即時発行可(LINE相談受付中) 有効期限／ご購入日より120日以内 現地空港サポート(SKTelecomローミングセンター) SKテレコム正規品 韓国SIMカードタイプではありません"", ""roaming_signal: 【DeSiM】中国・香港・マカオ3日間無制限+eSIMテストサービス付き【セット】完全予約制 | 海外旅行出国前事前テストeSIMサービス - DeSiM - 渡航前の不安を解消！ | Wi-Fi使用が面倒、ローミング料金が高い、SIMやeSIMの設定が不安な方に V4"", ""insufficient_or_conflicting_signals(local=3, roaming=2)""], ""network_generation"": [""product_info_cellular_4g_lte: source:product_info_cellular: 携帯電話技術 LTE"", ""product_info_cellular_4g_lte: source:product_info_cellular: 携帯電話技術 LTE""], ""review_count"": [""detail_page: (43)""], ""bestseller_rank"": [""Amazon 売れ筋ランキング 家電＆カメラ - 49,298位 ( 家電＆カメラの売れ筋ランキングを見る ) プリペイドSIMカード - 543位""], ""title"": [""【中国・香港 SIM】8日間 5GB OMIRA | 高速データ | プリペイドSIM | データ通信専用（電話番号なし） | LINE相談受付中 | 日本語説明書付 SIMピン付 シム OMIRA""]}"
amazon_jp,hk,【Almond SIM】中国本土 simcard 7日間 7GB＋3GB高速データ 低速データ無制限 香港 マカオにも利用可能 中国ネット規制対象外 中国でもGoogle、LINE、YouTubeなど利用可能 24時間安心サポート 5G 4G-LTE対応 プリペイド SIMカード China simカード (7日間10GB高速データ),1311,71,,,,,168,3일,3일,7일,unknown,5g_capable,,,"{""cmhk"": null, ""csl"": null, ""smartone"": null, ""three_hk"": true}","{""skt"": null, ""kt"": null, ""lgu"": null}",7GB,https://www.amazon.co.jp/7GB%EF%BC%8B3GB%E9%AB%98%E9%80%9F%E3%83%87%E3%83%BC%E3%82%BF-%E4%B8%AD%E5%9B%BD%E3%83%8D%E3%83%83%E3%83%88%E8%A6%8F%E5%88%B6%E5%AF%BE%E8%B1%A1%E5%A4%96-%E4%B8%AD%E5%9B%BD%E3%81%A7%E3%82%82Google%E3%80%81LINE%E3%80%81YouTube%E3%81%AA%E3%81%A9%E5%88%A9%E7%94%A8%E5%8F%AF%E8%83%BD-24%E6%99%82%E9%96%93%E5%AE%89%E5%BF%83%E3%82%B5%E3%83%9D%E3%83%BC%E3%83%88-7%E6%97%A5%E9%96%9310GB%E9%AB%98%E9%80%9F%E3%83%87%E3%83%BC%E3%82%BF/dp/B0FKLK7L35,B0FKLK7L35,B0FKLK7L35,株式会社ビッグコネクト,bigconnectのストアを表示,"{""price_jpy"": [""￥1,311""], ""usage_validity"": [""【SKTelecoｍ公式認証】 韓国eSIM 3日間 (72時間) 電話番号付き 超高速データ無制限 最初の5分発信無料(韓国国内) お急ぎの方即時発行可(LINE相談受付中) 有効期限／ご購入日より120日以内 現地空港サポート(SKTelecomローミングセンター) SKテレコム正規品 韓国SIMカードタイプではありません""], ""activation_validity"": [""【Almond SIM】中国本土 simcard 7日間 7GB＋3GB高速データ 低速データ無制限 香港 マカオにも利用可能 中国ネット規制対象外 中国でもGoogle、LINE、YouTubeなど利用可能 24時間安心サポート 5G 4G-LTE対応 プリペイド SIMカード China simカード (7日間10GB高速データ)""], ""data_amount"": [""【データプラン】データ通信専用のSIMです。中国大陸、香港、マカオを含む利用可能なプリペイドSIMカード。利用開始日から7日間で7GB＋3GB まで4G/5G高速通信が使用可能（10GB 超過後は128kbpsを下回らない速度に低速化）7GB＋無料3GB（合計10GB）のデータがご利用可能です。中国ネット規制対象外 中国でもGoogle、LINE、YouTu""], ""network_type"": [""local_signal: 【SKTelecoｍ公式認証】 韓国eSIM 3日間 (72時間) 電話番号付き 超高速データ無制限 最初の5分発信無料(韓国国内) お急ぎの方即時発行可(LINE相談受付中) 有効期限／ご購入日より120日以内 現地空港サポート(SKTelecomローミングセンター) SKテレコム正規品 韓国SIMカードタイプではありません"", ""roaming_signal: 【中国ネット制限なし】中国本土での利用の場合は香港ローミング接続を行います。これにより中国政府のネット規制対象外となり、Google、Facebook、Twitter、Instagram等に接続可能です。中華圏渡航スケジュールに対応する手軽なプリペイドSIMカード。キャリア：中国：China Telecom 香港：3HK マカオ: CTM。"", ""insufficient_or_conflicting_signals(local=3, roaming=2)""], ""network_generation"": [""product_info_cellular_5g: source:product_info_cellular: 携帯電話技術 5G 4G-Lte"", ""product_info_cellular_5g: source:product_info_cellular: 携帯電話技術 5G 4G-Lte""], ""carrier_support_local"": [""3HK: 【中国ネット制限なし】中国本土での利用の場合は香港ローミング接続を行います。これにより中国政府のネット規制対象外となり、Google、Facebook、Twitter、Instagram等に接続可能です。中華圏渡航スケジュールに対応する手軽なプリペイドSIMカード。キャリア：中国：China Tel"", ""3HK: サービスプロバイダ 中国：China Telecom 香港：3HK マカオ: CTM""], ""review_count"": [""detail_page: (71)""], ""bestseller_rank"": [""Amazon 売れ筋ランキング 家電＆カメラ - 13,358位 ( 家電＆カメラの売れ筋ランキングを見る ) プリペイドSIMカード - 168位""], ""title"": [""【Almond SIM】中国本土 simcard 7日間 7GB＋3GB高速データ 低速データ無制限 香港 マカオにも利用可能 中国ネット規制対象外 中国でもGoogle、LINE、YouTubeなど利用可能 24時間安心サポート 5G 4G-LTE対応 プリペイド SIMカード China simカード (7日間10GB高速データ)""]}"
amazon_jp,hk,【Almond eSIM】中国本土 eSIM 7日間10GB 高速データ 香港 マカオにも利用可能 中国ネット規制対象外 中国でもGoogle、LINE、YouTubeなど利用可能 出発前の接続テスト用 日本国内500MB eSIM付 24時間安心サポート 5G 4G-LTE対応 プリペイド eSIMカード China esimカード (7日間10GB高速データ),1380,85,,,100,,24,7일,7일,,unknown,lte_4g_only,,,"{""cmhk"": null, ""csl"": null, ""smartone"": null, ""three_hk"": true}","{""skt"": null, ""kt"": null, ""lgu"": null}",10GB,https://www.amazon.co.jp/eSIM%E3%80%91%E4%B8%AD%E5%9B%BD%E6%9C%AC%E5%9C%9F-%E4%B8%AD%E5%9B%BD%E3%83%8D%E3%83%83%E3%83%88%E8%A6%8F%E5%88%B6%E5%AF%BE%E8%B1%A1%E5%A4%96-%E4%B8%AD%E5%9B%BD%E3%81%A7%E3%82%82Google%E3%80%81LINE%E3%80%81YouTube%E3%81%AA%E3%81%A9%E5%88%A9%E7%94%A8%E5%8F%AF%E8%83%BD-24%E6%99%82%E9%96%93%E5%AE%89%E5%BF%83%E3%82%B5%E3%83%9D%E3%83%BC%E3%83%88-7%E6%97%A5%E9%96%9310GB%E9%AB%98%E9%80%9F%E3%83%87%E3%83%BC%E3%82%BF/dp/B0FT2SMGHG,B0FT2SMGHG,B0FT2SMGHG,株式会社ビッグコネクト,bigconnectのストアを表示,"{""price_jpy"": [""￥1,380""], ""usage_validity"": [""【Almond eSIM】中国本土 eSIM 7日間10GB 高速データ 香港 マカオにも利用可能 中国ネット規制対象外 中国でもGoogle、LINE、YouTubeなど利用可能 出発前の接続テスト用 日本国内500MB eSIM付 24時間安心サポート 5G 4G-LTE対応 プリペイド eSIMカード China esimカード (7日間10GB高速デ""], ""data_amount"": [""【データプラン】データ通信専用のeSIMです。中国大陸、香港、マカオを含む利用可能なプリペイドeSIMカード。利用開始日から7日間で10GB まで4G/5G高速通信が使用可能。中国ネット規制対象外 中国でもGoogle、LINE、YouTubeなどVPNなしで利用可能、本人確認やSIMカード認証は不要です。""], ""network_type"": [""roaming_signal: 【中国ネット制限なし】中国本土での利用の場合は香港ローミング接続を行います。これにより中国政府のネット規制対象外となり、Google、Facebook、Twitter、Instagram等に接続可能です。中華圏渡航スケジュールに対応する手軽なプリペイドSIMカード。キャリア：中国：China Telecom 香港：3HK マカオ: CTM。"", ""insufficient_or_conflicting_signals(local=0, roaming=1)""], ""network_generation"": [""product_info_cellular_4g_lte: source:product_info_cellular: 携帯電話技術 LTE"", ""product_info_cellular_4g_lte: source:product_info_cellular: 携帯電話技術 LTE""], ""carrier_support_local"": [""3HK: 【中国ネット制限なし】中国本土での利用の場合は香港ローミング接続を行います。これにより中国政府のネット規制対象外となり、Google、Facebook、Twitter、Instagram等に接続可能です。中華圏渡航スケジュールに対応する手軽なプリペイドSIMカード。キャリア：中国：China Tel""], ""monthly_sold_count"": [""Amazon.co.jp: 【Almond eSIM】中国本土 eSIM 7日間10GB 高速データ 香港 マカオにも利用可能 中国ネット規制対象外 中国でもGoogle、LINE、YouTubeなど利用可能 出発前の接続テスト用 日本国内500MB eSIM付 24時間安心サポート 5G 4G-LTE対応 プリペイド eSIMカード China esimカ""], ""review_count"": [""detail_page: (85)""], ""bestseller_rank"": [""Amazon 売れ筋ランキング 家電＆カメラ - 2,632位 ( 家電＆カメラの売れ筋ランキングを見る ) プリペイドSIMカード - 24位""], ""title"": [""【Almond eSIM】中国本土 eSIM 7日間10GB 高速データ 香港 マカオにも利用可能 中国ネット規制対象外 中国でもGoogle、LINE、YouTubeなど利用可能 出発前の接続テスト用 日本国内500MB eSIM付 24時間安心サポート 5G 4G-LTE対応 プリペイド eSIMカード China esimカード (7日間10GB高速データ)""]}"
amazon_jp,hk,【香港eSIM】マカオeSIM 3日間 高速データ通信無制限使い放題 出発前のお試しに便利 日本国内500MB付き データ通信専用 当日納品可能 QR簡单設定 緊急利用（Lineまで連絡）Hong Kong Macao eSIM メール登録で納品 mewfi,1480,51,,,,,555,3일,3일,3일,unknown,lte_4g_only,,,"{""cmhk"": null, ""csl"": null, ""smartone"": null, ""three_hk"": null}","{""skt"": null, ""kt"": null, ""lgu"": null}",unlimited,https://www.amazon.co.jp/%E3%80%90%E9%A6%99%E6%B8%AFeSIM%E3%80%91%E3%83%9E%E3%82%AB%E3%82%AAeSIM-3%E6%97%A5%E9%96%93-%E9%AB%98%E9%80%9F%E3%83%87%E3%83%BC%E3%82%BF%E9%80%9A%E4%BF%A1%E7%84%A1%E5%88%B6%E9%99%90%E4%BD%BF%E3%81%84%E6%94%BE%E9%A1%8C-%E7%B7%8A%E6%80%A5%E5%88%A9%E7%94%A8%EF%BC%88Line%E3%81%BE%E3%81%A7%E9%80%A3%E7%B5%A1%EF%BC%89Hong-mewfi/dp/B0CPYCDVGY,B0CPYCDVGY,B0CPYCDVGY,Mewfi 正規販売店,mewfiのストアを表示,"{""price_jpy"": [""￥1,480""], ""usage_validity"": [""【香港eSIM】マカオeSIM 3日間 高速データ通信無制限使い放題 出発前のお試しに便利 日本国内500MB付き データ通信専用 当日納品可能 QR簡单設定 緊急利用（Lineまで連絡）Hong Kong Macao eSIM メール登録で納品 mewfi""], ""activation_validity"": [""【SKTelecoｍ公式認証】 韓国eSIM 3日間 (72時間) 電話番号付き 超高速データ無制限 最初の5分発信無料(韓国国内) お急ぎの方即時発行可(LINE相談受付中) 有効期限／ご購入日より120日以内 現地空港サポート(SKTelecomローミングセンター) SKテレコム正規品 韓国SIMカードタイプではありません""], ""data_amount"": [""【高速データ通信】このeSIMカードは、香港、マカオで利用でき、高速かつ安定した無制限のデータ通信を提供します。ネットワーク速度が速く、安定性に優れています。マカオに到着後、必ずeSIMのローミングを有効にしてください。""], ""network_type"": [""local_signal: 【チョコSIM 定額（Sプラン）】【中国の電話番号付きでアプリや施設サービスのSMS認証が可能】【データ容量】合計500MB/月【音声】合計20分間/月 データ/音声/SMS付きSIMカード 中国SIM マカオSIM China unicom ※こちらのSIMカードは契約後、毎月の基本料が発生いたします。※2024年11月1日から台湾でのご利用はできなくなり"", ""roaming_signal: 【高速データ通信】このeSIMカードは、香港、マカオで利用でき、高速かつ安定した無制限のデータ通信を提供します。ネットワーク速度が速く、安定性に優れています。マカオに到着後、必ずeSIMのローミングを有効にしてください。"", ""insufficient_or_conflicting_signals(local=6, roaming=2)""], ""network_generation"": [""product_info_cellular_4g_lte: source:product_info_cellular: 携帯電話技術 LTE"", ""product_info_cellular_4g_lte: source:product_info_cellular: 携帯電話技術 LTE""], ""review_count"": [""detail_page: (51)""], ""bestseller_rank"": [""Amazon 売れ筋ランキング 家電＆カメラ - 51,067位 ( 家電＆カメラの売れ筋ランキングを見る ) プリペイドSIMカード - 555位""], ""title"": [""【香港eSIM】マカオeSIM 3日間 高速データ通信無制限使い放題 出発前のお試しに便利 日本国内500MB付き データ通信専用 当日納品可能 QR簡单設定 緊急利用（Lineまで連絡）Hong Kong Macao eSIM メール登録で納品 mewfi""]}"
amazon_jp,hk,香港 マカオ ESIMプラン 5日間 完全無制限 4G-LTE 高速データ 使い放題 当日発行可能 出発前日本テスト用eSIM500MB 香港 マカオ プリペイドSIM 香港 esim 香港 マカオsim (5日間完全無制限),1980,392,,,,,32,3일,3일,5일,local,5g_capable,,,"{""cmhk"": null, ""csl"": null, ""smartone"": true, ""three_hk"": null}","{""skt"": null, ""kt"": null, ""lgu"": null}",unlimited,https://www.amazon.co.jp/ESIM%E3%83%97%E3%83%A9%E3%83%B3-4G-LTE-%E5%BD%93%E6%97%A5%E7%99%BA%E8%A1%8C%E5%8F%AF%E8%83%BD-%E3%83%97%E3%83%AA%E3%83%9A%E3%82%A4%E3%83%89SIM-5%E6%97%A5%E9%96%93%E5%AE%8C%E5%85%A8%E7%84%A1%E5%88%B6%E9%99%90/dp/B0CPY278Q9,B0CPY278Q9,B0CPY278Q9,株式会社ビッグコネクト,bigconnectのストアを表示,"{""price_jpy"": [""￥1,980""], ""usage_validity"": [""【SKTelecoｍ公式認証】 韓国eSIM 3日間 (72時間) 電話番号付き 超高速データ無制限 最初の5分発信無料(韓国国内) お急ぎの方即時発行可(LINE相談受付中) 有効期限／ご購入日より120日以内 現地空港サポート(SKTelecomローミングセンター) SKテレコム正規品 韓国SIMカードタイプではありません""], ""activation_validity"": [""香港 マカオ ESIMプラン 5日間 完全無制限 4G-LTE 高速データ 使い放題 当日発行可能 出発前日本テスト用eSIM500MB 香港 マカオ プリペイドSIM 香港 esim 香港 マカオsim (5日間完全無制限)""], ""data_amount"": [""【高速データ完全無制限】 通信専用eSIMになります。※データ容量無制限。高速データ使い放題※現地時間の00:00-23：59区切りで、カウントされます。有効期限は、メールでのQRコード発行後1カ月です。""], ""network_type"": [""【現地キャリア利用】香港 マカオで使用できるeSIM、香港 マカオ渡航スケジュールに対応する手軽なeSIMカード。キャリア：香港：Smartone、HKT、3 マカオ:CTM ，香港 マカオでは信号が広く、ネットワークが安定し、速度が速いです。eSIMのsimカードはプリペイドsimカードと違って、挿入作業不要(iPhone・androidともeSIMのQR"", ""【チョコSIM 定額（Sプラン）】【中国の電話番号付きでアプリや施設サービスのSMS認証が可能】【データ容量】合計500MB/月【音声】合計20分間/月 データ/音声/SMS付きSIMカード 中国SIM マカオSIM China unicom ※こちらのSIMカードは契約後、毎月の基本料が発生いたします。※2024年11月1日から台湾でのご利用はできなくなり"", ""score: local=9, roaming=0""], ""network_generation"": [""product_info_cellular_5g: source:product_info_cellular: 携帯電話技術 5G LTE"", ""product_info_cellular_5g: source:product_info_cellular: 携帯電話技術 5G LTE""], ""carrier_support_local"": [""SmarTone: 【現地キャリア利用】香港 マカオで使用できるeSIM、香港 マカオ渡航スケジュールに対応する手軽なeSIMカード。キャリア：香港：Smartone、HKT、3 マカオ:CTM ，香港 マカオでは信号が広く、ネットワークが安定し、速度が速いです。eSIMのsimカードはプリペイドsimカードと違って、"", ""SmarTone: サービスプロバイダ Smartone, HKT, 3, CTM""], ""review_count"": [""detail_page: (392)""], ""bestseller_rank"": [""Amazon 売れ筋ランキング 家電＆カメラ - 3,356位 ( 家電＆カメラの売れ筋ランキングを見る ) プリペイドSIMカード - 32位""], ""title"": [""香港 マカオ ESIMプラン 5日間 完全無制限 4G-LTE 高速データ 使い放題 当日発行可能 出発前日本テスト用eSIM500MB 香港 マカオ プリペイドSIM 香港 esim 香港 マカオsim (5日間完全無制限)""]}"
amazon_jp,hk,【中国 香港 マカオ eSIM】5日間 無制限 実名登録不要 高速データ通信 低速なし 中国ネット規制対象外 Line、Youtube、GoogleなどVPNなしで利用可能 QRコード設定 メール登録で納品 即日発行対応 急ぎの方LINEサポートあり 中国sim 香港sim マカオsim マグロeSIM,1691,185,,,100,,30,1일,1일,5일,unknown,lte_4g_only,,,"{""cmhk"": null, ""csl"": null, ""smartone"": null, ""three_hk"": null}","{""skt"": null, ""kt"": null, ""lgu"": null}",unlimited,https://www.amazon.co.jp/eSIM%E3%80%915%E6%97%A5%E9%96%93-%E4%B8%AD%E5%9B%BD%E3%83%8D%E3%83%83%E3%83%88%E8%A6%8F%E5%88%B6%E5%AF%BE%E8%B1%A1%E5%A4%96-Line%E3%80%81Youtube%E3%80%81Google%E3%81%AA%E3%81%A9VPN%E3%81%AA%E3%81%97%E3%81%A7%E5%88%A9%E7%94%A8%E5%8F%AF%E8%83%BD-%E6%80%A5%E3%81%8E%E3%81%AE%E6%96%B9LINE%E3%82%B5%E3%83%9D%E3%83%BC%E3%83%88%E3%81%82%E3%82%8A-%E3%83%9E%E3%82%B0%E3%83%ADeSIM/dp/B0DRVDQ1WP,B0DRVDQ1WP,B0DRVDQ1WP,マグロeSIM,マグロeSIMのストアを表示,"{""price_jpy"": [""￥1,691""], ""usage_validity"": [""【注意事項①】有効期限：eSIM QRコードを受け取ってから90日間です（有効期間内にご利用ください）。eSIMの使用期間については、24時間を1日とカウントされますので、ご了承ください。""], ""activation_validity"": [""【中国 香港 マカオ eSIM】5日間 無制限 実名登録不要 高速データ通信 低速なし 中国ネット規制対象外 Line、Youtube、GoogleなどVPNなしで利用可能 QRコード設定 メール登録で納品 即日発行対応 急ぎの方LINEサポートあり 中国sim 香港sim マカオsim マグロeSIM""], ""data_amount"": [""【特徴①】本商品は、高速データ通信が無制限に使用可能です。さらに、日本国内で使用できる500MBのデータも含まれており、詳しい情報は、予約後にお送りするメールの説明書をご確認ください。""], ""network_type"": [""local_signal: 【チョコSIM 定額（Sプラン）】【中国の電話番号付きでアプリや施設サービスのSMS認証が可能】【データ容量】合計500MB/月【音声】合計20分間/月 データ/音声/SMS付きSIMカード 中国SIM マカオSIM China unicom ※こちらのSIMカードは契約後、毎月の基本料が発生いたします。※2024年11月1日から台湾でのご利用はできなくなり"", ""roaming_signal: 商品の説明 購入前にご注意！ 注意事項①：ご購入後、商品画像に記載されたURLにアクセスし必要事項を入力→メールアドレスにPDFの説明書とeSIMのQRコードが届きます！ 注意事項②：SIMロックフリー端末、もしくはSIMフリー端末専用のサービスです。必ず、ご利用端末がeSIM対応かどうかご確認ください。 注意事項③：eSIM対応端末のみ利用可能。※通信キャ"", ""insufficient_or_conflicting_signals(local=6, roaming=3)""], ""network_generation"": [""product_info_cellular_4g_lte: source:product_info_cellular: 携帯電話技術 LTE"", ""product_info_cellular_4g_lte: source:product_info_cellular: 携帯電話技術 LTE""], ""monthly_sold_count"": [""Amazon.co.jp: 【中国 香港 マカオ eSIM】5日間 無制限 実名登録不要 高速データ通信 低速なし 中国ネット規制対象外 Line、Youtube、GoogleなどVPNなしで利用可能 QRコード設定 メール登録で納品 即日発行対応 急ぎの方LINEサポートあり 中国sim 香港sim マカオsim マグロeSIM : 家電＆カメラ 次に移動""], ""review_count"": [""detail_page: (185)""], ""bestseller_rank"": [""Amazon 売れ筋ランキング 家電＆カメラ - 3,257位 ( 家電＆カメラの売れ筋ランキングを見る ) プリペイドSIMカード - 30位""], ""title"": [""【中国 香港 マカオ eSIM】5日間 無制限 実名登録不要 高速データ通信 低速なし 中国ネット規制対象外 Line、Youtube、GoogleなどVPNなしで利用可能 QRコード設定 メール登録で納品 即日発行対応 急ぎの方LINEサポートあり 中国sim 香港sim マカオsim マグロeSIM""]}"
amazon_jp,hk,【Almond eSIM】中国 香港 マカオ eSIM 3日間3GB 高速データ通信 当日発行可能 中国ネット規制対象外 中国でもGoogle、LINE、YouTubeなどVPNなしで利用可能 24時間サポート 4G-LTE対応 プリペイド ESIMプラン China HONGKONG Macou simカード (3日間3GB),880,30,,,,,39,3일,3일,3일,local,5g_capable,,,"{""cmhk"": null, ""csl"": null, ""smartone"": null, ""three_hk"": null}","{""skt"": null, ""kt"": null, ""lgu"": null}",3GB,https://www.amazon.co.jp/3%E6%97%A5%E9%96%933GB-%E4%B8%AD%E5%9B%BD%E3%83%8D%E3%83%83%E3%83%88%E8%A6%8F%E5%88%B6%E5%AF%BE%E8%B1%A1%E5%A4%96-%E4%B8%AD%E5%9B%BD%E3%81%A7%E3%82%82Google%E3%80%81LINE%E3%80%81YouTube%E3%81%AA%E3%81%A9VPN%E3%81%AA%E3%81%97%E3%81%A7%E5%88%A9%E7%94%A8%E5%8F%AF%E8%83%BD-24%E6%99%82%E9%96%93%E3%82%B5%E3%83%9D%E3%83%BC%E3%83%88-4G-LTE%E5%AF%BE%E5%BF%9C/dp/B0F1TC4TD5,B0F1TC4TD5,B0F1TC4TD5,株式会社ビッグコネクト,bigconnectのストアを表示,"{""price_jpy"": [""￥880""], ""usage_validity"": [""【Almond eSIM】中国 香港 マカオ eSIM 3日間3GB 高速データ通信 当日発行可能 中国ネット規制対象外 中国でもGoogle、LINE、YouTubeなどVPNなしで利用可能 24時間サポート 4G-LTE対応 プリペイド ESIMプラン China HONGKONG Macou simカード (3日間3GB)""], ""activation_validity"": [""【SKTelecoｍ公式認証】 韓国eSIM 3日間 (72時間) 電話番号付き 超高速データ無制限 最初の5分発信無料(韓国国内) お急ぎの方即時発行可(LINE相談受付中) 有効期限／ご購入日より120日以内 現地空港サポート(SKTelecomローミングセンター) SKテレコム正規品 韓国SIMカードタイプではありません""], ""data_amount"": [""【データプラン】データ通信専用のeSIMです。中国大陸、香港、マカオを含む利用可能なeSIMカード。※データ容量：3日間3GB高速データ。3GBを超えると、通信が止まります。中国ネット規制対象外 中国でもGoogle、LINE、YouTubeなどVPNなしで利用可能、本人確認やSIMカード認証は不要。""], ""network_type"": [""【チョコSIM 定額（Sプラン）】【中国の電話番号付きでアプリや施設サービスのSMS認証が可能】【データ容量】合計500MB/月【音声】合計20分間/月 データ/音声/SMS付きSIMカード 中国SIM マカオSIM China unicom ※こちらのSIMカードは契約後、毎月の基本料が発生いたします。※2024年11月1日から台湾でのご利用はできなくなり"", ""【SKTelecoｍ公式認証】 韓国eSIM 3日間 (72時間) 電話番号付き 超高速データ無制限 最初の5分発信無料(韓国国内) お急ぎの方即時発行可(LINE相談受付中) 有効期限／ご購入日より120日以内 現地空港サポート(SKTelecomローミングセンター) SKテレコム正規品 韓国SIMカードタイプではありません"", ""score: local=6, roaming=0""], ""network_generation"": [""product_info_cellular_5g: source:product_info_cellular: 携帯電話技術 LTE 5G"", ""product_info_cellular_5g: source:product_info_cellular: 携帯電話技術 LTE 5G"", ""product_info_cellular_4g_lte_signal_present_but_5g_capable_takes_precedence""], ""review_count"": [""detail_page: (30)""], ""bestseller_rank"": [""Amazon 売れ筋ランキング 家電＆カメラ - 59,512位 ( 家電＆カメラの売れ筋ランキングを見る ) 定期契約SIMカード - 39位""], ""title"": [""【Almond eSIM】中国 香港 マカオ eSIM 3日間3GB 高速データ通信 当日発行可能 中国ネット規制対象外 中国でもGoogle、LINE、YouTubeなどVPNなしで利用可能 24時間サポート 4G-LTE対応 プリペイド ESIMプラン China HONGKONG Macou simカード (3日間3GB)""]}"
amazon_jp,hk,【中国 香港 マカオeSIM】4日間 高速データ通信 低速なし 完全無制限 実名登録不要 中国ネット規制対象外 使い放題｜Google LINE YouTubeなどVPNなしで利用可能｜中国 simカード 香港sim マカオsim マカオeSIM プリペイド SIM eSIM｜旅行・出張・留学｜安心サポート 5G 4G-LTE対応 当日発行可能,1150,25,,,,,184,1일,1일,4일,unknown,5g_capable,,,"{""cmhk"": null, ""csl"": null, ""smartone"": true, ""three_hk"": null}","{""skt"": null, ""kt"": null, ""lgu"": null}",unlimited,https://www.amazon.co.jp/%E3%83%9E%E3%82%AB%E3%82%AAeSIM%E3%80%914%E6%97%A5%E9%96%93-%E4%B8%AD%E5%9B%BD%E3%83%8D%E3%83%83%E3%83%88%E8%A6%8F%E5%88%B6%E5%AF%BE%E8%B1%A1%E5%A4%96-%E4%BD%BF%E3%81%84%E6%94%BE%E9%A1%8C%EF%BD%9CGoogle-YouTube%E3%81%AA%E3%81%A9VPN%E3%81%AA%E3%81%97%E3%81%A7%E5%88%A9%E7%94%A8%E5%8F%AF%E8%83%BD%EF%BD%9C%E4%B8%AD%E5%9B%BD-eSIM%EF%BD%9C%E6%97%85%E8%A1%8C%E3%83%BB%E5%87%BA%E5%BC%B5%E3%83%BB%E7%95%99%E5%AD%A6%EF%BD%9C%E5%AE%89%E5%BF%83%E3%82%B5%E3%83%9D%E3%83%BC%E3%83%88/dp/B0FDG6B86T,B0FDG6B86T,B0FDG6B86T,Global Travel SIM Card,onetoneのストアを表示,"{""price_jpy"": [""￥1,150""], ""usage_validity"": [""【有効期限について】eSIM カードはアクティベーション前の有効期限が 365 日です。アクティベーション後の有効期間は購入した日数と一致し、24 時間を 1 日として計算されます""], ""activation_validity"": [""【中国 香港 マカオeSIM】4日間 高速データ通信 低速なし 完全無制限 実名登録不要 中国ネット規制対象外 使い放題｜Google LINE YouTubeなどVPNなしで利用可能｜中国 simカード 香港sim マカオsim マカオeSIM プリペイド SIM eSIM｜旅行・出張・留学｜安心サポート 5G 4G-LTE対応 当日発行可能""], ""data_amount"": [""Amazon.co.jp: 【中国 香港 マカオeSIM】4日間 高速データ通信 低速なし 完全無制限 実名登録不要 中国ネット規制対象外 使い放題｜Google LINE YouTubeなどVPNなしで利用可能｜中国 simカード 香港sim マカオsim マカオeSIM プリペイド SIM eSIM｜旅行・出張・留学｜安心サポート 5G 4G-LTE対応""], ""network_type"": [""local_signal: 【チョコSIM 定額（Sプラン）】【中国の電話番号付きでアプリや施設サービスのSMS認証が可能】【データ容量】合計500MB/月【音声】合計20分間/月 データ/音声/SMS付きSIMカード 中国SIM マカオSIM China unicom ※こちらのSIMカードは契約後、毎月の基本料が発生いたします。※2024年11月1日から台湾でのご利用はできなくなり"", ""roaming_signal: 商品の説明 注意事項： 1. eSIMが提供する機能とサービス 現在のeSIMはデータ通信のみサポートしており、音声通話およびSMS機能はサポートしていません。 2. スマートフォンがeSIMをサポートしているかどうかの確認方法 「通話」画面で`*#06#`を入力すると、EID情報が表示されます。これはスマートフォンがeSIMのインストールをサポートしている"", ""insufficient_or_conflicting_signals(local=6, roaming=3)""], ""network_generation"": [""product_info_cellular_5g: source:product_info_cellular: 携帯電話技術 5G, 4G LTE"", ""product_info_cellular_5g: source:product_info_cellular: 携帯電話技術 5G, 4G LTE""], ""carrier_support_local"": [""SmarTone: サービスプロバイダ China mobile/Smartone"", ""SmarTone: Amazon.co.jp: 【中国 香港 マカオeSIM】4日間 高速データ通信 低速なし 完全無制限 実名登録不要 中国ネット規制対象外 使い放題｜Google LINE YouTubeなどVPNなしで利用可能｜中国 simカード 香港sim マカオsim マカオeSIM プリペイド SIM eS""], ""review_count"": [""detail_page: (25)""], ""bestseller_rank"": [""Amazon 売れ筋ランキング 家電＆カメラ - 13,649位 ( 家電＆カメラの売れ筋ランキングを見る ) プリペイドSIMカード - 184位""], ""title"": [""【中国 香港 マカオeSIM】4日間 高速データ通信 低速なし 完全無制限 実名登録不要 中国ネット規制対象外 使い放題｜Google LINE YouTubeなどVPNなしで利用可能｜中国 simカード 香港sim マカオsim マカオeSIM プリペイド SIM eSIM｜旅行・出張・留学｜安心サポート 5G 4G-LTE対応 当日発行可能""]}"
amazon_jp,hk,香港 マカオ simcard 3GB/日 大容量 高速データ通信 低速データ無制限 使い放題 プリペイド SIMカードsimcard 香港simcard マカオ simcard 香港sim マカオ sim (3日間),990,104,,,,,607,3일,3일,3일,unknown,lte_4g_only,,,"{""cmhk"": null, ""csl"": null, ""smartone"": true, ""three_hk"": null}","{""skt"": null, ""kt"": null, ""lgu"": null}",unlimited,https://www.amazon.co.jp/simcard-%E4%BD%8E%E9%80%9F%E3%83%87%E3%83%BC%E3%82%BF%E7%84%A1%E5%88%B6%E9%99%90-SIM%E3%82%AB%E3%83%BC%E3%83%89simcard-%E9%A6%99%E6%B8%AFsimcard-3%E6%97%A5%E9%96%93/dp/B0CNCTBQWR,B0CNCTBQWR,B0CNCTBQWR,株式会社ビッグコネクト,bigconnectのストアを表示,"{""price_jpy"": [""￥990""], ""usage_validity"": [""香港 マカオ simcard 3GB/日 大容量 高速データ通信 低速データ無制限 使い放題 プリペイド SIMカードsimcard 香港simcard マカオ simcard 香港sim マカオ sim (3日間)""], ""activation_validity"": [""大中華区SIMカード-中国、香港、マカオ、台湾向けプリペイドデータプラン｜1 GB毎日データ、3日有効期限｜高速4/5 G LTE｜旅行者に最適""], ""data_amount"": [""【大容量高速通信】香港 マカオで利用可能なプリペイドSIMカード。安定した4G-lte高速データ通信。キャリア：香港：Smartone、HKT、3 マカオ:CTM 。※データ容量無制限。ただしデータ一日使用量が3GBに達すると最大通信速度が128kbpsに低下します。翌日の香港時間0時自動的にスピード制限を解除します。デザリングも使用できます。128kbps""], ""network_type"": [""local_signal: 【チョコSIM 定額（Sプラン）】【中国の電話番号付きでアプリや施設サービスのSMS認証が可能】【データ容量】合計500MB/月【音声】合計20分間/月 データ/音声/SMS付きSIMカード 中国SIM マカオSIM China unicom ※こちらのSIMカードは契約後、毎月の基本料が発生いたします。※2024年11月1日から台湾でのご利用はできなくなり"", ""roaming_signal: 商品の説明 【Almond sim】Almond SIMは、お客様が安定したネットワーク環境で快適に旅行を楽しめるように努めております。 運営会社である株式会社ビッグコネクト（電気通信事業者登録番号A-04-20504）が、 24時間年中無休 のカスタマーサポートは、日本語、英語、中国語、韓国語で対応しております。 商品に関することや設定方法、その他不明点が"", ""insufficient_or_conflicting_signals(local=6, roaming=3)""], ""network_generation"": [""product_info_cellular_4g_lte: source:product_info_cellular: 携帯電話技術 LTE"", ""product_info_cellular_4g_lte: source:product_info_cellular: 携帯電話技術 LTE""], ""carrier_support_local"": [""SmarTone: 【大容量高速通信】香港 マカオで利用可能なプリペイドSIMカード。安定した4G-lte高速データ通信。キャリア：香港：Smartone、HKT、3 マカオ:CTM 。※データ容量無制限。ただしデータ一日使用量が3GBに達すると最大通信速度が128kbpsに低下します。翌日の香港時間0時自動的にスピー"", ""SmarTone: サービスプロバイダ Smartone, HKT, 3, CTM"", ""SmarTone: Amazon.co.jp: 香港 マカオ simcard 3GB/日 大容量 高速データ通信 低速データ無制限 使い放題 プリペイド SIMカードsimcard 香港simcard マカオ simcard 香港sim マカオ sim (3日間) : 家電＆カメラ 次に移動 メインコンテンツ この商品""], ""review_count"": [""detail_page: (104)""], ""bestseller_rank"": [""Amazon 売れ筋ランキング 家電＆カメラ - 59,488位 ( 家電＆カメラの売れ筋ランキングを見る ) プリペイドSIMカード - 607位""], ""title"": [""香港 マカオ simcard 3GB/日 大容量 高速データ通信 低速データ無制限 使い放題 プリペイド SIMカードsimcard 香港simcard マカオ simcard 香港sim マカオ sim (3日間)""]}"
amazon_jp,hk,【Almond SIM】中国本土・香港・マカオ対応 プリペイドSIMカード 7日間 10GB高速データ＋無制限低速データ 中国ネット規制対象外 Google/LINE/YouTube利用可 24時間多言語サポート 5G/4G対応 (7日間10GB高速データ),1380,41,,,,,205,7일,7일,,roaming,5g_capable,,,"{""cmhk"": null, ""csl"": null, ""smartone"": null, ""three_hk"": true}","{""skt"": null, ""kt"": null, ""lgu"": null}",10GB,https://www.amazon.co.jp/SIM%E3%80%91%E4%B8%AD%E5%9B%BD%E6%9C%AC%E5%9C%9F%E3%83%BB%E9%A6%99%E6%B8%AF%E3%83%BB%E3%83%9E%E3%82%AB%E3%82%AA%E5%AF%BE%E5%BF%9C-%E3%83%97%E3%83%AA%E3%83%9A%E3%82%A4%E3%83%89SIM%E3%82%AB%E3%83%BC%E3%83%89-10GB%E9%AB%98%E9%80%9F%E3%83%87%E3%83%BC%E3%82%BF%EF%BC%8B%E7%84%A1%E5%88%B6%E9%99%90%E4%BD%8E%E9%80%9F%E3%83%87%E3%83%BC%E3%82%BF-24%E6%99%82%E9%96%93%E5%A4%9A%E8%A8%80%E8%AA%9E%E3%82%B5%E3%83%9D%E3%83%BC%E3%83%88-7%E6%97%A5%E9%96%9310GB%E9%AB%98%E9%80%9F%E3%83%87%E3%83%BC%E3%82%BF/dp/B0FT7DH8PW,B0FT7DH8PW,B0FT7DH8PW,株式会社ビッグコネクト,bigconnectのストアを表示,"{""price_jpy"": [""￥1,380""], ""usage_validity"": [""【Almond SIM】中国本土・香港・マカオ対応 プリペイドSIMカード 7日間 10GB高速データ＋無制限低速データ 中国ネット規制対象外 Google/LINE/YouTube利用可 24時間多言語サポート 5G/4G対応 (7日間10GB高速データ)""], ""data_amount"": [""【データプラン】 データ通信専用プリペイドSIM。中国大陸・香港・マカオで利用可能。利用開始から7日間で合計10GBの高速データ通信が可能。10GBを超過した場合も、128kbps以下にならない低速通信が無制限でご利用いただけます。本人確認やSIM登録は不要です。""], ""network_type"": [""【中国ネット規制なし】 中国本土では香港回線をローミング利用するため、中国政府のネット規制対象外となります。これにより、Google、LINE、Facebook、Twitter、YouTube、InstagramなどのサービスをVPN不要でご利用いただけます。キャリア：中国：中国電信（China Telecom）／香港：3HK／マカオ：CTM。"", ""中国本土旅行者向けeSIMカード、5日間プラン、1GBデータ使い放題、高速4/5G、ローミング料金無料 | 中国旅行に最適"", ""score: local=0, roaming=3""], ""network_generation"": [""product_info_cellular_5g: source:product_info_cellular: 携帯電話技術 5G 4G-Lte"", ""product_info_cellular_5g: source:product_info_cellular: 携帯電話技術 5G 4G-Lte""], ""carrier_support_local"": [""3HK: 【中国ネット規制なし】 中国本土では香港回線をローミング利用するため、中国政府のネット規制対象外となります。これにより、Google、LINE、Facebook、Twitter、YouTube、InstagramなどのサービスをVPN不要でご利用いただけます。キャリア：中国：中国電信（China T"", ""3HK: サービスプロバイダ 中国：China Telecom 香港：3HK マカオ: CTM"", ""3HK: Amazon.co.jp: 【Almond SIM】中国本土・香港・マカオ対応 プリペイドSIMカード 7日間 10GB高速データ＋無制限低速データ 中国ネット規制対象外 Google/LINE/YouTube利用可 24時間多言語サポート 5G/4G対応 (7日間10GB高速データ) : 家電＆カ""], ""review_count"": [""detail_page: (41)""], ""bestseller_rank"": [""Amazon 売れ筋ランキング 家電＆カメラ - 15,641位 ( 家電＆カメラの売れ筋ランキングを見る ) プリペイドSIMカード - 205位""], ""title"": [""【Almond SIM】中国本土・香港・マカオ対応 プリペイドSIMカード 7日間 10GB高速データ＋無制限低速データ 中国ネット規制対象外 Google/LINE/YouTube利用可 24時間多言語サポート 5G/4G対応 (7日間10GB高速データ)""]}"
amazon_jp,hk,【中国 香港 マカオ eSIM】4日間 無制限 実名登録不要 高速データ通信 低速なし 中国ネット規制対象外 Line、Youtube、GoogleなどVPNなしで利用可能 QRコード設定 メール登録で納品 即日発行対応 急ぎの方LINEサポートあり 中国sim 香港sim マカオsim,1545,185,,,50,,30,1일,1일,4일,unknown,lte_4g_only,,,"{""cmhk"": null, ""csl"": null, ""smartone"": null, ""three_hk"": null}","{""skt"": null, ""kt"": null, ""lgu"": null}",unlimited,https://www.amazon.co.jp/eSIM%E3%80%914%E6%97%A5%E9%96%93-%E4%B8%AD%E5%9B%BD%E3%83%8D%E3%83%83%E3%83%88%E8%A6%8F%E5%88%B6%E5%AF%BE%E8%B1%A1%E5%A4%96-Line%E3%80%81Youtube%E3%80%81Google%E3%81%AA%E3%81%A9VPN%E3%81%AA%E3%81%97%E3%81%A7%E5%88%A9%E7%94%A8%E5%8F%AF%E8%83%BD-%E3%83%A1%E3%83%BC%E3%83%AB%E7%99%BB%E9%8C%B2%E3%81%A7%E7%B4%8D%E5%93%81-%E6%80%A5%E3%81%8E%E3%81%AE%E6%96%B9LINE%E3%82%B5%E3%83%9D%E3%83%BC%E3%83%88%E3%81%82%E3%82%8A/dp/B0FH9K13N7,B0FH9K13N7,B0FH9K13N7,マグロeSIM,マグロeSIMのストアを表示,"{""price_jpy"": [""￥1,545""], ""usage_validity"": [""【注意事項①】有効期限：eSIM QRコードを受け取ってから90日間です（有効期間内にご利用ください）。eSIMの使用期間については、24時間を1日とカウントされますので、ご了承ください。""], ""activation_validity"": [""【中国 香港 マカオ eSIM】4日間 無制限 実名登録不要 高速データ通信 低速なし 中国ネット規制対象外 Line、Youtube、GoogleなどVPNなしで利用可能 QRコード設定 メール登録で納品 即日発行対応 急ぎの方LINEサポートあり 中国sim 香港sim マカオsim""], ""data_amount"": [""【特徴①】本商品は、高速データ通信が無制限に使用可能です。さらに、日本国内で使用できる500MBのデータも含まれており、詳しい情報は、予約後にお送りするメールの説明書をご確認ください。""], ""network_type"": [""local_signal: 【チョコSIM 定額（Sプラン）】【中国の電話番号付きでアプリや施設サービスのSMS認証が可能】【データ容量】合計500MB/月【音声】合計20分間/月 データ/音声/SMS付きSIMカード 中国SIM マカオSIM China unicom ※こちらのSIMカードは契約後、毎月の基本料が発生いたします。※2024年11月1日から台湾でのご利用はできなくなり"", ""roaming_signal: 商品の説明 購入前にご注意！ 注意事項①：ご購入後、商品画像に記載されたURLにアクセスし必要事項を入力→メールアドレスにPDFの説明書とeSIMのQRコードが届きます！ 注意事項②：SIMロックフリー端末、もしくはSIMフリー端末専用のサービスです。必ず、ご利用端末がeSIM対応かどうかご確認ください。 注意事項③：eSIM対応端末のみ利用可能。※通信キャ"", ""insufficient_or_conflicting_signals(local=6, roaming=3)""], ""network_generation"": [""product_info_cellular_4g_lte: source:product_info_cellular: 携帯電話技術 LTE"", ""product_info_cellular_4g_lte: source:product_info_cellular: 携帯電話技術 LTE""], ""monthly_sold_count"": [""Amazon.co.jp: 【中国 香港 マカオ eSIM】4日間 無制限 実名登録不要 高速データ通信 低速なし 中国ネット規制対象外 Line、Youtube、GoogleなどVPNなしで利用可能 QRコード設定 メール登録で納品 即日発行対応 急ぎの方LINEサポートあり 中国sim 香港sim マカオsim : 家電＆カメラ 次に移動 メインコンテン""], ""review_count"": [""detail_page: (185)""], ""bestseller_rank"": [""Amazon 売れ筋ランキング 家電＆カメラ - 3,152位 ( 家電＆カメラの売れ筋ランキングを見る ) プリペイドSIMカード - 30位""], ""title"": [""【中国 香港 マカオ eSIM】4日間 無制限 実名登録不要 高速データ通信 低速なし 中国ネット規制対象外 Line、Youtube、GoogleなどVPNなしで利用可能 QRコード設定 メール登録で納品 即日発行対応 急ぎの方LINEサポートあり 中国sim 香港sim マカオsim""]}"
amazon_jp,hk,【中国 香港 マカオ eSIM】3日間 無制限 実名登録不要 高速データ通信 低速なし 中国ネット規制対象外 Line、Youtube、GoogleなどVPNなしで利用可能 QRコード設定 メール登録で納品 即日発行対応 急ぎの方LINEサポートあり 中国sim 香港sim マカオsim マグロeSIM,1422,185,,,,,30,1일,1일,3일,unknown,lte_4g_only,,,"{""cmhk"": null, ""csl"": null, ""smartone"": null, ""three_hk"": null}","{""skt"": null, ""kt"": null, ""lgu"": null}",unlimited,https://www.amazon.co.jp/eSIM%E3%80%913%E6%97%A5%E9%96%93-%E4%B8%AD%E5%9B%BD%E3%83%8D%E3%83%83%E3%83%88%E8%A6%8F%E5%88%B6%E5%AF%BE%E8%B1%A1%E5%A4%96-Line%E3%80%81Youtube%E3%80%81Google%E3%81%AA%E3%81%A9VPN%E3%81%AA%E3%81%97%E3%81%A7%E5%88%A9%E7%94%A8%E5%8F%AF%E8%83%BD-%E6%80%A5%E3%81%8E%E3%81%AE%E6%96%B9LINE%E3%82%B5%E3%83%9D%E3%83%BC%E3%83%88%E3%81%82%E3%82%8A-%E3%83%9E%E3%82%B0%E3%83%ADeSIM/dp/B0DRVGJDB7,B0DRVGJDB7,B0DRVGJDB7,マグロeSIM,マグロeSIMのストアを表示,"{""price_jpy"": [""￥1,422""], ""usage_validity"": [""【注意事項①】有効期限：eSIM QRコードを受け取ってから90日間です（有効期間内にご利用ください）。eSIMの使用期間については、24時間を1日とカウントされますので、ご了承ください。""], ""activation_validity"": [""【中国 香港 マカオ eSIM】3日間 無制限 実名登録不要 高速データ通信 低速なし 中国ネット規制対象外 Line、Youtube、GoogleなどVPNなしで利用可能 QRコード設定 メール登録で納品 即日発行対応 急ぎの方LINEサポートあり 中国sim 香港sim マカオsim マグロeSIM""], ""data_amount"": [""【特徴①】本商品は、高速データ通信が無制限に使用可能です。さらに、日本国内で使用できる500MBのデータも含まれており、詳しい情報は、予約後にお送りするメールの説明書をご確認ください。""], ""network_type"": [""local_signal: 【チョコSIM 定額（Sプラン）】【中国の電話番号付きでアプリや施設サービスのSMS認証が可能】【データ容量】合計500MB/月【音声】合計20分間/月 データ/音声/SMS付きSIMカード 中国SIM マカオSIM China unicom ※こちらのSIMカードは契約後、毎月の基本料が発生いたします。※2024年11月1日から台湾でのご利用はできなくなり"", ""roaming_signal: 商品の説明 購入前にご注意！ 注意事項①：ご購入後、商品画像に記載されたURLにアクセスし必要事項を入力→メールアドレスにPDFの説明書とeSIMのQRコードが届きます！ 注意事項②：SIMロックフリー端末、もしくはSIMフリー端末専用のサービスです。必ず、ご利用端末がeSIM対応かどうかご確認ください。 注意事項③：eSIM対応端末のみ利用可能。※通信キャ"", ""insufficient_or_conflicting_signals(local=6, roaming=3)""], ""network_generation"": [""product_info_cellular_4g_lte: source:product_info_cellular: 携帯電話技術 LTE"", ""product_info_cellular_4g_lte: source:product_info_cellular: 携帯電話技術 LTE""], ""review_count"": [""detail_page: (185)""], ""bestseller_rank"": [""Amazon 売れ筋ランキング 家電＆カメラ - 3,152位 ( 家電＆カメラの売れ筋ランキングを見る ) プリペイドSIMカード - 30位""], ""title"": [""【中国 香港 マカオ eSIM】3日間 無制限 実名登録不要 高速データ通信 低速なし 中国ネット規制対象外 Line、Youtube、GoogleなどVPNなしで利用可能 QRコード設定 メール登録で納品 即日発行対応 急ぎの方LINEサポートあり 中国sim 香港sim マカオsim マグロeSIM""]}"
amazon_jp,hk,【香港・マカオ eSIM】5日間完全無制限 （低速なし）DeSiM正規卸 | LINE相談受付中 |データ通信専用（電話番号なし） simフリー端末のみ対応 説明書付 イーシム(eSIM|5日完全無制限香港ﾏｶｵ) DeSiM,2890,238,,,,,128,3일,3일,5일,unknown,lte_4g_only,,,"{""cmhk"": null, ""csl"": null, ""smartone"": null, ""three_hk"": null}","{""skt"": null, ""kt"": null, ""lgu"": null}",unlimited,https://www.amazon.co.jp/eSIM%E3%80%915%E6%97%A5%E9%96%93%E5%AE%8C%E5%85%A8%E7%84%A1%E5%88%B6%E9%99%90-%EF%BC%88%E4%BD%8E%E9%80%9F%E3%81%AA%E3%81%97%EF%BC%89DeSiM%E6%AD%A3%E8%A6%8F%E5%8D%B8-%E3%83%87%E3%83%BC%E3%82%BF%E9%80%9A%E4%BF%A1%E5%B0%82%E7%94%A8%EF%BC%88%E9%9B%BB%E8%A9%B1%E7%95%AA%E5%8F%B7%E3%81%AA%E3%81%97%EF%BC%89-sim%E3%83%95%E3%83%AA%E3%83%BC%E7%AB%AF%E6%9C%AB%E3%81%AE%E3%81%BF%E5%AF%BE%E5%BF%9C-eSIM/dp/B0CTR2XGXY,B0CTR2XGXY,B0CTR2XGXY,DeSiM,DeSiMのストアを表示,"{""price_jpy"": [""￥2,890""], ""usage_validity"": [""【SKTelecoｍ公式認証】 韓国eSIM 3日間 (72時間) 電話番号付き 超高速データ無制限 最初の5分発信無料(韓国国内) お急ぎの方即時発行可(LINE相談受付中) 有効期限／ご購入日より120日以内 現地空港サポート(SKTelecomローミングセンター) SKテレコム正規品 韓国SIMカードタイプではありません""], ""activation_validity"": [""【香港・マカオ eSIM】5日間完全無制限 （低速なし）DeSiM正規卸 | LINE相談受付中 |データ通信専用（電話番号なし） simフリー端末のみ対応 説明書付 イーシム(eSIM|5日完全無制限香港ﾏｶｵ) DeSiM""], ""data_amount"": [""商品の説明 購入前の注意事項 【注意事項】 注意事項①：電話番号は付与されませんので、ご注意ください。 注意事項②：SIMロックフリー端末、もしくはSIMフリー端末専用のサービスです。必ず、ご利用端末がeSIM対応かどうかご確認ください。 注意事項③：2021年10月1日以前にSIMロック解除をキャリア店頭またはインターネットでされた「Android端末」は""], ""network_type"": [""local_signal: 商品の説明 購入前の注意事項 【注意事項】 注意事項①：電話番号は付与されませんので、ご注意ください。 注意事項②：SIMロックフリー端末、もしくはSIMフリー端末専用のサービスです。必ず、ご利用端末がeSIM対応かどうかご確認ください。 注意事項③：2021年10月1日以前にSIMロック解除をキャリア店頭またはインターネットでされた「Android端末」は"", ""roaming_signal: 商品の説明 購入前の注意事項 【注意事項】 注意事項①：電話番号は付与されませんので、ご注意ください。 注意事項②：SIMロックフリー端末、もしくはSIMフリー端末専用のサービスです。必ず、ご利用端末がeSIM対応かどうかご確認ください。 注意事項③：2021年10月1日以前にSIMロック解除をキャリア店頭またはインターネットでされた「Android端末」は"", ""insufficient_or_conflicting_signals(local=9, roaming=3)""], ""network_generation"": [""product_info_cellular_4g_lte: source:product_info_cellular: 携帯電話技術 LTE"", ""product_info_cellular_4g_lte: source:product_info_cellular: 携帯電話技術 LTE""], ""review_count"": [""detail_page: (238)""], ""bestseller_rank"": [""Amazon 売れ筋ランキング 家電＆カメラ - 10,470位 ( 家電＆カメラの売れ筋ランキングを見る ) プリペイドSIMカード - 128位""], ""title"": [""【香港・マカオ eSIM】5日間完全無制限 （低速なし）DeSiM正規卸 | LINE相談受付中 |データ通信専用（電話番号なし） simフリー端末のみ対応 説明書付 イーシム(eSIM|5日完全無制限香港ﾏｶｵ) DeSiM""]}"
amazon_jp,hk,中国eSIM｜中国本土・香港・マカオ対応｜4日間 高速データ無制限｜VPN付き LINE・YouTube・Google利用可｜4G/5G 即日発行可能（eSIM | 4日間）,1850,39,,,,,182,1일,1일,4일,unknown,lte_4g_only,,,"{""cmhk"": null, ""csl"": true, ""smartone"": true, ""three_hk"": null}","{""skt"": null, ""kt"": null, ""lgu"": null}",unlimited,https://www.amazon.co.jp/%E4%B8%AD%E5%9B%BDeSIM%EF%BD%9C%E4%B8%AD%E5%9B%BD%E6%9C%AC%E5%9C%9F%E3%83%BB%E9%A6%99%E6%B8%AF%E3%83%BB%E3%83%9E%E3%82%AB%E3%82%AA%E5%AF%BE%E5%BF%9C%EF%BD%9C4%E6%97%A5%E9%96%93-%E9%AB%98%E9%80%9F%E3%83%87%E3%83%BC%E3%82%BF%E7%84%A1%E5%88%B6%E9%99%90%EF%BD%9CVPN%E4%BB%98%E3%81%8D-LINE%E3%83%BBYouTube%E3%83%BBGoogle%E5%88%A9%E7%94%A8%E5%8F%AF%EF%BD%9C4G-%E5%8D%B3%E6%97%A5%E7%99%BA%E8%A1%8C%E5%8F%AF%E8%83%BD%EF%BC%88eSIM-4%E6%97%A5%E9%96%93%EF%BC%89/dp/B0CXXGTT6J,B0CXXGTT6J,B0CXXGTT6J,mewmewホーム eSIM,ＭＥＷＭＥＷホームのストアを表示,"{""price_jpy"": [""￥1,850""], ""usage_validity"": [""【有効期限】eSIMのQRコード発行日より90日間です。期限内に利用を開始してください。なお、利用日数は24時間を1日として計算されます。""], ""activation_validity"": [""中国eSIM｜中国本土・香港・マカオ対応｜4日間 高速データ無制限｜VPN付き LINE・YouTube・Google利用可｜4G/5G 即日発行可能（eSIM | 4日間）""], ""data_amount"": [""【無制限・高速データ通信】中国本土・マカオ：中華電信 香港：CSL 5G /4G/LTEに対応し、高速データ通信は完全無制限となります。""], ""network_type"": [""local_signal: 【チョコSIM 定額（Sプラン）】【中国の電話番号付きでアプリや施設サービスのSMS認証が可能】【データ容量】合計500MB/月【音声】合計20分間/月 データ/音声/SMS付きSIMカード 中国SIM マカオSIM China unicom ※こちらのSIMカードは契約後、毎月の基本料が発生いたします。※2024年11月1日から台湾でのご利用はできなくなり"", ""roaming_signal: 【設定簡単】日本国内で事前にeSIMの設定が可能です。現地に到着後、モバイルデータ通信をeSIMに切り替え、データローミングをオンにするだけで利用可能。"", ""insufficient_or_conflicting_signals(local=6, roaming=6)""], ""network_generation"": [""product_info_cellular_4g_lte: source:product_info_cellular: 携帯電話技術 LTE"", ""product_info_cellular_4g_lte: source:product_info_cellular: 携帯電話技術 LTE""], ""carrier_support_local"": [""CSL: 【無制限・高速データ通信】中国本土・マカオ：中華電信 香港：CSL 5G /4G/LTEに対応し、高速データ通信は完全無制限となります。"", ""SmarTone: サービスプロバイダ SmarTone, HKT, 5HK, CTM""], ""review_count"": [""detail_page: (39)""], ""bestseller_rank"": [""Amazon 売れ筋ランキング 家電＆カメラ - 13,350位 ( 家電＆カメラの売れ筋ランキングを見る ) プリペイドSIMカード - 182位""], ""title"": [""中国eSIM｜中国本土・香港・マカオ対応｜4日間 高速データ無制限｜VPN付き LINE・YouTube・Google利用可｜4G/5G 即日発行可能（eSIM | 4日間）""]}"
amazon_jp,hk,香港・マカオ eSIM | 4日間 | 高速データ無制限使い放題 5G/4G | QRコード 当日発行可 メール登録で即納品即利用可 | LINEサポート | データ通信専用(電話番号なし)| 日本で事前設定OK | テザリング可能 | パスポート情報不要・実名登録なし,1780,10,,,,,214,3일,3일,4일,unknown,5g_capable,,,"{""cmhk"": null, ""csl"": null, ""smartone"": null, ""three_hk"": null}","{""skt"": null, ""kt"": null, ""lgu"": null}",unlimited,https://www.amazon.co.jp/4%E6%97%A5%E9%96%93-%E9%AB%98%E9%80%9F%E3%83%87%E3%83%BC%E3%82%BF%E7%84%A1%E5%88%B6%E9%99%90%E4%BD%BF%E3%81%84%E6%94%BE%E9%A1%8C-%E3%83%A1%E3%83%BC%E3%83%AB%E7%99%BB%E9%8C%B2%E3%81%A7%E5%8D%B3%E7%B4%8D%E5%93%81%E5%8D%B3%E5%88%A9%E7%94%A8%E5%8F%AF-%E6%97%A5%E6%9C%AC%E3%81%A7%E4%BA%8B%E5%89%8D%E8%A8%AD%E5%AE%9AOK-%E3%83%91%E3%82%B9%E3%83%9D%E3%83%BC%E3%83%88%E6%83%85%E5%A0%B1%E4%B8%8D%E8%A6%81%E3%83%BB%E5%AE%9F%E5%90%8D%E7%99%BB%E9%8C%B2%E3%81%AA%E3%81%97/dp/B0F3JLCBCX,B0F3JLCBCX,B0F3JLCBCX,TORAのストアを表示,TORAのストアを表示,"{""price_jpy"": [""価格 ￥1,780 ￥1,545 ￥1,150 ￥1,850 ￥1,680""], ""usage_validity"": [""【SKTelecoｍ公式認証】 韓国eSIM 3日間 (72時間) 電話番号付き 超高速データ無制限 最初の5分発信無料(韓国国内) お急ぎの方即時発行可(LINE相談受付中) 有効期限／ご購入日より120日以内 現地空港サポート(SKTelecomローミングセンター) SKテレコム正規品 韓国SIMカードタイプではありません""], ""activation_validity"": [""香港・マカオ eSIM | 4日間 | 高速データ無制限使い放題 5G/4G | QRコード 当日発行可 メール登録で即納品即利用可 | LINEサポート | データ通信専用(電話番号なし)| 日本で事前設定OK | テザリング可能 | パスポート情報不要・実名登録なし""], ""data_amount"": [""🐯データ通信🐯 5G/4G/LTE対応の高速データが【無制限】使えます。""], ""network_type"": [""local_signal: 🔺注意事項🔺 利用期限は台湾時間を基準とし、利用開始時間によらず、現地回線に接続した日から、購入プラン日数の23:59(台湾時間)までの暦日制となります。※台湾時間の0時は、日本時間の深夜1時"", ""roaming_signal: 商品の説明 ご利用前に必ずご確認ください！ この商品はeSIMです、物理SIMではありません。eSIM非対応の端末ではご利用できません。 以下の手順でお使いの端末が「eSIM対応端末」と「SIMロックされていない」をご確認ください。 ① eSIM対応端末の確認方法 スマホのダイヤル発信画面で「*#06#」をダイヤルし、デバイス情報に「EID」表示されればご利"", ""insufficient_or_conflicting_signals(local=9, roaming=3)""], ""network_generation"": [""product_info_cellular_5g: source:product_info_cellular: 携帯電話技術 5G,4G LTE"", ""product_info_cellular_5g: source:product_info_cellular: 携帯電話技術 5G,4G LTE""], ""review_count"": [""detail_page: (10)""], ""bestseller_rank"": [""Amazon 売れ筋ランキング 家電＆カメラ - 16,265位 ( 家電＆カメラの売れ筋ランキングを見る ) プリペイドSIMカード - 214位""], ""title"": [""香港・マカオ eSIM | 4日間 | 高速データ無制限使い放題 5G/4G | QRコード 当日発行可 メール登録で即納品即利用可 | LINEサポート | データ通信専用(電話番号なし)| 日本で事前設定OK | テザリング可能 | パスポート情報不要・実名登録なし""]}"
amazon_jp,hk,【香港・マカオeSIM】3日間完全無制限（使い放題） LINE相談受付中｜データ通信専用（電話番号なし） | simフリー端末のみ対応 説明書付 イーシム simless,1620,24,,,50,,366,3일,3일,3일,local,lte_4g_only,,,"{""cmhk"": null, ""csl"": null, ""smartone"": null, ""three_hk"": null}","{""skt"": null, ""kt"": null, ""lgu"": null}",unlimited,https://www.amazon.co.jp/%E3%80%90%E9%A6%99%E6%B8%AF%E3%83%BB%E3%83%9E%E3%82%AB%E3%82%AAeSIM%E3%80%913%E6%97%A5%E9%96%93%E5%AE%8C%E5%85%A8%E7%84%A1%E5%88%B6%E9%99%90%EF%BC%88%E4%BD%BF%E3%81%84%E6%94%BE%E9%A1%8C%EF%BC%89-LINE%E7%9B%B8%E8%AB%87%E5%8F%97%E4%BB%98%E4%B8%AD%EF%BD%9C%E3%83%87%E3%83%BC%E3%82%BF%E9%80%9A%E4%BF%A1%E5%B0%82%E7%94%A8%EF%BC%88%E9%9B%BB%E8%A9%B1%E7%95%AA%E5%8F%B7%E3%81%AA%E3%81%97%EF%BC%89-sim%E3%83%95%E3%83%AA%E3%83%BC%E7%AB%AF%E6%9C%AB%E3%81%AE%E3%81%BF%E5%AF%BE%E5%BF%9C-%E8%AA%AC%E6%98%8E%E6%9B%B8%E4%BB%98-simless/dp/B0DV5Q655C,B0DV5Q655C,B0DV5Q655C,DeSiM,DeSiMのストアを表示,"{""price_jpy"": [""￥1,620""], ""usage_validity"": [""【香港・マカオeSIM】3日間完全無制限（使い放題） LINE相談受付中｜データ通信専用（電話番号なし） | simフリー端末のみ対応 説明書付 イーシム simless""], ""activation_validity"": [""【SKTelecoｍ公式認証】 韓国eSIM 3日間 (72時間) 電話番号付き 超高速データ無制限 最初の5分発信無料(韓国国内) お急ぎの方即時発行可(LINE相談受付中) 有効期限／ご購入日より120日以内 現地空港サポート(SKTelecomローミングセンター) SKテレコム正規品 韓国SIMカードタイプではありません""], ""data_amount"": [""商品の説明 購入前の注意事項 【注意事項】 注意事項①：電話番号は付与されませんので、ご注意ください。 注意事項②：SIMロックフリー端末、もしくはSIMフリー端末専用のサービスです。必ず、ご利用端末がeSIM対応かどうかご確認ください。 注意事項③：2021年10月1日以前にSIMロック解除をキャリア店頭またはインターネットでされた「Android端末」は""], ""network_type"": [""商品の説明 購入前の注意事項 【注意事項】 注意事項①：電話番号は付与されませんので、ご注意ください。 注意事項②：SIMロックフリー端末、もしくはSIMフリー端末専用のサービスです。必ず、ご利用端末がeSIM対応かどうかご確認ください。 注意事項③：2021年10月1日以前にSIMロック解除をキャリア店頭またはインターネットでされた「Android端末」は"", ""【チョコSIM 定額（Sプラン）】【中国の電話番号付きでアプリや施設サービスのSMS認証が可能】【データ容量】合計500MB/月【音声】合計20分間/月 データ/音声/SMS付きSIMカード 中国SIM マカオSIM China unicom ※こちらのSIMカードは契約後、毎月の基本料が発生いたします。※2024年11月1日から台湾でのご利用はできなくなり"", ""score: local=9, roaming=1""], ""network_generation"": [""product_info_cellular_4g_lte: source:product_info_cellular: 携帯電話技術 LTE"", ""product_info_cellular_4g_lte: source:product_info_cellular: 携帯電話技術 LTE""], ""monthly_sold_count"": [""Amazon.co.jp: 【香港・マカオeSIM】3日間完全無制限（使い放題） LINE相談受付中｜データ通信専用（電話番号なし） | simフリー端末のみ対応 説明書付 イーシム simless : 家電＆カメラ 次に移動 メインコンテンツ この商品について この商品について この商品について 購入オプション 類似商品と比較する ビデオ レビュー キーボ""], ""review_count"": [""detail_page: (24)""], ""bestseller_rank"": [""Amazon 売れ筋ランキング 家電＆カメラ - 31,733位 ( 家電＆カメラの売れ筋ランキングを見る ) プリペイドSIMカード - 366位""], ""title"": [""【香港・マカオeSIM】3日間完全無制限（使い放題） LINE相談受付中｜データ通信専用（電話番号なし） | simフリー端末のみ対応 説明書付 イーシム simless""]}"
amazon_jp,hk,【中国本土eSIM】香港とマカオでも利用可能 5日間 5GB 定番プラン データ通信専用（電話番号なし） 5G/4G-LTE対応 中国でもGoogle、LINE、YouTubeをVPNなしで利用可能 説明書付き LINEで24時間サポート 香港 マカオ 中国SIM MEWMEWホーム (5日間 5GB),1080,25,,,,,412,3일,3일,5일,local,5g_capable,,,"{""cmhk"": null, ""csl"": null, ""smartone"": null, ""three_hk"": null}","{""skt"": null, ""kt"": null, ""lgu"": null}",5GB,https://www.amazon.co.jp/%E3%80%90%E4%B8%AD%E5%9B%BD%E6%9C%AC%E5%9C%9FeSIM%E3%80%91%E9%A6%99%E6%B8%AF%E3%81%A8%E3%83%9E%E3%82%AB%E3%82%AA%E3%81%A7%E3%82%82%E5%88%A9%E7%94%A8%E5%8F%AF%E8%83%BD-5%E6%97%A5%E9%96%93-5GB-%E3%83%87%E3%83%BC%E3%82%BF%E9%80%9A%E4%BF%A1%E5%B0%82%E7%94%A8%EF%BC%88%E9%9B%BB%E8%A9%B1%E7%95%AA%E5%8F%B7%E3%81%AA%E3%81%97%EF%BC%89-%E4%B8%AD%E5%9B%BD%E3%81%A7%E3%82%82Google%E3%80%81LINE%E3%80%81YouTube%E3%82%92VPN%E3%81%AA%E3%81%97%E3%81%A7%E5%88%A9%E7%94%A8%E5%8F%AF%E8%83%BD/dp/B0F1ZZLG69,B0F1ZZLG69,B0F1ZZLG69,mewmewホーム eSIM,ＭＥＷＭＥＷホームのストアを表示,"{""price_jpy"": [""￥1,080""], ""usage_validity"": [""【SKTelecoｍ公式認証】 韓国eSIM 3日間 (72時間) 電話番号付き 超高速データ無制限 最初の5分発信無料(韓国国内) お急ぎの方即時発行可(LINE相談受付中) 有効期限／ご購入日より120日以内 現地空港サポート(SKTelecomローミングセンター) SKテレコム正規品 韓国SIMカードタイプではありません""], ""activation_validity"": [""【中国本土eSIM】香港とマカオでも利用可能 5日間 5GB 定番プラン データ通信専用（電話番号なし） 5G/4G-LTE対応 中国でもGoogle、LINE、YouTubeをVPNなしで利用可能 説明書付き LINEで24時間サポート 香港 マカオ 中国SIM MEWMEWホーム (5日間 5GB)""], ""data_amount"": [""型番 5日間 5GB""], ""network_type"": [""【チョコSIM 定額（Sプラン）】【中国の電話番号付きでアプリや施設サービスのSMS認証が可能】【データ容量】合計500MB/月【音声】合計20分間/月 データ/音声/SMS付きSIMカード 中国SIM マカオSIM China unicom ※こちらのSIMカードは契約後、毎月の基本料が発生いたします。※2024年11月1日から台湾でのご利用はできなくなり"", ""【SKTelecoｍ公式認証】 韓国eSIM 3日間 (72時間) 電話番号付き 超高速データ無制限 最初の5分発信無料(韓国国内) お急ぎの方即時発行可(LINE相談受付中) 有効期限／ご購入日より120日以内 現地空港サポート(SKTelecomローミングセンター) SKテレコム正規品 韓国SIMカードタイプではありません"", ""score: local=6, roaming=0""], ""network_generation"": [""product_info_cellular_5g: source:product_info_cellular: 携帯電話技術 LTE, 5G"", ""product_info_cellular_5g: source:product_info_cellular: 携帯電話技術 LTE, 5G"", ""product_info_cellular_4g_lte_signal_present_but_5g_capable_takes_precedence""], ""review_count"": [""detail_page: (25)""], ""bestseller_rank"": [""Amazon 売れ筋ランキング 家電＆カメラ - 36,556位 ( 家電＆カメラの売れ筋ランキングを見る ) プリペイドSIMカード - 412位""], ""title"": [""【中国本土eSIM】香港とマカオでも利用可能 5日間 5GB 定番プラン データ通信専用（電話番号なし） 5G/4G-LTE対応 中国でもGoogle、LINE、YouTubeをVPNなしで利用可能 説明書付き LINEで24時間サポート 香港 マカオ 中国SIM MEWMEWホーム (5日間 5GB)""]}"
amazon_jp,hk,【香港 eSIM 】マカオeSIM 3日間 高速データ無制限 データ使い放題 香港SIM データ通信専用 マカオSIM 当日利用可能 24時間オンラインサポート お急ぎのご相談は（LINEで受付中です） Hong Kong SIM way2esim,1380,12,,,,,755,3일,3일,30일,unknown,lte_4g_only,,,"{""cmhk"": null, ""csl"": null, ""smartone"": null, ""three_hk"": null}","{""skt"": null, ""kt"": null, ""lgu"": null}",unlimited,https://www.amazon.co.jp/%E3%80%91%E3%83%9E%E3%82%AB%E3%82%AAeSIM-3%E6%97%A5%E9%96%93-24%E6%99%82%E9%96%93%E3%82%AA%E3%83%B3%E3%83%A9%E3%82%A4%E3%83%B3%E3%82%B5%E3%83%9D%E3%83%BC%E3%83%88-%E3%81%8A%E6%80%A5%E3%81%8E%E3%81%AE%E3%81%94%E7%9B%B8%E8%AB%87%E3%81%AF%EF%BC%88LINE%E3%81%A7%E5%8F%97%E4%BB%98%E4%B8%AD%E3%81%A7%E3%81%99%EF%BC%89-way2esim/dp/B0DLG1M8YF,B0DLG1M8YF,B0DLG1M8YF,eSIM株式会社,way2esimのストアを表示,"{""price_jpy"": [""￥1,380""], ""usage_validity"": [""【香港 eSIM 】マカオeSIM 3日間 高速データ無制限 データ使い放題 香港SIM データ通信専用 マカオSIM 当日利用可能 24時間オンラインサポート お急ぎのご相談は（LINEで受付中です） Hong Kong SIM way2esim""], ""activation_validity"": [""注意：① 香港・マカオeSIM情報メール受信後30日以内にご利用ください。期限を過ぎると使用できなくなります。② マカオ到着後は、必ずこのeSIMのローミングをオンにしてください。オンにしないとご利用いただけません。""], ""data_amount"": [""高速データ無制限：香港・マカオeSIMは、高速データを無制限でご利用いただけます。この香港・マカオeSIMはデータ通信専用で、電話番号は含まれておりません。SNSやウェブ閲覧など、さまざまなインターネットサービスを快適にご利用いただけます。""], ""network_type"": [""roaming_signal: 注意：① 香港・マカオeSIM情報メール受信後30日以内にご利用ください。期限を過ぎると使用できなくなります。② マカオ到着後は、必ずこのeSIMのローミングをオンにしてください。オンにしないとご利用いただけません。"", ""insufficient_or_conflicting_signals(local=0, roaming=1)""], ""network_generation"": [""product_info_cellular_4g_lte: source:product_info_cellular: 携帯電話技術 LTE"", ""product_info_cellular_4g_lte: source:product_info_cellular: 携帯電話技術 LTE""], ""review_count"": [""detail_page: (12)""], ""bestseller_rank"": [""Amazon 売れ筋ランキング 家電＆カメラ - 79,816位 ( 家電＆カメラの売れ筋ランキングを見る ) プリペイドSIMカード - 755位""], ""title"": [""【香港 eSIM 】マカオeSIM 3日間 高速データ無制限 データ使い放題 香港SIM データ通信専用 マカオSIM 当日利用可能 24時間オンラインサポート お急ぎのご相談は（LINEで受付中です） Hong Kong SIM way2esim""]}"
amazon_jp,hk,香港 eSIM | 3日間 | 高速データ無制限使い放題 5G/4G | QRコード 当日発行可 メール登録で即納品即利用可 | LINEサポート | データ通信専用(電話番号なし)| 日本で事前設定OK | テザリング可能 | パスポート情報不要・実名登録なし,899,5,,,,,20,3일,3일,3일,unknown,lte_4g_only,,,"{""cmhk"": null, ""csl"": null, ""smartone"": null, ""three_hk"": null}","{""skt"": null, ""kt"": null, ""lgu"": null}",unlimited,https://www.amazon.co.jp/%E9%AB%98%E9%80%9F%E3%83%87%E3%83%BC%E3%82%BF%E7%84%A1%E5%88%B6%E9%99%90%E4%BD%BF%E3%81%84%E6%94%BE%E9%A1%8C-%E3%83%A1%E3%83%BC%E3%83%AB%E7%99%BB%E9%8C%B2%E3%81%A7%E5%8D%B3%E7%B4%8D%E5%93%81%E5%8D%B3%E5%88%A9%E7%94%A8%E5%8F%AF-LINE%E3%82%B5%E3%83%9D%E3%83%BC%E3%83%88-%E6%97%A5%E6%9C%AC%E3%81%A7%E4%BA%8B%E5%89%8D%E8%A8%AD%E5%AE%9AOK-%E3%83%91%E3%82%B9%E3%83%9D%E3%83%BC%E3%83%88%E6%83%85%E5%A0%B1%E4%B8%8D%E8%A6%81%E3%83%BB%E5%AE%9F%E5%90%8D%E7%99%BB%E9%8C%B2%E3%81%AA%E3%81%97/dp/B0DC5KHVFH,B0DC5KHVFH,B0DC5KHVFH,TORA eSIM,TORAのストアを表示,"{""price_jpy"": [""￥899""], ""usage_validity"": [""香港 eSIM | 3日間 | 高速データ無制限使い放題 5G/4G | QRコード 当日発行可 メール登録で即納品即利用可 | LINEサポート | データ通信専用(電話番号なし)| 日本で事前設定OK | テザリング可能 | パスポート情報不要・実名登録なし""], ""activation_validity"": [""【SKTelecoｍ公式認証】 韓国eSIM 3日間 (72時間) 電話番号付き 超高速データ無制限 最初の5分発信無料(韓国国内) お急ぎの方即時発行可(LINE相談受付中) 有効期限／ご購入日より120日以内 現地空港サポート(SKTelecomローミングセンター) SKテレコム正規品 韓国SIMカードタイプではありません""], ""data_amount"": [""🐯データ通信🐯 5G/4G/LTE対応の高速データが【無制限】使えます。""], ""network_type"": [""local_signal: 🔺注意事項🔺 利用期限は台湾時間を基準とし、利用開始時間によらず、現地回線に接続した日から、購入プラン日数の23:59(台湾時間)までの暦日制となります。※台湾時間の0時は、日本時間の深夜1時"", ""roaming_signal: 商品の説明 ご利用前に必ずご確認ください！ この商品はeSIMです、物理SIMではありません。eSIM非対応の端末ではご利用できません。 以下の手順でお使いの端末が「eSIM対応端末」と「SIMロックされていない」をご確認ください。 ① eSIM対応端末の確認方法 スマホのダイヤル発信画面で「*#06#」をダイヤルし、デバイス情報に「EID」表示されればご利"", ""insufficient_or_conflicting_signals(local=9, roaming=5)""], ""network_generation"": [""product_info_cellular_4g_lte: source:product_info_cellular: 携帯電話技術 LTE"", ""product_info_cellular_4g_lte: source:product_info_cellular: 携帯電話技術 LTE""], ""review_count"": [""detail_page: (5)""], ""bestseller_rank"": [""Amazon 売れ筋ランキング 家電＆カメラ - 20,448位 ( 家電＆カメラの売れ筋ランキングを見る ) 定期契約SIMカード - 20位""], ""title"": [""香港 eSIM | 3日間 | 高速データ無制限使い放題 5G/4G | QRコード 当日発行可 メール登録で即納品即利用可 | LINEサポート | データ通信専用(電話番号なし)| 日本で事前設定OK | テザリング可能 | パスポート情報不要・実名登録なし""]}"
amazon_jp,hk,中国 sim card 香港 マカオにも使える 高速データ通信 中国ネット規制対象外 中国でもGoogle、LINE、YouTubeなどVPNなしで利用可能 プリペイド SIMカード (8日間5GB),1480,128,,,,,673,8일,8일,,unknown,lte_4g_only,,,"{""cmhk"": null, ""csl"": null, ""smartone"": null, ""three_hk"": true}","{""skt"": null, ""kt"": null, ""lgu"": null}",5GB,https://www.amazon.co.jp/%E3%83%9E%E3%82%AB%E3%82%AA%E3%81%AB%E3%82%82%E4%BD%BF%E3%81%88%E3%82%8B-%E9%AB%98%E9%80%9F%E3%83%87%E3%83%BC%E3%82%BF%E9%80%9A%E4%BF%A1-%E4%B8%AD%E5%9B%BD%E3%83%8D%E3%83%83%E3%83%88%E8%A6%8F%E5%88%B6%E5%AF%BE%E8%B1%A1%E5%A4%96-%E4%B8%AD%E5%9B%BD%E3%81%A7%E3%82%82Google%E3%80%81LINE%E3%80%81YouTube%E3%81%AA%E3%81%A9VPN%E3%81%AA%E3%81%97%E3%81%A7%E5%88%A9%E7%94%A8%E5%8F%AF%E8%83%BD-8%E6%97%A5%E9%96%935GB/dp/B0CCXV4KMP,B0CCXV4KMP,B0CCXV4KMP,株式会社ビッグコネクト,bigconnectのストアを表示,"{""price_jpy"": [""￥1,480""], ""usage_validity"": [""中国 sim card 香港 マカオにも使える 高速データ通信 中国ネット規制対象外 中国でもGoogle、LINE、YouTubeなどVPNなしで利用可能 プリペイド SIMカード (8日間5GB)""], ""data_amount"": [""【安定した高速通信】中国 香港 マカオ で利用可能なプリペイドSIMカード。安定した4G-lte高速データ通信。※データ容量：8日間5GB高速定額4G‐LTEデータ。5GBを超えると、通信が止まります。""], ""network_type"": [""local_signal: 【チョコSIM 定額（Sプラン）】【中国の電話番号付きでアプリや施設サービスのSMS認証が可能】【データ容量】合計500MB/月【音声】合計20分間/月 データ/音声/SMS付きSIMカード 中国SIM マカオSIM China unicom ※こちらのSIMカードは契約後、毎月の基本料が発生いたします。※2024年11月1日から台湾でのご利用はできなくなり"", ""roaming_signal: 【中国ネット制限なし】中国本土での利用の場合はローミング接続を行います。これにより中国政府のネット規制対象外となり、Google、Facebook、Twitter、Instagram等に接続可能です。中華圏渡航スケジュールに対応する手軽なプリペイドSIMカード。キャリア：中国：China Telecom 香港：3HK マカオ: CTM。※データ通信専用SIM"", ""insufficient_or_conflicting_signals(local=3, roaming=3)""], ""network_generation"": [""product_info_cellular_4g_lte: source:product_info_cellular: 携帯電話技術 LTE"", ""product_info_cellular_4g_lte: source:product_info_cellular: 携帯電話技術 LTE""], ""carrier_support_local"": [""3HK: 【中国ネット制限なし】中国本土での利用の場合はローミング接続を行います。これにより中国政府のネット規制対象外となり、Google、Facebook、Twitter、Instagram等に接続可能です。中華圏渡航スケジュールに対応する手軽なプリペイドSIMカード。キャリア：中国：China Telec"", ""3HK: サービスプロバイダ 中国 Telecom, 香港 3HK, マカオ CTM"", ""3HK: Amazon.co.jp: 中国 sim card 香港 マカオにも使える 高速データ通信 中国ネット規制対象外 中国でもGoogle、LINE、YouTubeなどVPNなしで利用可能 プリペイド SIMカード (8日間5GB) : 家電＆カメラ 次に移動 メインコンテンツ この商品について この商""], ""review_count"": [""detail_page: (128)""], ""bestseller_rank"": [""Amazon 売れ筋ランキング 家電＆カメラ - 66,424位 ( 家電＆カメラの売れ筋ランキングを見る ) プリペイドSIMカード - 673位""], ""title"": [""中国 sim card 香港 マカオにも使える 高速データ通信 中国ネット規制対象外 中国でもGoogle、LINE、YouTubeなどVPNなしで利用可能 プリペイド SIMカード (8日間5GB)""]}"
amazon_jp,hk,【中国 香港 マカオeSIM】4日間 高速データ通信使い放題 4G/5G対応 データ通信専用（電話番号なし）当日予約可 eSIM情報すぐ受取可 詳しい説明書付き 中国eSIM 香港eSIM マカオeSIM mewfi,1680,35,,,,,778,3일,3일,4일,local,5g_capable,,,"{""cmhk"": null, ""csl"": null, ""smartone"": null, ""three_hk"": null}","{""skt"": null, ""kt"": null, ""lgu"": null}",unlimited,https://www.amazon.co.jp/%E3%83%9E%E3%82%AB%E3%82%AAeSIM%E3%80%914%E6%97%A5%E9%96%93-%E9%AB%98%E9%80%9F%E3%83%87%E3%83%BC%E3%82%BF%E9%80%9A%E4%BF%A1%E4%BD%BF%E3%81%84%E6%94%BE%E9%A1%8C-%E3%83%87%E3%83%BC%E3%82%BF%E9%80%9A%E4%BF%A1%E5%B0%82%E7%94%A8%EF%BC%88%E9%9B%BB%E8%A9%B1%E7%95%AA%E5%8F%B7%E3%81%AA%E3%81%97%EF%BC%89%E5%BD%93%E6%97%A5%E4%BA%88%E7%B4%84%E5%8F%AF-eSIM%E6%83%85%E5%A0%B1%E3%81%99%E3%81%90%E5%8F%97%E5%8F%96%E5%8F%AF-mewfi/dp/B0F6SXP3RV,B0F6SXP3RV,B0F6SXP3RV,Mewfi 正規販売店,mewfiのストアを表示,"{""price_jpy"": [""￥1,680""], ""usage_validity"": [""【SKTelecoｍ公式認証】 韓国eSIM 3日間 (72時間) 電話番号付き 超高速データ無制限 最初の5分発信無料(韓国国内) お急ぎの方即時発行可(LINE相談受付中) 有効期限／ご購入日より120日以内 現地空港サポート(SKTelecomローミングセンター) SKテレコム正規品 韓国SIMカードタイプではありません""], ""activation_validity"": [""【中国 香港 マカオeSIM】4日間 高速データ通信使い放題 4G/5G対応 データ通信専用（電話番号なし）当日予約可 eSIM情報すぐ受取可 詳しい説明書付き 中国eSIM 香港eSIM マカオeSIM mewfi""], ""data_amount"": [""Amazon.co.jp: 【中国 香港 マカオeSIM】4日間 高速データ通信使い放題 4G/5G対応 データ通信専用（電話番号なし）当日予約可 eSIM情報すぐ受取可 詳しい説明書付き 中国eSIM 香港eSIM マカオeSIM mewfi : 家電＆カメラ""], ""network_type"": [""【チョコSIM 定額（Sプラン）】【中国の電話番号付きでアプリや施設サービスのSMS認証が可能】【データ容量】合計500MB/月【音声】合計20分間/月 データ/音声/SMS付きSIMカード 中国SIM マカオSIM China unicom ※こちらのSIMカードは契約後、毎月の基本料が発生いたします。※2024年11月1日から台湾でのご利用はできなくなり"", ""【SKTelecoｍ公式認証】 韓国eSIM 3日間 (72時間) 電話番号付き 超高速データ無制限 最初の5分発信無料(韓国国内) お急ぎの方即時発行可(LINE相談受付中) 有効期限／ご購入日より120日以内 現地空港サポート(SKTelecomローミングセンター) SKテレコム正規品 韓国SIMカードタイプではありません"", ""score: local=6, roaming=0""], ""network_generation"": [""product_info_cellular_5g: source:product_info_cellular: 携帯電話技術 5G"", ""product_info_cellular_5g: source:product_info_cellular: 携帯電話技術 5G""], ""review_count"": [""detail_page: (35)""], ""bestseller_rank"": [""Amazon 売れ筋ランキング 家電＆カメラ - 82,679位 ( 家電＆カメラの売れ筋ランキングを見る ) プリペイドSIMカード - 778位""], ""title"": [""【中国 香港 マカオeSIM】4日間 高速データ通信使い放題 4G/5G対応 データ通信専用（電話番号なし）当日予約可 eSIM情報すぐ受取可 詳しい説明書付き 中国eSIM 香港eSIM マカオeSIM mewfi""]}"
amazon_jp,hk,【中国本土・香港eSIM】1日間完全無制限（使い放題） LINE相談受付中｜データ通信専用（電話番号なし） | simフリー端末のみ対応 説明書付 イーシム simless,1030,7,,,,,327,1일,1일,7일,unknown,lte_4g_only,,,"{""cmhk"": null, ""csl"": null, ""smartone"": null, ""three_hk"": true}","{""skt"": null, ""kt"": null, ""lgu"": null}",unlimited,https://www.amazon.co.jp/%E3%80%90%E4%B8%AD%E5%9B%BD%E6%9C%AC%E5%9C%9F%E3%83%BB%E9%A6%99%E6%B8%AFeSIM%E3%80%911%E6%97%A5%E9%96%93%E5%AE%8C%E5%85%A8%E7%84%A1%E5%88%B6%E9%99%90%EF%BC%88%E4%BD%BF%E3%81%84%E6%94%BE%E9%A1%8C%EF%BC%89-LINE%E7%9B%B8%E8%AB%87%E5%8F%97%E4%BB%98%E4%B8%AD%EF%BD%9C%E3%83%87%E3%83%BC%E3%82%BF%E9%80%9A%E4%BF%A1%E5%B0%82%E7%94%A8%EF%BC%88%E9%9B%BB%E8%A9%B1%E7%95%AA%E5%8F%B7%E3%81%AA%E3%81%97%EF%BC%89-sim%E3%83%95%E3%83%AA%E3%83%BC%E7%AB%AF%E6%9C%AB%E3%81%AE%E3%81%BF%E5%AF%BE%E5%BF%9C-%E8%AA%AC%E6%98%8E%E6%9B%B8%E4%BB%98-simless/dp/B0F11CRTBJ,B0F11CRTBJ,B0F11CRTBJ,DeSiM,DeSiMのストアを表示,"{""price_jpy"": [""￥1,030""], ""usage_validity"": [""【中国本土・香港eSIM】1日間完全無制限（使い放題） LINE相談受付中｜データ通信専用（電話番号なし） | simフリー端末のみ対応 説明書付 イーシム simless""], ""activation_validity"": [""商品の説明 購入前の注意事項 【注意事項】 注意事項①：本商品はデータ通信専用です（通話はご利用いただけません）。ご注意ください。 注意事項②：SIMロックフリー端末、もしくはSIMフリー端末専用のサービスです。必ず、ご利用端末がeSIM対応かどうかご確認ください。 注意事項③：2021年10月1日以前にSIMロック解除をキャリア店頭またはインターネットでさ""], ""data_amount"": [""商品の説明 購入前の注意事項 【注意事項】 注意事項①：本商品はデータ通信専用です（通話はご利用いただけません）。ご注意ください。 注意事項②：SIMロックフリー端末、もしくはSIMフリー端末専用のサービスです。必ず、ご利用端末がeSIM対応かどうかご確認ください。 注意事項③：2021年10月1日以前にSIMロック解除をキャリア店頭またはインターネットでさ""], ""network_type"": [""local_signal: 商品の説明 購入前の注意事項 【注意事項】 注意事項①：本商品はデータ通信専用です（通話はご利用いただけません）。ご注意ください。 注意事項②：SIMロックフリー端末、もしくはSIMフリー端末専用のサービスです。必ず、ご利用端末がeSIM対応かどうかご確認ください。 注意事項③：2021年10月1日以前にSIMロック解除をキャリア店頭またはインターネットでさ"", ""roaming_signal: 商品の説明 購入前の注意事項 【注意事項】 注意事項①：本商品はデータ通信専用です（通話はご利用いただけません）。ご注意ください。 注意事項②：SIMロックフリー端末、もしくはSIMフリー端末専用のサービスです。必ず、ご利用端末がeSIM対応かどうかご確認ください。 注意事項③：2021年10月1日以前にSIMロック解除をキャリア店頭またはインターネットでさ"", ""insufficient_or_conflicting_signals(local=9, roaming=3)""], ""network_generation"": [""product_info_cellular_4g_lte: source:product_info_cellular: 携帯電話技術 LTE"", ""product_info_cellular_4g_lte: source:product_info_cellular: 携帯電話技術 LTE""], ""carrier_support_local"": [""3HK: 【中国 香港 eSIM】大容量 2GB/日・高速データ 低速無制限 即日発行可能 China Unicom/3HK キャリア 4G-LTE対応 データ通信専用 中国・ 香港 プリペイド simカード (1日間)""], ""review_count"": [""detail_page: (7)""], ""bestseller_rank"": [""Amazon 売れ筋ランキング 家電＆カメラ - 27,671位 ( 家電＆カメラの売れ筋ランキングを見る ) プリペイドSIMカード - 327位""], ""title"": [""【中国本土・香港eSIM】1日間完全無制限（使い放題） LINE相談受付中｜データ通信専用（電話番号なし） | simフリー端末のみ対応 説明書付 イーシム simless""]}"
amazon_jp,hk,【中国 香港 マカオeSIM】5日間 5GB高速データ通信 TikTok利用可能 データ通信専用（電話番号なし）即日発行可能 メール登録で納品 中国本土・香港・マカオ対応eSIM mewfi,990,10,,,,,528,5일,5일,90일,unknown,unknown,,,"{""cmhk"": null, ""csl"": null, ""smartone"": null, ""three_hk"": null}","{""skt"": null, ""kt"": null, ""lgu"": null}",5GB,https://www.amazon.co.jp/%E3%83%9E%E3%82%AB%E3%82%AAeSIM%E3%80%915%E6%97%A5%E9%96%93-5GB%E9%AB%98%E9%80%9F%E3%83%87%E3%83%BC%E3%82%BF%E9%80%9A%E4%BF%A1-%E3%83%87%E3%83%BC%E3%82%BF%E9%80%9A%E4%BF%A1%E5%B0%82%E7%94%A8%EF%BC%88%E9%9B%BB%E8%A9%B1%E7%95%AA%E5%8F%B7%E3%81%AA%E3%81%97%EF%BC%89%E5%8D%B3%E6%97%A5%E7%99%BA%E8%A1%8C%E5%8F%AF%E8%83%BD-%E4%B8%AD%E5%9B%BD%E6%9C%AC%E5%9C%9F%E3%83%BB%E9%A6%99%E6%B8%AF%E3%83%BB%E3%83%9E%E3%82%AB%E3%82%AA%E5%AF%BE%E5%BF%9CeSIM-mewfi/dp/B0FKMKD4VW,B0FKMKD4VW,B0FKMKD4VW,Mewfi 正規販売店,mewfiのストアを表示,"{""price_jpy"": [""￥990""], ""usage_validity"": [""【中国 香港 マカオeSIM】5日間 5GB高速データ通信 TikTok利用可能 データ通信専用（電話番号なし）即日発行可能 メール登録で納品 中国本土・香港・マカオ対応eSIM mewfi""], ""activation_validity"": [""【有効期限】eSIM情報を記載したメールを受信した日から90日間が有効期限となります。期限内にご利用ください。""], ""data_amount"": [""【高速データ通信】中国本土・香港・マカオで利用可能なeSIMです。5日間の有効期間中に5GBの高速データ通信をご利用いただけます。5GBを超過すると通信は自動的に停止します。""], ""network_type"": [""local_signal: 【SKTelecoｍ公式認証】 韓国eSIM 3日間 (72時間) 電話番号付き 超高速データ無制限 最初の5分発信無料(韓国国内) お急ぎの方即時発行可(LINE相談受付中) 有効期限／ご購入日より120日以内 現地空港サポート(SKTelecomローミングセンター) SKテレコム正規品 韓国SIMカードタイプではありません"", ""roaming_signal: 【対応端末】eSIM対応かつSIMロックのかかっていないスマートフォンでのみご利用いただけます。日本国内で事前にQRコードを読み込んでインストール可能で、現地に到着後に本eSIMを選択し、ローミングを有効にすると自動的にネットワークに接続されます。"", ""insufficient_or_conflicting_signals(local=3, roaming=2)""], ""network_generation"": [""fallback_5g: source:meta_description: Amazon.co.jp: 【中国 香港 マカオeSIM】5日間 5GB高速データ通信 TikTok利用可能 データ通信専用（電話番号なし）即日発行可能 メール登録で納品 中国本土・香港・マカオ対応eSIM mewfi : 家電＆カメラ"", ""fallback_4g_lte: source:image_alt: 中国eSIM｜中国本土・香港・マカオ対応｜7日間 高速データ無制限｜VPN付き LINE・YouTube・Google利用可｜4G/5G 即日発行可能（eSIM | 7日間）"", ""fallback_only_network_generation_signal""], ""review_count"": [""detail_page: (10)""], ""bestseller_rank"": [""Amazon 売れ筋ランキング 家電＆カメラ - 47,920位 ( 家電＆カメラの売れ筋ランキングを見る ) プリペイドSIMカード - 528位""], ""title"": [""【中国 香港 マカオeSIM】5日間 5GB高速データ通信 TikTok利用可能 データ通信専用（電話番号なし）即日発行可能 メール登録で納品 中国本土・香港・マカオ対応eSIM mewfi""]}"
amazon_jp,hk,【中国本土・香港eSIM】1日間 1GB/毎日（コスパ重視） LINE相談受付中｜データ通信専用（電話番号なし） | simフリー端末のみ対応 説明書付 イーシム simless,690,7,,,,,805,1일,1일,7일,local,lte_4g_only,,,"{""cmhk"": null, ""csl"": null, ""smartone"": null, ""three_hk"": true}","{""skt"": null, ""kt"": null, ""lgu"": null}",unlimited,https://www.amazon.co.jp/%E3%80%90%E4%B8%AD%E5%9B%BD%E6%9C%AC%E5%9C%9F%E3%83%BB%E9%A6%99%E6%B8%AFeSIM%E3%80%911%E6%97%A5%E9%96%93-1GB-%E6%AF%8E%E6%97%A5%EF%BC%88%E3%82%B3%E3%82%B9%E3%83%91%E9%87%8D%E8%A6%96%EF%BC%89-LINE%E7%9B%B8%E8%AB%87%E5%8F%97%E4%BB%98%E4%B8%AD%EF%BD%9C%E3%83%87%E3%83%BC%E3%82%BF%E9%80%9A%E4%BF%A1%E5%B0%82%E7%94%A8%EF%BC%88%E9%9B%BB%E8%A9%B1%E7%95%AA%E5%8F%B7%E3%81%AA%E3%81%97%EF%BC%89-sim%E3%83%95%E3%83%AA%E3%83%BC%E7%AB%AF%E6%9C%AB%E3%81%AE%E3%81%BF%E5%AF%BE%E5%BF%9C/dp/B0F11HDY8H,B0F11HDY8H,B0F11HDY8H,DeSiM,DeSiMのストアを表示,"{""price_jpy"": [""￥690""], ""usage_validity"": [""【中国本土・香港eSIM】1日間 1GB/毎日（コスパ重視） LINE相談受付中｜データ通信専用（電話番号なし） | simフリー端末のみ対応 説明書付 イーシム simless""], ""activation_validity"": [""商品の説明 購入前の注意事項 【注意事項】 注意事項①：本商品はデータ通信専用です（通話はご利用いただけません）。ご注意ください。 注意事項②：SIMロックフリー端末、もしくはSIMフリー端末専用のサービスです。必ず、ご利用端末がeSIM対応かどうかご確認ください。 注意事項③：2021年10月1日以前にSIMロック解除をキャリア店頭またはインターネットでさ""], ""data_amount"": [""商品の説明 購入前の注意事項 【注意事項】 注意事項①：本商品はデータ通信専用です（通話はご利用いただけません）。ご注意ください。 注意事項②：SIMロックフリー端末、もしくはSIMフリー端末専用のサービスです。必ず、ご利用端末がeSIM対応かどうかご確認ください。 注意事項③：2021年10月1日以前にSIMロック解除をキャリア店頭またはインターネットでさ""], ""network_type"": [""商品の説明 購入前の注意事項 【注意事項】 注意事項①：本商品はデータ通信専用です（通話はご利用いただけません）。ご注意ください。 注意事項②：SIMロックフリー端末、もしくはSIMフリー端末専用のサービスです。必ず、ご利用端末がeSIM対応かどうかご確認ください。 注意事項③：2021年10月1日以前にSIMロック解除をキャリア店頭またはインターネットでさ"", ""【チョコSIM 定額（Sプラン）】【中国の電話番号付きでアプリや施設サービスのSMS認証が可能】【データ容量】合計500MB/月【音声】合計20分間/月 データ/音声/SMS付きSIMカード 中国SIM マカオSIM China unicom ※こちらのSIMカードは契約後、毎月の基本料が発生いたします。※2024年11月1日から台湾でのご利用はできなくなり"", ""score: local=9, roaming=1""], ""network_generation"": [""product_info_cellular_4g_lte: source:product_info_cellular: 携帯電話技術 LTE"", ""product_info_cellular_4g_lte: source:product_info_cellular: 携帯電話技術 LTE""], ""carrier_support_local"": [""3HK: 【中国 香港 eSIM】大容量 2GB/日・高速データ 低速無制限 即日発行可能 China Unicom/3HK キャリア 4G-LTE対応 データ通信専用 中国・ 香港 プリペイド simカード (1日間)""], ""review_count"": [""detail_page: (7)""], ""bestseller_rank"": [""Amazon 売れ筋ランキング 家電＆カメラ - 85,697位 ( 家電＆カメラの売れ筋ランキングを見る ) プリペイドSIMカード - 805位""], ""title"": [""【中国本土・香港eSIM】1日間 1GB/毎日（コスパ重視） LINE相談受付中｜データ通信専用（電話番号なし） | simフリー端末のみ対応 説明書付 イーシム simless""]}"
amazon_jp,hk,中国本土・香港 周遊 eSIM | 5日間3GB | 高速データ 5G/4G | QRコード 当日発行 メール登録で即納品即利用 | 中国ネット規制対象外 | 中国でもGoogle、LINE、YouTubeなどVPNなしで利用可能 | LINEサポート | データ通信専用(電話番号なし)| 日本で事前設定OK | テザリング可能 | パスポート情報不要・実名登録なし,1380,4,,,,,387,3일,3일,5일,unknown,5g_capable,,,"{""cmhk"": null, ""csl"": null, ""smartone"": null, ""three_hk"": null}","{""skt"": null, ""kt"": null, ""lgu"": null}",3GB,https://www.amazon.co.jp/5%E6%97%A5%E9%96%933GB-%E3%83%A1%E3%83%BC%E3%83%AB%E7%99%BB%E9%8C%B2%E3%81%A7%E5%8D%B3%E7%B4%8D%E5%93%81%E5%8D%B3%E5%88%A9%E7%94%A8-%E4%B8%AD%E5%9B%BD%E3%83%8D%E3%83%83%E3%83%88%E8%A6%8F%E5%88%B6%E5%AF%BE%E8%B1%A1%E5%A4%96-%E4%B8%AD%E5%9B%BD%E3%81%A7%E3%82%82Google%E3%80%81LINE%E3%80%81YouTube%E3%81%AA%E3%81%A9VPN%E3%81%AA%E3%81%97%E3%81%A7%E5%88%A9%E7%94%A8%E5%8F%AF%E8%83%BD-%E3%83%91%E3%82%B9%E3%83%9D%E3%83%BC%E3%83%88%E6%83%85%E5%A0%B1%E4%B8%8D%E8%A6%81%E3%83%BB%E5%AE%9F%E5%90%8D%E7%99%BB%E9%8C%B2%E3%81%AA%E3%81%97/dp/B0F3PCL66K,B0F3PCL66K,B0F3PCL66K,TORAのストアを表示,TORAのストアを表示,"{""price_jpy"": [""価格 ￥1,380 ￥1,691 ￥1,280 ￥990 ￥931 配送料 ￥1,435""], ""usage_validity"": [""【SKTelecoｍ公式認証】 韓国eSIM 3日間 (72時間) 電話番号付き 超高速データ無制限 最初の5分発信無料(韓国国内) お急ぎの方即時発行可(LINE相談受付中) 有効期限／ご購入日より120日以内 現地空港サポート(SKTelecomローミングセンター) SKテレコム正規品 韓国SIMカードタイプではありません""], ""activation_validity"": [""中国本土・香港 周遊 eSIM | 5日間3GB | 高速データ 5G/4G | QRコード 当日発行 メール登録で即納品即利用 | 中国ネット規制対象外 | 中国でもGoogle、LINE、YouTubeなどVPNなしで利用可能 | LINEサポート | データ通信専用(電話番号なし)| 日本で事前設定OK | テザリング可能 | パスポート情報不要・実名""], ""data_amount"": [""🐯データ通信🐯 5G/4G/LTE対応の高速データが【5日間3GB】使えます。※超過後は期間終了まで低速(128kbps)使い放題""], ""network_type"": [""local_signal: 🔺注意事項🔺 利用期限は台湾時間を基準とし、利用開始時間によらず、現地回線に接続した日から、購入プラン日数の23:59(台湾時間)までの暦日制となります。※台湾時間の0時は、日本時間の深夜1時"", ""roaming_signal: 商品の説明 ご利用前に必ずご確認ください！ この商品はeSIMです、物理SIMではありません。eSIM非対応の端末ではご利用できません。 以下の手順でお使いの端末が「eSIM対応端末」と「SIMロックされていない」をご確認ください。 ① eSIM対応端末の確認方法 スマホのダイヤル発信画面で「*#06#」をダイヤルし、デバイス情報に「EID」表示されればご利"", ""insufficient_or_conflicting_signals(local=12, roaming=6)""], ""network_generation"": [""product_info_cellular_5g: source:product_info_cellular: 携帯電話技術 5G,4G LTE"", ""product_info_cellular_5g: source:product_info_cellular: 携帯電話技術 5G,4G LTE""], ""review_count"": [""detail_page: (4)""], ""bestseller_rank"": [""Amazon 売れ筋ランキング 家電＆カメラ - 34,055位 ( 家電＆カメラの売れ筋ランキングを見る ) プリペイドSIMカード - 387位""], ""title"": [""中国本土・香港 周遊 eSIM | 5日間3GB | 高速データ 5G/4G | QRコード 当日発行 メール登録で即納品即利用 | 中国ネット規制対象外 | 中国でもGoogle、LINE、YouTubeなどVPNなしで利用可能 | LINEサポート | データ通信専用(電話番号なし)| 日本で事前設定OK | テザリング可能 | パスポート情報不要・実名登録なし""]}"
amazon_jp,hk,【中国・香港・マカオ eSIM】4日間 高速完全無制限 実名認証不要 データ通信専用(電話番号なし) 5G/4G-LTE対応 中国でもGoogle、LINE、YouTubeなどVPNなしで利用可能 当日発行可能 説明書付 LINEで24時間サポート HONGKONG MACAU 中国sim MEWMEWホーム (4日間),1680,15,,,,,912,4일,4일,90일,local,lte_4g_only,,,"{""cmhk"": null, ""csl"": true, ""smartone"": null, ""three_hk"": null}","{""skt"": null, ""kt"": null, ""lgu"": null}",unlimited,https://www.amazon.co.jp/%E3%80%90%E4%B8%AD%E5%9B%BD%E3%83%BB%E9%A6%99%E6%B8%AF%E3%83%BB%E3%83%9E%E3%82%AB%E3%82%AA-%E4%B8%AD%E5%9B%BD%E3%81%A7%E3%82%82Google%E3%80%81LINE%E3%80%81YouTube%E3%81%AA%E3%81%A9VPN%E3%81%AA%E3%81%97%E3%81%A7%E5%88%A9%E7%94%A8%E5%8F%AF%E8%83%BD-LINE%E3%81%A724%E6%99%82%E9%96%93%E3%82%B5%E3%83%9D%E3%83%BC%E3%83%88-MEWMEW%E3%83%9B%E3%83%BC%E3%83%A0-4%E6%97%A5%E9%96%93/dp/B0DSJ8RXNM,B0DSJ8RXNM,B0DSJ8RXNM,mewmewホーム eSIM,ＭＥＷＭＥＷホームのストアを表示,"{""price_jpy"": [""￥1,680""], ""usage_validity"": [""【中国・香港・マカオ eSIM】4日間 高速完全無制限 実名認証不要 データ通信専用(電話番号なし) 5G/4G-LTE対応 中国でもGoogle、LINE、YouTubeなどVPNなしで利用可能 当日発行可能 説明書付 LINEで24時間サポート HONGKONG MACAU 中国sim MEWMEWホーム (4日間)""], ""activation_validity"": [""📍【有効期限】eSIMはQRコードを受け取ってから90日以内は有効になっています。eSIMプランの日数は24時間を一日とカウントされます。""], ""data_amount"": [""📍5G/4G/LTEに対応し、高速データ通信量は完全無制限となります。※データ通信専用、電話番号なし""], ""network_type"": [""📍【ローカル回線】中国本土とマカオ：中華電信 香港：CSL"", ""【チョコSIM 定額（Sプラン）】【中国の電話番号付きでアプリや施設サービスのSMS認証が可能】【データ容量】合計500MB/月【音声】合計20分間/月 データ/音声/SMS付きSIMカード 中国SIM マカオSIM China unicom ※こちらのSIMカードは契約後、毎月の基本料が発生いたします。※2024年11月1日から台湾でのご利用はできなくなり"", ""score: local=9, roaming=0""], ""network_generation"": [""product_info_cellular_4g_lte: source:product_info_cellular: 携帯電話技術 LTE"", ""product_info_cellular_4g_lte: source:product_info_cellular: 携帯電話技術 LTE""], ""carrier_support_local"": [""CSL: 📍【ローカル回線】中国本土とマカオ：中華電信 香港：CSL"", ""CSL: サービスプロバイダ 中華電信, CSL"", ""CSL: Amazon.co.jp: 【中国・香港・マカオ eSIM】4日間 高速完全無制限 実名認証不要 データ通信専用(電話番号なし) 5G/4G-LTE対応 中国でもGoogle、LINE、YouTubeなどVPNなしで利用可能 当日発行可能 説明書付 LINEで24時間サポート HONGKONG MA""], ""review_count"": [""detail_page: (15)""], ""bestseller_rank"": [""Amazon 売れ筋ランキング 家電＆カメラ - 101,849位 ( 家電＆カメラの売れ筋ランキングを見る ) プリペイドSIMカード - 912位""], ""title"": [""【中国・香港・マカオ eSIM】4日間 高速完全無制限 実名認証不要 データ通信専用(電話番号なし) 5G/4G-LTE対応 中国でもGoogle、LINE、YouTubeなどVPNなしで利用可能 当日発行可能 説明書付 LINEで24時間サポート HONGKONG MACAU 中国sim MEWMEWホーム (4日間)""]}"
amazon_jp,hk,中国・香港・マカオ SIMカード 10日間 10GB プリペイドSIM VPN不要 LINE・Google利用可 データ使い放題 テザリング可 物理SIM 5G/4G-LTE ジェットシム,2071,36,,,,,223,10일,10일,,local,5g_capable,,,"{""cmhk"": null, ""csl"": null, ""smartone"": null, ""three_hk"": true}","{""skt"": null, ""kt"": null, ""lgu"": null}",1GB/day,https://www.amazon.co.jp/SIM%E3%82%AB%E3%83%BC%E3%83%89-10%E6%97%A5%E9%96%93-%E3%83%87%E3%83%BC%E3%82%BF%E4%BD%BF%E3%81%84%E6%94%BE%E9%A1%8C-10GB%E3%81%BE%E3%81%A7%E9%AB%98%E9%80%9F-%E3%82%B8%E3%82%A7%E3%83%83%E3%83%88%E3%82%B7%E3%83%A0/dp/B0DMVS3V4Q,B0DMVS3V4Q,B0DMVS3V4Q,ジェスロモバイル,JETSIMのストアを表示,"{""price_jpy"": [""￥2,071""], ""usage_validity"": [""中国・香港・マカオ SIMカード 10日間 10GB プリペイドSIM VPN不要 LINE・Google利用可 データ使い放題 テザリング可 物理SIM 5G/4G-LTE ジェットシム""], ""data_amount"": [""【データ無制限】中国・香港・マカオで10日間 5G/4G-LTE 高速データ10GB、その後2G速度で使い放題。テザリング対応。高速データ1日1GBまで。""], ""network_type"": [""【チョコSIM 定額（Sプラン）】【中国の電話番号付きでアプリや施設サービスのSMS認証が可能】【データ容量】合計500MB/月【音声】合計20分間/月 データ/音声/SMS付きSIMカード 中国SIM マカオSIM China unicom ※こちらのSIMカードは契約後、毎月の基本料が発生いたします。※2024年11月1日から台湾でのご利用はできなくなり"", ""score: local=3, roaming=0""], ""network_generation"": [""product_info_cellular_5g: source:product_info_cellular: 携帯電話技術 LTE, 5G"", ""product_info_cellular_5g: source:product_info_cellular: 携帯電話技術 LTE, 5G"", ""product_info_cellular_4g_lte_signal_present_but_5g_capable_takes_precedence""], ""carrier_support_local"": [""3HK: 【高品質回線】 大手通信キャリア回線を使用。広範囲で安定した快適な通信を提供。中国：中国聯通（China Unicom）回線。香港：3HK回線。マカオ：CTM回線。"", ""3HK: サービスプロバイダ 中国聯通, 3HK, CTM""], ""review_count"": [""detail_page: (36)""], ""bestseller_rank"": [""Amazon 売れ筋ランキング 家電＆カメラ - 17,296位 ( 家電＆カメラの売れ筋ランキングを見る ) プリペイドSIMカード - 223位""], ""title"": [""中国・香港・マカオ SIMカード 10日間 10GB プリペイドSIM VPN不要 LINE・Google利用可 データ使い放題 テザリング可 物理SIM 5G/4G-LTE ジェットシム""]}"
amazon_jp,hk,【中国 香港 マカオSIM】5日間 10GB高速データ通信 低速使い放題 TikTok利用可能 データ通信専用 (電話番号なし) 4G／5G対応 プリペイドSIMカード 中国 SIM 香港 SIM mewfi,1580,12,,,,,947,1일,1일,5일,local,5g_capable,,,"{""cmhk"": null, ""csl"": null, ""smartone"": null, ""three_hk"": null}","{""skt"": null, ""kt"": null, ""lgu"": null}",10GB,https://www.amazon.co.jp/%E3%83%9E%E3%82%AB%E3%82%AASIM%E3%80%915%E6%97%A5%E9%96%93-10GB%E9%AB%98%E9%80%9F%E3%83%87%E3%83%BC%E3%82%BF%E9%80%9A%E4%BF%A1-TikTok%E5%88%A9%E7%94%A8%E5%8F%AF%E8%83%BD-%E3%83%97%E3%83%AA%E3%83%9A%E3%82%A4%E3%83%89SIM%E3%82%AB%E3%83%BC%E3%83%89-mewfi/dp/B0FKM2946G,B0FKM2946G,B0FKM2946G,Mewfi 正規販売店,mewfiのストアを表示,"{""price_jpy"": [""￥1,580""], ""usage_validity"": [""【有効期限】本SIMカードの有効期限は2026年12月31日まで（定期的に更新）です。現地ネットワークに接続した時点から24時間を1日としてカウントされます。""], ""activation_validity"": [""【中国 香港 マカオSIM】5日間 10GB高速データ通信 低速使い放題 TikTok利用可能 データ通信専用 (電話番号なし) 4G／5G対応 プリペイドSIMカード 中国 SIM 香港 SIM mewfi""], ""data_amount"": [""【高速データ通信】中国本土・香港・マカオで利用可能な5日間有効のプリペイドSIMカードです。期間中は合計10GBまで高速通信が可能で、上限を超えた後も128kbpsの低速通信で継続利用が可能です。""], ""network_type"": [""【ベトナムSIMカード】4日間 高速データ通信 無制限(速度低下なし) データ通信専用 4G/5G対応 ベトナム現地通信回線 mewfi"", ""【ベトナムSIMカード】4日間 高速データ通信 無制限(速度低下なし) データ通信専用 4G/5G対応 ベトナム現地通信回線 mewfi"", ""score: local=9, roaming=1""], ""network_generation"": [""product_info_cellular_5g: source:product_info_cellular: 携帯電話技術 4G/5G"", ""product_info_cellular_5g: source:product_info_cellular: 携帯電話技術 4G/5G"", ""product_info_cellular_4g_lte_signal_present_but_5g_capable_takes_precedence""], ""review_count"": [""detail_page: (12)""], ""bestseller_rank"": [""Amazon 売れ筋ランキング 家電＆カメラ - 106,050位 ( 家電＆カメラの売れ筋ランキングを見る ) プリペイドSIMカード - 947位""], ""title"": [""【中国 香港 マカオSIM】5日間 10GB高速データ通信 低速使い放題 TikTok利用可能 データ通信専用 (電話番号なし) 4G／5G対応 プリペイドSIMカード 中国 SIM 香港 SIM mewfi""]}"
amazon_jp,hk,【中国 sim】中国本土・香港・マカオ対応｜10日間 10GB高速データ＋低速無制限｜プリペイドSIMカード｜契約・本人確認不要・Google/LINE/YouTube利用可｜中国simカード,1380,12,,,,,470,10일,10일,10일,unknown,5g_capable,,,"{""cmhk"": null, ""csl"": null, ""smartone"": null, ""three_hk"": true}","{""skt"": null, ""kt"": null, ""lgu"": null}",10GB,https://www.amazon.co.jp/sim%E3%80%91%E4%B8%AD%E5%9B%BD%E6%9C%AC%E5%9C%9F%E3%83%BB%E9%A6%99%E6%B8%AF%E3%83%BB%E3%83%9E%E3%82%AB%E3%82%AA%E5%AF%BE%E5%BF%9C%EF%BD%9C10%E6%97%A5%E9%96%93-10GB%E9%AB%98%E9%80%9F%E3%83%87%E3%83%BC%E3%82%BF%EF%BC%8B%E4%BD%8E%E9%80%9F%E7%84%A1%E5%88%B6%E9%99%90%EF%BD%9C%E3%83%97%E3%83%AA%E3%83%9A%E3%82%A4%E3%83%89SIM%E3%82%AB%E3%83%BC%E3%83%89%EF%BD%9C%E5%AE%9F%E5%90%8D%E7%99%BB%E9%8C%B2%E4%B8%8D%E8%A6%81%E3%83%BBGoogle-LINE-YouTube%E5%88%A9%E7%94%A8%E5%8F%AF%EF%BD%9C24%E6%99%82%E9%96%93%E5%A4%9A%E8%A8%80%E8%AA%9E%E3%82%B5%E3%83%9D%E3%83%BC%E3%83%88-10%E6%97%A5%E9%96%93%EF%BD%9C10GB/dp/B0FTLZZCKV,B0FTLZZCKV,B0FTLZZCKV,Global eSIMshop,ブランド: PLUG TO GO,"{""price_jpy"": [""￥1,380""], ""usage_validity"": [""【中国 sim】中国本土・香港・マカオ対応｜10日間 10GB高速データ＋低速無制限｜プリペイドSIMカード｜契約・本人確認不要・Google/LINE/YouTube利用可｜中国simカード""], ""activation_validity"": [""【高速データ】 データ通信専用プリペイドSIM。中国大陸・香港・マカオで利用可能。利用開始から10日間で合計10GBの高速データ通信が利用できます。10GBを超過した場合も、最大128kbpsの低速通信が無制限でご利用可能。本人確認やSIM登録は不要です。 【中国ネット規制なし】 中国本土では香港回線をローミング利用するため、中国政府のネット規制対象外。Go""], ""data_amount"": [""【高速データ】 データ通信専用プリペイドSIM。中国大陸・香港・マカオで利用可能。利用開始から10日間で合計10GBの高速データ通信が利用できます。10GBを超過した場合も、最大128kbpsの低速通信が無制限でご利用可能。本人確認やSIM登録は不要です。""], ""network_type"": [""local_signal: 【SKTelecoｍ公式認証】 韓国eSIM 3日間 (72時間) 電話番号付き 超高速データ無制限 最初の5分発信無料(韓国国内) お急ぎの方即時発行可(LINE相談受付中) 有効期限／ご購入日より120日以内 現地空港サポート(SKTelecomローミングセンター) SKテレコム正規品 韓国SIMカードタイプではありません"", ""roaming_signal: 【中国ネット規制なし】 中国本土では香港回線をローミング利用するため、中国政府のネット規制対象外。Google、LINE、Facebook、Twitter、YouTube、Instagramなど主要サービスがVPN不要でそのままご利用いただけます。"", ""insufficient_or_conflicting_signals(local=3, roaming=3)""], ""network_generation"": [""product_info_cellular_5g: source:product_info_cellular: 携帯電話技術 5G/4G"", ""product_info_cellular_5g: source:product_info_cellular: 携帯電話技術 5G/4G""], ""carrier_support_local"": [""3HK: 【対応端末】SIMフリー／SIMロック解除済みスマートフォン専用。タブレット・PC・Wi-Fiルーターではご利用いただけません。標準／micro／nano SIMサイズに対応。 キャリア：中国：中国電信（China Telecom）／香港：3HK／マカオ：CTM。"", ""3HK: 【高速データ】 データ通信専用プリペイドSIM。中国大陸・香港・マカオで利用可能。利用開始から10日間で合計10GBの高速データ通信が利用できます。10GBを超過した場合も、最大128kbpsの低速通信が無制限でご利用可能。本人確認やSIM登録は不要です。 【中国ネット規制なし】 中国本土では香港回"", ""3HK: サービスプロバイダ China Telecom/3HK/CTM"", ""3HK: Amazon.co.jp: 【中国 sim】中国本土・香港・マカオ対応｜10日間 10GB高速データ＋低速無制限｜プリペイドSIMカード｜契約・本人確認不要・Google/LINE/YouTube利用可｜中国simカード : 家電＆カメラ 次に移動 メインコンテンツ この商品について この商品につい""], ""review_count"": [""detail_page: (12)""], ""bestseller_rank"": [""Amazon 売れ筋ランキング 家電＆カメラ - 41,828位 ( 家電＆カメラの売れ筋ランキングを見る ) プリペイドSIMカード - 470位""], ""title"": [""【中国 sim】中国本土・香港・マカオ対応｜10日間 10GB高速データ＋低速無制限｜プリペイドSIMカード｜契約・本人確認不要・Google/LINE/YouTube利用可｜中国simカード""]}"
amazon_jp,hk,アジア10ヵ国周遊SIM 利用期間8日データ容量6GB データ通信 プリペイドSIM ローミングSIM 利用国：インドネシア、韓国、シンガポール、タイ、中国、日本、ベトナム、香港、マカオ、マレーシア,1880,7,,,50,,86,1일,1일,8일,roaming,lte_4g_only,,,"{""cmhk"": null, ""csl"": null, ""smartone"": null, ""three_hk"": null}","{""skt"": null, ""kt"": null, ""lgu"": null}",6GB,https://www.amazon.co.jp/%E3%82%A2%E3%82%B8%E3%82%A210%E3%83%B5%E5%9B%BD%E5%91%A8%E9%81%8ASIM-%E5%88%A9%E7%94%A8%E6%9C%9F%E9%96%938%E6%97%A5%E3%83%87%E3%83%BC%E3%82%BF%E5%AE%B9%E9%87%8F6GB-%E3%83%97%E3%83%AA%E3%83%9A%E3%82%A4%E3%83%89SIM-%E3%83%AD%E3%83%BC%E3%83%9F%E3%83%B3%E3%82%B0SIM-%E5%88%A9%E7%94%A8%E5%9B%BD%EF%BC%9A%E3%82%A4%E3%83%B3%E3%83%89%E3%83%8D%E3%82%B7%E3%82%A2%E3%80%81%E9%9F%93%E5%9B%BD%E3%80%81%E3%82%B7%E3%83%B3%E3%82%AC%E3%83%9D%E3%83%BC%E3%83%AB%E3%80%81%E3%82%BF%E3%82%A4%E3%80%81%E4%B8%AD%E5%9B%BD%E3%80%81%E6%97%A5%E6%9C%AC%E3%80%81%E3%83%99%E3%83%88%E3%83%8A%E3%83%A0%E3%80%81%E9%A6%99%E6%B8%AF%E3%80%81%E3%83%9E%E3%82%AB%E3%82%AA%E3%80%81%E3%83%9E%E3%83%AC%E3%83%BC%E3%82%B7%E3%82%A2/dp/B0G39ZT22N,B0G39ZT22N,B0G39ZT22N,ブランド: Wise SIM,ブランド: Wise SIM,"{""price_jpy"": [""価格 ￥1,880 ￥1,299 ￥1,880 ￥1,380 ￥2,780""], ""usage_validity"": [""■利用期間：台湾の通信会社が発行しているSIMの為、台湾時間を基準として電波を受信後8日(日数カウント) 例えば台湾の23時に利用開始した場合、1時間で1日分としてカウントされますのでご留意ください。 ※延長・チャージは出来ません。""], ""activation_validity"": [""アジア10ヵ国周遊SIM 利用期間8日データ容量6GB データ通信 プリペイドSIM ローミングSIM 利用国：インドネシア、韓国、シンガポール、タイ、中国、日本、ベトナム、香港、マカオ、マレーシア""], ""data_amount"": [""【データ容量】 高速データ通信が6GB利用可能です。 ※上限後128kbpsへ速度低下となりますが期限迄は止まる事無く通信利用が可能です。""], ""network_type"": [""アジア10ヵ国周遊SIM 利用期間8日データ容量6GB データ通信 プリペイドSIM ローミングSIM 利用国：インドネシア、韓国、シンガポール、タイ、中国、日本、ベトナム、香港、マカオ、マレーシア"", ""Amazon.co.jp: アジア10ヵ国周遊SIM 利用期間8日データ容量6GB データ通信 プリペイドSIM ローミングSIM 利用国：インドネシア、韓国、シンガポール、タイ、中国、日本、ベトナム、香港、マカオ、マレーシア : 家電＆カメラ"", ""score: local=0, roaming=7""], ""network_generation"": [""product_info_cellular_4g_lte: source:product_info_cellular: 携帯電話技術 4G/LTE"", ""product_info_cellular_4g_lte: source:product_info_cellular: 携帯電話技術 4G/LTE""], ""monthly_sold_count"": [""search_result_fallback: 50""], ""review_count"": [""detail_page: (7)""], ""bestseller_rank"": [""Amazon 売れ筋ランキング 家電＆カメラ - 7,583位 ( 家電＆カメラの売れ筋ランキングを見る ) プリペイドSIMカード - 86位""], ""title"": [""アジア10ヵ国周遊SIM 利用期間8日データ容量6GB データ通信 プリペイドSIM ローミングSIM 利用国：インドネシア、韓国、シンガポール、タイ、中国、日本、ベトナム、香港、マカオ、マレーシア""]}"
amazon_jp,hk,【中国 香港 eSIM】大容量 2GB/日・高速データ 低速無制限 即日発行可能 China Unicom/3HK キャリア 4G-LTE対応 データ通信専用 中国・ 香港 プリペイド simカード (1日間),680,15,,,,,1109,1일,1일,30일,unknown,lte_4g_only,,,"{""cmhk"": null, ""csl"": null, ""smartone"": null, ""three_hk"": true}","{""skt"": null, ""kt"": null, ""lgu"": null}",unlimited,https://www.amazon.co.jp/eSIM%E3%80%91%E5%A4%A7%E5%AE%B9%E9%87%8F-%E6%97%A5%E3%83%BB%E9%AB%98%E9%80%9F%E3%83%87%E3%83%BC%E3%82%BF-4G-LTE%E5%AF%BE%E5%BF%9C-%E3%83%87%E3%83%BC%E3%82%BF%E9%80%9A%E4%BF%A1%E5%B0%82%E7%94%A8-1%E6%97%A5%E9%96%93/dp/B0D78YFGCP,B0D78YFGCP,B0D78YFGCP,Global Simcard,アーモンド　ＳＩｍ　ｃａｒｄのストアを表示,"{""price_jpy"": [""￥680""], ""usage_validity"": [""【中国 香港 eSIM】大容量 2GB/日・高速データ 低速無制限 即日発行可能 China Unicom/3HK キャリア 4G-LTE対応 データ通信専用 中国・ 香港 プリペイド simカード (1日間)""], ""activation_validity"": [""【有効期限】メールで納品後、30日以内にご利用ください""], ""data_amount"": [""【大容量プラン】通信専用のeSIMですデータは無制限ですが、1日の使用量が2GBに達すると通信速度が最大256Kbpsに制限されます制限は現地時間の翌日0時に解除されます現地時間の00:00-23：59区切りで、カウントされます""], ""network_type"": [""local_signal: 【チョコSIM 定額（Sプラン）】【中国の電話番号付きでアプリや施設サービスのSMS認証が可能】【データ容量】合計500MB/月【音声】合計20分間/月 データ/音声/SMS付きSIMカード 中国SIM マカオSIM China unicom ※こちらのSIMカードは契約後、毎月の基本料が発生いたします。※2024年11月1日から台湾でのご利用はできなくなり"", ""roaming_signal: 【中国ネット制限なし】中国本土での利用の場合はローミング接続を行いますこれにより中国政府のネット規制対象外となり、Google、Facebook、Twitter、Instagram等に接続可能です"", ""insufficient_or_conflicting_signals(local=6, roaming=3)""], ""network_generation"": [""product_info_cellular_4g_lte: source:product_info_cellular: 携帯電話技術 4G-LTE"", ""product_info_cellular_4g_lte: source:product_info_cellular: 携帯電話技術 4G-LTE""], ""carrier_support_local"": [""3HK: 【キャリア】 中国：China Telecom 香港：3HK データ通信専用eSIMになります"", ""3HK: 【eSIM取得方法】ご購入後、://jp..mewfi/esim にアクセスし必要事項を入力➡メールアドレスには、説明書のPDFと設定用のQRコードが届きます 🔺お急ぎの方は、お支払い完了後にカスタマーサポート（LINE ID: @014hhnww）にご連絡ください通常、当日中にQRコードを発行でき"", ""3HK: サービスプロバイダ China Unicom/3HK"", ""3HK: Amazon.co.jp: 【中国 香港 eSIM】大容量 2GB/日・高速データ 低速無制限 即日発行可能 China Unicom/3HK キャリア 4G-LTE対応 データ通信専用 中国・ 香港 プリペイド simカード (1日間) : 家電＆カメラ"", ""3HK: 【中国 香港 eSIM】大容量 2GB/日・高速データ 低速無制限 即日発行可能 China Unicom/3HK キャリア 4G-LTE対応 データ通信専用 中国・ 香港 プリペイド simカード (1日間)"", ""3HK: 【中国 香港 eSIM】大容量 2GB/日・高速データ 低速無制限 即日発行可能 China Unicom/3HK キャリア 4G-LTE対応 データ通信専用 中国・ 香港 プリペイド simカード (1日間)"", ""3HK: 【中国 香港 eSIM】大容量 2GB/日・高速データ 低速無制限 即日発行可能 China Unicom/3HK キャリア 4G-LTE対応 データ通信専用 中国・ 香港 プリペイド simカード (1日間)"", ""3HK: Amazon.co.jp: 【中国 香港 eSIM】大容量 2GB/日・高速データ 低速無制限 即日発行可能 China Unicom/3HK キャリア 4G-LTE対応 データ通信専用 中国・ 香港 プリペイド simカード (1日間) : 家電＆カメラ 次に移動 メインコンテンツ この商品につい""], ""review_count"": [""detail_page: (15)""], ""bestseller_rank"": [""Amazon 売れ筋ランキング 家電＆カメラ - 131,268位 ( 家電＆カメラの売れ筋ランキングを見る ) プリペイドSIMカード - 1,109位""], ""title"": [""【中国 香港 eSIM】大容量 2GB/日・高速データ 低速無制限 即日発行可能 China Unicom/3HK キャリア 4G-LTE対応 データ通信専用 中国・ 香港 プリペイド simカード (1日間)""]}"
amazon_jp,hk,【中国 香港 マカオSIM】4日間 高速データ無制限使い放題 本人確認不要 TikTok利用可能 データ通信専用 (電話番号なし) 4G／5G対応 プリペイドSIMカード 中国 SIM 香港 SIM mewfi,1780,41,,,,,321,1일,1일,4일,unknown,5g_capable,,,"{""cmhk"": null, ""csl"": null, ""smartone"": null, ""three_hk"": null}","{""skt"": null, ""kt"": null, ""lgu"": null}",unlimited,https://www.amazon.co.jp/%E3%83%9E%E3%82%AB%E3%82%AASIM%E3%80%914%E6%97%A5%E9%96%93-%E9%AB%98%E9%80%9F%E3%83%87%E3%83%BC%E3%82%BF%E7%84%A1%E5%88%B6%E9%99%90%E4%BD%BF%E3%81%84%E6%94%BE%E9%A1%8C-TikTok%E5%88%A9%E7%94%A8%E5%8F%AF%E8%83%BD-%E3%83%97%E3%83%AA%E3%83%9A%E3%82%A4%E3%83%89SIM%E3%82%AB%E3%83%BC%E3%83%89-mewfi/dp/B0FN3ZL8HQ,B0FN3ZL8HQ,B0FN3ZL8HQ,Mewfi 正規販売店,mewfiのストアを表示,"{""price_jpy"": [""￥1,780""], ""usage_validity"": [""【有効期限】本SIMカードの有効期限は2026年12月31日まで（定期的に更新）です。現地ネットワークに接続した時点から24時間を1日としてカウントされます。""], ""activation_validity"": [""【中国 香港 マカオSIM】4日間 高速データ無制限使い放題 本人確認不要 TikTok利用可能 データ通信専用 (電話番号なし) 4G／5G対応 プリペイドSIMカード 中国 SIM 香港 SIM mewfi""], ""data_amount"": [""【高速データ通信】中国・香港・マカオ全域で高速データ通信が無制限にご利用いただけます。面倒な契約や本人確認は一切不要です。""], ""network_type"": [""local_signal: 【ベトナムSIMカード】4日間 高速データ通信 無制限(速度低下なし) データ通信専用 4G/5G対応 ベトナム現地通信回線 mewfi"", ""roaming_signal: 【ご利用方法】ご利用前に簡単な予約手続きを行うだけでOK。現地に到着後、SIMカードを挿入し、ローミングを有効にすれば自動的にインターネットに接続されます。"", ""insufficient_or_conflicting_signals(local=9, roaming=2)""], ""network_generation"": [""product_info_cellular_5g: source:product_info_cellular: 携帯電話技術 4G/5G"", ""product_info_cellular_5g: source:product_info_cellular: 携帯電話技術 4G/5G"", ""product_info_cellular_4g_lte_signal_present_but_5g_capable_takes_precedence""], ""review_count"": [""detail_page: (41)""], ""bestseller_rank"": [""Amazon 売れ筋ランキング 家電＆カメラ - 26,915位 ( 家電＆カメラの売れ筋ランキングを見る ) プリペイドSIMカード - 321位""], ""title"": [""【中国 香港 マカオSIM】4日間 高速データ無制限使い放題 本人確認不要 TikTok利用可能 データ通信専用 (電話番号なし) 4G／5G対応 プリペイドSIMカード 中国 SIM 香港 SIM mewfi""]}"
amazon_jp,hk,【Almond SIM】中国本土 simcard 4日間 高速データ通信 完全無制限 香港 マカオにも利用可能 1-30日間選択可能 中国ネット規制対象外 中国でもGoogle、LINE、YouTubeなど利用可能 24時間安心サポート 5G 4G-LTE対応 プリペイド SIMカード China simカード (4日間/無制限),1880,29,,,,,404,3일,3일,4일,unknown,5g_capable,,,"{""cmhk"": null, ""csl"": null, ""smartone"": null, ""three_hk"": true}","{""skt"": null, ""kt"": null, ""lgu"": null}",unlimited,https://www.amazon.co.jp/4%E6%97%A5%E9%96%93-1-30%E6%97%A5%E9%96%93%E9%81%B8%E6%8A%9E%E5%8F%AF%E8%83%BD-%E4%B8%AD%E5%9B%BD%E3%83%8D%E3%83%83%E3%83%88%E8%A6%8F%E5%88%B6%E5%AF%BE%E8%B1%A1%E5%A4%96-%E4%B8%AD%E5%9B%BD%E3%81%A7%E3%82%82Google%E3%80%81LINE%E3%80%81YouTube%E3%81%AA%E3%81%A9%E5%88%A9%E7%94%A8%E5%8F%AF%E8%83%BD-%E7%84%A1%E5%88%B6%E9%99%90/dp/B0FMQQRC3N,B0FMQQRC3N,B0FMQQRC3N,株式会社ビッグコネクト,bigconnectのストアを表示,"{""price_jpy"": [""￥1,880""], ""usage_validity"": [""【SKTelecoｍ公式認証】 韓国eSIM 3日間 (72時間) 電話番号付き 超高速データ無制限 最初の5分発信無料(韓国国内) お急ぎの方即時発行可(LINE相談受付中) 有効期限／ご購入日より120日以内 現地空港サポート(SKTelecomローミングセンター) SKテレコム正規品 韓国SIMカードタイプではありません""], ""activation_validity"": [""【Almond SIM】中国本土 simcard 4日間 高速データ通信 完全無制限 香港 マカオにも利用可能 1-30日間選択可能 中国ネット規制対象外 中国でもGoogle、LINE、YouTubeなど利用可能 24時間安心サポート 5G 4G-LTE対応 プリペイド SIMカード China simカード (4日間/無制限)""], ""data_amount"": [""【データプラン】データ通信専用のSIMです。※高速データ容量は無制限。完全使い放題プラン、中国ネット規制対象外 中国でもGoogle、LINE、YouTubeなどVPNなしで利用可能、本人確認やSIMカード認証は不要で、1-30日間選択可能。""], ""network_type"": [""local_signal: 【SKTelecoｍ公式認証】 韓国eSIM 3日間 (72時間) 電話番号付き 超高速データ無制限 最初の5分発信無料(韓国国内) お急ぎの方即時発行可(LINE相談受付中) 有効期限／ご購入日より120日以内 現地空港サポート(SKTelecomローミングセンター) SKテレコム正規品 韓国SIMカードタイプではありません"", ""roaming_signal: 【中国ネット制限なし】中国本土での利用の場合は香港ローミング接続を行います。これにより中国政府のネット規制対象外となり、Google、Facebook、Twitter、Instagram等に接続可能です。中華圏渡航スケジュールに対応する手軽なプリペイドSIMカード。キャリア：中国：China Telecom 香港：3HK マカオ: CTM。"", ""insufficient_or_conflicting_signals(local=3, roaming=2)""], ""network_generation"": [""product_info_cellular_5g: source:product_info_cellular: 携帯電話技術 5G 4G-Lte"", ""product_info_cellular_5g: source:product_info_cellular: 携帯電話技術 5G 4G-Lte""], ""carrier_support_local"": [""3HK: 【中国ネット制限なし】中国本土での利用の場合は香港ローミング接続を行います。これにより中国政府のネット規制対象外となり、Google、Facebook、Twitter、Instagram等に接続可能です。中華圏渡航スケジュールに対応する手軽なプリペイドSIMカード。キャリア：中国：China Tel"", ""3HK: サービスプロバイダ 中国：China Telecom 香港：3HK マカオ: CTM"", ""3HK: Amazon.co.jp: 【Almond SIM】中国本土 simcard 4日間 高速データ通信 完全無制限 香港 マカオにも利用可能 1-30日間選択可能 中国ネット規制対象外 中国でもGoogle、LINE、YouTubeなど利用可能 24時間安心サポート 5G 4G-LTE対応 プリペイド""], ""review_count"": [""detail_page: (29)""], ""bestseller_rank"": [""Amazon 売れ筋ランキング 家電＆カメラ - 36,036位 ( 家電＆カメラの売れ筋ランキングを見る ) プリペイドSIMカード - 404位""], ""title"": [""【Almond SIM】中国本土 simcard 4日間 高速データ通信 完全無制限 香港 マカオにも利用可能 1-30日間選択可能 中国ネット規制対象外 中国でもGoogle、LINE、YouTubeなど利用可能 24時間安心サポート 5G 4G-LTE対応 プリペイド SIMカード China simカード (4日間/無制限)""]}"
amazon_jp,hk,香港・マカオ eSIM 3日間 (72時間) 無制限データ｜公式キャリア回線｜本人確認不要｜5G/4G 高速通信｜プリペイドeSIM 香港eSIM マカオeSIM (3日間),1280,17,,,,,664,1일,1일,3일,unknown,5g_capable,,,"{""cmhk"": null, ""csl"": null, ""smartone"": null, ""three_hk"": null}","{""skt"": null, ""kt"": null, ""lgu"": null}",unlimited,https://www.amazon.co.jp/%E9%A6%99%E6%B8%AF%E3%83%BB%E3%83%9E%E3%82%AB%E3%82%AA-%E7%84%A1%E5%88%B6%E9%99%90%E3%83%87%E3%83%BC%E3%82%BF%EF%BD%9C%E5%85%AC%E5%BC%8F%E3%82%AD%E3%83%A3%E3%83%AA%E3%82%A2%E5%9B%9E%E7%B7%9A%EF%BD%9C%E6%9C%AC%E4%BA%BA%E7%A2%BA%E8%AA%8D%E4%B8%8D%E8%A6%81%EF%BD%9C5G-%E9%AB%98%E9%80%9F%E9%80%9A%E4%BF%A1%EF%BD%9C%E3%83%97%E3%83%AA%E3%83%9A%E3%82%A4%E3%83%89eSIM-%E9%A6%99%E6%B8%AFeSIM-%E3%83%9E%E3%82%AB%E3%82%AAeSIM/dp/B0GSTC5TNG,B0GSTC5TNG,B0GSTC5TNG,mewmewホーム eSIM,ＭＥＷＭＥＷホームのストアを表示,"{""price_jpy"": [""￥1,280""], ""usage_validity"": [""【有効期限】QRコードは90日以内に有効です。日本国内でQRコードをスキャンして事前設定が可能。プランの日数は、24時間を1日としてカウントされます。""], ""activation_validity"": [""香港・マカオ eSIM 3日間 (72時間) 無制限データ｜公式キャリア回線｜本人確認不要｜5G/4G 高速通信｜プリペイドeSIM 香港eSIM マカオeSIM (3日間)""], ""data_amount"": [""【データ通信無制限】香港/マカオで利用可能なデータ通信専用のプリペイドeSIMです。現地大手キャリア回線を利用しており、広いエリアで安定した高速データ通信をご利用いただけます。高速データ通信は無制限、本人確認不要。旅行・短期滞在・ビジネス出張など、さまざまなシーンにおすすめのeSIMです。""], ""network_type"": [""no_local_or_roaming_keyword_matched""], ""network_generation"": [""product_info_cellular_5g: source:product_info_cellular: 携帯電話技術 LTE, 5G"", ""product_info_cellular_5g: source:product_info_cellular: 携帯電話技術 LTE, 5G"", ""product_info_cellular_4g_lte_signal_present_but_5g_capable_takes_precedence""], ""review_count"": [""detail_page: (17)""], ""bestseller_rank"": [""Amazon 売れ筋ランキング 家電＆カメラ - 65,475位 ( 家電＆カメラの売れ筋ランキングを見る ) プリペイドSIMカード - 664位""], ""title"": [""香港・マカオ eSIM 3日間 (72時間) 無制限データ｜公式キャリア回線｜本人確認不要｜5G/4G 高速通信｜プリペイドeSIM 香港eSIM マカオeSIM (3日間)""]}"
amazon_jp,hk,【中国 sim】3日間 完全無制限・高速データ通信｜中国・香港・マカオ対応｜中国本土でもGoogle・LINE・YouTube利用可能｜24時間サポート｜中国本土 プリペイドSIM 中国本土・香港・マカオ SIMカード (3日間｜無制限),1580,35,,,,,419,3일,3일,30일,roaming,5g_capable,,,"{""cmhk"": null, ""csl"": null, ""smartone"": null, ""three_hk"": true}","{""skt"": null, ""kt"": null, ""lgu"": null}",unlimited,https://www.amazon.co.jp/sim%E3%80%913%E6%97%A5%E9%96%93-%E5%AE%8C%E5%85%A8%E7%84%A1%E5%88%B6%E9%99%90%E3%83%BB%E9%AB%98%E9%80%9F%E3%83%87%E3%83%BC%E3%82%BF%E9%80%9A%E4%BF%A1%EF%BD%9C%E4%B8%AD%E5%9B%BD%E3%83%BB%E9%A6%99%E6%B8%AF%E3%83%BB%E3%83%9E%E3%82%AB%E3%82%AA%E5%AF%BE%E5%BF%9C%EF%BD%9C%E4%B8%AD%E5%9B%BD%E6%9C%AC%E5%9C%9F%E3%81%A7%E3%82%82Google%E3%83%BBLINE%E3%83%BBYouTube%E5%88%A9%E7%94%A8%E5%8F%AF%E8%83%BD%EF%BD%9C24%E6%99%82%E9%96%93%E3%82%B5%E3%83%9D%E3%83%BC%E3%83%88%EF%BD%9C%E4%B8%AD%E5%9B%BD%E6%9C%AC%E5%9C%9F-%E3%83%97%E3%83%AA%E3%83%9A%E3%82%A4%E3%83%89SIM-%E4%B8%AD%E5%9B%BD%E6%9C%AC%E5%9C%9F%E3%83%BB%E9%A6%99%E6%B8%AF%E3%83%BB%E3%83%9E%E3%82%AB%E3%82%AA-3%E6%97%A5%E9%96%93%EF%BD%9C%E7%84%A1%E5%88%B6%E9%99%90/dp/B0FPXBGL2M,B0FPXBGL2M,B0FPXBGL2M,Global Simcard,アーモンド　ＳＩｍ　ｃａｒｄのストアを表示,"{""price_jpy"": [""￥1,580""], ""usage_validity"": [""【中国 sim】3日間 完全無制限・高速データ通信｜中国・香港・マカオ対応｜中国本土でもGoogle・LINE・YouTube利用可能｜24時間サポート｜中国本土 プリペイドSIM 中国本土・香港・マカオ SIMカード (3日間｜無制限)""], ""activation_validity"": [""🔷【高速データ通信】データ専用のプリペイドSIM。容量無制限で高速データを完全使い放題！本人確認やSIMカード認証は不要で、利用期間は1～30日間から自由に選べます。 🔷【中国ネット制限なし】香港ローミング接続で中国政府の規制対象外。Google、LINE、YouTube、Facebook、Instagramなど主要アプリがVPN不要でそのまま利用可能。本人""], ""data_amount"": [""🔷【高速データ通信】データ専用のプリペイドSIM。容量無制限で高速データを完全使い放題！本人確認やSIMカード認証は不要で、利用期間は1～30日間から自由に選べます。""], ""network_type"": [""🔷【中国ネット制限なし】香港ローミング接続で中国政府の規制対象外。Google、LINE、YouTube、Facebook、Instagramなど主要アプリがVPN不要でそのまま利用可能。本人確認も不要です。"", ""🔷【高速データ通信】データ専用のプリペイドSIM。容量無制限で高速データを完全使い放題！本人確認やSIMカード認証は不要で、利用期間は1～30日間から自由に選べます。 🔷【中国ネット制限なし】香港ローミング接続で中国政府の規制対象外。Google、LINE、YouTube、Facebook、Instagramなど主要アプリがVPN不要でそのまま利用可能。本人"", ""score: local=0, roaming=5""], ""network_generation"": [""product_info_cellular_5g: source:product_info_cellular: 携帯電話技術 5G/4G-LTE"", ""product_info_cellular_5g: source:product_info_cellular: 携帯電話技術 5G/4G-LTE""], ""carrier_support_local"": [""3HK: 🔷【対応キャリア】中国本土：中国電信（China Telecom）、香港：3HK、マカオ：CTM。中華圏への渡航に幅広く対応。"", ""3HK: 🔷【高速データ通信】データ専用のプリペイドSIM。容量無制限で高速データを完全使い放題！本人確認やSIMカード認証は不要で、利用期間は1～30日間から自由に選べます。 🔷【中国ネット制限なし】香港ローミング接続で中国政府の規制対象外。Google、LINE、YouTube、Facebook、Inst"", ""3HK: サービスプロバイダ China Telecom/3HK /CTM"", ""3HK: Amazon.co.jp: 【中国 sim】3日間 完全無制限・高速データ通信｜中国・香港・マカオ対応｜中国本土でもGoogle・LINE・YouTube利用可能｜24時間サポート｜中国本土 プリペイドSIM 中国本土・香港・マカオ SIMカード (3日間｜無制限) : 家電＆カメラ 次に移動 メイ""], ""review_count"": [""detail_page: (35)""], ""bestseller_rank"": [""Amazon 売れ筋ランキング 家電＆カメラ - 37,219位 ( 家電＆カメラの売れ筋ランキングを見る ) プリペイドSIMカード - 419位""], ""title"": [""【中国 sim】3日間 完全無制限・高速データ通信｜中国・香港・マカオ対応｜中国本土でもGoogle・LINE・YouTube利用可能｜24時間サポート｜中国本土 プリペイドSIM 中国本土・香港・マカオ SIMカード (3日間｜無制限)""]}"
amazon_jp,hk,香港 simカード 香港タイワンSIMカード 3/4/5日間プリペイドSIMカード データ通信無制限使い放題 (4日間),1075,5,,,,,1656,5일,5일,,unknown,lte_4g_only,,,"{""cmhk"": null, ""csl"": null, ""smartone"": null, ""three_hk"": true}","{""skt"": null, ""kt"": null, ""lgu"": null}",unlimited,https://www.amazon.co.jp/sim%E3%82%AB%E3%83%BC%E3%83%89-%E9%A6%99%E6%B8%AF%E3%82%BF%E3%82%A4%E3%83%AF%E3%83%B3SIM%E3%82%AB%E3%83%BC%E3%83%89-5%E6%97%A5%E9%96%93%E3%83%97%E3%83%AA%E3%83%9A%E3%82%A4%E3%83%89SIM%E3%82%AB%E3%83%BC%E3%83%89-%E3%83%87%E3%83%BC%E3%82%BF%E9%80%9A%E4%BF%A1%E7%84%A1%E5%88%B6%E9%99%90%E4%BD%BF%E3%81%84%E6%94%BE%E9%A1%8C-4%E6%97%A5%E9%96%93/dp/B0F7LPH6YY,B0F7LPH6YY,B0F7LPH6YY,Easy Go Technology,ブランド: Easygo Travel Everyday,"{""price_jpy"": [""￥1,075""], ""usage_validity"": [""香港 simカード 香港タイワンSIMカード 3/4/5日間プリペイドSIMカード データ通信無制限使い放題 (4日間)""], ""data_amount"": [""【データ通信無制限】 香港SIMカードは、5G LTE高速ネットワークで完全無制限のデータ通信を提供します（*一部地域では3G通信に切り替わる場合があります）。1日のデータ使用量が2GBに達すると、最大通信速度が256kbpsに低下しますが、翌日の香港現地時間午前0時に速度制限が自動解除されます。""], ""network_type"": [""local_signal: 【チョコSIM 定額（Sプラン）】【中国の電話番号付きでアプリや施設サービスのSMS認証が可能】【データ容量】合計500MB/月【音声】合計20分間/月 データ/音声/SMS付きSIMカード 中国SIM マカオSIM China unicom ※こちらのSIMカードは契約後、毎月の基本料が発生いたします。※2024年11月1日から台湾でのご利用はできなくなり"", ""roaming_signal: トラベルコネクト 4G/5G 香港SIMカード - 7日間、毎日1GBの高速データ、通話やSMSなし | 観光客やビジネス旅行者、ローミング向けのプリペイド旅行SIM"", ""insufficient_or_conflicting_signals(local=3, roaming=2)""], ""network_generation"": [""product_info_cellular_4g_lte: source:product_info_cellular: 携帯電話技術 LTE"", ""product_info_cellular_4g_lte: source:product_info_cellular: 携帯電話技術 LTE""], ""carrier_support_local"": [""3HK: 【中国 香港 eSIM】大容量 2GB/日・高速データ 低速無制限 即日発行可能 China Unicom/3HK キャリア 4G-LTE対応 データ通信専用 中国・ 香港 プリペイド simカード (1日間)""], ""review_count"": [""detail_page: (5)""], ""bestseller_rank"": [""Amazon 売れ筋ランキング 家電＆カメラ - 206,873位 ( 家電＆カメラの売れ筋ランキングを見る ) プリペイドSIMカード - 1,656位""], ""title"": [""香港 simカード 香港タイワンSIMカード 3/4/5日間プリペイドSIMカード データ通信無制限使い放題 (4日間)""]}"
amazon_jp,hk,【中国・香港・マカオeSIM】4日間完全無制限（三泊四日 使い放題） DeSiM正規卸 | LINE相談受付中｜データ通信専用（電話番号なし） | simフリー端末のみ対応 説明書付 イーシム DeSiM,3200,10,,,,,1172,4일,4일,7일,unknown,lte_4g_only,,,"{""cmhk"": null, ""csl"": null, ""smartone"": null, ""three_hk"": null}","{""skt"": null, ""kt"": null, ""lgu"": null}",unlimited,https://www.amazon.co.jp/%E3%80%90%E4%B8%AD%E5%9B%BD%E3%83%BB%E9%A6%99%E6%B8%AF%E3%83%BB%E3%83%9E%E3%82%AB%E3%82%AAeSIM%E3%80%914%E6%97%A5%E9%96%93%E5%AE%8C%E5%85%A8%E7%84%A1%E5%88%B6%E9%99%90%EF%BC%88%E4%B8%89%E6%B3%8A%E5%9B%9B%E6%97%A5-DeSiM%E6%AD%A3%E8%A6%8F%E5%8D%B8-LINE%E7%9B%B8%E8%AB%87%E5%8F%97%E4%BB%98%E4%B8%AD%EF%BD%9C%E3%83%87%E3%83%BC%E3%82%BF%E9%80%9A%E4%BF%A1%E5%B0%82%E7%94%A8%EF%BC%88%E9%9B%BB%E8%A9%B1%E7%95%AA%E5%8F%B7%E3%81%AA%E3%81%97%EF%BC%89-sim%E3%83%95%E3%83%AA%E3%83%BC%E7%AB%AF%E6%9C%AB%E3%81%AE%E3%81%BF%E5%AF%BE%E5%BF%9C-DeSiM/dp/B0DL4T8ZWP,B0DL4T8ZWP,B0DL4T8ZWP,DeSiM,DeSiMのストアを表示,"{""price_jpy"": [""￥3,200""], ""usage_validity"": [""【中国・香港・マカオeSIM】4日間完全無制限（三泊四日 使い放題） DeSiM正規卸 | LINE相談受付中｜データ通信専用（電話番号なし） | simフリー端末のみ対応 説明書付 イーシム DeSiM""], ""activation_validity"": [""商品の説明 購入前の注意事項 【注意事項】 注意事項①：本商品はデータ通信専用です（通話はご利用いただけません）。ご注意ください。 注意事項②：SIMロックフリー端末、もしくはSIMフリー端末専用のサービスです。必ず、ご利用端末がeSIM対応かどうかご確認ください。 注意事項③：2021年10月1日以前にSIMロック解除をキャリア店頭またはインターネットでさ""], ""data_amount"": [""商品の説明 購入前の注意事項 【注意事項】 注意事項①：本商品はデータ通信専用です（通話はご利用いただけません）。ご注意ください。 注意事項②：SIMロックフリー端末、もしくはSIMフリー端末専用のサービスです。必ず、ご利用端末がeSIM対応かどうかご確認ください。 注意事項③：2021年10月1日以前にSIMロック解除をキャリア店頭またはインターネットでさ""], ""network_type"": [""local_signal: 商品の説明 購入前の注意事項 【注意事項】 注意事項①：本商品はデータ通信専用です（通話はご利用いただけません）。ご注意ください。 注意事項②：SIMロックフリー端末、もしくはSIMフリー端末専用のサービスです。必ず、ご利用端末がeSIM対応かどうかご確認ください。 注意事項③：2021年10月1日以前にSIMロック解除をキャリア店頭またはインターネットでさ"", ""roaming_signal: 商品の説明 購入前の注意事項 【注意事項】 注意事項①：本商品はデータ通信専用です（通話はご利用いただけません）。ご注意ください。 注意事項②：SIMロックフリー端末、もしくはSIMフリー端末専用のサービスです。必ず、ご利用端末がeSIM対応かどうかご確認ください。 注意事項③：2021年10月1日以前にSIMロック解除をキャリア店頭またはインターネットでさ"", ""insufficient_or_conflicting_signals(local=9, roaming=3)""], ""network_generation"": [""product_info_cellular_4g_lte: source:product_info_cellular: 携帯電話技術 LTE"", ""product_info_cellular_4g_lte: source:product_info_cellular: 携帯電話技術 LTE""], ""review_count"": [""detail_page: (10)""], ""bestseller_rank"": [""Amazon 売れ筋ランキング 家電＆カメラ - 138,265位 ( 家電＆カメラの売れ筋ランキングを見る ) プリペイドSIMカード - 1,172位""], ""title"": [""【中国・香港・マカオeSIM】4日間完全無制限（三泊四日 使い放題） DeSiM正規卸 | LINE相談受付中｜データ通信専用（電話番号なし） | simフリー端末のみ対応 説明書付 イーシム DeSiM""]}"
amazon_jp,hk,中国 sim｜7日間 10GB高速データ通信 低速無制限｜中国本土・香港・マカオ対応｜Google/LINE/YouTube利用可｜実名登録不要｜24時間多言語サポート 香港 sim 中国 simカード,1180,12,,,,,816,7일,7일,7일,roaming,5g_capable,,,"{""cmhk"": null, ""csl"": null, ""smartone"": null, ""three_hk"": true}","{""skt"": null, ""kt"": null, ""lgu"": null}",10GB,https://www.amazon.co.jp/sim%EF%BD%9C7%E6%97%A5%E9%96%93-10GB%E9%AB%98%E9%80%9F%E3%83%87%E3%83%BC%E3%82%BF%E9%80%9A%E4%BF%A1-%E4%BD%8E%E9%80%9F%E7%84%A1%E5%88%B6%E9%99%90%EF%BD%9C%E4%B8%AD%E5%9B%BD%E6%9C%AC%E5%9C%9F%E3%83%BB%E9%A6%99%E6%B8%AF%E3%83%BB%E3%83%9E%E3%82%AB%E3%82%AA%E5%AF%BE%E5%BF%9C%EF%BD%9Csim%E3%82%AB%E3%83%BC%E3%83%89%EF%BD%9CGoogle-YouTube%E5%88%A9%E7%94%A8%E5%8F%AF%EF%BD%9C%E5%AE%9F%E5%90%8D%E7%99%BB%E9%8C%B2%E4%B8%8D%E8%A6%81%EF%BD%9C24%E6%99%82%E9%96%93%E5%A4%9A%E8%A8%80%E8%AA%9E%E3%82%B5%E3%83%9D%E3%83%BC%E3%83%88-7%E6%97%A5%E9%96%93%E3%83%BB10GB/dp/B0FTM4Q2QH,B0FTM4Q2QH,B0FTM4Q2QH,Global eSIMshop,ブランド: PLUG TO GO,"{""price_jpy"": [""￥1,180""], ""usage_validity"": [""中国 sim｜7日間 10GB高速データ通信 低速無制限｜中国本土・香港・マカオ対応｜Google/LINE/YouTube利用可｜実名登録不要｜24時間多言語サポート 香港 sim 中国 simカード""], ""activation_validity"": [""【高速データ】 データ通信専用プリペイドSIM。中国大陸・香港・マカオで利用可能。利用開始から7日間で合計10GBの高速データ通信が利用できます。10GBを超過した場合も、最大128kbpsの低速通信が無制限でご利用可能。本人確認やSIM登録は不要です。 【中国ネット規制なし】 中国本土では香港回線をローミング利用するため、中国政府のネット規制対象外。Goo""], ""data_amount"": [""【高速データ】 データ通信専用プリペイドSIM。中国大陸・香港・マカオで利用可能。利用開始から7日間で合計10GBの高速データ通信が利用できます。10GBを超過した場合も、最大128kbpsの低速通信が無制限でご利用可能。本人確認やSIM登録は不要です。""], ""network_type"": [""【中国ネット規制なし】 中国本土では香港回線をローミング利用するため、中国政府のネット規制対象外。Google、LINE、Facebook、Twitter、YouTube、Instagramなど主要サービスがVPN不要でそのままご利用いただけます。"", ""【高速データ】 データ通信専用プリペイドSIM。中国大陸・香港・マカオで利用可能。利用開始から7日間で合計10GBの高速データ通信が利用できます。10GBを超過した場合も、最大128kbpsの低速通信が無制限でご利用可能。本人確認やSIM登録は不要です。 【中国ネット規制なし】 中国本土では香港回線をローミング利用するため、中国政府のネット規制対象外。Goo"", ""score: local=0, roaming=3""], ""network_generation"": [""product_info_cellular_5g: source:product_info_cellular: 携帯電話技術 5G/4G"", ""product_info_cellular_5g: source:product_info_cellular: 携帯電話技術 5G/4G""], ""carrier_support_local"": [""3HK: 【対応端末】SIMフリー／SIMロック解除済みスマートフォン専用。タブレット・PC・Wi-Fiルーターではご利用いただけません。標準／micro／nano SIMサイズに対応。 キャリア：中国：中国電信（China Telecom）／香港：3HK／マカオ：CTM。"", ""3HK: 【高速データ】 データ通信専用プリペイドSIM。中国大陸・香港・マカオで利用可能。利用開始から7日間で合計10GBの高速データ通信が利用できます。10GBを超過した場合も、最大128kbpsの低速通信が無制限でご利用可能。本人確認やSIM登録は不要です。 【中国ネット規制なし】 中国本土では香港回線"", ""3HK: サービスプロバイダ China Telecom/3HK/CTM"", ""3HK: Amazon.co.jp: 中国 sim｜7日間 10GB高速データ通信 低速無制限｜中国本土・香港・マカオ対応｜Google/LINE/YouTube利用可｜実名登録不要｜24時間多言語サポート 香港 sim 中国 simカード : 家電＆カメラ 次に移動 メインコンテンツ この商品について この""], ""review_count"": [""detail_page: (12)""], ""bestseller_rank"": [""Amazon 売れ筋ランキング 家電＆カメラ - 86,658位 ( 家電＆カメラの売れ筋ランキングを見る ) プリペイドSIMカード - 816位""], ""title"": [""中国 sim｜7日間 10GB高速データ通信 低速無制限｜中国本土・香港・マカオ対応｜Google/LINE/YouTube利用可｜実名登録不要｜24時間多言語サポート 香港 sim 中国 simカード""]}"
amazon_jp,hk,中国本土・香港・マカオ SIMカード 6日間 (144時間) 高速データ無制限 SIMピン付き 4G/LTE SIMフリー対応 プリペイドSIMカード LINEで24時間サポート 中国sim (6日間),2180,16,,,,,618,6일,6일,10일,roaming,5g_capable,,,"{""cmhk"": null, ""csl"": true, ""smartone"": null, ""three_hk"": null}","{""skt"": null, ""kt"": null, ""lgu"": null}",unlimited,https://www.amazon.co.jp/%E4%B8%AD%E5%9B%BD%E6%9C%AC%E5%9C%9F%E3%83%BB%E9%A6%99%E6%B8%AF%E3%83%BB%E3%83%9E%E3%82%AB%E3%82%AA-6%E6%97%A5%E9%96%93-%E9%AB%98%E9%80%9F%E3%83%87%E3%83%BC%E3%82%BF%E7%84%A1%E5%88%B6%E9%99%90-%E3%83%97%E3%83%AA%E3%83%9A%E3%82%A4%E3%83%89SIM%E3%82%AB%E3%83%BC%E3%83%89-LINE%E3%81%A724%E6%99%82%E9%96%93%E3%82%B5%E3%83%9D%E3%83%BC%E3%83%88/dp/B0FMJBDGL4,B0FMJBDGL4,B0FMJBDGL4,mewmewホーム eSIM,ＭＥＷＭＥＷホームのストアを表示,"{""price_jpy"": [""￥2,180""], ""usage_validity"": [""中国本土・香港・マカオ SIMカード 6日間 (144時間) 高速データ無制限 SIMピン付き 4G/LTE SIMフリー対応 プリペイドSIMカード LINEで24時間サポート 中国sim (6日間)""], ""activation_validity"": [""【有効期限：2026年8月10日まで】利用予定日を開通予約した後、SIMカードを端末に挿入するだけで簡単アクティベート！有効期限内ならいつでも使えます。プランの日数は24時間を一日とカウントされます。""], ""data_amount"": [""【無制限・高速データ通信】中国本土・マカオ：中華電信 香港：CSL 5G /4G/LTEに対応し、高速データ通信は完全無制限となります。高画質動画の視聴、地図検索、写真や動画のシェアなど、快適なインターネット環境を提供します。中国本土でLINE 、Google Map、Facebook、Twitter、Instagramに接続可能です。""], ""network_type"": [""中国本土旅行者向けeSIMカード、5日間プラン、1GBデータ使い放題、高速4/5G、ローミング料金無料 | 中国旅行に最適"", ""中国本土旅行者向けeSIMカード、5日間プラン、2GBデータ使い放題、高速4/5G、ローミング料金無料 | 中国旅行に最適"", ""score: local=0, roaming=2""], ""network_generation"": [""product_detail_5g: source:feature_bullets: 【無制限・高速データ通信】中国本土・マカオ：中華電信 香港：CSL 5G /4G/LTEに対応し、高速データ通信は完全無制限となります。高画質動画の視聴、地図検索、写真や動画のシェアなど、快適なインターネット環境を提供します。中国本土でLINE 、Google Map、Facebook、Twitter、Inst"", ""product_detail_4g_lte_signal_present_but_5g_capable_takes_precedence""], ""carrier_support_local"": [""CSL: 【無制限・高速データ通信】中国本土・マカオ：中華電信 香港：CSL 5G /4G/LTEに対応し、高速データ通信は完全無制限となります。高画質動画の視聴、地図検索、写真や動画のシェアなど、快適なインターネット環境を提供します。中国本土でLINE 、Google Map、Facebook、Twitte"", ""CSL: Amazon.co.jp: 中国本土・香港・マカオ SIMカード 6日間 (144時間) 高速データ無制限 SIMピン付き 4G/LTE SIMフリー対応 プリペイドSIMカード LINEで24時間サポート 中国sim (6日間) : 家電＆カメラ 次に移動 メインコンテンツ この商品について この""], ""review_count"": [""detail_page: (16)""], ""bestseller_rank"": [""Amazon 売れ筋ランキング 家電＆カメラ - 60,388位 ( 家電＆カメラの売れ筋ランキングを見る ) プリペイドSIMカード - 618位""], ""title"": [""中国本土・香港・マカオ SIMカード 6日間 (144時間) 高速データ無制限 SIMピン付き 4G/LTE SIMフリー対応 プリペイドSIMカード LINEで24時間サポート 中国sim (6日間)""]}"
amazon_jp,hk,【Almond SIM】台湾プリペイドSIMカード｜4日間 完全データ無制限 使い放題｜5G/4G-LTE 高速通信｜台北・高雄など 対応｜24時間安心サポート (4日間（24時間×4）),1580,33,,,50,,69,1일,1일,4일,local,5g_capable,,,"{""cmhk"": null, ""csl"": null, ""smartone"": null, ""three_hk"": null}","{""skt"": null, ""kt"": null, ""lgu"": null}",unlimited,https://www.amazon.co.jp/SIM%E3%80%91%E5%8F%B0%E6%B9%BE%E3%83%97%E3%83%AA%E3%83%9A%E3%82%A4%E3%83%89SIM%E3%82%AB%E3%83%BC%E3%83%89%EF%BD%9C4%E6%97%A5%E9%96%93-%E5%AE%8C%E5%85%A8%E3%83%87%E3%83%BC%E3%82%BF%E7%84%A1%E5%88%B6%E9%99%90-%E9%AB%98%E9%80%9F%E9%80%9A%E4%BF%A1%EF%BD%9C%E5%8F%B0%E5%8C%97%E3%83%BB%E9%AB%98%E9%9B%84%E3%81%AA%E3%81%A9-%E5%AF%BE%E5%BF%9C%EF%BD%9C24%E6%99%82%E9%96%93%E5%AE%89%E5%BF%83%E3%82%B5%E3%83%9D%E3%83%BC%E3%83%88-4%E6%97%A5%E9%96%93%EF%BC%8824%E6%99%82%E9%96%93%C3%974%EF%BC%89/dp/B0GPVSPCXV,B0GPVSPCXV,B0GPVSPCXV,株式会社ビッグコネクト,bigconnectのストアを表示,"{""price_jpy"": [""￥1,580""], ""usage_validity"": [""【日本語マニュアル付】SIMカード有効期限：ご購入してから1年間有効。（未使用の場合）。利用期間は、データを発生した時点から24時間を1日としてカウントされます。出張、留学などのご利用の場合は、数枚分にも適しています。""], ""activation_validity"": [""【Almond SIM】台湾プリペイドSIMカード｜4日間 完全データ無制限 使い放題｜5G/4G-LTE 高速通信｜台北・高雄など 対応｜24時間安心サポート (4日間（24時間×4）)""], ""data_amount"": [""【データプラン】データ通信専用のSIMです。台湾で利用可能なプリペイドSIMカード。※高速データ容量は無制限。完全使い放題プラン、本人確認やSIMカード認証は不要です。本SIMカードは3 in 1サイズに対応しております。切り取り用のガイドに沿って、ご利用端末のSIMサイズに合わせて押し出してご使用ください""], ""network_type"": [""【SKTelecoｍ公式認証】 韓国eSIM 3日間 (72時間) 電話番号付き 超高速データ無制限 最初の5分発信無料(韓国国内) お急ぎの方即時発行可(LINE相談受付中) 有効期限／ご購入日より120日以内 現地空港サポート(SKTelecomローミングセンター) SKテレコム正規品 韓国SIMカードタイプではありません"", ""score: local=3, roaming=1""], ""network_generation"": [""product_info_cellular_5g: source:product_info_cellular: 携帯電話技術 5G 4G-Lte"", ""product_info_cellular_5g: source:product_info_cellular: 携帯電話技術 5G 4G-Lte""], ""monthly_sold_count"": [""Amazon.co.jp: 【Almond SIM】台湾プリペイドSIMカード｜4日間 完全データ無制限 使い放題｜5G/4G-LTE 高速通信｜台北・高雄など 対応｜24時間安心サポート (4日間（24時間×4）) : 家電＆カメラ 次に移動 メインコンテンツ この商品について この商品について この商品について 購入オプション 類似商品と比較する ビデオ""], ""review_count"": [""detail_page: (33)""], ""bestseller_rank"": [""Amazon 売れ筋ランキング 家電＆カメラ - 6,713位 ( 家電＆カメラの売れ筋ランキングを見る ) プリペイドSIMカード - 69位""], ""title"": [""【Almond SIM】台湾プリペイドSIMカード｜4日間 完全データ無制限 使い放題｜5G/4G-LTE 高速通信｜台北・高雄など 対応｜24時間安心サポート (4日間（24時間×4）)""]}"
amazon_jp,hk,【中国・香港・マカオ eSIM】 (4日間 無制限) プリペイド sim 高速データ無制限 低速なし 海外旅行 当日利用可能 説明書付 LINEで年中無休 24時間サポート 中国 sim 香港 sim マカオ sim way2esim,1500,28,,,,,1591,4일,4일,90일,roaming,lte_4g_only,,,"{""cmhk"": null, ""csl"": null, ""smartone"": null, ""three_hk"": true}","{""skt"": null, ""kt"": null, ""lgu"": null}",unlimited,https://www.amazon.co.jp/%E3%80%90%E4%B8%AD%E5%9B%BD%E3%83%BB%E9%A6%99%E6%B8%AF%E3%83%BB%E3%83%9E%E3%82%AB%E3%82%AA-%E9%AB%98%E9%80%9F%E3%83%87%E3%83%BC%E3%82%BF%E7%84%A1%E5%88%B6%E9%99%90-LINE%E3%81%A7%E5%B9%B4%E4%B8%AD%E7%84%A1%E4%BC%91-24%E6%99%82%E9%96%93%E3%82%B5%E3%83%9D%E3%83%BC%E3%83%88-way2esim/dp/B0GJD7RDKB,B0GJD7RDKB,B0GJD7RDKB,eSIM株式会社,way2esimのストアを表示,"{""price_jpy"": [""￥1,500""], ""usage_validity"": [""【中国・香港・マカオ eSIM】 (4日間 無制限) プリペイド sim 高速データ無制限 低速なし 海外旅行 当日利用可能 説明書付 LINEで年中無休 24時間サポート 中国 sim 香港 sim マカオ sim way2esim""], ""activation_validity"": [""【有効期限】メールで納品した90日以内にご利用始めてください。旅行予定が未定でも、必要なタイミングでいつでも利用開始できます。""], ""data_amount"": [""【高速データ無制限】このeSIMは、中国本土、香港とマカオで回線に接続し、高速データを無制限でご利用いただけます。SNSやウェブの閲覧など、さまざまなインターネットサービスを高速かつ無制限でご利用いただけます。""], ""network_type"": [""【DeSiM】中国・香港・マカオ3日間無制限+eSIMテストサービス付き【セット】完全予約制 | 海外旅行出国前事前テストeSIMサービス - DeSiM - 渡航前の不安を解消！ | Wi-Fi使用が面倒、ローミング料金が高い、SIMやeSIMの設定が不安な方に V4"", ""【DeSiM】中国・香港・マカオ3日間無制限+eSIMテストサービス付き【セット】完全予約制 | 海外旅行出国前事前テストeSIMサービス - DeSiM - 渡航前の不安を解消！ | Wi-Fi使用が面倒、ローミング料金が高い、SIMやeSIMの設定が不安な方に V4"", ""score: local=0, roaming=2""], ""network_generation"": [""product_info_cellular_4g_lte: source:product_info_cellular: 携帯電話技術 4G LTE"", ""product_info_cellular_4g_lte: source:product_info_cellular: 携帯電話技術 4G LTE""], ""carrier_support_local"": [""3HK: 【中国 香港 eSIM】大容量 2GB/日・高速データ 低速無制限 即日発行可能 China Unicom/3HK キャリア 4G-LTE対応 データ通信専用 中国・ 香港 プリペイド simカード (1日間)""], ""review_count"": [""detail_page: (28)""], ""bestseller_rank"": [""Amazon 売れ筋ランキング 家電＆カメラ - 197,404位 ( 家電＆カメラの売れ筋ランキングを見る ) プリペイドSIMカード - 1,591位""], ""title"": [""【中国・香港・マカオ eSIM】 (4日間 無制限) プリペイド sim 高速データ無制限 低速なし 海外旅行 当日利用可能 説明書付 LINEで年中無休 24時間サポート 中国 sim 香港 sim マカオ sim way2esim""]}"
amazon_jp,hk,香港 マカオ simcard 大容量 2GB/日 高速データ通信 低速データ無制限 使い放題 プリペイド SIMカードsimcard 香港simcard マカオ simcard 香港sim マカオ sim (2日間),970,19,,,,,284,2일,2일,3일,unknown,unknown,,,"{""cmhk"": null, ""csl"": null, ""smartone"": true, ""three_hk"": true}","{""skt"": null, ""kt"": null, ""lgu"": null}",unlimited,https://www.amazon.co.jp/simcard-%E4%BD%8E%E9%80%9F%E3%83%87%E3%83%BC%E3%82%BF%E7%84%A1%E5%88%B6%E9%99%90-SIM%E3%82%AB%E3%83%BC%E3%83%89simcard-%E9%A6%99%E6%B8%AFsimcard-2%E6%97%A5%E9%96%93/dp/B0CNCVH8ND,B0CNCVH8ND,B0CNCVH8ND,株式会社ビッグコネクト,bigconnectのストアを表示,"{""price_jpy"": [""￥970""], ""usage_validity"": [""香港 マカオ simcard 大容量 2GB/日 高速データ通信 低速データ無制限 使い放題 プリペイド SIMカードsimcard 香港simcard マカオ simcard 香港sim マカオ sim (2日間)""], ""activation_validity"": [""【SKTelecoｍ公式認証】 韓国eSIM 3日間 (72時間) 電話番号付き 超高速データ無制限 最初の5分発信無料(韓国国内) お急ぎの方即時発行可(LINE相談受付中) 有効期限／ご購入日より120日以内 現地空港サポート(SKTelecomローミングセンター) SKテレコム正規品 韓国SIMカードタイプではありません""], ""data_amount"": [""【安定した高速通信】香港 マカオで利用可能なプリペイドSIMカード。安定した4G-lte高速データ通信。キャリア：香港：Smartone、HKT、3 マカオ:CTM 。※データ容量無制限。ただしデータ一日使用量が2GBに達すると最大通信速度が128kbpsに低下します。翌日の香港時間0時自動的にスピード制限を解除します。デザリングも使用できます。128kbp""], ""network_type"": [""local_signal: 【チョコSIM 定額（Sプラン）】【中国の電話番号付きでアプリや施設サービスのSMS認証が可能】【データ容量】合計500MB/月【音声】合計20分間/月 データ/音声/SMS付きSIMカード 中国SIM マカオSIM China unicom ※こちらのSIMカードは契約後、毎月の基本料が発生いたします。※2024年11月1日から台湾でのご利用はできなくなり"", ""roaming_signal: 商品の説明 【Almond sim】Almond SIMは、お客様が安定したネットワーク環境で快適に旅行を楽しめるように努めております。 運営会社である株式会社ビッグコネクト（電気通信事業者登録番号A-04-20504）が、 24時間年中無休 のカスタマーサポートは、日本語、英語、中国語、韓国語で対応しております。 商品に関することや設定方法、その他不明点が"", ""insufficient_or_conflicting_signals(local=6, roaming=3)""], ""network_generation"": [""fallback_5g: source:image_alt: トラベルコネクト 4G/5G 香港SIMカード - 5日間、毎日1GBの高速データ、通話やSMSなし | 観光客やビジネス旅行者、ローミング向けのプリペイド旅行SIM"", ""fallback_4g_lte: source:image_alt: 香港 マカオ ESIMプラン 3日間 完全無制限 4G-LTE 高速データ 使い放題 当日発行可能 出発前日本テスト用eSIM500MB 香港 マカオ プリペイドSIM 香港 esim 香港 マカオsim (3日間完全無制限)"", ""fallback_only_network_generation_signal""], ""carrier_support_local"": [""SmarTone: 【安定した高速通信】香港 マカオで利用可能なプリペイドSIMカード。安定した4G-lte高速データ通信。キャリア：香港：Smartone、HKT、3 マカオ:CTM 。※データ容量無制限。ただしデータ一日使用量が2GBに達すると最大通信速度が128kbpsに低下します。翌日の香港時間0時自動的にスピ"", ""3HK: 【中国 香港 eSIM】大容量 2GB/日・高速データ 低速無制限 即日発行可能 China Unicom/3HK キャリア 4G-LTE対応 データ通信専用 中国・ 香港 プリペイド simカード (1日間)"", ""SmarTone: Amazon.co.jp: 香港 マカオ simcard 大容量 2GB/日 高速データ通信 低速データ無制限 使い放題 プリペイド SIMカードsimcard 香港simcard マカオ simcard 香港sim マカオ sim (2日間) : 家電＆カメラ 次に移動 メインコンテンツ この商品""], ""review_count"": [""detail_page: (19)""], ""bestseller_rank"": [""Amazon 売れ筋ランキング 家電＆カメラ - 23,075位 ( 家電＆カメラの売れ筋ランキングを見る ) プリペイドSIMカード - 284位""], ""title"": [""香港 マカオ simcard 大容量 2GB/日 高速データ通信 低速データ無制限 使い放題 プリペイド SIMカードsimcard 香港simcard マカオ simcard 香港sim マカオ sim (2日間)""]}"
amazon_jp,hk,"【東南アジアeSIM】7日間7GB｜11地域対応（シンガポール,タイ,マレーシア,インドネシア,ベトナム,台湾・香港・マカオ,韓国,オーストラリア,ニュージーランド）｜5G/4G対応 高速データ通信｜即日メール配信 ｜使用ガイド付き｜テザリング対応｜365日LINEサポート｜QRコードで簡単設定 SIMカード不要 (7日間7GB)",1299,7,,,,,956,4일,4일,7일,roaming,5g_capable,,,"{""cmhk"": null, ""csl"": null, ""smartone"": null, ""three_hk"": null}","{""skt"": null, ""kt"": null, ""lgu"": null}",1GB/day,https://www.amazon.co.jp/4G%E5%AF%BE%E5%BF%9C-%E9%AB%98%E9%80%9F%E3%83%87%E3%83%BC%E3%82%BF%E9%80%9A%E4%BF%A1%EF%BD%9C%E5%8D%B3%E6%97%A5%E7%99%BA%E8%A1%8C-SIM%E3%82%AB%E3%83%BC%E3%83%89%E4%B8%8D%E8%A6%81-7%E6%97%A5%E9%96%937GB/dp/B0FHBCSGM5,B0FHBCSGM5,B0FHBCSGM5,トリリオン・コネクト,Billion Connectのストアを表示,"{""price_jpy"": [""￥1,299""], ""usage_validity"": [""【プランの利用日数の計算方法】 eSIMの有効期間は、アクティベートした時点から起算され、24時間単位で計算されます。 （例：10月1日10:00に3日間のプランをアクティベートした場合、有効期限は10月4日10:00までとなります。）""], ""activation_validity"": [""【東南アジアeSIM】7日間7GB｜11地域対応（シンガポール,タイ,マレーシア,インドネシア,ベトナム,台湾・香港・マカオ,韓国,オーストラリア,ニュージーランド）｜5G/4G対応 高速データ通信｜即日メール配信 ｜使用ガイド付き｜テザリング対応｜365日LINEサポート｜QRコードで簡単設定 SIMカード不要 (7日間7GB)""], ""data_amount"": [""【7日間7GB｜5G/4G対応】 この東南アジアeSIMなら、7日間毎日1GBの高速データ通信が楽しめます！毎日の1GBを使い切った後は、速度が384kbpsに制限されますが、 LINE、WhatsApp、Messengerなどのアプリでの文字チャット、メール送受信、地図の閲覧やナビゲーションは引き続きご利用いただけます。""], ""network_type"": [""《正規日本語版》【ローミングSIM】東南アジア・マカオ・ベトナム・シンガポール・タイ・マレーシア・ラオス・インドネシア・フィリピン・カンボジア・スリランカの全10ヵ国 8日間 5GB ※面倒な本人登録・パスポート登録は不要です。このSIMカードは中国"", ""アジア10ヵ国周遊SIM 利用期間8日データ容量6GB データ通信 プリペイドSIM ローミングSIM 利用国：インドネシア、韓国、シンガポール、タイ、中国、日本、ベトナム、香港、マカオ、マレーシア"", ""score: local=0, roaming=4""], ""network_generation"": [""product_info_cellular_5g: source:product_info_cellular: 携帯電話技術 5G"", ""product_info_cellular_5g: source:product_info_cellular: 携帯電話技術 5G""], ""review_count"": [""detail_page: (7)""], ""bestseller_rank"": [""Amazon 売れ筋ランキング 家電＆カメラ - 107,264位 ( 家電＆カメラの売れ筋ランキングを見る ) プリペイドSIMカード - 956位""], ""title"": [""【東南アジアeSIM】7日間7GB｜11地域対応（シンガポール,タイ,マレーシア,インドネシア,ベトナム,台湾・香港・マカオ,韓国,オーストラリア,ニュージーランド）｜5G/4G対応 高速データ通信｜即日メール配信 ｜使用ガイド付き｜テザリング対応｜365日LINEサポート｜QRコードで簡単設定 SIMカード不要 (7日間7GB)""]}"
amazon_jp,hk,【iPhone用】香港・マカオ プリペイドSIM 4日間 データ通信使い放題 5G/4G回線 香港プリペイドSIM 香港シム ローミングSIM,1620,24,,,,,2908,4일,4일,31일,roaming,lte_4g_only,,,"{""cmhk"": null, ""csl"": null, ""smartone"": null, ""three_hk"": null}","{""skt"": null, ""kt"": null, ""lgu"": null}",unlimited,https://www.amazon.co.jp/%E3%80%90iPhone%E7%94%A8%E3%80%91%E9%A6%99%E6%B8%AF%E3%83%BB%E3%83%9E%E3%82%AB%E3%82%AA-%E3%83%97%E3%83%AA%E3%83%9A%E3%82%A4%E3%83%89SIM-%E3%83%87%E3%83%BC%E3%82%BF%E9%80%9A%E4%BF%A1%E4%BD%BF%E3%81%84%E6%94%BE%E9%A1%8C-%E9%A6%99%E6%B8%AF%E3%83%97%E3%83%AA%E3%83%9A%E3%82%A4%E3%83%89SIM-%E3%83%AD%E3%83%BC%E3%83%9F%E3%83%B3%E3%82%B0SIM/dp/B0GKP9B1C1,B0GKP9B1C1,B0GKP9B1C1,ブランド: Wise SIM,ブランド: Wise SIM,"{""price_jpy"": [""￥1,620 ￥ 1,620 16ポイント(1""], ""usage_validity"": [""【iPhone用】香港・マカオ プリペイドSIM 4日間 データ通信使い放題 5G/4G回線 香港プリペイドSIM 香港シム ローミングSIM""], ""activation_validity"": [""■SIMカード有効期限：2026年12月31日まで""], ""data_amount"": [""【データ通信】 香港・マカオにてデータ通信が使い放題でご利用可能です。""], ""network_type"": [""【iPhone用】香港・マカオ プリペイドSIM 4日間 データ通信使い放題 5G/4G回線 香港プリペイドSIM 香港シム ローミングSIM"", ""Amazon.co.jp: 【iPhone用】香港・マカオ プリペイドSIM 4日間 データ通信使い放題 5G/4G回線 香港プリペイドSIM 香港シム ローミングSIM : 家電＆カメラ"", ""score: local=0, roaming=7""], ""network_generation"": [""product_info_cellular_4g_lte: source:product_info_cellular: 携帯電話技術 4G/LTE"", ""product_info_cellular_4g_lte: source:product_info_cellular: 携帯電話技術 4G/LTE""], ""review_count"": [""detail_page: 24""], ""bestseller_rank"": [""Amazon 売れ筋ランキング 家電＆カメラ - 438,576位 ( 家電＆カメラの売れ筋ランキングを見る ) プリペイドSIMカード - 2,908位""], ""title"": [""【iPhone用】香港・マカオ プリペイドSIM 4日間 データ通信使い放題 5G/4G回線 香港プリペイドSIM 香港シム ローミングSIM""]}"
amazon_jp,hk,【中国 香港 マカオSIM】高速データ通信・定額プラン データ専用（電話番号なし） 中華圏 プリペイドSIMカード 中国ネット規制対象外 年中無休・24時間サポート 中華圏 SIM (8日間 | 3GB),1280,5,,,,,723,3일,3일,8일,unknown,lte_4g_only,,,"{""cmhk"": null, ""csl"": null, ""smartone"": null, ""three_hk"": true}","{""skt"": null, ""kt"": null, ""lgu"": null}",3GB,https://www.amazon.co.jp/%E3%83%9E%E3%82%AB%E3%82%AASIM%E3%80%91%E9%AB%98%E9%80%9F%E3%83%87%E3%83%BC%E3%82%BF%E9%80%9A%E4%BF%A1%E3%83%BB%E5%AE%9A%E9%A1%8D%E3%83%97%E3%83%A9%E3%83%B3-%E3%83%87%E3%83%BC%E3%82%BF%E5%B0%82%E7%94%A8%EF%BC%88%E9%9B%BB%E8%A9%B1%E7%95%AA%E5%8F%B7%E3%81%AA%E3%81%97%EF%BC%89-%E5%B9%B4%E4%B8%AD%E7%84%A1%E4%BC%91%E3%83%BB24%E6%99%82%E9%96%93%E3%82%B5%E3%83%9D%E3%83%BC%E3%83%88-8%E6%97%A5%E9%96%93-3GB/dp/B0DHPQLKZY,B0DHPQLKZY,B0DHPQLKZY,Global Simcard,アーモンド　ＳＩｍ　ｃａｒｄのストアを表示,"{""price_jpy"": [""￥1,280""], ""usage_validity"": [""【SKTelecoｍ公式認証】 韓国eSIM 3日間 (72時間) 電話番号付き 超高速データ無制限 最初の5分発信無料(韓国国内) お急ぎの方即時発行可(LINE相談受付中) 有効期限／ご購入日より120日以内 現地空港サポート(SKTelecomローミングセンター) SKテレコム正規品 韓国SIMカードタイプではありません""], ""activation_validity"": [""【中国 香港 マカオSIM】高速データ通信・定額プラン データ専用（電話番号なし） 中華圏 プリペイドSIMカード 中国ネット規制対象外 年中無休・24時間サポート 中華圏 SIM (8日間 | 3GB)""], ""data_amount"": [""型番 8日間 | 3GB""], ""network_type"": [""local_signal: 【チョコSIM 定額（Sプラン）】【中国の電話番号付きでアプリや施設サービスのSMS認証が可能】【データ容量】合計500MB/月【音声】合計20分間/月 データ/音声/SMS付きSIMカード 中国SIM マカオSIM China unicom ※こちらのSIMカードは契約後、毎月の基本料が発生いたします。※2024年11月1日から台湾でのご利用はできなくなり"", ""roaming_signal: 【中国ネット制限なし】中国本土で利用する際にはローミング接続を行い、中国政府のネット規制を回避して、Google、Facebook、Twitter、Instagramなどにアクセスできます。"", ""insufficient_or_conflicting_signals(local=6, roaming=3)""], ""network_generation"": [""product_info_cellular_4g_lte: source:product_info_cellular: 携帯電話技術 4G-LTE"", ""product_info_cellular_4g_lte: source:product_info_cellular: 携帯電話技術 4G-LTE""], ""carrier_support_local"": [""3HK: 【キャリア】中国：China Telecom、香港：3HK、マカオ：CTM。中華圏への旅行に最適な、便利なプリペイドSIMカードをご用意しています。"", ""3HK: ⭐【データ容量】利用期間中に定額GB数を使い切った場合、通信は自動的に停止します。 ⭐【有効期限】ご購入後1年間有効です（未使用の場合）。観光や駐在などの際には、複数枚のご購入もおすすめです。 ⭐【中国ネット制限なし】中国本土で利用する際にはローミング接続を行い、中国政府のネット規制を回避して、Go"", ""3HK: サービスプロバイダ China Telecom、3HK、CTM"", ""3HK: Amazon.co.jp: 【中国 香港 マカオSIM】高速データ通信・定額プラン データ専用（電話番号なし） 中華圏 プリペイドSIMカード 中国ネット規制対象外 年中無休・24時間サポート 中華圏 SIM (8日間 | 3GB) : 家電＆カメラ 次に移動 メインコンテンツ この商品について こ""], ""review_count"": [""detail_page: (5)""], ""bestseller_rank"": [""Amazon 売れ筋ランキング 家電＆カメラ - 72,860位 ( 家電＆カメラの売れ筋ランキングを見る ) プリペイドSIMカード - 723位""], ""title"": [""【中国 香港 マカオSIM】高速データ通信・定額プラン データ専用（電話番号なし） 中華圏 プリペイドSIMカード 中国ネット規制対象外 年中無休・24時間サポート 中華圏 SIM (8日間 | 3GB)""]}"
amazon_jp,hk,【Docomo回線】365日間100GB 5G/4G/LTE対応 プリペイドSIM リチャージ可 期間延長可 残量確認可 契約不要 日本国内用 データ通信専用 物理SIM 大容量 ピン付き 設定簡単 年中無休 多言語安心サポート sim card japan【DXHUB】,15580,862,,,50,,43,180일,180일,365일,local,lte_4g_only,,,"{""cmhk"": null, ""csl"": null, ""smartone"": null, ""three_hk"": null}","{""skt"": null, ""kt"": null, ""lgu"": null}",2GB/day,https://www.amazon.co.jp/%E3%80%90Docomo%E5%9B%9E%E7%B7%9A%E3%80%91-365%E6%97%A5%E9%96%93100GB-%E3%83%97%E3%83%AA%E3%83%9A%E3%82%A4%E3%83%89SIM-LTE%E5%AF%BE%E5%BF%9C-%E4%BD%BF%E3%81%84%E6%8D%A8%E3%81%A6SIM%E3%80%90DXHUB%E3%80%91/dp/B093WJ26L4,B093WJ26L4,B093WJ26L4,DXHUB株式会社,ＤＸＨＵＢのストアを表示,"{""price_jpy"": [""￥15,580""], ""usage_validity"": [""商品の説明 通信速度改善のお知らせ 実際のユーザーはこんな使い方しています！ Previous page 毎回のSIM購入が面倒で、ついに100GBを選びました！ お客様の声｜365日間・100GB 詳細はこちら 会社直営で安心、データ管理もリチャージも簡単！ お客様の声｜30日間・50GB 詳細はこちら 一時帰国でも短期滞在でも、仕事も遊びも、ストレスなく""], ""activation_validity"": [""【Docomo回線】365日間100GB 5G/4G/LTE対応 プリペイドSIM リチャージ可 期間延長可 残量確認可 契約不要 日本国内用 データ通信専用 物理SIM 大容量 ピン付き 設定簡単 年中無休 多言語安心サポート sim card japan【DXHUB】""], ""data_amount"": [""商品の説明 通信速度改善のお知らせ 実際のユーザーはこんな使い方しています！ Previous page 毎回のSIM購入が面倒で、ついに100GBを選びました！ お客様の声｜365日間・100GB 詳細はこちら 会社直営で安心、データ管理もリチャージも簡単！ お客様の声｜30日間・50GB 詳細はこちら 一時帰国でも短期滞在でも、仕事も遊びも、ストレスなく""], ""network_type"": [""【DeSiM】日本eSIM 楽天回線 3GB/月 データ専用 電話番号付き SMS受信OK 認証可能 1年間有効 最大13カ月利用 5G/4G対応 楽天モバイル回線 日本上網卡 日本旅遊網卡 日本手机卡(有号码可收短信) 利用延長OK プリペイドSIM V4"", ""【チョコSIM 定額（Sプラン）】【中国の電話番号付きでアプリや施設サービスのSMS認証が可能】【データ容量】合計500MB/月【音声】合計20分間/月 データ/音声/SMS付きSIMカード 中国SIM マカオSIM China unicom ※こちらのSIMカードは契約後、毎月の基本料が発生いたします。※2024年11月1日から台湾でのご利用はできなくなり"", ""score: local=9, roaming=0""], ""network_generation"": [""product_info_cellular_4g_lte: source:product_info_cellular: 携帯電話技術 LTE"", ""product_info_cellular_4g_lte: source:product_info_cellular: 携帯電話技術 LTE""], ""monthly_sold_count"": [""DXHUB Docomo回線 プリペイドSIM 365日間100GB 5G/4G/LTE対応 次に移動 メインコンテンツ この商品について この商品について この商品について 購入オプション 類似商品と比較する ビデオ レビュー キーボードショートカット 検索 Alt + / カート Shift + Alt + C ホーム Shift + Alt + H 注""], ""review_count"": [""detail_page: (862)""], ""bestseller_rank"": [""Amazon 売れ筋ランキング 家電＆カメラ - 4,277位 ( 家電＆カメラの売れ筋ランキングを見る ) プリペイドSIMカード - 43位""], ""title"": [""【Docomo回線】365日間100GB 5G/4G/LTE対応 プリペイドSIM リチャージ可 期間延長可 残量確認可 契約不要 日本国内用 データ通信専用 物理SIM 大容量 ピン付き 設定簡単 年中無休 多言語安心サポート sim card japan【DXHUB】""]}"
amazon_jp,hk,【Almond SIM】中国本土 香港 マカオ simcard 4日間 高速データ通信 データ無制限 中国ネット規制対象外 中国でもGoogle、LINE、YouTubeなどVPNなしで利用可能 24時間安心サポート 5G 4G-LTE対応 プリペイド SIMカード China simカード (4日間4GB),1180,13,,,,,1371,3일,3일,4일,unknown,5g_capable,,,"{""cmhk"": null, ""csl"": null, ""smartone"": null, ""three_hk"": true}","{""skt"": null, ""kt"": null, ""lgu"": null}",unlimited,https://www.amazon.co.jp/SIM%E3%80%91%E4%B8%AD%E5%9B%BD%E6%9C%AC%E5%9C%9F-%E4%B8%AD%E5%9B%BD%E3%83%8D%E3%83%83%E3%83%88%E8%A6%8F%E5%88%B6%E5%AF%BE%E8%B1%A1%E5%A4%96-%E4%B8%AD%E5%9B%BD%E3%81%A7%E3%82%82Google%E3%80%81LINE%E3%80%81YouTube%E3%81%AA%E3%81%A9VPN%E3%81%AA%E3%81%97%E3%81%A7%E5%88%A9%E7%94%A8%E5%8F%AF%E8%83%BD-24%E6%99%82%E9%96%93%E5%AE%89%E5%BF%83%E3%82%B5%E3%83%9D%E3%83%BC%E3%83%88-4%E6%97%A5%E9%96%934GB/dp/B0DX5QDB3J,B0DX5QDB3J,B0DX5QDB3J,株式会社ビッグコネクト,bigconnectのストアを表示,"{""price_jpy"": [""￥1,180""], ""usage_validity"": [""【SKTelecoｍ公式認証】 韓国eSIM 3日間 (72時間) 電話番号付き 超高速データ無制限 最初の5分発信無料(韓国国内) お急ぎの方即時発行可(LINE相談受付中) 有効期限／ご購入日より120日以内 現地空港サポート(SKTelecomローミングセンター) SKテレコム正規品 韓国SIMカードタイプではありません""], ""activation_validity"": [""【Almond SIM】中国本土 香港 マカオ simcard 4日間 高速データ通信 データ無制限 中国ネット規制対象外 中国でもGoogle、LINE、YouTubeなどVPNなしで利用可能 24時間安心サポート 5G 4G-LTE対応 プリペイド SIMカード China simカード (4日間4GB)""], ""data_amount"": [""【データプラン】データ通信専用のSIMです。中国大陸、香港、マカオを含む利用可能なプリペイドSIMカード。※データ容量は無制限ですが、1日の使用量が1GBに達すると最大通信速度が256kbpsに低下します。この速度制限は翌日の現地時間0時に自動的に解除されます。中国ネット規制対象外 中国でもGoogle、LINE、YouTubeなどVPNなしで利用可能、本人""], ""network_type"": [""local_signal: 【チョコSIM 定額（Sプラン）】【中国の電話番号付きでアプリや施設サービスのSMS認証が可能】【データ容量】合計500MB/月【音声】合計20分間/月 データ/音声/SMS付きSIMカード 中国SIM マカオSIM China unicom ※こちらのSIMカードは契約後、毎月の基本料が発生いたします。※2024年11月1日から台湾でのご利用はできなくなり"", ""roaming_signal: 【中国ネット制限なし】中国本土での利用の場合は香港ローミング接続を行います。これにより中国政府のネット規制対象外となり、Google、Facebook、Twitter、Instagram等に接続可能です。中華圏渡航スケジュールに対応する手軽なプリペイドSIMカード。キャリア：中国：China Telecom 香港：3HK マカオ: CTM。"", ""insufficient_or_conflicting_signals(local=6, roaming=2)""], ""network_generation"": [""product_info_cellular_5g: source:product_info_cellular: 携帯電話技術 5G 4G-Lte"", ""product_info_cellular_5g: source:product_info_cellular: 携帯電話技術 5G 4G-Lte""], ""carrier_support_local"": [""3HK: 【中国ネット制限なし】中国本土での利用の場合は香港ローミング接続を行います。これにより中国政府のネット規制対象外となり、Google、Facebook、Twitter、Instagram等に接続可能です。中華圏渡航スケジュールに対応する手軽なプリペイドSIMカード。キャリア：中国：China Tel"", ""3HK: サービスプロバイダ 中国：China Telecom 香港：3HK マカオ: CTM"", ""3HK: Amazon.co.jp: 【Almond SIM】中国本土 香港 マカオ simcard 4日間 高速データ通信 データ無制限 中国ネット規制対象外 中国でもGoogle、LINE、YouTubeなどVPNなしで利用可能 24時間安心サポート 5G 4G-LTE対応 プリペイド SIMカード Ch""], ""review_count"": [""detail_page: (13)""], ""bestseller_rank"": [""Amazon 売れ筋ランキング 家電＆カメラ - 167,652位 ( 家電＆カメラの売れ筋ランキングを見る ) プリペイドSIMカード - 1,371位""], ""title"": [""【Almond SIM】中国本土 香港 マカオ simcard 4日間 高速データ通信 データ無制限 中国ネット規制対象外 中国でもGoogle、LINE、YouTubeなどVPNなしで利用可能 24時間安心サポート 5G 4G-LTE対応 プリペイド SIMカード China simカード (4日間4GB)""]}"
amazon_jp,hk,【中国 香港 マカオ eSIM】4日間 無制限 実名登録不要 高速データ通信 低速なし 中国ネット規制対象外 Line、Youtube、GoogleなどVPNなしで利用可能 QRコード設定 メール登録で納品 即日発行対応 急ぎの方LINEサポートあり 中国esim 香港esim マカオesim マグロeSIM,1680,43,,,,,952,1일,1일,4일,unknown,lte_4g_only,,,"{""cmhk"": null, ""csl"": null, ""smartone"": null, ""three_hk"": null}","{""skt"": null, ""kt"": null, ""lgu"": null}",unlimited,https://www.amazon.co.jp/eSIM%E3%80%914%E6%97%A5%E9%96%93-%E4%B8%AD%E5%9B%BD%E3%83%8D%E3%83%83%E3%83%88%E8%A6%8F%E5%88%B6%E5%AF%BE%E8%B1%A1%E5%A4%96-Line%E3%80%81Youtube%E3%80%81Google%E3%81%AA%E3%81%A9VPN%E3%81%AA%E3%81%97%E3%81%A7%E5%88%A9%E7%94%A8%E5%8F%AF%E8%83%BD-%E6%80%A5%E3%81%8E%E3%81%AE%E6%96%B9LINE%E3%82%B5%E3%83%9D%E3%83%BC%E3%83%88%E3%81%82%E3%82%8A-%E3%83%9E%E3%82%B0%E3%83%ADeSIM/dp/B0DW837B3C,B0DW837B3C,B0DW837B3C,マグロeSIM,マグロeSIMのストアを表示,"{""price_jpy"": [""￥1,680""], ""usage_validity"": [""【注意事項①】有効期限：eSIM QRコードを受け取ってから90日間です（有効期間内にご利用ください）。eSIMの使用期間については、24時間を1日とカウントされますので、ご了承ください。""], ""activation_validity"": [""【中国 香港 マカオ eSIM】4日間 無制限 実名登録不要 高速データ通信 低速なし 中国ネット規制対象外 Line、Youtube、GoogleなどVPNなしで利用可能 QRコード設定 メール登録で納品 即日発行対応 急ぎの方LINEサポートあり 中国esim 香港esim マカオesim マグロeSIM""], ""data_amount"": [""【高速データ】高速データ通信が無制限に使用可能です。""], ""network_type"": [""local_signal: 【ベトナムeSIM】 7日間 高速データ無制限 電話番号付き 通話・SMS受信のみ可能 お急ぎの方即日対応(LINE相談受付中) 有効期限 / ご購入日より30日以内 ベトナムSIMカードタイプではありません"", ""roaming_signal: 商品の説明 購入前にご注意！ 注意事項①：ご購入後、商品画像に記載されたURLにアクセスし必要事項を入力→メールアドレスにPDFの説明書とeSIMのQRコードが届きます！ 注意事項②：SIMロックフリー端末、もしくはSIMフリー端末専用のサービスです。必ず、ご利用端末がeSIM対応かどうかご確認ください。 注意事項③：eSIM対応端末のみ利用可能。※通信キャ"", ""insufficient_or_conflicting_signals(local=3, roaming=3)""], ""network_generation"": [""product_info_cellular_4g_lte: source:product_info_cellular: 携帯電話技術 LTE"", ""product_info_cellular_4g_lte: source:product_info_cellular: 携帯電話技術 LTE""], ""review_count"": [""detail_page: (43)""], ""bestseller_rank"": [""Amazon 売れ筋ランキング 家電＆カメラ - 107,026位 ( 家電＆カメラの売れ筋ランキングを見る ) プリペイドSIMカード - 952位""], ""title"": [""【中国 香港 マカオ eSIM】4日間 無制限 実名登録不要 高速データ通信 低速なし 中国ネット規制対象外 Line、Youtube、GoogleなどVPNなしで利用可能 QRコード設定 メール登録で納品 即日発行対応 急ぎの方LINEサポートあり 中国esim 香港esim マカオesim マグロeSIM""]}"
amazon_jp,hk,【中国SIMカード】30日間 5GB高速データ＋低速無制限｜中国・香港・マカオ対応｜中国本土でもGoogle・LINE・YouTube利用可能｜24時間サポート｜中国本土 プリペイドSIM 中国 sim (30日間｜5GB),1480,47,,,,,416,30일,30일,30일,unknown,5g_capable,,,"{""cmhk"": null, ""csl"": null, ""smartone"": null, ""three_hk"": true}","{""skt"": null, ""kt"": null, ""lgu"": null}",5GB,https://www.amazon.co.jp/%E3%80%90%E4%B8%AD%E5%9B%BDSIM%E3%82%AB%E3%83%BC%E3%83%89%E3%80%9130%E6%97%A5%E9%96%93-5GB%E9%AB%98%E9%80%9F%E3%83%87%E3%83%BC%E3%82%BF%EF%BC%8B%E4%BD%8E%E9%80%9F%E7%84%A1%E5%88%B6%E9%99%90%EF%BD%9C%E4%B8%AD%E5%9B%BD%E3%83%BB%E9%A6%99%E6%B8%AF%E3%83%BB%E3%83%9E%E3%82%AB%E3%82%AA%E5%AF%BE%E5%BF%9C%EF%BD%9C%E4%B8%AD%E5%9B%BD%E6%9C%AC%E5%9C%9F%E3%81%A7%E3%82%82Google%E3%83%BBLINE%E3%83%BBYouTube%E5%88%A9%E7%94%A8%E5%8F%AF%E8%83%BD%EF%BD%9C24%E6%99%82%E9%96%93%E3%82%B5%E3%83%9D%E3%83%BC%E3%83%88%EF%BD%9C%E4%B8%AD%E5%9B%BD%E6%9C%AC%E5%9C%9F-%E3%83%97%E3%83%AA%E3%83%9A%E3%82%A4%E3%83%89SIM-sim-30%E6%97%A5%E9%96%93%EF%BD%9C5GB/dp/B0FPR3TNGW,B0FPR3TNGW,B0FPR3TNGW,Global Simcard,アーモンド　ＳＩｍ　ｃａｒｄのストアを表示,"{""price_jpy"": [""￥1,480""], ""usage_validity"": [""【中国SIMカード】30日間 5GB高速データ＋低速無制限｜中国・香港・マカオ対応｜中国本土でもGoogle・LINE・YouTube利用可能｜24時間サポート｜中国本土 プリペイドSIM 中国 sim (30日間｜5GB)""], ""activation_validity"": [""⭐【高速データ通信】中国本土・香港・マカオ対応。30日間で合計5GBまで4G/5G高速通信が利用可能。超過後も128kbpsで通信継続でき、低速無制限で安心。 ⭐【中国ネット制限なし】香港ローミング接続で中国政府の規制対象外。Google、LINE、YouTube、SNSなど主要アプリがVPN不要で利用可能。本人確認も不要です。 ⭐【有効期限】未使用なら購入""], ""data_amount"": [""⭐【高速データ通信】中国本土・香港・マカオ対応。30日間で合計5GBまで4G/5G高速通信が利用可能。超過後も128kbpsで通信継続でき、低速無制限で安心。""], ""network_type"": [""local_signal: 【SKTelecoｍ公式認証】 韓国eSIM 3日間 (72時間) 電話番号付き 超高速データ無制限 最初の5分発信無料(韓国国内) お急ぎの方即時発行可(LINE相談受付中) 有効期限／ご購入日より120日以内 現地空港サポート(SKTelecomローミングセンター) SKテレコム正規品 韓国SIMカードタイプではありません"", ""roaming_signal: ⭐【中国ネット制限なし】香港ローミング接続で中国政府の規制対象外。Google、LINE、YouTube、SNSなど主要アプリがVPN不要で利用可能。本人確認も不要です。"", ""insufficient_or_conflicting_signals(local=3, roaming=5)""], ""network_generation"": [""product_info_cellular_5g: source:product_info_cellular: 携帯電話技術 5G/4G-LTE"", ""product_info_cellular_5g: source:product_info_cellular: 携帯電話技術 5G/4G-LTE""], ""carrier_support_local"": [""3HK: ⭐【対応キャリア】中国本土：中国電信（China Telecom）、香港：3HK、マカオ：CTM。中華圏への渡航に幅広く対応。"", ""3HK: ⭐【高速データ通信】中国本土・香港・マカオ対応。30日間で合計5GBまで4G/5G高速通信が利用可能。超過後も128kbpsで通信継続でき、低速無制限で安心。 ⭐【中国ネット制限なし】香港ローミング接続で中国政府の規制対象外。Google、LINE、YouTube、SNSなど主要アプリがVPN不要で"", ""3HK: サービスプロバイダ China Telecom/3HK /CTM"", ""3HK: Amazon.co.jp: 【中国SIMカード】30日間 5GB高速データ＋低速無制限｜中国・香港・マカオ対応｜中国本土でもGoogle・LINE・YouTube利用可能｜24時間サポート｜中国本土 プリペイドSIM 中国 sim (30日間｜5GB) : 家電＆カメラ 次に移動 メインコンテンツ ""], ""review_count"": [""detail_page: (47)""], ""bestseller_rank"": [""Amazon 売れ筋ランキング 家電＆カメラ - 35,495位 ( 家電＆カメラの売れ筋ランキングを見る ) プリペイドSIMカード - 416位""], ""title"": [""【中国SIMカード】30日間 5GB高速データ＋低速無制限｜中国・香港・マカオ対応｜中国本土でもGoogle・LINE・YouTube利用可能｜24時間サポート｜中国本土 プリペイドSIM 中国 sim (30日間｜5GB)""]}"
amazon_jp,hk,[香港eSIM、マカオeSIM｜メール納品]香港SIM、マカオSIM 5日間無制限超高速データ通信｜China Telecom対応の4G回線｜即日発行、QR簡単設定｜デザリング可｜旅行・出張・留学に最適｜LINE365日24時間サポート｜非物理SIM｜有効期限はご購入日より180日以内 (5日間無制限),1839,238,,,,,165,5일,5일,5일,roaming,lte_4g_only,,,"{""cmhk"": null, ""csl"": null, ""smartone"": null, ""three_hk"": null}","{""skt"": null, ""kt"": null, ""lgu"": null}",1GB/day,https://www.amazon.co.jp/%E9%A6%99%E6%B8%AFeSIM%E3%80%81%E3%83%9E%E3%82%AB%E3%82%AAeSIM%EF%BD%9C%E3%83%A1%E3%83%BC%E3%83%AB%E7%B4%8D%E5%93%81-%E9%A6%99%E6%B8%AFSIM%E3%80%81%E3%83%9E%E3%82%AB%E3%82%AASIM-5%E6%97%A5%E9%96%93%E7%84%A1%E5%88%B6%E9%99%90%E8%B6%85%E9%AB%98%E9%80%9F%E3%83%87%E3%83%BC%E3%82%BF%E9%80%9A%E4%BF%A1%EF%BD%9CChina-5%E6%97%A5%E9%96%93%E7%84%A1%E5%88%B6%E9%99%90/dp/B0FZSVYN23,B0FZSVYN23,B0FZSVYN23,SIM’s shop,ノーブランド品のストアを表示,"{""price_jpy"": [""￥1,839""], ""usage_validity"": [""[香港eSIM、マカオeSIM｜メール納品]香港SIM、マカオSIM 5日間無制限超高速データ通信｜China Telecom対応の4G回線｜即日発行、QR簡単設定｜デザリング可｜旅行・出張・留学に最適｜LINE365日24時間サポート｜非物理SIM｜有効期限はご購入日より180日以内 (5日間無制限)""], ""activation_validity"": [""[香港eSIM、マカオeSIM｜メール納品]香港SIM、マカオSIM 5日間無制限超高速データ通信｜China Telecom対応の4G回線｜即日発行、QR簡単設定｜デザリング可｜旅行・出張・留学に最適｜LINE365日24時間サポート｜非物理SIM｜有効期限はご購入日より180日以内 (5日間無制限)""], ""data_amount"": [""🔺🔺高速通信データ： China Telecomの4G回線に対応。1日あたり1GBを超過後も最大10Mbpsで通信可能。データ無制限、超高速で安定した通信品質を実現し、旅行・出張・留学などに最適。""], ""network_type"": [""⚠️ご注意：1.本製品は SIMロック解除済みかつeSIM対応スマートフォン のみでご利用いただけます。ご利用日当日にスマートフォンをネットワークへ接続し、eSIMのQRコードをスキャン して追加してください。🔺🔺目的地到着後、そのeSIMを選択し「ローミングをオン」にすると通信が可能になります。"", ""✅Q9.5Gは利用できますか？ A：商品により 4G（LTE）／5G に対応します。通信環境・端末により異なります。 ✅Q10.テザリングはできますか？ A：可能です。※端末により非対応の場合があります。 ✅Q11.音声通話や SMS は利用できますか？ A：いいえ。本eSIMはデータ通信専用です。 ✅Q12.現在の SIM と同時に使えますか？ A：デュア"", ""score: local=0, roaming=3""], ""network_generation"": [""product_info_cellular_4g_lte: source:product_info_cellular: 携帯電話技術 4G"", ""product_info_cellular_4g_lte: source:product_info_cellular: 携帯電話技術 4G""], ""review_count"": [""detail_page: 238""], ""bestseller_rank"": [""Amazon 売れ筋ランキング 家電＆カメラ - 466,865位 ( 家電＆カメラの売れ筋ランキングを見る ) 定期契約SIMカード - 165位""], ""title"": [""[香港eSIM、マカオeSIM｜メール納品]香港SIM、マカオSIM 5日間無制限超高速データ通信｜China Telecom対応の4G回線｜即日発行、QR簡単設定｜デザリング可｜旅行・出張・留学に最適｜LINE365日24時間サポート｜非物理SIM｜有効期限はご購入日より180日以内 (5日間無制限)""]}"
amazon_jp,hk,【中国・香港・マカオ eSIM】5日間 5GB（四泊五日 コスパ重視） DeSiM正規卸 |LINE相談受付中 |データ通信専用（電話番号なし） simフリー端末のみ対応 説明書付 イーシム,2050,16,,,,,571,5일,5일,7일,unknown,lte_4g_only,,,"{""cmhk"": null, ""csl"": null, ""smartone"": null, ""three_hk"": null}","{""skt"": null, ""kt"": null, ""lgu"": null}",unlimited,https://www.amazon.co.jp/%E3%80%90%E4%B8%AD%E5%9B%BD%E3%83%BB%E9%A6%99%E6%B8%AF%E3%83%BB%E3%83%9E%E3%82%AB%E3%82%AA-eSIM%E3%80%915%E6%97%A5%E9%96%93-LINE%E7%9B%B8%E8%AB%87%E5%8F%97%E4%BB%98%E4%B8%AD-%E3%83%87%E3%83%BC%E3%82%BF%E9%80%9A%E4%BF%A1%E5%B0%82%E7%94%A8%EF%BC%88%E9%9B%BB%E8%A9%B1%E7%95%AA%E5%8F%B7%E3%81%AA%E3%81%97%EF%BC%89-sim%E3%83%95%E3%83%AA%E3%83%BC%E7%AB%AF%E6%9C%AB%E3%81%AE%E3%81%BF%E5%AF%BE%E5%BF%9C/dp/B0D5WB7B48,B0D5WB7B48,B0D5WB7B48,DeSiM,DeSiMのストアを表示,"{""price_jpy"": [""￥2,050""], ""usage_validity"": [""【中国・香港・マカオ eSIM】5日間 5GB（四泊五日 コスパ重視） DeSiM正規卸 |LINE相談受付中 |データ通信専用（電話番号なし） simフリー端末のみ対応 説明書付 イーシム""], ""activation_validity"": [""商品の説明 購入前の注意事項 【注意事項】 注意事項①：本商品はデータ通信専用です（通話はご利用いただけません）。ご注意ください。 注意事項②：SIMロックフリー端末、もしくはSIMフリー端末専用のサービスです。必ず、ご利用端末がeSIM対応かどうかご確認ください。 注意事項③：2021年10月1日以前にSIMロック解除をキャリア店頭またはインターネットでさ""], ""data_amount"": [""商品の説明 購入前の注意事項 【注意事項】 注意事項①：本商品はデータ通信専用です（通話はご利用いただけません）。ご注意ください。 注意事項②：SIMロックフリー端末、もしくはSIMフリー端末専用のサービスです。必ず、ご利用端末がeSIM対応かどうかご確認ください。 注意事項③：2021年10月1日以前にSIMロック解除をキャリア店頭またはインターネットでさ""], ""network_type"": [""local_signal: 商品の説明 購入前の注意事項 【注意事項】 注意事項①：本商品はデータ通信専用です（通話はご利用いただけません）。ご注意ください。 注意事項②：SIMロックフリー端末、もしくはSIMフリー端末専用のサービスです。必ず、ご利用端末がeSIM対応かどうかご確認ください。 注意事項③：2021年10月1日以前にSIMロック解除をキャリア店頭またはインターネットでさ"", ""roaming_signal: 商品の説明 購入前の注意事項 【注意事項】 注意事項①：本商品はデータ通信専用です（通話はご利用いただけません）。ご注意ください。 注意事項②：SIMロックフリー端末、もしくはSIMフリー端末専用のサービスです。必ず、ご利用端末がeSIM対応かどうかご確認ください。 注意事項③：2021年10月1日以前にSIMロック解除をキャリア店頭またはインターネットでさ"", ""insufficient_or_conflicting_signals(local=6, roaming=2)""], ""network_generation"": [""product_info_cellular_4g_lte: source:product_info_cellular: 携帯電話技術 LTE"", ""product_info_cellular_4g_lte: source:product_info_cellular: 携帯電話技術 LTE""], ""review_count"": [""detail_page: (16)""], ""bestseller_rank"": [""Amazon 売れ筋ランキング 家電＆カメラ - 51,049位 ( 家電＆カメラの売れ筋ランキングを見る ) プリペイドSIMカード - 571位""], ""title"": [""【中国・香港・マカオ eSIM】5日間 5GB（四泊五日 コスパ重視） DeSiM正規卸 |LINE相談受付中 |データ通信専用（電話番号なし） simフリー端末のみ対応 説明書付 イーシム""]}"
amazon_jp,hk,【中国本土・香港eSIM】10日間 3GB（コスパ重視） LINE相談受付中｜データ通信専用（電話番号なし） | simフリー端末のみ対応 説明書付 イーシム simless,1120,11,,,,,1121,7일,7일,10일,local,lte_4g_only,,,"{""cmhk"": null, ""csl"": null, ""smartone"": null, ""three_hk"": null}","{""skt"": null, ""kt"": null, ""lgu"": null}",unlimited,https://www.amazon.co.jp/%E3%80%90%E4%B8%AD%E5%9B%BD%E6%9C%AC%E5%9C%9F%E3%83%BB%E9%A6%99%E6%B8%AFeSIM%E3%80%9110%E6%97%A5%E9%96%93-3GB%EF%BC%88%E3%82%B3%E3%82%B9%E3%83%91%E9%87%8D%E8%A6%96%EF%BC%89-LINE%E7%9B%B8%E8%AB%87%E5%8F%97%E4%BB%98%E4%B8%AD%EF%BD%9C%E3%83%87%E3%83%BC%E3%82%BF%E9%80%9A%E4%BF%A1%E5%B0%82%E7%94%A8%EF%BC%88%E9%9B%BB%E8%A9%B1%E7%95%AA%E5%8F%B7%E3%81%AA%E3%81%97%EF%BC%89-sim%E3%83%95%E3%83%AA%E3%83%BC%E7%AB%AF%E6%9C%AB%E3%81%AE%E3%81%BF%E5%AF%BE%E5%BF%9C-simless/dp/B0F11GNFJ6,B0F11GNFJ6,B0F11GNFJ6,DeSiM,DeSiMのストアを表示,"{""price_jpy"": [""￥1,120""], ""usage_validity"": [""商品の説明 購入前の注意事項 【注意事項】 注意事項①：本商品はデータ通信専用です（通話はご利用いただけません）。ご注意ください。 注意事項②：SIMロックフリー端末、もしくはSIMフリー端末専用のサービスです。必ず、ご利用端末がeSIM対応かどうかご確認ください。 注意事項③：2021年10月1日以前にSIMロック解除をキャリア店頭またはインターネットでさ""], ""activation_validity"": [""【中国本土・香港eSIM】10日間 3GB（コスパ重視） LINE相談受付中｜データ通信専用（電話番号なし） | simフリー端末のみ対応 説明書付 イーシム simless""], ""data_amount"": [""商品の説明 購入前の注意事項 【注意事項】 注意事項①：本商品はデータ通信専用です（通話はご利用いただけません）。ご注意ください。 注意事項②：SIMロックフリー端末、もしくはSIMフリー端末専用のサービスです。必ず、ご利用端末がeSIM対応かどうかご確認ください。 注意事項③：2021年10月1日以前にSIMロック解除をキャリア店頭またはインターネットでさ""], ""network_type"": [""商品の説明 購入前の注意事項 【注意事項】 注意事項①：本商品はデータ通信専用です（通話はご利用いただけません）。ご注意ください。 注意事項②：SIMロックフリー端末、もしくはSIMフリー端末専用のサービスです。必ず、ご利用端末がeSIM対応かどうかご確認ください。 注意事項③：2021年10月1日以前にSIMロック解除をキャリア店頭またはインターネットでさ"", ""【チョコSIM 定額（Sプラン）】【中国の電話番号付きでアプリや施設サービスのSMS認証が可能】【データ容量】合計500MB/月【音声】合計20分間/月 データ/音声/SMS付きSIMカード 中国SIM マカオSIM China unicom ※こちらのSIMカードは契約後、毎月の基本料が発生いたします。※2024年11月1日から台湾でのご利用はできなくなり"", ""score: local=9, roaming=1""], ""network_generation"": [""product_info_cellular_4g_lte: source:product_info_cellular: 携帯電話技術 LTE"", ""product_info_cellular_4g_lte: source:product_info_cellular: 携帯電話技術 LTE""], ""review_count"": [""detail_page: (11)""], ""bestseller_rank"": [""Amazon 売れ筋ランキング 家電＆カメラ - 132,939位 ( 家電＆カメラの売れ筋ランキングを見る ) プリペイドSIMカード - 1,121位""], ""title"": [""【中国本土・香港eSIM】10日間 3GB（コスパ重視） LINE相談受付中｜データ通信専用（電話番号なし） | simフリー端末のみ対応 説明書付 イーシム simless""]}"
amazon_jp,hk,【中国 香港 マカオeSIM】30日間20GB 高速データ通信 無制限 使い放題 実名登録不要 中国ネット規制対象外 ｜Google LINE YouTubeなどVPNなしで利用可能｜中国 simカード 香港sim マカオsim マカオeSIM プリペイド SIM eSIM｜旅行・出張・留学｜安心サポート 5G 4G-LTE対応 当日発行可能,1850,2,,,,,836,1일,1일,30일,unknown,5g_capable,,,"{""cmhk"": null, ""csl"": null, ""smartone"": true, ""three_hk"": null}","{""skt"": null, ""kt"": null, ""lgu"": null}",20GB,https://www.amazon.co.jp/%E3%83%9E%E3%82%AB%E3%82%AAeSIM%E3%80%9130%E6%97%A5%E9%96%9320GB-128kbps%E7%84%A1%E5%88%B6%E9%99%90-%E4%B8%AD%E5%9B%BD%E3%83%8D%E3%83%83%E3%83%88%E8%A6%8F%E5%88%B6%E5%AF%BE%E8%B1%A1%E5%A4%96-YouTube%E3%81%AA%E3%81%A9VPN%E3%81%AA%E3%81%97%E3%81%A7%E5%88%A9%E7%94%A8%E5%8F%AF%E8%83%BD%EF%BD%9C%E4%B8%AD%E5%9B%BD-eSIM%EF%BD%9C%E6%97%85%E8%A1%8C%E3%83%BB%E5%87%BA%E5%BC%B5%E3%83%BB%E7%95%99%E5%AD%A6%EF%BD%9C%E5%AE%89%E5%BF%83%E3%82%B5%E3%83%9D%E3%83%BC%E3%83%88/dp/B0FR426ZVY,B0FR426ZVY,B0FR426ZVY,Global Travel SIM Card,onetoneのストアを表示,"{""price_jpy"": [""￥1,850""], ""usage_validity"": [""【有効期限について】eSIM カードはアクティベーション前の有効期限が 365 日です。アクティベーション後の有効期間は購入した日数と一致し、24 時間を 1 日として計算されます""], ""activation_validity"": [""【中国 香港 マカオeSIM】30日間20GB 高速データ通信 無制限 使い放題 実名登録不要 中国ネット規制対象外 ｜Google LINE YouTubeなどVPNなしで利用可能｜中国 simカード 香港sim マカオsim マカオeSIM プリペイド SIM eSIM｜旅行・出張・留学｜安心サポート 5G 4G-LTE対応 当日発行可能""], ""data_amount"": [""型番 30日間20GB""], ""network_type"": [""local_signal: 【チャージで延長も可能】中国電話番号付き（30分/SMS30通）！シーズンSIM（中国本土・香港・日本・韓国で利用可能）90日間6GBデータ高速通信 プリペイドSIMカード 面倒な契約不要 Chinaunicom (通常版)Google、Facebo"", ""roaming_signal: 商品の説明 注意事項： 1. eSIMが提供する機能とサービス 現在のeSIMはデータ通信のみサポートしており、音声通話およびSMS機能はサポートしていません。 2. スマートフォンがeSIMをサポートしているかどうかの確認方法 「通話」画面で`*#06#`を入力すると、EID情報が表示されます。これはスマートフォンがeSIMのインストールをサポートしている"", ""insufficient_or_conflicting_signals(local=6, roaming=3)""], ""network_generation"": [""product_info_cellular_5g: source:product_info_cellular: 携帯電話技術 5G,4G,LTE"", ""product_info_cellular_5g: source:product_info_cellular: 携帯電話技術 5G,4G,LTE""], ""carrier_support_local"": [""SmarTone: サービスプロバイダ China mobile/Smartone/CTM"", ""SmarTone: Amazon.co.jp: 【中国 香港 マカオeSIM】30日間20GB 高速データ通信 無制限 使い放題 実名登録不要 中国ネット規制対象外 ｜Google LINE YouTubeなどVPNなしで利用可能｜中国 simカード 香港sim マカオsim マカオeSIM プリペイド SIM eSI""], ""review_count"": [""detail_page: (2)""], ""bestseller_rank"": [""Amazon 売れ筋ランキング 家電＆カメラ - 89,594位 ( 家電＆カメラの売れ筋ランキングを見る ) プリペイドSIMカード - 836位""], ""title"": [""【中国 香港 マカオeSIM】30日間20GB 高速データ通信 無制限 使い放題 実名登録不要 中国ネット規制対象外 ｜Google LINE YouTubeなどVPNなしで利用可能｜中国 simカード 香港sim マカオsim マカオeSIM プリペイド SIM eSIM｜旅行・出張・留学｜安心サポート 5G 4G-LTE対応 当日発行可能""]}"
amazon_jp,hk,【中国・香港・マカオeSIM】15日間 15GB プリペイドeSIM VPN不要 LINE・Google利用可 テザリング可 高速データ 5G/4G-LTE JETSIM,2980,8,,,,,1088,15일,15일,30일,local,lte_4g_only,,,"{""cmhk"": null, ""csl"": null, ""smartone"": null, ""three_hk"": true}","{""skt"": null, ""kt"": null, ""lgu"": null}",1GB/day,https://www.amazon.co.jp/%E3%83%9E%E3%82%AB%E3%82%AAeSIM%E3%80%9115%E6%97%A5%E9%96%93-%E3%83%87%E3%83%BC%E3%82%BFSIM-%E3%83%97%E3%83%AA%E3%83%9A%E3%82%A4%E3%83%89SIM-%E3%82%B8%E3%82%A7%E3%83%83%E3%83%88%E3%83%A2%E3%83%90%E3%82%A4%E3%83%AB-%E3%83%86%E3%82%B6%E3%83%AA%E3%83%B3%E3%82%B0%E5%8F%AF/dp/B0DDBTHR44,B0DDBTHR44,B0DDBTHR44,ジェスロモバイル,JETSIMのストアを表示,"{""price_jpy"": [""￥2,980""], ""usage_validity"": [""【中国・香港・マカオeSIM】15日間 15GB プリペイドeSIM VPN不要 LINE・Google利用可 テザリング可 高速データ 5G/4G-LTE JETSIM""], ""activation_validity"": [""商品の説明 購入後すぐにeSIMを使えますか？ はい、すぐにご利用いただけます。スムーズにご利用いただくために、申請フォームのご提出をお願いいたします。 eSIMのアクティベーションは必要ですか？ アクティベーションは不要です。eSIMをスマートフォンに追加すれば、現地に到着次第、自動的に接続されます！ 複数の国で利用できるプランは国をまたいで移動する際も、""], ""data_amount"": [""【データ無制限】中国・香港・マカオで15日間 5G/4G-LTE 高速データ15GB、その後2G速度で使い放題。テザリング対応。高速データ1日1GBまで。""], ""network_type"": [""【SKTelecoｍ公式認証】 韓国eSIM 3日間 (72時間) 電話番号付き 超高速データ無制限 最初の5分発信無料(韓国国内) お急ぎの方即時発行可(LINE相談受付中) 有効期限／ご購入日より120日以内 現地空港サポート(SKTelecomローミングセンター) SKテレコム正規品 韓国SIMカードタイプではありません"", ""score: local=3, roaming=0""], ""network_generation"": [""product_info_cellular_4g_lte: source:product_info_cellular: 携帯電話技術 LTE"", ""product_info_cellular_4g_lte: source:product_info_cellular: 携帯電話技術 LTE""], ""carrier_support_local"": [""3HK: 【高品質回線】 大手通信キャリア回線を使用。広範囲で安定した快適な通信を提供。中国：中国聯通（China Unicom）回線。香港：3HK回線。マカオ：CTM回線。""], ""review_count"": [""detail_page: (8)""], ""bestseller_rank"": [""Amazon 売れ筋ランキング 家電＆カメラ - 127,235位 ( 家電＆カメラの売れ筋ランキングを見る ) プリペイドSIMカード - 1,088位""], ""title"": [""【中国・香港・マカオeSIM】15日間 15GB プリペイドeSIM VPN不要 LINE・Google利用可 テザリング可 高速データ 5G/4G-LTE JETSIM""]}"
amazon_jp,hk,【香港 eSIM】2日間 高速データ無制限 当日発行可能 データ通信専用（電話番号なし） LINEで24時間サポート 説明書付 Hong Kong eSIM 香港 SIM (eSIM | 2日間/48時間),1180,2,,,,,742,2일,2일,90일,local,5g_capable,,,"{""cmhk"": null, ""csl"": null, ""smartone"": null, ""three_hk"": true}","{""skt"": null, ""kt"": null, ""lgu"": null}",unlimited,https://www.amazon.co.jp/%E3%83%87%E3%83%BC%E3%82%BF%E9%80%9A%E4%BF%A1%E5%B0%82%E7%94%A8%EF%BC%88%E9%9B%BB%E8%A9%B1%E7%95%AA%E5%8F%B7%E3%81%AA%E3%81%97%EF%BC%89-LINE%E3%81%A724%E6%99%82%E9%96%93%E3%82%B5%E3%83%9D%E3%83%BC%E3%83%88-eSIM-2%E6%97%A5%E9%96%93-48%E6%99%82%E9%96%93/dp/B0DK4SKCRV,B0DK4SKCRV,B0DK4SKCRV,Global Simcard,アーモンド　ＳＩｍ　ｃａｒｄのストアを表示,"{""price_jpy"": [""￥1,180""], ""usage_validity"": [""【香港 eSIM】2日間 高速データ無制限 当日発行可能 データ通信専用（電話番号なし） LINEで24時間サポート 説明書付 Hong Kong eSIM 香港 SIM (eSIM | 2日間/48時間)""], ""activation_validity"": [""⭐【有効期限】メールで納品後、90日以内にご利用ください。""], ""data_amount"": [""⭐【高速データ通信】完全無制限、低速度なし！！QRコードをスキャンして簡単に接続（インターネット環境が必要です）。""], ""network_type"": [""【チョコSIM 定額（Sプラン）】【中国の電話番号付きでアプリや施設サービスのSMS認証が可能】【データ容量】合計500MB/月【音声】合計20分間/月 データ/音声/SMS付きSIMカード 中国SIM マカオSIM China unicom ※こちらのSIMカードは契約後、毎月の基本料が発生いたします。※2024年11月1日から台湾でのご利用はできなくなり"", ""【SKTelecoｍ公式認証】 韓国eSIM 3日間 (72時間) 電話番号付き 超高速データ無制限 最初の5分発信無料(韓国国内) お急ぎの方即時発行可(LINE相談受付中) 有効期限／ご購入日より120日以内 現地空港サポート(SKTelecomローミングセンター) SKテレコム正規品 韓国SIMカードタイプではありません"", ""score: local=6, roaming=0""], ""network_generation"": [""product_info_cellular_5g: source:product_info_cellular: 携帯電話技術 4G/5G"", ""product_info_cellular_5g: source:product_info_cellular: 携帯電話技術 4G/5G"", ""product_info_cellular_4g_lte_signal_present_but_5g_capable_takes_precedence""], ""carrier_support_local"": [""3HK: ⭐【eSIM取得方法】ご購入後、http://jp.www.mewfi.com/esimにアクセスし必要事項を入力➡メールアドレスにPDFの説明書とeSIMのQRコードが届きます！ ⭐【高速データ通信】完全無制限、低速度なし！！QRコードをスキャンして簡単に接続。 ⭐【有効期限】メールで納品後、90"", ""3HK: サービスプロバイダ 3HK"", ""3HK: Amazon.co.jp: 【香港 eSIM】2日間 高速データ無制限 当日発行可能 データ通信専用（電話番号なし） LINEで24時間サポート 説明書付 Hong Kong eSIM 香港 SIM (eSIM | 2日間/48時間) : 家電＆カメラ 次に移動 メインコンテンツ この商品について ""], ""review_count"": [""detail_page: (2)""], ""bestseller_rank"": [""Amazon 売れ筋ランキング 家電＆カメラ - 76,013位 ( 家電＆カメラの売れ筋ランキングを見る ) プリペイドSIMカード - 742位""], ""title"": [""【香港 eSIM】2日間 高速データ無制限 当日発行可能 データ通信専用（電話番号なし） LINEで24時間サポート 説明書付 Hong Kong eSIM 香港 SIM (eSIM | 2日間/48時間)""]}"
amazon_jp,hk,【香港・マカオeSIM】5日間 3GB（コスパ重視） LINE相談受付中｜データ通信専用（電話番号なし） | simフリー端末のみ対応 説明書付 イーシム simless,850,5,,,,,1534,3일,3일,5일,local,unknown,,,"{""cmhk"": null, ""csl"": null, ""smartone"": null, ""three_hk"": null}","{""skt"": null, ""kt"": null, ""lgu"": null}",unlimited,https://www.amazon.co.jp/%E3%80%90%E9%A6%99%E6%B8%AF%E3%83%BB%E3%83%9E%E3%82%AB%E3%82%AAeSIM%E3%80%915%E6%97%A5%E9%96%93-3GB%EF%BC%88%E3%82%B3%E3%82%B9%E3%83%91%E9%87%8D%E8%A6%96%EF%BC%89-LINE%E7%9B%B8%E8%AB%87%E5%8F%97%E4%BB%98%E4%B8%AD%EF%BD%9C%E3%83%87%E3%83%BC%E3%82%BF%E9%80%9A%E4%BF%A1%E5%B0%82%E7%94%A8%EF%BC%88%E9%9B%BB%E8%A9%B1%E7%95%AA%E5%8F%B7%E3%81%AA%E3%81%97%EF%BC%89-sim%E3%83%95%E3%83%AA%E3%83%BC%E7%AB%AF%E6%9C%AB%E3%81%AE%E3%81%BF%E5%AF%BE%E5%BF%9C-simless/dp/B0DWLW1WK8,B0DWLW1WK8,B0DWLW1WK8,DeSiM,DeSiMのストアを表示,"{""price_jpy"": [""￥850""], ""usage_validity"": [""【SKTelecoｍ公式認証】 韓国eSIM 3日間 (72時間) 電話番号付き 超高速データ無制限 最初の5分発信無料(韓国国内) お急ぎの方即時発行可(LINE相談受付中) 有効期限／ご購入日より120日以内 現地空港サポート(SKTelecomローミングセンター) SKテレコム正規品 韓国SIMカードタイプではありません""], ""activation_validity"": [""【香港・マカオeSIM】5日間 3GB（コスパ重視） LINE相談受付中｜データ通信専用（電話番号なし） | simフリー端末のみ対応 説明書付 イーシム simless""], ""data_amount"": [""商品の説明 購入前の注意事項 【注意事項】 注意事項①：電話番号は付与されませんので、ご注意ください。 注意事項②：SIMロックフリー端末、もしくはSIMフリー端末専用のサービスです。必ず、ご利用端末がeSIM対応かどうかご確認ください。 注意事項③：2021年10月1日以前にSIMロック解除をキャリア店頭またはインターネットでされた「Android端末」は""], ""network_type"": [""商品の説明 購入前の注意事項 【注意事項】 注意事項①：電話番号は付与されませんので、ご注意ください。 注意事項②：SIMロックフリー端末、もしくはSIMフリー端末専用のサービスです。必ず、ご利用端末がeSIM対応かどうかご確認ください。 注意事項③：2021年10月1日以前にSIMロック解除をキャリア店頭またはインターネットでされた「Android端末」は"", ""【チョコSIM 定額（Sプラン）】【中国の電話番号付きでアプリや施設サービスのSMS認証が可能】【データ容量】合計500MB/月【音声】合計20分間/月 データ/音声/SMS付きSIMカード 中国SIM マカオSIM China unicom ※こちらのSIMカードは契約後、毎月の基本料が発生いたします。※2024年11月1日から台湾でのご利用はできなくなり"", ""score: local=9, roaming=1""], ""network_generation"": [""fallback_5g: source:image_alt: 【香港・マカオ eSIM】5日間 5GB（四泊五日 コスパ重視） DeSiM正規卸 | LINE相談受付中 |データ通信専用（電話番号なし） | simフリー端末のみ対応 説明書付 イーシム"", ""fallback_4g_lte: source:image_alt: 【Docomo回線】365日間100GB 5G/4G/LTE対応 プリペイドSIM リチャージ可 期間延長可 残量確認可 契約不要 日本国内用 データ通信専用 物理SIM 大容量 ピン付き 設定簡単 年中無休 多言語安心サポート sim card japan【DXHUB】"", ""fallback_only_network_generation_signal""], ""review_count"": [""detail_page: 商品の説明 購入前の注意事項 【注意事項】 注意事項①：電話番号は付与されませんので、ご注意ください。 注意事項②：SIMロックフリー端末、もしくはSIMフリー端末専用のサービスです。必ず、ご利用端末がeSIM対応かどうかご確認ください。 注意事項③：2021年10月1日以前にSIMロック解除をキャリア店頭またはインターネットでされた「Android端末」は""], ""bestseller_rank"": [""Amazon 売れ筋ランキング 家電＆カメラ - 191,233位 ( 家電＆カメラの売れ筋ランキングを見る ) プリペイドSIMカード - 1,534位""], ""title"": [""【香港・マカオeSIM】5日間 3GB（コスパ重視） LINE相談受付中｜データ通信専用（電話番号なし） | simフリー端末のみ対応 説明書付 イーシム simless""]}"
amazon_jp,hk,【香港 SIM マカオSIM】 3GB/日 高速データ通信 低速は無制限です 4G/5G対応 香港プリペイドsimカード マカオプリペイドsimカード データ通信専用 Hong Kong sim Macau sim prepaid sim mewfi,1080,53,,,,,950,3일,3일,31일,local,5g_capable,,,"{""cmhk"": null, ""csl"": null, ""smartone"": true, ""three_hk"": true}","{""skt"": null, ""kt"": null, ""lgu"": null}",3GB/day,https://www.amazon.co.jp/3%E6%97%A5%E9%96%93-%E4%BD%8E%E9%80%9F%E3%81%AF%E7%84%A1%E5%88%B6%E9%99%90%E3%81%A7%E3%81%99-%E9%A6%99%E6%B8%AF%E3%83%97%E3%83%AA%E3%83%9A%E3%82%A4%E3%83%89sim%E3%82%AB%E3%83%BC%E3%83%89-%E3%83%9E%E3%82%AB%E3%82%AA%E3%83%97%E3%83%AA%E3%83%9A%E3%82%A4%E3%83%89sim%E3%82%AB%E3%83%BC%E3%83%89-mewfi/dp/B0CP3HBN46,B0CP3HBN46,B0CP3HBN46,Mewfi 正規販売店,mewfiのストアを表示,"{""price_jpy"": [""￥1,080""], ""usage_validity"": [""型番 3日間""], ""activation_validity"": [""【日本語説明書付き】香港およびマカオ用SIMカードの有効期限は2026年12月31日までとなっており、SIMカードの設定方法が記載された説明書が同封されております。中古SIMカードの商品には保証が付きませんので、新品のSIMカードを購入してください。""], ""data_amount"": [""【高速データ通信】こちらは香港とマカオで使用できるSIMカードです。毎日3GBの高速データ通信が利用でき、3GBに達すると低速に切り替わります。現地時間の0時以降に自動的に高速データ通信が復元されます。香港のネットワークオペレーターはSmarTone、HKT、3HK、マカオではCTMが提供しています。""], ""network_type"": [""【チョコSIM 定額（Sプラン）】【中国の電話番号付きでアプリや施設サービスのSMS認証が可能】【データ容量】合計500MB/月【音声】合計20分間/月 データ/音声/SMS付きSIMカード 中国SIM マカオSIM China unicom ※こちらのSIMカードは契約後、毎月の基本料が発生いたします。※2024年11月1日から台湾でのご利用はできなくなり"", ""【SKTelecoｍ公式認証】 韓国eSIM 3日間 (72時間) 電話番号付き 超高速データ無制限 最初の5分発信無料(韓国国内) お急ぎの方即時発行可(LINE相談受付中) 有効期限／ご購入日より120日以内 現地空港サポート(SKTelecomローミングセンター) SKテレコム正規品 韓国SIMカードタイプではありません"", ""score: local=6, roaming=1""], ""network_generation"": [""product_info_cellular_5g: source:product_info_cellular: 携帯電話技術 LTE, 5G"", ""product_info_cellular_5g: source:product_info_cellular: 携帯電話技術 LTE, 5G"", ""product_info_cellular_4g_lte_signal_present_but_5g_capable_takes_precedence""], ""carrier_support_local"": [""SmarTone, 3HK: 【高速データ通信】こちらは香港とマカオで使用できるSIMカードです。毎日3GBの高速データ通信が利用でき、3GBに達すると低速に切り替わります。現地時間の0時以降に自動的に高速データ通信が復元されます。香港のネットワークオペレーターはSmarTone、HKT、3HK、マカオではCTMが提供しています"", ""SmarTone, 3HK: 【高速データ通信】こちらは香港とマカオで使用できるSIMカードです。毎日3GBの高速データ通信が利用でき、3GBに達すると低速に切り替わります。現地時間の0時以降に自動的に高速データ通信が復元されます。香港のネットワークオペレーターはSmarTone、HKT、3HK、マカオではCTMが提供しています"", ""SmarTone, 3HK: サービスプロバイダ SmarTone, HKT, 3HK, CTM"", ""3HK: 【中国 香港 eSIM】大容量 2GB/日・高速データ 低速無制限 即日発行可能 China Unicom/3HK キャリア 4G-LTE対応 データ通信専用 中国・ 香港 プリペイド simカード (1日間)"", ""SmarTone, 3HK: Amazon.co.jp: 【香港 SIM マカオSIM】 3GB/日 高速データ通信 低速は無制限です 4G/5G対応 香港プリペイドsimカード マカオプリペイドsimカード データ通信専用 Hong Kong sim Macau sim prepaid sim mewfi : 家電＆カメラ 次""], ""review_count"": [""detail_page: (53)""], ""bestseller_rank"": [""Amazon 売れ筋ランキング 家電＆カメラ - 106,827位 ( 家電＆カメラの売れ筋ランキングを見る ) プリペイドSIMカード - 950位""], ""title"": [""【香港 SIM マカオSIM】 3GB/日 高速データ通信 低速は無制限です 4G/5G対応 香港プリペイドsimカード マカオプリペイドsimカード データ通信専用 Hong Kong sim Macau sim prepaid sim mewfi""]}"
amazon_jp,hk,【中国本土、台湾、香港、マカオ】15日間(360時間) 7GB eSIM 高速データ 5G/4G-LTE LINE相談受付中 | データ通信専用 simフリー端末のみ対応 説明書付 イーシム,1480,8,,,,,1355,1일,1일,15일,unknown,lte_4g_only,,,"{""cmhk"": null, ""csl"": null, ""smartone"": null, ""three_hk"": null}","{""skt"": null, ""kt"": null, ""lgu"": null}",unlimited,https://www.amazon.co.jp/%E3%80%90%E4%B8%AD%E5%9B%BD%E6%9C%AC%E5%9C%9F%E3%80%81%E5%8F%B0%E6%B9%BE%E3%80%81%E9%A6%99%E6%B8%AF%E3%80%81%E3%83%9E%E3%82%AB%E3%82%AA%E3%80%9115%E6%97%A5%E9%96%93-7GB-LINE%E7%9B%B8%E8%AB%87%E5%8F%97%E4%BB%98%E4%B8%AD-%E3%83%87%E3%83%BC%E3%82%BF%E9%80%9A%E4%BF%A1%E5%B0%82%E7%94%A8-sim%E3%83%95%E3%83%AA%E3%83%BC%E7%AB%AF%E6%9C%AB%E3%81%AE%E3%81%BF%E5%AF%BE%E5%BF%9C/dp/B0FD2KRPND,B0FD2KRPND,B0FD2KRPND,SCT Mobile Tech,LBDCIOTのストアを表示,"{""price_jpy"": [""￥1,480""], ""usage_validity"": [""商品の説明 梱包内容： ① 封筒 ② eSIMカード 封筒には注意事項と公式アカウントのアフターサービスが記載されています。 カードには説明書、eSIMの取り出し方、アフターサービスの連絡先が記載されています。 その他の製品 eSIM 3日間(72時間)【韓国】1GB/日 カートに入れる 【韓国SIM】 SIMカード 3日間 1GB/日 カートに入れる 【台""], ""activation_validity"": [""【中国本土、台湾、香港、マカオ】15日間(360時間) 7GB eSIM 高速データ 5G/4G-LTE LINE相談受付中 | データ通信専用 simフリー端末のみ対応 説明書付 イーシム""], ""data_amount"": [""【データ無制限】eSIMの高速データ総量は7GBです。7GBのデータ使用後も通信は途絶えることはありません。128K低速データは無制限にご利用いただけます。""], ""network_type"": [""local_signal: 【チョコSIM 定額（Sプラン）】【中国の電話番号付きでアプリや施設サービスのSMS認証が可能】【データ容量】合計500MB/月【音声】合計20分間/月 データ/音声/SMS付きSIMカード 中国SIM マカオSIM China unicom ※こちらのSIMカードは契約後、毎月の基本料が発生いたします。※2024年11月1日から台湾でのご利用はできなくなり"", ""roaming_signal: 【利用方法】eSIMは出発前に追加し、目的地に到着後「ローミングデータ」をオンにするとご利用いただけます。使用できない場合は、APNを追加してください。"", ""insufficient_or_conflicting_signals(local=6, roaming=3)""], ""network_generation"": [""product_info_cellular_4g_lte: source:product_info_cellular: 携帯電話技術 LTE"", ""product_info_cellular_4g_lte: source:product_info_cellular: 携帯電話技術 LTE""], ""review_count"": [""detail_page: (8)""], ""bestseller_rank"": [""Amazon 売れ筋ランキング 家電＆カメラ - 164,867位 ( 家電＆カメラの売れ筋ランキングを見る ) プリペイドSIMカード - 1,355位""], ""title"": [""【中国本土、台湾、香港、マカオ】15日間(360時間) 7GB eSIM 高速データ 5G/4G-LTE LINE相談受付中 | データ通信専用 simフリー端末のみ対応 説明書付 イーシム""]}"
amazon_jp,hk,【香港 マカオ eSIM】5日間 無制限 実名登録不要 高速データ通信 低速なし 中国ネット規制対象外 Line、Youtube、GoogleなどVPNなしで利用可能 QRコード設定 メール登録で納品 即日発行対応 急ぎの方LINEサポートあり 中国esim 香港esim マカオesim マグロeSIM,1880,11,,,,,68,1일,1일,5일,unknown,lte_4g_only,,,"{""cmhk"": null, ""csl"": null, ""smartone"": null, ""three_hk"": null}","{""skt"": null, ""kt"": null, ""lgu"": null}",unlimited,https://www.amazon.co.jp/eSIM%E3%80%915%E6%97%A5%E9%96%93-%E4%B8%AD%E5%9B%BD%E3%83%8D%E3%83%83%E3%83%88%E8%A6%8F%E5%88%B6%E5%AF%BE%E8%B1%A1%E5%A4%96-Line%E3%80%81Youtube%E3%80%81Google%E3%81%AA%E3%81%A9VPN%E3%81%AA%E3%81%97%E3%81%A7%E5%88%A9%E7%94%A8%E5%8F%AF%E8%83%BD-%E6%80%A5%E3%81%8E%E3%81%AE%E6%96%B9LINE%E3%82%B5%E3%83%9D%E3%83%BC%E3%83%88%E3%81%82%E3%82%8A-%E3%83%9E%E3%82%B0%E3%83%ADeSIM/dp/B0DYDMR9WF,B0DYDMR9WF,B0DYDMR9WF,マグロeSIM,マグロeSIMのストアを表示,"{""price_jpy"": [""￥1,880""], ""usage_validity"": [""【注意事項①】有効期限：eSIM QRコードを受け取ってから90日間です（有効期間内にご利用ください）。eSIMの使用期間については、24時間を1日とカウントされますので、ご了承ください。""], ""activation_validity"": [""【香港 マカオ eSIM】5日間 無制限 実名登録不要 高速データ通信 低速なし 中国ネット規制対象外 Line、Youtube、GoogleなどVPNなしで利用可能 QRコード設定 メール登録で納品 即日発行対応 急ぎの方LINEサポートあり 中国esim 香港esim マカオesim マグロeSIM""], ""data_amount"": [""【高速データ】高速データ通信が無制限に使用可能です。""], ""network_type"": [""local_signal: 【チョコSIM 定額（Sプラン）】【中国の電話番号付きでアプリや施設サービスのSMS認証が可能】【データ容量】合計500MB/月【音声】合計20分間/月 データ/音声/SMS付きSIMカード 中国SIM マカオSIM China unicom ※こちらのSIMカードは契約後、毎月の基本料が発生いたします。※2024年11月1日から台湾でのご利用はできなくなり"", ""roaming_signal: 商品の説明 購入前にご注意！ 注意事項①：ご購入後、商品画像に記載されたURLにアクセスし必要事項を入力→メールアドレスにPDFの説明書とeSIMのQRコードが届きます！ 注意事項②：SIMロックフリー端末、もしくはSIMフリー端末専用のサービスです。必ず、ご利用端末がeSIM対応かどうかご確認ください。 注意事項③：eSIM対応端末のみ利用可能。※通信キャ"", ""insufficient_or_conflicting_signals(local=6, roaming=3)""], ""network_generation"": [""product_info_cellular_4g_lte: source:product_info_cellular: 携帯電話技術 LTE"", ""product_info_cellular_4g_lte: source:product_info_cellular: 携帯電話技術 LTE""], ""review_count"": [""detail_page: (11)""], ""bestseller_rank"": [""Amazon 売れ筋ランキング 家電＆カメラ - 173,745位 ( 家電＆カメラの売れ筋ランキングを見る ) 定期契約SIMカード - 68位""], ""title"": [""【香港 マカオ eSIM】5日間 無制限 実名登録不要 高速データ通信 低速なし 中国ネット規制対象外 Line、Youtube、GoogleなどVPNなしで利用可能 QRコード設定 メール登録で納品 即日発行対応 急ぎの方LINEサポートあり 中国esim 香港esim マカオesim マグロeSIM""]}"
amazon_jp,hk,【eSIM 5日間5GB】オーストラリア、ニュージーランド、香港、台湾、中国、澳門、グアム、ベトナム、スリランカ、タイ、フィリピン、サイパン、カンボジア、バングラデシュ、ブルネイなど計 23 カ国【当日発行】 QRコード即送付 4G/5G高速通信 アジア太平洋23カ国 プリペイドsimカード ホットスポット対応 データ通信専用（音声不可） LINE相談受付中 旅行・出張に最適,1984,9,,,,,251,4일,4일,5일,unknown,lte_4g_only,,,"{""cmhk"": null, ""csl"": null, ""smartone"": null, ""three_hk"": null}","{""skt"": null, ""kt"": null, ""lgu"": null}",5GB,https://www.amazon.co.jp/%E3%82%A2%E3%82%B8%E3%82%A2%E5%A4%AA%E5%B9%B3%E6%B4%8B23%E3%82%AB%E5%9B%BD-%E3%83%97%E3%83%AA%E3%83%9A%E3%82%A4%E3%83%89sim%E3%82%AB%E3%83%BC%E3%83%89-%E3%83%9B%E3%83%83%E3%83%88%E3%82%B9%E3%83%9D%E3%83%83%E3%83%88%E5%AF%BE%E5%BF%9C-%E3%83%87%E3%83%BC%E3%82%BF%E9%80%9A%E4%BF%A1%E5%B0%82%E7%94%A8%EF%BC%88%E9%9F%B3%E5%A3%B0%E4%B8%8D%E5%8F%AF%EF%BC%89/dp/B0GWQQDMLP,B0GWQQDMLP,B0GWQQDMLP,umacaroon,ＵＲＯＺＥＴＴＡのストアを表示,"{""price_jpy"": [""￥1,984""], ""usage_validity"": [""eSIM データ通信サービス｜最短即時発行・簡単設定 【最短即時発行】 ご購入後、以下の専用サイト（https://mcrmgr.umacaroon.com/urozetta）で注文番号とメールアドレスを入力するだけで、 eSIMのQRコードと設定マニュアルが即時発行され 、すぐに使い始めていただけます。 【サービス特長】 ・ 高速4G/5G LTE通信 が""], ""activation_validity"": [""【eSIM 5日間5GB】オーストラリア、ニュージーランド、香港、台湾、中国、澳門、グアム、ベトナム、スリランカ、タイ、フィリピン、サイパン、カンボジア、バングラデシュ、ブルネイなど計 23 カ国【当日発行】 QRコード即送付 4G/5G高速通信 アジア太平洋23カ国 プリペイドsimカード ホットスポット対応 データ通信専用（音声不可） LINE相談受付中""], ""data_amount"": [""eSIM 5日間・5GBプラン: ご利用開始後、5日間有効な5GBの高速データ通信（5G/4G LTE）がご利用いただけます。5GBを使い切った後は低速無制限でご利用可能です。テザリング（ホットスポット）に対応しており、複数のデバイスを接続できます。""], ""network_type"": [""local_signal: 【SKTelecoｍ公式認証】 韓国eSIM 3日間 (72時間) 電話番号付き 超高速データ無制限 最初の5分発信無料(韓国国内) お急ぎの方即時発行可(LINE相談受付中) 有効期限／ご購入日より120日以内 現地空港サポート(SKTelecomローミングセンター) SKテレコム正規品 韓国SIMカードタイプではありません"", ""roaming_signal: 《正規日本語版》【ローミングSIM】東南アジア・マカオ・ベトナム・シンガポール・タイ・マレーシア・ラオス・インドネシア・フィリピン・カンボジア・スリランカの全10ヵ国 8日間 5GB ※面倒な本人登録・パスポート登録は不要です。このSIMカードは中国"", ""insufficient_or_conflicting_signals(local=3, roaming=2)""], ""network_generation"": [""product_info_cellular_4g_lte: source:product_info_cellular: 携帯電話技術 LTE"", ""product_info_cellular_4g_lte: source:product_info_cellular: 携帯電話技術 LTE""], ""review_count"": [""detail_page: (9)""], ""bestseller_rank"": [""Amazon 売れ筋ランキング 家電＆カメラ - 19,744位 ( 家電＆カメラの売れ筋ランキングを見る ) プリペイドSIMカード - 251位""], ""title"": [""【eSIM 5日間5GB】オーストラリア、ニュージーランド、香港、台湾、中国、澳門、グアム、ベトナム、スリランカ、タイ、フィリピン、サイパン、カンボジア、バングラデシュ、ブルネイなど計 23 カ国【当日発行】 QRコード即送付 4G/5G高速通信 アジア太平洋23カ国 プリペイドsimカード ホットスポット対応 データ通信専用（音声不可） LINE相談受付中 旅行・出張に最適""]}"
amazon_jp,hk,【香港・マカオ eSIM】5日間 完全無制限 （低速なし） 高速データ使い放題 当日発行可能 データ通信専用 香港 sim マカオ sim 説明書付 LINEで24時間サポート 香港 esim イーシム (eSIM|5日間無制限 香港マカオ),1650,3,,,,,1665,5일,5일,30일,local,lte_4g_only,,,"{""cmhk"": null, ""csl"": null, ""smartone"": true, ""three_hk"": true}","{""skt"": null, ""kt"": null, ""lgu"": null}",unlimited,https://www.amazon.co.jp/%E3%80%90%E9%A6%99%E6%B8%AF%E3%83%BB%E3%83%9E%E3%82%AB%E3%82%AA-eSIM%E3%80%915%E6%97%A5%E9%96%93-%E9%AB%98%E9%80%9F%E3%83%87%E3%83%BC%E3%82%BF%E4%BD%BF%E3%81%84%E6%94%BE%E9%A1%8C-LINE%E3%81%A724%E6%99%82%E9%96%93%E3%82%B5%E3%83%9D%E3%83%BC%E3%83%88-eSIM/dp/B0DSGBNDQT,B0DSGBNDQT,B0DSGBNDQT,Global eSIMshop,ブランド: PLUG TO GO,"{""price_jpy"": [""￥1,650""], ""usage_validity"": [""【香港・マカオ eSIM】5日間 完全無制限 （低速なし） 高速データ使い放題 当日発行可能 データ通信専用 香港 sim マカオ sim 説明書付 LINEで24時間サポート 香港 esim イーシム (eSIM|5日間無制限 香港マカオ)""], ""activation_validity"": [""【有効期限】メールで納品後、30日以内にご利用ください。""], ""data_amount"": [""【高速データ通信】完全無制限、低速度なし！！""], ""network_type"": [""【SKTelecoｍ公式認証】 韓国eSIM 3日間 (72時間) 電話番号付き 超高速データ無制限 最初の5分発信無料(韓国国内) お急ぎの方即時発行可(LINE相談受付中) 有効期限／ご購入日より120日以内 現地空港サポート(SKTelecomローミングセンター) SKテレコム正規品 韓国SIMカードタイプではありません"", ""score: local=3, roaming=0""], ""network_generation"": [""product_info_cellular_4g_lte: source:product_info_cellular: 携帯電話技術 4G-LTE"", ""product_info_cellular_4g_lte: source:product_info_cellular: 携帯電話技術 4G-LTE""], ""carrier_support_local"": [""SmarTone, 3HK: サービスプロバイダ SmarTone、HKT、3HK"", ""SmarTone, 3HK: Amazon.co.jp: 【香港・マカオ eSIM】5日間 完全無制限 （低速なし） 高速データ使い放題 当日発行可能 データ通信専用 香港 sim マカオ sim 説明書付 LINEで24時間サポート 香港 esim イーシム (eSIM|5日間無制限 香港マカオ) : 家電＆カメラ 次に移動 ""], ""review_count"": [""detail_page: (3)""], ""bestseller_rank"": [""Amazon 売れ筋ランキング 家電＆カメラ - 208,548位 ( 家電＆カメラの売れ筋ランキングを見る ) プリペイドSIMカード - 1,665位""], ""title"": [""【香港・マカオ eSIM】5日間 完全無制限 （低速なし） 高速データ使い放題 当日発行可能 データ通信専用 香港 sim マカオ sim 説明書付 LINEで24時間サポート 香港 esim イーシム (eSIM|5日間無制限 香港マカオ)""]}"
amazon_jp,hk,【中国 マカオ 香港 eSIM】8日間無制限 実名登録不要 QRコード設定 メール登録で納品 即日発行対応 急ぎの方LINEサポート 高速データ通信 低速なし 中国ネット規制対象外 Line、Youtube、GoogleなどVPNなしで利用可能 中国sim 香港sim マカオsim (8日間),2550,185,,,,,1260,8일,8일,90일,local,lte_4g_only,,,"{""cmhk"": null, ""csl"": null, ""smartone"": null, ""three_hk"": null}","{""skt"": null, ""kt"": null, ""lgu"": null}",unlimited,https://www.amazon.co.jp/eSIM%E3%80%918%E6%97%A5%E9%96%93%E7%84%A1%E5%88%B6%E9%99%90-%E6%80%A5%E3%81%8E%E3%81%AE%E6%96%B9LINE%E3%82%B5%E3%83%9D%E3%83%BC%E3%83%88-%E4%B8%AD%E5%9B%BD%E3%83%8D%E3%83%83%E3%83%88%E8%A6%8F%E5%88%B6%E5%AF%BE%E8%B1%A1%E5%A4%96-Line%E3%80%81Youtube%E3%80%81Google%E3%81%AA%E3%81%A9VPN%E3%81%AA%E3%81%97%E3%81%A7%E5%88%A9%E7%94%A8%E5%8F%AF%E8%83%BD-8%E6%97%A5%E9%96%93/dp/B0FQNH95JK,B0FQNH95JK,B0FQNH95JK,SYE店舗,ブランド: ノーブランド品,"{""price_jpy"": [""￥2,550""], ""usage_validity"": [""【中国 マカオ 香港 eSIM】8日間無制限 実名登録不要 QRコード設定 メール登録で納品 即日発行対応 急ぎの方LINEサポート 高速データ通信 低速なし 中国ネット規制対象外 Line、Youtube、GoogleなどVPNなしで利用可能 中国sim 香港sim マカオsim (8日間)""], ""activation_validity"": [""【有効期限】eSIM QRコードを受け取ってから90日間です""], ""data_amount"": [""✈️【高速データ通信】中国本土・香港・マカオで利用可能。無制限に使用可能です。旅行や出張先でも、高速インターネットでスムーズに使用！香港で5G通信可能。 ✈️【当日 納品可能】eSIMをご購入後、商品画像に記載された方法に従ってeSIM情報を取得して下さい。最短当日にご利用可能です。""], ""network_type"": [""【eSIM】【チャージで延長も可能】中国電話番号付き（30分/SMS30通）！シーズンSIM（中国本土・香港・日本・韓国で利用可能）90日間6GBデータ高速通信 プリペイドSIMカード 面倒な契約不要 (eSIMダウンロード版) ※台湾での利用はでき"", ""score: local=3, roaming=1""], ""network_generation"": [""product_info_cellular_4g_lte: source:product_info_cellular: 携帯電話技術 LTE"", ""product_info_cellular_4g_lte: source:product_info_cellular: 携帯電話技術 LTE""], ""review_count"": [""detail_page: 185""], ""bestseller_rank"": [""Amazon 売れ筋ランキング 家電＆カメラ - 151,359位 ( 家電＆カメラの売れ筋ランキングを見る ) プリペイドSIMカード - 1,260位""], ""title"": [""【中国 マカオ 香港 eSIM】8日間無制限 実名登録不要 QRコード設定 メール登録で納品 即日発行対応 急ぎの方LINEサポート 高速データ通信 低速なし 中国ネット規制対象外 Line、Youtube、GoogleなどVPNなしで利用可能 中国sim 香港sim マカオsim (8日間)""]}"
amazon_jp,hk,【Almond eSIM】中国 香港 マカオ 大中華 esim 4日間 高速データ通信 完全無制限 当日発行可能 中国ネット規制対象外 中国でもGoogle、LINE、YouTubeなどVPNなしで利用可能 24時間サポート 4G-LTE対応 プリペイド ESIMプラン China HONGKONG MACAO simカード (4日間完全無制限),1780,28,,,,,798,4일,4일,30일,local,lte_4g_only,,,"{""cmhk"": null, ""csl"": null, ""smartone"": null, ""three_hk"": null}","{""skt"": null, ""kt"": null, ""lgu"": null}",unlimited,https://www.amazon.co.jp/%E4%B8%AD%E5%9B%BD%E3%83%8D%E3%83%83%E3%83%88%E8%A6%8F%E5%88%B6%E5%AF%BE%E8%B1%A1%E5%A4%96-%E4%B8%AD%E5%9B%BD%E3%81%A7%E3%82%82Google%E3%80%81LINE%E3%80%81YouTube%E3%81%AA%E3%81%A9VPN%E3%81%AA%E3%81%97%E3%81%A7%E5%88%A9%E7%94%A8%E5%8F%AF%E8%83%BD-24%E6%99%82%E9%96%93%E3%82%B5%E3%83%9D%E3%83%BC%E3%83%88-4G-LTE%E5%AF%BE%E5%BF%9C-4%E6%97%A5%E9%96%93%E5%AE%8C%E5%85%A8%E7%84%A1%E5%88%B6%E9%99%90/dp/B0DR8B94NS,B0DR8B94NS,B0DR8B94NS,株式会社ビッグコネクト,bigconnectのストアを表示,"{""price_jpy"": [""￥1,780""], ""usage_validity"": [""【Almond eSIM】中国 香港 マカオ 大中華 esim 4日間 高速データ通信 完全無制限 当日発行可能 中国ネット規制対象外 中国でもGoogle、LINE、YouTubeなどVPNなしで利用可能 24時間サポート 4G-LTE対応 プリペイド ESIMプラン China HONGKONG MACAO simカード (4日間完全無制限)""], ""activation_validity"": [""【ベトナムeSIM】 7日間 高速データ無制限 電話番号付き 通話・SMS受信のみ可能 お急ぎの方即日対応(LINE相談受付中) 有効期限 / ご購入日より30日以内 ベトナムSIMカードタイプではありません""], ""data_amount"": [""【データプラン】データ通信専用のeSIMです。※高速データ容量は無制限。完全使い放題プラン、中国ネット規制対象外 中国でもGoogle、LINE、YouTubeなどVPNなしで利用可能、本人確認やSIMカード認証は不要で、当日に発行が可能です。""], ""network_type"": [""【チャージで延長も可能】中国電話番号付き（30分/SMS30通）！シーズンSIM（中国本土・香港・日本・韓国で利用可能）90日間6GBデータ高速通信 プリペイドSIMカード 面倒な契約不要 Chinaunicom (通常版)Google、Facebo"", ""【ベトナムeSIM】 7日間 高速データ無制限 電話番号付き 通話・SMS受信のみ可能 お急ぎの方即日対応(LINE相談受付中) 有効期限 / ご購入日より30日以内 ベトナムSIMカードタイプではありません"", ""score: local=6, roaming=0""], ""network_generation"": [""product_info_cellular_4g_lte: source:product_info_cellular: 携帯電話技術 LTE"", ""product_info_cellular_4g_lte: source:product_info_cellular: 携帯電話技術 LTE""], ""review_count"": [""detail_page: (28)""], ""bestseller_rank"": [""Amazon 売れ筋ランキング 家電＆カメラ - 84,720位 ( 家電＆カメラの売れ筋ランキングを見る ) プリペイドSIMカード - 798位""], ""title"": [""【Almond eSIM】中国 香港 マカオ 大中華 esim 4日間 高速データ通信 完全無制限 当日発行可能 中国ネット規制対象外 中国でもGoogle、LINE、YouTubeなどVPNなしで利用可能 24時間サポート 4G-LTE対応 プリペイド ESIMプラン China HONGKONG MACAO simカード (4日間完全無制限)""]}"
amazon_jp,hk,【香港 eSIM】マカオeSIM 高速データ無制限&データ通信専用 香港SIM マカオSIM 当日利用可能&90日間有効 24時間オンラインサポート お急ぎのご相談は（LINEで受付中です） Hong Kong＆Macao SIM way2esim (2日間),1180,2,,,,,,90일,90일,,unknown,unknown,,,"{""cmhk"": null, ""csl"": null, ""smartone"": null, ""three_hk"": null}","{""skt"": null, ""kt"": null, ""lgu"": null}",unlimited,https://www.amazon.co.jp/eSIM%E3%80%91%E3%83%9E%E3%82%AB%E3%82%AAeSIM-24%E6%99%82%E9%96%93%E3%82%AA%E3%83%B3%E3%83%A9%E3%82%A4%E3%83%B3%E3%82%B5%E3%83%9D%E3%83%BC%E3%83%88-%E3%81%8A%E6%80%A5%E3%81%8E%E3%81%AE%E3%81%94%E7%9B%B8%E8%AB%87%E3%81%AF%EF%BC%88LINE%E3%81%A7%E5%8F%97%E4%BB%98%E4%B8%AD%E3%81%A7%E3%81%99%EF%BC%89-Kong%EF%BC%86Macao-way2esim/dp/B0GVY7GLFR,B0GVY7GLFR,B0GVY7GLFR,eSIM株式会社,way2esimのストアを表示,"{""price_jpy"": [""￥1,180""], ""usage_validity"": [""【香港 eSIM】マカオeSIM 高速データ無制限&データ通信専用 香港SIM マカオSIM 当日利用可能&90日間有効 24時間オンラインサポート お急ぎのご相談は（LINEで受付中です） Hong Kong＆Macao SIM way2esim (2日間)""], ""data_amount"": [""【高速データ無制限】：香港・マカオeSIMは、高速データを無制限でご利用いただけます。この香港・マカオeSIMはデータ通信専用で、電話番号は含まれておりません。SNSやウェブ閲覧など、さまざまなインターネットサービスを快適にご利用いただけます。""], ""network_type"": [""no_local_or_roaming_keyword_matched""], ""network_generation"": [""fallback_5g: source:image_alt: 【Docomo回線】180日間50GB 5G/4G/LTE対応 プリペイドSIM 日本国内用 データ通信専用 物理SIM 大容量 simフリー端末対応 3in1(標準/マイクロ/ナノ マルチ対応) ピン付き 使い捨てSIM 契約不要 残量確認可 設定簡単 年中無休 多言語安心サポート 観光旅行 一時帰国 出張【DXHUB】"", ""fallback_4g_lte: source:image_alt: 【Docomo回線】180日間50GB 5G/4G/LTE対応 プリペイドSIM 日本国内用 データ通信専用 物理SIM 大容量 simフリー端末対応 3in1(標準/マイクロ/ナノ マルチ対応) ピン付き 使い捨てSIM 契約不要 残量確認可 設定簡単 年中無休 多言語安心サポート 観光旅行 一時帰国 出張【DXHUB】"", ""fallback_only_network_generation_signal""], ""review_count"": [""detail_page: (2)""], ""title"": [""【香港 eSIM】マカオeSIM 高速データ無制限&データ通信専用 香港SIM マカオSIM 当日利用可能&90日間有効 24時間オンラインサポート お急ぎのご相談は（LINEで受付中です） Hong Kong＆Macao SIM way2esim (2日間)""]}"
amazon_jp,hk,【香港・マカオ eSIM】3日間 0.5GB/毎日（二泊三日 コスパ重視） DeSiM正規卸 | LINE相談受付中 |データ通信専用（電話番号なし） | simフリー端末のみ対応 説明書付 イーシム DeSiM,890,1,,,,,1550,3일,3일,3일,local,lte_4g_only,,,"{""cmhk"": null, ""csl"": null, ""smartone"": null, ""three_hk"": null}","{""skt"": null, ""kt"": null, ""lgu"": null}",unlimited,https://www.amazon.co.jp/0-5GB-LINE%E7%9B%B8%E8%AB%87%E5%8F%97%E4%BB%98%E4%B8%AD%EF%BD%9C%E5%BD%93%E6%97%A5%E7%99%BA%E8%A1%8C%E5%8F%AF%E8%83%BD-%E3%83%87%E3%83%BC%E3%82%BF%E9%80%9A%E4%BF%A1%E5%B0%82%E7%94%A8%EF%BC%88%E9%9B%BB%E8%A9%B1%E7%95%AA%E5%8F%B7%E3%81%AA%E3%81%97%EF%BC%89-sim%E3%83%95%E3%83%AA%E3%83%BC%E7%AB%AF%E6%9C%AB%E3%81%AE%E3%81%BF%E5%AF%BE%E5%BF%9C-DeSiM/dp/B0DG4NDXHC,B0DG4NDXHC,B0DG4NDXHC,DeSiM,DeSiMのストアを表示,"{""price_jpy"": [""￥890""], ""usage_validity"": [""【香港・マカオ eSIM】3日間 0.5GB/毎日（二泊三日 コスパ重視） DeSiM正規卸 | LINE相談受付中 |データ通信専用（電話番号なし） | simフリー端末のみ対応 説明書付 イーシム DeSiM""], ""activation_validity"": [""【SKTelecoｍ公式認証】 韓国eSIM 3日間 (72時間) 電話番号付き 超高速データ無制限 最初の5分発信無料(韓国国内) お急ぎの方即時発行可(LINE相談受付中) 有効期限／ご購入日より120日以内 現地空港サポート(SKTelecomローミングセンター) SKテレコム正規品 韓国SIMカードタイプではありません""], ""data_amount"": [""商品の説明 購入前の注意事項 【注意事項】 注意事項①：電話番号は付与されませんので、ご注意ください。 注意事項②：SIMロックフリー端末、もしくはSIMフリー端末専用のサービスです。必ず、ご利用端末がeSIM対応かどうかご確認ください。 注意事項③：2021年10月1日以前にSIMロック解除をキャリア店頭またはインターネットでされた「Android端末」は""], ""network_type"": [""商品の説明 購入前の注意事項 【注意事項】 注意事項①：電話番号は付与されませんので、ご注意ください。 注意事項②：SIMロックフリー端末、もしくはSIMフリー端末専用のサービスです。必ず、ご利用端末がeSIM対応かどうかご確認ください。 注意事項③：2021年10月1日以前にSIMロック解除をキャリア店頭またはインターネットでされた「Android端末」は"", ""【チョコSIM 定額（Sプラン）】【中国の電話番号付きでアプリや施設サービスのSMS認証が可能】【データ容量】合計500MB/月【音声】合計20分間/月 データ/音声/SMS付きSIMカード 中国SIM マカオSIM China unicom ※こちらのSIMカードは契約後、毎月の基本料が発生いたします。※2024年11月1日から台湾でのご利用はできなくなり"", ""score: local=9, roaming=1""], ""network_generation"": [""product_info_cellular_4g_lte: source:product_info_cellular: 携帯電話技術 LTE"", ""product_info_cellular_4g_lte: source:product_info_cellular: 携帯電話技術 LTE""], ""review_count"": [""detail_page: (1)""], ""bestseller_rank"": [""Amazon 売れ筋ランキング 家電＆カメラ - 194,114位 ( 家電＆カメラの売れ筋ランキングを見る ) プリペイドSIMカード - 1,550位""], ""title"": [""【香港・マカオ eSIM】3日間 0.5GB/毎日（二泊三日 コスパ重視） DeSiM正規卸 | LINE相談受付中 |データ通信専用（電話番号なし） | simフリー端末のみ対応 説明書付 イーシム DeSiM""]}"
amazon_jp,hk,【香港/マカオSIM】7日間 7GB 高速データ データSIM プリペイドSIM ジェットモバイル テザリング可 5G/4G-LTE,1501,53,,,,,2700,3일,3일,7일,local,5g_capable,,,"{""cmhk"": null, ""csl"": null, ""smartone"": null, ""three_hk"": true}","{""skt"": null, ""kt"": null, ""lgu"": null}",1GB/day,https://www.amazon.co.jp/%E3%83%9E%E3%82%AB%E3%82%AASIM%E3%80%917%E6%97%A5%E9%96%93-%E3%83%87%E3%83%BC%E3%82%BFSIM-%E3%83%97%E3%83%AA%E3%83%9A%E3%82%A4%E3%83%89SIM-%E3%82%B8%E3%82%A7%E3%83%83%E3%83%88%E3%83%A2%E3%83%90%E3%82%A4%E3%83%AB-%E3%83%86%E3%82%B6%E3%83%AA%E3%83%B3%E3%82%B0%E5%8F%AF/dp/B0F1XYS8NH,B0F1XYS8NH,B0F1XYS8NH,ジェスロモバイル,JETSIMのストアを表示,"{""price_jpy"": [""￥1,501""], ""usage_validity"": [""【SKTelecoｍ公式認証】 韓国eSIM 3日間 (72時間) 電話番号付き 超高速データ無制限 最初の5分発信無料(韓国国内) お急ぎの方即時発行可(LINE相談受付中) 有効期限／ご購入日より120日以内 現地空港サポート(SKTelecomローミングセンター) SKテレコム正規品 韓国SIMカードタイプではありません""], ""activation_validity"": [""【香港/マカオSIM】7日間 7GB 高速データ データSIM プリペイドSIM ジェットモバイル テザリング可 5G/4G-LTE""], ""data_amount"": [""【データ無制限】香港・マカオで7日間 5G/4G-LTE 高速データ7GB、その後2G速度で使い放題。テザリング対応。高速データ1日1GBまで。""], ""network_type"": [""【チャージで延長も可能】中国電話番号付き（30分/SMS30通）！シーズンSIM（中国本土・香港・日本・韓国で利用可能）90日間6GBデータ高速通信 プリペイドSIMカード 面倒な契約不要 Chinaunicom (通常版)Google、Facebook、Instagram、LINEなどSNSに接続可能。※台湾での利用はできません。※香港ではデータ通信のみ通"", ""【チョコSIM 定額（Sプラン）】【中国の電話番号付きでアプリや施設サービスのSMS認証が可能】【データ容量】合計500MB/月【音声】合計20分間/月 データ/音声/SMS付きSIMカード 中国SIM マカオSIM China unicom ※こちらのSIMカードは契約後、毎月の基本料が発生いたします。※2024年11月1日から台湾でのご利用はできなくなり"", ""score: local=9, roaming=0""], ""network_generation"": [""product_detail_5g: source:feature_bullets: 【データ無制限】香港・マカオで7日間 5G/4G-LTE 高速データ7GB、その後2G速度で使い放題。テザリング対応。高速データ1日1GBまで。""], ""carrier_support_local"": [""3HK: 【高品質回線】 大手通信キャリア回線を使用。広範囲で安定した快適な通信を提供。香港：3HK回線。マカオ：CTM回線。""], ""review_count"": [""detail_page: 53""], ""bestseller_rank"": [""Amazon 売れ筋ランキング 家電＆カメラ - 393,196位 ( 家電＆カメラの売れ筋ランキングを見る ) プリペイドSIMカード - 2,700位""], ""title"": [""【香港/マカオSIM】7日間 7GB 高速データ データSIM プリペイドSIM ジェットモバイル テザリング可 5G/4G-LTE""]}"
amazon_jp,hk,アジア eSIM アジア周遊 28カ国 10日間6GB Truemoveキャリア 高速データ通信 低速データ通信 無制限 日本 韓国 中国 台湾 香港 マカオ シンガポール マレーシア など28カ国 Asia esim Travel esim (eSIM 10日間),2480,5,,,,,818,3일,3일,10일,unknown,lte_4g_only,,,"{""cmhk"": null, ""csl"": null, ""smartone"": null, ""three_hk"": null}","{""skt"": null, ""kt"": null, ""lgu"": null}",unlimited,https://www.amazon.co.jp/eSIM-10%E6%97%A5%E9%96%936GB-Truemove%E3%82%AD%E3%83%A3%E3%83%AA%E3%82%A2-%E9%AB%98%E9%80%9F%E3%83%87%E3%83%BC%E3%82%BF%E9%80%9A%E4%BF%A1-10%E6%97%A5%E9%96%93/dp/B0DRHMH7T5,B0DRHMH7T5,B0DRHMH7T5,株式会社ビッグコネクト,bigconnectのストアを表示,"{""price_jpy"": [""￥2,480""], ""usage_validity"": [""【SKTelecoｍ公式認証】 韓国eSIM 3日間 (72時間) 電話番号付き 超高速データ無制限 最初の5分発信無料(韓国国内) お急ぎの方即時発行可(LINE相談受付中) 有効期限／ご購入日より120日以内 現地空港サポート(SKTelecomローミングセンター) SKテレコム正規品 韓国SIMカードタイプではありません""], ""activation_validity"": [""アジア eSIM アジア周遊 28カ国 10日間6GB Truemoveキャリア 高速データ通信 低速データ通信 無制限 日本 韓国 中国 台湾 香港 マカオ シンガポール マレーシア など28カ国 Asia esim Travel esim (eSIM 10日間)""], ""data_amount"": [""【データプラン】データ通信専用SIMになります。※データ容量無制限。ただしデータ使用量が6GBに達すると最大通信速度が128kbpsに低下します。※現地時間の00:00-23：59区切りで、カウントされます。128kbpsはビデオ通話、Youtubeなどの動画閲覧がほぼできないですが、Google Map、メールやトークアプリのメッセージ機能など問題なぐご利""], ""network_type"": [""local_signal: 【チョコSIM 定額（Sプラン）】【中国の電話番号付きでアプリや施設サービスのSMS認証が可能】【データ容量】合計500MB/月【音声】合計20分間/月 データ/音声/SMS付きSIMカード 中国SIM マカオSIM China unicom ※こちらのSIMカードは契約後、毎月の基本料が発生いたします。※2024年11月1日から台湾でのご利用はできなくなり"", ""roaming_signal: 【DeSiM】インドネシア3日間無制限+eSIMテストサービス付き【セット】完全予約制 | 海外旅行出国前事前テストeSIMサービス - DeSiM - 渡航前の不安を解消！ | Wi-Fi使用が面倒、ローミング料金が高い、SIMやeSIMの設定が不安な方に V4"", ""insufficient_or_conflicting_signals(local=6, roaming=2)""], ""network_generation"": [""product_info_cellular_4g_lte: source:product_info_cellular: 携帯電話技術 LTE"", ""product_info_cellular_4g_lte: source:product_info_cellular: 携帯電話技術 LTE""], ""review_count"": [""detail_page: (5)""], ""bestseller_rank"": [""Amazon 売れ筋ランキング 家電＆カメラ - 88,282位 ( 家電＆カメラの売れ筋ランキングを見る ) プリペイドSIMカード - 818位""], ""title"": [""アジア eSIM アジア周遊 28カ国 10日間6GB Truemoveキャリア 高速データ通信 低速データ通信 無制限 日本 韓国 中国 台湾 香港 マカオ シンガポール マレーシア など28カ国 Asia esim Travel esim (eSIM 10日間)""]}"
amazon_jp,hk,【香港・マカオ eSIM】6日間 5GB（コスパ重視） DeSiM正規卸 | LINE相談受付中 | データ通信専用（電話番号なし） | simフリー端末のみ対応 説明書付 イーシム DeSiM,1840,2,,,,,2508,3일,3일,6일,local,unknown,,,"{""cmhk"": null, ""csl"": null, ""smartone"": null, ""three_hk"": null}","{""skt"": null, ""kt"": null, ""lgu"": null}",5GB,https://www.amazon.co.jp/5GB%EF%BC%88%E3%82%B3%E3%82%B9%E3%83%91%E9%87%8D%E8%A6%96%EF%BC%89-LINE%E7%9B%B8%E8%AB%87%E5%8F%97%E4%BB%98%E4%B8%AD%EF%BD%9C%E5%BD%93%E6%97%A5%E7%99%BA%E8%A1%8C%E5%8F%AF%E8%83%BD-%E3%83%87%E3%83%BC%E3%82%BF%E9%80%9A%E4%BF%A1%E5%B0%82%E7%94%A8%EF%BC%88%E9%9B%BB%E8%A9%B1%E7%95%AA%E5%8F%B7%E3%81%AA%E3%81%97%EF%BC%89-sim%E3%83%95%E3%83%AA%E3%83%BC%E7%AB%AF%E6%9C%AB%E3%81%AE%E3%81%BF%E5%AF%BE%E5%BF%9C-DeSiM/dp/B0F1DXP3L5,B0F1DXP3L5,B0F1DXP3L5,DeSiM,DeSiMのストアを表示,"{""price_jpy"": [""￥1,840""], ""usage_validity"": [""【SKTelecoｍ公式認証】 韓国eSIM 3日間 (72時間) 電話番号付き 超高速データ無制限 最初の5分発信無料(韓国国内) お急ぎの方即時発行可(LINE相談受付中) 有効期限／ご購入日より120日以内 現地空港サポート(SKTelecomローミングセンター) SKテレコム正規品 韓国SIMカードタイプではありません""], ""activation_validity"": [""【香港・マカオ eSIM】6日間 5GB（コスパ重視） DeSiM正規卸 | LINE相談受付中 | データ通信専用（電話番号なし） | simフリー端末のみ対応 説明書付 イーシム DeSiM""], ""data_amount"": [""【香港・マカオ eSIM】6日間 5GB（コスパ重視） DeSiM正規卸 | LINE相談受付中｜当日発行可能 | データ通信専用（電話番号なし） | simフリー端末のみ対応 説明書付 イーシム DeSiM""], ""network_type"": [""【チャージで延長も可能】中国電話番号付き（30分/SMS30通）！シーズンSIM（中国本土・香港・日本・韓国で利用可能）90日間6GBデータ高速通信 プリペイドSIMカード 面倒な契約不要 Chinaunicom (通常版)Google、Facebook、Instagram、LINEなどSNSに接続可能。※台湾での利用はできません。※香港ではデータ通信のみ通"", ""【チョコSIM 定額（Sプラン）】【中国の電話番号付きでアプリや施設サービスのSMS認証が可能】【データ容量】合計500MB/月【音声】合計20分間/月 データ/音声/SMS付きSIMカード 中国SIM マカオSIM China unicom ※こちらのSIMカードは契約後、毎月の基本料が発生いたします。※2024年11月1日から台湾でのご利用はできなくなり"", ""score: local=9, roaming=0""], ""network_generation"": [""fallback_5g: source:meta_description: Amazon.co.jp: 【香港・マカオ eSIM】6日間 5GB（コスパ重視） DeSiM正規卸 | LINE相談受付中 | データ通信専用（電話番号なし） | simフリー端末のみ対応 説明書付 イーシム DeSiM : 家電＆カメラ"", ""fallback_4g_lte: source:image_alt: プリペイドSIMカード 【RAKUTEN回線】 国内海外 プリペイドSIM 3GB/月1年間有効 5G/4G-LTE対応 SMS認証可能 データ通信 専用 SIMカード (3GB SMS付き)"", ""fallback_only_network_generation_signal""], ""review_count"": [""detail_page: (2)""], ""bestseller_rank"": [""Amazon 売れ筋ランキング 家電＆カメラ - 351,190位 ( 家電＆カメラの売れ筋ランキングを見る ) プリペイドSIMカード - 2,508位""], ""title"": [""【香港・マカオ eSIM】6日間 5GB（コスパ重視） DeSiM正規卸 | LINE相談受付中 | データ通信専用（電話番号なし） | simフリー端末のみ対応 説明書付 イーシム DeSiM""]}"
amazon_jp,hk,"【東南アジアeSIM】7日間10GB｜11地域対応（シンガポール,タイ,マレーシア,インドネシア,ベトナム,台湾・香港・マカオ,韓国,オーストラリア,ニュージーランド）｜5G/4G対応 高速データ通信｜即日メール配信 ｜使用ガイド付き｜テザリング対応｜365日LINEサポート｜QRコードで簡単設定 SIMカード不要 (7日間10GB)",1899,5,,,,,1171,7일,7일,90일,unknown,5g_capable,,,"{""cmhk"": null, ""csl"": null, ""smartone"": null, ""three_hk"": null}","{""skt"": null, ""kt"": null, ""lgu"": null}",10GB,https://www.amazon.co.jp/4G%E5%AF%BE%E5%BF%9C-%E9%AB%98%E9%80%9F%E3%83%87%E3%83%BC%E3%82%BF%E9%80%9A%E4%BF%A1%EF%BD%9C%E5%8D%B3%E6%97%A5%E7%99%BA%E8%A1%8C-SIM%E3%82%AB%E3%83%BC%E3%83%89%E4%B8%8D%E8%A6%81-7%E6%97%A5%E9%96%9310GB/dp/B0FHBDXLDC,B0FHBDXLDC,B0FHBDXLDC,トリリオン・コネクト,Billion Connectのストアを表示,"{""price_jpy"": [""￥1,899""], ""usage_validity"": [""【東南アジアeSIM】7日間10GB｜11地域対応（シンガポール,タイ,マレーシア,インドネシア,ベトナム,台湾・香港・マカオ,韓国,オーストラリア,ニュージーランド）｜5G/4G対応 高速データ通信｜即日メール配信 ｜使用ガイド付き｜テザリング対応｜365日LINEサポート｜QRコードで簡単設定 SIMカード不要 (7日間10GB)""], ""activation_validity"": [""【eSIMの有効期限】 受け取り後90日以内にアクティベートしてください。有効期限の前日までにアクティベートされていない場合、eSIMは無効となりご利用いただけません。""], ""data_amount"": [""【7日間10GB｜5G/4G対応】 東南アジアeSIMで、7日間10GBの高速データ通信がご利用いただけます！10GBを使い切った後も、通信速度は384kbpsに制限されますが、 LINE・WhatsApp・Messengerなどの文字チャット、メール送受信、地図の閲覧・ナビゲーションは引き続きご利用いただけます。""], ""network_type"": [""roaming_signal: アジア10ヵ国周遊SIM 利用期間8日データ容量6GB データ通信 プリペイドSIM ローミングSIM 利用国：インドネシア、韓国、シンガポール、タイ、中国、日本、ベトナム、香港、マカオ、マレーシア"", ""insufficient_or_conflicting_signals(local=0, roaming=1)""], ""network_generation"": [""product_info_cellular_5g: source:product_info_cellular: 携帯電話技術 5G"", ""product_info_cellular_5g: source:product_info_cellular: 携帯電話技術 5G""], ""review_count"": [""detail_page: (5)""], ""bestseller_rank"": [""Amazon 売れ筋ランキング 家電＆カメラ - 138,569位 ( 家電＆カメラの売れ筋ランキングを見る ) プリペイドSIMカード - 1,171位""], ""title"": [""【東南アジアeSIM】7日間10GB｜11地域対応（シンガポール,タイ,マレーシア,インドネシア,ベトナム,台湾・香港・マカオ,韓国,オーストラリア,ニュージーランド）｜5G/4G対応 高速データ通信｜即日メール配信 ｜使用ガイド付き｜テザリング対応｜365日LINEサポート｜QRコードで簡単設定 SIMカード不要 (7日間10GB)""]}"
amazon_jp,hk,【アジア】eSIM 30日間(720時間) 20GB高速データ 5G/4G-LTE対応 データ通信専用 中国 日本 韓国 タイ マレーシア シンガポールマカオ 香港 台湾含む 9地域 simフリー端末のみ対応 説明書付 イーシム (30日間 20GB),2480,9,,,,,1131,1일,1일,30일,unknown,lte_4g_only,,,"{""cmhk"": null, ""csl"": null, ""smartone"": null, ""three_hk"": null}","{""skt"": null, ""kt"": null, ""lgu"": null}",unlimited,https://www.amazon.co.jp/%E3%80%90%E3%82%A2%E3%82%B8%E3%82%A2%E3%80%91eSIM-30%E6%97%A5%E9%96%93-20GB%E9%AB%98%E9%80%9F%E3%83%87%E3%83%BC%E3%82%BF-sim%E3%83%95%E3%83%AA%E3%83%BC%E7%AB%AF%E6%9C%AB%E3%81%AE%E3%81%BF%E5%AF%BE%E5%BF%9C-20GB/dp/B0FD9T6H3M,B0FD9T6H3M,B0FD9T6H3M,SCT Mobile Tech,LBDCIOTのストアを表示,"{""price_jpy"": [""￥2,480""], ""usage_validity"": [""商品の説明 梱包内容： ① 封筒 ② eSIMカード 封筒には注意事項と公式アカウントのアフターサービスが記載されています。 カードには説明書、eSIMの取り出し方、アフターサービスの連絡先が記載されています。 その他の製品 【ヨーロッパ】eSIM 30日間 10GB カートに入れる 【ヨーロッパSIM】 30日間 10GB 購入オプション eSIM 10日""], ""activation_validity"": [""【アジア】eSIM 30日間(720時間) 20GB高速データ 5G/4G-LTE対応 データ通信専用 中国 日本 韓国 タイ マレーシア シンガポールマカオ 香港 台湾含む 9地域 simフリー端末のみ対応 説明書付 イーシム (30日間 20GB)""], ""data_amount"": [""【データ無制限】eSIMの高速データ総量は20GBです。20GBのデータ使用後も通信は途絶えることはありません。低速データは無制限にご利用いただけます。""], ""network_type"": [""local_signal: 【チョコSIM 定額（Sプラン）】【中国の電話番号付きでアプリや施設サービスのSMS認証が可能】【データ容量】合計500MB/月【音声】合計20分間/月 データ/音声/SMS付きSIMカード 中国SIM マカオSIM China unicom ※こちらのSIMカードは契約後、毎月の基本料が発生いたします。※2024年11月1日から台湾でのご利用はできなくなり"", ""roaming_signal: 【利用方法】eSIMは出発前に追加し、目的地に到着後「ローミングデータ」をオンにするとご利用いただけます。使用できない場合は、APNを追加してください。"", ""insufficient_or_conflicting_signals(local=6, roaming=3)""], ""network_generation"": [""product_info_cellular_4g_lte: source:product_info_cellular: 携帯電話技術 LTE"", ""product_info_cellular_4g_lte: source:product_info_cellular: 携帯電話技術 LTE""], ""review_count"": [""detail_page: (9)""], ""bestseller_rank"": [""Amazon 売れ筋ランキング 家電＆カメラ - 134,355位 ( 家電＆カメラの売れ筋ランキングを見る ) プリペイドSIMカード - 1,131位""], ""title"": [""【アジア】eSIM 30日間(720時間) 20GB高速データ 5G/4G-LTE対応 データ通信専用 中国 日本 韓国 タイ マレーシア シンガポールマカオ 香港 台湾含む 9地域 simフリー端末のみ対応 説明書付 イーシム (30日間 20GB)""]}"
amazon_jp,hk,【中国 SIM】5日間 高速データ完全無制限｜中国本土・香港・マカオ対応｜Google/LINE/YouTube利用可｜実名登録不要｜年中無休・24時間サポート｜中国本土 プリペイドsim 香港 sim 中国 simカード,2180,1,,,,,2685,1일,1일,5일,unknown,5g_capable,,,"{""cmhk"": null, ""csl"": null, ""smartone"": null, ""three_hk"": true}","{""skt"": null, ""kt"": null, ""lgu"": null}",unlimited,https://www.amazon.co.jp/SIM%E3%80%915%E6%97%A5%E9%96%93-%E9%AB%98%E9%80%9F%E3%83%87%E3%83%BC%E3%82%BF%E5%AE%8C%E5%85%A8%E7%84%A1%E5%88%B6%E9%99%90%EF%BD%9C%E4%B8%AD%E5%9B%BD%E6%9C%AC%E5%9C%9F%E3%83%BB%E9%A6%99%E6%B8%AF%E3%83%BB%E3%83%9E%E3%82%AB%E3%82%AA%E5%AF%BE%E5%BF%9C%EF%BD%9CGoogle-YouTube%E5%88%A9%E7%94%A8%E5%8F%AF%EF%BD%9C%E5%AE%9F%E5%90%8D%E7%99%BB%E9%8C%B2%E4%B8%8D%E8%A6%81%EF%BD%9C%E5%B9%B4%E4%B8%AD%E7%84%A1%E4%BC%91%E3%83%BB24%E6%99%82%E9%96%93%E3%82%B5%E3%83%9D%E3%83%BC%E3%83%88%EF%BD%9C%E4%B8%AD%E5%9B%BD%E6%9C%AC%E5%9C%9F-%E3%83%97%E3%83%AA%E3%83%9A%E3%82%A4%E3%83%89sim-5%E6%97%A5%E9%96%93%EF%BD%9C%E7%84%A1%E5%88%B6%E9%99%90/dp/B0FTM9LCHF,B0FTM9LCHF,B0FTM9LCHF,Global eSIMshop,ブランド: PLUG TO GO,"{""price_jpy"": [""￥2,180""], ""usage_validity"": [""【高速データ】 データ通信専用のSIMです。※高速データ容量は無制限。完全使い放題プラン、中国ネット規制対象外 中国でもGoogle、LINE、YouTubeなどVPNなしで利用可能、本人確認やSIMカード認証は不要で、1-30日間選択可能。 【中国ネット規制なし】 中国本土では香港回線をローミング利用するため、中国政府のネット規制対象外。Google、LI""], ""activation_validity"": [""【中国 SIM】5日間 高速データ完全無制限｜中国本土・香港・マカオ対応｜Google/LINE/YouTube利用可｜実名登録不要｜年中無休・24時間サポート｜中国本土 プリペイドsim 香港 sim 中国 simカード""], ""data_amount"": [""【高速データ】 データ通信専用のSIMです。※高速データ容量は無制限。完全使い放題プラン、中国ネット規制対象外 中国でもGoogle、LINE、YouTubeなどVPNなしで利用可能、本人確認やSIMカード認証は不要で、1-30日間選択可能。""], ""network_type"": [""local_signal: 【SKTelecoｍ公式認証】 韓国eSIM 3日間 (72時間) 電話番号付き 超高速データ無制限 最初の5分発信無料(韓国国内) お急ぎの方即時発行可(LINE相談受付中) 有効期限／ご購入日より120日以内 現地空港サポート(SKTelecomローミングセンター) SKテレコム正規品 韓国SIMカードタイプではありません"", ""roaming_signal: 【中国ネット規制なし】 中国本土では香港回線をローミング利用するため、中国政府のネット規制対象外。Google、LINE、Facebook、Twitter、YouTube、Instagramなど主要サービスがVPN不要でそのままご利用いただけます。"", ""insufficient_or_conflicting_signals(local=3, roaming=3)""], ""network_generation"": [""product_info_cellular_5g: source:product_info_cellular: 携帯電話技術 5G/4G"", ""product_info_cellular_5g: source:product_info_cellular: 携帯電話技術 5G/4G""], ""carrier_support_local"": [""3HK: 【対応端末】SIMフリー／SIMロック解除済みスマートフォン専用。タブレット・PC・Wi-Fiルーターではご利用いただけません。標準／micro／nano SIMサイズに対応。 キャリア：中国：中国電信（China Telecom）／香港：3HK／マカオ：CTM。"", ""3HK: 【高速データ】 データ通信専用のSIMです。※高速データ容量は無制限。完全使い放題プラン、中国ネット規制対象外 中国でもGoogle、LINE、YouTubeなどVPNなしで利用可能、本人確認やSIMカード認証は不要で、1-30日間選択可能。 【中国ネット規制なし】 中国本土では香港回線をローミング"", ""3HK: サービスプロバイダ China Telecom/3HK/CTM"", ""3HK: Amazon.co.jp: 【中国 SIM】5日間 高速データ完全無制限｜中国本土・香港・マカオ対応｜Google/LINE/YouTube利用可｜実名登録不要｜年中無休・24時間サポート｜中国本土 プリペイドsim 香港 sim 中国 simカード : 家電＆カメラ 次に移動 メインコンテンツ こ""], ""review_count"": [""detail_page: (1)""], ""bestseller_rank"": [""Amazon 売れ筋ランキング 家電＆カメラ - 390,540位 ( 家電＆カメラの売れ筋ランキングを見る ) プリペイドSIMカード - 2,685位""], ""title"": [""【中国 SIM】5日間 高速データ完全無制限｜中国本土・香港・マカオ対応｜Google/LINE/YouTube利用可｜実名登録不要｜年中無休・24時間サポート｜中国本土 プリペイドsim 香港 sim 中国 simカード""]}"
amazon_jp,hk,【香港 マカオ eSIM】4日間 低速データ通信無制限 高速データ通信500MB/日 実名登録不要 QR簡単設定 メール登録で納品 即日発行対応 急ぎの方LINEサポートあり 香港sim マカオsim 中国sim マグロeSIM,880,2,,,,,2520,4일,4일,180일,unknown,unknown,,,"{""cmhk"": null, ""csl"": null, ""smartone"": null, ""three_hk"": true}","{""skt"": null, ""kt"": null, ""lgu"": null}",unlimited,https://www.amazon.co.jp/eSIM%E3%80%914%E6%97%A5%E9%96%93-%E4%BD%8E%E9%80%9F%E3%83%87%E3%83%BC%E3%82%BF%E9%80%9A%E4%BF%A1%E7%84%A1%E5%88%B6%E9%99%90-%E9%AB%98%E9%80%9F%E3%83%87%E3%83%BC%E3%82%BF%E9%80%9A%E4%BF%A1500MB-%E6%80%A5%E3%81%8E%E3%81%AE%E6%96%B9LINE%E3%82%B5%E3%83%9D%E3%83%BC%E3%83%88%E3%81%82%E3%82%8A-%E3%83%9E%E3%82%B0%E3%83%ADeSIM/dp/B0F5PLWJNL,B0F5PLWJNL,B0F5PLWJNL,マグロeSIM,マグロeSIMのストアを表示,"{""price_jpy"": [""￥880""], ""usage_validity"": [""【香港 マカオ eSIM】4日間 低速データ通信無制限 高速データ通信500MB/日 実名登録不要 QR簡単設定 メール登録で納品 即日発行対応 急ぎの方LINEサポートあり 香港sim マカオsim 中国sim マグロeSIM""], ""activation_validity"": [""【注意事項①】有効期限：eSIM QRコードを受け取ってから180日間です（有効期間内にご利用ください）。eSIMの使用期間は、現地の回線に接続した時点からプランの最終日の23時59分までです。""], ""data_amount"": [""【データ容量】データ容量は無制限ですが、1日以内にデータ通信量が500MBを超えると、通信速度が128Kbpsに制限され、翌日の現地時間0時に自動的にスピード制限が解除されます。※地点によっては信号が届かない場合がありますのでご了承ください。""], ""network_type"": [""local_signal: 【チョコSIM 定額（Sプラン）】【中国の電話番号付きでアプリや施設サービスのSMS認証が可能】【データ容量】合計500MB/月【音声】合計20分間/月 データ/音声/SMS付きSIMカード 中国SIM マカオSIM China unicom ※こちらのSIMカードは契約後、毎月の基本料が発生いたします。※2024年11月1日から台湾でのご利用はできなくなり"", ""roaming_signal: 商品の説明 購入前にご注意！ 注意事項①：ご購入後、商品画像に記載されたURLにアクセスし必要事項を入力→メールアドレスにPDFの説明書とeSIMのQRコードが届きます！ 注意事項②：SIMロックフリー端末、もしくはSIMフリー端末専用のサービスです。必ず、ご利用端末がeSIM対応かどうかご確認ください。 注意事項③：eSIM対応端末のみ利用可能。※通信キャ"", ""insufficient_or_conflicting_signals(local=9, roaming=3)""], ""network_generation"": [""fallback_5g: source:image_alt: 【中国SIMカード】30日間 5GB高速データ＋低速無制限｜中国・香港・マカオ対応｜中国本土でもGoogle・LINE・YouTube利用可能｜24時間サポート｜中国本土 プリペイドSIM 中国 sim (30日間｜5GB)"", ""fallback_4g_lte: source:image_alt: 【esim】中国 simカード【China Unicom】4G-LTE 高速データ通信 (中国ネット規制なし) データ使い放題 当日発行可能 CHINA eSIMプラン ESIM プリペイド SIMカード 中国esim 中国sim (3日間 3GB)"", ""fallback_only_network_generation_signal""], ""carrier_support_local"": [""3HK: 【中国 香港 eSIM】大容量 2GB/日・高速データ 低速無制限 即日発行可能 China Unicom/3HK キャリア 4G-LTE対応 データ通信専用 中国・ 香港 プリペイド simカード (1日間)"", ""3HK: 【中国 香港 eSIM】大容量 2GB/日・高速データ 低速無制限 即日発行可能 China Unicom/3HK キャリア 4G-LTE対応 データ通信専用 中国・ 香港 プリペイド simカード (15日間)""], ""review_count"": [""detail_page: (2)""], ""bestseller_rank"": [""Amazon 売れ筋ランキング 家電＆カメラ - 352,861位 ( 家電＆カメラの売れ筋ランキングを見る ) プリペイドSIMカード - 2,520位""], ""title"": [""【香港 マカオ eSIM】4日間 低速データ通信無制限 高速データ通信500MB/日 実名登録不要 QR簡単設定 メール登録で納品 即日発行対応 急ぎの方LINEサポートあり 香港sim マカオsim 中国sim マグロeSIM""]}"
amazon_jp,hk,【香港 マカオeSIM】6日間 高速データ通信 無制限 データ通信専用（電話番号なし）5G / 4G対応 即日発行可能 年中無休·24時間サポート【mewfi eSIM】,2280,11,,,,,2064,6일,6일,90일,unknown,5g_capable,,,"{""cmhk"": null, ""csl"": null, ""smartone"": null, ""three_hk"": null}","{""skt"": null, ""kt"": null, ""lgu"": null}",unlimited,https://www.amazon.co.jp/%E3%83%9E%E3%82%AB%E3%82%AAeSIM%E3%80%916%E6%97%A5%E9%96%93-%E9%AB%98%E9%80%9F%E3%83%87%E3%83%BC%E3%82%BF%E9%80%9A%E4%BF%A1-%E3%83%87%E3%83%BC%E3%82%BF%E9%80%9A%E4%BF%A1%E5%B0%82%E7%94%A8%EF%BC%88%E9%9B%BB%E8%A9%B1%E7%95%AA%E5%8F%B7%E3%81%AA%E3%81%97%EF%BC%895G-%E5%8D%B3%E6%97%A5%E7%99%BA%E8%A1%8C%E5%8F%AF%E8%83%BD-%E5%B9%B4%E4%B8%AD%E7%84%A1%E4%BC%91%C2%B724%E6%99%82%E9%96%93%E3%82%B5%E3%83%9D%E3%83%BC%E3%83%88%E3%80%90mewfi/dp/B0GTYWTGKG,B0GTYWTGKG,B0GTYWTGKG,Mewfi 正規販売店,mewfiのストアを表示,"{""price_jpy"": [""￥2,280""], ""usage_validity"": [""【香港 マカオeSIM】6日間 高速データ通信 無制限 データ通信専用（電話番号なし）5G / 4G対応 即日発行可能 年中無休·24時間サポート【mewfi eSIM】""], ""activation_validity"": [""【有効期限】eSIM情報が記載されたメールの受信日から90日以内にご利用ください。""], ""data_amount"": [""【香港 マカオeSIM】利用期間中、高速データ通信を無制限でご利用いただけます。1日ごとのデータ容量上限はありません。""], ""network_type"": [""local_signal: 【SKTelecoｍ公式認証】 韓国eSIM 3日間 (72時間) 電話番号付き 超高速データ無制限 最初の5分発信無料(韓国国内) お急ぎの方即時発行可(LINE相談受付中) 有効期限／ご購入日より120日以内 現地空港サポート(SKTelecomローミングセンター) SKテレコム正規品 韓国SIMカードタイプではありません"", ""roaming_signal: 【注意】香港・マカオでご利用の際は、端末のデータローミングをオンにしてください。"", ""insufficient_or_conflicting_signals(local=3, roaming=4)""], ""network_generation"": [""title_5g: source:title: 【香港 マカオeSIM】6日間 高速データ通信 無制限 データ通信専用（電話番号なし）5G / 4G対応 即日発行可能 年中無休·24時間サポート【mewfi eSIM】"", ""title_4g_lte_signal_present_but_5g_capable_takes_precedence""], ""review_count"": [""detail_page: (11)""], ""bestseller_rank"": [""Amazon 売れ筋ランキング 家電＆カメラ - 275,775位 ( 家電＆カメラの売れ筋ランキングを見る ) プリペイドSIMカード - 2,064位""], ""title"": [""【香港 マカオeSIM】6日間 高速データ通信 無制限 データ通信専用（電話番号なし）5G / 4G対応 即日発行可能 年中無休·24時間サポート【mewfi eSIM】""]}"
amazon_jp,hk,中国・香港・マカオ用 プリペイドSIMカード｜90日間 20GB 高速データ｜4G/LTE SIMフリー端末用｜LINE・Instagram・GoogleがVPNなしで利用可能｜SIMピン付き・LINE 24時間サポート (90日間 | 20GB),4280,31,,,,,823,1일,1일,90일,unknown,lte_4g_only,,,"{""cmhk"": null, ""csl"": true, ""smartone"": null, ""three_hk"": null}","{""skt"": null, ""kt"": null, ""lgu"": null}",unlimited,https://www.amazon.co.jp/%E4%B8%AD%E5%9B%BD%E3%83%BB%E9%A6%99%E6%B8%AF%E3%83%BB%E3%83%9E%E3%82%AB%E3%82%AA%E7%94%A8-%E3%83%97%E3%83%AA%E3%83%9A%E3%82%A4%E3%83%89SIM%E3%82%AB%E3%83%BC%E3%83%89%EF%BD%9C90%E6%97%A5%E9%96%93-20GB-SIM%E3%83%95%E3%83%AA%E3%83%BC%E7%AB%AF%E6%9C%AB%E7%94%A8%EF%BD%9CLINE%E3%83%BBInstagram%E3%83%BBGoogle%E3%81%8CVPN%E3%81%AA%E3%81%97%E3%81%A7%E5%88%A9%E7%94%A8%E5%8F%AF%E8%83%BD%EF%BD%9CSIM%E3%83%94%E3%83%B3%E4%BB%98%E3%81%8D%E3%83%BBLINE-90%E6%97%A5%E9%96%93/dp/B0FNR8X7V4,B0FNR8X7V4,B0FNR8X7V4,mewmewホーム eSIM,ＭＥＷＭＥＷホームのストアを表示,"{""price_jpy"": [""￥4,280""], ""usage_validity"": [""【有効期限：2026年8月10日まで】利用予定日を事前に開通予約するだけでOK。SIMカードを端末に挿入すれば簡単にアクティベート！有効期限内なら好きなタイミングで利用可能。プランの日数は「24時間＝1日」でカウントされます。""], ""activation_validity"": [""中国・香港・マカオ用 プリペイドSIMカード｜90日間 20GB 高速データ｜4G/LTE SIMフリー端末用｜LINE・Instagram・GoogleがVPNなしで利用可能｜SIMピン付き・LINE 24時間サポート (90日間 | 20GB)""], ""data_amount"": [""【高速データ通信＋低速使い放題】中国本土・マカオは中華電信、香港はCSL回線を利用。5G/4G/LTE対応で、プランには高速データ（20GB）が含まれています。高速分を使い切った後も、低速データ通信を無制限でご利用いただけるので、地図検索やメッセージのやり取りなど基本的な利用は安心です。""], ""network_type"": [""local_signal: 【SKTelecoｍ公式認証】 韓国eSIM 3日間 (72時間) 電話番号付き 超高速データ無制限 最初の5分発信無料(韓国国内) お急ぎの方即時発行可(LINE相談受付中) 有効期限／ご購入日より120日以内 現地空港サポート(SKTelecomローミングセンター) SKテレコム正規品 韓国SIMカードタイプではありません"", ""roaming_signal: 中国本土旅行者向けeSIMカード、10日間プラン、2GBデータ使い放題、高速4/5G、ローミング料金無料 | 中国旅行に最適"", ""insufficient_or_conflicting_signals(local=3, roaming=5)""], ""network_generation"": [""product_info_cellular_4g_lte: source:product_info_cellular: 携帯電話技術 4G-LTE"", ""product_info_cellular_4g_lte: source:product_info_cellular: 携帯電話技術 4G-LTE""], ""carrier_support_local"": [""CSL: 【高速データ通信＋低速使い放題】中国本土・マカオは中華電信、香港はCSL回線を利用。5G/4G/LTE対応で、プランには高速データ（20GB）が含まれています。高速分を使い切った後も、低速データ通信を無制限でご利用いただけるので、地図検索やメッセージのやり取りなど基本的な利用は安心です。"", ""CSL: サービスプロバイダ 中国本土・マカオ：中華電信 香港：CSL"", ""CSL: Amazon.co.jp: 中国・香港・マカオ用 プリペイドSIMカード｜90日間 20GB 高速データ｜4G/LTE SIMフリー端末用｜LINE・Instagram・GoogleがVPNなしで利用可能｜SIMピン付き・LINE 24時間サポート (90日間 | 20GB) : 家電＆カメラ 次に""], ""review_count"": [""detail_page: (31)""], ""bestseller_rank"": [""Amazon 売れ筋ランキング 家電＆カメラ - 87,647位 ( 家電＆カメラの売れ筋ランキングを見る ) プリペイドSIMカード - 823位""], ""title"": [""中国・香港・マカオ用 プリペイドSIMカード｜90日間 20GB 高速データ｜4G/LTE SIMフリー端末用｜LINE・Instagram・GoogleがVPNなしで利用可能｜SIMピン付き・LINE 24時間サポート (90日間 | 20GB)""]}"
amazon_jp,hk,【香港・マカオ eSIM】1日間 1GB DeSiM正規卸 | LINE相談受付中 |データ通信専用（電話番号なし） | simフリー端末のみ対応 説明書付 イーシム,830,,,,,,2661,1일,1일,,unknown,unknown,,,"{""cmhk"": null, ""csl"": null, ""smartone"": null, ""three_hk"": null}","{""skt"": null, ""kt"": null, ""lgu"": null}",1GB,https://www.amazon.co.jp/eSIM%E3%80%911%E6%97%A5%E9%96%93-1GB-LINE%E7%9B%B8%E8%AB%87%E5%8F%97%E4%BB%98%E4%B8%AD%EF%BD%9C%E5%BD%93%E6%97%A5%E7%99%BA%E8%A1%8C%E5%8F%AF%E8%83%BD-%E3%83%87%E3%83%BC%E3%82%BF%E9%80%9A%E4%BF%A1%E5%B0%82%E7%94%A8%EF%BC%88%E9%9B%BB%E8%A9%B1%E7%95%AA%E5%8F%B7%E3%81%AA%E3%81%97%EF%BC%89-sim%E3%83%95%E3%83%AA%E3%83%BC%E7%AB%AF%E6%9C%AB%E3%81%AE%E3%81%BF%E5%AF%BE%E5%BF%9C/dp/B0DFZ2NRL2,B0DFZ2NRL2,B0DFZ2NRL2,DeSiM,DeSiMのストアを表示,"{""price_jpy"": [""￥830""], ""usage_validity"": [""【香港・マカオ eSIM】1日間 1GB DeSiM正規卸 | LINE相談受付中 |データ通信専用（電話番号なし） | simフリー端末のみ対応 説明書付 イーシム""], ""data_amount"": [""【香港・マカオ eSIM】1日間 1GB DeSiM正規卸 | LINE相談受付中｜当日発行可能 |データ通信専用（電話番号なし） | simフリー端末のみ対応 説明書付 イーシム""], ""network_type"": [""no_local_or_roaming_keyword_matched""], ""network_generation"": [""fallback_5g: source:fallback_all_text: Amazon.co.jp: 【香港・マカオ eSIM】1日間 1GB DeSiM正規卸 | LINE相談受付中 |データ通信専用（電話番号なし） | simフリー端末のみ対応 説明書付 イーシム : 家電＆カメラ 次に移動 メインコンテンツ この商品について この商品について この商品について 購入オプショ"", ""fallback_only_network_generation_signal""], ""bestseller_rank"": [""Amazon 売れ筋ランキング 家電＆カメラ - 384,371位 ( 家電＆カメラの売れ筋ランキングを見る ) プリペイドSIMカード - 2,661位""], ""title"": [""【香港・マカオ eSIM】1日間 1GB DeSiM正規卸 | LINE相談受付中 |データ通信専用（電話番号なし） | simフリー端末のみ対応 説明書付 イーシム""]}"
amazon_jp,hk,【香港・マカオ eSIM】2日間 3GB（コスパ重視） DeSiM正規卸 | LINE相談受付中 | データ通信専用（電話番号なし） | simフリー端末のみ対応 説明書付 イーシム DeSiM,1180,1,,,,,2349,2일,2일,3일,local,unknown,,,"{""cmhk"": null, ""csl"": null, ""smartone"": null, ""three_hk"": null}","{""skt"": null, ""kt"": null, ""lgu"": null}",3GB,https://www.amazon.co.jp/3GB%EF%BC%88%E3%82%B3%E3%82%B9%E3%83%91%E9%87%8D%E8%A6%96%EF%BC%89-LINE%E7%9B%B8%E8%AB%87%E5%8F%97%E4%BB%98%E4%B8%AD%EF%BD%9C%E5%BD%93%E6%97%A5%E7%99%BA%E8%A1%8C%E5%8F%AF%E8%83%BD-%E3%83%87%E3%83%BC%E3%82%BF%E9%80%9A%E4%BF%A1%E5%B0%82%E7%94%A8%EF%BC%88%E9%9B%BB%E8%A9%B1%E7%95%AA%E5%8F%B7%E3%81%AA%E3%81%97%EF%BC%89-sim%E3%83%95%E3%83%AA%E3%83%BC%E7%AB%AF%E6%9C%AB%E3%81%AE%E3%81%BF%E5%AF%BE%E5%BF%9C-DeSiM/dp/B0F1DX62G8,B0F1DX62G8,B0F1DX62G8,DeSiM,DeSiMのストアを表示,"{""price_jpy"": [""￥1,180""], ""usage_validity"": [""【香港・マカオ eSIM】2日間 3GB（コスパ重視） DeSiM正規卸 | LINE相談受付中 | データ通信専用（電話番号なし） | simフリー端末のみ対応 説明書付 イーシム DeSiM""], ""activation_validity"": [""【SKTelecoｍ公式認証】 韓国eSIM 3日間 (72時間) 電話番号付き 超高速データ無制限 最初の5分発信無料(韓国国内) お急ぎの方即時発行可(LINE相談受付中) 有効期限／ご購入日より120日以内 現地空港サポート(SKTelecomローミングセンター) SKテレコム正規品 韓国SIMカードタイプではありません""], ""data_amount"": [""【香港・マカオ eSIM】2日間 3GB（コスパ重視） DeSiM正規卸 | LINE相談受付中｜当日発行可能 | データ通信専用（電話番号なし） | simフリー端末のみ対応 説明書付 イーシム DeSiM""], ""network_type"": [""【チョコSIM 定額（Sプラン）】【中国の電話番号付きでアプリや施設サービスのSMS認証が可能】【データ容量】合計500MB/月【音声】合計20分間/月 データ/音声/SMS付きSIMカード 中国SIM マカオSIM China unicom ※こちらのSIMカードは契約後、毎月の基本料が発生いたします。※2024年11月1日から台湾でのご利用はできなくなり"", ""【SKTelecoｍ公式認証】 韓国eSIM 3日間 (72時間) 電話番号付き 超高速データ無制限 最初の5分発信無料(韓国国内) お急ぎの方即時発行可(LINE相談受付中) 有効期限／ご購入日より120日以内 現地空港サポート(SKTelecomローミングセンター) SKテレコム正規品 韓国SIMカードタイプではありません"", ""score: local=6, roaming=0""], ""network_generation"": [""fallback_5g: source:image_alt: 【香港・マカオ eSIM】7日間 0.5GB/毎日（六泊七日 コスパ重視） DeSiM正規卸 | LINE相談受付中 | データ通信専用（電話番号なし） | simフリー端末のみ対応 説明書付 イーシム DeSiM"", ""fallback_4g_lte: source:image_alt: 中国eSIM｜中国本土・香港・マカオ対応｜4日間 高速データ無制限｜VPN付き LINE・YouTube・Google利用可｜4G/5G 即日発行可能（eSIM | 4日間）"", ""fallback_only_network_generation_signal""], ""review_count"": [""detail_page: (1)""], ""bestseller_rank"": [""Amazon 売れ筋ランキング 家電＆カメラ - 325,036位 ( 家電＆カメラの売れ筋ランキングを見る ) プリペイドSIMカード - 2,349位""], ""title"": [""【香港・マカオ eSIM】2日間 3GB（コスパ重視） DeSiM正規卸 | LINE相談受付中 | データ通信専用（電話番号なし） | simフリー端末のみ対応 説明書付 イーシム DeSiM""]}"
amazon_jp,hk,【香港・マカオ eSIM】7日間 10GB（六泊七日 コスパ重視） DeSiM正規卸 | LINE相談受付中 | データ通信専用（電話番号なし） | simフリー端末のみ対応 説明書付 イーシム DeSiM,1800,1,,,,,1363,3일,3일,7일,local,unknown,,,"{""cmhk"": null, ""csl"": null, ""smartone"": null, ""three_hk"": null}","{""skt"": null, ""kt"": null, ""lgu"": null}",unlimited,https://www.amazon.co.jp/eSIM%E3%80%917%E6%97%A5%E9%96%93-10GB%EF%BC%88%E5%85%AD%E6%B3%8A%E4%B8%83%E6%97%A5-LINE%E7%9B%B8%E8%AB%87%E5%8F%97%E4%BB%98%E4%B8%AD%EF%BD%9C%E5%BD%93%E6%97%A5%E7%99%BA%E8%A1%8C%E5%8F%AF%E8%83%BD-%E3%83%87%E3%83%BC%E3%82%BF%E9%80%9A%E4%BF%A1%E5%B0%82%E7%94%A8%EF%BC%88%E9%9B%BB%E8%A9%B1%E7%95%AA%E5%8F%B7%E3%81%AA%E3%81%97%EF%BC%89-sim%E3%83%95%E3%83%AA%E3%83%BC%E7%AB%AF%E6%9C%AB%E3%81%AE%E3%81%BF%E5%AF%BE%E5%BF%9C/dp/B0DG4QTX2B,B0DG4QTX2B,B0DG4QTX2B,DeSiM,DeSiMのストアを表示,"{""price_jpy"": [""￥1,800""], ""usage_validity"": [""【SKTelecoｍ公式認証】 韓国eSIM 3日間 (72時間) 電話番号付き 超高速データ無制限 最初の5分発信無料(韓国国内) お急ぎの方即時発行可(LINE相談受付中) 有効期限／ご購入日より120日以内 現地空港サポート(SKTelecomローミングセンター) SKテレコム正規品 韓国SIMカードタイプではありません""], ""activation_validity"": [""【香港・マカオ eSIM】7日間 10GB（六泊七日 コスパ重視） DeSiM正規卸 | LINE相談受付中 | データ通信専用（電話番号なし） | simフリー端末のみ対応 説明書付 イーシム DeSiM""], ""data_amount"": [""商品の説明 購入前の注意事項 【注意事項】 注意事項①：電話番号は付与されませんので、ご注意ください。 注意事項②：SIMロックフリー端末、もしくはSIMフリー端末専用のサービスです。必ず、ご利用端末がeSIM対応かどうかご確認ください。 注意事項③：2021年10月1日以前にSIMロック解除をキャリア店頭またはインターネットでされた「Android端末」は""], ""network_type"": [""商品の説明 購入前の注意事項 【注意事項】 注意事項①：電話番号は付与されませんので、ご注意ください。 注意事項②：SIMロックフリー端末、もしくはSIMフリー端末専用のサービスです。必ず、ご利用端末がeSIM対応かどうかご確認ください。 注意事項③：2021年10月1日以前にSIMロック解除をキャリア店頭またはインターネットでされた「Android端末」は"", ""【チョコSIM 定額（Sプラン）】【中国の電話番号付きでアプリや施設サービスのSMS認証が可能】【データ容量】合計500MB/月【音声】合計20分間/月 データ/音声/SMS付きSIMカード 中国SIM マカオSIM China unicom ※こちらのSIMカードは契約後、毎月の基本料が発生いたします。※2024年11月1日から台湾でのご利用はできなくなり"", ""score: local=9, roaming=1""], ""network_generation"": [""fallback_5g: source:image_alt: 【中国・香港・マカオ eSIM】7日間 5GB（六泊七日 コスパ重視） DeSiM正規卸 |LINE相談受付中 |データ通信専用（電話番号なし） simフリー端末のみ対応 説明書付 イーシム DeSiM"", ""fallback_4g_lte: source:image_alt: 【Docomo回線】60日間50GB 5G/4G/LTE対応プリペイドSIM 日本国内用 データ通信専用 物理SIM 大容量 simフリー端末対応 3in1(標準/マイクロ/ナノ マルチ対応) ピン付き 使い捨てSIM 契約不要 残量確認可 設定簡単 年中無休 多言語安心サポート 観光旅行 一時帰国 出張 simカード 日"", ""fallback_only_network_generation_signal""], ""review_count"": [""detail_page: (1)""], ""bestseller_rank"": [""Amazon 売れ筋ランキング 家電＆カメラ - 165,616位 ( 家電＆カメラの売れ筋ランキングを見る ) プリペイドSIMカード - 1,363位""], ""title"": [""【香港・マカオ eSIM】7日間 10GB（六泊七日 コスパ重視） DeSiM正規卸 | LINE相談受付中 | データ通信専用（電話番号なし） | simフリー端末のみ対応 説明書付 イーシム DeSiM""]}"
amazon_jp,hk,【中国・香港・マカオ eSIM】4日間 高速無制限 データ通信専用（電話番号なし） 5G/4G-LTE対応 中国でもGoogle、LINE、YouTubeをVPNなしで利用可能 説明書付き LINEで24時間サポート 香港 マカオ 中国SIM MEWMEWホーム (4日間),1730,10,,,,,1791,3일,3일,4일,local,5g_capable,,,"{""cmhk"": null, ""csl"": null, ""smartone"": null, ""three_hk"": null}","{""skt"": null, ""kt"": null, ""lgu"": null}",unlimited,https://www.amazon.co.jp/%E3%80%90%E4%B8%AD%E5%9B%BD%E3%83%BB%E9%A6%99%E6%B8%AF%E3%83%BB%E3%83%9E%E3%82%AB%E3%82%AA-%E3%83%87%E3%83%BC%E3%82%BF%E9%80%9A%E4%BF%A1%E5%B0%82%E7%94%A8%EF%BC%88%E9%9B%BB%E8%A9%B1%E7%95%AA%E5%8F%B7%E3%81%AA%E3%81%97%EF%BC%89-%E4%B8%AD%E5%9B%BD%E3%81%A7%E3%82%82Google%E3%80%81LINE%E3%80%81YouTube%E3%82%92VPN%E3%81%AA%E3%81%97%E3%81%A7%E5%88%A9%E7%94%A8%E5%8F%AF%E8%83%BD-LINE%E3%81%A724%E6%99%82%E9%96%93%E3%82%B5%E3%83%9D%E3%83%BC%E3%83%88-4%E6%97%A5%E9%96%93/dp/B0F1ZXGFDC,B0F1ZXGFDC,B0F1ZXGFDC,mewmewホーム eSIM,ＭＥＷＭＥＷホームのストアを表示,"{""price_jpy"": [""￥1,730""], ""usage_validity"": [""【SKTelecoｍ公式認証】 韓国eSIM 3日間 (72時間) 電話番号付き 超高速データ無制限 最初の5分発信無料(韓国国内) お急ぎの方即時発行可(LINE相談受付中) 有効期限／ご購入日より120日以内 現地空港サポート(SKTelecomローミングセンター) SKテレコム正規品 韓国SIMカードタイプではありません""], ""activation_validity"": [""【中国・香港・マカオ eSIM】4日間 高速無制限 データ通信専用（電話番号なし） 5G/4G-LTE対応 中国でもGoogle、LINE、YouTubeをVPNなしで利用可能 説明書付き LINEで24時間サポート 香港 マカオ 中国SIM MEWMEWホーム (4日間)""], ""data_amount"": [""【高速無制限】中国本土・香港・マカオにて高速データ通信量は完全無制限となります。安心して頻繁にインターネットを利用したり、高画質の動画を視聴したり、いつでも地図を検索したり、旅行の写真を共有することができます。""], ""network_type"": [""【チョコSIM 定額（Sプラン）】【中国の電話番号付きでアプリや施設サービスのSMS認証が可能】【データ容量】合計500MB/月【音声】合計20分間/月 データ/音声/SMS付きSIMカード 中国SIM マカオSIM China unicom ※こちらのSIMカードは契約後、毎月の基本料が発生いたします。※2024年11月1日から台湾でのご利用はできなくなり"", ""【SKTelecoｍ公式認証】 韓国eSIM 3日間 (72時間) 電話番号付き 超高速データ無制限 最初の5分発信無料(韓国国内) お急ぎの方即時発行可(LINE相談受付中) 有効期限／ご購入日より120日以内 現地空港サポート(SKTelecomローミングセンター) SKテレコム正規品 韓国SIMカードタイプではありません"", ""score: local=6, roaming=0""], ""network_generation"": [""title_5g: source:title: 【中国・香港・マカオ eSIM】4日間 高速無制限 データ通信専用（電話番号なし） 5G/4G-LTE対応 中国でもGoogle、LINE、YouTubeをVPNなしで利用可能 説明書付き LINEで24時間サポート 香港 マカオ 中国SIM MEWMEWホーム (4日間)"", ""title_4g_lte_signal_present_but_5g_capable_takes_precedence""], ""review_count"": [""detail_page: (10)""], ""bestseller_rank"": [""Amazon 売れ筋ランキング 家電＆カメラ - 227,114位 ( 家電＆カメラの売れ筋ランキングを見る ) プリペイドSIMカード - 1,791位""], ""title"": [""【中国・香港・マカオ eSIM】4日間 高速無制限 データ通信専用（電話番号なし） 5G/4G-LTE対応 中国でもGoogle、LINE、YouTubeをVPNなしで利用可能 説明書付き LINEで24時間サポート 香港 マカオ 中国SIM MEWMEWホーム (4日間)""]}"
amazon_jp,hk,【香港・マカオ eSIM】4日完全無制限（使い放題、低速なし） DeSiM正規卸 | LINE相談受付中 | データ通信専用（電話番号なし） | simフリー端末のみ対応 説明書付 イーシム DeSiM,2460,9,,,,,1231,4일,4일,,roaming,unknown,,,"{""cmhk"": null, ""csl"": null, ""smartone"": null, ""three_hk"": null}","{""skt"": null, ""kt"": null, ""lgu"": null}",unlimited,https://www.amazon.co.jp/eSIM%E3%80%914%E6%97%A5%E5%AE%8C%E5%85%A8%E7%84%A1%E5%88%B6%E9%99%90%EF%BC%88%E4%BD%BF%E3%81%84%E6%94%BE%E9%A1%8C%E3%80%81%E4%BD%8E%E9%80%9F%E3%81%AA%E3%81%97%EF%BC%89-LINE%E7%9B%B8%E8%AB%87%E5%8F%97%E4%BB%98%E4%B8%AD%EF%BD%9C%E5%BD%93%E6%97%A5%E7%99%BA%E8%A1%8C%E5%8F%AF%E8%83%BD-%E3%83%87%E3%83%BC%E3%82%BF%E9%80%9A%E4%BF%A1%E5%B0%82%E7%94%A8%EF%BC%88%E9%9B%BB%E8%A9%B1%E7%95%AA%E5%8F%B7%E3%81%AA%E3%81%97%EF%BC%89-sim%E3%83%95%E3%83%AA%E3%83%BC%E7%AB%AF%E6%9C%AB%E3%81%AE%E3%81%BF%E5%AF%BE%E5%BF%9C-DeSiM/dp/B0F1DWPWZZ,B0F1DWPWZZ,B0F1DWPWZZ,DeSiM,DeSiMのストアを表示,"{""price_jpy"": [""￥2,460""], ""usage_validity"": [""【香港・マカオ eSIM】4日完全無制限（使い放題、低速なし） DeSiM正規卸 | LINE相談受付中 | データ通信専用（電話番号なし） | simフリー端末のみ対応 説明書付 イーシム DeSiM""], ""data_amount"": [""【香港・マカオ eSIM】4日完全無制限（使い放題、低速なし） DeSiM正規卸 | LINE相談受付中｜当日発行可能 | データ通信専用（電話番号なし） | simフリー端末のみ対応 説明書付 イーシム DeSiM""], ""network_type"": [""【DeSiM】中国・香港・マカオ3日間無制限+eSIMテストサービス付き【セット】完全予約制 | 海外旅行出国前事前テストeSIMサービス - DeSiM - 渡航前の不安を解消！ | Wi-Fi使用が面倒、ローミング料金が高い、SIMやeSIMの設定が不安な方に V4"", ""【DeSiM】中国・香港・マカオ3日間無制限+eSIMテストサービス付き【セット】完全予約制 | 海外旅行出国前事前テストeSIMサービス - DeSiM - 渡航前の不安を解消！ | Wi-Fi使用が面倒、ローミング料金が高い、SIMやeSIMの設定が不安な方に V4"", ""score: local=0, roaming=2""], ""network_generation"": [""fallback_5g: source:image_alt: 【中国・香港・マカオ eSIM】5日間 5GB（四泊五日 コスパ重視） DeSiM正規卸 |LINE相談受付中 |データ通信専用（電話番号なし） simフリー端末のみ対応 説明書付 イーシム"", ""fallback_4g_lte: source:image_alt: 香港 マカオ ESIMプラン 4日間 完全無制限 4G-LTE 高速データ 使い放題 当日発行可能 出発前日本テスト用eSIM500MB 香港 マカオ プリペイドSIM 香港 esim 香港 マカオsim (4日間完全無制限)"", ""fallback_only_network_generation_signal""], ""review_count"": [""detail_page: (9)""], ""bestseller_rank"": [""Amazon 売れ筋ランキング 家電＆カメラ - 146,433位 ( 家電＆カメラの売れ筋ランキングを見る ) プリペイドSIMカード - 1,231位""], ""title"": [""【香港・マカオ eSIM】4日完全無制限（使い放題、低速なし） DeSiM正規卸 | LINE相談受付中 | データ通信専用（電話番号なし） | simフリー端末のみ対応 説明書付 イーシム DeSiM""]}"
amazon_jp,hk,中国 eSIM 4日間 高速データ通信 完全無制限プラン 中国ネット規制対象外 VPN不要でGoogle・LINE・YouTube利用可 4G LTE対応 プリペイドSIM 香港 マカオもOK 当日発行可 24時間サポート (4日間),1680,185,,,,,729,4일,4일,90일,unknown,lte_4g_only,,,"{""cmhk"": null, ""csl"": null, ""smartone"": null, ""three_hk"": null}","{""skt"": null, ""kt"": null, ""lgu"": null}",unlimited,https://www.amazon.co.jp/4%E6%97%A5%E9%96%93-%E5%AE%8C%E5%85%A8%E7%84%A1%E5%88%B6%E9%99%90%E3%83%97%E3%83%A9%E3%83%B3-%E4%B8%AD%E5%9B%BD%E3%83%8D%E3%83%83%E3%83%88%E8%A6%8F%E5%88%B6%E5%AF%BE%E8%B1%A1%E5%A4%96-VPN%E4%B8%8D%E8%A6%81%E3%81%A7Google%E3%83%BBLINE%E3%83%BBYouTube%E5%88%A9%E7%94%A8%E5%8F%AF-%E3%83%97%E3%83%AA%E3%83%9A%E3%82%A4%E3%83%89SIM/dp/B0G1R8QP7J,B0G1R8QP7J,B0G1R8QP7J,SYE店舗,ブランド: ノーブランド品,"{""price_jpy"": [""￥1,680""], ""usage_validity"": [""中国 eSIM 4日間 高速データ通信 完全無制限プラン 中国ネット規制対象外 VPN不要でGoogle・LINE・YouTube利用可 4G LTE対応 プリペイドSIM 香港 マカオもOK 当日発行可 24時間サポート (4日間)""], ""activation_validity"": [""【有効期限】eSIMの有効期限は、eSIMのQRコードを受け取った日から90日間です。""], ""data_amount"": [""【簡単設定】QRコードをスキャンするだけで、簡単に接続可能！中国eSIMは中国本土・香港・マカオで利用可能。無制限に使用可能です。旅行や出張先でも、高速インターネットでスムーズに使用！香港で5G通信可能。""], ""network_type"": [""local_signal: 【SKTelecoｍ公式認証】 韓国eSIM 3日間 (72時間) 電話番号付き 超高速データ無制限 最初の5分発信無料(韓国国内) お急ぎの方即時発行可(LINE相談受付中) 有効期限／ご購入日より120日以内 現地空港サポート(SKTelecomローミングセンター) SKテレコム正規品 韓国SIMカードタイプではありません"", ""roaming_signal: 【注意事項】 ①本製品は SIMロック解除済み かつ eSIM対応スマートフォン のみでご利用いただけます。 ②ご利用日当日にスマートフォンをネットワークへ接続し、送付された eSIMのQRコードをスキャン して追加してください。目的地到着後、そのeSIMを選択し「ローミングをオン」にすると通信が可能になります。 ③eSIMを一度削除すると 再インストールは"", ""insufficient_or_conflicting_signals(local=3, roaming=3)""], ""network_generation"": [""product_info_cellular_4g_lte: source:product_info_cellular: 携帯電話技術 LTE"", ""product_info_cellular_4g_lte: source:product_info_cellular: 携帯電話技術 LTE""], ""review_count"": [""detail_page: 185""], ""bestseller_rank"": [""Amazon 売れ筋ランキング 家電＆カメラ - 74,258位 ( 家電＆カメラの売れ筋ランキングを見る ) プリペイドSIMカード - 729位""], ""title"": [""中国 eSIM 4日間 高速データ通信 完全無制限プラン 中国ネット規制対象外 VPN不要でGoogle・LINE・YouTube利用可 4G LTE対応 プリペイドSIM 香港 マカオもOK 当日発行可 24時間サポート (4日間)""]}"
amazon_jp,hk,【中国・香港・マカオ eSIM】1日間 3GB（一日間 コスパ重視） DeSiM正規卸 |LINE相談受付中 |データ通信専用（電話番号なし） simフリー端末のみ対応 説明書付 イーシム,1210,1,,,,,1675,1일,1일,7일,local,unknown,,,"{""cmhk"": null, ""csl"": null, ""smartone"": null, ""three_hk"": null}","{""skt"": null, ""kt"": null, ""lgu"": null}",unlimited,https://www.amazon.co.jp/%E3%80%90%E4%B8%AD%E5%9B%BD%E3%83%BB%E9%A6%99%E6%B8%AF%E3%83%BB%E3%83%9E%E3%82%AB%E3%82%AA-eSIM%E3%80%911%E6%97%A5%E9%96%93-LINE%E7%9B%B8%E8%AB%87%E5%8F%97%E4%BB%98%E4%B8%AD-%E3%83%87%E3%83%BC%E3%82%BF%E9%80%9A%E4%BF%A1%E5%B0%82%E7%94%A8%EF%BC%88%E9%9B%BB%E8%A9%B1%E7%95%AA%E5%8F%B7%E3%81%AA%E3%81%97%EF%BC%89-sim%E3%83%95%E3%83%AA%E3%83%BC%E7%AB%AF%E6%9C%AB%E3%81%AE%E3%81%BF%E5%AF%BE%E5%BF%9C/dp/B0D5WB159Q,B0D5WB159Q,B0D5WB159Q,DeSiM,DeSiMのストアを表示,"{""price_jpy"": [""￥1,210""], ""usage_validity"": [""【中国・香港・マカオ eSIM】1日間 3GB（一日間 コスパ重視） DeSiM正規卸 |LINE相談受付中 |データ通信専用（電話番号なし） simフリー端末のみ対応 説明書付 イーシム""], ""activation_validity"": [""商品の説明 購入前の注意事項 【注意事項】 注意事項①：本商品はデータ通信専用です（通話はご利用いただけません）。ご注意ください。 注意事項②：SIMロックフリー端末、もしくはSIMフリー端末専用のサービスです。必ず、ご利用端末がeSIM対応かどうかご確認ください。 注意事項③：2021年10月1日以前にSIMロック解除をキャリア店頭またはインターネットでさ""], ""data_amount"": [""商品の説明 購入前の注意事項 【注意事項】 注意事項①：本商品はデータ通信専用です（通話はご利用いただけません）。ご注意ください。 注意事項②：SIMロックフリー端末、もしくはSIMフリー端末専用のサービスです。必ず、ご利用端末がeSIM対応かどうかご確認ください。 注意事項③：2021年10月1日以前にSIMロック解除をキャリア店頭またはインターネットでさ""], ""network_type"": [""商品の説明 購入前の注意事項 【注意事項】 注意事項①：本商品はデータ通信専用です（通話はご利用いただけません）。ご注意ください。 注意事項②：SIMロックフリー端末、もしくはSIMフリー端末専用のサービスです。必ず、ご利用端末がeSIM対応かどうかご確認ください。 注意事項③：2021年10月1日以前にSIMロック解除をキャリア店頭またはインターネットでさ"", ""【ベトナムeSIM】 7日間 高速データ無制限 電話番号付き 通話・SMS受信のみ可能 お急ぎの方即日対応(LINE相談受付中) 有効期限 / ご購入日より30日以内 ベトナムSIMカードタイプではありません"", ""score: local=6, roaming=1""], ""network_generation"": [""fallback_5g: source:image_alt: 【中国・香港・マカオ eSIM】5日間 5GB（四泊五日 コスパ重視） DeSiM正規卸 |LINE相談受付中 |データ通信専用（電話番号なし） simフリー端末のみ対応 説明書付 イーシム"", ""fallback_4g_lte: source:image_alt: 香港 マカオ ESIMプラン 4日間 完全無制限 4G-LTE 高速データ 使い放題 当日発行可能 出発前日本テスト用eSIM500MB 香港 マカオ プリペイドSIM 香港 esim 香港 マカオsim (4日間完全無制限)"", ""fallback_only_network_generation_signal""], ""review_count"": [""detail_page: (1)""], ""bestseller_rank"": [""Amazon 売れ筋ランキング 家電＆カメラ - 210,710位 ( 家電＆カメラの売れ筋ランキングを見る ) プリペイドSIMカード - 1,675位""], ""title"": [""【中国・香港・マカオ eSIM】1日間 3GB（一日間 コスパ重視） DeSiM正規卸 |LINE相談受付中 |データ通信専用（電話番号なし） simフリー端末のみ対応 説明書付 イーシム""]}"
amazon_jp,hk,アジア太平洋11カ国 シンガポール・タイ・ベトナム・マレーシア SIMカード 7日間 データ使い放題7GBまで Jet Sim 物理SIM 無制限 7日 ジェットシム,1580,5,,,,,796,7일,7일,,roaming,5g_capable,,,"{""cmhk"": null, ""csl"": null, ""smartone"": null, ""three_hk"": null}","{""skt"": null, ""kt"": null, ""lgu"": null}",1GB/day,https://www.amazon.co.jp/%E3%82%A2%E3%82%B8%E3%82%A2%E5%A4%AA%E5%B9%B3%E6%B4%8B11%E3%82%AB%E5%9B%BD-%E3%82%B7%E3%83%B3%E3%82%AC%E3%83%9D%E3%83%BC%E3%83%AB%E3%83%BB%E3%82%BF%E3%82%A4%E3%83%BB%E3%83%99%E3%83%88%E3%83%8A%E3%83%A0%E3%83%BB%E3%83%9E%E3%83%AC%E3%83%BC%E3%82%B7%E3%82%A2-SIM%E3%82%AB%E3%83%BC%E3%83%89-7%E6%97%A5%E9%96%93-%E3%83%87%E3%83%BC%E3%82%BF%E4%BD%BF%E3%81%84%E6%94%BE%E9%A1%8C7GB%E3%81%BE%E3%81%A7/dp/B0FXW5TMC6,B0FXW5TMC6,B0FXW5TMC6,ジェスロモバイル,JETSIMのストアを表示,"{""price_jpy"": [""￥1,580""], ""usage_validity"": [""アジア太平洋11カ国 シンガポール・タイ・ベトナム・マレーシア SIMカード 7日間 データ使い放題7GBまで Jet Sim 物理SIM 無制限 7日 ジェットシム""], ""data_amount"": [""【データ無制限】 アジア太平洋11カ国 シンガポール・タイ・ベトナム・マレーシア等で7日間、5G/4G-LTE高速データ7GB。その後もデータ通信の利用が可能。テザリング対応。高速データ1日1GBまで。""], ""network_type"": [""アジア10ヵ国周遊SIM 利用期間8日データ容量6GB データ通信 プリペイドSIM ローミングSIM 利用国：インドネシア、韓国、シンガポール、タイ、中国、日本、ベトナム、香港、マカオ、マレーシア"", ""東南アジア 5ヵ国周遊SIM 利用期間 8日 データ容量5GB 4Gデータ通信 プリペイドSIM ローミングSIM インドネシア・シンガポール・タイ・ベトナム・マレーシア"", ""score: local=0, roaming=5""], ""network_generation"": [""product_info_cellular_5g: source:product_info_cellular: 携帯電話技術 LTE, 5G"", ""product_info_cellular_5g: source:product_info_cellular: 携帯電話技術 LTE, 5G"", ""product_info_cellular_4g_lte_signal_present_but_5g_capable_takes_precedence""], ""review_count"": [""detail_page: (5)""], ""bestseller_rank"": [""Amazon 売れ筋ランキング 家電＆カメラ - 84,554位 ( 家電＆カメラの売れ筋ランキングを見る ) プリペイドSIMカード - 796位""], ""title"": [""アジア太平洋11カ国 シンガポール・タイ・ベトナム・マレーシア SIMカード 7日間 データ使い放題7GBまで Jet Sim 物理SIM 無制限 7日 ジェットシム""]}"
amazon_jp,hk,アジア25ヵ国プリペイドSIM 利用日数30日 データ容量7GB アジア周遊SIM ローミングSIM 利用国(インド、オーストラリア、韓国、グアム、サイパン、シンガポール、タイ、台湾、中国、日本、フィリピン、ベトナム、香港、マカオ、マレーシア等),1670,1,,,,,627,1일,1일,30일,unknown,5g_capable,,,"{""cmhk"": null, ""csl"": null, ""smartone"": null, ""three_hk"": null}","{""skt"": null, ""kt"": null, ""lgu"": null}",7GB,https://www.amazon.co.jp/%E3%82%A2%E3%82%B8%E3%82%A224%E3%83%B5%E5%9B%BD%E3%83%97%E3%83%AA%E3%83%9A%E3%82%A4%E3%83%89SIM-%E5%88%A9%E7%94%A8%E6%9C%9F%E9%96%9330%E6%97%A5%E9%96%93-%E3%83%87%E3%83%BC%E3%82%BF%E5%AE%B9%E9%87%8F8GB-%E3%82%A2%E3%82%B8%E3%82%A2%E5%91%A8%E9%81%8ASIM-%E9%9F%93%E5%9B%BD%E3%80%81%E6%97%A5%E6%9C%AC%E3%80%81%E3%82%A4%E3%83%B3%E3%83%89%E3%83%8D%E3%82%B7%E3%82%A2%E3%80%81%E3%82%AA%E3%83%BC%E3%82%B9%E3%83%88%E3%83%A9%E3%83%AA%E3%82%A2%E3%80%81%E3%82%B7%E3%83%B3%E3%82%AC%E3%83%9D%E3%83%BC%E3%83%AB%E3%80%81%E3%82%BF%E3%82%A4%E3%80%81%E3%83%95%E3%82%A3%E3%83%AA%E3%83%94%E3%83%B3%E3%80%81%E3%83%99%E3%83%88%E3%83%8A%E3%83%A0%E7%AD%89/dp/B0DLP3PYW4,B0DLP3PYW4,B0DLP3PYW4,ブランド: Wise SIM,ブランド: Wise SIM,"{""price_jpy"": [""￥1,670 ￥ 1,670 17ポイント(1""], ""usage_validity"": [""■利用期間：香港の通信会社が発行しているSIMの為、香港時間を基準として電波を受信後30日(日数カウント) 例えば香港の23時に利用開始した場合、1時間で1日分としてカウントされますのでご留意ください。""], ""activation_validity"": [""アジア25ヵ国プリペイドSIM 利用日数30日 データ容量7GB アジア周遊SIM ローミングSIM 利用国(インド、オーストラリア、韓国、グアム、サイパン、シンガポール、タイ、台湾、中国、日本、フィリピン、ベトナム、香港、マカオ、マレーシア等)""], ""data_amount"": [""【データ容量】 7GBまで高速データ通信利用が可能です。 ※7GBのデータ量を超過後は128kbpsへ速度低下となりますが止まる事なく利用可能です。""], ""network_type"": [""local_signal: 【SKTelecoｍ公式認証】 韓国eSIM 3日間 (72時間) 電話番号付き 超高速データ無制限 最初の5分発信無料(韓国国内) お急ぎの方即時発行可(LINE相談受付中) 有効期限／ご購入日より120日以内 現地空港サポート(SKTelecomローミングセンター) SKテレコム正規品 韓国SIMカードタイプではありません"", ""roaming_signal: アジア25ヵ国プリペイドSIM 利用日数30日 データ容量7GB アジア周遊SIM ローミングSIM 利用国(インド、オーストラリア、韓国、グアム、サイパン、シンガポール、タイ、台湾、中国、日本、フィリピン、ベトナム、香港、マカオ、マレーシア等)"", ""insufficient_or_conflicting_signals(local=3, roaming=12)""], ""network_generation"": [""product_info_cellular_5g: source:product_info_cellular: 携帯電話技術 5G/4G/LTE"", ""product_info_cellular_5g: source:product_info_cellular: 携帯電話技術 5G/4G/LTE"", ""product_info_cellular_4g_lte_signal_present_but_5g_capable_takes_precedence""], ""review_count"": [""detail_page: (1)""], ""bestseller_rank"": [""Amazon 売れ筋ランキング 家電＆カメラ - 61,522位 ( 家電＆カメラの売れ筋ランキングを見る ) プリペイドSIMカード - 627位""], ""title"": [""アジア25ヵ国プリペイドSIM 利用日数30日 データ容量7GB アジア周遊SIM ローミングSIM 利用国(インド、オーストラリア、韓国、グアム、サイパン、シンガポール、タイ、台湾、中国、日本、フィリピン、ベトナム、香港、マカオ、マレーシア等)""]}"
amazon_jp,hk,【香港・マカオ eSIM】4日間 高速無制限 データ通信専用（電話番号なし） 5G/4G-LTE対応 当日発行可能 説明書付き LINEで24時間サポート 香港SIM マカオSIM MEWMEWホーム (4日間),1680,11,,,,,1696,3일,3일,4일,local,5g_capable,,,"{""cmhk"": null, ""csl"": null, ""smartone"": null, ""three_hk"": null}","{""skt"": null, ""kt"": null, ""lgu"": null}",unlimited,https://www.amazon.co.jp/eSIM%E3%80%914%E6%97%A5%E9%96%93-%E3%83%87%E3%83%BC%E3%82%BF%E9%80%9A%E4%BF%A1%E5%B0%82%E7%94%A8%EF%BC%88%E9%9B%BB%E8%A9%B1%E7%95%AA%E5%8F%B7%E3%81%AA%E3%81%97%EF%BC%89-LINE%E3%81%A724%E6%99%82%E9%96%93%E3%82%B5%E3%83%9D%E3%83%BC%E3%83%88-MEWMEW%E3%83%9B%E3%83%BC%E3%83%A0-4%E6%97%A5%E9%96%93/dp/B0F1ZYVKVH,B0F1ZYVKVH,B0F1ZYVKVH,mewmewホーム eSIM,ＭＥＷＭＥＷホームのストアを表示,"{""price_jpy"": [""￥1,680""], ""usage_validity"": [""【SKTelecoｍ公式認証】 韓国eSIM 3日間 (72時間) 電話番号付き 超高速データ無制限 最初の5分発信無料(韓国国内) お急ぎの方即時発行可(LINE相談受付中) 有効期限／ご購入日より120日以内 現地空港サポート(SKTelecomローミングセンター) SKテレコム正規品 韓国SIMカードタイプではありません""], ""activation_validity"": [""【香港・マカオ eSIM】4日間 高速無制限 データ通信専用（電話番号なし） 5G/4G-LTE対応 当日発行可能 説明書付き LINEで24時間サポート 香港SIM マカオSIM MEWMEWホーム (4日間)""], ""data_amount"": [""【高速データ無制限】香港・マカオで高速データ通信が完全無制限で利用可能です。高画質動画の視聴、地図検索、写真や動画のシェアなど、快適なインターネット環境を提供します。""], ""network_type"": [""【チョコSIM 定額（Sプラン）】【中国の電話番号付きでアプリや施設サービスのSMS認証が可能】【データ容量】合計500MB/月【音声】合計20分間/月 データ/音声/SMS付きSIMカード 中国SIM マカオSIM China unicom ※こちらのSIMカードは契約後、毎月の基本料が発生いたします。※2024年11月1日から台湾でのご利用はできなくなり"", ""【SKTelecoｍ公式認証】 韓国eSIM 3日間 (72時間) 電話番号付き 超高速データ無制限 最初の5分発信無料(韓国国内) お急ぎの方即時発行可(LINE相談受付中) 有効期限／ご購入日より120日以内 現地空港サポート(SKTelecomローミングセンター) SKテレコム正規品 韓国SIMカードタイプではありません"", ""score: local=6, roaming=0""], ""network_generation"": [""title_5g: source:title: 【香港・マカオ eSIM】4日間 高速無制限 データ通信専用（電話番号なし） 5G/4G-LTE対応 当日発行可能 説明書付き LINEで24時間サポート 香港SIM マカオSIM MEWMEWホーム (4日間)"", ""title_4g_lte_signal_present_but_5g_capable_takes_precedence""], ""review_count"": [""detail_page: (11)""], ""bestseller_rank"": [""Amazon 売れ筋ランキング 家電＆カメラ - 212,629位 ( 家電＆カメラの売れ筋ランキングを見る ) プリペイドSIMカード - 1,696位""], ""title"": [""【香港・マカオ eSIM】4日間 高速無制限 データ通信専用（電話番号なし） 5G/4G-LTE対応 当日発行可能 説明書付き LINEで24時間サポート 香港SIM マカオSIM MEWMEWホーム (4日間)""]}"
amazon_jp,hk,【中国・香港・マカオ eSIM】10日間 5GB（九泊十日 コスパ重視） DeSiM正規卸 |LINE相談受付中 |データ通信専用（電話番号なし） simフリー端末のみ対応 説明書付 イーシム DeSiM,2180,5,,,,,952,7일,7일,10일,local,lte_4g_only,,,"{""cmhk"": null, ""csl"": null, ""smartone"": null, ""three_hk"": null}","{""skt"": null, ""kt"": null, ""lgu"": null}",unlimited,https://www.amazon.co.jp/%E3%80%90%E4%B8%AD%E5%9B%BD%E3%83%BB%E9%A6%99%E6%B8%AF%E3%83%BB%E3%83%9E%E3%82%AB%E3%82%AA-eSIM%E3%80%9110%E6%97%A5%E9%96%93-LINE%E7%9B%B8%E8%AB%87%E5%8F%97%E4%BB%98%E4%B8%AD-%E3%83%87%E3%83%BC%E3%82%BF%E9%80%9A%E4%BF%A1%E5%B0%82%E7%94%A8%EF%BC%88%E9%9B%BB%E8%A9%B1%E7%95%AA%E5%8F%B7%E3%81%AA%E3%81%97%EF%BC%89-sim%E3%83%95%E3%83%AA%E3%83%BC%E7%AB%AF%E6%9C%AB%E3%81%AE%E3%81%BF%E5%AF%BE%E5%BF%9C/dp/B0D5WBRKC6,B0D5WBRKC6,B0D5WBRKC6,DeSiM,DeSiMのストアを表示,"{""price_jpy"": [""￥2,180""], ""usage_validity"": [""商品の説明 購入前の注意事項 【注意事項】 注意事項①：本商品はデータ通信専用です（通話はご利用いただけません）。ご注意ください。 注意事項②：SIMロックフリー端末、もしくはSIMフリー端末専用のサービスです。必ず、ご利用端末がeSIM対応かどうかご確認ください。 注意事項③：2021年10月1日以前にSIMロック解除をキャリア店頭またはインターネットでさ""], ""activation_validity"": [""【中国・香港・マカオ eSIM】10日間 5GB（九泊十日 コスパ重視） DeSiM正規卸 |LINE相談受付中 |データ通信専用（電話番号なし） simフリー端末のみ対応 説明書付 イーシム DeSiM""], ""data_amount"": [""商品の説明 購入前の注意事項 【注意事項】 注意事項①：本商品はデータ通信専用です（通話はご利用いただけません）。ご注意ください。 注意事項②：SIMロックフリー端末、もしくはSIMフリー端末専用のサービスです。必ず、ご利用端末がeSIM対応かどうかご確認ください。 注意事項③：2021年10月1日以前にSIMロック解除をキャリア店頭またはインターネットでさ""], ""network_type"": [""商品の説明 購入前の注意事項 【注意事項】 注意事項①：本商品はデータ通信専用です（通話はご利用いただけません）。ご注意ください。 注意事項②：SIMロックフリー端末、もしくはSIMフリー端末専用のサービスです。必ず、ご利用端末がeSIM対応かどうかご確認ください。 注意事項③：2021年10月1日以前にSIMロック解除をキャリア店頭またはインターネットでさ"", ""【チョコSIM 定額（Sプラン）】【中国の電話番号付きでアプリや施設サービスのSMS認証が可能】【データ容量】合計500MB/月【音声】合計20分間/月 データ/音声/SMS付きSIMカード 中国SIM マカオSIM China unicom ※こちらのSIMカードは契約後、毎月の基本料が発生いたします。※2024年11月1日から台湾でのご利用はできなくなり"", ""score: local=9, roaming=1""], ""network_generation"": [""product_info_cellular_4g_lte: source:product_info_cellular: 携帯電話技術 LTE"", ""product_info_cellular_4g_lte: source:product_info_cellular: 携帯電話技術 LTE""], ""review_count"": [""detail_page: (5)""], ""bestseller_rank"": [""Amazon 売れ筋ランキング 家電＆カメラ - 107,065位 ( 家電＆カメラの売れ筋ランキングを見る ) プリペイドSIMカード - 952位""], ""title"": [""【中国・香港・マカオ eSIM】10日間 5GB（九泊十日 コスパ重視） DeSiM正規卸 |LINE相談受付中 |データ通信専用（電話番号なし） simフリー端末のみ対応 説明書付 イーシム DeSiM""]}"
amazon_jp,hk,【 中国 eSIM 】4日間 無制限 本人確認不要 高速データ通信（低速なし） 中国ネット規制対象外 Line Youtube GoogleなどVPNなしで利用可能 即日発行可能 LINEで年中無休24時間サポート 中国sim 香港sim マカオsim イーシム (eSIM | 4日間無制限),1780,6,,,,,838,4일,4일,90일,local,5g_capable,,,"{""cmhk"": null, ""csl"": null, ""smartone"": null, ""three_hk"": null}","{""skt"": null, ""kt"": null, ""lgu"": null}",unlimited,https://www.amazon.co.jp/eSIM-%E9%AB%98%E9%80%9F%E3%83%87%E3%83%BC%E3%82%BF%E9%80%9A%E4%BF%A1%EF%BC%88%E4%BD%8E%E9%80%9F%E3%81%AA%E3%81%97%EF%BC%89-Google%E3%81%AA%E3%81%A9VPN%E3%81%AA%E3%81%97%E3%81%A7%E5%88%A9%E7%94%A8%E5%8F%AF%E8%83%BD-LINE%E3%81%A7%E5%B9%B4%E4%B8%AD%E7%84%A1%E4%BC%9124%E6%99%82%E9%96%93%E3%82%B5%E3%83%9D%E3%83%BC%E3%83%88-4%E6%97%A5%E9%96%93%E7%84%A1%E5%88%B6%E9%99%90/dp/B0DTYWN9BK,B0DTYWN9BK,B0DTYWN9BK,Global Simcard,アーモンド　ＳＩｍ　ｃａｒｄのストアを表示,"{""price_jpy"": [""￥1,780""], ""usage_validity"": [""【 中国 eSIM 】4日間 無制限 本人確認不要 高速データ通信（低速なし） 中国ネット規制対象外 Line Youtube GoogleなどVPNなしで利用可能 即日発行可能 LINEで年中無休24時間サポート 中国sim 香港sim マカオsim イーシム (eSIM | 4日間無制限)""], ""activation_validity"": [""【有効期限】メールで納品後、90日以内にご利用ください。""], ""data_amount"": [""【高速データ通信】完全無制限、低速度なし！！""], ""network_type"": [""【チョコSIM 定額（Sプラン）】【中国の電話番号付きでアプリや施設サービスのSMS認証が可能】【データ容量】合計500MB/月【音声】合計20分間/月 データ/音声/SMS付きSIMカード 中国SIM マカオSIM China unicom ※こちらのSIMカードは契約後、毎月の基本料が発生いたします。※2024年11月1日から台湾でのご利用はできなくなり"", ""【SKTelecoｍ公式認証】 韓国eSIM 3日間 (72時間) 電話番号付き 超高速データ無制限 最初の5分発信無料(韓国国内) お急ぎの方即時発行可(LINE相談受付中) 有効期限／ご購入日より120日以内 現地空港サポート(SKTelecomローミングセンター) SKテレコム正規品 韓国SIMカードタイプではありません"", ""score: local=6, roaming=0""], ""network_generation"": [""product_info_cellular_5g: source:product_info_cellular: 携帯電話技術 5G/4G-LTE"", ""product_info_cellular_5g: source:product_info_cellular: 携帯電話技術 5G/4G-LTE""], ""review_count"": [""detail_page: (6)""], ""bestseller_rank"": [""Amazon 売れ筋ランキング 家電＆カメラ - 89,757位 ( 家電＆カメラの売れ筋ランキングを見る ) プリペイドSIMカード - 838位""], ""title"": [""【 中国 eSIM 】4日間 無制限 本人確認不要 高速データ通信（低速なし） 中国ネット規制対象外 Line Youtube GoogleなどVPNなしで利用可能 即日発行可能 LINEで年中無休24時間サポート 中国sim 香港sim マカオsim イーシム (eSIM | 4日間無制限)""]}"
amazon_jp,hk,【香港・マカオ eSIM】5日間 2GB/毎日（四泊五日 コスパ重視） DeSiM正規卸 | LINE相談受付中 |データ通信専用（電話番号なし） | simフリー端末のみ対応 説明書付 イーシム,1670,2,,,,,1768,3일,3일,5일,local,unknown,,,"{""cmhk"": null, ""csl"": null, ""smartone"": null, ""three_hk"": null}","{""skt"": null, ""kt"": null, ""lgu"": null}",unlimited,https://www.amazon.co.jp/eSIM%E3%80%915%E6%97%A5%E9%96%93-2GB-LINE%E7%9B%B8%E8%AB%87%E5%8F%97%E4%BB%98%E4%B8%AD%EF%BD%9C%E5%BD%93%E6%97%A5%E7%99%BA%E8%A1%8C%E5%8F%AF%E8%83%BD-%E3%83%87%E3%83%BC%E3%82%BF%E9%80%9A%E4%BF%A1%E5%B0%82%E7%94%A8%EF%BC%88%E9%9B%BB%E8%A9%B1%E7%95%AA%E5%8F%B7%E3%81%AA%E3%81%97%EF%BC%89-sim%E3%83%95%E3%83%AA%E3%83%BC%E7%AB%AF%E6%9C%AB%E3%81%AE%E3%81%BF%E5%AF%BE%E5%BF%9C/dp/B0DG51T5W6,B0DG51T5W6,B0DG51T5W6,DeSiM,DeSiMのストアを表示,"{""price_jpy"": [""￥1,670""], ""usage_validity"": [""【SKTelecoｍ公式認証】 韓国eSIM 3日間 (72時間) 電話番号付き 超高速データ無制限 最初の5分発信無料(韓国国内) お急ぎの方即時発行可(LINE相談受付中) 有効期限／ご購入日より120日以内 現地空港サポート(SKTelecomローミングセンター) SKテレコム正規品 韓国SIMカードタイプではありません""], ""activation_validity"": [""【香港・マカオ eSIM】5日間 2GB/毎日（四泊五日 コスパ重視） DeSiM正規卸 | LINE相談受付中 |データ通信専用（電話番号なし） | simフリー端末のみ対応 説明書付 イーシム""], ""data_amount"": [""商品の説明 購入前の注意事項 【注意事項】 注意事項①：電話番号は付与されませんので、ご注意ください。 注意事項②：SIMロックフリー端末、もしくはSIMフリー端末専用のサービスです。必ず、ご利用端末がeSIM対応かどうかご確認ください。 注意事項③：2021年10月1日以前にSIMロック解除をキャリア店頭またはインターネットでされた「Android端末」は""], ""network_type"": [""商品の説明 購入前の注意事項 【注意事項】 注意事項①：電話番号は付与されませんので、ご注意ください。 注意事項②：SIMロックフリー端末、もしくはSIMフリー端末専用のサービスです。必ず、ご利用端末がeSIM対応かどうかご確認ください。 注意事項③：2021年10月1日以前にSIMロック解除をキャリア店頭またはインターネットでされた「Android端末」は"", ""【チョコSIM 定額（Sプラン）】【中国の電話番号付きでアプリや施設サービスのSMS認証が可能】【データ容量】合計500MB/月【音声】合計20分間/月 データ/音声/SMS付きSIMカード 中国SIM マカオSIM China unicom ※こちらのSIMカードは契約後、毎月の基本料が発生いたします。※2024年11月1日から台湾でのご利用はできなくなり"", ""score: local=12, roaming=1""], ""network_generation"": [""fallback_5g: source:image_alt: 【中国・香港・マカオ eSIM】5日間 5GB（四泊五日 コスパ重視） DeSiM正規卸 |LINE相談受付中 |データ通信専用（電話番号なし） simフリー端末のみ対応 説明書付 イーシム"", ""fallback_4g_lte: source:image_alt: 香港 マカオ ESIMプラン 4日間 完全無制限 4G-LTE 高速データ 使い放題 当日発行可能 出発前日本テスト用eSIM500MB 香港 マカオ プリペイドSIM 香港 esim 香港 マカオsim (4日間完全無制限)"", ""fallback_only_network_generation_signal""], ""review_count"": [""detail_page: (2)""], ""bestseller_rank"": [""Amazon 売れ筋ランキング 家電＆カメラ - 221,638位 ( 家電＆カメラの売れ筋ランキングを見る ) プリペイドSIMカード - 1,768位""], ""title"": [""【香港・マカオ eSIM】5日間 2GB/毎日（四泊五日 コスパ重視） DeSiM正規卸 | LINE相談受付中 |データ通信専用（電話番号なし） | simフリー端末のみ対応 説明書付 イーシム""]}"
amazon_jp,hk,台湾 TAIWAN ESIMプラン 4日間 完全無制限 4G-LTE 高速データ 使い放題 当日発行可能 出発前日本テスト用eSIM500MB 台北 高雄 プリペイドSIM 桃園 esim taiwan sim (4日間完全無制限),1680,431,,,200,,24,4일,4일,30일,local,lte_4g_only,,,"{""cmhk"": null, ""csl"": null, ""smartone"": null, ""three_hk"": null}","{""skt"": null, ""kt"": null, ""lgu"": null}",unlimited,https://www.amazon.co.jp/TAIWAN-ESIM%E3%83%97%E3%83%A9%E3%83%B3-4G-LTE-%E3%83%97%E3%83%AA%E3%83%9A%E3%82%A4%E3%83%89SIM-4%E6%97%A5%E9%96%93%E5%AE%8C%E5%85%A8%E7%84%A1%E5%88%B6%E9%99%90/dp/B0CY1JXCZ7,B0CY1JXCZ7,B0CY1JXCZ7,株式会社ビッグコネクト,bigconnectのストアを表示,"{""price_jpy"": [""￥1,680""], ""usage_validity"": [""台湾 TAIWAN ESIMプラン 4日間 完全無制限 4G-LTE 高速データ 使い放題 当日発行可能 出発前日本テスト用eSIM500MB 台北 高雄 プリペイドSIM 桃園 esim taiwan sim (4日間完全無制限)""], ""activation_validity"": [""【SimCardの有効期限】メールで納品した30日以内にご利用始めてください。該当の商品はEsimcardになります、物理SIMカードを装着するのではなく、スマートフォンやタブレット等の端末内にあらかじめ埋め込まれたチップに、インターネット経由でデータプランを書き込むことができます。物理のSIMが入っていません。""], ""data_amount"": [""【高速データ完全無制限】 通信専用Esimになります。※データ容量無制限。高速データ使い放題※現地時間の00:00-23：59区切りで、カウントされます。""], ""network_type"": [""【現地キャリア利用】台湾で使用できるeSIM、TAIWAN渡航スケジュールに対応する手軽なeSIMカード。キャリア：中華電信 、台湾では信号が広く、ネットワークが安定し、速度が速いです。eSIMのsimカードはプリペイドsimカードと違って、挿入作業不要(iPhone・androidともeSIMのQRコードを読み取って設定後すぐに使えます。）"", ""【チョコSIM 定額（Sプラン）】【中国の電話番号付きでアプリや施設サービスのSMS認証が可能】【データ容量】合計500MB/月【音声】合計20分間/月 データ/音声/SMS付きSIMカード 中国SIM マカオSIM China unicom ※こちらのSIMカードは契約後、毎月の基本料が発生いたします。※2024年11月1日から台湾でのご利用はできなくなり"", ""score: local=9, roaming=0""], ""network_generation"": [""product_info_cellular_4g_lte: source:product_info_cellular: 携帯電話技術 LTE"", ""product_info_cellular_4g_lte: source:product_info_cellular: 携帯電話技術 LTE""], ""monthly_sold_count"": [""台湾 TAIWAN eSIMプラン 4日間 完全無制限 4G-LTE 高速データ プリペイドSIM 次に移動 メインコンテンツ この商品について この商品について この商品について 購入オプション 類似商品と比較する ビデオ レビュー キーボードショートカット 検索 Alt + / カート Shift + Alt + C ホーム Shift + Alt + ""], ""review_count"": [""detail_page: (431)""], ""bestseller_rank"": [""Amazon 売れ筋ランキング 家電＆カメラ - 2,684位 ( 家電＆カメラの売れ筋ランキングを見る ) プリペイドSIMカード - 24位""], ""title"": [""台湾 TAIWAN ESIMプラン 4日間 完全無制限 4G-LTE 高速データ 使い放題 当日発行可能 出発前日本テスト用eSIM500MB 台北 高雄 プリペイドSIM 桃園 esim taiwan sim (4日間完全無制限)""]}"
amazon_jp,hk,【eSIM・返品交換無料】 香港 無制限 7日間 通信 シム SIM カード 5G 対応 使い放題 iPhone Android WIFI 返金保証 MH-BBYC-W5G4,1790,3400,,,,,29,7일,7일,,unknown,5g_capable,,,"{""cmhk"": null, ""csl"": null, ""smartone"": null, ""three_hk"": null}","{""skt"": null, ""kt"": null, ""lgu"": null}",unlimited,https://www.amazon.co.jp/%E3%80%90eSIM%E3%83%BB%E8%BF%94%E5%93%81%E4%BA%A4%E6%8F%9B%E7%84%A1%E6%96%99%E3%80%91-%E4%BD%BF%E3%81%84%E6%94%BE%E9%A1%8C-SIM%E3%82%AB%E3%83%BC%E3%83%89-iPhone-Android/dp/B0F8989MC6,B0F8989MC6,B0F8989MC6,Simmy: The Easiest eSIM App,ブランド: Simmy,"{""price_jpy"": [""￥1,790""], ""usage_validity"": [""【eSIM・返品交換無料】 香港 無制限 7日間 通信 シム SIM カード 5G 対応 使い放題 iPhone Android WIFI 返金保証 MH-BBYC-W5G4""], ""data_amount"": [""Amazon.co.jp: 【eSIM・返品交換無料】 香港 無制限 7日間 通信 シム SIM カード 5G 対応 使い放題 iPhone Android WIFI 返金保証 MH-BBYC-W5G4 : 家電＆カメラ""], ""network_type"": [""no_local_or_roaming_keyword_matched""], ""network_generation"": [""product_info_cellular_5g: source:product_info_cellular: 携帯電話技術 5G, 4G, LTE"", ""product_info_cellular_5g: source:product_info_cellular: 携帯電話技術 5G, 4G, LTE""], ""review_count"": [""detail_page: 「ちゃんと使えるか不安…」 そんな声に応え続けてきたeSIMです。 Simmyは、累計販売数7.5万人以上、130カ国のユーザーに利用され、 アプリストア評価3,400件超の実績があります。 海外旅行のプロが常駐し、24時間365日サポート。 LINE・公式チャット対応なので、トラブル時もすぐ相談できます！ アプリから残量チェック＆容量追加も可能。 旅行中の""], ""bestseller_rank"": [""Amazon 売れ筋ランキング 家電＆カメラ - 44,933位 ( 家電＆カメラの売れ筋ランキングを見る ) 定期契約SIMカード - 29位 プリペイドSIMカード - 496位""], ""title"": [""【eSIM・返品交換無料】 香港 無制限 7日間 通信 シム SIM カード 5G 対応 使い放題 iPhone Android WIFI 返金保証 MH-BBYC-W5G4""]}"
amazon_jp,hk,【esim】香港 simカード【SmarTone/HKT/3HK】4G-LTE 高速データ通信 当日発行可能 【香港 マカオ】データ使い放題 HongKong Macao ESIM データ通信専用 プリペイド SIMカード (７日間 高速データ),1380,6,,,,,2047,７일,７일,30일,local,unknown,,,"{""cmhk"": null, ""csl"": null, ""smartone"": true, ""three_hk"": true}","{""skt"": null, ""kt"": null, ""lgu"": null}",unlimited,https://www.amazon.co.jp/%E3%80%90esim%E3%80%91%E9%A6%99%E6%B8%AF-sim%E3%82%AB%E3%83%BC%E3%83%89%E3%80%90SmarTone-3HK%E3%80%914G-LTE-%E3%83%9E%E3%82%AB%E3%82%AA%E3%80%91%E3%83%87%E3%83%BC%E3%82%BF%E4%BD%BF%E3%81%84%E6%94%BE%E9%A1%8C-HongKong/dp/B0CLKHRXZN,B0CLKHRXZN,B0CLKHRXZN,Global Simcard,アーモンド　ＳＩｍ　ｃａｒｄのストアを表示,"{""price_jpy"": [""￥1,380""], ""usage_validity"": [""【esim】香港 simカード【SmarTone/HKT/3HK】4G-LTE 高速データ通信 当日発行可能 【香港 マカオ】データ使い放題 HongKong Macao ESIM データ通信専用 プリペイド SIMカード (７日間 高速データ)""], ""activation_validity"": [""✿ 【有効期限】メールでお届けした後、30日以内にご利用を開始してください。ご購入いただいた商品はeSIMカードです。このカードは物理SIMカードとは異なり、スマートフォンやタブレットなどの端末に事前に埋め込まれたチップに、インターネットを通じてデータプランを書き込むことができます。物理的なSIMカードは含まれていません。""], ""data_amount"": [""✿ 【データ容量】データ専用のeSIMカードです。※データ容量は無制限です。ただし、1日のデータ使用量が1GBに達すると、最大通信速度が128kbpsに低下します。翌日の現地時間0時には自動的に制限が解除されます。※制限は現地時間の00:00から23:59までの間に適用されます。128kbpsではビデオ通話やYouTubeなどの動画視聴は制限されますが、Go""], ""network_type"": [""【チョコSIM 定額（Sプラン）】【中国の電話番号付きでアプリや施設サービスのSMS認証が可能】【データ容量】合計500MB/月【音声】合計20分間/月 データ/音声/SMS付きSIMカード 中国SIM マカオSIM China unicom ※こちらのSIMカードは契約後、毎月の基本料が発生いたします。※2024年11月1日から台湾でのご利用はできなくなり"", ""【SKTelecoｍ公式認証】 韓国eSIM 3日間 (72時間) 電話番号付き 超高速データ無制限 最初の5分発信無料(韓国国内) お急ぎの方即時発行可(LINE相談受付中) 有効期限／ご購入日より120日以内 現地空港サポート(SKTelecomローミングセンター) SKテレコム正規品 韓国SIMカードタイプではありません"", ""score: local=6, roaming=0""], ""network_generation"": [""fallback_5g: source:image_alt: 【香港・マカオ eSIM】17日間 5GB（コスパ重視） DeSiM正規卸 | LINE相談受付中 | データ通信専用（電話番号なし） | simフリー端末のみ対応 説明書付 イーシム DeSiM"", ""fallback_4g_lte: source:meta_description: Amazon.co.jp: 【esim】香港 simカード【SmarTone/HKT/3HK】4G-LTE 高速データ通信 当日発行可能 【香港 マカオ】データ使い放題 HongKong Macao ESIM データ通信専用 プリペイド SIMカード (７日間 高速データ) : 家電＆カメラ"", ""fallback_only_network_generation_signal""], ""carrier_support_local"": [""SmarTone, 3HK: ✿ 【高速ネットワーク】香港、マカオで利用できるeSIMカードです。さらに、シンガポール、マレーシア、タイ、ベトナム、カンボジアでもご利用いただけます。東南アジアへの旅行計画に最適な手軽なeSIMカードです。主要なネットワーク事業者は以下の通りです：インドネシア、バリ島：XL、シンガポール：Sing"", ""SmarTone, 3HK: Amazon.co.jp: 【esim】香港 simカード【SmarTone/HKT/3HK】4G-LTE 高速データ通信 当日発行可能 【香港 マカオ】データ使い放題 HongKong Macao ESIM データ通信専用 プリペイド SIMカード (７日間 高速データ) : 家電＆カメラ"", ""SmarTone, 3HK: 【esim】香港 simカード【SmarTone/HKT/3HK】4G-LTE 高速データ通信 当日発行可能 【香港 マカオ】データ使い放題 HongKong Macao ESIM データ通信専用 プリペイド SIMカード (７日間 高速データ)"", ""SmarTone, 3HK: 【esim】香港 simカード【SmarTone/HKT/3HK】4G-LTE 高速データ通信 当日発行可能 【香港 マカオ】データ使い放題 HongKong Macao ESIM データ通信専用 プリペイド SIMカード (７日間 高速データ)"", ""SmarTone, 3HK: 【esim】香港 simカード【SmarTone/HKT/3HK】4G-LTE 高速データ通信 当日発行可能 【香港 マカオ】データ使い放題 HongKong Macao ESIM データ通信専用 プリペイド SIMカード (７日間 高速データ)"", ""SmarTone, 3HK: Amazon.co.jp: 【esim】香港 simカード【SmarTone/HKT/3HK】4G-LTE 高速データ通信 当日発行可能 【香港 マカオ】データ使い放題 HongKong Macao ESIM データ通信専用 プリペイド SIMカード (７日間 高速データ) : 家電＆カメラ 次に移""], ""review_count"": [""detail_page: (6)""], ""bestseller_rank"": [""Amazon 売れ筋ランキング 家電＆カメラ - 273,281位 ( 家電＆カメラの売れ筋ランキングを見る ) プリペイドSIMカード - 2,047位""], ""title"": [""【esim】香港 simカード【SmarTone/HKT/3HK】4G-LTE 高速データ通信 当日発行可能 【香港 マカオ】データ使い放題 HongKong Macao ESIM データ通信専用 プリペイド SIMカード (７日間 高速データ)""]}"
amazon_jp,hk,SIMカード アメリカ ハワイ 30日間 8GB プリペイドsim 簡単設定 説明書付 4G LTE 3in1 (標準/マイクロ/ナノ) simフリー端末のみ対応 無料通話付(アメリカ国内と香港通話50時間。日本含め10カ国への国際通話100分利用可) 挿すだけ 簡単設定 日本語サポート,2682,229,,,,,204,3일,3일,30일,unknown,lte_4g_only,,,"{""cmhk"": null, ""csl"": null, ""smartone"": null, ""three_hk"": null}","{""skt"": null, ""kt"": null, ""lgu"": null}",8GB,https://www.amazon.co.jp/sim%E3%82%AB%E3%83%BC%E3%83%89-%E3%83%97%E3%83%AA%E3%83%9A%E3%82%A4%E3%83%89sim-%E3%83%9E%E3%83%AB%E3%83%81%E3%82%AB%E3%83%83%E3%83%88sim-sim%E3%83%95%E3%83%AA%E3%83%BC%E7%AB%AF%E6%9C%AB%E3%81%AE%E3%81%BF%E5%AF%BE%E5%BF%9C-%E7%84%A1%E6%96%99%E9%80%9A%E8%A9%B1%E4%BB%98%EF%BC%88%E3%82%A2%E3%83%A1%E3%83%AA%E3%82%AB%E5%9B%BD%E5%86%85%E3%81%A8%E9%A6%99%E6%B8%AF%E9%80%9A%E8%A9%B150%E6%99%82%E9%96%93%E3%80%82%E6%97%A5%E6%9C%AC%E5%90%AB%E3%82%8110%E3%82%AB%E5%9B%BD%E3%81%B8%E3%81%AE%E5%9B%BD%E9%9A%9B%E9%80%9A%E8%A9%B1100%E5%88%86%E5%88%A9%E7%94%A8%E5%8F%AF%EF%BC%89/dp/B07NHB5M9S,B07NHB5M9S,B07NHB5M9S,株式会社DHA Corporation,DHA SIMのストアを表示,"{""price_jpy"": [""￥2,682""], ""usage_validity"": [""【SKTelecoｍ公式認証】 韓国eSIM 3日間 (72時間) 電話番号付き 超高速データ無制限 最初の5分発信無料(韓国国内) お急ぎの方即時発行可(LINE相談受付中) 有効期限／ご購入日より120日以内 現地空港サポート(SKTelecomローミングセンター) SKテレコム正規品 韓国SIMカードタイプではありません""], ""activation_validity"": [""SIMカード アメリカ ハワイ 30日間 8GB プリペイドsim 簡単設定 説明書付 4G LTE 3in1 (標準/マイクロ/ナノ) simフリー端末のみ対応 無料通話付(アメリカ国内と香港通話50時間。日本含め10カ国への国際通話100分利用可) 挿すだけ 簡単設定 日本語サポート""], ""data_amount"": [""商品の説明 【大手キャリアの通信網で高速通信！】 30日間、8GBの香港通信会社HutchisonのMNOデータ通信ローミングプリペイドSIMカードです。 AT&Tの通信網を利用した、広範囲と安定の高速通信。 【対応国】アメリカ本土、ハワイ（グアム、サイパンは除く） 【利用可能端末】SIMフリーのiPhone、スマートフォン・タブレット・WiFiルーターでご""], ""network_type"": [""local_signal: 【T-Mobile純正品】eSIM版 アメリカ ハワイ SIM 7日間【使い放題】【電話番号付き】5G/4G-LTE 高速データ通信/通話/SMS/テザリング 【アメリカ ハワイ 無制限】 プリペイド SIMカード T-Mobile esim 7da"", ""roaming_signal: 香港通信会社Hutchison(日本3大キャリアと同じポジション)のMNOデータ通信プリペイドカードです。AT&Tの通信網を利用した、広範囲と安定の高速通信。設定は簡単です：モバイルデータとデータローミングがオンだけです。APN設定は不用です。"", ""insufficient_or_conflicting_signals(local=21, roaming=7)""], ""network_generation"": [""product_info_cellular_4g_lte: source:product_info_cellular: 携帯電話技術 LTE"", ""product_info_cellular_4g_lte: source:product_info_cellular: 携帯電話技術 LTE""], ""review_count"": [""detail_page: (229)""], ""bestseller_rank"": [""Amazon 売れ筋ランキング 家電＆カメラ - 15,907位 ( 家電＆カメラの売れ筋ランキングを見る ) プリペイドSIMカード - 204位""], ""title"": [""SIMカード アメリカ ハワイ 30日間 8GB プリペイドsim 簡単設定 説明書付 4G LTE 3in1 (標準/マイクロ/ナノ) simフリー端末のみ対応 無料通話付(アメリカ国内と香港通話50時間。日本含め10カ国への国際通話100分利用可) 挿すだけ 簡単設定 日本語サポート""]}"
amazon_jp,hk,【韓国eSIM】データ通信使い放題 利用日数4日間 高速データ通信 KOREA eSIM / ※esimの為、物理SIMの発送はありません。,1630,28,,,,,13,1일,1일,4일,local,5g_capable,,,"{""cmhk"": null, ""csl"": null, ""smartone"": null, ""three_hk"": null}","{""skt"": null, ""kt"": null, ""lgu"": null}",unlimited,https://www.amazon.co.jp/%E3%80%90%E9%9F%93%E5%9B%BDeSIM%E3%80%91%E3%83%87%E3%83%BC%E3%82%BF%E9%80%9A%E4%BF%A1%E4%BD%BF%E3%81%84%E6%94%BE%E9%A1%8C-%E5%88%A9%E7%94%A8%E6%97%A5%E6%95%B04%E6%97%A5%E9%96%93-%E9%AB%98%E9%80%9F%E3%83%87%E3%83%BC%E3%82%BF%E9%80%9A%E4%BF%A1-KOREA-%E2%80%BBesim%E3%81%AE%E7%82%BA%E3%80%81%E7%89%A9%E7%90%86SIM%E3%81%AE%E7%99%BA%E9%80%81%E3%81%AF%E3%81%82%E3%82%8A%E3%81%BE%E3%81%9B%E3%82%93%E3%80%82/dp/B0GVRS5GMC,B0GVRS5GMC,B0GVRS5GMC,ブランド: Wise SIM,ブランド: Wise SIM,"{""price_jpy"": [""価格 ￥1,630 ￥999 ￥950 ￥1,280 ￥1,680 配送料 ￥1,414""], ""usage_validity"": [""■eSIMの為、SIMカードの発送はありません。QRコード付きの紙のマニュアルのみを送付致します。※eSIMはデータ商品の為、返品受付は出来ません。 ●【有効期限】2026年12月末まで －－－－－－－－－－ ●【韓国で高速データ通信】 韓国にて4日間インターネット通信が利用可能。 データ通信は止まる事無く、使い放題でご利用頂けます。 －－－－－－－－－－ ""], ""activation_validity"": [""【韓国eSIM】データ通信使い放題 利用日数4日間 高速データ通信 KOREA eSIM / ※esimの為、物理SIMの発送はありません。""], ""data_amount"": [""●【韓国で高速データ通信】 開通後4日間インターネット通信が利用可能。データ通信は止まる事無く、使い放題で利用可能です。""], ""network_type"": [""【SKTelecoｍ公式認証】韓国eSIM 4日間(96時間) 超高速データ完全無制限｜ SKT大手キャリア回線対応｜電話番号付き（無料通話5分＋SMS30通)｜ 当日メール配送 ｜4G/5G対応｜TikTok/ChatGPT対応｜テザリング対応 ｜使用ガイド付き｜365天LINEでサポート｜180日以内利用可能 韓国 sim (韓国esim4日無制限＋通話"", ""【SKTelecoｍ公式認証】 韓国eSIM 4日間 (96時間) 電話番号付き 超高速データ無制限 最初の5分発信無料(韓国国内) お急ぎの方即時発行可(LINE相談受付中) 有効期限／ご購入日より120日以内 現地空港サポート(SKTelecom"", ""score: local=12, roaming=0""], ""network_generation"": [""product_info_cellular_5g: source:product_info_cellular: 携帯電話技術 5G/4G/LTE"", ""product_info_cellular_5g: source:product_info_cellular: 携帯電話技術 5G/4G/LTE"", ""product_info_cellular_4g_lte_signal_present_but_5g_capable_takes_precedence""], ""review_count"": [""detail_page: 28""], ""bestseller_rank"": [""Amazon 売れ筋ランキング 家電＆カメラ - 1,996位 ( 家電＆カメラの売れ筋ランキングを見る ) プリペイドSIMカード - 13位""], ""title"": [""【韓国eSIM】データ通信使い放題 利用日数4日間 高速データ通信 KOREA eSIM / ※esimの為、物理SIMの発送はありません。""]}"
amazon_jp,hk,【中国eSIM】 高速データ無制限&データ通信専用 香港·マカオ対応 LINE&Google系サービス使える 当日利用可能 お急ぎのご相談は（LINEで受付中です） 旅行観光出張 way2esim (10日間 無制限),3780,24,,,,,1560,10일,10일,90일,roaming,lte_4g_only,,,"{""cmhk"": null, ""csl"": null, ""smartone"": null, ""three_hk"": null}","{""skt"": null, ""kt"": null, ""lgu"": null}",unlimited,https://www.amazon.co.jp/%E3%80%90%E4%B8%AD%E5%9B%BDeSIM%E3%80%91-%E9%AB%98%E9%80%9F%E3%83%87%E3%83%BC%E3%82%BF%E7%84%A1%E5%88%B6%E9%99%90-Google%E7%B3%BB%E3%82%B5%E3%83%BC%E3%83%93%E3%82%B9%E4%BD%BF%E3%81%88%E3%82%8B-%E3%81%8A%E6%80%A5%E3%81%8E%E3%81%AE%E3%81%94%E7%9B%B8%E8%AB%87%E3%81%AF%EF%BC%88LINE%E3%81%A7%E5%8F%97%E4%BB%98%E4%B8%AD%E3%81%A7%E3%81%99%EF%BC%89-way2esim/dp/B0GRGB1G3Y,B0GRGB1G3Y,B0GRGB1G3Y,eSIM株式会社,way2esimのストアを表示,"{""price_jpy"": [""￥3,780""], ""usage_validity"": [""【中国eSIM】 高速データ無制限&データ通信専用 香港·マカオ対応 LINE&Google系サービス使える 当日利用可能 お急ぎのご相談は（LINEで受付中です） 旅行観光出張 way2esim (10日間 無制限)""], ""activation_validity"": [""注意：①eSIM情報メール受信後90日以内にご利用ください。期限を過ぎると使用できなくなります。② eSIMをインストールした後は削除しないでください。一度削除すると、再インストールができない可能性があります。""], ""data_amount"": [""高速データ無制限(低速なし)：中国eSIMは、高速データを完全無制限でご利用いただけます。この中国eSIMはデータ通信専用で、電話番号は含まれておりません。""], ""network_type"": [""中国本土旅行者向けeSIMカード、10日間プラン、2GBデータ使い放題、高速4/5G、ローミング料金無料 | 中国旅行に最適"", ""【DeSiM】シンガポール3日間無制限+eSIMテストサービス付き【セット】完全予約制 | 海外旅行出国前事前テストeSIMサービス - DeSiM - 渡航前の不安を解消！ | Wi-Fi使用が面倒、ローミング料金が高い、SIMやeSIMの設定が不安な方に V4"", ""score: local=0, roaming=3""], ""network_generation"": [""product_info_cellular_4g_lte: source:product_info_cellular: 携帯電話技術 LTE"", ""product_info_cellular_4g_lte: source:product_info_cellular: 携帯電話技術 LTE""], ""review_count"": [""detail_page: (24)""], ""bestseller_rank"": [""Amazon 売れ筋ランキング 家電＆カメラ - 193,813位 ( 家電＆カメラの売れ筋ランキングを見る ) プリペイドSIMカード - 1,560位""], ""title"": [""【中国eSIM】 高速データ無制限&データ通信専用 香港·マカオ対応 LINE&Google系サービス使える 当日利用可能 お急ぎのご相談は（LINEで受付中です） 旅行観光出張 way2esim (10日間 無制限)""]}"
amazon_jp,hk,アジア太平洋11カ国 シンガポール・タイ・ベトナム・マレーシア eSIM 10日間 データ使い放題 10GBまで高速 Jet Sim 無制限 10日 ジェットシム,1880,15,,,,,291,10일,10일,30일,unknown,5g_capable,,,"{""cmhk"": null, ""csl"": null, ""smartone"": null, ""three_hk"": null}","{""skt"": null, ""kt"": null, ""lgu"": null}",1GB/day,https://www.amazon.co.jp/%E3%82%A2%E3%82%B8%E3%82%A2%E5%A4%AA%E5%B9%B3%E6%B4%8B11%E3%82%AB%E5%9B%BD-%E3%82%B7%E3%83%B3%E3%82%AC%E3%83%9D%E3%83%BC%E3%83%AB%E3%83%BB%E3%82%BF%E3%82%A4%E3%83%BB%E3%83%99%E3%83%88%E3%83%8A%E3%83%A0%E3%83%BB%E3%83%9E%E3%83%AC%E3%83%BC%E3%82%B7%E3%82%A2-10%E6%97%A5%E9%96%93-%E3%83%87%E3%83%BC%E3%82%BF%E4%BD%BF%E3%81%84%E6%94%BE%E9%A1%8C-10GB%E3%81%BE%E3%81%A7%E9%AB%98%E9%80%9F/dp/B0FWWJG5JM,B0FWWJG5JM,B0FWWJG5JM,ジェスロモバイル,JETSIMのストアを表示,"{""price_jpy"": [""￥1,880""], ""usage_validity"": [""アジア太平洋11カ国 シンガポール・タイ・ベトナム・マレーシア eSIM 10日間 データ使い放題 10GBまで高速 Jet Sim 無制限 10日 ジェットシム""], ""activation_validity"": [""商品の説明 購入後すぐにeSIMを使えますか？ はい、すぐにご利用いただけます。スムーズにご利用いただくために、申請フォームのご提出をお願いいたします。 eSIMのアクティベーションは必要ですか？ アクティベーションは不要です。eSIMをスマートフォンに追加すれば、現地に到着次第、自動的に接続されます！ 複数の国で利用できるプランは国をまたいで移動する際も、""], ""data_amount"": [""【データ無制限】 アジア太平洋11カ国 シンガポール・タイ・ベトナム・マレーシア等で10日間、5G/4G-LTE高速データ10GB。その後もデータ通信の利用が可能。テザリング対応。高速データ1日1GBまで。""], ""network_type"": [""no_local_or_roaming_keyword_matched""], ""network_generation"": [""product_info_cellular_5g: source:product_info_cellular: 携帯電話技術 LTE, 5G"", ""product_info_cellular_5g: source:product_info_cellular: 携帯電話技術 LTE, 5G"", ""product_info_cellular_4g_lte_signal_present_but_5g_capable_takes_precedence""], ""review_count"": [""detail_page: (15)""], ""bestseller_rank"": [""Amazon 売れ筋ランキング 家電＆カメラ - 24,048位 ( 家電＆カメラの売れ筋ランキングを見る ) プリペイドSIMカード - 291位""], ""title"": [""アジア太平洋11カ国 シンガポール・タイ・ベトナム・マレーシア eSIM 10日間 データ使い放題 10GBまで高速 Jet Sim 無制限 10日 ジェットシム""]}"
amazon_jp,hk,【Jet Sim】シンガポール SIM 5日間 データ使い放題 無制限 プリペイドSIM,1311,1,,,,,2941,5일,5일,30일,local,5g_capable,,,"{""cmhk"": null, ""csl"": null, ""smartone"": null, ""three_hk"": null}","{""skt"": null, ""kt"": null, ""lgu"": null}",unlimited,https://www.amazon.co.jp/%E3%80%90Jet-Sim%E3%80%91%E3%82%B7%E3%83%B3%E3%82%AC%E3%83%9D%E3%83%BC%E3%83%AB-5%E6%97%A5%E9%96%93-%E3%83%87%E3%83%BC%E3%82%BF%E4%BD%BF%E3%81%84%E6%94%BE%E9%A1%8C-%E3%83%97%E3%83%AA%E3%83%9A%E3%82%A4%E3%83%89eSIM/dp/B0F1Y4BKF4,B0F1Y4BKF4,B0F1Y4BKF4,ジェスロモバイル,JETSIMのストアを表示,"{""price_jpy"": [""￥1,311""], ""usage_validity"": [""【Jet Sim】シンガポール SIM 5日間 データ使い放題 無制限 プリペイドSIM""], ""activation_validity"": [""商品の説明 購入後すぐにeSIMを使えますか？ はい、すぐにご利用いただけます。スムーズにご利用いただくために、申請フォームのご提出をお願いいたします。 eSIMのアクティベーションは必要ですか？ アクティベーションは不要です。eSIMをスマートフォンに追加すれば、現地に到着次第、自動的に接続されます！ 複数の国で利用できるプランは国をまたいで移動する際も、""], ""data_amount"": [""【データ無制限】シンガポールで5日間 5G/4G-LTE 高速データが完全無制限。デザリング可能。""], ""network_type"": [""【チョコSIM 定額（Sプラン）】【中国の電話番号付きでアプリや施設サービスのSMS認証が可能】【データ容量】合計500MB/月【音声】合計20分間/月 データ/音声/SMS付きSIMカード 中国SIM マカオSIM China unicom ※こちらのSIMカードは契約後、毎月の基本料が発生いたします。※2024年11月1日から台湾でのご利用はできなくなり"", ""【SKTelecoｍ公式認証】 韓国eSIM 3日間 (72時間) 電話番号付き 超高速データ無制限 最初の5分発信無料(韓国国内) お急ぎの方即時発行可(LINE相談受付中) 有効期限／ご購入日より120日以内 現地空港サポート(SKTelecomローミングセンター) SKテレコム正規品 韓国SIMカードタイプではありません"", ""score: local=6, roaming=1""], ""network_generation"": [""product_detail_5g: source:feature_bullets: 【データ無制限】シンガポールで5日間 5G/4G-LTE 高速データが完全無制限。デザリング可能。""], ""review_count"": [""detail_page: 1""], ""bestseller_rank"": [""Amazon 売れ筋ランキング 家電＆カメラ - 448,442位 ( 家電＆カメラの売れ筋ランキングを見る ) プリペイドSIMカード - 2,941位""], ""title"": [""【Jet Sim】シンガポール SIM 5日間 データ使い放題 無制限 プリペイドSIM""]}"
amazon_jp,hk,【コード入力で事務手数料不要】 UQ mobile ウェルカムパッケージ/[SIMカード/eSIM共通]/iPhone 17e iPhone 17 シリーズ iPhone Air動作確認済み/[iPhone/Android対応]/au回線,350,1751,,,,,3,30일,30일,31일,local,unknown,,,"{""cmhk"": null, ""csl"": null, ""smartone"": null, ""three_hk"": null}","{""skt"": null, ""kt"": null, ""lgu"": null}",35GB,https://www.amazon.co.jp/dp/B07YBZ3D22,B07YBZ3D22,B07YBZ3D22,"Amazon.com Sales, Inc.",UQ mobileのストアを表示,"{""price_jpy"": [""￥350""], ""usage_validity"": [""商品紹介 本商品をご利用いただいた場合、UQ mobileご契約時の事務手数料が不要です。 本商品ご購入後に届く当社が定めるコード（エントリーコード）を、専用のURLで利用していただく必要があります。 エントリーコード 本商品ご購入後にエントリーコードをお届けします。エントリーコードの有効期限は最短3か月間～最長6か月間で、ご購入の時期によって異なります。 ""], ""activation_validity"": [""商品紹介 本商品をご利用いただいた場合、UQ mobileご契約時の事務手数料が不要です。 本商品ご購入後に届く当社が定めるコード（エントリーコード）を、専用のURLで利用していただく必要があります。 エントリーコード 本商品ご購入後にエントリーコードをお届けします。エントリーコードの有効期限は最短3か月間～最長6か月間で、ご購入の時期によって異なります。 ""], ""data_amount"": [""商品紹介 本商品をご利用いただいた場合、UQ mobileご契約時の事務手数料が不要です。 本商品ご購入後に届く当社が定めるコード（エントリーコード）を、専用のURLで利用していただく必要があります。 エントリーコード 本商品ご購入後にエントリーコードをお届けします。エントリーコードの有効期限は最短3か月間～最長6か月間で、ご購入の時期によって異なります。 ""], ""network_type"": [""【チャージで延長も可能】中国電話番号付き（30分/SMS30通）！シーズンSIM（中国本土・香港・日本・韓国で利用可能）90日間6GBデータ高速通信 プリペイドSIMカード 面倒な契約不要 Chinaunicom (通常版)Google、Facebook、Instagram、LINEなどSNSに接続可能。※台湾での利用はできません。※香港ではデータ通信のみ通"", ""score: local=3, roaming=0""], ""network_generation"": [""fallback_5g: source:image_alt: 【Amazon.co.jp 限定】【SIM用】【iPhone 17シリーズ動作確認済み】Y!mobile(ワイモバイル) 事務手数料4,950円（SHOP等の場合）が3,850円になるエントリーコード ダウンロード版 5G対応 格安SIM"", ""fallback_4g_lte: source:image_alt: 【Docomo回線】 90日間50GB 5G/4G/LTE対応 プリペイドSIM 日本国内用 データ通信専用 物理SIM 大容量 simフリー端末対応 3in1(標準/マイクロ/ナノ マルチ対応) ピン付き 使い捨てSIM 契約不要 残量確認可 設定簡単 年中無休 多言語安心サポート 観光旅行/一時帰国/出張/simカード"", ""fallback_only_network_generation_signal""], ""review_count"": [""detail_page: (1,751)""], ""bestseller_rank"": [""Amazon 売れ筋ランキング: PCソフト - 15位 ( PCソフトの売れ筋ランキングを見る ) 携帯電話ソフト - 3位 定期契約SIMカード - 4位""], ""title"": [""【コード入力で事務手数料不要】 UQ mobile ウェルカムパッケージ/[SIMカード/eSIM共通]/iPhone 17e iPhone 17 シリーズ iPhone Air動作確認済み/[iPhone/Android対応]/au回線""]}"
amazon_jp,hk,【中国本土eSIM】3日間 完全無制限 高速データ通信 中国SIM eSIM 中国流量カード｜5G/4G-LTE 当日発行可能 実名登録不要｜Google LINE YouTubeなどVPNなしで利用可能 中国SIMカード プリペイド SIM eSIM｜旅行・出張・留学｜中国ネット規制対象外 流量カード中国 China esimカード,950,64,,,50,,158,1일,1일,3일,unknown,5g_capable,,,"{""cmhk"": null, ""csl"": null, ""smartone"": true, ""three_hk"": true}","{""skt"": null, ""kt"": null, ""lgu"": null}",4GB/day,https://www.amazon.co.jp/%E3%80%90%E4%B8%AD%E5%9B%BD%E6%9C%AC%E5%9C%9FeSIM%E3%80%913%E6%97%A5%E9%96%93-%E4%B8%AD%E5%9B%BD%E6%B5%81%E9%87%8F%E3%82%AB%E3%83%BC%E3%83%89%EF%BD%9C%E5%BD%93%E6%97%A5%E7%99%BA%E8%A1%8C%E5%8F%AF%E8%83%BD-%E5%AE%9F%E5%90%8D%E7%99%BB%E9%8C%B2%E4%B8%8D%E8%A6%81%EF%BD%9CGoogle-YouTube%E3%81%AA%E3%81%A9VPN%E3%81%AA%E3%81%97%E3%81%A7%E5%88%A9%E7%94%A8%E5%8F%AF%E8%83%BD-eSIM%EF%BD%9C%E6%97%85%E8%A1%8C%E3%83%BB%E5%87%BA%E5%BC%B5%E3%83%BB%E7%95%99%E5%AD%A6%EF%BD%9C%E4%B8%AD%E5%9B%BD%E3%83%8D%E3%83%83%E3%83%88%E8%A6%8F%E5%88%B6%E5%AF%BE%E8%B1%A1%E5%A4%96/dp/B0F5W81JM1,B0F5W81JM1,B0F5W81JM1,Global Travel SIM Card,onetoneのストアを表示,"{""price_jpy"": [""￥950""], ""usage_validity"": [""【有効期限について】eSIM カードはアクティベーション前の有効期限が 365 日です。アクティベーション後の有効期間は購入した日数と一致し、24 時間を 1 日として計算されます。毎日 4GB の高速データを利用可能。使い切った後もデータ無制限で継続利用でき、速度は約 512kbps になります""], ""activation_validity"": [""【中国本土eSIM】3日間 完全無制限 高速データ通信 中国SIM eSIM 中国流量カード｜5G/4G-LTE 当日発行可能 実名登録不要｜Google LINE YouTubeなどVPNなしで利用可能 中国SIMカード プリペイド SIM eSIM｜旅行・出張・留学｜中国ネット規制対象外 流量カード中国 China esimカード""], ""data_amount"": [""【有効期限について】eSIM カードはアクティベーション前の有効期限が 365 日です。アクティベーション後の有効期間は購入した日数と一致し、24 時間を 1 日として計算されます。毎日 4GB の高速データを利用可能。使い切った後もデータ無制限で継続利用でき、速度は約 512kbps になります""], ""network_type"": [""local_signal: 【チョコSIM 定額（Sプラン）】【中国の電話番号付きでアプリや施設サービスのSMS認証が可能】【データ容量】合計500MB/月【音声】合計20分間/月 データ/音声/SMS付きSIMカード 中国SIM マカオSIM China unicom ※こちらのSIMカードは契約後、毎月の基本料が発生いたします。※2024年11月1日から台湾でのご利用はできなくなり"", ""roaming_signal: 商品の説明 注意事項： 1. eSIMが提供する機能とサービス 現在のeSIMはデータ通信のみサポートしており、音声通話およびSMS機能はサポートしていません。 2. スマートフォンがeSIMをサポートしているかどうかの確認方法 「通話」画面で`*#06#`を入力すると、EID情報が表示されます。これはスマートフォンがeSIMのインストールをサポートしている"", ""insufficient_or_conflicting_signals(local=6, roaming=4)""], ""network_generation"": [""product_info_cellular_5g: source:product_info_cellular: 携帯電話技術 5G, 4G LTE"", ""product_info_cellular_5g: source:product_info_cellular: 携帯電話技術 5G, 4G LTE""], ""carrier_support_local"": [""SmarTone, 3HK: サービスプロバイダ China Unicom/smartone/3HK"", ""SmarTone, 3HK: Amazon.co.jp: 【中国本土eSIM】3日間 完全無制限 高速データ通信 中国SIM eSIM 中国流量カード｜5G/4G-LTE 当日発行可能 実名登録不要｜Google LINE YouTubeなどVPNなしで利用可能 中国SIMカード プリペイド SIM eSIM｜旅行・出張・留学｜""], ""monthly_sold_count"": [""Amazon.co.jp: 【中国本土eSIM】3日間 完全無制限 高速データ通信 中国SIM eSIM 中国流量カード｜5G/4G-LTE 当日発行可能 実名登録不要｜Google LINE YouTubeなどVPNなしで利用可能 中国SIMカード プリペイド SIM eSIM｜旅行・出張・留学｜中国ネット規制対象外 流量カード中国 China esimカ""], ""review_count"": [""detail_page: (64)""], ""bestseller_rank"": [""Amazon 売れ筋ランキング 家電＆カメラ - 11,539位 ( 家電＆カメラの売れ筋ランキングを見る ) プリペイドSIMカード - 158位""], ""title"": [""【中国本土eSIM】3日間 完全無制限 高速データ通信 中国SIM eSIM 中国流量カード｜5G/4G-LTE 当日発行可能 実名登録不要｜Google LINE YouTubeなどVPNなしで利用可能 中国SIMカード プリペイド SIM eSIM｜旅行・出張・留学｜中国ネット規制対象外 流量カード中国 China esimカード""]}"
amazon_jp,hk,トラベルコネクト 4G/5G 香港SIMカード - 5日間、毎日5GBの高速データ、通話やSMSなし | 観光客やビジネス旅行者、ローミング向けのプリペイド旅行SIM,1909,3,,,,,2441,3일,3일,5일,unknown,lte_4g_only,,,"{""cmhk"": null, ""csl"": null, ""smartone"": null, ""three_hk"": null}","{""skt"": null, ""kt"": null, ""lgu"": null}",5GB,https://www.amazon.co.jp/%E3%83%88%E3%83%A9%E3%83%99%E3%83%AB%E3%82%B3%E3%83%8D%E3%82%AF%E3%83%88-4G-%E9%A6%99%E6%B8%AFSIM%E3%82%AB%E3%83%BC%E3%83%89-5%E6%97%A5%E9%96%93%E3%80%81%E6%AF%8E%E6%97%A55GB%E3%81%AE%E9%AB%98%E9%80%9F%E3%83%87%E3%83%BC%E3%82%BF%E3%80%81%E9%80%9A%E8%A9%B1%E3%82%84SMS%E3%81%AA%E3%81%97-%E8%A6%B3%E5%85%89%E5%AE%A2%E3%82%84%E3%83%93%E3%82%B8%E3%83%8D%E3%82%B9%E6%97%85%E8%A1%8C%E8%80%85%E3%80%81%E3%83%AD%E3%83%BC%E3%83%9F%E3%83%B3%E3%82%B0%E5%90%91%E3%81%91%E3%81%AE%E3%83%97%E3%83%AA%E3%83%9A%E3%82%A4%E3%83%89%E6%97%85%E8%A1%8CSIM/dp/B0F2FZP2DM,B0F2FZP2DM,B0F2FZP2DM,Mossroam,mossroamのストアを表示,"{""price_jpy"": [""￥1,909""], ""usage_validity"": [""大中華区SIMカード-中国、香港、マカオ、台湾向けプリペイドデータプラン｜1 GB毎日データ、3日有効期限｜高速4/5 G LTE｜旅行者に最適""], ""activation_validity"": [""トラベルコネクト 4G/5G 香港SIMカード - 5日間、毎日5GBの高速データ、通話やSMSなし | 観光客やビジネス旅行者、ローミング向けのプリペイド旅行SIM""], ""data_amount"": [""型番 5GB Day pass,5 Days""], ""network_type"": [""local_signal: 【SKTelecoｍ公式認証】 韓国eSIM 3日間 (72時間) 電話番号付き 超高速データ無制限 最初の5分発信無料(韓国国内) お急ぎの方即時発行可(LINE相談受付中) 有効期限／ご購入日より120日以内 現地空港サポート(SKTelecomローミングセンター) SKテレコム正規品 韓国SIMカードタイプではありません"", ""roaming_signal: トラベルコネクト 4G/5G 香港SIMカード - 5日間、毎日5GBの高速データ、通話やSMSなし | 観光客やビジネス旅行者、ローミング向けのプリペイド旅行SIM"", ""insufficient_or_conflicting_signals(local=3, roaming=11)""], ""network_generation"": [""product_info_cellular_4g_lte: source:product_info_cellular: 携帯電話技術 LTE"", ""product_info_cellular_4g_lte: source:product_info_cellular: 携帯電話技術 LTE""], ""review_count"": [""detail_page: (3)""], ""bestseller_rank"": [""Amazon 売れ筋ランキング 家電＆カメラ - 340,863位 ( 家電＆カメラの売れ筋ランキングを見る ) プリペイドSIMカード - 2,441位""], ""title"": [""トラベルコネクト 4G/5G 香港SIMカード - 5日間、毎日5GBの高速データ、通話やSMSなし | 観光客やビジネス旅行者、ローミング向けのプリペイド旅行SIM""]}"
amazon_jp,hk,【香港・マカオ eSIM】18日間 10GB（コスパ重視） DeSiM正規卸 | LINE相談受付中 | データ通信専用（電話番号なし） | simフリー端末のみ対応 説明書付 イーシム DeSiM,2620,2,,,,,751,18일,18일,90일,unknown,unknown,,,"{""cmhk"": null, ""csl"": null, ""smartone"": null, ""three_hk"": null}","{""skt"": null, ""kt"": null, ""lgu"": null}",10GB,https://www.amazon.co.jp/10GB%EF%BC%88%E3%82%B3%E3%82%B9%E3%83%91%E9%87%8D%E8%A6%96%EF%BC%89-LINE%E7%9B%B8%E8%AB%87%E5%8F%97%E4%BB%98%E4%B8%AD%EF%BD%9C%E5%BD%93%E6%97%A5%E7%99%BA%E8%A1%8C%E5%8F%AF%E8%83%BD-%E3%83%87%E3%83%BC%E3%82%BF%E9%80%9A%E4%BF%A1%E5%B0%82%E7%94%A8%EF%BC%88%E9%9B%BB%E8%A9%B1%E7%95%AA%E5%8F%B7%E3%81%AA%E3%81%97%EF%BC%89-sim%E3%83%95%E3%83%AA%E3%83%BC%E7%AB%AF%E6%9C%AB%E3%81%AE%E3%81%BF%E5%AF%BE%E5%BF%9C-DeSiM/dp/B0F1DXVLX7,B0F1DXVLX7,B0F1DXVLX7,DeSiM,DeSiMのストアを表示,"{""price_jpy"": [""￥2,620""], ""usage_validity"": [""【香港・マカオ eSIM】18日間 10GB（コスパ重視） DeSiM正規卸 | LINE相談受付中 | データ通信専用（電話番号なし） | simフリー端末のみ対応 説明書付 イーシム DeSiM""], ""activation_validity"": [""【アメリカeSIM】7日間 高速データ無制限使い放題 当日利用可能&有効期限90日間 5G高速データ通信専用 説明書付 LINEで年中無休&24時間サポート アメリカ sim ハワイsim プリペイドsim Tiktok&ChatGPT使用可能 America sim way2esim""], ""data_amount"": [""【香港・マカオ eSIM】18日間 10GB（コスパ重視） DeSiM正規卸 | LINE相談受付中｜当日発行可能 | データ通信専用（電話番号なし） | simフリー端末のみ対応 説明書付 イーシム DeSiM""], ""network_type"": [""roaming_signal: 【DeSiM】シンガポール3日間無制限+eSIMテストサービス付き【セット】完全予約制 | 海外旅行出国前事前テストeSIMサービス - DeSiM - 渡航前の不安を解消！ | Wi-Fi使用が面倒、ローミング料金が高い、SIMやeSIMの設定が不安な方に V4"", ""insufficient_or_conflicting_signals(local=0, roaming=1)""], ""network_generation"": [""fallback_5g: source:image_alt: 【香港・マカオ eSIM】7日間 5GB（六泊七日 コスパ重視） DeSiM正規卸 | LINE相談受付中 | データ通信専用（電話番号なし） | simフリー端末のみ対応 説明書付 イーシム DeSiM"", ""fallback_only_network_generation_signal""], ""review_count"": [""detail_page: (2)""], ""bestseller_rank"": [""Amazon 売れ筋ランキング 家電＆カメラ - 78,735位 ( 家電＆カメラの売れ筋ランキングを見る ) プリペイドSIMカード - 751位""], ""title"": [""【香港・マカオ eSIM】18日間 10GB（コスパ重視） DeSiM正規卸 | LINE相談受付中 | データ通信専用（電話番号なし） | simフリー端末のみ対応 説明書付 イーシム DeSiM""]}"
amazon_jp,hk,【香港 eSIM】高速定額データ通信 低速使い放題 CSL/3/smartone キャリア 当日発行可能 香港 プリペイド simカード 香港 sim (3日間3GB高速データ),980,1,,,,,2801,3일,3일,90일,unknown,lte_4g_only,,,"{""cmhk"": null, ""csl"": true, ""smartone"": true, ""three_hk"": null}","{""skt"": null, ""kt"": null, ""lgu"": null}",unlimited,https://www.amazon.co.jp/eSIM%E3%80%91%E9%AB%98%E9%80%9F%E5%AE%9A%E9%A1%8D%E3%83%87%E3%83%BC%E3%82%BF%E9%80%9A%E4%BF%A1-%E4%BD%8E%E9%80%9F%E4%BD%BF%E3%81%84%E6%94%BE%E9%A1%8C-smartone-%E5%BD%93%E6%97%A5%E7%99%BA%E8%A1%8C%E5%8F%AF%E8%83%BD-3%E6%97%A5%E9%96%933GB%E9%AB%98%E9%80%9F%E3%83%87%E3%83%BC%E3%82%BF/dp/B0D2B4XV8Z,B0D2B4XV8Z,B0D2B4XV8Z,Global Simcard,アーモンド　ＳＩｍ　ｃａｒｄのストアを表示,"{""price_jpy"": [""￥980""], ""usage_validity"": [""【香港 eSIM】高速定額データ通信 低速使い放題 CSL/3/smartone キャリア 当日発行可能 香港 プリペイド simカード 香港 sim (3日間3GB高速データ)""], ""activation_validity"": [""✿【有効期限】メールで納品後、90日以内にご利用ください。""], ""data_amount"": [""✿【データ容量】データは無制限ですが、利用期間内のデータ使用量が定額高速GB数に達した場合、最大通信速度が128kbpsに制限されます。翌日の現地時間0時に制限が解除されます。※使用量は現地時間の00:00から23:59までカウントされます。""], ""network_type"": [""local_signal: 【チャージで延長も可能】中国電話番号付き（30分/SMS30通）！シーズンSIM（中国本土・香港・日本・韓国で利用可能）90日間6GBデータ高速通信 プリペイドSIMカード 面倒な契約不要 Chinaunicom (通常版)Google、Facebook、Instagram、LINEなどSNSに接続可能。※台湾での利用はできません。※香港ではデータ通信のみ通"", ""roaming_signal: ✿【対応端末】SIMフリースマートフォンとeSIM対応端末のみです。※QRコードをスキャンするだけで、eSIM回線をダウンロードし、現地到着後にはすぐにデータ通信が可能です。データ通信ローミングを現地に到着後ON に設定お願い致します。"", ""insufficient_or_conflicting_signals(local=9, roaming=3)""], ""network_generation"": [""product_info_cellular_4g_lte: source:product_info_cellular: 携帯電話技術 4G-LTE"", ""product_info_cellular_4g_lte: source:product_info_cellular: 携帯電話技術 4G-LTE""], ""carrier_support_local"": [""CSL, SmarTone: ✿【キャリア】CSL/3/smartone 。香港で安定した通信エリアと高速データを提供しています。"", ""CSL, SmarTone: ✿【eSIM取得方法】必ず！！！ご注文された後、通常は注文日を含む1日以内に、http://jp.www.mewfi.com/esimにて注文番号とメールアドレスを入力することで、eSIMのQRコードと設定方法がメールで送られます。もし急ぎでQRコードが必要な場合は、お支払い完了後にカスタマーサポー"", ""CSL, SmarTone: Amazon.co.jp: 【香港 eSIM】高速定額データ通信 低速使い放題 CSL/3/smartone キャリア 当日発行可能 香港 プリペイド simカード 香港 sim (3日間3GB高速データ) : 家電＆カメラ"", ""CSL, SmarTone: 【香港 eSIM】高速定額データ通信 低速使い放題 CSL/3/smartone キャリア 当日発行可能 香港 プリペイド simカード 香港 sim (3日間3GB高速データ)"", ""CSL, SmarTone: 【香港 eSIM】高速定額データ通信 低速使い放題 CSL/3/smartone キャリア 当日発行可能 香港 プリペイド simカード 香港 sim (3日間3GB高速データ)"", ""CSL, SmarTone: 【香港 eSIM】高速定額データ通信 低速使い放題 CSL/3/smartone キャリア 当日発行可能 香港 プリペイド simカード 香港 sim (3日間3GB高速データ)"", ""CSL, SmarTone: Amazon.co.jp: 【香港 eSIM】高速定額データ通信 低速使い放題 CSL/3/smartone キャリア 当日発行可能 香港 プリペイド simカード 香港 sim (3日間3GB高速データ) : 家電＆カメラ 次に移動 メインコンテンツ この商品について この商品について この商品に""], ""review_count"": [""detail_page: (1)""], ""bestseller_rank"": [""Amazon 売れ筋ランキング 家電＆カメラ - 415,339位 ( 家電＆カメラの売れ筋ランキングを見る ) プリペイドSIMカード - 2,801位""], ""title"": [""【香港 eSIM】高速定額データ通信 低速使い放題 CSL/3/smartone キャリア 当日発行可能 香港 プリペイド simカード 香港 sim (3日間3GB高速データ)""]}"
amazon_jp,hk,【中国eSIM】中国本土 香港 マカオ対応 5日間 無制限高速データ（低速なし）｜ 即日発行・すぐ使える｜Google、LINE、YouTubeなどVPNなしで利用可能・実名登録不要｜24時間LINEサポート 香港 sim 中国 sim (4日間),1680,204,,,,,,5일,5일,90일,unknown,5g_capable,,,"{""cmhk"": null, ""csl"": null, ""smartone"": null, ""three_hk"": true}","{""skt"": null, ""kt"": null, ""lgu"": null}",unlimited,https://www.amazon.co.jp/%E3%80%90%E4%B8%AD%E5%9B%BDeSIM%E3%80%91%E4%B8%AD%E5%9B%BD%E6%9C%AC%E5%9C%9F-%E3%83%9E%E3%82%AB%E3%82%AA%E5%AF%BE%E5%BF%9C-%E7%84%A1%E5%88%B6%E9%99%90%E9%AB%98%E9%80%9F%E3%83%87%E3%83%BC%E3%82%BF%EF%BC%88%E4%BD%8E%E9%80%9F%E3%81%AA%E3%81%97%EF%BC%89%EF%BD%9C-%E5%8D%B3%E6%97%A5%E7%99%BA%E8%A1%8C%E3%83%BB%E3%81%99%E3%81%90%E4%BD%BF%E3%81%88%E3%82%8B%EF%BD%9CGoogle%E3%80%81LINE%E3%80%81YouTube%E3%81%AA%E3%81%A9VPN%E3%81%AA%E3%81%97%E3%81%A7%E5%88%A9%E7%94%A8%E5%8F%AF%E8%83%BD%E3%83%BB%E5%AE%9F%E5%90%8D%E7%99%BB%E9%8C%B2%E4%B8%8D%E8%A6%81%EF%BD%9C24%E6%99%82%E9%96%93LINE%E3%82%B5%E3%83%9D%E3%83%BC%E3%83%88-4%E6%97%A5%E9%96%93/dp/B0FTSBHC1G,B0FTSBHC1G,B0FTSBHC1G,Global eSIMshop,ブランド: PLUG TO GO,"{""price_jpy"": [""￥1,680""], ""usage_validity"": [""【中国eSIM】中国本土 香港 マカオ対応 5日間 無制限高速データ（低速なし）｜ 即日発行・すぐ使える｜Google、LINE、YouTubeなどVPNなしで利用可能・実名登録不要｜24時間LINEサポート 香港 sim 中国 sim (4日間)""], ""activation_validity"": [""【有効期限】 eSIM QRコードの有効期限は受け取りから90日間です。""], ""data_amount"": [""【高速データ】データ通信専用のeSIMです。高速データ容量は無制限で完全使い放題。本人確認やSIMカード認証も不要で、1〜30日間の利用期間を選択できます。""], ""network_type"": [""local_signal: 【Almond SIM】 ベトナム 5日間 完全無制限 電話番号付き｜純正Vietnamobile キャリア ｜ホーチミン・ハノイなど 対応｜LINEで24時間サポート｜4G-LTE対応 プリペイドsim ｜Vietnam simカード (物理sim/5日間)"", ""roaming_signal: 【中国ネット規制なし】 中国本土では香港回線をローミング利用するため、中国政府のネット規制対象外。Google、LINE、Facebook、Twitter、YouTube、Instagramなど主要サービスがVPN不要でそのままご利用いただけます。"", ""insufficient_or_conflicting_signals(local=6, roaming=2)""], ""network_generation"": [""product_info_cellular_5g: source:product_info_cellular: 携帯電話技術 5G/4G"", ""product_info_cellular_5g: source:product_info_cellular: 携帯電話技術 5G/4G""], ""carrier_support_local"": [""3HK: サービスプロバイダ China Telecom/3HK/CTM"", ""3HK: Amazon.co.jp: 【中国eSIM】中国本土 香港 マカオ対応 5日間 無制限高速データ（低速なし）｜ 即日発行・すぐ使える｜Google、LINE、YouTubeなどVPNなしで利用可能・実名登録不要｜24時間LINEサポート 香港 sim 中国 sim (4日間) : 家電＆カメラ 次に""], ""review_count"": [""detail_page: 204""], ""title"": [""【中国eSIM】中国本土 香港 マカオ対応 5日間 無制限高速データ（低速なし）｜ 即日発行・すぐ使える｜Google、LINE、YouTubeなどVPNなしで利用可能・実名登録不要｜24時間LINEサポート 香港 sim 中国 sim (4日間)""]}"
amazon_jp,hk,香港 マカオeSIM 3日間 4G-LTE 高速データ 使い放題 完全無制限 即日発行可能 ESIMプラン 香港esim 香港sim マカオesim マカオsim プリペイド SIMカード Hong Kong Macau ESIM (3日間 完全無制限),1580,6,,,,,2009,3일,3일,90일,roaming,unknown,,,"{""cmhk"": null, ""csl"": null, ""smartone"": true, ""three_hk"": true}","{""skt"": null, ""kt"": null, ""lgu"": null}",unlimited,https://www.amazon.co.jp/%E3%83%9E%E3%82%AB%E3%82%AAeSIM-3%E6%97%A5%E9%96%93-%E5%AE%8C%E5%85%A8%E7%84%A1%E5%88%B6%E9%99%90-ESIM%E3%83%97%E3%83%A9%E3%83%B3-%E3%83%9E%E3%82%AB%E3%82%AAesim/dp/B0CQ2RNZZZ,B0CQ2RNZZZ,B0CQ2RNZZZ,Global Simcard,アーモンド　ＳＩｍ　ｃａｒｄのストアを表示,"{""price_jpy"": [""￥1,580""], ""usage_validity"": [""香港 マカオeSIM 3日間 4G-LTE 高速データ 使い放題 完全無制限 即日発行可能 ESIMプラン 香港esim 香港sim マカオesim マカオsim プリペイド SIMカード Hong Kong Macau ESIM (3日間 完全無制限)""], ""activation_validity"": [""✿【有効期限】メールで納品した90日以内にご利用始めてください。""], ""data_amount"": [""✿【高速データ使い放題】香港、マカオで高速データが【無制限】使えます。※通信量は現地時間の00:00から23:59までの区切りでカウントされます。""], ""network_type"": [""ローミングSIMカードの強みです。このようなSIMカードは香港国際空港では買えません。"", ""ローミングSIMカードの強みです。このようなSIMカードは香港国際空港では買えません。"", ""score: local=0, roaming=5""], ""network_generation"": [""fallback_5g: source:image_alt: プリペイドSIMカード 【RAKUTEN回線】 国内海外 プリペイドSIM 3GB/月1年間有効 5G/4G-LTE対応 SMS認証可能 データ通信 専用 SIMカード (3GB SMS付き)"", ""fallback_4g_lte: source:meta_description: Amazon.co.jp: 香港 マカオeSIM 3日間 4G-LTE 高速データ 使い放題 完全無制限 即日発行可能 ESIMプラン 香港esim 香港sim マカオesim マカオsim プリペイド SIMカード Hong Kong Macau ESIM (3日間 完全無制限) : 家電＆カメラ"", ""fallback_only_network_generation_signal""], ""carrier_support_local"": [""SmarTone, 3HK: ✿【キャリア】香港（SmarTone、HKT、3HK）、マカオ（CTM）。香港、マカオでは広範囲なカバレッジ、安定したネットワーク、高速な通信速度を提供しています。"", ""SmarTone, 3HK: Amazon.co.jp: 香港 マカオeSIM 3日間 4G-LTE 高速データ 使い放題 完全無制限 即日発行可能 ESIMプラン 香港esim 香港sim マカオesim マカオsim プリペイド SIMカード Hong Kong Macau ESIM (3日間 完全無制限) : 家電＆カメラ""], ""review_count"": [""detail_page: (6)""], ""bestseller_rank"": [""Amazon 売れ筋ランキング 家電＆カメラ - 266,198位 ( 家電＆カメラの売れ筋ランキングを見る ) プリペイドSIMカード - 2,009位""], ""title"": [""香港 マカオeSIM 3日間 4G-LTE 高速データ 使い放題 完全無制限 即日発行可能 ESIMプラン 香港esim 香港sim マカオesim マカオsim プリペイド SIMカード Hong Kong Macau ESIM (3日間 完全無制限)""]}"
amazon_jp,hk,アジア12か国 eSIM SIMカード 7日間 データ使い放題 7GBまで高速 Jet Sim 無制限 ジェットシム タイ フィリピン ベトナム,2180,1,,,,,1365,7일,7일,30일,roaming,5g_capable,,,"{""cmhk"": null, ""csl"": null, ""smartone"": null, ""three_hk"": null}","{""skt"": null, ""kt"": null, ""lgu"": null}",1GB/day,https://www.amazon.co.jp/%E3%82%A2%E3%82%B8%E3%82%A212%E3%81%8B%E5%9B%BD-SIM%E3%82%AB%E3%83%BC%E3%83%89-7%E6%97%A5%E9%96%93-%E3%83%87%E3%83%BC%E3%82%BF%E4%BD%BF%E3%81%84%E6%94%BE%E9%A1%8C-7GB%E3%81%BE%E3%81%A7%E9%AB%98%E9%80%9F/dp/B0GMKZVPVB,B0GMKZVPVB,B0GMKZVPVB,ジェスロモバイル,JETSIMのストアを表示,"{""price_jpy"": [""￥2,180""], ""usage_validity"": [""アジア12か国 eSIM SIMカード 7日間 データ使い放題 7GBまで高速 Jet Sim 無制限 ジェットシム タイ フィリピン ベトナム""], ""activation_validity"": [""商品の説明 購入後すぐにeSIMを使えますか？ はい、すぐにご利用いただけます。スムーズにご利用いただくために、申請フォームのご提出をお願いいたします。 eSIMのアクティベーションは必要ですか？ アクティベーションは不要です。eSIMをスマートフォンに追加すれば、現地に到着次第、自動的に接続されます！ 複数の国で利用できるプランは国をまたいで移動する際も、""], ""data_amount"": [""【データ無制限】 アジア12カ国7日間、5G/4G-LTE高速データ7GB。その後もデータ通信の利用が可能。テザリング対応。高速データ1日1GBまで。""], ""network_type"": [""中国本土旅行者向けeSIMカード、5日間プラン、1GBデータ使い放題、高速4/5G、ローミング料金無料 | 中国旅行に最適"", ""マレーシア eSIM - プリペイド 10GB 5G/4G データ、20日間有効 - 簡単な QR コード設定 - ローミングなし、契約なし - 短期および長期旅行に最適"", ""score: local=1, roaming=3""], ""network_generation"": [""product_info_cellular_5g: source:product_info_cellular: 携帯電話技術 LTE, 5G"", ""product_info_cellular_5g: source:product_info_cellular: 携帯電話技術 LTE, 5G"", ""product_info_cellular_4g_lte_signal_present_but_5g_capable_takes_precedence""], ""review_count"": [""detail_page: (1)""], ""bestseller_rank"": [""Amazon 売れ筋ランキング 家電＆カメラ - 166,203位 ( 家電＆カメラの売れ筋ランキングを見る ) プリペイドSIMカード - 1,365位""], ""title"": [""アジア12か国 eSIM SIMカード 7日間 データ使い放題 7GBまで高速 Jet Sim 無制限 ジェットシム タイ フィリピン ベトナム""]}"
amazon_jp,hk,アジア28ヵ国周遊SIM 利用期間15日 データ容量12GB データ通信 プリペイドSIM ローミングSIM アジアSIM SIMカード 利用国：アラブ首長国連邦（UAE）、オーストラリア、シンガポール、タイ、トルコ、ニュージーランド、フィリピン、ベトナム、マカオ、マレーシア、韓国、中国、日本等,2780,163,,,50,,431,15일,15일,30일,unknown,lte_4g_only,,,"{""cmhk"": null, ""csl"": null, ""smartone"": null, ""three_hk"": null}","{""skt"": null, ""kt"": null, ""lgu"": null}",12GB,https://www.amazon.co.jp/%E6%9D%B1%E5%8D%97%E3%82%A2%E3%82%B8%E3%82%A228%E3%83%B5%E5%9B%BD%E5%91%A8%E9%81%8ASIM-%E3%83%87%E3%83%BC%E3%82%BF%E5%AE%B9%E9%87%8F12GB-%E3%83%97%E3%83%AA%E3%83%9A%E3%82%A4%E3%83%89SIM-%E3%83%AD%E3%83%BC%E3%83%9F%E3%83%B3%E3%82%B0SIM/dp/B0F99MT8R8,B0F99MT8R8,B0F99MT8R8,ブランド: Wise SIM,ブランド: Wise SIM,"{""price_jpy"": [""￥2,780 ￥ 2,780""], ""usage_validity"": [""アジア28ヵ国周遊SIM 利用期間15日 データ容量12GB データ通信 プリペイドSIM ローミングSIM アジアSIM SIMカード 利用国：アラブ首長国連邦（UAE）、オーストラリア、シンガポール、タイ、トルコ、ニュージーランド、フィリピン、ベトナム、マカオ、マレーシア、韓国、中国、日本等""], ""activation_validity"": [""■SIMカード有効期限：2026年11月30日まで""], ""data_amount"": [""【データ容量】 4G高速データ通信が12GB利用可能です。 ※上限後128kbpsへ速度低下となりますが期限迄は止まる事無く通信利用が可能です。""], ""network_type"": [""local_signal: 【アジア28ヶ国にてデータ通信】 アラブ首長国連邦（UAE）、アルメニア、イスラエル、オーストラリア、カタール、カンボジア、グアム、サウジアラビア、シンガポール、スリランカ、タイ、トルコ、ニュージーランド、パキスタン、バングラデシュ、フィリピン、ブルネイ、ベトナム、マカオ、マレーシア、モンゴル、ヨルダン、ラオス、韓国、中国、日本、台湾・香港の28ヶ国にてデー"", ""roaming_signal: アジア28ヵ国周遊SIM 利用期間15日 データ容量12GB データ通信 プリペイドSIM ローミングSIM アジアSIM SIMカード 利用国：アラブ首長国連邦（UAE）、オーストラリア、シンガポール、タイ、トルコ、ニュージーランド、フィリピン、ベトナム、マカオ、マレーシア、韓国、中国、日本等"", ""insufficient_or_conflicting_signals(local=12, roaming=15)""], ""network_generation"": [""product_info_cellular_4g_lte: source:product_info_cellular: 携帯電話技術 4G/LTE"", ""product_info_cellular_4g_lte: source:product_info_cellular: 携帯電話技術 4G/LTE""], ""monthly_sold_count"": [""search_result_fallback: 50""], ""review_count"": [""detail_page: (163)""], ""bestseller_rank"": [""Amazon 売れ筋ランキング 家電＆カメラ - 38,307位 ( 家電＆カメラの売れ筋ランキングを見る ) プリペイドSIMカード - 431位""], ""title"": [""アジア28ヵ国周遊SIM 利用期間15日 データ容量12GB データ通信 プリペイドSIM ローミングSIM アジアSIM SIMカード 利用国：アラブ首長国連邦（UAE）、オーストラリア、シンガポール、タイ、トルコ、ニュージーランド、フィリピン、ベトナム、マカオ、マレーシア、韓国、中国、日本等""]}"
amazon_jp,hk,【中国・香港・マカオ eSIM】3日間 0.5GB/毎日（二泊三日 コスパ重視） DeSiM正規卸 |LINE相談受付中 |データ通信専用（電話番号なし） simフリー端末のみ対応 説明書付 イーシム,1150,5,,,,,1540,3일,3일,7일,local,unknown,,,"{""cmhk"": null, ""csl"": null, ""smartone"": null, ""three_hk"": null}","{""skt"": null, ""kt"": null, ""lgu"": null}",unlimited,https://www.amazon.co.jp/%E3%80%90%E4%B8%AD%E5%9B%BD%E3%83%BB%E9%A6%99%E6%B8%AF%E3%83%BB%E3%83%9E%E3%82%AB%E3%82%AA-0-5GB-LINE%E7%9B%B8%E8%AB%87%E5%8F%97%E4%BB%98%E4%B8%AD-%E3%83%87%E3%83%BC%E3%82%BF%E9%80%9A%E4%BF%A1%E5%B0%82%E7%94%A8%EF%BC%88%E9%9B%BB%E8%A9%B1%E7%95%AA%E5%8F%B7%E3%81%AA%E3%81%97%EF%BC%89-sim%E3%83%95%E3%83%AA%E3%83%BC%E7%AB%AF%E6%9C%AB%E3%81%AE%E3%81%BF%E5%AF%BE%E5%BF%9C/dp/B0D5WBY5XX,B0D5WBY5XX,B0D5WBY5XX,DeSiM,DeSiMのストアを表示,"{""price_jpy"": [""￥1,150""], ""usage_validity"": [""【中国・香港・マカオ eSIM】3日間 0.5GB/毎日（二泊三日 コスパ重視） DeSiM正規卸 |LINE相談受付中 |データ通信専用（電話番号なし） simフリー端末のみ対応 説明書付 イーシム""], ""activation_validity"": [""商品の説明 購入前の注意事項 【注意事項】 注意事項①：本商品はデータ通信専用です（通話はご利用いただけません）。ご注意ください。 注意事項②：SIMロックフリー端末、もしくはSIMフリー端末専用のサービスです。必ず、ご利用端末がeSIM対応かどうかご確認ください。 注意事項③：2021年10月1日以前にSIMロック解除をキャリア店頭またはインターネットでさ""], ""data_amount"": [""商品の説明 購入前の注意事項 【注意事項】 注意事項①：本商品はデータ通信専用です（通話はご利用いただけません）。ご注意ください。 注意事項②：SIMロックフリー端末、もしくはSIMフリー端末専用のサービスです。必ず、ご利用端末がeSIM対応かどうかご確認ください。 注意事項③：2021年10月1日以前にSIMロック解除をキャリア店頭またはインターネットでさ""], ""network_type"": [""商品の説明 購入前の注意事項 【注意事項】 注意事項①：本商品はデータ通信専用です（通話はご利用いただけません）。ご注意ください。 注意事項②：SIMロックフリー端末、もしくはSIMフリー端末専用のサービスです。必ず、ご利用端末がeSIM対応かどうかご確認ください。 注意事項③：2021年10月1日以前にSIMロック解除をキャリア店頭またはインターネットでさ"", ""score: local=3, roaming=1""], ""network_generation"": [""fallback_5g: source:meta_description: Amazon.co.jp: 【中国・香港・マカオ eSIM】3日間 0.5GB/毎日（二泊三日 コスパ重視） DeSiM正規卸 |LINE相談受付中 |データ通信専用（電話番号なし） simフリー端末のみ対応 説明書付 イーシム : 家電＆カメラ"", ""fallback_4g_lte: source:image_alt: 【Docomo回線】365日間200GB 5G/4G/LTE対応 プリペイドSIM リチャージ可 期間延長可 残量確認可 契約不要 日本国内用 データ通信専用 物理SIM 大容量 ピン付き 設定簡単 年中無休 多言語安心サポート sim card japan【DXHUB】"", ""fallback_only_network_generation_signal""], ""review_count"": [""detail_page: (5)""], ""bestseller_rank"": [""Amazon 売れ筋ランキング 家電＆カメラ - 192,135位 ( 家電＆カメラの売れ筋ランキングを見る ) プリペイドSIMカード - 1,540位""], ""title"": [""【中国・香港・マカオ eSIM】3日間 0.5GB/毎日（二泊三日 コスパ重視） DeSiM正規卸 |LINE相談受付中 |データ通信専用（電話番号なし） simフリー端末のみ対応 説明書付 イーシム""]}"
amazon_jp,hk,【中国 香港 マカオ eSIM】4日間 無制限 実名登録不要 高速データ通信 低速なし 中国ネット規制対象外 Line、Youtube、GoogleなどVPNなしで利用可能 QRコード設定 メール登録で納品 即日発行対応 急ぎの方LINEサポートあり 中国esim 香港esim マカオesim,1680,30,,,,,1796,1일,1일,4일,roaming,unknown,,,"{""cmhk"": null, ""csl"": null, ""smartone"": null, ""three_hk"": null}","{""skt"": null, ""kt"": null, ""lgu"": null}",unlimited,https://www.amazon.co.jp/eSIM%E3%80%914%E6%97%A5%E9%96%93-%E4%B8%AD%E5%9B%BD%E3%83%8D%E3%83%83%E3%83%88%E8%A6%8F%E5%88%B6%E5%AF%BE%E8%B1%A1%E5%A4%96-Line%E3%80%81Youtube%E3%80%81Google%E3%81%AA%E3%81%A9VPN%E3%81%AA%E3%81%97%E3%81%A7%E5%88%A9%E7%94%A8%E5%8F%AF%E8%83%BD-%E3%83%A1%E3%83%BC%E3%83%AB%E7%99%BB%E9%8C%B2%E3%81%A7%E7%B4%8D%E5%93%81-%E6%80%A5%E3%81%8E%E3%81%AE%E6%96%B9LINE%E3%82%B5%E3%83%9D%E3%83%BC%E3%83%88%E3%81%82%E3%82%8A/dp/B0FBVT33WR,B0FBVT33WR,B0FBVT33WR,マグロeSIM,マグロeSIMのストアを表示,"{""price_jpy"": [""￥1,680""], ""usage_validity"": [""【注意事項①】有効期限：eSIM QRコードを受け取ってから90日間です（有効期間内にご利用ください）。eSIMの使用期間については、24時間を1日とカウントされますので、ご了承ください。""], ""activation_validity"": [""【中国 香港 マカオ eSIM】4日間 無制限 実名登録不要 高速データ通信 低速なし 中国ネット規制対象外 Line、Youtube、GoogleなどVPNなしで利用可能 QRコード設定 メール登録で納品 即日発行対応 急ぎの方LINEサポートあり 中国esim 香港esim マカオesim""], ""data_amount"": [""【高速データ】高速データ通信が無制限に使用可能です。""], ""network_type"": [""商品の説明 購入前にご注意！ 注意事項①：ご購入後、商品画像に記載されたURLにアクセスし必要事項を入力→メールアドレスにPDFの説明書とeSIMのQRコードが届きます！ 注意事項②：SIMロックフリー端末、もしくはSIMフリー端末専用のサービスです。必ず、ご利用端末がeSIM対応かどうかご確認ください。 注意事項③：eSIM対応端末のみ利用可能。※通信キャ"", ""score: local=0, roaming=3""], ""network_generation"": [""no_lte_4g_or_5g_keyword_matched""], ""review_count"": [""detail_page: (30)""], ""bestseller_rank"": [""Amazon 売れ筋ランキング 家電＆カメラ - 228,470位 ( 家電＆カメラの売れ筋ランキングを見る ) プリペイドSIMカード - 1,796位""], ""title"": [""【中国 香港 マカオ eSIM】4日間 無制限 実名登録不要 高速データ通信 低速なし 中国ネット規制対象外 Line、Youtube、GoogleなどVPNなしで利用可能 QRコード設定 メール登録で納品 即日発行対応 急ぎの方LINEサポートあり 中国esim 香港esim マカオesim""]}"
amazon_jp,hk,【アジア eSIM】 4G-LTE 500MB/日・高速定額データ 低速使い放題 シンガポール マレーシア タイ ベトナム インドネシア カンボジア 香港 マカオ sim 即日発行可能 アジア プリペイド simカード Asia eSIM アジアsim (3日間 高速データ),1580,4,,,,,738,3일,3일,30일,unknown,lte_4g_only,,,"{""cmhk"": null, ""csl"": null, ""smartone"": true, ""three_hk"": true}","{""skt"": null, ""kt"": null, ""lgu"": null}",unlimited,https://www.amazon.co.jp/4G-LTE-%E6%97%A5%E3%83%BB%E9%AB%98%E9%80%9F%E5%AE%9A%E9%A1%8D%E3%83%87%E3%83%BC%E3%82%BF-%E4%BD%8E%E9%80%9F%E4%BD%BF%E3%81%84%E6%94%BE%E9%A1%8C-3%E6%97%A5%E9%96%93-%E9%AB%98%E9%80%9F%E3%83%87%E3%83%BC%E3%82%BF/dp/B0D1YH9BVK,B0D1YH9BVK,B0D1YH9BVK,Global eSIMshop,ブランド: PLUG TO GO,"{""price_jpy"": [""￥1,580""], ""usage_validity"": [""【アジア eSIM】 4G-LTE 500MB/日・高速定額データ 低速使い放題 シンガポール マレーシア タイ ベトナム インドネシア カンボジア 香港 マカオ sim 即日発行可能 アジア プリペイド simカード Asia eSIM アジアsim (3日間 高速データ)""], ""activation_validity"": [""【有効期限】メールで納品後、30日以内にご利用ください。""], ""data_amount"": [""【データ容量】データ無制限ですが、一日の使用量が500MBに達すると通信速度が最大128kbpsに制限されます。翌日の現地時間0時に制限が解除されます。 ※使用量は現地時間の00:00から23:59までカウントされます。""], ""network_type"": [""local_signal: 【Almond SIM】 ベトナム 7日間 完全無制限 電話番号付き｜純正Vietnamobile キャリア ｜ホーチミン・ハノイなど 対応｜LINEで24時間サポート｜4G-LTE対応 プリペイドsim ｜Vietnam simカード (物理sim/7日間)"", ""roaming_signal: 商品の説明 購入前の注意事項 【注意事項】 注意事項①：SIMロックフリー端末、もしくはSIMフリー端末専用サービスです。必ず、ご利用端末がeSIM対応かどうかご確認ください。タブレットやWi-Fiルーターではご利用いただけません。 注意事項②：本商品は香港ローミング回線を使用しているために、ChatGPT、TikTokはご利用いただけません。 注意事項③："", ""insufficient_or_conflicting_signals(local=3, roaming=4)""], ""network_generation"": [""product_info_cellular_4g_lte: source:product_info_cellular: 携帯電話技術 4G-LTE"", ""product_info_cellular_4g_lte: source:product_info_cellular: 携帯電話技術 4G-LTE""], ""carrier_support_local"": [""SmarTone, 3HK: 【キャリア】シンガポール：Singtel、M1、StarHub マレーシア：Celcom、DiGi タイ： DTAC インドネシア：XL カンボジア：Smart、Metfone ベトナム： Viettel、Vinaphone 香港：SmarTone、HKT、3HK マカオ： CTM。アジア各国で安定""], ""review_count"": [""detail_page: (4)""], ""bestseller_rank"": [""Amazon 売れ筋ランキング 家電＆カメラ - 75,343位 ( 家電＆カメラの売れ筋ランキングを見る ) プリペイドSIMカード - 738位""], ""title"": [""【アジア eSIM】 4G-LTE 500MB/日・高速定額データ 低速使い放題 シンガポール マレーシア タイ ベトナム インドネシア カンボジア 香港 マカオ sim 即日発行可能 アジア プリペイド simカード Asia eSIM アジアsim (3日間 高速データ)""]}"
amazon_jp,hk,【香港 eSIM】5日間 高速データ通信無制限｜3 Hong Kong｜LINEで即日発行｜データ通信専用 (LINE相談受付中)｜有効期限90日 香港旅行・出張向け (香港eSIM)｜eSIM-san(いーしむさん),1770,2,,,,,2613,5일,5일,90일,unknown,5g_capable,,,"{""cmhk"": null, ""csl"": null, ""smartone"": null, ""three_hk"": true}","{""skt"": null, ""kt"": null, ""lgu"": null}",unlimited,https://www.amazon.co.jp/%E9%AB%98%E9%80%9F%E3%83%87%E3%83%BC%E3%82%BF%E9%80%9A%E4%BF%A1%E7%84%A1%E5%88%B6%E9%99%90%EF%BD%9C3-Kong%EF%BD%9CLINE%E3%81%A7%E5%8D%B3%E6%97%A5%E7%99%BA%E8%A1%8C%EF%BD%9C%E3%83%87%E3%83%BC%E3%82%BF%E9%80%9A%E4%BF%A1%E5%B0%82%E7%94%A8-LINE%E7%9B%B8%E8%AB%87%E5%8F%97%E4%BB%98%E4%B8%AD-%E9%A6%99%E6%B8%AF%E6%97%85%E8%A1%8C%E3%83%BB%E5%87%BA%E5%BC%B5%E5%90%91%E3%81%91-%EF%BD%9CeSIM-san/dp/B0DZCPHPF2,B0DZCPHPF2,B0DZCPHPF2,いーしむさん,eSIM-sanのストアを表示,"{""price_jpy"": [""￥1,770""], ""usage_validity"": [""【香港 eSIM】5日間 高速データ通信無制限｜3 Hong Kong｜LINEで即日発行｜データ通信専用 (LINE相談受付中)｜有効期限90日 香港旅行・出張向け (香港eSIM)｜eSIM-san(いーしむさん)""], ""activation_validity"": [""【香港 eSIM】5日間 高速データ通信無制限｜3 Hong Kong｜LINEで即日発行｜データ通信専用 (LINE相談受付中)｜有効期限90日 香港旅行・出張向け (香港eSIM)｜eSIM-san(いーしむさん)""], ""data_amount"": [""【データ容量】無制限""], ""network_type"": [""no_local_or_roaming_keyword_matched""], ""network_generation"": [""product_info_cellular_5g: source:product_info_cellular: 携帯電話技術 4G、5G"", ""product_info_cellular_5g: source:product_info_cellular: 携帯電話技術 4G、5G"", ""product_info_cellular_4g_lte_signal_present_but_5g_capable_takes_precedence""], ""carrier_support_local"": [""3HK: 商品の説明 「いーしむさんの“香港 eSIM”があれば、ネット通信の不安とはおさらばです。」 旅をもっと自由に。香港旅行・出張なら、いーしむさん 高速データ通信が無制限 ビクトリアピーク、香港ディズニーランド、九龍など、主要エリアはもちろん郊外も広くカバー。 3 Hong Kong回線を使うから、安"", ""3HK: サービスプロバイダ 3 Hong Kong"", ""3HK: Amazon.co.jp: 【香港 eSIM】5日間 高速データ通信無制限｜3 Hong Kong｜LINEで即日発行｜データ通信専用 (LINE相談受付中)｜有効期限90日 香港旅行・出張向け (香港eSIM)｜eSIM-san(いーしむさん) : 家電＆カメラ"", ""3HK: 【香港 eSIM】5日間 高速データ通信無制限｜3 Hong Kong｜LINEで即日発行｜データ通信専用 (LINE相談受付中)｜有効期限90日 香港旅行・出張向け (香港eSIM)｜eSIM-san(いーしむさん)"", ""3HK: 【香港 eSIM】5日間 高速データ通信無制限｜3 Hong Kong｜LINEで即日発行｜データ通信専用 (LINE相談受付中)｜有効期限90日 香港旅行・出張向け (香港eSIM)｜eSIM-san(いーしむさん)"", ""3HK: 【香港 eSIM】5日間 高速データ通信無制限｜3 Hong Kong｜LINEで即日発行｜データ通信専用 (LINE相談受付中)｜有効期限90日 香港旅行・出張向け (香港eSIM)｜eSIM-san(いーしむさん)"", ""3HK: Amazon.co.jp: 【香港 eSIM】5日間 高速データ通信無制限｜3 Hong Kong｜LINEで即日発行｜データ通信専用 (LINE相談受付中)｜有効期限90日 香港旅行・出張向け (香港eSIM)｜eSIM-san(いーしむさん) : 家電＆カメラ 次に移動 メインコンテンツ この商""], ""review_count"": [""detail_page: (2)""], ""bestseller_rank"": [""Amazon 売れ筋ランキング 家電＆カメラ - 373,095位 ( 家電＆カメラの売れ筋ランキングを見る ) プリペイドSIMカード - 2,613位""], ""title"": [""【香港 eSIM】5日間 高速データ通信無制限｜3 Hong Kong｜LINEで即日発行｜データ通信専用 (LINE相談受付中)｜有効期限90日 香港旅行・出張向け (香港eSIM)｜eSIM-san(いーしむさん)""]}"
amazon_jp,hk,インドSIM 利用日数30日 データ容量7GB ローミングSIM 日本で利用可能。,848,32,,,,,1494,1일,1일,30일,roaming,5g_capable,,,"{""cmhk"": null, ""csl"": null, ""smartone"": null, ""three_hk"": null}","{""skt"": null, ""kt"": null, ""lgu"": null}",7GB,https://www.amazon.co.jp/%E3%82%A4%E3%83%B3%E3%83%89SIM-%E5%88%A9%E7%94%A8%E6%97%A5%E6%95%B030%E6%97%A5-%E3%83%87%E3%83%BC%E3%82%BF%E5%AE%B9%E9%87%8F7GB-%E3%83%AD%E3%83%BC%E3%83%9F%E3%83%B3%E3%82%B0SIM-%E6%97%A5%E6%9C%AC%E3%81%A7%E5%88%A9%E7%94%A8%E5%8F%AF%E8%83%BD%E3%80%82/dp/B0H3BRMG6J,B0H3BRMG6J,B0H3BRMG6J,ブランド: Wise SIM,ブランド: Wise SIM,"{""price_jpy"": [""￥848 ￥ 848 過去: ￥899 過去: ￥899 ￥899 8ポイント(1""], ""usage_validity"": [""■利用期間：香港の通信会社が発行しているSIMの為、香港時間を基準として電波を受信後30日(日数カウント) 例えば香港の23時に利用開始した場合、1時間で1日分としてカウントされますのでご留意ください。""], ""activation_validity"": [""インドSIM 利用日数30日 データ容量7GB ローミングSIM 日本で利用可能。""], ""data_amount"": [""【データ容量】 7GBまで高速データ通信利用が可能です。 ※7GBのデータ量を超過後は128kbpsへ速度低下となりますが止まる事なく利用可能です。""], ""network_type"": [""インドSIM 利用日数30日 データ容量7GB ローミングSIM 日本で利用可能。"", ""Amazon.co.jp: インドSIM 利用日数30日 データ容量7GB ローミングSIM 日本で利用可能。 : 家電＆カメラ"", ""score: local=0, roaming=8""], ""network_generation"": [""product_info_cellular_5g: source:product_info_cellular: 携帯電話技術 5G/4G/LTE"", ""product_info_cellular_5g: source:product_info_cellular: 携帯電話技術 5G/4G/LTE"", ""product_info_cellular_4g_lte_signal_present_but_5g_capable_takes_precedence""], ""review_count"": [""detail_page: 32""], ""bestseller_rank"": [""Amazon 売れ筋ランキング 家電＆カメラ - 185,378位 ( 家電＆カメラの売れ筋ランキングを見る ) プリペイドSIMカード - 1,494位""], ""title"": [""インドSIM 利用日数30日 データ容量7GB ローミングSIM 日本で利用可能。""]}"
amazon_jp,hk,【セール品】期間限定5GBデータ増量！【正規日本語版】中国本土31省とマカオ 8日間 7GB＋2GB＋3GB 合計12GBデータ通信プリペイド/SIMカード テザリング可能（セットが安い） (12GB×5枚)【China unicom中国联通】※香港・台湾でのご利用はできません。,1380,48,,,,,409,8일,8일,8일,unknown,lte_4g_only,,,"{""cmhk"": null, ""csl"": null, ""smartone"": null, ""three_hk"": null}","{""skt"": null, ""kt"": null, ""lgu"": null}",5GB,https://www.amazon.co.jp/%E3%80%90%E3%82%BB%E3%83%BC%E3%83%AB%E5%93%81%E3%80%91%E6%9C%9F%E9%96%93%E9%99%90%E5%AE%9A2GB%E3%83%87%E3%83%BC%E3%82%BF%E5%A2%97%E9%87%8F%EF%BC%81%E3%80%90%E6%AD%A3%E8%A6%8F%E6%97%A5%E6%9C%AC%E8%AA%9E%E7%89%88%E3%80%91%E4%B8%AD%E5%9B%BD%E6%9C%AC%E5%9C%9F31%E7%9C%81%E3%81%A8%E3%83%9E%E3%82%AB%E3%82%AA-7GB%EF%BC%8B2GB-%E3%83%87%E3%83%BC%E3%82%BF%E9%80%9A%E4%BF%A1%E3%83%97%E3%83%AA%E3%83%9A%E3%82%A4%E3%83%89-%E3%83%86%E3%82%B6%E3%83%AA%E3%83%B3%E3%82%B0%E5%8F%AF%E8%83%BD%EF%BC%88%E3%82%BB%E3%83%83%E3%83%88%E3%81%8C%E5%AE%89%E3%81%84%EF%BC%89-unicom%E4%B8%AD%E5%9B%BD%E8%81%94%E9%80%9A%E3%80%91%E2%80%BB%E9%A6%99%E6%B8%AF%E3%83%BB%E5%8F%B0%E6%B9%BE%E3%81%A7%E3%81%AE%E3%81%94%E5%88%A9%E7%94%A8%E3%81%AF%E3%81%A7%E3%81%8D%E3%81%BE%E3%81%9B%E3%82%93%E3%80%82/dp/B0782B3FY9,B0782B3FY9,B0782B3FY9,China unicom中国联通のストアを表示,China unicom中国联通のストアを表示,"{""price_jpy"": [""価格 ￥1,380 ￥1,380 ￥1,280 ￥1,180 ￥2,980""], ""usage_validity"": [""【セール品】期間限定5GBデータ増量！【正規日本語版】中国本土31省とマカオ 8日間 7GB＋2GB＋3GB 合計12GBデータ通信プリペイド/SIMカード テザリング可能（セットが安い） (12GB×5枚)【China unicom中国联通】※香港・台湾でのご利用はできません。""], ""activation_validity"": [""【期間限定5GB増量キャンペーンは2026年4月1日以降にアクティベートしたSIMカードが対象となります。旧パッケージでも+5GBとなります。】【有効期限】：利用開始日から8日間で7GB＋2GB＋3GB まで4G/5G高速通信が使用可能（7GB＋2GB＋3GB 超過後は512kbpsを下回らない速度に低速化）7GB＋2GB＋3GB（合計12GB）のデータがご""], ""data_amount"": [""【期間限定5GB増量キャンペーンは2026年4月1日以降にアクティベートしたSIMカードが対象となります。旧パッケージでも+5GBとなります。】【有効期限】：利用開始日から8日間で7GB＋2GB＋3GB まで4G/5G高速通信が使用可能（7GB＋2GB＋3GB 超過後は512kbpsを下回らない速度に低速化）7GB＋2GB＋3GB（合計12GB）のデータがご""], ""network_type"": [""local_signal: 【チョコSIM 定額（Sプラン）】【中国の電話番号付きでアプリや施設サービスのSMS認証が可能】【データ容量】合計500MB/月【音声】合計20分間/月 データ/音声/SMS付きSIMカード 中国SIM マカオSIM China unicom ※こちらのSIMカードは契約後、毎月の基本料が発生いたします。※2024年11月1日から台湾でのご利用はできなくなり"", ""roaming_signal: 商品の説明 中国本土・マカオでインターネット(データ通信)が可能なプリペイドSIMカード【8日間 7GB利用可能】 China unicomの中国・マカオでインターネット(データ通信)が可能なプリペイドSIMカードです。SIMフリー(SIMロック解除)したスマートフォンにSIMを挿入し現地で電波をキャッチすればいつものようにデータ通信をご利用いただけます。 "", ""insufficient_or_conflicting_signals(local=6, roaming=3)""], ""network_generation"": [""product_info_cellular_4g_lte: source:product_info_cellular: 携帯電話技術 LTE"", ""product_info_cellular_4g_lte: source:product_info_cellular: 携帯電話技術 LTE""], ""review_count"": [""detail_page: (48)""], ""bestseller_rank"": [""Amazon 売れ筋ランキング 家電＆カメラ - 36,270位 ( 家電＆カメラの売れ筋ランキングを見る ) プリペイドSIMカード - 409位""], ""title"": [""【セール品】期間限定5GBデータ増量！【正規日本語版】中国本土31省とマカオ 8日間 7GB＋2GB＋3GB 合計12GBデータ通信プリペイド/SIMカード テザリング可能（セットが安い） (12GB×5枚)【China unicom中国联通】※香港・台湾でのご利用はできません。""]}"
amazon_jp,hk,【アジア16カ国 eSIM】5日間 低速データ通信無制限 高速データ通信1GB/日 実名登録不要(香港、マカオ除く) QR簡単設定 メール登録で納品 アジアSIM 即日発行対応 急ぎの方LINEサポートあり 韓国sim 台湾sim タイsim ベトナムsim 中国sim マグロeSIM,1780,16,,,,,1710,5일,5일,180일,unknown,lte_4g_only,,,"{""cmhk"": null, ""csl"": null, ""smartone"": null, ""three_hk"": null}","{""skt"": null, ""kt"": null, ""lgu"": null}",unlimited,https://www.amazon.co.jp/%E3%80%90%E3%82%A2%E3%82%B8%E3%82%A216%E3%82%AB%E5%9B%BD-%E4%BD%8E%E9%80%9F%E3%83%87%E3%83%BC%E3%82%BF%E9%80%9A%E4%BF%A1%E7%84%A1%E5%88%B6%E9%99%90-%E9%AB%98%E9%80%9F%E3%83%87%E3%83%BC%E3%82%BF%E9%80%9A%E4%BF%A11GB-%E6%80%A5%E3%81%8E%E3%81%AE%E6%96%B9LINE%E3%82%B5%E3%83%9D%E3%83%BC%E3%83%88%E3%81%82%E3%82%8A-%E3%83%9E%E3%82%B0%E3%83%ADeSIM/dp/B0DSPR8CKV,B0DSPR8CKV,B0DSPR8CKV,マグロeSIM,マグロeSIMのストアを表示,"{""price_jpy"": [""￥1,780""], ""usage_validity"": [""【アジア16カ国 eSIM】5日間 低速データ通信無制限 高速データ通信1GB/日 実名登録不要(香港、マカオ除く) QR簡単設定 メール登録で納品 アジアSIM 即日発行対応 急ぎの方LINEサポートあり 韓国sim 台湾sim タイsim ベトナムsim 中国sim マグロeSIM""], ""activation_validity"": [""【対応国・地域】マレーシア、シンガポール、タイ、韓国、日本、ベトナム、中国本土、ラオス、インドネシア、カンボジア、マカオ、香港【注意事項①】有効期限：eSIM QRコードを受け取ってから180日間です（有効期間内にご利用ください）。eSIMの使用期間は、現地の回線に接続した時点からプランの最終日の23時59分までです。、台湾、フィリピン、パキスタン、スリラン""], ""data_amount"": [""【データ容量】データ容量は無制限ですが、1日以内にデータ通信量が1GBを超えると、通信速度が128Kbpsに制限され、翌日の現地時間0時に自動的にスピード制限が解除されます。※地点によっては信号が届かない場合がありますのでご了承ください。""], ""network_type"": [""local_signal: 【チョコSIM 定額（Sプラン）】【中国の電話番号付きでアプリや施設サービスのSMS認証が可能】【データ容量】合計500MB/月【音声】合計20分間/月 データ/音声/SMS付きSIMカード 中国SIM マカオSIM China unicom ※こちらのSIMカードは契約後、毎月の基本料が発生いたします。※2024年11月1日から台湾でのご利用はできなくなり"", ""roaming_signal: 商品の説明 購入前にご注意！ 注意事項①：ご購入後、商品画像に記載されたURLにアクセスし必要事項を入力→メールアドレスにPDFの説明書とeSIMのQRコードが届きます！ 注意事項②：SIMロックフリー端末、もしくはSIMフリー端末専用のサービスです。必ず、ご利用端末がeSIM対応かどうかご確認ください。 注意事項③：eSIM対応端末のみ利用可能。※通信キャ"", ""insufficient_or_conflicting_signals(local=6, roaming=5)""], ""network_generation"": [""product_info_cellular_4g_lte: source:product_info_cellular: 携帯電話技術 LTE"", ""product_info_cellular_4g_lte: source:product_info_cellular: 携帯電話技術 LTE""], ""review_count"": [""detail_page: (16)""], ""bestseller_rank"": [""Amazon 売れ筋ランキング 家電＆カメラ - 214,672位 ( 家電＆カメラの売れ筋ランキングを見る ) プリペイドSIMカード - 1,710位""], ""title"": [""【アジア16カ国 eSIM】5日間 低速データ通信無制限 高速データ通信1GB/日 実名登録不要(香港、マカオ除く) QR簡単設定 メール登録で納品 アジアSIM 即日発行対応 急ぎの方LINEサポートあり 韓国sim 台湾sim タイsim ベトナムsim 中国sim マグロeSIM""]}"
amazon_jp,hk,【5G回線対応！複雑な設定は不要！日本を含むアジア8ヵ国でシームレスに使える！】NewSky ASIA8 DATA SIM【5GB／10日間】（データ通信SIM／追加チャージ可能／物理SIM（マルチカット）【対応国：インドネシア・韓国・シンガポール・タイ・中国（本土）・日本・ベトナム・マレーシア】,1380,40,,,,,797,3일,3일,10일,unknown,5g_capable,,,"{""cmhk"": null, ""csl"": null, ""smartone"": null, ""three_hk"": null}","{""skt"": null, ""kt"": null, ""lgu"": null}",1GB,https://www.amazon.co.jp/NewSky%EF%BC%88%E3%83%8B%E3%83%A5%E3%83%BC%E3%82%B9%E3%82%AB%E3%82%A4%EF%BC%89-%E3%80%905G%E5%9B%9E%E7%B7%9A%E5%AF%BE%E5%BF%9C%EF%BC%81%E8%A4%87%E9%9B%91%E3%81%AA%E8%A8%AD%E5%AE%9A%E3%81%AF%E4%B8%8D%E8%A6%81%EF%BC%81%E6%97%A5%E6%9C%AC%E3%82%92%E5%90%AB%E3%82%80%E3%82%A2%E3%82%B8%E3%82%A28%E3%83%B5%E5%9B%BD%E3%81%A7%E3%82%B7%E3%83%BC%E3%83%A0%E3%83%AC%E3%82%B9%E3%81%AB%E4%BD%BF%E3%81%88%E3%82%8B%EF%BC%81%E3%80%91NewSky-ASIA8-DATA/dp/B0DQY1PVDV,B0DQY1PVDV,B0DQY1PVDV,- NewSky -,NewSky（ニュースカイ）のストアを表示,"{""price_jpy"": [""￥1,380""], ""usage_validity"": [""【SKTelecoｍ公式認証】 韓国eSIM 3日間 (72時間) 電話番号付き 超高速データ無制限 最初の5分発信無料(韓国国内) お急ぎの方即時発行可(LINE相談受付中) 有効期限／ご購入日より120日以内 現地空港サポート(SKTelecomローミングセンター) SKテレコム正規品 韓国SIMカードタイプではありません""], ""activation_validity"": [""【5G回線対応！複雑な設定は不要！日本を含むアジア8ヵ国でシームレスに使える！】NewSky ASIA8 DATA SIM【5GB／10日間】（データ通信SIM／追加チャージ可能／物理SIM（マルチカット）【対応国：インドネシア・韓国・シンガポール・タイ・中国（本土）・日本・ベトナム・マレーシア】""], ""data_amount"": [""商品の説明 【アジア8ヵ国】全て5G回線に対応！ 2025年3月より、全ての国で【5G通信キャリア】に対応！ アジア８ヵ国でシームレスに！ コレ1枚でアジア8ヵ国のエリアに対応！ エリア（国）に応じて最適な回線が自動選択されるので、 8ヵ国間内での移動の際でも設定変更や回線の切替作業は不要 です。 一部地域では 5G回線でのご利用も可能 です。 面倒なAPN""], ""network_type"": [""local_signal: 【チョコSIM 定額（Sプラン）】【中国の電話番号付きでアプリや施設サービスのSMS認証が可能】【データ容量】合計500MB/月【音声】合計20分間/月 データ/音声/SMS付きSIMカード 中国SIM マカオSIM China unicom ※こちらのSIMカードは契約後、毎月の基本料が発生いたします。※2024年11月1日から台湾でのご利用はできなくなり"", ""roaming_signal: 【APN設定不要】複雑で面倒なAPN設定（接続設定）は不要です。SIMカードを端末（SIMフリー機）に挿入し、ローミング機能をONにするだけですぐにご利用いただけます。"", ""insufficient_or_conflicting_signals(local=6, roaming=5)""], ""network_generation"": [""product_info_cellular_5g: source:product_info_cellular: 携帯電話技術 5G"", ""product_info_cellular_5g: source:product_info_cellular: 携帯電話技術 5G""], ""review_count"": [""detail_page: (40)""], ""bestseller_rank"": [""Amazon 売れ筋ランキング 家電＆カメラ - 84,556位 ( 家電＆カメラの売れ筋ランキングを見る ) プリペイドSIMカード - 797位""], ""title"": [""【5G回線対応！複雑な設定は不要！日本を含むアジア8ヵ国でシームレスに使える！】NewSky ASIA8 DATA SIM【5GB／10日間】（データ通信SIM／追加チャージ可能／物理SIM（マルチカット）【対応国：インドネシア・韓国・シンガポール・タイ・中国（本土）・日本・ベトナム・マレーシア】""]}"
amazon_jp,hk,【アジア esim】アジア eSIM アジア周遊 28カ国 10日間6GB Truemoveキャリア 高速データ通信 低速データ通信 無制限 日本 韓国 中国 台湾 香港 マカオ シンガポール マレーシア など28カ国 Asia esim Travel esim (eSIM版 10日間),2480,47,,,,,708,3일,3일,10일,unknown,lte_4g_only,,,"{""cmhk"": null, ""csl"": null, ""smartone"": null, ""three_hk"": null}","{""skt"": null, ""kt"": null, ""lgu"": null}",unlimited,https://www.amazon.co.jp/esim%E3%80%91%E3%82%A2%E3%82%B8%E3%82%A2-10%E6%97%A5%E9%96%936GB-Truemove%E3%82%AD%E3%83%A3%E3%83%AA%E3%82%A2-%E9%AB%98%E9%80%9F%E3%83%87%E3%83%BC%E3%82%BF%E9%80%9A%E4%BF%A1-%E4%BD%8E%E9%80%9F%E3%83%87%E3%83%BC%E3%82%BF%E9%80%9A%E4%BF%A1/dp/B0DRHMK2CZ,B0DRHMK2CZ,B0DRHMK2CZ,株式会社ビッグコネクト,bigconnectのストアを表示,"{""price_jpy"": [""￥2,480""], ""usage_validity"": [""【SKTelecoｍ公式認証】 韓国eSIM 3日間 (72時間) 電話番号付き 超高速データ無制限 最初の5分発信無料(韓国国内) お急ぎの方即時発行可(LINE相談受付中) 有効期限／ご購入日より120日以内 現地空港サポート(SKTelecomローミングセンター) SKテレコム正規品 韓国SIMカードタイプではありません""], ""activation_validity"": [""【アジア esim】アジア eSIM アジア周遊 28カ国 10日間6GB Truemoveキャリア 高速データ通信 低速データ通信 無制限 日本 韓国 中国 台湾 香港 マカオ シンガポール マレーシア など28カ国 Asia esim Travel esim (eSIM版 10日間)""], ""data_amount"": [""【データプラン】データ通信専用SIMになります。※データ容量無制限。ただしデータ使用量が6GBに達すると最大通信速度が128kbpsに低下します。※現地時間の00:00-23：59区切りで、カウントされます。128kbpsはビデオ通話、Youtubeなどの動画閲覧がほぼできないですが、Google Map、メールやトークアプリのメッセージ機能など問題なぐご利""], ""network_type"": [""local_signal: 【チョコSIM 定額（Sプラン）】【中国の電話番号付きでアプリや施設サービスのSMS認証が可能】【データ容量】合計500MB/月【音声】合計20分間/月 データ/音声/SMS付きSIMカード 中国SIM マカオSIM China unicom ※こちらのSIMカードは契約後、毎月の基本料が発生いたします。※2024年11月1日から台湾でのご利用はできなくなり"", ""roaming_signal: アジア10ヵ国周遊SIM 利用期間8日データ容量6GB データ通信 プリペイドSIM ローミングSIM 利用国：インドネシア、韓国、シンガポール、タイ、中国、日本、ベトナム、香港、マカオ、マレーシア"", ""insufficient_or_conflicting_signals(local=6, roaming=2)""], ""network_generation"": [""product_info_cellular_4g_lte: source:product_info_cellular: 携帯電話技術 LTE"", ""product_info_cellular_4g_lte: source:product_info_cellular: 携帯電話技術 LTE""], ""review_count"": [""detail_page: (47)""], ""bestseller_rank"": [""Amazon 売れ筋ランキング 家電＆カメラ - 70,730位 ( 家電＆カメラの売れ筋ランキングを見る ) プリペイドSIMカード - 708位""], ""title"": [""【アジア esim】アジア eSIM アジア周遊 28カ国 10日間6GB Truemoveキャリア 高速データ通信 低速データ通信 無制限 日本 韓国 中国 台湾 香港 マカオ シンガポール マレーシア など28カ国 Asia esim Travel esim (eSIM版 10日間)""]}"
amazon_jp,hk,【台湾eSIM】台湾SIM 利用日数3日 データ通信使い放題 データ通信専用 台湾プリペイドSIM 台湾シム ※eSIMの為、物理SIMの発送はありません。,750,22,,,,,235,3일,3일,30일,unknown,lte_4g_only,,,"{""cmhk"": null, ""csl"": null, ""smartone"": null, ""three_hk"": null}","{""skt"": null, ""kt"": null, ""lgu"": null}",unlimited,https://www.amazon.co.jp/%E3%80%90%E5%8F%B0%E6%B9%BEeSIM%E3%80%91%E5%8F%B0%E6%B9%BESIM-%E3%83%87%E3%83%BC%E3%82%BF%E9%80%9A%E4%BF%A1%E4%BD%BF%E3%81%84%E6%94%BE%E9%A1%8C-%E3%83%87%E3%83%BC%E3%82%BF%E9%80%9A%E4%BF%A1%E5%B0%82%E7%94%A8-%E5%8F%B0%E6%B9%BE%E3%83%97%E3%83%AA%E3%83%9A%E3%82%A4%E3%83%89SIM-%E2%80%BBeSIM%E3%81%AE%E7%82%BA%E3%80%81%E7%89%A9%E7%90%86SIM%E3%81%AE%E7%99%BA%E9%80%81%E3%81%AF%E3%81%82%E3%82%8A%E3%81%BE%E3%81%9B%E3%82%93%E3%80%82/dp/B0GCNR4XMY,B0GCNR4XMY,B0GCNR4XMY,ブランド: Wise SIM,ブランド: Wise SIM,"{""price_jpy"": [""価格 ￥750 ￥680 ￥1,350 ￥1,380 ￥749 配送料 ￥1,414""], ""usage_validity"": [""【台湾eSIM】台湾SIM 利用日数3日 データ通信使い放題 データ通信専用 台湾プリペイドSIM 台湾シム ※eSIMの為、物理SIMの発送はありません。""], ""activation_validity"": [""■eSIMの為、SIMカードの発送はありません。QRコード付きの紙のマニュアルのみを送付致します。 ※eSIMはデータ商品の為、返品受付は出来ません。 ■SIMカード有効期限：2026年11月30日まで 本商品は名義認証は不要で利用可能です。""], ""data_amount"": [""【データ容量】 台湾にてデータ通信が使い放題で利用可能。（※3日間で5GB迄高速通信し、5GB超過後は通信速度は1Mbps程度になりますが通信が止まる事無くご利用可能です。)""], ""network_type"": [""no_local_or_roaming_keyword_matched""], ""network_generation"": [""product_info_cellular_4g_lte: source:product_info_cellular: 携帯電話技術 4G/LTE"", ""product_info_cellular_4g_lte: source:product_info_cellular: 携帯電話技術 4G/LTE""], ""review_count"": [""detail_page: (22)""], ""bestseller_rank"": [""Amazon 売れ筋ランキング 家電＆カメラ - 18,373位 ( 家電＆カメラの売れ筋ランキングを見る ) プリペイドSIMカード - 235位""], ""title"": [""【台湾eSIM】台湾SIM 利用日数3日 データ通信使い放題 データ通信専用 台湾プリペイドSIM 台湾シム ※eSIMの為、物理SIMの発送はありません。""]}"
amazon_jp,hk,アジア25ヵ国SIM 利用日数30日 データ容量7GB アジア周遊プリペイドSIM ローミングSIM 利用国(インド、オーストラリア、韓国、グアム、サイパン、シンガポール、タイ、台湾、中国、日本、フィリピン、ベトナム、香港、マカオ、マレーシア等),4980,212,,,,,,1일,1일,30일,unknown,5g_capable,,,"{""cmhk"": null, ""csl"": null, ""smartone"": null, ""three_hk"": null}","{""skt"": null, ""kt"": null, ""lgu"": null}",7GB,https://www.amazon.co.jp/%E3%82%A2%E3%82%B8%E3%82%A225%E3%83%B5%E5%9B%BDSIM-%E3%83%87%E3%83%BC%E3%82%BF%E5%AE%B9%E9%87%8F7GB-%E3%82%A2%E3%82%B8%E3%82%A2%E5%91%A8%E9%81%8A%E3%83%97%E3%83%AA%E3%83%9A%E3%82%A4%E3%83%89SIM-%E3%83%AD%E3%83%BC%E3%83%9F%E3%83%B3%E3%82%B0SIM/dp/B0H3MW2MBS,B0H3MW2MBS,B0H3MW2MBS,ブランド: Wise SIM,ブランド: Wise SIM,"{""price_jpy"": [""￥4,980 ￥ 4,980 50ポイント(1""], ""usage_validity"": [""■利用期間：香港の通信会社が発行しているSIMの為、香港時間を基準として電波を受信後30日(日数カウント) 例えば香港の23時に利用開始した場合、1時間で1日分としてカウントされますのでご留意ください。""], ""activation_validity"": [""アジア25ヵ国SIM 利用日数30日 データ容量7GB アジア周遊プリペイドSIM ローミングSIM 利用国(インド、オーストラリア、韓国、グアム、サイパン、シンガポール、タイ、台湾、中国、日本、フィリピン、ベトナム、香港、マカオ、マレーシア等)""], ""data_amount"": [""【データ容量】 7GBまで高速データ通信利用が可能です。 ※7GBのデータ量を超過後は128kbpsへ速度低下となりますが止まる事なく利用可能です。""], ""network_type"": [""local_signal: 楽天回線 日本 eSIM 国内 毎月3GB (海外最大1GB/月) プリペイドSIM/Japan SIM/リチャージ可能/SMS受信可能/契約不要・月額なし/データ通信SIM/本人認証SMS・サブスマホ・旅行用SIMカード | Nippon SIM for Japan"", ""roaming_signal: アジア25ヵ国SIM 利用日数30日 データ容量7GB アジア周遊プリペイドSIM ローミングSIM 利用国(インド、オーストラリア、韓国、グアム、サイパン、シンガポール、タイ、台湾、中国、日本、フィリピン、ベトナム、香港、マカオ、マレーシア等)"", ""insufficient_or_conflicting_signals(local=3, roaming=8)""], ""network_generation"": [""product_info_cellular_5g: source:product_info_cellular: 携帯電話技術 5G/4G/LTE"", ""product_info_cellular_5g: source:product_info_cellular: 携帯電話技術 5G/4G/LTE"", ""product_info_cellular_4g_lte_signal_present_but_5g_capable_takes_precedence""], ""review_count"": [""detail_page: 212""], ""title"": [""アジア25ヵ国SIM 利用日数30日 データ容量7GB アジア周遊プリペイドSIM ローミングSIM 利用国(インド、オーストラリア、韓国、グアム、サイパン、シンガポール、タイ、台湾、中国、日本、フィリピン、ベトナム、香港、マカオ、マレーシア等)""]}"
amazon_jp,hk,【中国・香港・マカオ eSIM】7日間 5GB（六泊七日 コスパ重視） DeSiM正規卸 |LINE相談受付中 |データ通信専用（電話番号なし） simフリー端末のみ対応 説明書付 イーシム DeSiM,2120,2,,,,,1601,7일,7일,7일,local,lte_4g_only,,,"{""cmhk"": null, ""csl"": null, ""smartone"": null, ""three_hk"": null}","{""skt"": null, ""kt"": null, ""lgu"": null}",unlimited,https://www.amazon.co.jp/%E3%80%90%E4%B8%AD%E5%9B%BD%E3%83%BB%E9%A6%99%E6%B8%AF%E3%83%BB%E3%83%9E%E3%82%AB%E3%82%AA-eSIM%E3%80%917%E6%97%A5%E9%96%93-LINE%E7%9B%B8%E8%AB%87%E5%8F%97%E4%BB%98%E4%B8%AD-%E3%83%87%E3%83%BC%E3%82%BF%E9%80%9A%E4%BF%A1%E5%B0%82%E7%94%A8%EF%BC%88%E9%9B%BB%E8%A9%B1%E7%95%AA%E5%8F%B7%E3%81%AA%E3%81%97%EF%BC%89-sim%E3%83%95%E3%83%AA%E3%83%BC%E7%AB%AF%E6%9C%AB%E3%81%AE%E3%81%BF%E5%AF%BE%E5%BF%9C/dp/B0D5WCHSKG,B0D5WCHSKG,B0D5WCHSKG,DeSiM,DeSiMのストアを表示,"{""price_jpy"": [""￥2,120""], ""usage_validity"": [""【中国・香港・マカオ eSIM】7日間 5GB（六泊七日 コスパ重視） DeSiM正規卸 |LINE相談受付中 |データ通信専用（電話番号なし） simフリー端末のみ対応 説明書付 イーシム DeSiM""], ""activation_validity"": [""商品の説明 購入前の注意事項 【注意事項】 注意事項①：本商品はデータ通信専用です（通話はご利用いただけません）。ご注意ください。 注意事項②：SIMロックフリー端末、もしくはSIMフリー端末専用のサービスです。必ず、ご利用端末がeSIM対応かどうかご確認ください。 注意事項③：2021年10月1日以前にSIMロック解除をキャリア店頭またはインターネットでさ""], ""data_amount"": [""商品の説明 購入前の注意事項 【注意事項】 注意事項①：本商品はデータ通信専用です（通話はご利用いただけません）。ご注意ください。 注意事項②：SIMロックフリー端末、もしくはSIMフリー端末専用のサービスです。必ず、ご利用端末がeSIM対応かどうかご確認ください。 注意事項③：2021年10月1日以前にSIMロック解除をキャリア店頭またはインターネットでさ""], ""network_type"": [""商品の説明 購入前の注意事項 【注意事項】 注意事項①：本商品はデータ通信専用です（通話はご利用いただけません）。ご注意ください。 注意事項②：SIMロックフリー端末、もしくはSIMフリー端末専用のサービスです。必ず、ご利用端末がeSIM対応かどうかご確認ください。 注意事項③：2021年10月1日以前にSIMロック解除をキャリア店頭またはインターネットでさ"", ""【チョコSIM 定額（Sプラン）】【中国の電話番号付きでアプリや施設サービスのSMS認証が可能】【データ容量】合計500MB/月【音声】合計20分間/月 データ/音声/SMS付きSIMカード 中国SIM マカオSIM China unicom ※こちらのSIMカードは契約後、毎月の基本料が発生いたします。※2024年11月1日から台湾でのご利用はできなくなり"", ""score: local=9, roaming=1""], ""network_generation"": [""product_info_cellular_4g_lte: source:product_info_cellular: 携帯電話技術 4G LTE"", ""product_info_cellular_4g_lte: source:product_info_cellular: 携帯電話技術 4G LTE""], ""review_count"": [""detail_page: (2)""], ""bestseller_rank"": [""Amazon 売れ筋ランキング 家電＆カメラ - 199,304位 ( 家電＆カメラの売れ筋ランキングを見る ) プリペイドSIMカード - 1,601位""], ""title"": [""【中国・香港・マカオ eSIM】7日間 5GB（六泊七日 コスパ重視） DeSiM正規卸 |LINE相談受付中 |データ通信専用（電話番号なし） simフリー端末のみ対応 説明書付 イーシム DeSiM""]}"
amazon_jp,hk,【香港・マカオ eSIM】9日間 10GB（コスパ重視） DeSiM正規卸 | LINE相談受付中 | データ通信専用（電話番号なし） | simフリー端末のみ対応 説明書付 イーシム DeSiM,2420,2,,,,,2532,9일,9일,,unknown,unknown,,,"{""cmhk"": null, ""csl"": null, ""smartone"": null, ""three_hk"": null}","{""skt"": null, ""kt"": null, ""lgu"": null}",10GB,https://www.amazon.co.jp/10GB%EF%BC%88%E3%82%B3%E3%82%B9%E3%83%91%E9%87%8D%E8%A6%96%EF%BC%89-LINE%E7%9B%B8%E8%AB%87%E5%8F%97%E4%BB%98%E4%B8%AD%EF%BD%9C%E5%BD%93%E6%97%A5%E7%99%BA%E8%A1%8C%E5%8F%AF%E8%83%BD-%E3%83%87%E3%83%BC%E3%82%BF%E9%80%9A%E4%BF%A1%E5%B0%82%E7%94%A8%EF%BC%88%E9%9B%BB%E8%A9%B1%E7%95%AA%E5%8F%B7%E3%81%AA%E3%81%97%EF%BC%89-sim%E3%83%95%E3%83%AA%E3%83%BC%E7%AB%AF%E6%9C%AB%E3%81%AE%E3%81%BF%E5%AF%BE%E5%BF%9C-DeSiM/dp/B0F1DY6FGH,B0F1DY6FGH,B0F1DY6FGH,DeSiM,DeSiMのストアを表示,"{""price_jpy"": [""￥2,420""], ""usage_validity"": [""【香港・マカオ eSIM】9日間 10GB（コスパ重視） DeSiM正規卸 | LINE相談受付中 | データ通信専用（電話番号なし） | simフリー端末のみ対応 説明書付 イーシム DeSiM""], ""data_amount"": [""【香港・マカオ eSIM】9日間 10GB（コスパ重視） DeSiM正規卸 | LINE相談受付中｜当日発行可能 | データ通信専用（電話番号なし） | simフリー端末のみ対応 説明書付 イーシム DeSiM""], ""network_type"": [""insufficient_or_conflicting_signals(local=0, roaming=-2)""], ""network_generation"": [""fallback_5g: source:image_alt: 【世界eSIM】日本1GB + グローバル100MB 360日間 物理eSIMカード ｜200以上の国と地域対応 e-sim 中国 韓国 アメリカ ヨーロッパ 海外 シムカード プリペイドsim カード 5G/4G LTE 高速データ通信専用 プロファイル管理可能 海外旅行・出張に最適 – Androidスマートフォンをe"", ""fallback_4g_lte: source:image_alt: 【世界eSIM】日本1GB + グローバル100MB 360日間 物理eSIMカード ｜200以上の国と地域対応 e-sim 中国 韓国 アメリカ ヨーロッパ 海外 シムカード プリペイドsim カード 5G/4G LTE 高速データ通信専用 プロファイル管理可能 海外旅行・出張に最適 – Androidスマートフォンをe"", ""fallback_only_network_generation_signal""], ""review_count"": [""detail_page: (2)""], ""bestseller_rank"": [""Amazon 売れ筋ランキング 家電＆カメラ - 356,128位 ( 家電＆カメラの売れ筋ランキングを見る ) プリペイドSIMカード - 2,532位""], ""title"": [""【香港・マカオ eSIM】9日間 10GB（コスパ重視） DeSiM正規卸 | LINE相談受付中 | データ通信専用（電話番号なし） | simフリー端末のみ対応 説明書付 イーシム DeSiM""]}"
amazon_jp,hk,【ジョイテル】【中国どこでもSIM】中国8日間大容量データ通信SIM｜VPNはもう要らない・中国でもLINEやインスタも利用できるから安心,1280,274,,,100,,128,3일,3일,8일,local,lte_4g_only,,,"{""cmhk"": null, ""csl"": null, ""smartone"": null, ""three_hk"": null}","{""skt"": null, ""kt"": null, ""lgu"": null}",5GB,https://www.amazon.co.jp/%E3%82%B8%E3%83%A7%E3%82%A4%E3%83%86%E3%83%AB-JSCH-0001-%E3%80%90%E4%B8%96%E7%95%8C%E7%9A%84SIM%E3%83%96%E3%83%A9%E3%83%B3%E3%83%89%E3%83%BB%E4%BF%A1%E9%A0%BC%E3%81%AEJOYTEL%E3%80%91%E4%B8%AD%E5%9B%BD8%E6%97%A5%E9%96%93%E5%A4%A7%E5%AE%B9%E9%87%8F%E3%83%87%E3%83%BC%E3%82%BF%E9%80%9A%E4%BF%A1SIM%EF%BD%9CVPN%E3%81%AF%E3%82%82%E3%81%86%E8%A6%81%E3%82%89%E3%81%AA%E3%81%84%E3%83%BB%E4%B8%AD%E5%9B%BD%E3%81%A7%E3%82%82LINE%E3%82%84%E3%82%A4%E3%83%B3%E3%82%B9%E3%82%BF%E3%82%82%E5%88%A9%E7%94%A8%E3%81%A7%E3%81%8D%E3%82%8B%E3%81%8B%E3%82%89%E5%AE%89%E5%BF%83/dp/B0BRSYLHPS,B0BRSYLHPS,B0BRSYLHPS,JOYTEL（ジョイテル株式会社）,ブランド: ジョイテル,"{""price_jpy"": [""￥1,280""], ""usage_validity"": [""【SKTelecoｍ公式認証】 韓国eSIM 3日間 (72時間) 電話番号付き 超高速データ無制限 最初の5分発信無料(韓国国内) お急ぎの方即時発行可(LINE相談受付中) 有効期限／ご購入日より120日以内 現地空港サポート(SKTelecomローミングセンター) SKテレコム正規品 韓国SIMカードタイプではありません""], ""activation_validity"": [""【ジョイテル】【中国どこでもSIM】中国8日間大容量データ通信SIM｜VPNはもう要らない・中国でもLINEやインスタも利用できるから安心""], ""data_amount"": [""高速4G通信を大容量5GByte利用することが可能です。5GByteを超過すると速度制限、7GByteを超過すると通信停止となります。""], ""network_type"": [""【チョコSIM 定額（Sプラン）】【中国の電話番号付きでアプリや施設サービスのSMS認証が可能】【データ容量】合計500MB/月【音声】合計20分間/月 データ/音声/SMS付きSIMカード 中国SIM マカオSIM China unicom ※こちらのSIMカードは契約後、毎月の基本料が発生いたします。※2024年11月1日から台湾でのご利用はできなくなり"", ""【SKTelecoｍ公式認証】 韓国eSIM 3日間 (72時間) 電話番号付き 超高速データ無制限 最初の5分発信無料(韓国国内) お急ぎの方即時発行可(LINE相談受付中) 有効期限／ご購入日より120日以内 現地空港サポート(SKTelecomローミングセンター) SKテレコム正規品 韓国SIMカードタイプではありません"", ""score: local=6, roaming=1""], ""network_generation"": [""product_info_cellular_4g_lte: source:product_info_cellular: 携帯電話技術 4G/3G"", ""product_info_cellular_4g_lte: source:product_info_cellular: 携帯電話技術 4G/3G""], ""monthly_sold_count"": [""Amazon.co.jp: 【ジョイテル】【中国どこでもSIM】中国8日間大容量データ通信SIM｜VPNはもう要らない・中国でもLINEやインスタも利用できるから安心 : 家電＆カメラ 次に移動 メインコンテンツ この商品について この商品について この商品について 購入オプション 類似商品と比較する ビデオ レビュー キーボードショートカット 検索 Alt""], ""review_count"": [""detail_page: (274)""], ""bestseller_rank"": [""Amazon 売れ筋ランキング 家電＆カメラ - 10,038位 ( 家電＆カメラの売れ筋ランキングを見る ) プリペイドSIMカード - 128位""], ""title"": [""【ジョイテル】【中国どこでもSIM】中国8日間大容量データ通信SIM｜VPNはもう要らない・中国でもLINEやインスタも利用できるから安心""]}"
amazon_jp,hk,【香港・マカオ eSIM】30日間 20GB（二十九泊三十日 コスパ重視） DeSiM正規卸 | LINE相談受付中 | データ通信専用（電話番号なし） | simフリー端末のみ対応 説明書付 イーシム,3360,1,,,,,2715,30일,30일,,local,unknown,,,"{""cmhk"": null, ""csl"": null, ""smartone"": null, ""three_hk"": null}","{""skt"": null, ""kt"": null, ""lgu"": null}",unlimited,https://www.amazon.co.jp/eSIM%E3%80%9130%E6%97%A5%E9%96%93-20GB%EF%BC%88%E4%BA%8C%E5%8D%81%E4%B9%9D%E6%B3%8A%E4%B8%89%E5%8D%81%E6%97%A5-LINE%E7%9B%B8%E8%AB%87%E5%8F%97%E4%BB%98%E4%B8%AD%EF%BD%9C%E5%BD%93%E6%97%A5%E7%99%BA%E8%A1%8C%E5%8F%AF%E8%83%BD-%E3%83%87%E3%83%BC%E3%82%BF%E9%80%9A%E4%BF%A1%E5%B0%82%E7%94%A8%EF%BC%88%E9%9B%BB%E8%A9%B1%E7%95%AA%E5%8F%B7%E3%81%AA%E3%81%97%EF%BC%89-sim%E3%83%95%E3%83%AA%E3%83%BC%E7%AB%AF%E6%9C%AB%E3%81%AE%E3%81%BF%E5%AF%BE%E5%BF%9C/dp/B0DG4QSNVC,B0DG4QSNVC,B0DG4QSNVC,DeSiM,DeSiMのストアを表示,"{""price_jpy"": [""￥3,360""], ""usage_validity"": [""【香港・マカオ eSIM】30日間 20GB（二十九泊三十日 コスパ重視） DeSiM正規卸 | LINE相談受付中 | データ通信専用（電話番号なし） | simフリー端末のみ対応 説明書付 イーシム""], ""data_amount"": [""商品の説明 購入前の注意事項 【注意事項】 注意事項①：電話番号は付与されませんので、ご注意ください。 注意事項②：SIMロックフリー端末、もしくはSIMフリー端末専用のサービスです。必ず、ご利用端末がeSIM対応かどうかご確認ください。 注意事項③：2021年10月1日以前にSIMロック解除をキャリア店頭またはインターネットでされた「Android端末」は""], ""network_type"": [""商品の説明 購入前の注意事項 【注意事項】 注意事項①：電話番号は付与されませんので、ご注意ください。 注意事項②：SIMロックフリー端末、もしくはSIMフリー端末専用のサービスです。必ず、ご利用端末がeSIM対応かどうかご確認ください。 注意事項③：2021年10月1日以前にSIMロック解除をキャリア店頭またはインターネットでされた「Android端末」は"", ""score: local=3, roaming=1""], ""network_generation"": [""fallback_5g: source:fallback_all_text: Amazon.co.jp: 【香港・マカオ eSIM】30日間 20GB（二十九泊三十日 コスパ重視） DeSiM正規卸 | LINE相談受付中 | データ通信専用（電話番号なし） | simフリー端末のみ対応 説明書付 イーシム : 家電＆カメラ 次に移動 メインコンテンツ この商品について この商品につ"", ""fallback_only_network_generation_signal""], ""review_count"": [""detail_page: (1)""], ""bestseller_rank"": [""Amazon 売れ筋ランキング 家電＆カメラ - 395,969位 ( 家電＆カメラの売れ筋ランキングを見る ) プリペイドSIMカード - 2,715位""], ""title"": [""【香港・マカオ eSIM】30日間 20GB（二十九泊三十日 コスパ重視） DeSiM正規卸 | LINE相談受付中 | データ通信専用（電話番号なし） | simフリー端末のみ対応 説明書付 イーシム""]}"
amazon_jp,hk,【中国 香港 マカオeSIM】7日間 高速データ通信 低速なし 完全無制限 実名登録不要 中国ネット規制対象外 使い放題｜Google LINE YouTubeなどVPNなしで利用可能｜中国 simカード 香港sim マカオsim マカオeSIM プリペイド SIM eSIM｜旅行・出張・留学｜安心サポート 5G 4G-LTE対応 当日発行可能,1950,1,,,,,2067,1일,1일,7일,unknown,5g_capable,,,"{""cmhk"": null, ""csl"": null, ""smartone"": true, ""three_hk"": null}","{""skt"": null, ""kt"": null, ""lgu"": null}",unlimited,https://www.amazon.co.jp/%E3%83%9E%E3%82%AB%E3%82%AAeSIM%E3%80%917%E6%97%A5%E9%96%93-%E4%B8%AD%E5%9B%BD%E3%83%8D%E3%83%83%E3%83%88%E8%A6%8F%E5%88%B6%E5%AF%BE%E8%B1%A1%E5%A4%96-%E4%BD%BF%E3%81%84%E6%94%BE%E9%A1%8C%EF%BD%9CGoogle-YouTube%E3%81%AA%E3%81%A9VPN%E3%81%AA%E3%81%97%E3%81%A7%E5%88%A9%E7%94%A8%E5%8F%AF%E8%83%BD%EF%BD%9C%E4%B8%AD%E5%9B%BD-eSIM%EF%BD%9C%E6%97%85%E8%A1%8C%E3%83%BB%E5%87%BA%E5%BC%B5%E3%83%BB%E7%95%99%E5%AD%A6%EF%BD%9C%E5%AE%89%E5%BF%83%E3%82%B5%E3%83%9D%E3%83%BC%E3%83%88/dp/B0FDG65RVF,B0FDG65RVF,B0FDG65RVF,Global Travel SIM Card,onetoneのストアを表示,"{""price_jpy"": [""￥1,950""], ""usage_validity"": [""【有効期限について】eSIM カードはアクティベーション前の有効期限が 365 日です。アクティベーション後の有効期間は購入した日数と一致し、24 時間を 1 日として計算されます""], ""activation_validity"": [""【中国 香港 マカオeSIM】7日間 高速データ通信 低速なし 完全無制限 実名登録不要 中国ネット規制対象外 使い放題｜Google LINE YouTubeなどVPNなしで利用可能｜中国 simカード 香港sim マカオsim マカオeSIM プリペイド SIM eSIM｜旅行・出張・留学｜安心サポート 5G 4G-LTE対応 当日発行可能""], ""data_amount"": [""Amazon.co.jp: 【中国 香港 マカオeSIM】7日間 高速データ通信 低速なし 完全無制限 実名登録不要 中国ネット規制対象外 使い放題｜Google LINE YouTubeなどVPNなしで利用可能｜中国 simカード 香港sim マカオsim マカオeSIM プリペイド SIM eSIM｜旅行・出張・留学｜安心サポート 5G 4G-LTE対応""], ""network_type"": [""local_signal: 【チョコSIM 定額（Sプラン）】【中国の電話番号付きでアプリや施設サービスのSMS認証が可能】【データ容量】合計500MB/月【音声】合計20分間/月 データ/音声/SMS付きSIMカード 中国SIM マカオSIM China unicom ※こちらのSIMカードは契約後、毎月の基本料が発生いたします。※2024年11月1日から台湾でのご利用はできなくなり"", ""roaming_signal: 商品の説明 注意事項： 1. eSIMが提供する機能とサービス 現在のeSIMはデータ通信のみサポートしており、音声通話およびSMS機能はサポートしていません。 2. スマートフォンがeSIMをサポートしているかどうかの確認方法 「通話」画面で`*#06#`を入力すると、EID情報が表示されます。これはスマートフォンがeSIMのインストールをサポートしている"", ""insufficient_or_conflicting_signals(local=9, roaming=3)""], ""network_generation"": [""product_info_cellular_5g: source:product_info_cellular: 携帯電話技術 5G, 4G LTE"", ""product_info_cellular_5g: source:product_info_cellular: 携帯電話技術 5G, 4G LTE""], ""carrier_support_local"": [""SmarTone: サービスプロバイダ China mobile/Smartone"", ""SmarTone: Amazon.co.jp: 【中国 香港 マカオeSIM】7日間 高速データ通信 低速なし 完全無制限 実名登録不要 中国ネット規制対象外 使い放題｜Google LINE YouTubeなどVPNなしで利用可能｜中国 simカード 香港sim マカオsim マカオeSIM プリペイド SIM eS""], ""review_count"": [""detail_page: (1)""], ""bestseller_rank"": [""Amazon 売れ筋ランキング 家電＆カメラ - 276,153位 ( 家電＆カメラの売れ筋ランキングを見る ) プリペイドSIMカード - 2,067位""], ""title"": [""【中国 香港 マカオeSIM】7日間 高速データ通信 低速なし 完全無制限 実名登録不要 中国ネット規制対象外 使い放題｜Google LINE YouTubeなどVPNなしで利用可能｜中国 simカード 香港sim マカオsim マカオeSIM プリペイド SIM eSIM｜旅行・出張・留学｜安心サポート 5G 4G-LTE対応 当日発行可能""]}"
amazon_jp,hk,【Almond sim】ヨーロッパ simcard EU 30日間10GB イギリス フランス sim キャリア正規品 LINEで24時間サポート 高速データ通信 現地通話 SMS無制限 ヨーロッパ周遊 プリペイド simカード 72ヶ国対応 (30日間10GB),1950,260,,,100,,52,30일,30일,30일,local,lte_4g_only,,,"{""cmhk"": null, ""csl"": null, ""smartone"": null, ""three_hk"": null}","{""skt"": null, ""kt"": null, ""lgu"": null}",10GB,https://www.amazon.co.jp/%E3%80%90Almond-sim%E3%80%91%E3%83%A8%E3%83%BC%E3%83%AD%E3%83%83%E3%83%91-simcard-30%E6%97%A5%E9%96%9310GB-LINE%E3%81%A724%E6%99%82%E9%96%93%E3%82%B5%E3%83%9D%E3%83%BC%E3%83%88/dp/B0D7LHGVY9,B0D7LHGVY9,B0D7LHGVY9,株式会社ビッグコネクト,bigconnectのストアを表示,"{""price_jpy"": [""￥1,950""], ""usage_validity"": [""【Almond sim】ヨーロッパ simcard EU 30日間10GB イギリス フランス sim キャリア正規品 LINEで24時間サポート 高速データ通信 現地通話 SMS無制限 ヨーロッパ周遊 プリペイド simカード 72ヶ国対応 (30日間10GB)""], ""activation_validity"": [""【有効期限】2026年12月31日。開通後30日間ご利用可能なので、ヨーロッパ渡航スケジュールにぴったりの手軽なプリペイドSIMカードです。""], ""data_amount"": [""【データ容量】イギリスでは30日間で10GB、ヨーロッパの他の72か国/地域では30日間で6GBまでご利用いただけます。通話とSMSは無制限です。※ヨーロッパのイギリス以外地域は電話またはメッセージ受信+44が必要です。""], ""network_type"": [""【チョコSIM 定額（Sプラン）】【中国の電話番号付きでアプリや施設サービスのSMS認証が可能】【データ容量】合計500MB/月【音声】合計20分間/月 データ/音声/SMS付きSIMカード 中国SIM マカオSIM China unicom ※こちらのSIMカードは契約後、毎月の基本料が発生いたします。※2024年11月1日から台湾でのご利用はできなくなり"", ""score: local=3, roaming=1""], ""network_generation"": [""product_info_cellular_4g_lte: source:product_info_cellular: 携帯電話技術 4G-LTE/3G"", ""product_info_cellular_4g_lte: source:product_info_cellular: 携帯電話技術 4G-LTE/3G""], ""monthly_sold_count"": [""Amazon.co.jp: 【Almond sim】ヨーロッパ simcard EU 30日間10GB イギリス フランス sim キャリア正規品 LINEで24時間サポート 高速データ通信 現地通話 SMS無制限 ヨーロッパ周遊 プリペイド simカード 72ヶ国対応 (30日間10GB) : 家電＆カメラ 次に移動 メインコンテンツ この商品について こ""], ""review_count"": [""detail_page: (260)""], ""bestseller_rank"": [""Amazon 売れ筋ランキング 家電＆カメラ - 5,212位 ( 家電＆カメラの売れ筋ランキングを見る ) プリペイドSIMカード - 52位""], ""title"": [""【Almond sim】ヨーロッパ simcard EU 30日間10GB イギリス フランス sim キャリア正規品 LINEで24時間サポート 高速データ通信 現地通話 SMS無制限 ヨーロッパ周遊 プリペイド simカード 72ヶ国対応 (30日間10GB)""]}"
amazon_jp,hk,【東南アジア４カ国 eSIM】5日間 5GB（四泊五日 コスパ重視） DeSiM正規卸 | タイ シンガポール マレーシア インドネシアの4ヵ国 利用可能 |LINE相談受付中 |データ通信専用（電話番号なし） simフリー端末のみ対応 説明書付 イーシム,1670,9,,,,,323,5일,5일,10일,local,lte_4g_only,,,"{""cmhk"": null, ""csl"": null, ""smartone"": null, ""three_hk"": null}","{""skt"": null, ""kt"": null, ""lgu"": null}",unlimited,https://www.amazon.co.jp/%E3%80%90%E6%9D%B1%E5%8D%97%E3%82%A2%E3%82%B8%E3%82%A2%EF%BC%94%E3%82%AB%E5%9B%BD-%E3%82%A4%E3%83%B3%E3%83%89%E3%83%8D%E3%82%B7%E3%82%A2%E3%81%AE4%E3%83%B5%E5%9B%BD-LINE%E7%9B%B8%E8%AB%87%E5%8F%97%E4%BB%98%E4%B8%AD-%E3%83%87%E3%83%BC%E3%82%BF%E9%80%9A%E4%BF%A1%E5%B0%82%E7%94%A8%EF%BC%88%E9%9B%BB%E8%A9%B1%E7%95%AA%E5%8F%B7%E3%81%AA%E3%81%97%EF%BC%89-sim%E3%83%95%E3%83%AA%E3%83%BC%E7%AB%AF%E6%9C%AB%E3%81%AE%E3%81%BF%E5%AF%BE%E5%BF%9C/dp/B0D6NK6185,B0D6NK6185,B0D6NK6185,DeSiM,DeSiMのストアを表示,"{""price_jpy"": [""￥1,670""], ""usage_validity"": [""【東南アジア４カ国 eSIM】5日間 5GB（四泊五日 コスパ重視） DeSiM正規卸 | タイ シンガポール マレーシア インドネシアの4ヵ国 利用可能 |LINE相談受付中 |データ通信専用（電話番号なし） simフリー端末のみ対応 説明書付 イーシム""], ""activation_validity"": [""商品の説明 購入前の注意事項 【注意事項】 注意事項①：電 話番号は付与されませんので、ご注意ください。 注意事項②：SIMロックフリー端末、もしくはSIMフリー端末専用のサービスです。必ず、ご利用端末がeSIM対応かどうかご確認ください。 注意事項③：2021年10月1日以前にSIMロック解除をキャリア店頭またはインターネットでされた「Android端末」""], ""data_amount"": [""商品の説明 購入前の注意事項 【注意事項】 注意事項①：電 話番号は付与されませんので、ご注意ください。 注意事項②：SIMロックフリー端末、もしくはSIMフリー端末専用のサービスです。必ず、ご利用端末がeSIM対応かどうかご確認ください。 注意事項③：2021年10月1日以前にSIMロック解除をキャリア店頭またはインターネットでされた「Android端末」""], ""network_type"": [""商品の説明 購入前の注意事項 【注意事項】 注意事項①：電 話番号は付与されませんので、ご注意ください。 注意事項②：SIMロックフリー端末、もしくはSIMフリー端末専用のサービスです。必ず、ご利用端末がeSIM対応かどうかご確認ください。 注意事項③：2021年10月1日以前にSIMロック解除をキャリア店頭またはインターネットでされた「Android端末」"", ""【チョコSIM 定額（Sプラン）】【中国の電話番号付きでアプリや施設サービスのSMS認証が可能】【データ容量】合計500MB/月【音声】合計20分間/月 データ/音声/SMS付きSIMカード 中国SIM マカオSIM China unicom ※こちらのSIMカードは契約後、毎月の基本料が発生いたします。※2024年11月1日から台湾でのご利用はできなくなり"", ""score: local=9, roaming=1""], ""network_generation"": [""product_info_cellular_4g_lte: source:product_info_cellular: 携帯電話技術 4G LTE"", ""product_info_cellular_4g_lte: source:product_info_cellular: 携帯電話技術 4G LTE""], ""review_count"": [""detail_page: (9)""], ""bestseller_rank"": [""Amazon 売れ筋ランキング 家電＆カメラ - 26,627位 ( 家電＆カメラの売れ筋ランキングを見る ) プリペイドSIMカード - 323位""], ""title"": [""【東南アジア４カ国 eSIM】5日間 5GB（四泊五日 コスパ重視） DeSiM正規卸 | タイ シンガポール マレーシア インドネシアの4ヵ国 利用可能 |LINE相談受付中 |データ通信専用（電話番号なし） simフリー端末のみ対応 説明書付 イーシム""]}"
amazon_jp,hk,【東南アジア４カ国 eSIM】7日間 5GB DeSiM正規卸 | シンガポール・マレーシア・タイ・インドネシアの4ヵ国利用可能 | DeSiM正規卸 | LINE相談受付中 |データ通信専用（電話番号なし） simフリー端末のみ対応 説明書付 ｜ イーシム(eSIM | 7日間 5GB),1730,140,,,,,137,7일,7일,10일,unknown,lte_4g_only,,,"{""cmhk"": null, ""csl"": null, ""smartone"": null, ""three_hk"": null}","{""skt"": null, ""kt"": null, ""lgu"": null}",unlimited,https://www.amazon.co.jp/5GB-%E3%82%B7%E3%83%B3%E3%82%AC%E3%83%9D%E3%83%BC%E3%83%AB%E3%83%BB%E3%83%9E%E3%83%AC%E3%83%BC%E3%82%B7%E3%82%A2%E3%83%BB%E3%82%BF%E3%82%A4%E3%83%BB%E3%82%A4%E3%83%B3%E3%83%89%E3%83%8D%E3%82%B7%E3%82%A2%E3%81%AE4%E3%83%B5%E5%9B%BD%E5%88%A9%E7%94%A8%E5%8F%AF%E8%83%BD-%E3%83%87%E3%83%BC%E3%82%BF%E9%80%9A%E4%BF%A1%E5%B0%82%E7%94%A8%EF%BC%88%E9%9B%BB%E8%A9%B1%E7%95%AA%E5%8F%B7%E3%81%AA%E3%81%97%EF%BC%89-eSIM-7%E6%97%A5%E9%96%93/dp/B0D2L9FCY4,B0D2L9FCY4,B0D2L9FCY4,DeSiM,DeSiMのストアを表示,"{""price_jpy"": [""￥1,730""], ""usage_validity"": [""【東南アジア４カ国 eSIM】7日間 5GB DeSiM正規卸 | シンガポール・マレーシア・タイ・インドネシアの4ヵ国利用可能 | DeSiM正規卸 | LINE相談受付中 |データ通信専用（電話番号なし） simフリー端末のみ対応 説明書付 ｜ イーシム(eSIM | 7日間 5GB)""], ""activation_validity"": [""商品の説明 購入前の注意事項 【注意事項】 注意事項①：電 話番号は付与されませんので、ご注意ください。 注意事項②：SIMロックフリー端末、もしくはSIMフリー端末専用のサービスです。必ず、ご利用端末がeSIM対応かどうかご確認ください。 注意事項③：2021年10月1日以前にSIMロック解除をキャリア店頭またはインターネットでされた「Android端末」""], ""data_amount"": [""🐝【安心高速通信】完全無制限、低速度なし""], ""network_type"": [""local_signal: 商品の説明 購入前の注意事項 【注意事項】 注意事項①：電 話番号は付与されませんので、ご注意ください。 注意事項②：SIMロックフリー端末、もしくはSIMフリー端末専用のサービスです。必ず、ご利用端末がeSIM対応かどうかご確認ください。 注意事項③：2021年10月1日以前にSIMロック解除をキャリア店頭またはインターネットでされた「Android端末」"", ""roaming_signal: 🔺【返品等】当店では下記の内容につきましては対応できませんので、ご了承下さいご購入後7日経過のSIM返品 ②SIMロック未解除による利用不可. ③パッケージ開封後のSIM返品. ④お客様設定ミスによるローミング料金"", ""insufficient_or_conflicting_signals(local=9, roaming=2)""], ""network_generation"": [""product_info_cellular_4g_lte: source:product_info_cellular: 携帯電話技術 LTE"", ""product_info_cellular_4g_lte: source:product_info_cellular: 携帯電話技術 LTE""], ""review_count"": [""detail_page: (140)""], ""bestseller_rank"": [""Amazon 売れ筋ランキング 家電＆カメラ - 10,377位 ( 家電＆カメラの売れ筋ランキングを見る ) プリペイドSIMカード - 137位""], ""title"": [""【東南アジア４カ国 eSIM】7日間 5GB DeSiM正規卸 | シンガポール・マレーシア・タイ・インドネシアの4ヵ国利用可能 | DeSiM正規卸 | LINE相談受付中 |データ通信専用（電話番号なし） simフリー端末のみ対応 説明書付 ｜ イーシム(eSIM | 7日間 5GB)""]}"
amazon_jp,hk,香港 マカオ eSIM | 4日間 完全無制限 | 高速データ使い放題 | データ通信専用（電話番号なし）| 即日発行可能 LINEで年中無休24時間サポート 香港sim マカオsim (eSIM | 4日間),1680,2,,,,,3190,4일,4일,30일,unknown,lte_4g_only,,,"{""cmhk"": null, ""csl"": null, ""smartone"": true, ""three_hk"": true}","{""skt"": null, ""kt"": null, ""lgu"": null}",unlimited,https://www.amazon.co.jp/eSIM-4%E6%97%A5%E9%96%93-%E9%AB%98%E9%80%9F%E3%83%87%E3%83%BC%E3%82%BF%E4%BD%BF%E3%81%84%E6%94%BE%E9%A1%8C-%E3%83%87%E3%83%BC%E3%82%BF%E9%80%9A%E4%BF%A1%E5%B0%82%E7%94%A8%EF%BC%88%E9%9B%BB%E8%A9%B1%E7%95%AA%E5%8F%B7%E3%81%AA%E3%81%97%EF%BC%89-LINE%E3%81%A7%E5%B9%B4%E4%B8%AD%E7%84%A1%E4%BC%9124%E6%99%82%E9%96%93%E3%82%B5%E3%83%9D%E3%83%BC%E3%83%88/dp/B0DTY8T5JJ,B0DTY8T5JJ,B0DTY8T5JJ,Global Simcard,アーモンド　ＳＩｍ　ｃａｒｄのストアを表示,"{""price_jpy"": [""￥1,680""], ""usage_validity"": [""香港 マカオ eSIM | 4日間 完全無制限 | 高速データ使い放題 | データ通信専用（電話番号なし）| 即日発行可能 LINEで年中無休24時間サポート 香港sim マカオsim (eSIM | 4日間)""], ""activation_validity"": [""【有効期限】メールで納品後、30日以内にご利用ください。""], ""data_amount"": [""【高速データ通信】完全無制限、低速度なし！！""], ""network_type"": [""no_local_or_roaming_keyword_matched""], ""network_generation"": [""product_info_cellular_4g_lte: source:product_info_cellular: 携帯電話技術 4G-LTE"", ""product_info_cellular_4g_lte: source:product_info_cellular: 携帯電話技術 4G-LTE""], ""carrier_support_local"": [""SmarTone, 3HK: サービスプロバイダ SmarTone、HKT、3HK"", ""SmarTone, 3HK: Amazon.co.jp: 香港 マカオ eSIM | 4日間 完全無制限 | 高速データ使い放題 | データ通信専用（電話番号なし）| 即日発行可能 LINEで年中無休24時間サポート 香港sim マカオsim (eSIM | 4日間) : 家電＆カメラ 次に移動 メインコンテンツ この商品につい""], ""review_count"": [""detail_page: (2)""], ""bestseller_rank"": [""Amazon 売れ筋ランキング 家電＆カメラ - 509,315位 ( 家電＆カメラの売れ筋ランキングを見る ) プリペイドSIMカード - 3,190位""], ""title"": [""香港 マカオ eSIM | 4日間 完全無制限 | 高速データ使い放題 | データ通信専用（電話番号なし）| 即日発行可能 LINEで年中無休24時間サポート 香港sim マカオsim (eSIM | 4日間)""]}"
amazon_jp,hk,【中国 SIM】5日間無制限データ5G/4GLTE高速 | 日毎制限なし | 簡単アクティベーション | サポートLINEでのお問い合わせ（香港、マカオ、台湾はご利用いただけません）,2088,3,,,,,3738,5일,5일,180일,unknown,5g_capable,,,"{""cmhk"": null, ""csl"": null, ""smartone"": null, ""three_hk"": null}","{""skt"": null, ""kt"": null, ""lgu"": null}",unlimited,https://www.amazon.co.jp/SIM%E3%80%915%E6%97%A5%E9%96%93%E7%84%A1%E5%88%B6%E9%99%90%E3%83%87%E3%83%BC%E3%82%BF5G-4GLTE%E9%AB%98%E9%80%9F-%E6%97%A5%E6%AF%8E%E5%88%B6%E9%99%90%E3%81%AA%E3%81%97-%E7%B0%A1%E5%8D%98%E3%82%A2%E3%82%AF%E3%83%86%E3%82%A3%E3%83%99%E3%83%BC%E3%82%B7%E3%83%A7%E3%83%B3-%E3%82%B5%E3%83%9D%E3%83%BC%E3%83%88LINE%E3%81%A7%E3%81%AE%E3%81%8A%E5%95%8F%E3%81%84%E5%90%88%E3%82%8F%E3%81%9B%EF%BC%88%E9%A6%99%E6%B8%AF%E3%80%81%E3%83%9E%E3%82%AB%E3%82%AA%E3%80%81%E5%8F%B0%E6%B9%BE%E3%81%AF%E3%81%94%E5%88%A9%E7%94%A8%E3%81%84%E3%81%9F%E3%81%A0%E3%81%91%E3%81%BE%E3%81%9B%E3%82%93%EF%BC%89/dp/B0F23SQPJ8,B0F23SQPJ8,B0F23SQPJ8,Happy Travel Sim Card,HAPPY TELECOMのストアを表示,"{""price_jpy"": [""￥2,088""], ""usage_validity"": [""【中国 SIM】5日間無制限データ5G/4GLTE高速 | 日毎制限なし | 簡単アクティベーション | サポートLINEでのお問い合わせ（香港、マカオ、台湾はご利用いただけません）""], ""activation_validity"": [""データサービスを利用するためには、ローミングデータとローカルデータをオンにし、Wi-Fiはオフにしてください。また、フライトモードはオフにしてください。 有効期限：商品到着後180日。AppleのiOS、iPadOS、iPhone、iPad、およびAndroidデバイスをサポートしています。もしご使用に関して問題がありましたら、LINEで私たちにご連絡くださ""], ""data_amount"": [""ほとんどの携帯電話に対応する3in1 SIMカードで、挿入するだけで使用可能です。登録は不要です。データ通信は無制限ですが、通話やメッセージは含まれていません。サービスはアクティベーション日から4日間有効です。""], ""network_type"": [""local_signal: データサービスを利用するためには、ローミングデータとローカルデータをオンにし、Wi-Fiはオフにしてください。また、フライトモードはオフにしてください。 有効期限：商品到着後180日。AppleのiOS、iPadOS、iPhone、iPad、およびAndroidデバイスをサポートしています。もしご使用に関して問題がありましたら、LINEで私たちにご連絡くださ"", ""roaming_signal: データサービスを利用するためには、ローミングデータとローカルデータをオンにし、Wi-Fiはオフにしてください。また、フライトモードはオフにしてください。 有効期限：商品到着後180日。AppleのiOS、iPadOS、iPhone、iPad、およびAndroidデバイスをサポートしています。もしご使用に関して問題がありましたら、LINEで私たちにご連絡くださ"", ""insufficient_or_conflicting_signals(local=2, roaming=2)""], ""network_generation"": [""product_detail_5g: source:product_description: ◆ 無制限データ: 旅行中、データ制限なしでオンラインで過ごせます。ウェブをブラウズしたり、お気に入りのアプリを使用したり、友達と簡単に連絡を取り合えます。 ◆ 信頼性の高いネットワークカバレッジ: 都市部や田舎、移動中でもネットワークを楽しめます。中国のどこにいても常に接続されています。 ◆ 高速イン"", ""product_detail_4g_lte_signal_present_but_5g_capable_takes_precedence""], ""review_count"": [""detail_page: (3)""], ""bestseller_rank"": [""Amazon 売れ筋ランキング 家電＆カメラ - 748,262位 ( 家電＆カメラの売れ筋ランキングを見る ) プリペイドSIMカード - 3,738位""], ""title"": [""【中国 SIM】5日間無制限データ5G/4GLTE高速 | 日毎制限なし | 簡単アクティベーション | サポートLINEでのお問い合わせ（香港、マカオ、台湾はご利用いただけません）""]}"
amazon_jp,hk,アジア12か国 SIMカード 5日間 データ使い放題 5GBまで高速 Jet Sim 物理SIM 無制限 5日 ジェットシム タイ フィリピン ベトナム,1780,27,,,,,691,5일,5일,90일,local,5g_capable,,,"{""cmhk"": null, ""csl"": null, ""smartone"": null, ""three_hk"": null}","{""skt"": null, ""kt"": null, ""lgu"": null}",1GB/day,https://www.amazon.co.jp/%E3%82%A2%E3%82%B8%E3%82%A214%E3%81%8B%E5%9B%BD-SIM%E3%82%AB%E3%83%BC%E3%83%89-5%E6%97%A5%E9%96%93-%E3%83%87%E3%83%BC%E3%82%BF%E4%BD%BF%E3%81%84%E6%94%BE%E9%A1%8C-5GB%E3%81%BE%E3%81%A7%E9%AB%98%E9%80%9F/dp/B0DV41SG9Y,B0DV41SG9Y,B0DV41SG9Y,ジェスロモバイル,JETSIMのストアを表示,"{""price_jpy"": [""￥1,780""], ""usage_validity"": [""アジア12か国 SIMカード 5日間 データ使い放題 5GBまで高速 Jet Sim 物理SIM 無制限 5日 ジェットシム タイ フィリピン ベトナム""], ""activation_validity"": [""商品の説明 購入後すぐにSIMを使えますか？ はい、すぐにご利用いただけます。スムーズにご利用いただくために、申請フォームのご提出をお願いいたします。 アクティベーションは必要ですか？ アクティベーションは不要です。SIMをスマートフォンに挿入すれば、現地に到着次第、自動的に接続されます！ 複数の国で利用できるプランは国をまたいで移動する際も、同じSIMを使""], ""data_amount"": [""【データ無制限】 アジア12カ国5日間、5G/4G-LTE高速データ5GB。その後もデータ通信の利用が可能。テザリング対応。高速データ1日1GBまで。""], ""network_type"": [""【チョコSIM 定額（Sプラン）】【中国の電話番号付きでアプリや施設サービスのSMS認証が可能】【データ容量】合計500MB/月【音声】合計20分間/月 データ/音声/SMS付きSIMカード 中国SIM マカオSIM China unicom ※こちらのSIMカードは契約後、毎月の基本料が発生いたします。※2024年11月1日から台湾でのご利用はできなくなり"", ""【SKTelecoｍ公式認証】 韓国eSIM 3日間 (72時間) 電話番号付き 超高速データ無制限 最初の5分発信無料(韓国国内) お急ぎの方即時発行可(LINE相談受付中) 有効期限／ご購入日より120日以内 現地空港サポート(SKTelecomローミングセンター) SKテレコム正規品 韓国SIMカードタイプではありません"", ""score: local=6, roaming=1""], ""network_generation"": [""product_detail_5g: source:feature_bullets: 【データ無制限】 アジア12カ国5日間、5G/4G-LTE高速データ5GB。その後もデータ通信の利用が可能。テザリング対応。高速データ1日1GBまで。""], ""review_count"": [""detail_page: (27)""], ""bestseller_rank"": [""Amazon 売れ筋ランキング 家電＆カメラ - 67,849位 ( 家電＆カメラの売れ筋ランキングを見る ) プリペイドSIMカード - 691位""], ""title"": [""アジア12か国 SIMカード 5日間 データ使い放題 5GBまで高速 Jet Sim 物理SIM 無制限 5日 ジェットシム タイ フィリピン ベトナム""]}"
amazon_jp,hk,SIMカード 世界77カ国対応 プリペイドSIM 1GB/30日 全世界データ通信 日本・中国・アメリカ・ヨーロッパ・オーストラリア・カナダ・フランス・ドイツ・マレーシア・韓国・スペイン・スイス・台湾・タイ・イギリス・トルコ・南アフリカ・エジプト・インドネシア 高速データ通信専用 海外SIM prepaid sim card japan（残データ量確認・チャージ対応・多言語マニュアル付き）,1555,10,,,,,1154,3일,3일,30일,unknown,5g_capable,,,"{""cmhk"": null, ""csl"": null, ""smartone"": null, ""three_hk"": null}","{""skt"": null, ""kt"": null, ""lgu"": null}",1GB,https://www.amazon.co.jp/%E4%B8%96%E7%95%8C77%E3%82%AB%E5%9B%BD%E3%83%BB%E5%9C%B0%E5%9F%9F%E5%AF%BE%E5%BF%9C-1GB-30%E6%97%A5-japan%EF%BC%88%E6%AE%8B%E3%83%87%E3%83%BC%E3%82%BF%E9%87%8F%E7%A2%BA%E8%AA%8D%E3%83%BB%E3%83%81%E3%83%A3%E3%83%BC%E3%82%B8%E5%AF%BE%E5%BF%9C%E3%83%BB%E5%A4%9A%E8%A8%80%E8%AA%9E%E3%83%9E%E3%83%8B%E3%83%A5%E3%82%A2%E3%83%AB%E4%BB%98%E3%81%8D%EF%BC%89/dp/B0DR8KGNB6,B0DR8KGNB6,B0DR8KGNB6,EIOTMART: IoT Wholesale,EIOTMARTのストアを表示,"{""price_jpy"": [""￥1,555""], ""usage_validity"": [""【SKTelecoｍ公式認証】 韓国eSIM 3日間 (72時間) 電話番号付き 超高速データ無制限 最初の5分発信無料(韓国国内) お急ぎの方即時発行可(LINE相談受付中) 有効期限／ご購入日より120日以内 現地空港サポート(SKTelecomローミングセンター) SKテレコム正規品 韓国SIMカードタイプではありません""], ""activation_validity"": [""SIMカード 世界77カ国対応 プリペイドSIM 1GB/30日 全世界データ通信 日本・中国・アメリカ・ヨーロッパ・オーストラリア・カナダ・フランス・ドイツ・マレーシア・韓国・スペイン・スイス・台湾・タイ・イギリス・トルコ・南アフリカ・エジプト・インドネシア 高速データ通信専用 海外SIM prepaid sim card japan（残データ量確認・チャ""], ""data_amount"": [""【海外旅行・出張に最適】 日本を含む77の国と地域で使えるグローバルSIMカード。合計1GB（利用期間30日間）のデータ付きで。データチャージ対応、日本国内用・グローバル用の柔軟なチャージプランに対応。いつでもどこでも、あなたのニーズに合わせて自由にプランをカスタマイズできます、1枚のSIMカードで全世界対応。データ専用（電話番号なし）""], ""network_type"": [""local_signal: 【信頼性の高いネットワークサービス】データ専用SIMカードは、最適な信号を持つネットワークに自動で接続され、安定した通信環境を提供します。お客様のニーズに合わせた多様なデータプランをご用意しており、グローバル・ローカル問わず、すべてのプランはEIOTCLUBアプリ/ウェブを通じて簡単に管理・リフィル可能です"", ""roaming_signal: 【契約不要で手軽に使用開始】契約・本人確認不要。アクティベート期限なし。SIMカードを挿入し、データローミングを有効にするだけで、すぐにインターネットに接続できます。初回接続から30日間有効です。旅行者、出張、海外の短期滞在に最適です。※APN設定：アジア：asia.bics，ヨーロッパ：bicsapn，アメリカ地域：america.bics"", ""insufficient_or_conflicting_signals(local=20, roaming=5)""], ""network_generation"": [""product_info_cellular_5g: source:product_info_cellular: 携帯電話技術 LTE, 5G"", ""product_info_cellular_5g: source:product_info_cellular: 携帯電話技術 LTE, 5G"", ""product_info_cellular_4g_lte_signal_present_but_5g_capable_takes_precedence""], ""review_count"": [""detail_page: (10)""], ""bestseller_rank"": [""Amazon 売れ筋ランキング 家電＆カメラ - 136,645位 ( 家電＆カメラの売れ筋ランキングを見る ) プリペイドSIMカード - 1,154位""], ""title"": [""SIMカード 世界77カ国対応 プリペイドSIM 1GB/30日 全世界データ通信 日本・中国・アメリカ・ヨーロッパ・オーストラリア・カナダ・フランス・ドイツ・マレーシア・韓国・スペイン・スイス・台湾・タイ・イギリス・トルコ・南アフリカ・エジプト・インドネシア 高速データ通信専用 海外SIM prepaid sim card japan（残データ量確認・チャージ対応・多言語マニュアル付き）""]}"
amazon_jp,hk,[ 中国/香港/マカオ eSIM ] オンライン最短即日発行（メール受取）｜選べる容量・日数｜即利用OK｜安心24時間日本語サポート｜低速無制限付き (7days_10GB),2040,16,,,,,1319,5일,5일,90일,roaming,5g_capable,,,"{""cmhk"": null, ""csl"": null, ""smartone"": null, ""three_hk"": null}","{""skt"": null, ""kt"": null, ""lgu"": null}",unlimited,https://www.amazon.co.jp/%E4%B8%AD%E5%9B%BD-%E3%83%9E%E3%82%AB%E3%82%AA-eSIM-%E3%82%AA%E3%83%B3%E3%83%A9%E3%82%A4%E3%83%B3%E6%9C%80%E7%9F%AD%E5%8D%B3%E6%97%A5%E7%99%BA%E8%A1%8C%EF%BC%88%E3%83%A1%E3%83%BC%E3%83%AB%E5%8F%97%E5%8F%96%EF%BC%89%EF%BD%9C%E9%81%B8%E3%81%B9%E3%82%8B%E5%AE%B9%E9%87%8F%E3%83%BB%E6%97%A5%E6%95%B0%EF%BD%9C%E5%8D%B3%E5%88%A9%E7%94%A8OK%EF%BD%9C%E5%AE%89%E5%BF%8324%E6%99%82%E9%96%93%E6%97%A5%E6%9C%AC%E8%AA%9E%E3%82%B5%E3%83%9D%E3%83%BC%E3%83%88%EF%BD%9C%E4%BD%8E%E9%80%9F%E7%84%A1%E5%88%B6%E9%99%90%E4%BB%98%E3%81%8D-7days_10GB/dp/B0GKYKSY7N,B0GKYKSY7N,B0GKYKSY7N,イン・プラス株式会社,PREPAID DATA SIMのストアを表示,"{""price_jpy"": [""￥2,040""], ""usage_validity"": [""【中国・香港・マカオ eSIM】5日間 5GB（四泊五日 コスパ重視） DeSiM正規卸 |LINE相談受付中 |データ通信専用（電話番号なし） simフリー端末のみ対応 説明書付 イーシム""], ""activation_validity"": [""引換コードに有効期限はありません。eSIM発行後は90日以内に利用開始してください。""], ""data_amount"": [""JAPAN & GLOBAL eSIM とは 契約・手続き不要でご利用いただける、データ通信専用のeSIMサービスです。 ・契約不要／簡単設定／最短当日配信 ・高速通信＆データを使い切っても低速無制限付きで安心 ・グローバルローミング対応（対応国・地域内） ・24時間日本語サポート／4G・5G対応（対応エリア内） 本商品はデータ通信専用eSIMのため、 音声""], ""network_type"": [""JAPAN & GLOBAL eSIM とは 契約・手続き不要でご利用いただける、データ通信専用のeSIMサービスです。 ・契約不要／簡単設定／最短当日配信 ・高速通信＆データを使い切っても低速無制限付きで安心 ・グローバルローミング対応（対応国・地域内） ・24時間日本語サポート／4G・5G対応（対応エリア内） 本商品はデータ通信専用eSIMのため、 音声"", ""サービスプロバイダ グローバルローミングサービス"", ""score: local=0, roaming=6""], ""network_generation"": [""product_info_cellular_5g: source:product_info_cellular: 携帯電話技術 4g/5g"", ""product_info_cellular_5g: source:product_info_cellular: 携帯電話技術 4g/5g"", ""product_info_cellular_4g_lte_signal_present_but_5g_capable_takes_precedence""], ""review_count"": [""detail_page: 16""], ""bestseller_rank"": [""Amazon 売れ筋ランキング 家電＆カメラ - 159,730位 ( 家電＆カメラの売れ筋ランキングを見る ) プリペイドSIMカード - 1,319位""], ""title"": [""[ 中国/香港/マカオ eSIM ] オンライン最短即日発行（メール受取）｜選べる容量・日数｜即利用OK｜安心24時間日本語サポート｜低速無制限付き (7days_10GB)""]}"
amazon_jp,hk,プリペイドSIM 7日間5GBの高速データ 5G/4G-LTE SIMカード,1080,7,,,,,762,7일,7일,17일,local,5g_capable,,,"{""cmhk"": true, ""csl"": null, ""smartone"": null, ""three_hk"": null}","{""skt"": null, ""kt"": null, ""lgu"": null}",5GB,https://www.amazon.co.jp/%E3%83%97%E3%83%AA%E3%83%9A%E3%82%A4%E3%83%89SIM-7%E6%97%A5%E9%96%935GB%E3%81%AE%E9%AB%98%E9%80%9F%E3%83%87%E3%83%BC%E3%82%BF-5G-4G-LTE-SIM%E3%82%AB%E3%83%BC%E3%83%89/dp/B0F4W9V5ML,B0F4W9V5ML,B0F4W9V5ML,SCT Mobile Tech,LBDCIOTのストアを表示,"{""price_jpy"": [""￥1,080""], ""usage_validity"": [""プリペイドSIM 7日間5GBの高速データ 5G/4G-LTE SIMカード""], ""activation_validity"": [""【利用期間】7日間。カード挿入日時を基準とし、目的地到着後にカードを挿入してご利用ください。例えば、利用開始日時が3月10日20時30分の場合は、有効期限は3月17日20時29分となります""], ""data_amount"": [""【データ総量】SIMカードは5GBの高速データを提供しており、5G/4Gネットワークのモバイルデータサービスをご利用いただけます。超過後は、お客様は引き続きモバイルデータサービスをご利用いただけますが、データ転送速度は低下し、制限されます（ただし、128kbps未満にはなりません）""], ""network_type"": [""【ベトナムeSIM】 7日間 高速データ無制限 電話番号付き 通話・SMS受信のみ可能 お急ぎの方即日対応(LINE相談受付中) 有効期限 / ご購入日より30日以内 ベトナムSIMカードタイプではありません"", ""score: local=3, roaming=0""], ""network_generation"": [""product_info_cellular_5g: source:product_info_cellular: 携帯電話技術 5G/4G-LTE"", ""product_info_cellular_5g: source:product_info_cellular: 携帯電話技術 5G/4G-LTE""], ""carrier_support_local"": [""CMHK: 【利用方法】台湾到着後、本SIMカードのIC部分を取り外して、ご使用端末に挿入されますと、利用開始となります。自動認識されない場合は、APNを設定してください（APN：cmhk）"", ""CMHK: Amazon.co.jp: プリペイドSIM 7日間5GBの高速データ 5G/4G-LTE SIMカード : 家電＆カメラ 次に移動 メインコンテンツ この商品について この商品について この商品について 購入オプション 類似商品と比較する ビデオ レビュー キーボードショートカット 検索 Alt ""], ""review_count"": [""detail_page: (7)""], ""bestseller_rank"": [""Amazon 売れ筋ランキング 家電＆カメラ - 80,233位 ( 家電＆カメラの売れ筋ランキングを見る ) プリペイドSIMカード - 762位""], ""title"": [""プリペイドSIM 7日間5GBの高速データ 5G/4G-LTE SIMカード""]}"
amazon_jp,hk,アジア太平洋11カ国 シンガポール・タイ・ベトナム・マレーシア SIMカード 5日間 高速データ使い放題Jet Sim 物理SIM 無制限 5日 ジェットシム,2780,3,,,,,811,5일,5일,,unknown,5g_capable,,,"{""cmhk"": null, ""csl"": null, ""smartone"": null, ""three_hk"": null}","{""skt"": null, ""kt"": null, ""lgu"": null}",unlimited,https://www.amazon.co.jp/%E3%82%A2%E3%82%B8%E3%82%A2%E5%A4%AA%E5%B9%B3%E6%B4%8B12%E3%82%AB%E5%9B%BD-%E3%82%B7%E3%83%B3%E3%82%AC%E3%83%9D%E3%83%BC%E3%83%AB%E3%83%BB%E3%82%BF%E3%82%A4%E3%83%BB%E3%83%99%E3%83%88%E3%83%8A%E3%83%A0%E3%83%BB%E3%83%9E%E3%83%AC%E3%83%BC%E3%82%B7%E3%82%A2-SIM%E3%82%AB%E3%83%BC%E3%83%89-5%E6%97%A5%E9%96%93-%E9%AB%98%E9%80%9F%E3%83%87%E3%83%BC%E3%82%BF%E4%BD%BF%E3%81%84%E6%94%BE%E9%A1%8CJet/dp/B0FL1J1VV5,B0FL1J1VV5,B0FL1J1VV5,ジェスロモバイル,JETSIMのストアを表示,"{""price_jpy"": [""￥2,780""], ""usage_validity"": [""アジア太平洋11カ国 シンガポール・タイ・ベトナム・マレーシア SIMカード 5日間 高速データ使い放題Jet Sim 物理SIM 無制限 5日 ジェットシム""], ""data_amount"": [""【データ無制限】 アジア太平洋11カ国 シンガポール・タイ・ベトナム・マレーシア等で5日間、5G/4G-LTE高速データ使い放題。テザリング対応。""], ""network_type"": [""no_local_or_roaming_keyword_matched""], ""network_generation"": [""product_info_cellular_5g: source:product_info_cellular: 携帯電話技術 LTE, 5G"", ""product_info_cellular_5g: source:product_info_cellular: 携帯電話技術 LTE, 5G"", ""product_info_cellular_4g_lte_signal_present_but_5g_capable_takes_precedence""], ""review_count"": [""detail_page: (3)""], ""bestseller_rank"": [""Amazon 売れ筋ランキング 家電＆カメラ - 86,263位 ( 家電＆カメラの売れ筋ランキングを見る ) プリペイドSIMカード - 811位""], ""title"": [""アジア太平洋11カ国 シンガポール・タイ・ベトナム・マレーシア SIMカード 5日間 高速データ使い放題Jet Sim 物理SIM 無制限 5日 ジェットシム""]}"
amazon_jp,hk,【ブラジルeSIM】30日間 10GB 高速データ データSIM プリペイドSIM ジェットモバイル テザリング可 5G/4G-LTE,1580,15,,,,,651,30일,30일,30일,local,lte_4g_only,,,"{""cmhk"": null, ""csl"": null, ""smartone"": null, ""three_hk"": null}","{""skt"": null, ""kt"": null, ""lgu"": null}",unlimited,https://www.amazon.co.jp/%E3%83%9E%E3%82%AB%E3%82%AAeSIM%E3%80%917%E6%97%A5%E9%96%93-%E3%83%87%E3%83%BC%E3%82%BFSIM-%E3%83%97%E3%83%AA%E3%83%9A%E3%82%A4%E3%83%89SIM-%E3%82%B8%E3%82%A7%E3%83%83%E3%83%88%E3%83%A2%E3%83%90%E3%82%A4%E3%83%AB-%E3%83%86%E3%82%B6%E3%83%AA%E3%83%B3%E3%82%B0%E5%8F%AF/dp/B0F1XZC5LG,B0F1XZC5LG,B0F1XZC5LG,ジェスロモバイル,JETSIMのストアを表示,"{""price_jpy"": [""￥1,580""], ""usage_validity"": [""【ブラジルeSIM】30日間 10GB 高速データ データSIM プリペイドSIM ジェットモバイル テザリング可 5G/4G-LTE""], ""activation_validity"": [""商品の説明 購入後すぐにeSIMを使えますか？ はい、すぐにご利用いただけます。スムーズにご利用いただくために、申請フォームのご提出をお願いいたします。 eSIMのアクティベーションは必要ですか？ アクティベーションは不要です。eSIMをスマートフォンに追加すれば、現地に到着次第、自動的に接続されます！ 複数の国で利用できるプランは国をまたいで移動する際も、""], ""data_amount"": [""【データ無制限】ブラジルで30日間 5G/4G-LTE 高速データ10GB、その後2G速度で使い放題。テザリング対応。""], ""network_type"": [""【Lebara 物理SIM】オーストラリア SIM21日間【高速データ通信・チャージ可能・現地の電話番号付き】通信容量35GB+国内通話量無制限+国際通話(日本へ)無制限"", ""score: local=3, roaming=1""], ""network_generation"": [""product_info_cellular_4g_lte: source:product_info_cellular: 携帯電話技術 LTE"", ""product_info_cellular_4g_lte: source:product_info_cellular: 携帯電話技術 LTE""], ""review_count"": [""detail_page: 15""], ""bestseller_rank"": [""Amazon 売れ筋ランキング 家電＆カメラ - 64,490位 ( 家電＆カメラの売れ筋ランキングを見る ) プリペイドSIMカード - 651位""], ""title"": [""【ブラジルeSIM】30日間 10GB 高速データ データSIM プリペイドSIM ジェットモバイル テザリング可 5G/4G-LTE""]}"
amazon_jp,hk,【esim】シンガポール simカード【Singtel/M1/StarHub】4G-LTE 高速データ通信 当日発行可能 データ使い放題 Singapore esim シンガポールプリペイドeSim SIMカード (3日間 高速データ),880,19,,,,,735,3일,3일,30일,unknown,lte_4g_only,,,"{""cmhk"": null, ""csl"": null, ""smartone"": true, ""three_hk"": true}","{""skt"": null, ""kt"": null, ""lgu"": null}",unlimited,https://www.amazon.co.jp/sim%E3%82%AB%E3%83%BC%E3%83%89%E3%80%90Singtel-StarHub%E3%80%914G-LTE-%E3%82%B7%E3%83%B3%E3%82%AC%E3%83%9D%E3%83%BC%E3%83%AB%E3%83%97%E3%83%AA%E3%83%9A%E3%82%A4%E3%83%89eSim-3%E6%97%A5%E9%96%93-%E9%AB%98%E9%80%9F%E3%83%87%E3%83%BC%E3%82%BF/dp/B0CLKFVM3W,B0CLKFVM3W,B0CLKFVM3W,Global Simcard,アーモンド　ＳＩｍ　ｃａｒｄのストアを表示,"{""price_jpy"": [""￥880""], ""usage_validity"": [""【esim】シンガポール simカード【Singtel/M1/StarHub】4G-LTE 高速データ通信 当日発行可能 データ使い放題 Singapore esim シンガポールプリペイドeSim SIMカード (3日間 高速データ)""], ""activation_validity"": [""✿ 【有効期限】メールでお届けした後、30日以内にご利用を開始してください。ご購入いただいた商品はeSIMカードです。このカードは物理SIMカードとは異なり、スマートフォンやタブレットなどの端末に事前に埋め込まれたチップに、インターネットを通じてデータプランを書き込むことができます。物理的なSIMカードは含まれていません。""], ""data_amount"": [""✿ 【データ容量】データ専用のeSIMカードです。※データ容量は無制限です。ただし、1日のデータ使用量が1GBに達すると、最大通信速度が128kbpsに低下します。翌日の現地時間0時には自動的に制限が解除されます。※制限は現地時間の00:00から23:59までの間に適用されます。128kbpsではビデオ通話やYouTubeなどの動画視聴は制限されますが、Go""], ""network_type"": [""local_signal: 【チョコSIM 定額（Sプラン）】【中国の電話番号付きでアプリや施設サービスのSMS認証が可能】【データ容量】合計500MB/月【音声】合計20分間/月 データ/音声/SMS付きSIMカード 中国SIM マカオSIM China unicom ※こちらのSIMカードは契約後、毎月の基本料が発生いたします。※2024年11月1日から台湾でのご利用はできなくなり"", ""roaming_signal: 【DeSiM】シンガポール3日間無制限+eSIMテストサービス付き【セット】完全予約制 | 海外旅行出国前事前テストeSIMサービス - DeSiM - 渡航前の不安を解消！ | Wi-Fi使用が面倒、ローミング料金が高い、SIMやeSIMの設定が不安な方に V4"", ""insufficient_or_conflicting_signals(local=6, roaming=2)""], ""network_generation"": [""product_info_cellular_4g_lte: source:product_info_cellular: 携帯電話技術 LTE"", ""product_info_cellular_4g_lte: source:product_info_cellular: 携帯電話技術 LTE""], ""carrier_support_local"": [""SmarTone, 3HK: ✿ 【高速ネットワーク】シンガポールで利用できるeSIMカードです。さらに、マレーシア、タイ、ベトナム、カンボジア、香港、マカオでもご利用いただけます。東南アジアへの旅行計画に最適な手軽なeSIMカードです。主要なネットワーク事業者は以下の通りです：インドネシア、バリ島：XL、シンガポール：Sing""], ""review_count"": [""detail_page: (19)""], ""bestseller_rank"": [""Amazon 売れ筋ランキング 家電＆カメラ - 75,020位 ( 家電＆カメラの売れ筋ランキングを見る ) プリペイドSIMカード - 735位""], ""title"": [""【esim】シンガポール simカード【Singtel/M1/StarHub】4G-LTE 高速データ通信 当日発行可能 データ使い放題 Singapore esim シンガポールプリペイドeSim SIMカード (3日間 高速データ)""]}"
amazon_jp,hk,【カンボジアeSIM】7日間 高速データ完全無制限 データSIM プリペイドSIM ジェットモバイル テザリング可 5G/4G-LTE,2071,238,,,,,2350,7일,7일,30일,local,5g_capable,,,"{""cmhk"": null, ""csl"": null, ""smartone"": null, ""three_hk"": null}","{""skt"": null, ""kt"": null, ""lgu"": null}",unlimited,https://www.amazon.co.jp/%E3%83%9E%E3%82%AB%E3%82%AAeSIM%E3%80%914%E6%97%A5%E9%96%93-%E3%83%87%E3%83%BC%E3%82%BFSIM-%E3%83%97%E3%83%AA%E3%83%9A%E3%82%A4%E3%83%89SIM-%E3%82%B8%E3%82%A7%E3%83%83%E3%83%88%E3%83%A2%E3%83%90%E3%82%A4%E3%83%AB-%E3%83%86%E3%82%B6%E3%83%AA%E3%83%B3%E3%82%B0%E5%8F%AF/dp/B0F1Y1V7QZ,B0F1Y1V7QZ,B0F1Y1V7QZ,ジェスロモバイル,JETSIMのストアを表示,"{""price_jpy"": [""￥2,071""], ""usage_validity"": [""【カンボジアeSIM】7日間 高速データ完全無制限 データSIM プリペイドSIM ジェットモバイル テザリング可 5G/4G-LTE""], ""activation_validity"": [""商品の説明 購入後すぐにeSIMを使えますか？ はい、すぐにご利用いただけます。スムーズにご利用いただくために、申請フォームのご提出をお願いいたします。 eSIMのアクティベーションは必要ですか？ アクティベーションは不要です。eSIMをスマートフォンに追加すれば、現地に到着次第、自動的に接続されます！ 複数の国で利用できるプランは国をまたいで移動する際も、""], ""data_amount"": [""【データ無制限】カンボジアで7日間 高速データ完全無制限。テザリング対応。""], ""network_type"": [""【T-Mobile純正品】eSIM版 アメリカ ハワイ SIM 7日間【使い放題】【電話番号付き】5G/4G-LTE 高速データ通信/通話/SMS/テザリング 【アメリカ ハワイ 無制限】 プリペイド SIMカード T-Mobile esim 7days"", ""【T-Mobile純正品】eSIM版 アメリカ ハワイ SIM 7日間【使い放題】【電話番号付き】5G/4G-LTE 高速データ通信/通話/SMS/テザリング 【アメリカ ハワイ 無制限】 プリペイド SIMカード T-Mobile esim 7days"", ""score: local=15, roaming=0""], ""network_generation"": [""title_5g: source:title: 【カンボジアeSIM】7日間 高速データ完全無制限 データSIM プリペイドSIM ジェットモバイル テザリング可 5G/4G-LTE""], ""review_count"": [""detail_page: 238""], ""bestseller_rank"": [""Amazon 売れ筋ランキング 家電＆カメラ - 325,213位 ( 家電＆カメラの売れ筋ランキングを見る ) プリペイドSIMカード - 2,350位""], ""title"": [""【カンボジアeSIM】7日間 高速データ完全無制限 データSIM プリペイドSIM ジェットモバイル テザリング可 5G/4G-LTE""]}"
amazon_jp,hk,アメリカ・ハワイSIM 利用期間30日データ容量10GB アメリカプリペイドSIM データ通信専用 ローミングSIM USA SIM America SIM,1699,1010,,,,,929,30일,30일,31일,unknown,5g_capable,,,"{""cmhk"": null, ""csl"": null, ""smartone"": null, ""three_hk"": null}","{""skt"": null, ""kt"": null, ""lgu"": null}",10GB,https://www.amazon.co.jp/%E3%82%A2%E3%83%A1%E3%83%AA%E3%82%AB%E3%83%BB%E3%83%8F%E3%83%AF%E3%82%A4SIM-%E5%88%A9%E7%94%A8%E6%9C%9F%E9%96%9330%E6%97%A5%E3%83%87%E3%83%BC%E3%82%BF%E5%AE%B9%E9%87%8F10GB-%E3%82%A2%E3%83%A1%E3%83%AA%E3%82%AB%E3%83%97%E3%83%AA%E3%83%9A%E3%82%A4%E3%83%89SIM-%E3%83%AD%E3%83%BC%E3%83%9F%E3%83%B3%E3%82%B0SIM-SIM/dp/B0GQH9MBCX,B0GQH9MBCX,B0GQH9MBCX,ブランド: Wise SIM,ブランド: Wise SIM,"{""price_jpy"": [""価格 ￥1,699 ￥2,280 ￥2,080 ￥2,480 ￥2,680""], ""usage_validity"": [""アメリカ・ハワイSIM 利用期間30日データ容量10GB アメリカプリペイドSIM データ通信専用 ローミングSIM USA SIM America SIM""], ""activation_validity"": [""■SIMカード有効期限：2026年12月31日まで""], ""data_amount"": [""【データ容量】 高速データ通信が10GBまで利用可能です。 ※10GB超過後は128kbpsへ速度低下となりますが通信は止まりません。""], ""network_type"": [""local_signal: 【T-Mobile純正品】eSIM版 アメリカ ハワイ SIM 7日間【使い放題】【電話番号付き】5G/4G-LTE 高速データ通信/通話/SMS/テザリング 【アメリカ ハワイ 無制限】 プリペイド SIMカード T-Mobile esim 7days"", ""roaming_signal: アメリカ・ハワイSIM 利用期間30日データ容量10GB アメリカプリペイドSIM データ通信専用 ローミングSIM USA SIM America SIM"", ""insufficient_or_conflicting_signals(local=27, roaming=7)""], ""network_generation"": [""product_info_cellular_5g: source:product_info_cellular: 携帯電話技術 5G/4G/LTE"", ""product_info_cellular_5g: source:product_info_cellular: 携帯電話技術 5G/4G/LTE"", ""product_info_cellular_4g_lte_signal_present_but_5g_capable_takes_precedence""], ""review_count"": [""detail_page: 1,010""], ""bestseller_rank"": [""Amazon 売れ筋ランキング 家電＆カメラ - 103,626位 ( 家電＆カメラの売れ筋ランキングを見る ) プリペイドSIMカード - 929位""], ""title"": [""アメリカ・ハワイSIM 利用期間30日データ容量10GB アメリカプリペイドSIM データ通信専用 ローミングSIM USA SIM America SIM""]}"
amazon_jp,hk,【マレーシア シンガポール esim】 10日間 高速データ eSIMプラン 低速データ使い放題 マレーシアsim マレーシアesim シンガポールsim シンガポールesim 即日発行可能 プリペイド SIMカード Singapore Malaysia ESIM (10日間 高速データ),1780,9,,,,,1477,10일,10일,30일,unknown,unknown,,,"{""cmhk"": null, ""csl"": null, ""smartone"": true, ""three_hk"": true}","{""skt"": null, ""kt"": null, ""lgu"": null}",unlimited,https://www.amazon.co.jp/10%E6%97%A5%E9%96%93-%E9%AB%98%E9%80%9F%E3%83%87%E3%83%BC%E3%82%BF-%E4%BD%8E%E9%80%9F%E3%83%87%E3%83%BC%E3%82%BF%E4%BD%BF%E3%81%84%E6%94%BE%E9%A1%8C-%E3%83%9E%E3%83%AC%E3%83%BC%E3%82%B7%E3%82%A2esim-%E3%82%B7%E3%83%B3%E3%82%AC%E3%83%9D%E3%83%BC%E3%83%ABesim/dp/B0CQP5NPVF,B0CQP5NPVF,B0CQP5NPVF,Global Simcard,アーモンド　ＳＩｍ　ｃａｒｄのストアを表示,"{""price_jpy"": [""￥1,780""], ""usage_validity"": [""【マレーシア シンガポール esim】 10日間 高速データ eSIMプラン 低速データ使い放題 マレーシアsim マレーシアesim シンガポールsim シンガポールesim 即日発行可能 プリペイド SIMカード Singapore Malaysia ESIM (10日間 高速データ)""], ""activation_validity"": [""✿【有効期限】メールでお届けした後、30日以内にご利用を開始してください。""], ""data_amount"": [""✿【データ容量】無制限です。※ただし、1日のデータ使用量が1GBを超えると、最大通信速度が128kbpsに制限されます。次の日の現地時間0時に制限は自動的に解除されます。※制限は現地時間の00:00から23:59まで適用されます。""], ""network_type"": [""local_signal: 【チョコSIM 定額（Sプラン）】【中国の電話番号付きでアプリや施設サービスのSMS認証が可能】【データ容量】合計500MB/月【音声】合計20分間/月 データ/音声/SMS付きSIMカード 中国SIM マカオSIM China unicom ※こちらのSIMカードは契約後、毎月の基本料が発生いたします。※2024年11月1日から台湾でのご利用はできなくなり"", ""roaming_signal: マレーシア旅行用SIMカード - 5G/4G LTE高速データ - プリペイド＆ローミングなし、15日間合計7GB - 観光客やビジネス旅行者向けの簡単アクティベーション"", ""insufficient_or_conflicting_signals(local=6, roaming=2)""], ""network_generation"": [""fallback_5g: source:image_alt: シンガポール、マレーシア、タイ用SIMカード - プリペイドデータプラン｜10日1GBデータのみ｜4/5G高速インターネット｜旅行者に最適"", ""fallback_4g_lte: source:image_alt: 東南アジア ESIMプラン 7日間 完全無制限 シンガポール マレーシア タイ インドネシア 4G-LTE 高速データ 使い放題 当日発行可能 singapore プリペイドSIM malaysia esim Indonesia Thailand sim (7日間完全無制限)"", ""fallback_only_network_generation_signal""], ""carrier_support_local"": [""SmarTone, 3HK: ✿【高速ネットワーク】シンガポール、マレーシアで使える手軽なeSIMカードです。さらに、インドネシア、バリ島 、タイ、ベトナム、カンボジア、香港、マカオでもご利用いただけます。東南アジアの旅行計画に最適です。対応ネットワーク事業者：シンガポール（Singtel、M1、StarHub）、マレーシア（C""], ""review_count"": [""detail_page: (9)""], ""bestseller_rank"": [""Amazon 売れ筋ランキング 家電＆カメラ - 180,993位 ( 家電＆カメラの売れ筋ランキングを見る ) プリペイドSIMカード - 1,477位""], ""title"": [""【マレーシア シンガポール esim】 10日間 高速データ eSIMプラン 低速データ使い放題 マレーシアsim マレーシアesim シンガポールsim シンガポールesim 即日発行可能 プリペイド SIMカード Singapore Malaysia ESIM (10日間 高速データ)""]}"
amazon_jp,hk,東南アジア4カ国SIM 8日間 16GB高速データ 512kbps低速データ無制限 通話20分（発信・着信合計）予約不要・簡単利用 シンガポール・マレーシア・インドネシア・タイで使える mewfi,1880,30,,,,,481,8일,8일,,unknown,lte_4g_only,,,"{""cmhk"": null, ""csl"": null, ""smartone"": null, ""three_hk"": null}","{""skt"": null, ""kt"": null, ""lgu"": null}",2GB/day,https://www.amazon.co.jp/8%E6%97%A5%E9%96%93-512kbps%E4%BD%8E%E9%80%9F%E3%83%87%E3%83%BC%E3%82%BF%E7%84%A1%E5%88%B6%E9%99%90-%E9%80%9A%E8%A9%B120%E5%88%86%EF%BC%88%E7%99%BA%E4%BF%A1%E3%83%BB%E7%9D%80%E4%BF%A1%E5%90%88%E8%A8%88%EF%BC%89%E4%BA%88%E7%B4%84%E4%B8%8D%E8%A6%81%E3%83%BB%E7%B0%A1%E5%8D%98%E5%88%A9%E7%94%A8-%E3%82%B7%E3%83%B3%E3%82%AC%E3%83%9D%E3%83%BC%E3%83%AB%E3%83%BB%E3%83%9E%E3%83%AC%E3%83%BC%E3%82%B7%E3%82%A2%E3%83%BB%E3%82%A4%E3%83%B3%E3%83%89%E3%83%8D%E3%82%B7%E3%82%A2%E3%83%BB%E3%82%BF%E3%82%A4%E3%81%A7%E4%BD%BF%E3%81%88%E3%82%8B-mewfi/dp/B0FQBRZGKM,B0FQBRZGKM,B0FQBRZGKM,Mewfi 正規販売店,mewfiのストアを表示,"{""price_jpy"": [""￥1,880""], ""usage_validity"": [""東南アジア4カ国SIM 8日間 16GB高速データ 512kbps低速データ無制限 通話20分（発信・着信合計）予約不要・簡単利用 シンガポール・マレーシア・インドネシア・タイで使える mewfi""], ""data_amount"": [""【高速データ通信】東南アジア4カ国SIMカードは毎日2GBまで高速データ通信が利用可能です。2GBを超えると512kbpsの速度で無制限にご利用いただけます。現地時間の午前0時に高速データが自動的にリセットされ、8日間で合計16GBの高速データ通信がご利用可能です。""], ""network_type"": [""local_signal: 【ベトナムSIMカード】4日間 高速データ通信 無制限(速度低下なし) データ通信専用 4G/5G対応 ベトナム現地通信回線 mewfi"", ""roaming_signal: 【ご利用方法】東南アジア4カ国SIMカードはローミングSIMです。事前予約は不要で、現地到着後にSIMカードを挿入し、端末のローミングを有効にするだけで自動的にネットワークに接続されます。"", ""insufficient_or_conflicting_signals(local=6, roaming=4)""], ""network_generation"": [""product_info_cellular_4g_lte: source:product_info_cellular: 携帯電話技術 4G"", ""product_info_cellular_4g_lte: source:product_info_cellular: 携帯電話技術 4G""], ""review_count"": [""detail_page: (30)""], ""bestseller_rank"": [""Amazon 売れ筋ランキング 家電＆カメラ - 42,897位 ( 家電＆カメラの売れ筋ランキングを見る ) プリペイドSIMカード - 481位""], ""title"": [""東南アジア4カ国SIM 8日間 16GB高速データ 512kbps低速データ無制限 通話20分（発信・着信合計）予約不要・簡単利用 シンガポール・マレーシア・インドネシア・タイで使える mewfi""]}"
amazon_jp,hk,【カンボジアSIM】7日間 高速データ完全無制限 データSIM プリペイドSIM ジェットモバイル テザリング可 5G/4G-LTE,2071,1,,,,,1820,3일,3일,7일,local,5g_capable,,,"{""cmhk"": null, ""csl"": null, ""smartone"": null, ""three_hk"": true}","{""skt"": null, ""kt"": null, ""lgu"": null}",unlimited,https://www.amazon.co.jp/%E3%83%9E%E3%82%AB%E3%82%AASIM%E3%80%914%E6%97%A5%E9%96%93-%E3%83%87%E3%83%BC%E3%82%BFSIM-%E3%83%97%E3%83%AA%E3%83%9A%E3%82%A4%E3%83%89SIM-%E3%82%B8%E3%82%A7%E3%83%83%E3%83%88%E3%83%A2%E3%83%90%E3%82%A4%E3%83%AB-%E3%83%86%E3%82%B6%E3%83%AA%E3%83%B3%E3%82%B0%E5%8F%AF/dp/B0F1XVNJPQ,B0F1XVNJPQ,B0F1XVNJPQ,ジェスロモバイル,JETSIMのストアを表示,"{""price_jpy"": [""￥2,071""], ""usage_validity"": [""【SKTelecoｍ公式認証】 韓国eSIM 3日間 (72時間) 電話番号付き 超高速データ無制限 最初の5分発信無料(韓国国内) お急ぎの方即時発行可(LINE相談受付中) 有効期限／ご購入日より120日以内 現地空港サポート(SKTelecomローミングセンター) SKテレコム正規品 韓国SIMカードタイプではありません""], ""activation_validity"": [""【カンボジアSIM】7日間 高速データ完全無制限 データSIM プリペイドSIM ジェットモバイル テザリング可 5G/4G-LTE""], ""data_amount"": [""【データ無制限】カンボジアで7日間 5G/4G-LTE 高速データ完全無制限で使い放題。テザリング対応。""], ""network_type"": [""【チョコSIM 定額（Sプラン）】【中国の電話番号付きでアプリや施設サービスのSMS認証が可能】【データ容量】合計500MB/月【音声】合計20分間/月 データ/音声/SMS付きSIMカード 中国SIM マカオSIM China unicom ※こちらのSIMカードは契約後、毎月の基本料が発生いたします。※2024年11月1日から台湾でのご利用はできなくなり"", ""【SKTelecoｍ公式認証】 韓国eSIM 3日間 (72時間) 電話番号付き 超高速データ無制限 最初の5分発信無料(韓国国内) お急ぎの方即時発行可(LINE相談受付中) 有効期限／ご購入日より120日以内 現地空港サポート(SKTelecomローミングセンター) SKテレコム正規品 韓国SIMカードタイプではありません"", ""score: local=6, roaming=0""], ""network_generation"": [""product_info_cellular_5g: source:product_info_cellular: 携帯電話技術 LTE, 5G"", ""product_info_cellular_5g: source:product_info_cellular: 携帯電話技術 LTE, 5G"", ""product_info_cellular_4g_lte_signal_present_but_5g_capable_takes_precedence""], ""carrier_support_local"": [""3HK: サービスプロバイダ 3HK (香港), CTM (マカオ)"", ""3HK: Amazon.co.jp: 【カンボジアSIM】7日間 高速データ完全無制限 データSIM プリペイドSIM ジェットモバイル テザリング可 5G/4G-LTE : 家電＆カメラ 次に移動 メインコンテンツ この商品について この商品について この商品について 購入オプション 類似商品と比較する ビ""], ""review_count"": [""detail_page: (1)""], ""bestseller_rank"": [""Amazon 売れ筋ランキング 家電＆カメラ - 233,558位 ( 家電＆カメラの売れ筋ランキングを見る ) プリペイドSIMカード - 1,820位""], ""title"": [""【カンボジアSIM】7日間 高速データ完全無制限 データSIM プリペイドSIM ジェットモバイル テザリング可 5G/4G-LTE""]}"
amazon_jp,hk,シンガポール マレーシア eSIM 8日間 高速データ1GB/日 低速無制限 4G/5G対応 データ通信専用 プリペイド ESIMプラン Singapore sim Malaysia sim 説明書付 (8日間),1530,8,,,,,733,8일,8일,90일,unknown,5g_capable,,,"{""cmhk"": null, ""csl"": null, ""smartone"": null, ""three_hk"": null}","{""skt"": null, ""kt"": null, ""lgu"": null}",1GB/day,https://www.amazon.co.jp/8%E6%97%A5%E9%96%93-%E9%AB%98%E9%80%9F%E3%83%87%E3%83%BC%E3%82%BF1GB-%E3%83%87%E3%83%BC%E3%82%BF%E9%80%9A%E4%BF%A1%E5%B0%82%E7%94%A8-Singapore-Malaysia/dp/B0FRSL2NYC,B0FRSL2NYC,B0FRSL2NYC,mewmewホーム eSIM,ＭＥＷＭＥＷホームのストアを表示,"{""price_jpy"": [""￥1,530""], ""usage_validity"": [""シンガポール マレーシア eSIM 8日間 高速データ1GB/日 低速無制限 4G/5G対応 データ通信専用 プリペイド ESIMプラン Singapore sim Malaysia sim 説明書付 (8日間)""], ""activation_validity"": [""【有効期限】メール受信から90日以内にご利用ください。""], ""data_amount"": [""【データ容量】シンガポール・マレーシアで高速データ通信が1日あたり1GB利用可能です。超過後は最大128kbpsで通信は途切れることなくご利用可能です。""], ""network_type"": [""local_signal: 【利用開始】日本での事前設定ではカウント開始されません。現地到着後に電波を受信した時点からご利用可能です。プランのカウントは、現地回線に接続した時点から23:59まで1日と計算されます。"", ""roaming_signal: マレーシア旅行用SIMカード - 5G/4G LTE高速データ - プリペイド＆ローミングなし、3日間毎日1GB - 観光客やビジネス旅行者向けの簡単アクティベーション"", ""insufficient_or_conflicting_signals(local=6, roaming=3)""], ""network_generation"": [""title_5g: source:title: シンガポール マレーシア eSIM 8日間 高速データ1GB/日 低速無制限 4G/5G対応 データ通信専用 プリペイド ESIMプラン Singapore sim Malaysia sim 説明書付 (8日間)""], ""review_count"": [""detail_page: (8)""], ""bestseller_rank"": [""Amazon 売れ筋ランキング 家電＆カメラ - 74,807位 ( 家電＆カメラの売れ筋ランキングを見る ) プリペイドSIMカード - 733位""], ""title"": [""シンガポール マレーシア eSIM 8日間 高速データ1GB/日 低速無制限 4G/5G対応 データ通信専用 プリペイド ESIMプラン Singapore sim Malaysia sim 説明書付 (8日間)""]}"
amazon_jp,hk,【Almond eSIM】 ベトナム esim 10日間 高速データ通信 完全無制限 純正Mobifoneキャリア 当日発行可能 出発前日本テスト用eSIM500MB LINEで24時間サポート 4G-LTE対応 プリペイド ESIMプラン Vietnam ハノイ ホーチミン simカード (10日間データ無制限),1890,115,,,,,33,10일,10일,30일,unknown,lte_4g_only,,,"{""cmhk"": null, ""csl"": null, ""smartone"": null, ""three_hk"": null}","{""skt"": null, ""kt"": null, ""lgu"": null}",unlimited,https://www.amazon.co.jp/%E3%83%8D%E3%83%83%E3%83%88%E5%86%85%E7%84%A1%E6%96%99%E9%80%9A%E8%A9%B1500%E5%88%86-%E7%B4%94%E6%AD%A3Mobifone%E3%82%AD%E3%83%A3%E3%83%AA%E3%82%A2-LINE%E3%81%A724%E6%99%82%E9%96%93%E3%82%B5%E3%83%9D%E3%83%BC%E3%83%88-10%E6%97%A5%E9%96%93%E3%83%87%E3%83%BC%E3%82%BF%E7%84%A1%E5%88%B6%E9%99%90-%E7%8F%BE%E5%9C%B0%E9%80%9A%E8%A9%B1/dp/B0DM7SQKP3,B0DM7SQKP3,B0DM7SQKP3,株式会社ビッグコネクト,bigconnectのストアを表示,"{""price_jpy"": [""￥1,890""], ""usage_validity"": [""【Almond eSIM】 ベトナム esim 10日間 高速データ通信 完全無制限 純正Mobifoneキャリア 当日発行可能 出発前日本テスト用eSIM500MB LINEで24時間サポート 4G-LTE対応 プリペイド ESIMプラン Vietnam ハノイ ホーチミン simカード (10日間データ無制限)""], ""activation_validity"": [""【ベトナムeSIM】 7日間 高速データ無制限 電話番号付き 通話・SMS受信のみ可能 お急ぎの方即日対応(LINE相談受付中) 有効期限 / ご購入日より30日以内 ベトナムSIMカードタイプではありません""], ""data_amount"": [""【高速データ無制限】※高速データ容量は無制限。完全使い放題プラン、 本人確認不要、simカード認証不要。""], ""network_type"": [""local_signal: 【チョコSIM 定額（Sプラン）】【中国の電話番号付きでアプリや施設サービスのSMS認証が可能】【データ容量】合計500MB/月【音声】合計20分間/月 データ/音声/SMS付きSIMカード 中国SIM マカオSIM China unicom ※こちらのSIMカードは契約後、毎月の基本料が発生いたします。※2024年11月1日から台湾でのご利用はできなくなり"", ""roaming_signal: ベトナムeSIM - プリペイド2GB 5G/4Gデータ、5日間用 - 簡単QRコードセットアップ - 契約なし、ローミングなし - 短期旅行と長期旅行に最適"", ""insufficient_or_conflicting_signals(local=6, roaming=2)""], ""network_generation"": [""product_info_cellular_4g_lte: source:product_info_cellular: 携帯電話技術 LTE"", ""product_info_cellular_4g_lte: source:product_info_cellular: 携帯電話技術 LTE""], ""review_count"": [""detail_page: (115)""], ""bestseller_rank"": [""Amazon 売れ筋ランキング 家電＆カメラ - 3,367位 ( 家電＆カメラの売れ筋ランキングを見る ) プリペイドSIMカード - 33位""], ""title"": [""【Almond eSIM】 ベトナム esim 10日間 高速データ通信 完全無制限 純正Mobifoneキャリア 当日発行可能 出発前日本テスト用eSIM500MB LINEで24時間サポート 4G-LTE対応 プリペイド ESIMプラン Vietnam ハノイ ホーチミン simカード (10日間データ無制限)""]}"
amazon_jp,hk,【Almond eSIM】中国 esim 高速データ通信 完全無制限 当日発行可能 中国ネット規制対象外 中国でもGoogle、LINE、YouTubeなどVPNなしで利用可能 出発前の接続テスト用 日本国内500MB eSIM付 24時間サポート 4G-LTE対応 プリペイド ESIMプラン China 上海 北京 simカード (5日間完全無制限),2280,191,,,,,34,3일,3일,5일,local,lte_4g_only,,,"{""cmhk"": null, ""csl"": null, ""smartone"": null, ""three_hk"": null}","{""skt"": null, ""kt"": null, ""lgu"": null}",unlimited,https://www.amazon.co.jp/%E4%B8%AD%E5%9B%BD%E3%83%8D%E3%83%83%E3%83%88%E8%A6%8F%E5%88%B6%E5%AF%BE%E8%B1%A1%E5%A4%96-%E4%B8%AD%E5%9B%BD%E3%81%A7%E3%82%82Google%E3%80%81LINE%E3%80%81YouTube%E3%81%AA%E3%81%A9VPN%E3%81%AA%E3%81%97%E3%81%A7%E5%88%A9%E7%94%A8%E5%8F%AF%E8%83%BD-24%E6%99%82%E9%96%93%E3%82%B5%E3%83%9D%E3%83%BC%E3%83%88-4G-LTE%E5%AF%BE%E5%BF%9C-5%E6%97%A5%E9%96%93%E5%AE%8C%E5%85%A8%E7%84%A1%E5%88%B6%E9%99%90/dp/B0DR1WSHDV,B0DR1WSHDV,B0DR1WSHDV,株式会社ビッグコネクト,bigconnectのストアを表示,"{""price_jpy"": [""￥2,280""], ""usage_validity"": [""【SKTelecoｍ公式認証】 韓国eSIM 3日間 (72時間) 電話番号付き 超高速データ無制限 最初の5分発信無料(韓国国内) お急ぎの方即時発行可(LINE相談受付中) 有効期限／ご購入日より120日以内 現地空港サポート(SKTelecomローミングセンター) SKテレコム正規品 韓国SIMカードタイプではありません""], ""activation_validity"": [""【Almond eSIM】中国 esim 高速データ通信 完全無制限 当日発行可能 中国ネット規制対象外 中国でもGoogle、LINE、YouTubeなどVPNなしで利用可能 出発前の接続テスト用 日本国内500MB eSIM付 24時間サポート 4G-LTE対応 プリペイド ESIMプラン China 上海 北京 simカード (5日間完全無制限)""], ""data_amount"": [""【データプラン】データ通信専用のeSIMです。※高速データ容量は無制限。完全使い放題プラン、中国ネット規制対象外 中国でもGoogle、LINE、YouTubeなどVPNなしで利用可能、本人確認やSIMカード認証は不要で、当日に発行が可能です。""], ""network_type"": [""【チョコSIM 定額（Sプラン）】【中国の電話番号付きでアプリや施設サービスのSMS認証が可能】【データ容量】合計500MB/月【音声】合計20分間/月 データ/音声/SMS付きSIMカード 中国SIM マカオSIM China unicom ※こちらのSIMカードは契約後、毎月の基本料が発生いたします。※2024年11月1日から台湾でのご利用はできなくなり"", ""【SKTelecoｍ公式認証】 韓国eSIM 3日間 (72時間) 電話番号付き 超高速データ無制限 最初の5分発信無料(韓国国内) お急ぎの方即時発行可(LINE相談受付中) 有効期限／ご購入日より120日以内 現地空港サポート(SKTelecomローミングセンター) SKテレコム正規品 韓国SIMカードタイプではありません"", ""score: local=6, roaming=0""], ""network_generation"": [""product_info_cellular_4g_lte: source:product_info_cellular: 携帯電話技術 LTE"", ""product_info_cellular_4g_lte: source:product_info_cellular: 携帯電話技術 LTE""], ""review_count"": [""detail_page: (191)""], ""bestseller_rank"": [""Amazon 売れ筋ランキング 家電＆カメラ - 3,422位 ( 家電＆カメラの売れ筋ランキングを見る ) プリペイドSIMカード - 34位""], ""title"": [""【Almond eSIM】中国 esim 高速データ通信 完全無制限 当日発行可能 中国ネット規制対象外 中国でもGoogle、LINE、YouTubeなどVPNなしで利用可能 出発前の接続テスト用 日本国内500MB eSIM付 24時間サポート 4G-LTE対応 プリペイド ESIMプラン China 上海 北京 simカード (5日間完全無制限)""]}"
amazon_jp,hk,タイ eSIM 20日間 高速データ1GB/日 低速無制限 4G/5G対応 データ通信専用 プリペイド ESIMプラン Thailand バンコク simカード 説明書付 (20日間),2630,13,,,,,314,20일,20일,90일,local,5g_capable,,,"{""cmhk"": null, ""csl"": null, ""smartone"": null, ""three_hk"": null}","{""skt"": null, ""kt"": null, ""lgu"": null}",1GB/day,https://www.amazon.co.jp/20%E6%97%A5%E9%96%93-%E9%AB%98%E9%80%9F%E3%83%87%E3%83%BC%E3%82%BF1GB-%E3%83%87%E3%83%BC%E3%82%BF%E9%80%9A%E4%BF%A1%E5%B0%82%E7%94%A8-ESIM%E3%83%97%E3%83%A9%E3%83%B3-Thailand/dp/B0FRSDRQJ8,B0FRSDRQJ8,B0FRSDRQJ8,mewmewホーム eSIM,ＭＥＷＭＥＷホームのストアを表示,"{""price_jpy"": [""￥2,630""], ""usage_validity"": [""タイ eSIM 20日間 高速データ1GB/日 低速無制限 4G/5G対応 データ通信専用 プリペイド ESIMプラン Thailand バンコク simカード 説明書付 (20日間)""], ""activation_validity"": [""【有効期限】メール受信から90日以内にご利用ください。""], ""data_amount"": [""【データ容量】タイで高速データ通信が1日あたり1GB利用可能です。超過後は最大128kbpsで通信は途切れることなくご利用可能です。""], ""network_type"": [""【利用開始】日本での事前設定ではカウント開始されません。現地到着後に電波を受信した時点からご利用可能です。プランのカウントは、現地回線に接続した時点から23:59まで1日と計算されます。"", ""Amazon.co.jp: タイ eSIM 20日間 高速データ1GB/日 低速無制限 4G/5G対応 データ通信専用 プリペイド ESIMプラン Thailand バンコク simカード 説明書付 (20日間) : 家電＆カメラ 次に移動 メインコンテンツ この商品について この商品について この商品について 購入オプション 類似商品と比較する ビデオ レ"", ""score: local=6, roaming=0""], ""network_generation"": [""title_5g: source:title: タイ eSIM 20日間 高速データ1GB/日 低速無制限 4G/5G対応 データ通信専用 プリペイド ESIMプラン Thailand バンコク simカード 説明書付 (20日間)""], ""review_count"": [""detail_page: (13)""], ""bestseller_rank"": [""Amazon 売れ筋ランキング 家電＆カメラ - 26,365位 ( 家電＆カメラの売れ筋ランキングを見る ) プリペイドSIMカード - 314位""], ""title"": [""タイ eSIM 20日間 高速データ1GB/日 低速無制限 4G/5G対応 データ通信専用 プリペイド ESIMプラン Thailand バンコク simカード 説明書付 (20日間)""]}"
amazon_jp,hk,【マレーシア esim】 マレーシア simカード 【Celcom/DiGi】 1GB/日 高速データ＋低速無制限 メール受取・即日利用可 データ通信専用 マレーシア プリペイド SIMカード Malaysia esim,1479,247,,,,,211,1일,1일,30일,unknown,lte_4g_only,,,"{""cmhk"": null, ""csl"": null, ""smartone"": null, ""three_hk"": null}","{""skt"": null, ""kt"": null, ""lgu"": null}",1GB/day,https://www.amazon.co.jp/%E3%80%90Celcom-%E9%AB%98%E9%80%9F%E3%83%87%E3%83%BC%E3%82%BF%EF%BC%8B%E4%BD%8E%E9%80%9F%E7%84%A1%E5%88%B6%E9%99%90-%E3%83%A1%E3%83%BC%E3%83%AB%E5%8F%97%E5%8F%96%E3%83%BB%E5%8D%B3%E6%97%A5%E5%88%A9%E7%94%A8%E5%8F%AF-%E3%83%87%E3%83%BC%E3%82%BF%E9%80%9A%E4%BF%A1%E5%B0%82%E7%94%A8-Malaysia/dp/B0CLKG7X75,B0CLKG7X75,B0CLKG7X75,Global Simcard,アーモンド　ＳＩｍ　ｃａｒｄのストアを表示,"{""price_jpy"": [""￥1,479""], ""usage_validity"": [""🔺注意事項②：現地のネットワークに接続された時点から23:59（現地時間）までを一日とカウントします。 ※24時間で1日をカウントするわけではありませんのでご注意ください。""], ""activation_validity"": [""✿【有効期限】メールで納品後、30日以内にご利用ください。""], ""data_amount"": [""✿【データ容量】データ通信専用eSIM。1GB/日の高速データ通信が利用可能、超過後は最大128kbpsの低速通信で無制限にご利用いただけます。本人確認不要で、留学・旅行・ビジネスなど幅広い用途に対応。※使用量は現地時間の00:00から23:59までカウントされます。""], ""network_type"": [""local_signal: 【チョコSIM 定額（Sプラン）】【中国の電話番号付きでアプリや施設サービスのSMS認証が可能】【データ容量】合計500MB/月【音声】合計20分間/月 データ/音声/SMS付きSIMカード 中国SIM マカオSIM China unicom ※こちらのSIMカードは契約後、毎月の基本料が発生いたします。※2024年11月1日から台湾でのご利用はできなくなり"", ""roaming_signal: マレーシア旅行用SIMカード - 5G/4G LTE高速データ - プリペイド＆ローミングなし、10日間毎日1GB - 観光客やビジネス旅行者向けの簡単アクティベーション"", ""insufficient_or_conflicting_signals(local=6, roaming=4)""], ""network_generation"": [""product_info_cellular_4g_lte: source:product_info_cellular: 携帯電話技術 4G-LTE"", ""product_info_cellular_4g_lte: source:product_info_cellular: 携帯電話技術 4G-LTE""], ""review_count"": [""detail_page: (247)""], ""bestseller_rank"": [""Amazon 売れ筋ランキング 家電＆カメラ - 15,998位 ( 家電＆カメラの売れ筋ランキングを見る ) プリペイドSIMカード - 211位""], ""title"": [""【マレーシア esim】 マレーシア simカード 【Celcom/DiGi】 1GB/日 高速データ＋低速無制限 メール受取・即日利用可 データ通信専用 マレーシア プリペイド SIMカード Malaysia esim""]}"
amazon_jp,hk,中国・香港・マカオ eSIM｜4日間 無制限｜5G/4G 高速通信使い放題｜本人確認不要・当日利用可能｜LINE・YouTube・Google利用可 ｜24時間サポート 中国 esim 香港 esim,1680,10,,,,,3058,4일,4일,90일,unknown,5g_capable,,,"{""cmhk"": null, ""csl"": null, ""smartone"": null, ""three_hk"": true}","{""skt"": null, ""kt"": null, ""lgu"": null}",unlimited,https://www.amazon.co.jp/%E4%B8%AD%E5%9B%BD%E3%83%BB%E9%A6%99%E6%B8%AF%E3%83%BB%E3%83%9E%E3%82%AB%E3%82%AA-eSIM%EF%BD%9C4%E6%97%A5%E9%96%93-%E7%84%A1%E5%88%B6%E9%99%90%EF%BD%9C5G-%E9%AB%98%E9%80%9F%E9%80%9A%E4%BF%A1%E4%BD%BF%E3%81%84%E6%94%BE%E9%A1%8C%EF%BD%9C%E6%9C%AC%E4%BA%BA%E7%A2%BA%E8%AA%8D%E4%B8%8D%E8%A6%81%E3%83%BB%E5%BD%93%E6%97%A5%E5%88%A9%E7%94%A8%E5%8F%AF%E8%83%BD%EF%BD%9CLINE%E3%83%BBYouTube%E3%83%BBGoogle%E5%88%A9%E7%94%A8%E5%8F%AF-%EF%BD%9C24%E6%99%82%E9%96%93%E3%82%B5%E3%83%9D%E3%83%BC%E3%83%88/dp/B0GVT7RYZV,B0GVT7RYZV,B0GVT7RYZV,Global eSIMshop,ブランド: PLUG TO GO,"{""price_jpy"": [""￥1,680""], ""usage_validity"": [""中国・香港・マカオ eSIM｜4日間 無制限｜5G/4G 高速通信使い放題｜本人確認不要・当日利用可能｜LINE・YouTube・Google利用可 ｜24時間サポート 中国 esim 香港 esim""], ""activation_validity"": [""【有効期限】QRコードは90日以内に有効です。日本でQRコードをスキャンして事前設定が可能。""], ""data_amount"": [""【高速データ無制限】中国本土・香港・マカオ対応のデータ通信専用eSIM。現地大手キャリア回線で安定・快適に利用可能。高速データ無制限＆本人確認不要。中国のネット規制を回避し、Google・LINE・YouTubeなどもVPN不要で利用可能です。""], ""network_type"": [""no_local_or_roaming_keyword_matched""], ""network_generation"": [""product_info_cellular_5g: source:product_info_cellular: 携帯電話技術 5G/4G"", ""product_info_cellular_5g: source:product_info_cellular: 携帯電話技術 5G/4G""], ""carrier_support_local"": [""3HK: サービスプロバイダ China Telecom/3HK/CTM"", ""3HK: Amazon.co.jp: 中国・香港・マカオ eSIM｜4日間 無制限｜5G/4G 高速通信使い放題｜本人確認不要・当日利用可能｜LINE・YouTube・Google利用可 ｜24時間サポート 中国 esim 香港 esim : 家電＆カメラ 次に移動 メインコンテンツ この商品について この商""], ""review_count"": [""detail_page: (10)""], ""bestseller_rank"": [""Amazon 売れ筋ランキング 家電＆カメラ - 474,615位 ( 家電＆カメラの売れ筋ランキングを見る ) プリペイドSIMカード - 3,058位""], ""title"": [""中国・香港・マカオ eSIM｜4日間 無制限｜5G/4G 高速通信使い放題｜本人確認不要・当日利用可能｜LINE・YouTube・Google利用可 ｜24時間サポート 中国 esim 香港 esim""]}"
amazon_jp,hk,大中華区SIMカード-中国、香港、マカオ、台湾向けプリペイドデータプラン｜1 GB毎日データ、3日有効期限｜高速4/5 G LTE｜旅行者に最適,2709,4,,,,,3447,3일,3일,3일,unknown,lte_4g_only,,,"{""cmhk"": null, ""csl"": null, ""smartone"": null, ""three_hk"": null}","{""skt"": null, ""kt"": null, ""lgu"": null}",1GB,https://www.amazon.co.jp/%E5%A4%A7%E4%B8%AD%E8%8F%AF%E5%8C%BASIM%E3%82%AB%E3%83%BC%E3%83%89-%E4%B8%AD%E5%9B%BD%E3%80%81%E9%A6%99%E6%B8%AF%E3%80%81%E3%83%9E%E3%82%AB%E3%82%AA%E3%80%81%E5%8F%B0%E6%B9%BE%E5%90%91%E3%81%91%E3%83%97%E3%83%AA%E3%83%9A%E3%82%A4%E3%83%89%E3%83%87%E3%83%BC%E3%82%BF%E3%83%97%E3%83%A9%E3%83%B3%EF%BD%9C1-GB%E6%AF%8E%E6%97%A5%E3%83%87%E3%83%BC%E3%82%BF%E3%80%813%E6%97%A5%E6%9C%89%E5%8A%B9%E6%9C%9F%E9%99%90%EF%BD%9C%E9%AB%98%E9%80%9F4-5-G-LTE%EF%BD%9C%E6%97%85%E8%A1%8C%E8%80%85%E3%81%AB%E6%9C%80%E9%81%A9/dp/B0DSFZB4RS,B0DSFZB4RS,B0DSFZB4RS,Mossroam,mossroamのストアを表示,"{""price_jpy"": [""￥2,709""], ""usage_validity"": [""大中華区SIMカード-中国、香港、マカオ、台湾向けプリペイドデータプラン｜1 GB毎日データ、3日有効期限｜高速4/5 G LTE｜旅行者に最適""], ""activation_validity"": [""Amazon.co.jp: 大中華区SIMカード-中国、香港、マカオ、台湾向けプリペイドデータプラン｜1 GB毎日データ、3日有効期限｜高速4/5 G LTE｜旅行者に最適 : 家電＆カメラ""], ""data_amount"": [""柔軟なデータプラン-1 GBまたは2 GBの毎日のデータから選択し、旅行のスケジュールに合わせて1日から10日まで有効です""], ""network_type"": [""local_signal: 【SKTelecoｍ公式認証】 韓国eSIM 3日間 (72時間) 電話番号付き 超高速データ無制限 最初の5分発信無料(韓国国内) お急ぎの方即時発行可(LINE相談受付中) 有効期限／ご購入日より120日以内 現地空港サポート(SKTelecomローミングセンター) SKテレコム正規品 韓国SIMカードタイプではありません"", ""roaming_signal: 商品の説明 Previous page Next page 大中国全域でつながりを保つ 中国大陸,香港,マカオ,台湾などの象徴的な場所を訪れる観光客であろうと,主要都市の会議に出席するビジネス旅行者であろうと,私たちのデータのみのSIMは,ローミング料金や高い料金なしにオンラインに滞在することを保証します. ビデオでは使用中の商品を紹介しています。 このビデ"", ""insufficient_or_conflicting_signals(local=3, roaming=4)""], ""network_generation"": [""product_info_cellular_4g_lte: source:product_info_cellular: 携帯電話技術 LTE"", ""product_info_cellular_4g_lte: source:product_info_cellular: 携帯電話技術 LTE""], ""review_count"": [""detail_page: (4)""], ""bestseller_rank"": [""Amazon 売れ筋ランキング 家電＆カメラ - 596,702位 ( 家電＆カメラの売れ筋ランキングを見る ) プリペイドSIMカード - 3,447位""], ""title"": [""大中華区SIMカード-中国、香港、マカオ、台湾向けプリペイドデータプラン｜1 GB毎日データ、3日有効期限｜高速4/5 G LTE｜旅行者に最適""]}"
amazon_jp,hk,【香港 マカオ eSIM 5日間】高速データ通信 完全無制限｜当日発行可能｜データ専用（電話番号なし）｜LINE相談受付中・すぐに使える｜ イーシム 香港 sim マカオsim 24時間LINEサポート (eSIM | 7日間),2480,2,,,,,,5일,5일,30일,unknown,lte_4g_only,,,"{""cmhk"": null, ""csl"": null, ""smartone"": null, ""three_hk"": null}","{""skt"": null, ""kt"": null, ""lgu"": null}",unlimited,https://www.amazon.co.jp/eSIM-5%E6%97%A5%E9%96%93%E3%80%91%E9%AB%98%E9%80%9F%E3%83%87%E3%83%BC%E3%82%BF%E9%80%9A%E4%BF%A1-%E5%AE%8C%E5%85%A8%E7%84%A1%E5%88%B6%E9%99%90%EF%BD%9C%E5%BD%93%E6%97%A5%E7%99%BA%E8%A1%8C%E5%8F%AF%E8%83%BD%EF%BD%9C%E3%83%87%E3%83%BC%E3%82%BF%E5%B0%82%E7%94%A8%EF%BC%88%E9%9B%BB%E8%A9%B1%E7%95%AA%E5%8F%B7%E3%81%AA%E3%81%97%EF%BC%89%EF%BD%9CLINE%E7%9B%B8%E8%AB%87%E5%8F%97%E4%BB%98%E4%B8%AD%E3%83%BB%E3%81%99%E3%81%90%E3%81%AB%E4%BD%BF%E3%81%88%E3%82%8B%EF%BD%9C-24%E6%99%82%E9%96%93LINE%E3%82%B5%E3%83%9D%E3%83%BC%E3%83%88-3%E6%97%A5%E9%96%93/dp/B0DX11RZBK,B0DX11RZBK,B0DX11RZBK,Global eSIMshop,ブランド: PLUG TO GO,"{""price_jpy"": [""￥2,480""], ""usage_validity"": [""【香港 マカオ eSIM 5日間】高速データ通信 完全無制限｜当日発行可能｜データ専用（電話番号なし）｜LINE相談受付中・すぐに使える｜ イーシム 香港 sim マカオsim 24時間LINEサポート (eSIM | 7日間)""], ""activation_validity"": [""【有効期限】メールで納品後、30日以内にご利用ください。""], ""data_amount"": [""【高速データ通信】完全無制限、低速度なし！！""], ""network_type"": [""no_local_or_roaming_keyword_matched""], ""network_generation"": [""product_info_cellular_4g_lte: source:product_info_cellular: 携帯電話技術 4G-LTE"", ""product_info_cellular_4g_lte: source:product_info_cellular: 携帯電話技術 4G-LTE""], ""review_count"": [""detail_page: (2)""], ""title"": [""【香港 マカオ eSIM 5日間】高速データ通信 完全無制限｜当日発行可能｜データ専用（電話番号なし）｜LINE相談受付中・すぐに使える｜ イーシム 香港 sim マカオsim 24時間LINEサポート (eSIM | 7日間)""]}"
amazon_jp,hk,【東南アジア 8カ国 SIM】 500MB/日 高速データ通信 | データ専用（電話番号なし） 24時間LINEサポート | 香港・マカオ・シンガポール・マレーシア・タイ・インドネシア・ベトナム・カンボジア対応 東南アジア sim (【SIM】8日間),2080,1,,,,,,8일,8일,180일,unknown,lte_4g_only,,,"{""cmhk"": null, ""csl"": null, ""smartone"": null, ""three_hk"": null}","{""skt"": null, ""kt"": null, ""lgu"": null}",500MB/day,https://www.amazon.co.jp/%E9%AB%98%E9%80%9F%E3%83%87%E3%83%BC%E3%82%BF%E9%80%9A%E4%BF%A1-%E3%83%87%E3%83%BC%E3%82%BF%E5%B0%82%E7%94%A8%EF%BC%88%E9%9B%BB%E8%A9%B1%E7%95%AA%E5%8F%B7%E3%81%AA%E3%81%97%EF%BC%89-24%E6%99%82%E9%96%93LINE%E3%82%B5%E3%83%9D%E3%83%BC%E3%83%88-%E9%A6%99%E6%B8%AF%E3%83%BB%E3%83%9E%E3%82%AB%E3%82%AA%E3%83%BB%E3%82%B7%E3%83%B3%E3%82%AC%E3%83%9D%E3%83%BC%E3%83%AB%E3%83%BB%E3%83%9E%E3%83%AC%E3%83%BC%E3%82%B7%E3%82%A2%E3%83%BB%E3%82%BF%E3%82%A4%E3%83%BB%E3%82%A4%E3%83%B3%E3%83%89%E3%83%8D%E3%82%B7%E3%82%A2%E3%83%BB%E3%83%99%E3%83%88%E3%83%8A%E3%83%A0%E3%83%BB%E3%82%AB%E3%83%B3%E3%83%9C%E3%82%B8%E3%82%A2%E5%AF%BE%E5%BF%9C-%E3%80%90SIM%E3%80%918%E6%97%A5%E9%96%93/dp/B0F484DTKZ,B0F484DTKZ,B0F484DTKZ,Global Simcard,アーモンド　ＳＩｍ　ｃａｒｄのストアを表示,"{""price_jpy"": [""￥2,080""], ""usage_validity"": [""【東南アジア 8カ国 SIM】 500MB/日 高速データ通信 | データ専用（電話番号なし） 24時間LINEサポート | 香港・マカオ・シンガポール・マレーシア・タイ・インドネシア・ベトナム・カンボジア対応 東南アジア sim (【SIM】8日間)""], ""activation_validity"": [""【有効期限】ご購入後180日間有効です（未使用の場合）。観光や駐在などの際には、複数枚のご購入もおすすめです。""], ""data_amount"": [""【高速データ通信】毎日500MBの高速データを提供します。1GBに達した後は、低速データで無制限にご利用いただけます。※速度制限は翌日現地時間の0時に自動的に解除されます。""], ""network_type"": [""local_signal: 【Almond SIM】 ベトナム 7日間 完全無制限 電話番号付き｜純正Vietnamobile キャリア ｜ホーチミン・ハノイなど 対応｜LINEで24時間サポート｜4G-LTE対応 プリペイドsim ｜Vietnam simカード (物理sim/7日間)"", ""roaming_signal: 《正規日本語版》【ローミングSIM】東南アジア・マカオ・ベトナム・シンガポール・タイ・マレーシア・ラオス・インドネシア・フィリピン・カンボジア・スリランカの全10ヵ国 8日間 5GB ※面倒な本人登録・パスポート登録は不要です。このSIMカードは中国"", ""insufficient_or_conflicting_signals(local=3, roaming=3)""], ""network_generation"": [""product_info_cellular_4g_lte: source:product_info_cellular: 携帯電話技術 LTE"", ""product_info_cellular_4g_lte: source:product_info_cellular: 携帯電話技術 LTE""], ""review_count"": [""detail_page: (1)""], ""title"": [""【東南アジア 8カ国 SIM】 500MB/日 高速データ通信 | データ専用（電話番号なし） 24時間LINEサポート | 香港・マカオ・シンガポール・マレーシア・タイ・インドネシア・ベトナム・カンボジア対応 東南アジア sim (【SIM】8日間)""]}"
amazon_jp,hk,【中国本土・香港eSIM】3日間 完全無制限（低速なし） DeSiM正規卸 |LINE相談受付中 |データ通信専用（電話番号なし） simフリー端末のみ対応 説明書付 イーシム DeSIM,2200,1,,,,,3214,3일,3일,3일,unknown,unknown,,,"{""cmhk"": null, ""csl"": null, ""smartone"": null, ""three_hk"": null}","{""skt"": null, ""kt"": null, ""lgu"": null}",unlimited,https://www.amazon.co.jp/%E3%80%90%E4%B8%AD%E5%9B%BD%E6%9C%AC%E5%9C%9F%E3%83%BB%E9%A6%99%E6%B8%AFeSIM%E3%80%913%E6%97%A5%E9%96%93-%E5%AE%8C%E5%85%A8%E7%84%A1%E5%88%B6%E9%99%90%EF%BC%88%E4%BD%8E%E9%80%9F%E3%81%AA%E3%81%97%EF%BC%89-LINE%E7%9B%B8%E8%AB%87%E5%8F%97%E4%BB%98%E4%B8%AD-%E3%83%87%E3%83%BC%E3%82%BF%E9%80%9A%E4%BF%A1%E5%B0%82%E7%94%A8%EF%BC%88%E9%9B%BB%E8%A9%B1%E7%95%AA%E5%8F%B7%E3%81%AA%E3%81%97%EF%BC%89-sim%E3%83%95%E3%83%AA%E3%83%BC%E7%AB%AF%E6%9C%AB%E3%81%AE%E3%81%BF%E5%AF%BE%E5%BF%9C/dp/B0DZSS7BP4,B0DZSS7BP4,B0DZSS7BP4,DeSiM,DeSiMのストアを表示,"{""price_jpy"": [""￥2,200""], ""usage_validity"": [""【中国本土・香港eSIM】3日間 完全無制限（低速なし） DeSiM正規卸 |LINE相談受付中 |データ通信専用（電話番号なし） simフリー端末のみ対応 説明書付 イーシム DeSIM""], ""activation_validity"": [""【SKTelecoｍ公式認証】 韓国eSIM 3日間 (72時間) 電話番号付き 超高速データ無制限 最初の5分発信無料(韓国国内) お急ぎの方即時発行可(LINE相談受付中) 有効期限／ご購入日より120日以内 現地空港サポート(SKTelecomローミングセンター) SKテレコム正規品 韓国SIMカードタイプではありません""], ""data_amount"": [""【中国本土・香港eSIM】3日間 完全無制限（低速なし） DeSiM正規卸 |LINE相談受付中 | 当日発行可能 |データ通信専用（電話番号なし） simフリー端末のみ対応 説明書付 イーシム DeSIM""], ""network_type"": [""local_signal: 【チョコSIM 定額（Sプラン）】【中国の電話番号付きでアプリや施設サービスのSMS認証が可能】【データ容量】合計500MB/月【音声】合計20分間/月 データ/音声/SMS付きSIMカード 中国SIM マカオSIM China unicom ※こちらのSIMカードは契約後、毎月の基本料が発生いたします。※2024年11月1日から台湾でのご利用はできなくなり"", ""roaming_signal: 中国本土旅行者向けeSIMカード、3日間プラン、2GBデータ使い放題、高速4/5G、ローミング料金無料 | 中国旅行に最適"", ""insufficient_or_conflicting_signals(local=6, roaming=3)""], ""network_generation"": [""fallback_5g: source:image_alt: 中国eSIM｜中国本土・香港・マカオ対応｜5日間 高速データ無制限｜VPN付き LINE・YouTube・Google利用可｜4G/5G 即日発行可能（eSIM | 5日間）"", ""fallback_4g_lte: source:image_alt: 中国eSIM｜中国本土・香港・マカオ対応｜5日間 高速データ無制限｜VPN付き LINE・YouTube・Google利用可｜4G/5G 即日発行可能（eSIM | 5日間）"", ""fallback_only_network_generation_signal""], ""review_count"": [""detail_page: (1)""], ""bestseller_rank"": [""Amazon 売れ筋ランキング 家電＆カメラ - 516,803位 ( 家電＆カメラの売れ筋ランキングを見る ) プリペイドSIMカード - 3,214位""], ""title"": [""【中国本土・香港eSIM】3日間 完全無制限（低速なし） DeSiM正規卸 |LINE相談受付中 |データ通信専用（電話番号なし） simフリー端末のみ対応 説明書付 イーシム DeSIM""]}"
amazon_jp,hk,【中国本土 eSIM】3日間 完全無制限 実名登録不要 高速データ通信 低速なし 中国ネット規制対象外 Line、Youtube、GoogleなどVPNなしで利用可能 QR簡単設定 メール登録で納品 中国SIM 即日発行対応 急ぎの方LINEサポートあり 中国esim 中国イーシム マグロeSIM,1550,12,,,,,1495,1일,1일,3일,unknown,unknown,,,"{""cmhk"": null, ""csl"": null, ""smartone"": null, ""three_hk"": null}","{""skt"": null, ""kt"": null, ""lgu"": null}",unlimited,https://www.amazon.co.jp/eSIM%E3%80%913%E6%97%A5%E9%96%93-%E4%B8%AD%E5%9B%BD%E3%83%8D%E3%83%83%E3%83%88%E8%A6%8F%E5%88%B6%E5%AF%BE%E8%B1%A1%E5%A4%96-Line%E3%80%81Youtube%E3%80%81Google%E3%81%AA%E3%81%A9VPN%E3%81%AA%E3%81%97%E3%81%A7%E5%88%A9%E7%94%A8%E5%8F%AF%E8%83%BD-%E6%80%A5%E3%81%8E%E3%81%AE%E6%96%B9LINE%E3%82%B5%E3%83%9D%E3%83%BC%E3%83%88%E3%81%82%E3%82%8A-%E3%83%9E%E3%82%B0%E3%83%ADeSIM/dp/B0DRYHQZDS,B0DRYHQZDS,B0DRYHQZDS,マグロeSIM,マグロeSIMのストアを表示,"{""price_jpy"": [""￥1,550""], ""usage_validity"": [""【注意事項①】有効期限：eSIM QRコードを受け取ってから180日間です（有効期間内にご利用ください）。eSIMの使用期間については、24時間を1日とカウントされますので、ご了承ください。""], ""activation_validity"": [""【中国本土 eSIM】3日間 完全無制限 実名登録不要 高速データ通信 低速なし 中国ネット規制対象外 Line、Youtube、GoogleなどVPNなしで利用可能 QR簡単設定 メール登録で納品 中国SIM 即日発行対応 急ぎの方LINEサポートあり 中国esim 中国イーシム マグロeSIM""], ""data_amount"": [""【高速データ】高速データ通信が無制限に使用可能です。""], ""network_type"": [""local_signal: 【チョコSIM 定額（Sプラン）】【中国の電話番号付きでアプリや施設サービスのSMS認証が可能】【データ容量】合計500MB/月【音声】合計20分間/月 データ/音声/SMS付きSIMカード 中国SIM マカオSIM China unicom ※こちらのSIMカードは契約後、毎月の基本料が発生いたします。※2024年11月1日から台湾でのご利用はできなくなり"", ""roaming_signal: 商品の説明 購入前にご注意！ 注意事項①：ご購入後、商品画像に記載されたURLにアクセスし必要事項を入力→メールアドレスにPDFの説明書とeSIMのQRコードが届きます！ 注意事項②：SIMロックフリー端末、もしくはSIMフリー端末専用のサービスです。必ず、ご利用端末がeSIM対応かどうかご確認ください。 注意事項③：eSIM対応端末のみ利用可能。※通信キャ"", ""insufficient_or_conflicting_signals(local=6, roaming=3)""], ""network_generation"": [""fallback_5g: source:image_alt: 大中華区SIMカード-中国、香港、マカオ、台湾向けプリペイドデータプラン｜1 GB毎日データ、3日有効期限｜高速4/5 G LTE｜旅行者に最適"", ""fallback_4g_lte: source:image_alt: 大中華区SIMカード-中国、香港、マカオ、台湾向けプリペイドデータプラン｜1 GB毎日データ、3日有効期限｜高速4/5 G LTE｜旅行者に最適"", ""fallback_only_network_generation_signal""], ""review_count"": [""detail_page: (12)""], ""bestseller_rank"": [""Amazon 売れ筋ランキング 家電＆カメラ - 185,576位 ( 家電＆カメラの売れ筋ランキングを見る ) プリペイドSIMカード - 1,495位""], ""title"": [""【中国本土 eSIM】3日間 完全無制限 実名登録不要 高速データ通信 低速なし 中国ネット規制対象外 Line、Youtube、GoogleなどVPNなしで利用可能 QR簡単設定 メール登録で納品 中国SIM 即日発行対応 急ぎの方LINEサポートあり 中国esim 中国イーシム マグロeSIM""]}"
amazon_jp,hk,中国・香港・マカオ・台湾 eSIM 15日間 10GB 【当日発行】ウェブサイトでeSIMを入手できます 4G/LTE高速通信・テザリング対応・TikTok対応・VPN不要 QRコード&APN自動設定 データ通信専用（電話番号なし） LINE相談受付中,1599,10,,,,,1608,4일,4일,15일,unknown,lte_4g_only,,,"{""cmhk"": null, ""csl"": null, ""smartone"": null, ""three_hk"": null}","{""skt"": null, ""kt"": null, ""lgu"": null}",10GB,https://www.amazon.co.jp/15%E6%97%A5%E9%96%93-10GB-%E3%80%90%E5%BD%93%E6%97%A5%E7%99%BA%E8%A1%8C%E3%80%91%E3%82%A6%E3%82%A7%E3%83%96%E3%82%B5%E3%82%A4%E3%83%88%E3%81%A7eSIM%E3%82%92%E5%85%A5%E6%89%8B%E3%81%A7%E3%81%8D%E3%81%BE%E3%81%99-LTE%E9%AB%98%E9%80%9F%E9%80%9A%E4%BF%A1%E3%83%BB%E3%83%86%E3%82%B6%E3%83%AA%E3%83%B3%E3%82%B0%E5%AF%BE%E5%BF%9C%E3%83%BBTikTok%E5%AF%BE%E5%BF%9C%E3%83%BBVPN%E4%B8%8D%E8%A6%81-%E3%83%87%E3%83%BC%E3%82%BF%E9%80%9A%E4%BF%A1%E5%B0%82%E7%94%A8%EF%BC%88%E9%9B%BB%E8%A9%B1%E7%95%AA%E5%8F%B7%E3%81%AA%E3%81%97%EF%BC%89/dp/B0FT7Z7RD6,B0FT7Z7RD6,B0FT7Z7RD6,umacaroon,ＵＲＯＺＥＴＴＡのストアを表示,"{""price_jpy"": [""￥1,599""], ""usage_validity"": [""【プランの利用日数の計算方法】 eSIMの有効期間は、アクティベートした時点から起算され、24時間単位で計算されます。 （例：10月1日10:00に3日間のプランをアクティベートした場合、有効期限は10月4日10:00までとなります。）""], ""activation_validity"": [""中国・香港・マカオ・台湾 eSIM 15日間 10GB 【当日発行】ウェブサイトでeSIMを入手できます 4G/LTE高速通信・テザリング対応・TikTok対応・VPN不要 QRコード&APN自動設定 データ通信専用（電話番号なし） LINE相談受付中""], ""data_amount"": [""【中国本土・香港・マカオeSIMカード】アクティベート後、15日間で10GBの高速4G LTE通信をご利用いただけます。ホットスポット機能により複数端末の接続も可能です。QRコードから事前インストールが行えます。現地到着後、データローミングをオンにするだけで、すぐにインターネットをご利用いただけます。 *ご注意：有効期間は現地ネットワークに初回接続した時点か""], ""network_type"": [""local_signal: 【VPN不要で、安定・高速な4G通信環境】中国本土・香港・マカオ・台湾で、高速かつ安定した4Gネットワークをご利用いただけます。Google Maps、LINE、Instagram、YouTube、TikTok（※ChatGPTは非対応）などの主要アプリやウェブサイトに、現地回線の制限を受けることなく簡単にアクセス可能。ビジネス出張でも観光でも、途切れない通"", ""roaming_signal: 【中国本土・香港・マカオeSIMカード】アクティベート後、15日間で10GBの高速4G LTE通信をご利用いただけます。ホットスポット機能により複数端末の接続も可能です。QRコードから事前インストールが行えます。現地到着後、データローミングをオンにするだけで、すぐにインターネットをご利用いただけます。 *ご注意：有効期間は現地ネットワークに初回接続した時点か"", ""insufficient_or_conflicting_signals(local=3, roaming=7)""], ""network_generation"": [""product_info_cellular_4g_lte: source:product_info_cellular: 携帯電話技術 LTE"", ""product_info_cellular_4g_lte: source:product_info_cellular: 携帯電話技術 LTE""], ""review_count"": [""detail_page: (10)""], ""bestseller_rank"": [""Amazon 売れ筋ランキング 家電＆カメラ - 200,941位 ( 家電＆カメラの売れ筋ランキングを見る ) プリペイドSIMカード - 1,608位""], ""title"": [""中国・香港・マカオ・台湾 eSIM 15日間 10GB 【当日発行】ウェブサイトでeSIMを入手できます 4G/LTE高速通信・テザリング対応・TikTok対応・VPN不要 QRコード&APN自動設定 データ通信専用（電話番号なし） LINE相談受付中""]}"
amazon_jp,hk,【日本eSIM】データ容量30GB au回線eSIM 日本プリペイドSIM JAPAN SIM prepaid sim 利用期限2026年12月31日まで ※eSIMの為、物理SIMの発送はありません。,1780,478,,,,,333,31일,31일,31일,roaming,5g_capable,,,"{""cmhk"": null, ""csl"": null, ""smartone"": null, ""three_hk"": null}","{""skt"": null, ""kt"": null, ""lgu"": null}",30GB,https://www.amazon.co.jp/%E3%80%90%E6%97%A5%E6%9C%ACeSIM%E3%80%91%E3%83%87%E3%83%BC%E3%82%BF%E5%AE%B9%E9%87%8F30GB-%E6%97%A5%E6%9C%AC%E3%83%97%E3%83%AA%E3%83%9A%E3%82%A4%E3%83%89SIM-SIM-%E5%88%A9%E7%94%A8%E6%9C%9F%E9%99%902026%E5%B9%B412%E6%9C%8831%E6%97%A5%E3%81%BE%E3%81%A7-%E2%80%BBeSIM%E3%81%AE%E7%82%BA%E3%80%81%E7%89%A9%E7%90%86SIM%E3%81%AE%E7%99%BA%E9%80%81%E3%81%AF%E3%81%82%E3%82%8A%E3%81%BE%E3%81%9B%E3%82%93%E3%80%82/dp/B0H2CTFP9K,B0H2CTFP9K,B0H2CTFP9K,ブランド: Wise SIM,ブランド: Wise SIM,"{""price_jpy"": [""価格 ￥1,780 ￥1,780 ￥1,980 ￥1,737 ￥2,980""], ""usage_validity"": [""【日本eSIM】データ容量30GB au回線eSIM 日本プリペイドSIM JAPAN SIM prepaid sim 利用期限2026年12月31日まで ※eSIMの為、物理SIMの発送はありません。""], ""activation_validity"": [""■eSIMの為、SIMカードの発送はありません。紙のマニュアルのみを送付しております。※お急ぎの場合にご注文番号をご連絡頂ければメールやLINEにてQRコードの発行が可能です。 ／ ■SIMカード有効期限：2026年12月31日まで""], ""data_amount"": [""【利用期間】 SIMカードの有効期限までの間でしたらデータ利用可能です。利用開始後、●●日で終了、と言った日数は決められていないので1週間で30GB使ったり、毎月3GBずつ使ったりと利用スタイルに合わせて自由にご利用頂けます。 ※SIMカードの有効期限を過ぎるとデータ容量が残っていても通信は止まります。""], ""network_type"": [""【au回線】 au(KDDI)社のネットワークを利用するのでエリアや速度は安定しておりストレスなくご利用可能です。 ※香港の通信会社が発行しているローミングSIMになります。データローミングを利用しての通信となりますので、ご利用端末にローミング機能が無いとご利用は出来ません。"", ""■eSIMの為、SIMカードの発送はありません。 紙のマニュアルのみを送付しております。 ※お急ぎの場合にご注文番号をご連絡頂ければメールやLINEにてQRコードの発行が可能です。 －－－－－－ ■SIMカード有効期限：2026年12月31日まで －－－－－－ 【利用期間】 SIMカードの有効期限までの間でしたらデータ利用可能です。 利用開始後、●●日で終了"", ""score: local=0, roaming=6""], ""network_generation"": [""product_info_cellular_5g: source:product_info_cellular: 携帯電話技術 5G/4G/LTE"", ""product_info_cellular_5g: source:product_info_cellular: 携帯電話技術 5G/4G/LTE"", ""product_info_cellular_4g_lte_signal_present_but_5g_capable_takes_precedence""], ""review_count"": [""detail_page: 478""], ""bestseller_rank"": [""Amazon 売れ筋ランキング 家電＆カメラ - 28,289位 ( 家電＆カメラの売れ筋ランキングを見る ) プリペイドSIMカード - 333位""], ""title"": [""【日本eSIM】データ容量30GB au回線eSIM 日本プリペイドSIM JAPAN SIM prepaid sim 利用期限2026年12月31日まで ※eSIMの為、物理SIMの発送はありません。""]}"
amazon_jp,hk,【香港・マカオeSIM】7日間 1GB/毎日（コスパ重視） LINE相談受付中｜データ通信専用（電話番号なし） | simフリー端末のみ対応 説明書付 イーシム simless,1170,5,,,,,2016,7일,7일,,local,unknown,,,"{""cmhk"": null, ""csl"": null, ""smartone"": null, ""three_hk"": null}","{""skt"": null, ""kt"": null, ""lgu"": null}",unlimited,https://www.amazon.co.jp/%E3%80%90%E9%A6%99%E6%B8%AF%E3%83%BB%E3%83%9E%E3%82%AB%E3%82%AAeSIM%E3%80%917%E6%97%A5%E9%96%93-1GB-%E6%AF%8E%E6%97%A5%EF%BC%88%E3%82%B3%E3%82%B9%E3%83%91%E9%87%8D%E8%A6%96%EF%BC%89-LINE%E7%9B%B8%E8%AB%87%E5%8F%97%E4%BB%98%E4%B8%AD%EF%BD%9C%E3%83%87%E3%83%BC%E3%82%BF%E9%80%9A%E4%BF%A1%E5%B0%82%E7%94%A8%EF%BC%88%E9%9B%BB%E8%A9%B1%E7%95%AA%E5%8F%B7%E3%81%AA%E3%81%97%EF%BC%89-sim%E3%83%95%E3%83%AA%E3%83%BC%E7%AB%AF%E6%9C%AB%E3%81%AE%E3%81%BF%E5%AF%BE%E5%BF%9C/dp/B0DWKMZ2TJ,B0DWKMZ2TJ,B0DWKMZ2TJ,DeSiM,DeSiMのストアを表示,"{""price_jpy"": [""￥1,170""], ""usage_validity"": [""【香港・マカオeSIM】7日間 1GB/毎日（コスパ重視） LINE相談受付中｜データ通信専用（電話番号なし） | simフリー端末のみ対応 説明書付 イーシム simless""], ""data_amount"": [""商品の説明 購入前の注意事項 【注意事項】 注意事項①：電話番号は付与されませんので、ご注意ください。 注意事項②：SIMロックフリー端末、もしくはSIMフリー端末専用のサービスです。必ず、ご利用端末がeSIM対応かどうかご確認ください。 注意事項③：2021年10月1日以前にSIMロック解除をキャリア店頭またはインターネットでされた「Android端末」は""], ""network_type"": [""商品の説明 購入前の注意事項 【注意事項】 注意事項①：電話番号は付与されませんので、ご注意ください。 注意事項②：SIMロックフリー端末、もしくはSIMフリー端末専用のサービスです。必ず、ご利用端末がeSIM対応かどうかご確認ください。 注意事項③：2021年10月1日以前にSIMロック解除をキャリア店頭またはインターネットでされた「Android端末」は"", ""score: local=3, roaming=1""], ""network_generation"": [""fallback_4g_lte: source:image_alt: 台湾 simcard 4G-LTE TAIWAN 2GB/日 高速データ通信 低速データ使い放題 プリペイド SIMカード 台北 sim card (4日間)"", ""fallback_only_network_generation_signal""], ""review_count"": [""detail_page: 商品の説明 購入前の注意事項 【注意事項】 注意事項①：電話番号は付与されませんので、ご注意ください。 注意事項②：SIMロックフリー端末、もしくはSIMフリー端末専用のサービスです。必ず、ご利用端末がeSIM対応かどうかご確認ください。 注意事項③：2021年10月1日以前にSIMロック解除をキャリア店頭またはインターネットでされた「Android端末」は""], ""bestseller_rank"": [""Amazon 売れ筋ランキング 家電＆カメラ - 267,998位 ( 家電＆カメラの売れ筋ランキングを見る ) プリペイドSIMカード - 2,016位""], ""title"": [""【香港・マカオeSIM】7日間 1GB/毎日（コスパ重視） LINE相談受付中｜データ通信専用（電話番号なし） | simフリー端末のみ対応 説明書付 イーシム simless""]}"
amazon_jp,hk,【アジア16カ国 eSIM】5日間 2GB/日 高速データ通信 低速無制限 | 当日発行可能 24時間カスタマーサポート | データ通信専用（電話番号なし） 説明書付 ｜ イーシム アジア周遊 simカード アジア esim (eSIM | 5日間 10GB),2380,3,,,,,1324,5일,5일,90일,local,lte_4g_only,,,"{""cmhk"": null, ""csl"": null, ""smartone"": null, ""three_hk"": null}","{""skt"": null, ""kt"": null, ""lgu"": null}",2GB/day,https://www.amazon.co.jp/24%E6%99%82%E9%96%93%E3%82%AB%E3%82%B9%E3%82%BF%E3%83%9E%E3%83%BC%E3%82%B5%E3%83%9D%E3%83%BC%E3%83%88-%E3%83%87%E3%83%BC%E3%82%BF%E9%80%9A%E4%BF%A1%E5%B0%82%E7%94%A8%EF%BC%88%E9%9B%BB%E8%A9%B1%E7%95%AA%E5%8F%B7%E3%81%AA%E3%81%97%EF%BC%89-eSIM-5%E6%97%A5%E9%96%93-10GB/dp/B0DKMWVVCP,B0DKMWVVCP,B0DKMWVVCP,Global Simcard,アーモンド　ＳＩｍ　ｃａｒｄのストアを表示,"{""price_jpy"": [""￥2,380""], ""usage_validity"": [""【アジア16カ国 eSIM】5日間 2GB/日 高速データ通信 低速無制限 | 当日発行可能 24時間カスタマーサポート | データ通信専用（電話番号なし） 説明書付 ｜ イーシム アジア周遊 simカード アジア esim (eSIM | 5日間 10GB)""], ""activation_validity"": [""⭐【有効期限】メールで納品後、90日以内にご利用ください。""], ""data_amount"": [""⭐【大容量データプラン】毎日2GBの高速データ通信が利用可能で、超過後は最大通信速度が128kbpsに制限されます。翌日0時に制限が解除され、テザリングも利用可能です。QRコードをスキャンして、簡単接続！（インターネット環境が必要です）。""], ""network_type"": [""【チョコSIM 定額（Sプラン）】【中国の電話番号付きでアプリや施設サービスのSMS認証が可能】【データ容量】合計500MB/月【音声】合計20分間/月 データ/音声/SMS付きSIMカード 中国SIM マカオSIM China unicom ※こちらのSIMカードは契約後、毎月の基本料が発生いたします。※2024年11月1日から台湾でのご利用はできなくなり"", ""【SKTelecoｍ公式認証】 韓国eSIM 3日間 (72時間) 電話番号付き 超高速データ無制限 最初の5分発信無料(韓国国内) お急ぎの方即時発行可(LINE相談受付中) 有効期限／ご購入日より120日以内 現地空港サポート(SKTelecomローミングセンター) SKテレコム正規品 韓国SIMカードタイプではありません"", ""score: local=6, roaming=0""], ""network_generation"": [""product_info_cellular_4g_lte: source:product_info_cellular: 携帯電話技術 4G-LTE"", ""product_info_cellular_4g_lte: source:product_info_cellular: 携帯電話技術 4G-LTE""], ""review_count"": [""detail_page: (3)""], ""bestseller_rank"": [""Amazon 売れ筋ランキング 家電＆カメラ - 161,759位 ( 家電＆カメラの売れ筋ランキングを見る ) プリペイドSIMカード - 1,324位""], ""title"": [""【アジア16カ国 eSIM】5日間 2GB/日 高速データ通信 低速無制限 | 当日発行可能 24時間カスタマーサポート | データ通信専用（電話番号なし） 説明書付 ｜ イーシム アジア周遊 simカード アジア esim (eSIM | 5日間 10GB)""]}"
amazon_jp,hk,【香港・マカオ eSIM】10日間無制限データ | 日毎制限なし | 5G/4GLTE高速データ | 簡単アクティベーション | サポートLINEでのお問い合わせ,2772,2,,,,,3348,10일,10일,90일,unknown,5g_capable,,,"{""cmhk"": null, ""csl"": null, ""smartone"": null, ""three_hk"": null}","{""skt"": null, ""kt"": null, ""lgu"": null}",unlimited,https://www.amazon.co.jp/%E3%80%90%E9%A6%99%E6%B8%AF%E3%83%BB%E3%83%9E%E3%82%AB%E3%82%AA-eSIM%E3%80%9110%E6%97%A5%E9%96%93%E7%84%A1%E5%88%B6%E9%99%90%E3%83%87%E3%83%BC%E3%82%BF-4GLTE%E9%AB%98%E9%80%9F%E3%83%87%E3%83%BC%E3%82%BF-%E7%B0%A1%E5%8D%98%E3%82%A2%E3%82%AF%E3%83%86%E3%82%A3%E3%83%99%E3%83%BC%E3%82%B7%E3%83%A7%E3%83%B3-%E3%82%B5%E3%83%9D%E3%83%BC%E3%83%88LINE%E3%81%A7%E3%81%AE%E3%81%8A%E5%95%8F%E3%81%84%E5%90%88%E3%82%8F%E3%81%9B/dp/B0FNWBMQ1X,B0FNWBMQ1X,B0FNWBMQ1X,Happy Travel Sim Card,HAPPY TELECOMのストアを表示,"{""price_jpy"": [""￥2,772""], ""usage_validity"": [""【香港・マカオ eSIM】10日間無制限データ | 日毎制限なし | 5G/4GLTE高速データ | 簡単アクティベーション | サポートLINEでのお問い合わせ""], ""activation_validity"": [""😄【5G/LTE】無制限の5Gデータ、速度制限や低速はありません。無制限データ。※カードの有効期限：購入後90日以内。""], ""data_amount"": [""😄【5G/LTE】無制限の5Gデータ、速度制限や低速はありません。無制限データ。※カードの有効期限：購入後90日以内。""], ""network_type"": [""local_signal: ◆ eSIM対応スマートフォン用のeSIM QRコードがパッケージに含まれています。デバイスがeSIM機能に対応していない場合は、物理SIMを購入してください。 ◆ 無制限データ：台湾滞在中、データ制限なしでオンラインを維持。ウェブを閲覧し、お気に入りのアプリを使い、友達と簡単に接続できます。 ◆ 信頼性のあるネットワークカバレッジ：都市部、田舎、移動中でも"", ""roaming_signal: 《正規日本語版》【ローミングSIM】東南アジア・マカオ・ベトナム・シンガポール・タイ・マレーシア・ラオス・インドネシア・フィリピン・カンボジア・スリランカの全10ヵ国 8日間 5GB ※面倒な本人登録・パスポート登録は不要です。このSIMカードは中国ではご利用できません。"", ""insufficient_or_conflicting_signals(local=1, roaming=1)""], ""network_generation"": [""product_info_cellular_5g: source:product_info_cellular: 携帯電話技術 5G"", ""product_info_cellular_5g: source:product_info_cellular: 携帯電話技術 5G""], ""review_count"": [""detail_page: (2)""], ""bestseller_rank"": [""Amazon 売れ筋ランキング 家電＆カメラ - 562,071位 ( 家電＆カメラの売れ筋ランキングを見る ) プリペイドSIMカード - 3,348位""], ""title"": [""【香港・マカオ eSIM】10日間無制限データ | 日毎制限なし | 5G/4GLTE高速データ | 簡単アクティベーション | サポートLINEでのお問い合わせ""]}"
amazon_jp,hk,【香港 マカオ eSIM】5日間 低速データ通信無制限 高速データ通信1GB/日 実名登録不要 QR簡単設定 メール登録で納品 即日発行対応 急ぎの方LINEサポートあり 香港sim マカオsim 中国sim マグロeSIM,1080,2,,,,,302,5일,5일,180일,roaming,unknown,,,"{""cmhk"": null, ""csl"": null, ""smartone"": null, ""three_hk"": null}","{""skt"": null, ""kt"": null, ""lgu"": null}",unlimited,https://www.amazon.co.jp/eSIM%E3%80%915%E6%97%A5%E9%96%93-%E4%BD%8E%E9%80%9F%E3%83%87%E3%83%BC%E3%82%BF%E9%80%9A%E4%BF%A1%E7%84%A1%E5%88%B6%E9%99%90-%E9%AB%98%E9%80%9F%E3%83%87%E3%83%BC%E3%82%BF%E9%80%9A%E4%BF%A11GB-%E6%80%A5%E3%81%8E%E3%81%AE%E6%96%B9LINE%E3%82%B5%E3%83%9D%E3%83%BC%E3%83%88%E3%81%82%E3%82%8A-%E3%83%9E%E3%82%B0%E3%83%ADeSIM/dp/B0F5PL8FGJ,B0F5PL8FGJ,B0F5PL8FGJ,マグロeSIM,マグロeSIMのストアを表示,"{""price_jpy"": [""￥1,080""], ""usage_validity"": [""【香港 マカオ eSIM】5日間 低速データ通信無制限 高速データ通信1GB/日 実名登録不要 QR簡単設定 メール登録で納品 即日発行対応 急ぎの方LINEサポートあり 香港sim マカオsim 中国sim マグロeSIM""], ""activation_validity"": [""【注意事項①】有効期限：eSIM QRコードを受け取ってから180日間です（有効期間内にご利用ください）。eSIMの使用期間は、現地の回線に接続した時点からプランの最終日の23時59分までです。""], ""data_amount"": [""【データ容量】データ容量は無制限ですが、1日以内にデータ通信量が1GBを超えると、通信速度が128Kbpsに制限され、翌日の現地時間0時に自動的にスピード制限が解除されます。※地点によっては信号が届かない場合がありますのでご了承ください。""], ""network_type"": [""商品の説明 購入前にご注意！ 注意事項①：ご購入後、商品画像に記載されたURLにアクセスし必要事項を入力→メールアドレスにPDFの説明書とeSIMのQRコードが届きます！ 注意事項②：SIMロックフリー端末、もしくはSIMフリー端末専用のサービスです。必ず、ご利用端末がeSIM対応かどうかご確認ください。 注意事項③：eSIM対応端末のみ利用可能。※通信キャ"", ""score: local=0, roaming=3""], ""network_generation"": [""no_lte_4g_or_5g_keyword_matched""], ""review_count"": [""detail_page: (2)""], ""bestseller_rank"": [""Amazon 売れ筋ランキング 家電＆カメラ - 814,869位 ( 家電＆カメラの売れ筋ランキングを見る ) 定期契約SIMカード - 302位""], ""title"": [""【香港 マカオ eSIM】5日間 低速データ通信無制限 高速データ通信1GB/日 実名登録不要 QR簡単設定 メール登録で納品 即日発行対応 急ぎの方LINEサポートあり 香港sim マカオsim 中国sim マグロeSIM""]}"
amazon_jp,hk,【Jet Sim】マレーシア eSIM 5日間 データ使い放題 無制限 プリペイドeSIM,1216,54,,,,,2462,5일,5일,30일,unknown,5g_capable,,,"{""cmhk"": null, ""csl"": null, ""smartone"": null, ""three_hk"": null}","{""skt"": null, ""kt"": null, ""lgu"": null}",unlimited,https://www.amazon.co.jp/%E3%80%90Jet-Sim%E3%80%91%E3%83%9E%E3%83%AC%E3%83%BC%E3%82%B7%E3%82%A2-5%E6%97%A5%E9%96%93-%E3%83%87%E3%83%BC%E3%82%BF%E4%BD%BF%E3%81%84%E6%94%BE%E9%A1%8C-%E3%83%97%E3%83%AA%E3%83%9A%E3%82%A4%E3%83%89eSIM/dp/B0F1Y6Z2SP,B0F1Y6Z2SP,B0F1Y6Z2SP,ジェスロモバイル,JETSIMのストアを表示,"{""price_jpy"": [""￥1,216""], ""usage_validity"": [""【Jet Sim】マレーシア eSIM 5日間 データ使い放題 無制限 プリペイドeSIM""], ""activation_validity"": [""商品の説明 購入後すぐにeSIMを使えますか？ はい、すぐにご利用いただけます。スムーズにご利用いただくために、申請フォームのご提出をお願いいたします。 eSIMのアクティベーションは必要ですか？ アクティベーションは不要です。eSIMをスマートフォンに追加すれば、現地に到着次第、自動的に接続されます！ 複数の国で利用できるプランは国をまたいで移動する際も、""], ""data_amount"": [""【データ無制限】 マレーシア5日間、5G/4G-LTE高速データが完全無制限。テザリング対応。""], ""network_type"": [""local_signal: 【チョコSIM 定額（Sプラン）】【中国の電話番号付きでアプリや施設サービスのSMS認証が可能】【データ容量】合計500MB/月【音声】合計20分間/月 データ/音声/SMS付きSIMカード 中国SIM マカオSIM China unicom ※こちらのSIMカードは契約後、毎月の基本料が発生いたします。※2024年11月1日から台湾でのご利用はできなくなり"", ""roaming_signal: マレーシア旅行用SIMカード - 5G/4G LTE高速データ - プリペイド＆ローミングなし、7日間毎日2GB - 観光客やビジネス旅行者向けの簡単アクティベーション"", ""insufficient_or_conflicting_signals(local=9, roaming=2)""], ""network_generation"": [""product_detail_5g: source:feature_bullets: 【データ無制限】 マレーシア5日間、5G/4G-LTE高速データが完全無制限。テザリング対応。""], ""review_count"": [""detail_page: 54""], ""bestseller_rank"": [""Amazon 売れ筋ランキング 家電＆カメラ - 343,915位 ( 家電＆カメラの売れ筋ランキングを見る ) プリペイドSIMカード - 2,462位""], ""title"": [""【Jet Sim】マレーシア eSIM 5日間 データ使い放題 無制限 プリペイドeSIM""]}"
amazon_jp,hk,東南アジア5か国周遊 eSIM 4日間 高速データ1GB/日 低速無制限 利用国：シンガポール マレーシア タイ インドネシア ベトナム 4G/5G対応 データ通信専用 東南アジアsim 説明書付 (4日間),930,31,,,,,905,4일,4일,90일,unknown,5g_capable,,,"{""cmhk"": null, ""csl"": null, ""smartone"": null, ""three_hk"": null}","{""skt"": null, ""kt"": null, ""lgu"": null}",1GB/day,https://www.amazon.co.jp/%E6%9D%B1%E5%8D%97%E3%82%A2%E3%82%B8%E3%82%A25%E3%81%8B%E5%9B%BD%E5%91%A8%E9%81%8A-4%E6%97%A5%E9%96%93-%E9%AB%98%E9%80%9F%E3%83%87%E3%83%BC%E3%82%BF1GB-%E5%88%A9%E7%94%A8%E5%9B%BD%EF%BC%9A%E3%82%B7%E3%83%B3%E3%82%AC%E3%83%9D%E3%83%BC%E3%83%AB-%E6%9D%B1%E5%8D%97%E3%82%A2%E3%82%B8%E3%82%A2sim/dp/B0FRS5BHZR,B0FRS5BHZR,B0FRS5BHZR,mewmewホーム eSIM,ＭＥＷＭＥＷホームのストアを表示,"{""price_jpy"": [""￥930""], ""usage_validity"": [""東南アジア5か国周遊 eSIM 4日間 高速データ1GB/日 低速無制限 利用国：シンガポール マレーシア タイ インドネシア ベトナム 4G/5G対応 データ通信専用 東南アジアsim 説明書付 (4日間)""], ""activation_validity"": [""【有効期限】メール受信から90日以内にご利用ください。""], ""data_amount"": [""【データ容量】高速データ通信が1日あたり1GB利用可能です。超過後は最大384kbpsで通信は途切れることなくご利用可能です。""], ""network_type"": [""no_local_or_roaming_keyword_matched""], ""network_generation"": [""title_5g: source:title: 東南アジア5か国周遊 eSIM 4日間 高速データ1GB/日 低速無制限 利用国：シンガポール マレーシア タイ インドネシア ベトナム 4G/5G対応 データ通信専用 東南アジアsim 説明書付 (4日間)""], ""review_count"": [""detail_page: (31)""], ""bestseller_rank"": [""Amazon 売れ筋ランキング 家電＆カメラ - 101,096位 ( 家電＆カメラの売れ筋ランキングを見る ) プリペイドSIMカード - 905位""], ""title"": [""東南アジア5か国周遊 eSIM 4日間 高速データ1GB/日 低速無制限 利用国：シンガポール マレーシア タイ インドネシア ベトナム 4G/5G対応 データ通信専用 東南アジアsim 説明書付 (4日間)""]}"
amazon_jp,hk,【Almond eSIM】アジア16か国 周遊 esim 大容量プラン 2GB/日 高速データ通信 使い放題 当日発行可能 24時間カスタマーサポート 4G-LTE対応 プリペイド ESIMプラン アジア周遊 simカード (8日間16GB),2980,8,,,,,556,8일,8일,30일,unknown,lte_4g_only,,,"{""cmhk"": null, ""csl"": null, ""smartone"": null, ""three_hk"": null}","{""skt"": null, ""kt"": null, ""lgu"": null}",unlimited,https://www.amazon.co.jp/%E3%80%90Almond-eSIM%E3%80%91%E3%82%A2%E3%82%B8%E3%82%A216%E3%81%8B%E5%9B%BD-24%E6%99%82%E9%96%93%E3%82%AB%E3%82%B9%E3%82%BF%E3%83%9E%E3%83%BC%E3%82%B5%E3%83%9D%E3%83%BC%E3%83%88-4G-LTE%E5%AF%BE%E5%BF%9C-8%E6%97%A5%E9%96%9316GB/dp/B0DKH6249Y,B0DKH6249Y,B0DKH6249Y,株式会社ビッグコネクト,bigconnectのストアを表示,"{""price_jpy"": [""￥2,980""], ""usage_validity"": [""【Almond eSIM】アジア16か国 周遊 esim 大容量プラン 2GB/日 高速データ通信 使い放題 当日発行可能 24時間カスタマーサポート 4G-LTE対応 プリペイド ESIMプラン アジア周遊 simカード (8日間16GB)""], ""activation_validity"": [""【ベトナムeSIM】 7日間 高速データ無制限 電話番号付き 通話・SMS受信のみ可能 お急ぎの方即日対応(LINE相談受付中) 有効期限 / ご購入日より30日以内 ベトナムSIMカードタイプではありません""], ""data_amount"": [""【通信プラン】アジア16か国で使用可能なデータ通信専用のeSIMです。※データ容量無制限。ただしデータ一日使用量が2GBに達すると最大通信速度が128kbpsに低下します。翌日の現地時間0時自動的にスピード制限を解除します。デザリングも使用できます。128kbpsに速度制限がありますが、通信が止まる事はありません。128kbpsはビデオ通話、Youtubeな""], ""network_type"": [""local_signal: 【チョコSIM 定額（Sプラン）】【中国の電話番号付きでアプリや施設サービスのSMS認証が可能】【データ容量】合計500MB/月【音声】合計20分間/月 データ/音声/SMS付きSIMカード 中国SIM マカオSIM China unicom ※こちらのSIMカードは契約後、毎月の基本料が発生いたします。※2024年11月1日から台湾でのご利用はできなくなり"", ""roaming_signal: 【DeSiM】中国・香港・マカオ3日間無制限+eSIMテストサービス付き【セット】完全予約制 | 海外旅行出国前事前テストeSIMサービス - DeSiM - 渡航前の不安を解消！ | Wi-Fi使用が面倒、ローミング料金が高い、SIMやeSIMの設定が不安な方に V4"", ""insufficient_or_conflicting_signals(local=6, roaming=2)""], ""network_generation"": [""product_info_cellular_4g_lte: source:product_info_cellular: 携帯電話技術 LTE"", ""product_info_cellular_4g_lte: source:product_info_cellular: 携帯電話技術 LTE""], ""review_count"": [""detail_page: (8)""], ""bestseller_rank"": [""Amazon 売れ筋ランキング 家電＆カメラ - 51,366位 ( 家電＆カメラの売れ筋ランキングを見る ) プリペイドSIMカード - 556位""], ""title"": [""【Almond eSIM】アジア16か国 周遊 esim 大容量プラン 2GB/日 高速データ通信 使い放題 当日発行可能 24時間カスタマーサポート 4G-LTE対応 プリペイド ESIMプラン アジア周遊 simカード (8日間16GB)""]}"
amazon_jp,hk,【香港・マカオ eSIM】10日間 10GB（九泊十日 コスパ重視） DeSiM正規卸 | LINE相談受付中 | データ通信専用（電話番号なし） | simフリー端末のみ対応 説明書付 イーシム DeSiM,1860,24,,,,,2768,10일,10일,,local,unknown,,,"{""cmhk"": null, ""csl"": null, ""smartone"": null, ""three_hk"": null}","{""skt"": null, ""kt"": null, ""lgu"": null}",unlimited,https://www.amazon.co.jp/eSIM%E3%80%9110%E6%97%A5%E9%96%93-10GB%EF%BC%88%E4%B9%9D%E6%B3%8A%E5%8D%81%E6%97%A5-LINE%E7%9B%B8%E8%AB%87%E5%8F%97%E4%BB%98%E4%B8%AD%EF%BD%9C%E5%BD%93%E6%97%A5%E7%99%BA%E8%A1%8C%E5%8F%AF%E8%83%BD-%E3%83%87%E3%83%BC%E3%82%BF%E9%80%9A%E4%BF%A1%E5%B0%82%E7%94%A8%EF%BC%88%E9%9B%BB%E8%A9%B1%E7%95%AA%E5%8F%B7%E3%81%AA%E3%81%97%EF%BC%89-sim%E3%83%95%E3%83%AA%E3%83%BC%E7%AB%AF%E6%9C%AB%E3%81%AE%E3%81%BF%E5%AF%BE%E5%BF%9C/dp/B0DG4LV8QY,B0DG4LV8QY,B0DG4LV8QY,DeSiM,DeSiMのストアを表示,"{""price_jpy"": [""￥1,860""], ""usage_validity"": [""【香港・マカオ eSIM】10日間 10GB（九泊十日 コスパ重視） DeSiM正規卸 | LINE相談受付中 | データ通信専用（電話番号なし） | simフリー端末のみ対応 説明書付 イーシム DeSiM""], ""data_amount"": [""商品の説明 購入前の注意事項 【注意事項】 注意事項①：電話番号は付与されませんので、ご注意ください。 注意事項②：SIMロックフリー端末、もしくはSIMフリー端末専用のサービスです。必ず、ご利用端末がeSIM対応かどうかご確認ください。 注意事項③：2021年10月1日以前にSIMロック解除をキャリア店頭またはインターネットでされた「Android端末」は""], ""network_type"": [""商品の説明 購入前の注意事項 【注意事項】 注意事項①：電話番号は付与されませんので、ご注意ください。 注意事項②：SIMロックフリー端末、もしくはSIMフリー端末専用のサービスです。必ず、ご利用端末がeSIM対応かどうかご確認ください。 注意事項③：2021年10月1日以前にSIMロック解除をキャリア店頭またはインターネットでされた「Android端末」は"", ""score: local=3, roaming=1""], ""network_generation"": [""fallback_5g: source:image_alt: 中国eSIM｜中国本土・香港・マカオ対応｜4日間 高速データ無制限｜VPN付き LINE・YouTube・Google利用可｜4G/5G 即日発行可能（eSIM | 4日間）"", ""fallback_4g_lte: source:image_alt: 中国eSIM｜中国本土・香港・マカオ対応｜4日間 高速データ無制限｜VPN付き LINE・YouTube・Google利用可｜4G/5G 即日発行可能（eSIM | 4日間）"", ""fallback_only_network_generation_signal""], ""review_count"": [""detail_page: 24""], ""bestseller_rank"": [""Amazon 売れ筋ランキング 家電＆カメラ - 408,391位 ( 家電＆カメラの売れ筋ランキングを見る ) プリペイドSIMカード - 2,768位""], ""title"": [""【香港・マカオ eSIM】10日間 10GB（九泊十日 コスパ重視） DeSiM正規卸 | LINE相談受付中 | データ通信専用（電話番号なし） | simフリー端末のみ対応 説明書付 イーシム DeSiM""]}"
amazon_jp,hk,【香港・マカオ eSIM】3日間完全無制限（低速なし） | 当日発行可能 |データ通信専用（電話番号なし） simフリー端末のみ対応 説明書付 LINEで年中無休・24時間サポート 香港 sim (eSIM | 3日間完全無制限),65,,,,,,3217,3일,3일,30일,unknown,lte_4g_only,,,"{""cmhk"": null, ""csl"": true, ""smartone"": null, ""three_hk"": null}","{""skt"": null, ""kt"": null, ""lgu"": null}",unlimited,https://www.amazon.co.jp/eSIM%E3%80%913%E6%97%A5%E9%96%93%E5%AE%8C%E5%85%A8%E7%84%A1%E5%88%B6%E9%99%90%EF%BC%88%E4%BD%8E%E9%80%9F%E3%81%AA%E3%81%97%EF%BC%89-%E3%83%87%E3%83%BC%E3%82%BF%E9%80%9A%E4%BF%A1%E5%B0%82%E7%94%A8%EF%BC%88%E9%9B%BB%E8%A9%B1%E7%95%AA%E5%8F%B7%E3%81%AA%E3%81%97%EF%BC%89-LINE%E3%81%A7%E5%B9%B4%E4%B8%AD%E7%84%A1%E4%BC%91%E3%83%BB24%E6%99%82%E9%96%93%E3%82%B5%E3%83%9D%E3%83%BC%E3%83%88-eSIM-3%E6%97%A5%E9%96%93%E5%AE%8C%E5%85%A8%E7%84%A1%E5%88%B6%E9%99%90/dp/B0DJ26XY1N,B0DJ26XY1N,B0DJ26XY1N,ブランド: PLUG TO GO,ブランド: PLUG TO GO,"{""price_jpy"": [""価格・数量割引 AmazonGlobal 65 (assumed JPY by i18n-prefs)""], ""usage_validity"": [""【香港・マカオ eSIM】3日間完全無制限（低速なし） | 当日発行可能 |データ通信専用（電話番号なし） simフリー端末のみ対応 説明書付 LINEで年中無休・24時間サポート 香港 sim (eSIM | 3日間完全無制限)""], ""activation_validity"": [""⭐【有効期限】メールで納品後、30日以内にご利用ください。""], ""data_amount"": [""⭐【高速データ通信】完全無制限、低速度なし！！""], ""network_type"": [""no_local_or_roaming_keyword_matched""], ""network_generation"": [""product_info_cellular_4g_lte: source:product_info_cellular: 携帯電話技術 4G-LTE"", ""product_info_cellular_4g_lte: source:product_info_cellular: 携帯電話技術 4G-LTE""], ""carrier_support_local"": [""CSL: ⭐【キャリア】CSL/CTM。香港・マカオで安定した通信エリアと高速データを提供しています。"", ""CSL: ⭐【eSIM取得方法】QRコードをスキャンして、簡単接続！✅ご購入後、http://jp.www.mewfi.com/esimにアクセスし必要事項を入力➡メールアドレスにPDFの説明書とeSIMのQRコードが届きます！ ⭐【高速データ通信】完全無制限、低速度なし！！ ⭐【有効期限】メールで納品後、3"", ""CSL: サービスプロバイダ CSL/CTM"", ""CSL: Amazon.co.jp: 【香港・マカオ eSIM】3日間完全無制限（低速なし） | 当日発行可能 |データ通信専用（電話番号なし） simフリー端末のみ対応 説明書付 LINEで年中無休・24時間サポート 香港 sim (eSIM | 3日間完全無制限) : 家電＆カメラ 次に移動 メインコンテ""], ""bestseller_rank"": [""Amazon 売れ筋ランキング 家電＆カメラ - 517,765位 ( 家電＆カメラの売れ筋ランキングを見る ) プリペイドSIMカード - 3,217位""], ""title"": [""【香港・マカオ eSIM】3日間完全無制限（低速なし） | 当日発行可能 |データ通信専用（電話番号なし） simフリー端末のみ対応 説明書付 LINEで年中無休・24時間サポート 香港 sim (eSIM | 3日間完全無制限)""]}"
amazon_jp,hk,【カンボジア eSIM】3日間 0.3GB/毎日（二泊三日 コスパ重視） DeSiM正規卸 | LINE相談受付中 |韓国、シンガポール、マレーシア、タイ、香港、マカオ、台湾、ベトナム、インドネシア、中国、フィリピンも利用可能データ通信専用（電話番号なし） simフリー端末のみ対応 説明書付 イーシム,1670,2,,,,,1985,3일,3일,3일,local,unknown,,,"{""cmhk"": null, ""csl"": null, ""smartone"": null, ""three_hk"": null}","{""skt"": null, ""kt"": null, ""lgu"": null}",unlimited,https://www.amazon.co.jp/eSIM%E3%80%913%E6%97%A5%E9%96%93-0-3GB-LINE%E7%9B%B8%E8%AB%87%E5%8F%97%E4%BB%98%E4%B8%AD-sim%E3%83%95%E3%83%AA%E3%83%BC%E7%AB%AF%E6%9C%AB%E3%81%AE%E3%81%BF%E5%AF%BE%E5%BF%9C/dp/B0D7Z8J835,B0D7Z8J835,B0D7Z8J835,DeSiM,DeSiMのストアを表示,"{""price_jpy"": [""￥1,670""], ""usage_validity"": [""【カンボジア eSIM】3日間 0.3GB/毎日（二泊三日 コスパ重視） DeSiM正規卸 | LINE相談受付中 |韓国、シンガポール、マレーシア、タイ、香港、マカオ、台湾、ベトナム、インドネシア、中国、フィリピンも利用可能データ通信専用（電話番号なし） simフリー端末のみ対応 説明書付 イーシム""], ""activation_validity"": [""【SKTelecoｍ公式認証】 韓国eSIM 3日間 (72時間) 電話番号付き 超高速データ無制限 最初の5分発信無料(韓国国内) お急ぎの方即時発行可(LINE相談受付中) 有効期限／ご購入日より120日以内 現地空港サポート(SKTelecomローミングセンター) SKテレコム正規品 韓国SIMカードタイプではありません""], ""data_amount"": [""商品の説明 購入前の注意事項 【注意事項】 注意事項①：電話番号は付与されませんので、ご注意ください。 注意事項②：SIMロックフリー端末、もしくはSIMフリー端末専用のサービスです。必ず、ご利用端末がeSIM対応かどうかご確認ください。 注意事項③：2021年10月1日以前にSIMロック解除をキャリア店頭またはインターネットでされた「Android端末」は""], ""network_type"": [""商品の説明 購入前の注意事項 【注意事項】 注意事項①：電話番号は付与されませんので、ご注意ください。 注意事項②：SIMロックフリー端末、もしくはSIMフリー端末専用のサービスです。必ず、ご利用端末がeSIM対応かどうかご確認ください。 注意事項③：2021年10月1日以前にSIMロック解除をキャリア店頭またはインターネットでされた「Android端末」は"", ""【チャージで延長も可能】中国電話番号付き（30分/SMS30通）！シーズンSIM（中国本土・香港・日本・韓国で利用可能）90日間6GBデータ高速通信 プリペイドSIMカード 面倒な契約不要 Chinaunicom (通常版)Google、Facebook、Instagram、LINEなどSNSに接続可能。※台湾での利用はできません。※香港ではデータ通信のみ通"", ""score: local=15, roaming=1""], ""network_generation"": [""fallback_5g: source:image_alt: 【韓国 eSIM】3日間 5GB（二泊三日間 コスパ重視） DeSiM正規卸 | LINE相談受付中 | 当日発行可能 |データ通信専用（電話番号なし） simフリー端末のみ対応 説明書付 イーシム"", ""fallback_4g_lte: source:image_alt: 【Docomo回線】365日間100GB 5G/4G/LTE対応 プリペイドSIM リチャージ可 期間延長可 残量確認可 契約不要 日本国内用 データ通信専用 物理SIM 大容量 ピン付き 設定簡単 年中無休 多言語安心サポート sim card japan【DXHUB】"", ""fallback_only_network_generation_signal""], ""review_count"": [""detail_page: (2)""], ""bestseller_rank"": [""Amazon 売れ筋ランキング 家電＆カメラ - 263,270位 ( 家電＆カメラの売れ筋ランキングを見る ) プリペイドSIMカード - 1,985位""], ""title"": [""【カンボジア eSIM】3日間 0.3GB/毎日（二泊三日 コスパ重視） DeSiM正規卸 | LINE相談受付中 |韓国、シンガポール、マレーシア、タイ、香港、マカオ、台湾、ベトナム、インドネシア、中国、フィリピンも利用可能データ通信専用（電話番号なし） simフリー端末のみ対応 説明書付 イーシム""]}"
amazon_jp,hk,【アジア16カ国 eSIM】12日間 500MB/日 高速データ通信＆低速無制限 | 即日発行可能・24時間カスタマーサポート | データ専用（電話番号なし）説明書付き｜ イーシム アジア周遊 simカード アジア esim (eSIM | 12日間 500MB/日),2380,1,,,,,2352,12일,12일,90일,local,lte_4g_only,,,"{""cmhk"": null, ""csl"": null, ""smartone"": null, ""three_hk"": null}","{""skt"": null, ""kt"": null, ""lgu"": null}",500MB/day,https://www.amazon.co.jp/500MB-%E5%8D%B3%E6%97%A5%E7%99%BA%E8%A1%8C%E5%8F%AF%E8%83%BD%E3%83%BB24%E6%99%82%E9%96%93%E3%82%AB%E3%82%B9%E3%82%BF%E3%83%9E%E3%83%BC%E3%82%B5%E3%83%9D%E3%83%BC%E3%83%88-%E3%83%87%E3%83%BC%E3%82%BF%E5%B0%82%E7%94%A8%EF%BC%88%E9%9B%BB%E8%A9%B1%E7%95%AA%E5%8F%B7%E3%81%AA%E3%81%97%EF%BC%89%E8%AA%AC%E6%98%8E%E6%9B%B8%E4%BB%98%E3%81%8D%EF%BD%9C-eSIM-12%E6%97%A5%E9%96%93/dp/B0DKNGCBQ4,B0DKNGCBQ4,B0DKNGCBQ4,Global Simcard,アーモンド　ＳＩｍ　ｃａｒｄのストアを表示,"{""price_jpy"": [""￥2,380""], ""usage_validity"": [""【アジア16カ国 eSIM】12日間 500MB/日 高速データ通信＆低速無制限 | 即日発行可能・24時間カスタマーサポート | データ専用（電話番号なし）説明書付き｜ イーシム アジア周遊 simカード アジア esim (eSIM | 12日間 500MB/日)""], ""activation_validity"": [""⭐【有効期限】メールで納品後、90日以内にご利用ください。""], ""data_amount"": [""⭐【高速データ通信】毎日500MBの高速データ通信が利用可能で、超過後は最大通信速度が128kbpsに制限されます。翌日0時に制限が解除され、テザリングも利用可能です。QRコードをスキャンして、簡単接続！（インターネット環境が必要です）。""], ""network_type"": [""【チョコSIM 定額（Sプラン）】【中国の電話番号付きでアプリや施設サービスのSMS認証が可能】【データ容量】合計500MB/月【音声】合計20分間/月 データ/音声/SMS付きSIMカード 中国SIM マカオSIM China unicom ※こちらのSIMカードは契約後、毎月の基本料が発生いたします。※2024年11月1日から台湾でのご利用はできなくなり"", ""【SKTelecoｍ公式認証】 韓国eSIM 3日間 (72時間) 電話番号付き 超高速データ無制限 最初の5分発信無料(韓国国内) お急ぎの方即時発行可(LINE相談受付中) 有効期限／ご購入日より120日以内 現地空港サポート(SKTelecomローミングセンター) SKテレコム正規品 韓国SIMカードタイプではありません"", ""score: local=6, roaming=0""], ""network_generation"": [""product_info_cellular_4g_lte: source:product_info_cellular: 携帯電話技術 4G-LTE"", ""product_info_cellular_4g_lte: source:product_info_cellular: 携帯電話技術 4G-LTE""], ""review_count"": [""detail_page: (1)""], ""bestseller_rank"": [""Amazon 売れ筋ランキング 家電＆カメラ - 325,369位 ( 家電＆カメラの売れ筋ランキングを見る ) プリペイドSIMカード - 2,352位""], ""title"": [""【アジア16カ国 eSIM】12日間 500MB/日 高速データ通信＆低速無制限 | 即日発行可能・24時間カスタマーサポート | データ専用（電話番号なし）説明書付き｜ イーシム アジア周遊 simカード アジア esim (eSIM | 12日間 500MB/日)""]}"
amazon_jp,hk,【Three正規品】ヨーロッパ周遊 SIM 30日間 40GB（イギリス）・6GB（他70地域）通話/SMS無制限 電話番号付き 24時間サポートヨーロッパ SIM ThreeUK,2180,17,,,,,474,30일,30일,30일,local,lte_4g_only,,,"{""cmhk"": null, ""csl"": null, ""smartone"": null, ""three_hk"": null}","{""skt"": null, ""kt"": null, ""lgu"": null}",40GB,https://www.amazon.co.jp/%E3%80%90Three%E6%AD%A3%E8%A6%8F%E5%93%81%E3%80%91%E3%83%A8%E3%83%BC%E3%83%AD%E3%83%83%E3%83%91%E5%91%A8%E9%81%8A-40GB%EF%BC%88%E3%82%A4%E3%82%AE%E3%83%AA%E3%82%B9%EF%BC%89%E3%83%BB6GB%EF%BC%88%E4%BB%9670%E5%9C%B0%E5%9F%9F%EF%BC%89%E9%80%9A%E8%A9%B1-SMS%E7%84%A1%E5%88%B6%E9%99%90-24%E6%99%82%E9%96%93%E3%82%B5%E3%83%9D%E3%83%BC%E3%83%88%E3%83%A8%E3%83%BC%E3%83%AD%E3%83%83%E3%83%91-ThreeUK/dp/B0D2B1MFBK,B0D2B1MFBK,B0D2B1MFBK,Global Simcard,アーモンド　ＳＩｍ　ｃａｒｄのストアを表示,"{""price_jpy"": [""￥2,180""], ""usage_validity"": [""【Three正規品】ヨーロッパ周遊 SIM 30日間 40GB（イギリス）・6GB（他70地域）通話/SMS無制限 電話番号付き 24時間サポートヨーロッパ SIM ThreeUK""], ""activation_validity"": [""✿【有効期限】2026年12月31日。開通後30日間ご利用可能なので、ヨーロッパ渡航スケジュールにぴったりの手軽なプリペイドSIMカードです。""], ""data_amount"": [""✿【データ容量】イギリスでは30日間40GB、その他ヨーロッパ72ヵ国/地域では30日間6GBまで利用可能。通話・SMSは無制限にご利用いただけます。※ヨーロッパのイギリス以外の地域では、電話・SMSの受信時に国番号「+44」の入力が必要です。""], ""network_type"": [""【Three正規品】ヨーロッパ周遊 SIM 30日間 40GB（イギリス）・6GB（他70地域）通話/SMS無制限 電話番号付き 24時間サポートヨーロッパ SIM ThreeUK"", ""Amazon.co.jp: 【Three正規品】ヨーロッパ周遊 SIM 30日間 40GB（イギリス）・6GB（他70地域）通話/SMS無制限 電話番号付き 24時間サポートヨーロッパ SIM ThreeUK : 家電＆カメラ"", ""score: local=27, roaming=0""], ""network_generation"": [""product_info_cellular_4g_lte: source:product_info_cellular: 携帯電話技術 4G-LTE"", ""product_info_cellular_4g_lte: source:product_info_cellular: 携帯電話技術 4G-LTE""], ""review_count"": [""detail_page: (17)""], ""bestseller_rank"": [""Amazon 売れ筋ランキング 家電＆カメラ - 42,332位 ( 家電＆カメラの売れ筋ランキングを見る ) プリペイドSIMカード - 474位""], ""title"": [""【Three正規品】ヨーロッパ周遊 SIM 30日間 40GB（イギリス）・6GB（他70地域）通話/SMS無制限 電話番号付き 24時間サポートヨーロッパ SIM ThreeUK""]}"
amazon_jp,hk,【ヨーロッパ eSIM】Three UK｜30日間 音声通話/SMS/高速データ（イギリス 18GB・他地域 6GB）｜即日発行・すぐ使える｜ヨーロッパ70地域対応・24時間LINEサポート｜ヨーロッパ sim フランス/ドイツ/イタリア/スイスなど (30日 18GB),2260,2,,,,,422,3일,3일,30일,local,lte_4g_only,,,"{""cmhk"": null, ""csl"": null, ""smartone"": null, ""three_hk"": null}","{""skt"": null, ""kt"": null, ""lgu"": null}",18GB,https://www.amazon.co.jp/eSIM%E3%80%91Three-%E9%AB%98%E9%80%9F%E3%83%87%E3%83%BC%E3%82%BF%EF%BC%88%E3%82%A4%E3%82%AE%E3%83%AA%E3%82%B9-6GB%EF%BC%89%EF%BD%9C%E5%8D%B3%E6%97%A5%E7%99%BA%E8%A1%8C%E3%83%BB%E3%81%99%E3%81%90%E4%BD%BF%E3%81%88%E3%82%8B%EF%BD%9C%E3%83%A8%E3%83%BC%E3%83%AD%E3%83%83%E3%83%9170%E5%9C%B0%E5%9F%9F%E5%AF%BE%E5%BF%9C%E3%83%BB24%E6%99%82%E9%96%93LINE%E3%82%B5%E3%83%9D%E3%83%BC%E3%83%88%EF%BD%9C%E3%83%A8%E3%83%BC%E3%83%AD%E3%83%83%E3%83%91-30%E6%97%A5-18GB/dp/B0FCFJQ2JW,B0FCFJQ2JW,B0FCFJQ2JW,Global Simcard,アーモンド　ＳＩｍ　ｃａｒｄのストアを表示,"{""price_jpy"": [""￥2,260""], ""usage_validity"": [""【SKTelecoｍ公式認証】 韓国eSIM 3日間 (72時間) 電話番号付き 超高速データ無制限 最初の5分発信無料(韓国国内) お急ぎの方即時発行可(LINE相談受付中) 有効期限／ご購入日より120日以内 現地空港サポート(SKTelecomローミングセンター) SKテレコム正規品 韓国SIMカードタイプではありません""], ""activation_validity"": [""【ヨーロッパ eSIM】Three UK｜30日間 音声通話/SMS/高速データ（イギリス 18GB・他地域 6GB）｜即日発行・すぐ使える｜ヨーロッパ70地域対応・24時間LINEサポート｜ヨーロッパ sim フランス/ドイツ/イタリア/スイスなど (30日 18GB)""], ""data_amount"": [""【高速データ】イギリスでは30日間で最大18GB、その他のヨーロッパ地域では合計6GBの高速データ通信をご利用いただけます。""], ""network_type"": [""【チョコSIM 定額（Sプラン）】【中国の電話番号付きでアプリや施設サービスのSMS認証が可能】【データ容量】合計500MB/月【音声】合計20分間/月 データ/音声/SMS付きSIMカード 中国SIM マカオSIM China unicom ※こちらのSIMカードは契約後、毎月の基本料が発生いたします。※2024年11月1日から台湾でのご利用はできなくなり"", ""【SKTelecoｍ公式認証】 韓国eSIM 3日間 (72時間) 電話番号付き 超高速データ無制限 最初の5分発信無料(韓国国内) お急ぎの方即時発行可(LINE相談受付中) 有効期限／ご購入日より120日以内 現地空港サポート(SKTelecomローミングセンター) SKテレコム正規品 韓国SIMカードタイプではありません"", ""score: local=6, roaming=0""], ""network_generation"": [""product_info_cellular_4g_lte: source:product_info_cellular: 携帯電話技術 4G-LTE"", ""product_info_cellular_4g_lte: source:product_info_cellular: 携帯電話技術 4G-LTE""], ""review_count"": [""detail_page: (2)""], ""bestseller_rank"": [""Amazon 売れ筋ランキング 家電＆カメラ - 36,077位 ( 家電＆カメラの売れ筋ランキングを見る ) プリペイドSIMカード - 422位""], ""title"": [""【ヨーロッパ eSIM】Three UK｜30日間 音声通話/SMS/高速データ（イギリス 18GB・他地域 6GB）｜即日発行・すぐ使える｜ヨーロッパ70地域対応・24時間LINEサポート｜ヨーロッパ sim フランス/ドイツ/イタリア/スイスなど (30日 18GB)""]}"
amazon_jp,hk,【アジア16カ国 eSIM】5日間 1GB/日 高速データ通信 低速無制限 | 当日発行可能 24時間カスタマーサポート | 4G-LTE データ通信専用（電話番号なし） 説明書付 ｜ イーシム アジア周遊 simカード (eSIM | 5日間 1GB/日),1780,3,,,,,2471,5일,5일,90일,local,lte_4g_only,,,"{""cmhk"": null, ""csl"": null, ""smartone"": null, ""three_hk"": null}","{""skt"": null, ""kt"": null, ""lgu"": null}",1GB/day,https://www.amazon.co.jp/1GB-24%E6%99%82%E9%96%93%E3%82%AB%E3%82%B9%E3%82%BF%E3%83%9E%E3%83%BC%E3%82%B5%E3%83%9D%E3%83%BC%E3%83%88-%E3%83%87%E3%83%BC%E3%82%BF%E9%80%9A%E4%BF%A1%E5%B0%82%E7%94%A8%EF%BC%88%E9%9B%BB%E8%A9%B1%E7%95%AA%E5%8F%B7%E3%81%AA%E3%81%97%EF%BC%89-eSIM-5%E6%97%A5%E9%96%93/dp/B0DKNFBJXK,B0DKNFBJXK,B0DKNFBJXK,Global Simcard,アーモンド　ＳＩｍ　ｃａｒｄのストアを表示,"{""price_jpy"": [""￥1,780""], ""usage_validity"": [""【アジア16カ国 eSIM】5日間 1GB/日 高速データ通信 低速無制限 | 当日発行可能 24時間カスタマーサポート | 4G-LTE データ通信専用（電話番号なし） 説明書付 ｜ イーシム アジア周遊 simカード (eSIM | 5日間 1GB/日)""], ""activation_validity"": [""⭐【有効期限】メールで納品後、90日以内にご利用ください。""], ""data_amount"": [""⭐【高速データ通信】毎日1GBの高速データ通信が利用可能で、超過後は最大128kbpsに制限されます。翌日0時に制限が解除され、デザリングも利用できます。QRコードをスキャンして簡単に接続（インターネット環境が必要です）。""], ""network_type"": [""【チョコSIM 定額（Sプラン）】【中国の電話番号付きでアプリや施設サービスのSMS認証が可能】【データ容量】合計500MB/月【音声】合計20分間/月 データ/音声/SMS付きSIMカード 中国SIM マカオSIM China unicom ※こちらのSIMカードは契約後、毎月の基本料が発生いたします。※2024年11月1日から台湾でのご利用はできなくなり"", ""【SKTelecoｍ公式認証】 韓国eSIM 3日間 (72時間) 電話番号付き 超高速データ無制限 最初の5分発信無料(韓国国内) お急ぎの方即時発行可(LINE相談受付中) 有効期限／ご購入日より120日以内 現地空港サポート(SKTelecomローミングセンター) SKテレコム正規品 韓国SIMカードタイプではありません"", ""score: local=6, roaming=0""], ""network_generation"": [""product_info_cellular_4g_lte: source:product_info_cellular: 携帯電話技術 4G-LTE"", ""product_info_cellular_4g_lte: source:product_info_cellular: 携帯電話技術 4G-LTE""], ""review_count"": [""detail_page: 3""], ""bestseller_rank"": [""Amazon 売れ筋ランキング 家電＆カメラ - 346,055位 ( 家電＆カメラの売れ筋ランキングを見る ) プリペイドSIMカード - 2,471位""], ""title"": [""【アジア16カ国 eSIM】5日間 1GB/日 高速データ通信 低速無制限 | 当日発行可能 24時間カスタマーサポート | 4G-LTE データ通信専用（電話番号なし） 説明書付 ｜ イーシム アジア周遊 simカード (eSIM | 5日間 1GB/日)""]}"
amazon_jp,hk,【esim】タイ simカード【DTAC】4G-LTE 高速データ通信 当日発行可能 データ使い放題 Thailand esim データ通信専用 タイプリペイドSIMカード (3日間 高速データ),880,11,,,,,1295,3일,3일,30일,local,lte_4g_only,,,"{""cmhk"": null, ""csl"": null, ""smartone"": true, ""three_hk"": true}","{""skt"": null, ""kt"": null, ""lgu"": null}",unlimited,https://www.amazon.co.jp/%E3%80%90esim%E3%80%91%E3%82%BF%E3%82%A4-sim%E3%82%AB%E3%83%BC%E3%83%89%E3%80%90DTAC%E3%80%914G-LTE-%E3%82%BF%E3%82%A4%E3%83%97%E3%83%AA%E3%83%9A%E3%82%A4%E3%83%89SIM%E3%82%AB%E3%83%BC%E3%83%89-3%E6%97%A5%E9%96%93-%E9%AB%98%E9%80%9F%E3%83%87%E3%83%BC%E3%82%BF/dp/B0CLKGP9H1,B0CLKGP9H1,B0CLKGP9H1,Global Simcard,アーモンド　ＳＩｍ　ｃａｒｄのストアを表示,"{""price_jpy"": [""￥880""], ""usage_validity"": [""【esim】タイ simカード【DTAC】4G-LTE 高速データ通信 当日発行可能 データ使い放題 Thailand esim データ通信専用 タイプリペイドSIMカード (3日間 高速データ)""], ""activation_validity"": [""✿ 【有効期限】メールでお届けした後、30日以内にご利用を開始してください。ご購入いただいた商品はeSIMカードです。このカードは物理SIMカードとは異なり、スマートフォンやタブレットなどの端末に事前に埋め込まれたチップに、インターネットを通じてデータプランを書き込むことができます。物理的なSIMカードは含まれていません。""], ""data_amount"": [""✿ 【データ容量】データ専用のeSIMカードです。※データ容量は無制限です。ただし、1日のデータ使用量が1GBに達すると、最大通信速度が128kbpsに低下します。翌日の現地時間0時には自動的に制限が解除されます。※制限は現地時間の00:00から23:59までの間に適用されます。128kbpsではビデオ通話やYouTubeなどの動画視聴は制限されますが、Go""], ""network_type"": [""【チョコSIM 定額（Sプラン）】【中国の電話番号付きでアプリや施設サービスのSMS認証が可能】【データ容量】合計500MB/月【音声】合計20分間/月 データ/音声/SMS付きSIMカード 中国SIM マカオSIM China unicom ※こちらのSIMカードは契約後、毎月の基本料が発生いたします。※2024年11月1日から台湾でのご利用はできなくなり"", ""【SKTelecoｍ公式認証】 韓国eSIM 3日間 (72時間) 電話番号付き 超高速データ無制限 最初の5分発信無料(韓国国内) お急ぎの方即時発行可(LINE相談受付中) 有効期限／ご購入日より120日以内 現地空港サポート(SKTelecomローミングセンター) SKテレコム正規品 韓国SIMカードタイプではありません"", ""score: local=6, roaming=0""], ""network_generation"": [""product_info_cellular_4g_lte: source:product_info_cellular: 携帯電話技術 LTE"", ""product_info_cellular_4g_lte: source:product_info_cellular: 携帯電話技術 LTE""], ""carrier_support_local"": [""SmarTone, 3HK: ✿ 【高速ネットワーク】タイで利用できるeSIMカードです。さらに、シンガポール、マレーシア、ベトナム、カンボジア、香港、マカオでもご利用いただけます。東南アジアへの旅行計画に最適な手軽なeSIMカードです。主要なネットワーク事業者は以下の通りです：インドネシア、バリ島：XL、シンガポール：Sing""], ""review_count"": [""detail_page: (11)""], ""bestseller_rank"": [""Amazon 売れ筋ランキング 家電＆カメラ - 156,639位 ( 家電＆カメラの売れ筋ランキングを見る ) プリペイドSIMカード - 1,295位""], ""title"": [""【esim】タイ simカード【DTAC】4G-LTE 高速データ通信 当日発行可能 データ使い放題 Thailand esim データ通信専用 タイプリペイドSIMカード (3日間 高速データ)""]}"
amazon_jp,hk,【iPhone用】台湾プリペイドSIM 5日間 データ通信使い放題 5G/4G回線 台湾プリペイドSIM 台湾シム ★日本で開通確認可能★ Taiwan SIM データSIM,1580,57,,,,,1404,1일,1일,5일,roaming,lte_4g_only,,,"{""cmhk"": null, ""csl"": null, ""smartone"": null, ""three_hk"": null}","{""skt"": null, ""kt"": null, ""lgu"": null}",500MB/day,https://www.amazon.co.jp/%E3%80%90iPhone%E7%94%A8%E3%80%91%E5%8F%B0%E6%B9%BE%E3%83%97%E3%83%AA%E3%83%9A%E3%82%A4%E3%83%89SIM-%E3%83%87%E3%83%BC%E3%82%BF%E9%80%9A%E4%BF%A1%E4%BD%BF%E3%81%84%E6%94%BE%E9%A1%8C-%E5%8F%B0%E6%B9%BE%E3%83%97%E3%83%AA%E3%83%9A%E3%82%A4%E3%83%89SIM-%E2%98%85%E6%97%A5%E6%9C%AC%E3%81%A7%E9%96%8B%E9%80%9A%E7%A2%BA%E8%AA%8D%E5%8F%AF%E8%83%BD%E2%98%85-SIM/dp/B0GCJY3SB5,B0GCJY3SB5,B0GCJY3SB5,ブランド: Wise SIM,ブランド: Wise SIM,"{""price_jpy"": [""価格 ￥1,580 ￥1,680 ￥880 ￥1,080 ￥1,980 配送料 ￥1,432""], ""usage_validity"": [""■SIMカード有効期限：2026年12月末まで －－－ ■本商品は名義認証作業なく利用可能です。 台湾 No1の通信会社 中華電信のネットワークを利用するので安定です。 －－－ 【利用端末】 SIMフリー状態のiPhone、iPadにて利用可能 ※SIMロックされた端末、ノートパソコンでは利用不可。 ※android端末、Wi-Fiルーターでの動作保証は出来""], ""activation_validity"": [""【iPhone用】台湾プリペイドSIM 5日間 データ通信使い放題 5G/4G回線 台湾プリペイドSIM 台湾シム ★日本で開通確認可能★ Taiwan SIM データSIM""], ""data_amount"": [""【データ通信】 台湾にてデータ通信が使い放題でご利用可能です。今なら日本で1日500MBのデータ量がサービスで付いているので、事前に開通確認する事も可能です。(日本でのインターネット利用出来るのは１日または500MB迄となります。500MB超過後通信は停止します。) 日本での通信サービス分は台湾5日利用には含まれません。事前確認で台湾利用日数が減る事はありま""], ""network_type"": [""【DeSiM】台湾3日間無制限+eSIMテストサービス付き【セット】 | 海外旅行出国前事前テストeSIMサービス - DeSiM - 渡航前の不安を解消！ | Wi-Fi使用が面倒、ローミング料金が高い、SIMやeSIMの設定が不安な方に V4"", ""アジア10ヵ国周遊SIM 利用期間8日データ容量6GB データ通信 プリペイドSIM ローミングSIM 利用国：インドネシア、韓国、シンガポール、タイ、中国、日本、ベトナム、香港、マカオ、マレーシア"", ""score: local=0, roaming=3""], ""network_generation"": [""product_info_cellular_4g_lte: source:product_info_cellular: 携帯電話技術 4G/LTE"", ""product_info_cellular_4g_lte: source:product_info_cellular: 携帯電話技術 4G/LTE""], ""review_count"": [""detail_page: 57""], ""bestseller_rank"": [""Amazon 売れ筋ランキング 家電＆カメラ - 172,008位 ( 家電＆カメラの売れ筋ランキングを見る ) プリペイドSIMカード - 1,404位""], ""title"": [""【iPhone用】台湾プリペイドSIM 5日間 データ通信使い放題 5G/4G回線 台湾プリペイドSIM 台湾シム ★日本で開通確認可能★ Taiwan SIM データSIM""]}"
amazon_jp,hk,【タイ eSIM】10日間 完全無制限 受信放題 | 5Gネットワーク制限なし（九泊十日 使い放題） DeSiM正規卸 | simフリー端末のみ対応 説明書付 イーシム DeSiM,2690,136,,,,,188,10일,10일,10일,local,5g_capable,,,"{""cmhk"": null, ""csl"": null, ""smartone"": null, ""three_hk"": null}","{""skt"": null, ""kt"": null, ""lgu"": null}",unlimited,https://www.amazon.co.jp/eSIM%E3%80%9110%E6%97%A5%E9%96%93-100%E5%88%86%E9%80%9A%E8%A9%B1%EF%BC%8B%E5%8F%97%E4%BF%A1%E6%94%BE%E9%A1%8C-5G%E3%83%8D%E3%83%83%E3%83%88%E3%83%AF%E3%83%BC%E3%82%AF%E5%88%B6%E9%99%90%E3%81%AA%E3%81%97%EF%BC%88%E4%B9%9D%E6%B3%8A%E5%8D%81%E6%97%A5-DeSiM%E6%AD%A3%E8%A6%8F%E5%8D%B8-sim%E3%83%95%E3%83%AA%E3%83%BC%E7%AB%AF%E6%9C%AB%E3%81%AE%E3%81%BF%E5%AF%BE%E5%BF%9C/dp/B0D8YVYHGH,B0D8YVYHGH,B0D8YVYHGH,DeSiM,DeSiMのストアを表示,"{""price_jpy"": [""￥2,690""], ""usage_validity"": [""【タイ eSIM】10日間 完全無制限 受信放題 | 5Gネットワーク制限なし（九泊十日 使い放題） DeSiM正規卸 | simフリー端末のみ対応 説明書付 イーシム DeSiM""], ""activation_validity"": [""商品の説明 購入前の注意事項 【注意事項】 注意事項①：端末にインストールした時点でプランのカウントが始まります。（『発行日に利用開始となる商品』のため、事前設定が出来ません。開通手続き時に記入した渡航日(利用開始希望日)当日にQRコード付きのPDFデータをメールにてお送り致します。） 注意事項②：タイ政府の方針により、2025年5月7日以降、観光客向けのタ""], ""data_amount"": [""商品の説明 購入前の注意事項 【注意事項】 注意事項①：端末にインストールした時点でプランのカウントが始まります。（『発行日に利用開始となる商品』のため、事前設定が出来ません。開通手続き時に記入した渡航日(利用開始希望日)当日にQRコード付きのPDFデータをメールにてお送り致します。） 注意事項②：タイ政府の方針により、2025年5月7日以降、観光客向けのタ""], ""network_type"": [""商品の説明 購入前の注意事項 【注意事項】 注意事項①：端末にインストールした時点でプランのカウントが始まります。（『発行日に利用開始となる商品』のため、事前設定が出来ません。開通手続き時に記入した渡航日(利用開始希望日)当日にQRコード付きのPDFデータをメールにてお送り致します。） 注意事項②：タイ政府の方針により、2025年5月7日以降、観光客向けのタ"", ""【チョコSIM 定額（Sプラン）】【中国の電話番号付きでアプリや施設サービスのSMS認証が可能】【データ容量】合計500MB/月【音声】合計20分間/月 データ/音声/SMS付きSIMカード 中国SIM マカオSIM China unicom ※こちらのSIMカードは契約後、毎月の基本料が発生いたします。※2024年11月1日から台湾でのご利用はできなくなり"", ""score: local=9, roaming=0""], ""network_generation"": [""product_info_cellular_5g: source:product_info_cellular: 携帯電話技術 5G"", ""product_info_cellular_5g: source:product_info_cellular: 携帯電話技術 5G""], ""review_count"": [""detail_page: (136)""], ""bestseller_rank"": [""Amazon 売れ筋ランキング 家電＆カメラ - 14,231位 ( 家電＆カメラの売れ筋ランキングを見る ) プリペイドSIMカード - 188位""], ""title"": [""【タイ eSIM】10日間 完全無制限 受信放題 | 5Gネットワーク制限なし（九泊十日 使い放題） DeSiM正規卸 | simフリー端末のみ対応 説明書付 イーシム DeSiM""]}"
amazon_jp,hk,[SingTel] シンガポール マレーシア 4G-LTE データ通信 使い放題 プリペイドSIMカード (5日間使い放題),1250,283,,,,,413,5일,5일,5일,unknown,lte_4g_only,,,"{""cmhk"": null, ""csl"": null, ""smartone"": null, ""three_hk"": null}","{""skt"": null, ""kt"": null, ""lgu"": null}",unlimited,https://www.amazon.co.jp/SingTel-%E3%82%B7%E3%83%B3%E3%82%AC%E3%83%9D%E3%83%BC%E3%83%AB-4G-LTE-%E3%83%97%E3%83%AA%E3%83%9A%E3%82%A4%E3%83%89SIM%E3%82%AB%E3%83%BC%E3%83%89-5%E6%97%A5%E9%96%93%E4%BD%BF%E3%81%84%E6%94%BE%E9%A1%8C/dp/B07VKJG7XJ,B07VKJG7XJ,B07VKJG7XJ,株式会社ビッグコネクト,mewfiのストアを表示,"{""price_jpy"": [""￥1,250""], ""usage_validity"": [""[SingTel] シンガポール マレーシア 4G-LTE データ通信 使い放題 プリペイドSIMカード (5日間使い放題)""], ""activation_validity"": [""SIMカード有効期限：ご購入してから1年間有効。（未使用の場合）●シンガポール マレーシア で5日間 4G高速データ通信を使い放題で利用できるプリペイドSIMカード。※ネット利用公平のため、一日のデータ量を1GBを超えますと、ネット利用公平原則により、キャリア側からスピード制限をかける場合があります。翌日の現地時間0時になりましたら、自動的にデータ制限を解消""], ""data_amount"": [""SIMカード有効期限：ご購入してから1年間有効。（未使用の場合）●シンガポール マレーシア で5日間 4G高速データ通信を使い放題で利用できるプリペイドSIMカード。※ネット利用公平のため、一日のデータ量を1GBを超えますと、ネット利用公平原則により、キャリア側からスピード制限をかける場合があります。翌日の現地時間0時になりましたら、自動的にデータ制限を解消""], ""network_type"": [""local_signal: 【チョコSIM 定額（Sプラン）】【中国の電話番号付きでアプリや施設サービスのSMS認証が可能】【データ容量】合計500MB/月【音声】合計20分間/月 データ/音声/SMS付きSIMカード 中国SIM マカオSIM China unicom ※こちらのSIMカードは契約後、毎月の基本料が発生いたします。※2024年11月1日から台湾でのご利用はできなくなり"", ""roaming_signal: ●利用出来るのはSIM Freeスマートフォンとなります。※タブレット・Wi-Fiルーター利用不可 ・利用する端末にテザリング機能があればデータ通信を分け合って高速通信利用する事もできます。「ローミングサービスのところ、必ずオンにしてください途ご利用できない場合、必ず弊社のカスタマーサポートにご連絡ください。"", ""insufficient_or_conflicting_signals(local=6, roaming=4)""], ""network_generation"": [""product_info_cellular_4g_lte: source:product_info_cellular: 携帯電話技術 LTE"", ""product_info_cellular_4g_lte: source:product_info_cellular: 携帯電話技術 LTE""], ""review_count"": [""detail_page: (283)""], ""bestseller_rank"": [""Amazon 売れ筋ランキング 家電＆カメラ - 36,648位 ( 家電＆カメラの売れ筋ランキングを見る ) プリペイドSIMカード - 413位""], ""title"": [""[SingTel] シンガポール マレーシア 4G-LTE データ通信 使い放題 プリペイドSIMカード (5日間使い放題)""]}"
amazon_jp,hk,ベトナム eSIM 4日間 高速データ1GB/日 低速無制限 4G/5G対応 データ通信専用 プリペイド ESIMプラン Vietnam ハノイ ホーチミン simカード 説明書付 (4日間),850,10,,,,,801,4일,4일,90일,unknown,5g_capable,,,"{""cmhk"": null, ""csl"": null, ""smartone"": null, ""three_hk"": null}","{""skt"": null, ""kt"": null, ""lgu"": null}",1GB/day,https://www.amazon.co.jp/4%E6%97%A5%E9%96%93-%E9%AB%98%E9%80%9F%E3%83%87%E3%83%BC%E3%82%BF1GB-%E3%83%87%E3%83%BC%E3%82%BF%E9%80%9A%E4%BF%A1%E5%B0%82%E7%94%A8-ESIM%E3%83%97%E3%83%A9%E3%83%B3-Vietnam/dp/B0FRSF19RP,B0FRSF19RP,B0FRSF19RP,mewmewホーム eSIM,ＭＥＷＭＥＷホームのストアを表示,"{""price_jpy"": [""￥850""], ""usage_validity"": [""ベトナム eSIM 4日間 高速データ1GB/日 低速無制限 4G/5G対応 データ通信専用 プリペイド ESIMプラン Vietnam ハノイ ホーチミン simカード 説明書付 (4日間)""], ""activation_validity"": [""【有効期限】メール受信から90日以内にご利用ください。""], ""data_amount"": [""【データ容量】ベトナムで高速データ通信が1日あたり1GB利用可能です。超過後は最大128kbpsで通信は途切れることなくご利用可能です。""], ""network_type"": [""local_signal: 【利用開始】日本での事前設定ではカウント開始されません。現地到着後に電波を受信した時点からご利用可能です。プランのカウントは、現地回線に接続した時点から23:59まで1日と計算されます。"", ""roaming_signal: ベトナムeSIM - プリペイド1GB 5G/4Gデータ、3日間用 - 簡単QRコードセットアップ - 契約なし、ローミングなし - 短期旅行と長期旅行に最適"", ""insufficient_or_conflicting_signals(local=21, roaming=2)""], ""network_generation"": [""title_5g: source:title: ベトナム eSIM 4日間 高速データ1GB/日 低速無制限 4G/5G対応 データ通信専用 プリペイド ESIMプラン Vietnam ハノイ ホーチミン simカード 説明書付 (4日間)""], ""review_count"": [""detail_page: (10)""], ""bestseller_rank"": [""Amazon 売れ筋ランキング 家電＆カメラ - 85,362位 ( 家電＆カメラの売れ筋ランキングを見る ) プリペイドSIMカード - 801位""], ""title"": [""ベトナム eSIM 4日間 高速データ1GB/日 低速無制限 4G/5G対応 データ通信専用 プリペイド ESIMプラン Vietnam ハノイ ホーチミン simカード 説明書付 (4日間)""]}"
amazon_jp,hk,IoTデータSIMカード(30日間@128kbps)、AT&Tネットワーク、GPSトラッカー、車のIoTデバイス、車両トラッカー、POS、自動販売、スマートウォッチ、1年間プランにアップグレード可能,2016,20,,,,,3458,3일,3일,30일,unknown,5g_capable,,,"{""cmhk"": null, ""csl"": null, ""smartone"": null, ""three_hk"": null}","{""skt"": null, ""kt"": null, ""lgu"": null}",unlimited,https://www.amazon.co.jp/IoT%E3%83%87%E3%83%BC%E3%82%BFSIM%E3%82%AB%E3%83%BC%E3%83%89-30%E6%97%A5%E9%96%93-128kbps-%E3%80%81AT/dp/B0F9WNTKF8,B0F9WNTKF8,B0F9WNTKF8,Amazon US,ブランド: VOICEPING,"{""price_jpy"": [""￥2,016""], ""usage_validity"": [""【SKTelecoｍ公式認証】 韓国eSIM 3日間 (72時間) 電話番号付き 超高速データ無制限 最初の5分発信無料(韓国国内) お急ぎの方即時発行可(LINE相談受付中) 有効期限／ご購入日より120日以内 現地空港サポート(SKTelecomローミングセンター) SKテレコム正規品 韓国SIMカードタイプではありません""], ""activation_validity"": [""IoTデータSIMカード(30日間@128kbps)、AT&Tネットワーク、GPSトラッカー、車のIoTデバイス、車両トラッカー、POS、自動販売、スマートウォッチ、1年間プランにアップグレード可能""], ""data_amount"": [""30日間のSIM – 128Kbpsで30日間の無制限のIoTデータが含まれています。 GPS、POS、自動販売機、アラーム、スマートウォッチ、その他の低帯域幅で常時接続を必要とするIoTデバイスに最適です。""], ""network_type"": [""local_signal: 【SKTelecoｍ公式認証】 韓国eSIM 3日間 (72時間) 電話番号付き 超高速データ無制限 最初の5分発信無料(韓国国内) お急ぎの方即時発行可(LINE相談受付中) 有効期限／ご購入日より120日以内 現地空港サポート(SKTelecomローミングセンター) SKテレコム正規品 韓国SIMカードタイプではありません"", ""roaming_signal: 簡単スタート – SIMを挿入し、データローミングをオンにして、すぐに使い始めるだけです。 契約なし、IDチェックなし。 標準、マイクロ、ナノサイズのフィジカルSIM。"", ""insufficient_or_conflicting_signals(local=4, roaming=12)""], ""network_generation"": [""product_info_cellular_5g: source:product_info_cellular: 携帯電話技術 2G/4G/5G/LTE。"", ""product_info_cellular_5g: source:product_info_cellular: 携帯電話技術 2G/4G/5G/LTE。""], ""review_count"": [""detail_page: (20)""], ""bestseller_rank"": [""Amazon 売れ筋ランキング 家電＆カメラ - 551,766位 ( 家電＆カメラの売れ筋ランキングを見る ) SIMカード - 3,458位""], ""title"": [""IoTデータSIMカード(30日間@128kbps)、AT&Tネットワーク、GPSトラッカー、車のIoTデバイス、車両トラッカー、POS、自動販売、スマートウォッチ、1年間プランにアップグレード可能""]}"
amazon_jp,hk,【香港・マカオ eSIM】8日間 0.5GB/毎日（コスパ重視） DeSiM正規卸 | LINE相談受付中 | データ通信専用（電話番号なし） | simフリー端末のみ対応 説明書付 イーシム DeSiM,1670,2,,,,,3457,8일,8일,,unknown,unknown,,,"{""cmhk"": null, ""csl"": null, ""smartone"": null, ""three_hk"": null}","{""skt"": null, ""kt"": null, ""lgu"": null}",0.5GB,https://www.amazon.co.jp/0-5GB-LINE%E7%9B%B8%E8%AB%87%E5%8F%97%E4%BB%98%E4%B8%AD%EF%BD%9C%E5%BD%93%E6%97%A5%E7%99%BA%E8%A1%8C%E5%8F%AF%E8%83%BD-%E3%83%87%E3%83%BC%E3%82%BF%E9%80%9A%E4%BF%A1%E5%B0%82%E7%94%A8%EF%BC%88%E9%9B%BB%E8%A9%B1%E7%95%AA%E5%8F%B7%E3%81%AA%E3%81%97%EF%BC%89-sim%E3%83%95%E3%83%AA%E3%83%BC%E7%AB%AF%E6%9C%AB%E3%81%AE%E3%81%BF%E5%AF%BE%E5%BF%9C-DeSiM/dp/B0F1DWWXNN,B0F1DWWXNN,B0F1DWWXNN,DeSiM,DeSiMのストアを表示,"{""price_jpy"": [""￥1,670""], ""usage_validity"": [""【香港・マカオ eSIM】8日間 0.5GB/毎日（コスパ重視） DeSiM正規卸 | LINE相談受付中 | データ通信専用（電話番号なし） | simフリー端末のみ対応 説明書付 イーシム DeSiM""], ""data_amount"": [""【香港・マカオ eSIM】8日間 0.5GB/毎日（コスパ重視） DeSiM正規卸 | LINE相談受付中｜当日発行可能 | データ通信専用（電話番号なし） | simフリー端末のみ対応 説明書付 イーシム DeSiM""], ""network_type"": [""no_local_or_roaming_keyword_matched""], ""network_generation"": [""fallback_5g: source:meta_description: Amazon.co.jp: 【香港・マカオ eSIM】8日間 0.5GB/毎日（コスパ重視） DeSiM正規卸 | LINE相談受付中 | データ通信専用（電話番号なし） | simフリー端末のみ対応 説明書付 イーシム DeSiM : 家電＆カメラ"", ""fallback_only_network_generation_signal""], ""review_count"": [""detail_page: (2)""], ""bestseller_rank"": [""Amazon 売れ筋ランキング 家電＆カメラ - 601,614位 ( 家電＆カメラの売れ筋ランキングを見る ) プリペイドSIMカード - 3,457位""], ""title"": [""【香港・マカオ eSIM】8日間 0.5GB/毎日（コスパ重視） DeSiM正規卸 | LINE相談受付中 | データ通信専用（電話番号なし） | simフリー端末のみ対応 説明書付 イーシム DeSiM""]}"
amazon_jp,hk,【香港・マカオ eSIM】16日間 3GB（コスパ重視） DeSiM正規卸 | LINE相談受付中 | データ通信専用（電話番号なし） | simフリー端末のみ対応 説明書付 イーシム DeSiM,1480,1,,,,,3287,16일,16일,,unknown,unknown,,,"{""cmhk"": null, ""csl"": null, ""smartone"": null, ""three_hk"": null}","{""skt"": null, ""kt"": null, ""lgu"": null}",3GB,https://www.amazon.co.jp/3GB%EF%BC%88%E3%82%B3%E3%82%B9%E3%83%91%E9%87%8D%E8%A6%96%EF%BC%89-LINE%E7%9B%B8%E8%AB%87%E5%8F%97%E4%BB%98%E4%B8%AD%EF%BD%9C%E5%BD%93%E6%97%A5%E7%99%BA%E8%A1%8C%E5%8F%AF%E8%83%BD-%E3%83%87%E3%83%BC%E3%82%BF%E9%80%9A%E4%BF%A1%E5%B0%82%E7%94%A8%EF%BC%88%E9%9B%BB%E8%A9%B1%E7%95%AA%E5%8F%B7%E3%81%AA%E3%81%97%EF%BC%89-sim%E3%83%95%E3%83%AA%E3%83%BC%E7%AB%AF%E6%9C%AB%E3%81%AE%E3%81%BF%E5%AF%BE%E5%BF%9C-DeSiM/dp/B0F1DX4MNP,B0F1DX4MNP,B0F1DX4MNP,DeSiM,DeSiMのストアを表示,"{""price_jpy"": [""￥1,480""], ""usage_validity"": [""【香港・マカオ eSIM】16日間 3GB（コスパ重視） DeSiM正規卸 | LINE相談受付中 | データ通信専用（電話番号なし） | simフリー端末のみ対応 説明書付 イーシム DeSiM""], ""data_amount"": [""【香港・マカオ eSIM】16日間 3GB（コスパ重視） DeSiM正規卸 | LINE相談受付中｜当日発行可能 | データ通信専用（電話番号なし） | simフリー端末のみ対応 説明書付 イーシム DeSiM""], ""network_type"": [""no_local_or_roaming_keyword_matched""], ""network_generation"": [""fallback_5g: source:fallback_all_text: Amazon.co.jp: 【香港・マカオ eSIM】16日間 3GB（コスパ重視） DeSiM正規卸 | LINE相談受付中 | データ通信専用（電話番号なし） | simフリー端末のみ対応 説明書付 イーシム DeSiM : 家電＆カメラ 次に移動 メインコンテンツ この商品について この商品について "", ""fallback_only_network_generation_signal""], ""review_count"": [""detail_page: (1)""], ""bestseller_rank"": [""Amazon 売れ筋ランキング 家電＆カメラ - 542,279位 ( 家電＆カメラの売れ筋ランキングを見る ) プリペイドSIMカード - 3,287位""], ""title"": [""【香港・マカオ eSIM】16日間 3GB（コスパ重視） DeSiM正規卸 | LINE相談受付中 | データ通信専用（電話番号なし） | simフリー端末のみ対応 説明書付 イーシム DeSiM""]}"
amazon_jp,hk,【香港・マカオ eSIM】21日間 3GB（コスパ重視） DeSiM正規卸 | LINE相談受付中 | データ通信専用（電話番号なし） | simフリー端末のみ対応 説明書付 イーシム DeSiM,1500,2,,,,,3863,21일,21일,,unknown,unknown,,,"{""cmhk"": null, ""csl"": null, ""smartone"": null, ""three_hk"": null}","{""skt"": null, ""kt"": null, ""lgu"": null}",3GB,https://www.amazon.co.jp/3GB%EF%BC%88%E3%82%B3%E3%82%B9%E3%83%91%E9%87%8D%E8%A6%96%EF%BC%89-LINE%E7%9B%B8%E8%AB%87%E5%8F%97%E4%BB%98%E4%B8%AD%EF%BD%9C%E5%BD%93%E6%97%A5%E7%99%BA%E8%A1%8C%E5%8F%AF%E8%83%BD-%E3%83%87%E3%83%BC%E3%82%BF%E9%80%9A%E4%BF%A1%E5%B0%82%E7%94%A8%EF%BC%88%E9%9B%BB%E8%A9%B1%E7%95%AA%E5%8F%B7%E3%81%AA%E3%81%97%EF%BC%89-sim%E3%83%95%E3%83%AA%E3%83%BC%E7%AB%AF%E6%9C%AB%E3%81%AE%E3%81%BF%E5%AF%BE%E5%BF%9C-DeSiM/dp/B0F1DYQKQ9,B0F1DYQKQ9,B0F1DYQKQ9,DeSiM,DeSiMのストアを表示,"{""price_jpy"": [""￥1,500""], ""usage_validity"": [""【香港・マカオ eSIM】21日間 3GB（コスパ重視） DeSiM正規卸 | LINE相談受付中 | データ通信専用（電話番号なし） | simフリー端末のみ対応 説明書付 イーシム DeSiM""], ""data_amount"": [""【香港・マカオ eSIM】21日間 3GB（コスパ重視） DeSiM正規卸 | LINE相談受付中｜当日発行可能 | データ通信専用（電話番号なし） | simフリー端末のみ対応 説明書付 イーシム DeSiM""], ""network_type"": [""no_local_or_roaming_keyword_matched""], ""network_generation"": [""fallback_5g: source:fallback_all_text: Amazon.co.jp: 【香港・マカオ eSIM】21日間 3GB（コスパ重視） DeSiM正規卸 | LINE相談受付中 | データ通信専用（電話番号なし） | simフリー端末のみ対応 説明書付 イーシム DeSiM : 家電＆カメラ 次に移動 メインコンテンツ この商品について この商品について "", ""fallback_only_network_generation_signal""], ""review_count"": [""detail_page: (2)""], ""bestseller_rank"": [""Amazon 売れ筋ランキング 家電＆カメラ - 812,962位 ( 家電＆カメラの売れ筋ランキングを見る ) プリペイドSIMカード - 3,863位""], ""title"": [""【香港・マカオ eSIM】21日間 3GB（コスパ重視） DeSiM正規卸 | LINE相談受付中 | データ通信専用（電話番号なし） | simフリー端末のみ対応 説明書付 イーシム DeSiM""]}"
amazon_jp,hk,Three ヨーロッパ フランス sim EU 4G-LTE 高速データ通信 現地通話 SMS無制限 ヨーロッパ周遊 プリペイド simカード 72ヶ国対応 LINEで24時間サポート (30日間20GB),2680,10,,,,,1012,30일,30일,30일,local,lte_4g_only,,,"{""cmhk"": null, ""csl"": null, ""smartone"": null, ""three_hk"": null}","{""skt"": null, ""kt"": null, ""lgu"": null}",20GB,https://www.amazon.co.jp/4G-LTE-%E9%AB%98%E9%80%9F%E3%83%87%E3%83%BC%E3%82%BF%E9%80%9A%E4%BF%A1-%E3%83%A8%E3%83%BC%E3%83%AD%E3%83%83%E3%83%91%E5%91%A8%E9%81%8A-LINE%E3%81%A724%E6%99%82%E9%96%93%E3%82%B5%E3%83%9D%E3%83%BC%E3%83%88-30%E6%97%A5%E9%96%9320GB/dp/B0D29Y5BKG,B0D29Y5BKG,B0D29Y5BKG,Global Simcard,アーモンド　ＳＩｍ　ｃａｒｄのストアを表示,"{""price_jpy"": [""￥2,680""], ""usage_validity"": [""Three ヨーロッパ フランス sim EU 4G-LTE 高速データ通信 現地通話 SMS無制限 ヨーロッパ周遊 プリペイド simカード 72ヶ国対応 LINEで24時間サポート (30日間20GB)""], ""activation_validity"": [""✿【有効期限】2024年12月31日。開通後30日間ご利用可能なので、ヨーロッパ渡航スケジュールにぴったりの手軽なプリペイドSIMカードです。""], ""data_amount"": [""✿【データ容量】イギリスでは30日間で20GB、ヨーロッパの他の72か国/地域では30日間で12GBまでご利用いただけます。通話とSMSは無制限です。※ヨーロッパのイギリス以外地域は電話またはメッセージ受信+44が必要です。""], ""network_type"": [""【チョコSIM 定額（Sプラン）】【中国の電話番号付きでアプリや施設サービスのSMS認証が可能】【データ容量】合計500MB/月【音声】合計20分間/月 データ/音声/SMS付きSIMカード 中国SIM マカオSIM China unicom ※こちらのSIMカードは契約後、毎月の基本料が発生いたします。※2024年11月1日から台湾でのご利用はできなくなり"", ""【SKTelecoｍ公式認証】 韓国eSIM 3日間 (72時間) 電話番号付き 超高速データ無制限 最初の5分発信無料(韓国国内) お急ぎの方即時発行可(LINE相談受付中) 有効期限／ご購入日より120日以内 現地空港サポート(SKTelecomローミングセンター) SKテレコム正規品 韓国SIMカードタイプではありません"", ""score: local=6, roaming=0""], ""network_generation"": [""product_info_cellular_4g_lte: source:product_info_cellular: 携帯電話技術 4G-LTE"", ""product_info_cellular_4g_lte: source:product_info_cellular: 携帯電話技術 4G-LTE""], ""review_count"": [""detail_page: (10)""], ""bestseller_rank"": [""Amazon 売れ筋ランキング 家電＆カメラ - 116,705位 ( 家電＆カメラの売れ筋ランキングを見る ) プリペイドSIMカード - 1,012位""], ""title"": [""Three ヨーロッパ フランス sim EU 4G-LTE 高速データ通信 現地通話 SMS無制限 ヨーロッパ周遊 プリペイド simカード 72ヶ国対応 LINEで24時間サポート (30日間20GB)""]}"
amazon_jp,hk,【香港・マカオ eSIM】11日間 5GB（コスパ重視） DeSiM正規卸 | LINE相談受付中 | データ通信専用（電話番号なし） | simフリー端末のみ対応 説明書付 イーシム DeSiM,1940,2,,,,,,11일,11일,,unknown,unknown,,,"{""cmhk"": null, ""csl"": null, ""smartone"": null, ""three_hk"": null}","{""skt"": null, ""kt"": null, ""lgu"": null}",5GB,https://www.amazon.co.jp/5GB%EF%BC%88%E3%82%B3%E3%82%B9%E3%83%91%E9%87%8D%E8%A6%96%EF%BC%89-LINE%E7%9B%B8%E8%AB%87%E5%8F%97%E4%BB%98%E4%B8%AD%EF%BD%9C%E5%BD%93%E6%97%A5%E7%99%BA%E8%A1%8C%E5%8F%AF%E8%83%BD-%E3%83%87%E3%83%BC%E3%82%BF%E9%80%9A%E4%BF%A1%E5%B0%82%E7%94%A8%EF%BC%88%E9%9B%BB%E8%A9%B1%E7%95%AA%E5%8F%B7%E3%81%AA%E3%81%97%EF%BC%89-sim%E3%83%95%E3%83%AA%E3%83%BC%E7%AB%AF%E6%9C%AB%E3%81%AE%E3%81%BF%E5%AF%BE%E5%BF%9C-DeSiM/dp/B0F1DXG2TP,B0F1DXG2TP,B0F1DXG2TP,DeSiM,DeSiMのストアを表示,"{""price_jpy"": [""￥1,940""], ""usage_validity"": [""【香港・マカオ eSIM】11日間 5GB（コスパ重視） DeSiM正規卸 | LINE相談受付中 | データ通信専用（電話番号なし） | simフリー端末のみ対応 説明書付 イーシム DeSiM""], ""data_amount"": [""【香港・マカオ eSIM】11日間 5GB（コスパ重視） DeSiM正規卸 | LINE相談受付中｜当日発行可能 | データ通信専用（電話番号なし） | simフリー端末のみ対応 説明書付 イーシム DeSiM""], ""network_type"": [""no_local_or_roaming_keyword_matched""], ""network_generation"": [""fallback_5g: source:meta_description: Amazon.co.jp: 【香港・マカオ eSIM】11日間 5GB（コスパ重視） DeSiM正規卸 | LINE相談受付中 | データ通信専用（電話番号なし） | simフリー端末のみ対応 説明書付 イーシム DeSiM : 家電＆カメラ"", ""fallback_only_network_generation_signal""], ""review_count"": [""detail_page: (2)""], ""title"": [""【香港・マカオ eSIM】11日間 5GB（コスパ重視） DeSiM正規卸 | LINE相談受付中 | データ通信専用（電話番号なし） | simフリー端末のみ対応 説明書付 イーシム DeSiM""]}"
amazon_jp,hk,【香港・マカオ eSIM】17日間 3GB（コスパ重視） DeSiM正規卸 | LINE相談受付中 | データ通信専用（電話番号なし） | simフリー端末のみ対応 説明書付 イーシム DeSiM,1480,1,,,,,,17일,17일,,unknown,unknown,,,"{""cmhk"": null, ""csl"": null, ""smartone"": null, ""three_hk"": null}","{""skt"": null, ""kt"": null, ""lgu"": null}",3GB,https://www.amazon.co.jp/3GB%EF%BC%88%E3%82%B3%E3%82%B9%E3%83%91%E9%87%8D%E8%A6%96%EF%BC%89-LINE%E7%9B%B8%E8%AB%87%E5%8F%97%E4%BB%98%E4%B8%AD%EF%BD%9C%E5%BD%93%E6%97%A5%E7%99%BA%E8%A1%8C%E5%8F%AF%E8%83%BD-%E3%83%87%E3%83%BC%E3%82%BF%E9%80%9A%E4%BF%A1%E5%B0%82%E7%94%A8%EF%BC%88%E9%9B%BB%E8%A9%B1%E7%95%AA%E5%8F%B7%E3%81%AA%E3%81%97%EF%BC%89-sim%E3%83%95%E3%83%AA%E3%83%BC%E7%AB%AF%E6%9C%AB%E3%81%AE%E3%81%BF%E5%AF%BE%E5%BF%9C-DeSiM/dp/B0F1DYV9MD,B0F1DYV9MD,B0F1DYV9MD,DeSiM,DeSiMのストアを表示,"{""price_jpy"": [""￥1,480""], ""usage_validity"": [""【香港・マカオ eSIM】17日間 3GB（コスパ重視） DeSiM正規卸 | LINE相談受付中 | データ通信専用（電話番号なし） | simフリー端末のみ対応 説明書付 イーシム DeSiM""], ""data_amount"": [""【香港・マカオ eSIM】17日間 3GB（コスパ重視） DeSiM正規卸 | LINE相談受付中｜当日発行可能 | データ通信専用（電話番号なし） | simフリー端末のみ対応 説明書付 イーシム DeSiM""], ""network_type"": [""no_local_or_roaming_keyword_matched""], ""network_generation"": [""fallback_5g: source:fallback_all_text: Amazon.co.jp: 【香港・マカオ eSIM】17日間 3GB（コスパ重視） DeSiM正規卸 | LINE相談受付中 | データ通信専用（電話番号なし） | simフリー端末のみ対応 説明書付 イーシム DeSiM : 家電＆カメラ 次に移動 メインコンテンツ この商品について この商品について "", ""fallback_only_network_generation_signal""], ""review_count"": [""detail_page: (1)""], ""title"": [""【香港・マカオ eSIM】17日間 3GB（コスパ重視） DeSiM正規卸 | LINE相談受付中 | データ通信専用（電話番号なし） | simフリー端末のみ対応 説明書付 イーシム DeSiM""]}"
amazon_jp,hk,【香港・マカオ eSIM】24日間 3GB（コスパ重視） DeSiM正規卸 | LINE相談受付中 | データ通信専用（電話番号なし） | simフリー端末のみ対応 説明書付 イーシム DeSiM,1510,2,,,,,3860,24일,24일,,unknown,unknown,,,"{""cmhk"": null, ""csl"": null, ""smartone"": null, ""three_hk"": null}","{""skt"": null, ""kt"": null, ""lgu"": null}",3GB,https://www.amazon.co.jp/3GB%EF%BC%88%E3%82%B3%E3%82%B9%E3%83%91%E9%87%8D%E8%A6%96%EF%BC%89-LINE%E7%9B%B8%E8%AB%87%E5%8F%97%E4%BB%98%E4%B8%AD%EF%BD%9C%E5%BD%93%E6%97%A5%E7%99%BA%E8%A1%8C%E5%8F%AF%E8%83%BD-%E3%83%87%E3%83%BC%E3%82%BF%E9%80%9A%E4%BF%A1%E5%B0%82%E7%94%A8%EF%BC%88%E9%9B%BB%E8%A9%B1%E7%95%AA%E5%8F%B7%E3%81%AA%E3%81%97%EF%BC%89-sim%E3%83%95%E3%83%AA%E3%83%BC%E7%AB%AF%E6%9C%AB%E3%81%AE%E3%81%BF%E5%AF%BE%E5%BF%9C-DeSiM/dp/B0F1DYGBR1,B0F1DYGBR1,B0F1DYGBR1,DeSiM,DeSiMのストアを表示,"{""price_jpy"": [""￥1,510""], ""usage_validity"": [""【香港・マカオ eSIM】24日間 3GB（コスパ重視） DeSiM正規卸 | LINE相談受付中 | データ通信専用（電話番号なし） | simフリー端末のみ対応 説明書付 イーシム DeSiM""], ""data_amount"": [""【香港・マカオ eSIM】24日間 3GB（コスパ重視） DeSiM正規卸 | LINE相談受付中｜当日発行可能 | データ通信専用（電話番号なし） | simフリー端末のみ対応 説明書付 イーシム DeSiM""], ""network_type"": [""no_local_or_roaming_keyword_matched""], ""network_generation"": [""fallback_5g: source:fallback_all_text: Amazon.co.jp: 【香港・マカオ eSIM】24日間 3GB（コスパ重視） DeSiM正規卸 | LINE相談受付中 | データ通信専用（電話番号なし） | simフリー端末のみ対応 説明書付 イーシム DeSiM : 家電＆カメラ 次に移動 メインコンテンツ この商品について この商品について "", ""fallback_only_network_generation_signal""], ""review_count"": [""detail_page: (2)""], ""bestseller_rank"": [""Amazon 売れ筋ランキング 家電＆カメラ - 812,959位 ( 家電＆カメラの売れ筋ランキングを見る ) プリペイドSIMカード - 3,860位""], ""title"": [""【香港・マカオ eSIM】24日間 3GB（コスパ重視） DeSiM正規卸 | LINE相談受付中 | データ通信専用（電話番号なし） | simフリー端末のみ対応 説明書付 イーシム DeSiM""]}"
amazon_jp,hk,【香港・マカオ eSIM】23日間 3GB（コスパ重視） DeSiM正規卸 | LINE相談受付中 | データ通信専用（電話番号なし） | simフリー端末のみ対応 説明書付 イーシム DeSiM,1510,2,,,,,3862,23일,23일,,unknown,unknown,,,"{""cmhk"": null, ""csl"": null, ""smartone"": null, ""three_hk"": null}","{""skt"": null, ""kt"": null, ""lgu"": null}",3GB,https://www.amazon.co.jp/3GB%EF%BC%88%E3%82%B3%E3%82%B9%E3%83%91%E9%87%8D%E8%A6%96%EF%BC%89-LINE%E7%9B%B8%E8%AB%87%E5%8F%97%E4%BB%98%E4%B8%AD%EF%BD%9C%E5%BD%93%E6%97%A5%E7%99%BA%E8%A1%8C%E5%8F%AF%E8%83%BD-%E3%83%87%E3%83%BC%E3%82%BF%E9%80%9A%E4%BF%A1%E5%B0%82%E7%94%A8%EF%BC%88%E9%9B%BB%E8%A9%B1%E7%95%AA%E5%8F%B7%E3%81%AA%E3%81%97%EF%BC%89-sim%E3%83%95%E3%83%AA%E3%83%BC%E7%AB%AF%E6%9C%AB%E3%81%AE%E3%81%BF%E5%AF%BE%E5%BF%9C-DeSiM/dp/B0F1DX5TRL,B0F1DX5TRL,B0F1DX5TRL,DeSiM,DeSiMのストアを表示,"{""price_jpy"": [""￥1,510""], ""usage_validity"": [""【香港・マカオ eSIM】23日間 3GB（コスパ重視） DeSiM正規卸 | LINE相談受付中 | データ通信専用（電話番号なし） | simフリー端末のみ対応 説明書付 イーシム DeSiM""], ""data_amount"": [""【香港・マカオ eSIM】23日間 3GB（コスパ重視） DeSiM正規卸 | LINE相談受付中｜当日発行可能 | データ通信専用（電話番号なし） | simフリー端末のみ対応 説明書付 イーシム DeSiM""], ""network_type"": [""no_local_or_roaming_keyword_matched""], ""network_generation"": [""fallback_5g: source:fallback_all_text: Amazon.co.jp: 【香港・マカオ eSIM】23日間 3GB（コスパ重視） DeSiM正規卸 | LINE相談受付中 | データ通信専用（電話番号なし） | simフリー端末のみ対応 説明書付 イーシム DeSiM : 家電＆カメラ 次に移動 メインコンテンツ この商品について この商品について "", ""fallback_only_network_generation_signal""], ""review_count"": [""detail_page: (2)""], ""bestseller_rank"": [""Amazon 売れ筋ランキング 家電＆カメラ - 812,961位 ( 家電＆カメラの売れ筋ランキングを見る ) プリペイドSIMカード - 3,862位""], ""title"": [""【香港・マカオ eSIM】23日間 3GB（コスパ重視） DeSiM正規卸 | LINE相談受付中 | データ通信専用（電話番号なし） | simフリー端末のみ対応 説明書付 イーシム DeSiM""]}"
amazon_jp,hk,【香港・マカオ eSIM】28日間 5GB（コスパ重視） DeSiM正規卸 | LINE相談受付中 | データ通信専用（電話番号なし） | simフリー端末のみ対応 説明書付 イーシム DeSiM,2050,2,,,,,,28일,28일,,unknown,unknown,,,"{""cmhk"": null, ""csl"": null, ""smartone"": null, ""three_hk"": null}","{""skt"": null, ""kt"": null, ""lgu"": null}",5GB,https://www.amazon.co.jp/5GB%EF%BC%88%E3%82%B3%E3%82%B9%E3%83%91%E9%87%8D%E8%A6%96%EF%BC%89-LINE%E7%9B%B8%E8%AB%87%E5%8F%97%E4%BB%98%E4%B8%AD%EF%BD%9C%E5%BD%93%E6%97%A5%E7%99%BA%E8%A1%8C%E5%8F%AF%E8%83%BD-%E3%83%87%E3%83%BC%E3%82%BF%E9%80%9A%E4%BF%A1%E5%B0%82%E7%94%A8%EF%BC%88%E9%9B%BB%E8%A9%B1%E7%95%AA%E5%8F%B7%E3%81%AA%E3%81%97%EF%BC%89-sim%E3%83%95%E3%83%AA%E3%83%BC%E7%AB%AF%E6%9C%AB%E3%81%AE%E3%81%BF%E5%AF%BE%E5%BF%9C-DeSiM/dp/B0F1DY23MH,B0F1DY23MH,B0F1DY23MH,DeSiM,DeSiMのストアを表示,"{""price_jpy"": [""￥2,050""], ""usage_validity"": [""【香港・マカオ eSIM】28日間 5GB（コスパ重視） DeSiM正規卸 | LINE相談受付中 | データ通信専用（電話番号なし） | simフリー端末のみ対応 説明書付 イーシム DeSiM""], ""data_amount"": [""【香港・マカオ eSIM】28日間 5GB（コスパ重視） DeSiM正規卸 | LINE相談受付中｜当日発行可能 | データ通信専用（電話番号なし） | simフリー端末のみ対応 説明書付 イーシム DeSiM""], ""network_type"": [""no_local_or_roaming_keyword_matched""], ""network_generation"": [""fallback_5g: source:meta_description: Amazon.co.jp: 【香港・マカオ eSIM】28日間 5GB（コスパ重視） DeSiM正規卸 | LINE相談受付中 | データ通信専用（電話番号なし） | simフリー端末のみ対応 説明書付 イーシム DeSiM : 家電＆カメラ"", ""fallback_only_network_generation_signal""], ""review_count"": [""detail_page: (2)""], ""title"": [""【香港・マカオ eSIM】28日間 5GB（コスパ重視） DeSiM正規卸 | LINE相談受付中 | データ通信専用（電話番号なし） | simフリー端末のみ対応 説明書付 イーシム DeSiM""]}"
amazon_jp,hk,【ジョイテル】【中国どこでもSIM】中国8日間大容量データ通信SIM｜VPNはもう要らない・中国でもLINEやインスタも利用できるから安心・2枚セット,2480,53,,,,,398,8일,8일,8일,local,lte_4g_only,,,"{""cmhk"": null, ""csl"": null, ""smartone"": null, ""three_hk"": null}","{""skt"": null, ""kt"": null, ""lgu"": null}",unlimited,https://www.amazon.co.jp/%E3%82%B8%E3%83%A7%E3%82%A4%E3%83%86%E3%83%AB-JSCH-0002/dp/B0BSD4WMS1,B0BSD4WMS1,B0BSD4WMS1,JOYTEL（ジョイテル株式会社）,ブランド: ジョイテル,"{""price_jpy"": [""￥2,480""], ""usage_validity"": [""【ジョイテル】【中国どこでもSIM】中国8日間大容量データ通信SIM｜VPNはもう要らない・中国でもLINEやインスタも利用できるから安心・2枚セット""], ""activation_validity"": [""中国現地でデータ通信を開始してから8日間ご利用いただくことが可能です。有効期限はありません。ご購入いただいた後いつでもご利用可能です。""], ""data_amount"": [""ご利用可能なデータ容量は無制限です。ただし、5GByte使用すると速度制限となります。""], ""network_type"": [""【チョコSIM 定額（Sプラン）】【中国の電話番号付きでアプリや施設サービスのSMS認証が可能】【データ容量】合計500MB/月【音声】合計20分間/月 データ/音声/SMS付きSIMカード 中国SIM マカオSIM China unicom ※こちらのSIMカードは契約後、毎月の基本料が発生いたします。※2024年11月1日から台湾でのご利用はできなくなり"", ""【SKTelecoｍ公式認証】 韓国eSIM 3日間 (72時間) 電話番号付き 超高速データ無制限 最初の5分発信無料(韓国国内) お急ぎの方即時発行可(LINE相談受付中) 有効期限／ご購入日より120日以内 現地空港サポート(SKTelecomローミングセンター) SKテレコム正規品 韓国SIMカードタイプではありません"", ""score: local=6, roaming=1""], ""network_generation"": [""product_info_cellular_4g_lte: source:product_info_cellular: 携帯電話技術 4G/3G"", ""product_info_cellular_4g_lte: source:product_info_cellular: 携帯電話技術 4G/3G""], ""review_count"": [""detail_page: (53)""], ""bestseller_rank"": [""Amazon 売れ筋ランキング 家電＆カメラ - 34,267位 ( 家電＆カメラの売れ筋ランキングを見る ) プリペイドSIMカード - 398位""], ""title"": [""【ジョイテル】【中国どこでもSIM】中国8日間大容量データ通信SIM｜VPNはもう要らない・中国でもLINEやインスタも利用できるから安心・2枚セット""]}"
amazon_jp,hk,【香港・マカオ eSIM】14日間 0.5GB/毎日（コスパ重視） DeSiM正規卸 | LINE相談受付中 | データ通信専用（電話番号なし） | simフリー端末のみ対応 説明書付 イーシム DeSiM,2400,2,,,,,3870,14일,14일,,unknown,unknown,,,"{""cmhk"": null, ""csl"": null, ""smartone"": null, ""three_hk"": null}","{""skt"": null, ""kt"": null, ""lgu"": null}",0.5GB,https://www.amazon.co.jp/0-5GB-LINE%E7%9B%B8%E8%AB%87%E5%8F%97%E4%BB%98%E4%B8%AD%EF%BD%9C%E5%BD%93%E6%97%A5%E7%99%BA%E8%A1%8C%E5%8F%AF%E8%83%BD-%E3%83%87%E3%83%BC%E3%82%BF%E9%80%9A%E4%BF%A1%E5%B0%82%E7%94%A8%EF%BC%88%E9%9B%BB%E8%A9%B1%E7%95%AA%E5%8F%B7%E3%81%AA%E3%81%97%EF%BC%89-sim%E3%83%95%E3%83%AA%E3%83%BC%E7%AB%AF%E6%9C%AB%E3%81%AE%E3%81%BF%E5%AF%BE%E5%BF%9C-DeSiM/dp/B0F1DY55Z5,B0F1DY55Z5,B0F1DY55Z5,DeSiM,DeSiMのストアを表示,"{""price_jpy"": [""￥2,400""], ""usage_validity"": [""【香港・マカオ eSIM】14日間 0.5GB/毎日（コスパ重視） DeSiM正規卸 | LINE相談受付中 | データ通信専用（電話番号なし） | simフリー端末のみ対応 説明書付 イーシム DeSiM""], ""data_amount"": [""【香港・マカオ eSIM】14日間 0.5GB/毎日（コスパ重視） DeSiM正規卸 | LINE相談受付中｜当日発行可能 | データ通信専用（電話番号なし） | simフリー端末のみ対応 説明書付 イーシム DeSiM""], ""network_type"": [""no_local_or_roaming_keyword_matched""], ""network_generation"": [""fallback_5g: source:meta_description: Amazon.co.jp: 【香港・マカオ eSIM】14日間 0.5GB/毎日（コスパ重視） DeSiM正規卸 | LINE相談受付中 | データ通信専用（電話番号なし） | simフリー端末のみ対応 説明書付 イーシム DeSiM : 家電＆カメラ"", ""fallback_only_network_generation_signal""], ""review_count"": [""detail_page: (2)""], ""bestseller_rank"": [""Amazon 売れ筋ランキング 家電＆カメラ - 815,800位 ( 家電＆カメラの売れ筋ランキングを見る ) プリペイドSIMカード - 3,870位""], ""title"": [""【香港・マカオ eSIM】14日間 0.5GB/毎日（コスパ重視） DeSiM正規卸 | LINE相談受付中 | データ通信専用（電話番号なし） | simフリー端末のみ対応 説明書付 イーシム DeSiM""]}"
amazon_jp,hk,【東南アジア 8カ国 SIM】1GB/日 高速データ・低速無制限 | データ専用（電話番号なし） 24時間LINEサポート | 香港・マカオ・シンガポール・マレーシア・タイ・インドネシア・ベトナム・カンボジア対応 東南アジア sim (【SIM】8日間),2580,3,,,,,3856,8일,8일,180일,roaming,lte_4g_only,,,"{""cmhk"": null, ""csl"": null, ""smartone"": null, ""three_hk"": null}","{""skt"": null, ""kt"": null, ""lgu"": null}",1GB/day,https://www.amazon.co.jp/%E9%AB%98%E9%80%9F%E3%83%87%E3%83%BC%E3%82%BF%E3%83%BB%E4%BD%8E%E9%80%9F%E7%84%A1%E5%88%B6%E9%99%90-%E3%83%87%E3%83%BC%E3%82%BF%E5%B0%82%E7%94%A8%EF%BC%88%E9%9B%BB%E8%A9%B1%E7%95%AA%E5%8F%B7%E3%81%AA%E3%81%97%EF%BC%89-24%E6%99%82%E9%96%93LINE%E3%82%B5%E3%83%9D%E3%83%BC%E3%83%88-%E9%A6%99%E6%B8%AF%E3%83%BB%E3%83%9E%E3%82%AB%E3%82%AA%E3%83%BB%E3%82%B7%E3%83%B3%E3%82%AC%E3%83%9D%E3%83%BC%E3%83%AB%E3%83%BB%E3%83%9E%E3%83%AC%E3%83%BC%E3%82%B7%E3%82%A2%E3%83%BB%E3%82%BF%E3%82%A4%E3%83%BB%E3%82%A4%E3%83%B3%E3%83%89%E3%83%8D%E3%82%B7%E3%82%A2%E3%83%BB%E3%83%99%E3%83%88%E3%83%8A%E3%83%A0%E3%83%BB%E3%82%AB%E3%83%B3%E3%83%9C%E3%82%B8%E3%82%A2%E5%AF%BE%E5%BF%9C-%E3%80%90SIM%E3%80%918%E6%97%A5%E9%96%93/dp/B0F483GMD8,B0F483GMD8,B0F483GMD8,Global Simcard,アーモンド　ＳＩｍ　ｃａｒｄのストアを表示,"{""price_jpy"": [""￥2,580""], ""usage_validity"": [""【東南アジア 8カ国 SIM】1GB/日 高速データ・低速無制限 | データ専用（電話番号なし） 24時間LINEサポート | 香港・マカオ・シンガポール・マレーシア・タイ・インドネシア・ベトナム・カンボジア対応 東南アジア sim (【SIM】8日間)""], ""activation_validity"": [""【有効期限】ご購入後180日間有効です（未使用の場合）。観光や駐在などの際には、複数枚のご購入もおすすめです。""], ""data_amount"": [""【高速データ通信】毎日1GBの高速データ通信をご提供します。1GBに達した後は、低速データで無制限にご利用いただけます。※速度制限は翌日現地時間の0時に自動的に解除されます。""], ""network_type"": [""《正規日本語版》【ローミングSIM】東南アジア・マカオ・ベトナム・シンガポール・タイ・マレーシア・ラオス・インドネシア・フィリピン・カンボジア・スリランカの全10ヵ国 8日間 5GB ※面倒な本人登録・パスポート登録は不要です。このSIMカードは中国"", ""アジア10ヵ国周遊SIM 利用期間8日データ容量6GB データ通信 プリペイドSIM ローミングSIM 利用国：インドネシア、韓国、シンガポール、タイ、中国、日本、ベトナム、香港、マカオ、マレーシア"", ""score: local=0, roaming=3""], ""network_generation"": [""product_info_cellular_4g_lte: source:product_info_cellular: 携帯電話技術 LTE"", ""product_info_cellular_4g_lte: source:product_info_cellular: 携帯電話技術 LTE""], ""review_count"": [""detail_page: (3)""], ""bestseller_rank"": [""Amazon 売れ筋ランキング 家電＆カメラ - 809,866位 ( 家電＆カメラの売れ筋ランキングを見る ) プリペイドSIMカード - 3,856位""], ""title"": [""【東南アジア 8カ国 SIM】1GB/日 高速データ・低速無制限 | データ専用（電話番号なし） 24時間LINEサポート | 香港・マカオ・シンガポール・マレーシア・タイ・インドネシア・ベトナム・カンボジア対応 東南アジア sim (【SIM】8日間)""]}"
amazon_jp,hk,香港eSIMデータカード – 4G/5G LTE、1日2GBの高速データ、7日プリペイドプラン、インターネット | 即時アクティベーション | 物理SIM不要 | 短期・長期旅行に最適,1709,3,,,,,3247,1일,1일,,unknown,lte_4g_only,,,"{""cmhk"": null, ""csl"": null, ""smartone"": null, ""three_hk"": true}","{""skt"": null, ""kt"": null, ""lgu"": null}",2GB,https://www.amazon.co.jp/%E9%A6%99%E6%B8%AFeSIM%E3%83%87%E3%83%BC%E3%82%BF%E3%82%AB%E3%83%BC%E3%83%89-LTE%E3%80%811%E6%97%A52GB%E3%81%AE%E9%AB%98%E9%80%9F%E3%83%87%E3%83%BC%E3%82%BF%E3%80%817%E6%97%A5%E3%83%97%E3%83%AA%E3%83%9A%E3%82%A4%E3%83%89%E3%83%97%E3%83%A9%E3%83%B3%E3%80%81%E3%82%A4%E3%83%B3%E3%82%BF%E3%83%BC%E3%83%8D%E3%83%83%E3%83%88-%E5%8D%B3%E6%99%82%E3%82%A2%E3%82%AF%E3%83%86%E3%82%A3%E3%83%99%E3%83%BC%E3%82%B7%E3%83%A7%E3%83%B3-%E7%89%A9%E7%90%86SIM%E4%B8%8D%E8%A6%81-%E7%9F%AD%E6%9C%9F%E3%83%BB%E9%95%B7%E6%9C%9F%E6%97%85%E8%A1%8C%E3%81%AB%E6%9C%80%E9%81%A9/dp/B0F2G3XSMN,B0F2G3XSMN,B0F2G3XSMN,Mossroam,mossroamのストアを表示,"{""price_jpy"": [""￥1,709""], ""usage_validity"": [""香港eSIMデータカード – 4G/5G LTE、1日2GBの高速データ、7日プリペイドプラン、インターネット | 即時アクティベーション | 物理SIM不要 | 短期・長期旅行に最適""], ""data_amount"": [""型番 2GB Day pass,7 Days""], ""network_type"": [""roaming_signal: これはeSIM（QRコード）であり、物理SIMではありません！ ご注文前に、お使いのデバイスがeSIMに対応していることをご確認ください。 お使いのスマートフォンがeSIMに対応していることをご確認ください。 データ利用プランには2種類あり、お客様の状況に合ったプランをお選びいただけます。 パッケージを受け取った後、QRコードが届きます。手順に従ってローミン"", ""insufficient_or_conflicting_signals(local=0, roaming=1)""], ""network_generation"": [""product_info_cellular_4g_lte: source:product_info_cellular: 携帯電話技術 LTE"", ""product_info_cellular_4g_lte: source:product_info_cellular: 携帯電話技術 LTE""], ""carrier_support_local"": [""3HK: 【中国 香港 eSIM】大容量 2GB/日・高速データ 低速無制限 即日発行可能 China Unicom/3HK キャリア 4G-LTE対応 データ通信専用 中国・ 香港 プリペイド simカード (1日間)"", ""3HK: 【中国 香港 eSIM】大容量 2GB/日・高速データ 低速無制限 即日発行可能 China Unicom/3HK キャリア 4G-LTE対応 データ通信専用 中国・ 香港 プリペイド simカード (1日間)""], ""review_count"": [""detail_page: (3)""], ""bestseller_rank"": [""Amazon 売れ筋ランキング 家電＆カメラ - 527,423位 ( 家電＆カメラの売れ筋ランキングを見る ) プリペイドSIMカード - 3,247位""], ""title"": [""香港eSIMデータカード – 4G/5G LTE、1日2GBの高速データ、7日プリペイドプラン、インターネット | 即時アクティベーション | 物理SIM不要 | 短期・長期旅行に最適""]}"
amazon_jp,hk,【香港・マカオ eSIM】13日間 5GB（コスパ重視） DeSiM正規卸 | LINE相談受付中 | データ通信専用（電話番号なし） | simフリー端末のみ対応 説明書付 イーシム DeSiM,1970,2,,,,,3861,13일,13일,,unknown,unknown,,,"{""cmhk"": null, ""csl"": null, ""smartone"": null, ""three_hk"": null}","{""skt"": null, ""kt"": null, ""lgu"": null}",5GB,https://www.amazon.co.jp/5GB%EF%BC%88%E3%82%B3%E3%82%B9%E3%83%91%E9%87%8D%E8%A6%96%EF%BC%89-LINE%E7%9B%B8%E8%AB%87%E5%8F%97%E4%BB%98%E4%B8%AD%EF%BD%9C%E5%BD%93%E6%97%A5%E7%99%BA%E8%A1%8C%E5%8F%AF%E8%83%BD-%E3%83%87%E3%83%BC%E3%82%BF%E9%80%9A%E4%BF%A1%E5%B0%82%E7%94%A8%EF%BC%88%E9%9B%BB%E8%A9%B1%E7%95%AA%E5%8F%B7%E3%81%AA%E3%81%97%EF%BC%89-sim%E3%83%95%E3%83%AA%E3%83%BC%E7%AB%AF%E6%9C%AB%E3%81%AE%E3%81%BF%E5%AF%BE%E5%BF%9C-DeSiM/dp/B0F1DXVRRP,B0F1DXVRRP,B0F1DXVRRP,DeSiM,DeSiMのストアを表示,"{""price_jpy"": [""￥1,970""], ""usage_validity"": [""【香港・マカオ eSIM】13日間 5GB（コスパ重視） DeSiM正規卸 | LINE相談受付中 | データ通信専用（電話番号なし） | simフリー端末のみ対応 説明書付 イーシム DeSiM""], ""data_amount"": [""【香港・マカオ eSIM】13日間 5GB（コスパ重視） DeSiM正規卸 | LINE相談受付中｜当日発行可能 | データ通信専用（電話番号なし） | simフリー端末のみ対応 説明書付 イーシム DeSiM""], ""network_type"": [""no_local_or_roaming_keyword_matched""], ""network_generation"": [""fallback_5g: source:meta_description: Amazon.co.jp: 【香港・マカオ eSIM】13日間 5GB（コスパ重視） DeSiM正規卸 | LINE相談受付中 | データ通信専用（電話番号なし） | simフリー端末のみ対応 説明書付 イーシム DeSiM : 家電＆カメラ"", ""fallback_4g_lte: source:fallback_all_text: Amazon.co.jp: 【香港・マカオ eSIM】13日間 5GB（コスパ重視） DeSiM正規卸 | LINE相談受付中 | データ通信専用（電話番号なし） | simフリー端末のみ対応 説明書付 イーシム DeSiM : 家電＆カメラ 次に移動 メインコンテンツ この商品について この商品について "", ""fallback_only_network_generation_signal""], ""review_count"": [""detail_page: (2)""], ""bestseller_rank"": [""Amazon 売れ筋ランキング 家電＆カメラ - 812,960位 ( 家電＆カメラの売れ筋ランキングを見る ) プリペイドSIMカード - 3,861位""], ""title"": [""【香港・マカオ eSIM】13日間 5GB（コスパ重視） DeSiM正規卸 | LINE相談受付中 | データ通信専用（電話番号なし） | simフリー端末のみ対応 説明書付 イーシム DeSiM""]}"
amazon_jp,hk,【香港・マカオ eSIM】12日間 5GB（コスパ重視） DeSiM正規卸 | LINE相談受付中 | データ通信専用（電話番号なし） | simフリー端末のみ対応 説明書付 イーシム DeSiM,1960,1,,,,,,12일,12일,,unknown,unknown,,,"{""cmhk"": null, ""csl"": null, ""smartone"": null, ""three_hk"": null}","{""skt"": null, ""kt"": null, ""lgu"": null}",5GB,https://www.amazon.co.jp/5GB%EF%BC%88%E3%82%B3%E3%82%B9%E3%83%91%E9%87%8D%E8%A6%96%EF%BC%89-LINE%E7%9B%B8%E8%AB%87%E5%8F%97%E4%BB%98%E4%B8%AD%EF%BD%9C%E5%BD%93%E6%97%A5%E7%99%BA%E8%A1%8C%E5%8F%AF%E8%83%BD-%E3%83%87%E3%83%BC%E3%82%BF%E9%80%9A%E4%BF%A1%E5%B0%82%E7%94%A8%EF%BC%88%E9%9B%BB%E8%A9%B1%E7%95%AA%E5%8F%B7%E3%81%AA%E3%81%97%EF%BC%89-sim%E3%83%95%E3%83%AA%E3%83%BC%E7%AB%AF%E6%9C%AB%E3%81%AE%E3%81%BF%E5%AF%BE%E5%BF%9C-DeSiM/dp/B0F1DW15S5,B0F1DW15S5,B0F1DW15S5,DeSiM,DeSiMのストアを表示,"{""price_jpy"": [""￥1,960""], ""usage_validity"": [""【香港・マカオ eSIM】12日間 5GB（コスパ重視） DeSiM正規卸 | LINE相談受付中 | データ通信専用（電話番号なし） | simフリー端末のみ対応 説明書付 イーシム DeSiM""], ""data_amount"": [""【香港・マカオ eSIM】12日間 5GB（コスパ重視） DeSiM正規卸 | LINE相談受付中｜当日発行可能 | データ通信専用（電話番号なし） | simフリー端末のみ対応 説明書付 イーシム DeSiM""], ""network_type"": [""no_local_or_roaming_keyword_matched""], ""network_generation"": [""fallback_5g: source:meta_description: Amazon.co.jp: 【香港・マカオ eSIM】12日間 5GB（コスパ重視） DeSiM正規卸 | LINE相談受付中 | データ通信専用（電話番号なし） | simフリー端末のみ対応 説明書付 イーシム DeSiM : 家電＆カメラ"", ""fallback_only_network_generation_signal""], ""review_count"": [""detail_page: (1)""], ""title"": [""【香港・マカオ eSIM】12日間 5GB（コスパ重視） DeSiM正規卸 | LINE相談受付中 | データ通信専用（電話番号なし） | simフリー端末のみ対応 説明書付 イーシム DeSiM""]}"
amazon_jp,hk,【香港・マカオ eSIM】26日間 5GB（コスパ重視） DeSiM正規卸 | LINE相談受付中 | データ通信専用（電話番号なし） | simフリー端末のみ対応 説明書付 イーシム DeSiM,2040,2,,,,,3864,26일,26일,,unknown,unknown,,,"{""cmhk"": null, ""csl"": null, ""smartone"": null, ""three_hk"": null}","{""skt"": null, ""kt"": null, ""lgu"": null}",5GB,https://www.amazon.co.jp/5GB%EF%BC%88%E3%82%B3%E3%82%B9%E3%83%91%E9%87%8D%E8%A6%96%EF%BC%89-LINE%E7%9B%B8%E8%AB%87%E5%8F%97%E4%BB%98%E4%B8%AD%EF%BD%9C%E5%BD%93%E6%97%A5%E7%99%BA%E8%A1%8C%E5%8F%AF%E8%83%BD-%E3%83%87%E3%83%BC%E3%82%BF%E9%80%9A%E4%BF%A1%E5%B0%82%E7%94%A8%EF%BC%88%E9%9B%BB%E8%A9%B1%E7%95%AA%E5%8F%B7%E3%81%AA%E3%81%97%EF%BC%89-sim%E3%83%95%E3%83%AA%E3%83%BC%E7%AB%AF%E6%9C%AB%E3%81%AE%E3%81%BF%E5%AF%BE%E5%BF%9C-DeSiM/dp/B0F1DXZ4KZ,B0F1DXZ4KZ,B0F1DXZ4KZ,DeSiM,DeSiMのストアを表示,"{""price_jpy"": [""￥2,040""], ""usage_validity"": [""【香港・マカオ eSIM】26日間 5GB（コスパ重視） DeSiM正規卸 | LINE相談受付中 | データ通信専用（電話番号なし） | simフリー端末のみ対応 説明書付 イーシム DeSiM""], ""data_amount"": [""【香港・マカオ eSIM】26日間 5GB（コスパ重視） DeSiM正規卸 | LINE相談受付中｜当日発行可能 | データ通信専用（電話番号なし） | simフリー端末のみ対応 説明書付 イーシム DeSiM""], ""network_type"": [""no_local_or_roaming_keyword_matched""], ""network_generation"": [""fallback_5g: source:meta_description: Amazon.co.jp: 【香港・マカオ eSIM】26日間 5GB（コスパ重視） DeSiM正規卸 | LINE相談受付中 | データ通信専用（電話番号なし） | simフリー端末のみ対応 説明書付 イーシム DeSiM : 家電＆カメラ"", ""fallback_only_network_generation_signal""], ""review_count"": [""detail_page: (2)""], ""bestseller_rank"": [""Amazon 売れ筋ランキング 家電＆カメラ - 812,963位 ( 家電＆カメラの売れ筋ランキングを見る ) プリペイドSIMカード - 3,864位""], ""title"": [""【香港・マカオ eSIM】26日間 5GB（コスパ重視） DeSiM正規卸 | LINE相談受付中 | データ通信専用（電話番号なし） | simフリー端末のみ対応 説明書付 イーシム DeSiM""]}"
amazon_jp,hk,【香港・マカオ eSIM】29日間 5GB（コスパ重視） DeSiM正規卸 | LINE相談受付中 | データ通信専用（電話番号なし） | simフリー端末のみ対応 説明書付 イーシム DeSiM,2050,2,,,,,,29일,29일,,unknown,unknown,,,"{""cmhk"": null, ""csl"": null, ""smartone"": null, ""three_hk"": null}","{""skt"": null, ""kt"": null, ""lgu"": null}",5GB,https://www.amazon.co.jp/5GB%EF%BC%88%E3%82%B3%E3%82%B9%E3%83%91%E9%87%8D%E8%A6%96%EF%BC%89-LINE%E7%9B%B8%E8%AB%87%E5%8F%97%E4%BB%98%E4%B8%AD%EF%BD%9C%E5%BD%93%E6%97%A5%E7%99%BA%E8%A1%8C%E5%8F%AF%E8%83%BD-%E3%83%87%E3%83%BC%E3%82%BF%E9%80%9A%E4%BF%A1%E5%B0%82%E7%94%A8%EF%BC%88%E9%9B%BB%E8%A9%B1%E7%95%AA%E5%8F%B7%E3%81%AA%E3%81%97%EF%BC%89-sim%E3%83%95%E3%83%AA%E3%83%BC%E7%AB%AF%E6%9C%AB%E3%81%AE%E3%81%BF%E5%AF%BE%E5%BF%9C-DeSiM/dp/B0F1DY8V5Z,B0F1DY8V5Z,B0F1DY8V5Z,DeSiM,DeSiMのストアを表示,"{""price_jpy"": [""￥2,050""], ""usage_validity"": [""【香港・マカオ eSIM】29日間 5GB（コスパ重視） DeSiM正規卸 | LINE相談受付中 | データ通信専用（電話番号なし） | simフリー端末のみ対応 説明書付 イーシム DeSiM""], ""data_amount"": [""【香港・マカオ eSIM】29日間 5GB（コスパ重視） DeSiM正規卸 | LINE相談受付中｜当日発行可能 | データ通信専用（電話番号なし） | simフリー端末のみ対応 説明書付 イーシム DeSiM""], ""network_type"": [""no_local_or_roaming_keyword_matched""], ""network_generation"": [""fallback_5g: source:meta_description: Amazon.co.jp: 【香港・マカオ eSIM】29日間 5GB（コスパ重視） DeSiM正規卸 | LINE相談受付中 | データ通信専用（電話番号なし） | simフリー端末のみ対応 説明書付 イーシム DeSiM : 家電＆カメラ"", ""fallback_only_network_generation_signal""], ""review_count"": [""detail_page: (2)""], ""title"": [""【香港・マカオ eSIM】29日間 5GB（コスパ重視） DeSiM正規卸 | LINE相談受付中 | データ通信専用（電話番号なし） | simフリー端末のみ対応 説明書付 イーシム DeSiM""]}"
amazon_jp,hk,【香港・マカオ eSIM】22日間 3GB（コスパ重視） DeSiM正規卸 | LINE相談受付中 | データ通信専用（電話番号なし） | simフリー端末のみ対応 説明書付 イーシム DeSiM,1500,,,,,,,22일,22일,,unknown,unknown,,,"{""cmhk"": null, ""csl"": null, ""smartone"": null, ""three_hk"": null}","{""skt"": null, ""kt"": null, ""lgu"": null}",3GB,https://www.amazon.co.jp/3GB%EF%BC%88%E3%82%B3%E3%82%B9%E3%83%91%E9%87%8D%E8%A6%96%EF%BC%89-LINE%E7%9B%B8%E8%AB%87%E5%8F%97%E4%BB%98%E4%B8%AD%EF%BD%9C%E5%BD%93%E6%97%A5%E7%99%BA%E8%A1%8C%E5%8F%AF%E8%83%BD-%E3%83%87%E3%83%BC%E3%82%BF%E9%80%9A%E4%BF%A1%E5%B0%82%E7%94%A8%EF%BC%88%E9%9B%BB%E8%A9%B1%E7%95%AA%E5%8F%B7%E3%81%AA%E3%81%97%EF%BC%89-sim%E3%83%95%E3%83%AA%E3%83%BC%E7%AB%AF%E6%9C%AB%E3%81%AE%E3%81%BF%E5%AF%BE%E5%BF%9C-DeSiM/dp/B0F1FBKXJW,B0F1FBKXJW,B0F1FBKXJW,DeSiM,DeSiMのストアを表示,"{""price_jpy"": [""￥1,500""], ""usage_validity"": [""【香港・マカオ eSIM】22日間 3GB（コスパ重視） DeSiM正規卸 | LINE相談受付中 | データ通信専用（電話番号なし） | simフリー端末のみ対応 説明書付 イーシム DeSiM""], ""data_amount"": [""【香港・マカオ eSIM】22日間 3GB（コスパ重視） DeSiM正規卸 | LINE相談受付中｜当日発行可能 | データ通信専用（電話番号なし） | simフリー端末のみ対応 説明書付 イーシム DeSiM""], ""network_type"": [""no_local_or_roaming_keyword_matched""], ""network_generation"": [""fallback_5g: source:fallback_all_text: Amazon.co.jp: 【香港・マカオ eSIM】22日間 3GB（コスパ重視） DeSiM正規卸 | LINE相談受付中 | データ通信専用（電話番号なし） | simフリー端末のみ対応 説明書付 イーシム DeSiM : 家電＆カメラ 次に移動 メインコンテンツ この商品について この商品について "", ""fallback_only_network_generation_signal""], ""title"": [""【香港・マカオ eSIM】22日間 3GB（コスパ重視） DeSiM正規卸 | LINE相談受付中 | データ通信専用（電話番号なし） | simフリー端末のみ対応 説明書付 イーシム DeSiM""]}"
amazon_jp,hk,【中国本土・香港eSIM】2日間 完全無制限（低速なし） DeSiM正規卸 |LINE相談受付中 |データ通信専用（電話番号なし） simフリー端末のみ対応 説明書付 イーシム DeSIM,1720,1,,,,,3869,2일,2일,,unknown,lte_4g_only,,,"{""cmhk"": null, ""csl"": null, ""smartone"": null, ""three_hk"": null}","{""skt"": null, ""kt"": null, ""lgu"": null}",unlimited,https://www.amazon.co.jp/%E3%80%90%E4%B8%AD%E5%9B%BD%E6%9C%AC%E5%9C%9F%E3%83%BB%E9%A6%99%E6%B8%AFeSIM%E3%80%912%E6%97%A5%E9%96%93-%E5%AE%8C%E5%85%A8%E7%84%A1%E5%88%B6%E9%99%90%EF%BC%88%E4%BD%8E%E9%80%9F%E3%81%AA%E3%81%97%EF%BC%89-LINE%E7%9B%B8%E8%AB%87%E5%8F%97%E4%BB%98%E4%B8%AD-%E3%83%87%E3%83%BC%E3%82%BF%E9%80%9A%E4%BF%A1%E5%B0%82%E7%94%A8%EF%BC%88%E9%9B%BB%E8%A9%B1%E7%95%AA%E5%8F%B7%E3%81%AA%E3%81%97%EF%BC%89-sim%E3%83%95%E3%83%AA%E3%83%BC%E7%AB%AF%E6%9C%AB%E3%81%AE%E3%81%BF%E5%AF%BE%E5%BF%9C/dp/B0DZST47TB,B0DZST47TB,B0DZST47TB,DeSiM,DeSiMのストアを表示,"{""price_jpy"": [""￥1,720""], ""usage_validity"": [""【中国本土・香港eSIM】2日間 完全無制限（低速なし） DeSiM正規卸 |LINE相談受付中 |データ通信専用（電話番号なし） simフリー端末のみ対応 説明書付 イーシム DeSIM""], ""data_amount"": [""【中国本土・香港eSIM】2日間 完全無制限（低速なし） DeSiM正規卸 |LINE相談受付中 | 当日発行可能 |データ通信専用（電話番号なし） simフリー端末のみ対応 説明書付 イーシム DeSIM""], ""network_type"": [""no_local_or_roaming_keyword_matched""], ""network_generation"": [""product_info_cellular_4g_lte: source:product_info_cellular: 携帯電話技術 LTE"", ""product_info_cellular_4g_lte: source:product_info_cellular: 携帯電話技術 LTE""], ""review_count"": [""detail_page: (1)""], ""bestseller_rank"": [""Amazon 売れ筋ランキング 家電＆カメラ - 815,436位 ( 家電＆カメラの売れ筋ランキングを見る ) プリペイドSIMカード - 3,869位""], ""title"": [""【中国本土・香港eSIM】2日間 完全無制限（低速なし） DeSiM正規卸 |LINE相談受付中 |データ通信専用（電話番号なし） simフリー端末のみ対応 説明書付 イーシム DeSIM""]}"
amazon_jp,hk,【香港・マカオ eSIM】27日間 5GB（コスパ重視） DeSiM正規卸 | LINE相談受付中 | データ通信専用（電話番号なし） | simフリー端末のみ対応 説明書付 イーシム DeSiM,2040,1,,,,,,27일,27일,,unknown,unknown,,,"{""cmhk"": null, ""csl"": null, ""smartone"": null, ""three_hk"": null}","{""skt"": null, ""kt"": null, ""lgu"": null}",5GB,https://www.amazon.co.jp/5GB%EF%BC%88%E3%82%B3%E3%82%B9%E3%83%91%E9%87%8D%E8%A6%96%EF%BC%89-LINE%E7%9B%B8%E8%AB%87%E5%8F%97%E4%BB%98%E4%B8%AD%EF%BD%9C%E5%BD%93%E6%97%A5%E7%99%BA%E8%A1%8C%E5%8F%AF%E8%83%BD-%E3%83%87%E3%83%BC%E3%82%BF%E9%80%9A%E4%BF%A1%E5%B0%82%E7%94%A8%EF%BC%88%E9%9B%BB%E8%A9%B1%E7%95%AA%E5%8F%B7%E3%81%AA%E3%81%97%EF%BC%89-sim%E3%83%95%E3%83%AA%E3%83%BC%E7%AB%AF%E6%9C%AB%E3%81%AE%E3%81%BF%E5%AF%BE%E5%BF%9C-DeSiM/dp/B0F1DX2LDL,B0F1DX2LDL,B0F1DX2LDL,DeSiM,DeSiMのストアを表示,"{""price_jpy"": [""￥2,040""], ""usage_validity"": [""【香港・マカオ eSIM】27日間 5GB（コスパ重視） DeSiM正規卸 | LINE相談受付中 | データ通信専用（電話番号なし） | simフリー端末のみ対応 説明書付 イーシム DeSiM""], ""data_amount"": [""【香港・マカオ eSIM】27日間 5GB（コスパ重視） DeSiM正規卸 | LINE相談受付中｜当日発行可能 | データ通信専用（電話番号なし） | simフリー端末のみ対応 説明書付 イーシム DeSiM""], ""network_type"": [""no_local_or_roaming_keyword_matched""], ""network_generation"": [""fallback_5g: source:meta_description: Amazon.co.jp: 【香港・マカオ eSIM】27日間 5GB（コスパ重視） DeSiM正規卸 | LINE相談受付中 | データ通信専用（電話番号なし） | simフリー端末のみ対応 説明書付 イーシム DeSiM : 家電＆カメラ"", ""fallback_only_network_generation_signal""], ""review_count"": [""detail_page: (1)""], ""title"": [""【香港・マカオ eSIM】27日間 5GB（コスパ重視） DeSiM正規卸 | LINE相談受付中 | データ通信専用（電話番号なし） | simフリー端末のみ対応 説明書付 イーシム DeSiM""]}"
amazon_jp,hk,【香港・マカオ eSIM】25日間 5GB（コスパ重視） DeSiM正規卸 | LINE相談受付中 | データ通信専用（電話番号なし） | simフリー端末のみ対応 説明書付 イーシム DeSiM,2040,1,,,,,,25일,25일,,unknown,unknown,,,"{""cmhk"": null, ""csl"": null, ""smartone"": null, ""three_hk"": null}","{""skt"": null, ""kt"": null, ""lgu"": null}",5GB,https://www.amazon.co.jp/5GB%EF%BC%88%E3%82%B3%E3%82%B9%E3%83%91%E9%87%8D%E8%A6%96%EF%BC%89-LINE%E7%9B%B8%E8%AB%87%E5%8F%97%E4%BB%98%E4%B8%AD%EF%BD%9C%E5%BD%93%E6%97%A5%E7%99%BA%E8%A1%8C%E5%8F%AF%E8%83%BD-%E3%83%87%E3%83%BC%E3%82%BF%E9%80%9A%E4%BF%A1%E5%B0%82%E7%94%A8%EF%BC%88%E9%9B%BB%E8%A9%B1%E7%95%AA%E5%8F%B7%E3%81%AA%E3%81%97%EF%BC%89-sim%E3%83%95%E3%83%AA%E3%83%BC%E7%AB%AF%E6%9C%AB%E3%81%AE%E3%81%BF%E5%AF%BE%E5%BF%9C-DeSiM/dp/B0F1DWGC8L,B0F1DWGC8L,B0F1DWGC8L,DeSiM,DeSiMのストアを表示,"{""price_jpy"": [""￥2,040""], ""usage_validity"": [""【香港・マカオ eSIM】25日間 5GB（コスパ重視） DeSiM正規卸 | LINE相談受付中 | データ通信専用（電話番号なし） | simフリー端末のみ対応 説明書付 イーシム DeSiM""], ""data_amount"": [""【香港・マカオ eSIM】25日間 5GB（コスパ重視） DeSiM正規卸 | LINE相談受付中｜当日発行可能 | データ通信専用（電話番号なし） | simフリー端末のみ対応 説明書付 イーシム DeSiM""], ""network_type"": [""no_local_or_roaming_keyword_matched""], ""network_generation"": [""fallback_5g: source:meta_description: Amazon.co.jp: 【香港・マカオ eSIM】25日間 5GB（コスパ重視） DeSiM正規卸 | LINE相談受付中 | データ通信専用（電話番号なし） | simフリー端末のみ対応 説明書付 イーシム DeSiM : 家電＆カメラ"", ""fallback_only_network_generation_signal""], ""review_count"": [""detail_page: (1)""], ""title"": [""【香港・マカオ eSIM】25日間 5GB（コスパ重視） DeSiM正規卸 | LINE相談受付中 | データ通信専用（電話番号なし） | simフリー端末のみ対応 説明書付 イーシム DeSiM""]}"
amazon_jp,hk,【香港 eSIM 無制限】 高速データ毎日使い放題 |マカオでも使える | デザリング利用にも最適 | 現地キャリア回線 | 5日間 (5日間),2280,1,,,,,3346,5일,5일,,unknown,unknown,,,"{""cmhk"": null, ""csl"": null, ""smartone"": true, ""three_hk"": null}","{""skt"": null, ""kt"": null, ""lgu"": null}",unlimited,https://www.amazon.co.jp/%E9%AB%98%E9%80%9F%E3%83%87%E3%83%BC%E3%82%BF%E6%AF%8E%E6%97%A5%E4%BD%BF%E3%81%84%E6%94%BE%E9%A1%8C-%E3%83%9E%E3%82%AB%E3%82%AA%E3%81%A7%E3%82%82%E4%BD%BF%E3%81%88%E3%82%8B-%E3%83%87%E3%82%B6%E3%83%AA%E3%83%B3%E3%82%B0%E5%88%A9%E7%94%A8%E3%81%AB%E3%82%82%E6%9C%80%E9%81%A9-%E7%8F%BE%E5%9C%B0%E3%82%AD%E3%83%A3%E3%83%AA%E3%82%A2%E5%9B%9E%E7%B7%9A-5%E6%97%A5%E9%96%93/dp/B0D1FNW5X2,B0D1FNW5X2,B0D1FNW5X2,MEkeSIM,MEkeSIMのストアを表示,"{""price_jpy"": [""￥2,280""], ""usage_validity"": [""【香港 eSIM 無制限】 高速データ毎日使い放題 |マカオでも使える | デザリング利用にも最適 | 現地キャリア回線 | 5日間 (5日間)""], ""data_amount"": [""【特徴】香港三大通信キャリア（SmarTone, Hong Kong Telecom, 3Hong Kong）回線をeSIMプランへバンドルしましたこれらの回線の高速データ通信を毎日無制限で利用できますマカオへ移動しても同じように使えます""], ""network_type"": [""local_signal: 【香港 eSIM 無制限】 高速データ毎日使い放題 |マカオでも使える | デザリング利用にも最適 | 現地キャリア回線 | 5日間 (5日間)"", ""roaming_signal: 【特徴②】eSIM対応のスマートフォン（iOS、Androidのいずれでも）であれば、QRコードをスキャンすることにより、ご購入いただいたeSIMのソフトウェアをスマートフォンへインストールできます現地到着後にデータ通信ローミングをONにするだけの簡単な操作で、ただちにeSIMがアクティベート（稼働開始）されてデータ通信が可能となりますただし、Android"", ""insufficient_or_conflicting_signals(local=18, roaming=3)""], ""network_generation"": [""fallback_5g: source:image_alt: 【香港・マカオ eSIM】5日間 0.5GB/毎日（四泊五日 コスパ重視） DeSiM正規卸 | LINE相談受付中 |データ通信専用（電話番号なし） | simフリー端末のみ対応 説明書付 イーシム"", ""fallback_only_network_generation_signal""], ""carrier_support_local"": [""SmarTone: 【特徴】香港三大通信キャリア（SmarTone, Hong Kong Telecom, 3Hong Kong）回線をeSIMプランへバンドルしましたこれらの回線の高速データ通信を毎日無制限で利用できますマカオへ移動しても同じように使えます""], ""review_count"": [""detail_page: (1)""], ""bestseller_rank"": [""Amazon 売れ筋ランキング 家電＆カメラ - 537,041位 ( 家電＆カメラの売れ筋ランキングを見る ) プリペイドSIMカード - 3,346位""], ""title"": [""【香港 eSIM 無制限】 高速データ毎日使い放題 |マカオでも使える | デザリング利用にも最適 | 現地キャリア回線 | 5日間 (5日間)""]}"
amazon_jp,hk,【アジア16カ国 SIM】4日間 1GB/日 高速データ通信 低速無制限 24時間カスタマーサポート | データ通信専用（電話番号なし） simフリー端末のみ対応 説明書付 ｜アジア周遊 simカード アジア sim (【SIM】4日間 4GB),1750,3,,,,,2639,4일,4일,90일,unknown,lte_4g_only,,,"{""cmhk"": null, ""csl"": null, ""smartone"": null, ""three_hk"": null}","{""skt"": null, ""kt"": null, ""lgu"": null}",1GB/day,https://www.amazon.co.jp/24%E6%99%82%E9%96%93%E3%82%AB%E3%82%B9%E3%82%BF%E3%83%9E%E3%83%BC%E3%82%B5%E3%83%9D%E3%83%BC%E3%83%88-%E3%83%87%E3%83%BC%E3%82%BF%E9%80%9A%E4%BF%A1%E5%B0%82%E7%94%A8%EF%BC%88%E9%9B%BB%E8%A9%B1%E7%95%AA%E5%8F%B7%E3%81%AA%E3%81%97%EF%BC%89-sim%E3%83%95%E3%83%AA%E3%83%BC%E7%AB%AF%E6%9C%AB%E3%81%AE%E3%81%BF%E5%AF%BE%E5%BF%9C-%E3%80%90SIM%E3%80%914%E6%97%A5%E9%96%93-4GB/dp/B0DKNBB11J,B0DKNBB11J,B0DKNBB11J,Global Simcard,アーモンド　ＳＩｍ　ｃａｒｄのストアを表示,"{""price_jpy"": [""￥1,750""], ""usage_validity"": [""【アジア16カ国 SIM】4日間 1GB/日 高速データ通信 低速無制限 24時間カスタマーサポート | データ通信専用（電話番号なし） simフリー端末のみ対応 説明書付 ｜アジア周遊 simカード アジア sim (【SIM】4日間 4GB)""], ""activation_validity"": [""⭐【eSIM取得方法】ご購入後、http://jp.www.mewfi.com/esim にアクセスし、必要事項をご入力ください。その後、メールアドレスにeSIMのQRコードと説明書が送信されます。 ⭐【当日利用可能】すぐに利用したい方は、LINEでお問い合わせください。LINE ID: @014hhnww 🔺取扱説明書も同封されているので、初めての方でも安""], ""data_amount"": [""⭐【大容量データプラン】毎日1GBの高速データ通信が利用可能で、超過後は最大通信速度が128kbpsに制限されます。翌日0時に制限が解除され、テザリングも利用可能です。QRコードをスキャンして、簡単接続！（インターネット環境が必要です）。""], ""network_type"": [""local_signal: 【チョコSIM 定額（Sプラン）】【中国の電話番号付きでアプリや施設サービスのSMS認証が可能】【データ容量】合計500MB/月【音声】合計20分間/月 データ/音声/SMS付きSIMカード 中国SIM マカオSIM China unicom ※こちらのSIMカードは契約後、毎月の基本料が発生いたします。※2024年11月1日から台湾でのご利用はできなくなり"", ""roaming_signal: アジア4カ国SIM データ容量15GB 利用期間30日 4Gデータ通信 プリペイドSIM ローミングSIM prepaidSIM 利用可能国：インドネシア・シンガポール・タイ・マレーシア"", ""insufficient_or_conflicting_signals(local=6, roaming=4)""], ""network_generation"": [""product_info_cellular_4g_lte: source:product_info_cellular: 携帯電話技術 4G-LTE"", ""product_info_cellular_4g_lte: source:product_info_cellular: 携帯電話技術 4G-LTE""], ""review_count"": [""detail_page: (3)""], ""bestseller_rank"": [""Amazon 売れ筋ランキング 家電＆カメラ - 378,827位 ( 家電＆カメラの売れ筋ランキングを見る ) プリペイドSIMカード - 2,639位""], ""title"": [""【アジア16カ国 SIM】4日間 1GB/日 高速データ通信 低速無制限 24時間カスタマーサポート | データ通信専用（電話番号なし） simフリー端末のみ対応 説明書付 ｜アジア周遊 simカード アジア sim (【SIM】4日間 4GB)""]}"
amazon_jp,hk,グローバル 45カ国 eSIM アメリカ イギリス フランス スペイン対応 SIMカード 7日間 データ使い放題10GB JetSim eSIM 無制限 ジェットシム,2356,1,,,,,1851,7일,7일,30일,local,5g_capable,,,"{""cmhk"": null, ""csl"": null, ""smartone"": null, ""three_hk"": null}","{""skt"": null, ""kt"": null, ""lgu"": null}",unlimited,https://www.amazon.co.jp/%E3%82%B9%E3%83%9A%E3%82%A4%E3%83%B3%E5%AF%BE%E5%BF%9C-SIM%E3%82%AB%E3%83%BC%E3%83%89-7%E6%97%A5%E9%96%93-%E3%83%87%E3%83%BC%E3%82%BF%E4%BD%BF%E3%81%84%E6%94%BE%E9%A1%8C10GB-JetSim/dp/B0FVTPLT7D,B0FVTPLT7D,B0FVTPLT7D,ジェスロモバイル,JETSIMのストアを表示,"{""price_jpy"": [""￥2,356""], ""usage_validity"": [""グローバル 45カ国 eSIM アメリカ イギリス フランス スペイン対応 SIMカード 7日間 データ使い放題10GB JetSim eSIM 無制限 ジェットシム""], ""activation_validity"": [""商品の説明 購入後すぐにeSIMを使えますか？ はい、すぐにご利用いただけます。スムーズにご利用いただくために、申請フォームのご提出をお願いいたします。 eSIMのアクティベーションは必要ですか？ アクティベーションは不要です。eSIMをスマートフォンに追加すれば、現地に到着次第、自動的に接続されます！ 複数の国で利用できるプランは国をまたいで移動する際も、""], ""data_amount"": [""【データ無制限】 グローバル 45カ国 オーストリア、スペイン、アメリカ、イギリス等で7日間、5G/4G-LTE高速データ10GB。その後もデータ通信の利用が可能。テザリング対応""], ""network_type"": [""【ヨーロッパ eSIM Orange holiday 】30日間 20GB 電話番号付き ヨーロッパで通話とSMS無制限 国際通話30分+SMS200通 イギリス フランス イタリアなど欧州諸国対応 LINEで24時間サポート"", ""【ヨーロッパ eSIM Orange holiday 】30日間 20GB 電話番号付き ヨーロッパで通話とSMS無制限 国際通話30分+SMS200通 イギリス フランス イタリアなど欧州諸国対応 LINEで24時間サポート"", ""score: local=6, roaming=0""], ""network_generation"": [""product_info_cellular_5g: source:product_info_cellular: 携帯電話技術 LTE, 5G"", ""product_info_cellular_5g: source:product_info_cellular: 携帯電話技術 LTE, 5G"", ""product_info_cellular_4g_lte_signal_present_but_5g_capable_takes_precedence""], ""review_count"": [""detail_page: (1)""], ""bestseller_rank"": [""Amazon 売れ筋ランキング 家電＆カメラ - 241,055位 ( 家電＆カメラの売れ筋ランキングを見る ) プリペイドSIMカード - 1,851位""], ""title"": [""グローバル 45カ国 eSIM アメリカ イギリス フランス スペイン対応 SIMカード 7日間 データ使い放題10GB JetSim eSIM 無制限 ジェットシム""]}"
amazon_jp,hk,【DeSiM】韓国4日間無制限+eSIMテストサービス付き【セット】 | 海外旅行出国前事前テストeSIMサービス - DeSiM - 渡航前の不安を解消！ | Wi-Fi使用が面倒、ローミング料金が高い、SIMやeSIMの設定が不安な方に|テストサービス 不安な方に V4,2190,5,,,,,1216,3일,3일,4일,unknown,lte_4g_only,,,"{""cmhk"": null, ""csl"": null, ""smartone"": null, ""three_hk"": null}","{""skt"": null, ""kt"": null, ""lgu"": null}",unlimited,https://www.amazon.co.jp/%E9%9F%93%E5%9B%BD4%E6%97%A5%E9%96%93%E7%84%A1%E5%88%B6%E9%99%90-eSIM%E3%83%86%E3%82%B9%E3%83%88%E3%82%B5%E3%83%BC%E3%83%93%E3%82%B9%E4%BB%98%E3%81%8D%E3%80%90%E3%82%BB%E3%83%83%E3%83%88%E3%80%91-%E6%B5%B7%E5%A4%96%E6%97%85%E8%A1%8C%E5%87%BA%E5%9B%BD%E5%89%8D%E4%BA%8B%E5%89%8D%E3%83%86%E3%82%B9%E3%83%88eSIM%E3%82%B5%E3%83%BC%E3%83%93%E3%82%B9-%E6%B8%A1%E8%88%AA%E5%89%8D%E3%81%AE%E4%B8%8D%E5%AE%89%E3%82%92%E8%A7%A3%E6%B6%88%EF%BC%81-Wi-Fi%E4%BD%BF%E7%94%A8%E3%81%8C%E9%9D%A2%E5%80%92%E3%80%81%E3%83%AD%E3%83%BC%E3%83%9F%E3%83%B3%E3%82%B0%E6%96%99%E9%87%91%E3%81%8C%E9%AB%98%E3%81%84%E3%80%81SIM%E3%82%84eSIM%E3%81%AE%E8%A8%AD%E5%AE%9A%E3%81%8C%E4%B8%8D%E5%AE%89%E3%81%AA%E6%96%B9%E3%81%AB/dp/B0DQHBVNDR,B0DQHBVNDR,B0DQHBVNDR,DeSiM,DeSiMのストアを表示,"{""price_jpy"": [""￥2,190""], ""usage_validity"": [""【SKTelecoｍ公式認証】 韓国eSIM 3日間 (72時間) 電話番号付き 超高速データ無制限 最初の5分発信無料(韓国国内) お急ぎの方即時発行可(LINE相談受付中) 有効期限／ご購入日より120日以内 現地空港サポート(SKTelecomローミングセンター) SKテレコム正規品 韓国SIMカードタイプではありません""], ""activation_validity"": [""【DeSiM】韓国4日間無制限+eSIMテストサービス付き【セット】 | 海外旅行出国前事前テストeSIMサービス - DeSiM - 渡航前の不安を解消！ | Wi-Fi使用が面倒、ローミング料金が高い、SIMやeSIMの設定が不安な方に|テストサービス 不安な方に V4""], ""data_amount"": [""商品の説明 日本1日eSIMテストプラン 事前出国テストサービス専用eSIMとは 日本でeSIMを実際に設定・利用して、渡航前に確認できるサービスです。 ご利用までのステップ簡単 メッセージに商品案内 ご予約 設定などのご案内 eSIM体験テスト開始 対応端末（主な機種名） ※一部、キャリア購入の端末ではeSIM未対応·SIMロッ有りの場合がございますので、""], ""network_type"": [""local_signal: 【SKTelecoｍ公式認証】韓国eSIM 3日間(72時間) 超高速データ完全無制限｜ SKT大手キャリア回線対応｜電話番号付き（無料通話5分＋SMS30通)｜ 当日メール配送 ｜4G/5G対応｜TikTok/ChatGPT対応｜テザリング対応 ｜使用ガイド付き｜365天LINEでサポート｜180日以内利用可能 韓国 sim (韓国esim3日無制限＋通話"", ""roaming_signal: 【DeSiM】韓国4日間無制限+eSIMテストサービス付き【セット】 | 海外旅行出国前事前テストeSIMサービス - DeSiM - 渡航前の不安を解消！ | Wi-Fi使用が面倒、ローミング料金が高い、SIMやeSIMの設定が不安な方に|テストサービス 不安な方に V4"", ""insufficient_or_conflicting_signals(local=12, roaming=8)""], ""network_generation"": [""product_info_cellular_4g_lte: source:product_info_cellular: 携帯電話技術 LTE"", ""product_info_cellular_4g_lte: source:product_info_cellular: 携帯電話技術 LTE""], ""review_count"": [""detail_page: 商品の説明 日本1日eSIMテストプラン 事前出国テストサービス専用eSIMとは 日本でeSIMを実際に設定・利用して、渡航前に確認できるサービスです。 ご利用までのステップ簡単 メッセージに商品案内 ご予約 設定などのご案内 eSIM体験テスト開始 対応端末（主な機種名） ※一部、キャリア購入の端末ではeSIM未対応·SIMロッ有りの場合がございますので、""], ""bestseller_rank"": [""Amazon 売れ筋ランキング 家電＆カメラ - 144,848位 ( 家電＆カメラの売れ筋ランキングを見る ) プリペイドSIMカード - 1,216位""], ""title"": [""【DeSiM】韓国4日間無制限+eSIMテストサービス付き【セット】 | 海外旅行出国前事前テストeSIMサービス - DeSiM - 渡航前の不安を解消！ | Wi-Fi使用が面倒、ローミング料金が高い、SIMやeSIMの設定が不安な方に|テストサービス 不安な方に V4""]}"
amazon_jp,hk,【Almond eSIM】中国本土 esim 4日間 高速データ通信 完全無制限 当日発行可能 中国ネット規制対象外 中国でもGoogle、LINE、YouTubeなどVPNなしで利用可能 24時間サポート 4G-LTE対応 プリペイド ESIMプラン China simカード(中国本土+4日間無制限),1880,44,,,,,689,3일,3일,4일,local,lte_4g_only,,,"{""cmhk"": null, ""csl"": null, ""smartone"": null, ""three_hk"": null}","{""skt"": null, ""kt"": null, ""lgu"": null}",unlimited,https://www.amazon.co.jp/eSIM%E3%80%91%E4%B8%AD%E5%9B%BD%E6%9C%AC%E5%9C%9F-%E4%B8%AD%E5%9B%BD%E3%83%8D%E3%83%83%E3%83%88%E8%A6%8F%E5%88%B6%E5%AF%BE%E8%B1%A1%E5%A4%96-%E4%B8%AD%E5%9B%BD%E3%81%A7%E3%82%82Google%E3%80%81LINE%E3%80%81YouTube%E3%81%AA%E3%81%A9VPN%E3%81%AA%E3%81%97%E3%81%A7%E5%88%A9%E7%94%A8%E5%8F%AF%E8%83%BD-%E4%B8%AD%E5%9B%BD%E6%9C%AC%E5%9C%9F-4%E6%97%A5%E9%96%93%E7%84%A1%E5%88%B6%E9%99%90/dp/B0DSDZ1SPB,B0DSDZ1SPB,B0DSDZ1SPB,株式会社ビッグコネクト,bigconnectのストアを表示,"{""price_jpy"": [""￥1,880""], ""usage_validity"": [""【SKTelecoｍ公式認証】 韓国eSIM 3日間 (72時間) 電話番号付き 超高速データ無制限 最初の5分発信無料(韓国国内) お急ぎの方即時発行可(LINE相談受付中) 有効期限／ご購入日より120日以内 現地空港サポート(SKTelecomローミングセンター) SKテレコム正規品 韓国SIMカードタイプではありません""], ""activation_validity"": [""【Almond eSIM】中国本土 esim 4日間 高速データ通信 完全無制限 当日発行可能 中国ネット規制対象外 中国でもGoogle、LINE、YouTubeなどVPNなしで利用可能 24時間サポート 4G-LTE対応 プリペイド ESIMプラン China simカード(中国本土+4日間無制限)""], ""data_amount"": [""【データプラン】データ通信専用のeSIMです。※高速データ容量は無制限。完全使い放題プラン、中国ネット規制対象外 中国でもGoogle、LINE、YouTubeなどVPNなしで利用可能、本人確認やSIMカード認証は不要で、当日に発行が可能です。""], ""network_type"": [""【チョコSIM 定額（Sプラン）】【中国の電話番号付きでアプリや施設サービスのSMS認証が可能】【データ容量】合計500MB/月【音声】合計20分間/月 データ/音声/SMS付きSIMカード 中国SIM マカオSIM China unicom ※こちらのSIMカードは契約後、毎月の基本料が発生いたします。※2024年11月1日から台湾でのご利用はできなくなり"", ""【SKTelecoｍ公式認証】 韓国eSIM 3日間 (72時間) 電話番号付き 超高速データ無制限 最初の5分発信無料(韓国国内) お急ぎの方即時発行可(LINE相談受付中) 有効期限／ご購入日より120日以内 現地空港サポート(SKTelecomローミングセンター) SKテレコム正規品 韓国SIMカードタイプではありません"", ""score: local=6, roaming=0""], ""network_generation"": [""product_info_cellular_4g_lte: source:product_info_cellular: 携帯電話技術 LTE"", ""product_info_cellular_4g_lte: source:product_info_cellular: 携帯電話技術 LTE""], ""review_count"": [""detail_page: (44)""], ""bestseller_rank"": [""Amazon 売れ筋ランキング 家電＆カメラ - 67,664位 ( 家電＆カメラの売れ筋ランキングを見る ) プリペイドSIMカード - 689位""], ""title"": [""【Almond eSIM】中国本土 esim 4日間 高速データ通信 完全無制限 当日発行可能 中国ネット規制対象外 中国でもGoogle、LINE、YouTubeなどVPNなしで利用可能 24時間サポート 4G-LTE対応 プリペイド ESIMプラン China simカード(中国本土+4日間無制限)""]}"
amazon_jp,hk,【中華圏 eSIM】 6日間 高速データ無制限 4G/5G対応 当日発行可能 Google・LINE・YouTube利用可能 データ通信専用（電話番号なし） | LINEで24時間サポート 説明書付 中国 eSIM 香港 eSIM マカオeSIM (eSIM | 6日間/144時間),2280,2,,,,,3988,6일,6일,90일,unknown,5g_capable,,,"{""cmhk"": null, ""csl"": null, ""smartone"": null, ""three_hk"": null}","{""skt"": null, ""kt"": null, ""lgu"": null}",unlimited,https://www.amazon.co.jp/6%E6%97%A5%E9%96%93-Google%E3%83%BBLINE%E3%83%BBYouTube%E5%88%A9%E7%94%A8%E5%8F%AF%E8%83%BD-%E3%83%87%E3%83%BC%E3%82%BF%E9%80%9A%E4%BF%A1%E5%B0%82%E7%94%A8%EF%BC%88%E9%9B%BB%E8%A9%B1%E7%95%AA%E5%8F%B7%E3%81%AA%E3%81%97%EF%BC%89-eSIM-144%E6%99%82%E9%96%93/dp/B0DK4XSPBS,B0DK4XSPBS,B0DK4XSPBS,Global Simcard,アーモンド　ＳＩｍ　ｃａｒｄのストアを表示,"{""price_jpy"": [""￥2,280""], ""usage_validity"": [""【中華圏 eSIM】 6日間 高速データ無制限 4G/5G対応 当日発行可能 Google・LINE・YouTube利用可能 データ通信専用（電話番号なし） | LINEで24時間サポート 説明書付 中国 eSIM 香港 eSIM マカオeSIM (eSIM | 6日間/144時間)""], ""activation_validity"": [""⭐【有効期限】メールで納品後、90日以内にご利用ください。""], ""data_amount"": [""⭐【高速データ通信】完全無制限、低速度なし！！QRコードをスキャンするだけで簡単に接続可能。（※インターネット環境が必要です）""], ""network_type"": [""no_local_or_roaming_keyword_matched""], ""network_generation"": [""product_info_cellular_5g: source:product_info_cellular: 携帯電話技術 4G/5G"", ""product_info_cellular_5g: source:product_info_cellular: 携帯電話技術 4G/5G"", ""product_info_cellular_4g_lte_signal_present_but_5g_capable_takes_precedence""], ""review_count"": [""detail_page: (2)""], ""bestseller_rank"": [""Amazon 売れ筋ランキング 家電＆カメラ - 891,721位 ( 家電＆カメラの売れ筋ランキングを見る ) プリペイドSIMカード - 3,988位""], ""title"": [""【中華圏 eSIM】 6日間 高速データ無制限 4G/5G対応 当日発行可能 Google・LINE・YouTube利用可能 データ通信専用（電話番号なし） | LINEで24時間サポート 説明書付 中国 eSIM 香港 eSIM マカオeSIM (eSIM | 6日間/144時間)""]}"
