site,country,title,price_jpy,review_count,seller_badge,search_position,monthly_sold_count,is_bestseller,bestseller_rank,validity,usage_validity,activation_validity,network_type,network_generation,network_generation_inferred,network_generation_confidence,carrier_support_local,carrier_support_kr,data_amount,product_url,asin,site_product_id,seller,brand,evidence
amazon_jp,mo,【中国 香港 マカオ eSIM】5日間 無制限 実名登録不要 高速データ通信 低速なし 中国ネット規制対象外 Line、Youtube、GoogleなどVPNなしで利用可能 QRコード設定 メール登録で納品 即日発行対応 急ぎの方LINEサポートあり 中国sim 香港sim マカオsim マグロeSIM,1917,102,,,200,,26,1일,1일,5일,unknown,lte_4g_only,,,"{""ctm"": null, ""china_telecom_macau"": null, ""three_macau"": null}","{""skt"": null, ""kt"": null, ""lgu"": null}",unlimited,https://www.amazon.co.jp/eSIM%E3%80%915%E6%97%A5%E9%96%93-%E4%B8%AD%E5%9B%BD%E3%83%8D%E3%83%83%E3%83%88%E8%A6%8F%E5%88%B6%E5%AF%BE%E8%B1%A1%E5%A4%96-Line%E3%80%81Youtube%E3%80%81Google%E3%81%AA%E3%81%A9VPN%E3%81%AA%E3%81%97%E3%81%A7%E5%88%A9%E7%94%A8%E5%8F%AF%E8%83%BD-%E6%80%A5%E3%81%8E%E3%81%AE%E6%96%B9LINE%E3%82%B5%E3%83%9D%E3%83%BC%E3%83%88%E3%81%82%E3%82%8A-%E3%83%9E%E3%82%B0%E3%83%ADeSIM/dp/B0DRVDQ1WP,B0DRVDQ1WP,B0DRVDQ1WP,マグロeSIM,マグロeSIMのストアを表示,"{""price_jpy"": [""￥1,917""], ""usage_validity"": [""【注意事項①】有効期限：eSIM QRコードを受け取ってから90日間です（有効期間内にご利用ください）。eSIMの使用期間については、24時間を1日とカウントされますので、ご了承ください。""], ""activation_validity"": [""【中国 香港 マカオ eSIM】5日間 無制限 実名登録不要 高速データ通信 低速なし 中国ネット規制対象外 Line、Youtube、GoogleなどVPNなしで利用可能 QRコード設定 メール登録で納品 即日発行対応 急ぎの方LINEサポートあり 中国sim 香港sim マカオsim マグロeSIM""], ""data_amount"": [""【特徴①】本商品は、高速データ通信が無制限に使用可能です。さらに、日本国内で使用できる500MBのデータも含まれており、詳しい情報は、予約後にお送りするメールの説明書をご確認ください。""], ""network_type"": [""local_signal: 【チョコSIM 定額（Sプラン）】【中国の電話番号付きでアプリや施設サービスのSMS認証が可能】【データ容量】合計500MB/月【音声】合計20分間/月 データ/音声/SMS付きSIMカード 中国SIM マカオSIM China unicom ※こちらのSIMカードは契約後、毎月の基本料が発生いたします。※2024年11月1日から台湾でのご利用はできなくなり"", ""roaming_signal: 商品の説明 購入前にご注意！ 注意事項①：ご購入後、商品画像に記載されたURLにアクセスし必要事項を入力→メールアドレスにPDFの説明書とeSIMのQRコードが届きます！ 注意事項②：SIMロックフリー端末、もしくはSIMフリー端末専用のサービスです。必ず、ご利用端末がeSIM対応かどうかご確認ください。 注意事項③：eSIM対応端末のみ利用可能。※通信キャ"", ""insufficient_or_conflicting_signals(local=6, roaming=3)""], ""network_generation"": [""product_info_cellular_4g_lte: source:product_info_cellular: 携帯電話技術 LTE""], ""monthly_sold_count"": [""Amazon.co.jp: 【中国 香港 マカオ eSIM】5日間 無制限 実名登録不要 高速データ通信 低速なし 中国ネット規制対象外 Line、Youtube、GoogleなどVPNなしで利用可能 QRコード設定 メール登録で納品 即日発行対応 急ぎの方LINEサポートあり 中国sim 香港sim マカオsim マグロeSIM : 家電＆カメラ 次に移動""], ""review_count"": [""detail_page: (102)""], ""bestseller_rank"": [""Amazon 売れ筋ランキング 家電＆カメラ - 2,983位 ( 家電＆カメラの売れ筋ランキングを見る ) プリペイドSIMカード - 26位""], ""title"": [""【中国 香港 マカオ eSIM】5日間 無制限 実名登録不要 高速データ通信 低速なし 中国ネット規制対象外 Line、Youtube、GoogleなどVPNなしで利用可能 QRコード設定 メール登録で納品 即日発行対応 急ぎの方LINEサポートあり 中国sim 香港sim マカオsim マグロeSIM""]}"
amazon_jp,mo,【Almond eSIM】香港 マカオ eSIMプラン 3日間 完全無制限 4G-LTE 高速データ 使い放題 当日発行可能 出発前日本テスト用eSIM500MB 香港 マカオ プリペイドSIM 香港 esim 香港 マカオsim (3日間完全無制限),1405,308,,,100,,64,3일,3일,3일,local,5g_capable,,,"{""ctm"": true, ""china_telecom_macau"": null, ""three_macau"": null}","{""skt"": null, ""kt"": null, ""lgu"": null}",unlimited,https://www.amazon.co.jp/ESIM%E3%83%97%E3%83%A9%E3%83%B3-4G-LTE-%E5%BD%93%E6%97%A5%E7%99%BA%E8%A1%8C%E5%8F%AF%E8%83%BD-%E3%83%97%E3%83%AA%E3%83%9A%E3%82%A4%E3%83%89SIM-3%E6%97%A5%E9%96%93%E5%AE%8C%E5%85%A8%E7%84%A1%E5%88%B6%E9%99%90/dp/B0CPXYL72J,B0CPXYL72J,B0CPXYL72J,株式会社ビッグコネクト,bigconnectのストアを表示,"{""price_jpy"": [""￥1,405""], ""usage_validity"": [""【Almond eSIM】香港 マカオ eSIMプラン 3日間 完全無制限 4G-LTE 高速データ 使い放題 当日発行可能 出発前日本テスト用eSIM500MB 香港 マカオ プリペイドSIM 香港 esim 香港 マカオsim (3日間完全無制限)""], ""activation_validity"": [""【SKTelecoｍ公式認証】 韓国eSIM 3日間 (72時間) 電話番号付き 超高速データ無制限 最初の5分発信無料(韓国国内) お急ぎの方即時発行可(LINE相談受付中) 有効期限／ご購入日より120日以内 現地空港サポート(SKTelecomローミングセンター) SKテレコム正規品 韓国SIMカードタイプではありません""], ""data_amount"": [""【高速データ完全無制限】 通信専用eSIMになります。※データ容量無制限。高速データ使い放題。有効期限は、メールでのQRコード発行後1カ月です。""], ""network_type"": [""【現地キャリア利用】香港 マカオで使用できるeSIM、香港 マカオ渡航スケジュールに対応する手軽なeSIMカード。キャリア：香港：Smartone、HKT、3 マカオ:CTM ，香港 マカオでは信号が広く、ネットワークが安定し、速度が速いです。eSIMのsimカードはプリペイドsimカードと違って、挿入作業不要(iPhone・androidともeSIMのQR"", ""【チョコSIM 定額（Sプラン）】【中国の電話番号付きでアプリや施設サービスのSMS認証が可能】【データ容量】合計500MB/月【音声】合計20分間/月 データ/音声/SMS付きSIMカード 中国SIM マカオSIM China unicom ※こちらのSIMカードは契約後、毎月の基本料が発生いたします。※2024年11月1日から台湾でのご利用はできなくなり"", ""score: local=9, roaming=0""], ""network_generation"": [""product_info_cellular_5g: source:product_info_cellular: 携帯電話技術 5G LTE""], ""carrier_support_local"": [""CTM: 【現地キャリア利用】香港 マカオで使用できるeSIM、香港 マカオ渡航スケジュールに対応する手軽なeSIMカード。キャリア：香港：Smartone、HKT、3 マカオ:CTM ，香港 マカオでは信号が広く、ネットワークが安定し、速度が速いです。eSIMのsimカードはプリペイドsimカードと違って、"", ""CTM: サービスプロバイダ Smartone, HKT, 3, CTM""], ""monthly_sold_count"": [""Amazon.co.jp: 【Almond eSIM】香港 マカオ eSIMプラン 3日間 完全無制限 4G-LTE 高速データ 使い放題 当日発行可能 出発前日本テスト用eSIM500MB 香港 マカオ プリペイドSIM 香港 esim 香港 マカオsim (3日間完全無制限) : 家電＆カメラ 次に移動 メインコンテンツ この商品について この商品につい""], ""review_count"": [""detail_page: (308)""], ""bestseller_rank"": [""Amazon 売れ筋ランキング 家電＆カメラ - 5,749位 ( 家電＆カメラの売れ筋ランキングを見る ) プリペイドSIMカード - 64位""], ""title"": [""【Almond eSIM】香港 マカオ eSIMプラン 3日間 完全無制限 4G-LTE 高速データ 使い放題 当日発行可能 出発前日本テスト用eSIM500MB 香港 マカオ プリペイドSIM 香港 esim 香港 マカオsim (3日間完全無制限)""]}"
amazon_jp,mo,【中国 香港 マカオ eSIM】4日間 無制限 実名登録不要 高速データ通信 低速なし 中国ネット規制対象外 Line、Youtube、GoogleなどVPNなしで利用可能 QRコード設定 メール登録で納品 即日発行対応 急ぎの方LINEサポートあり 中国sim 香港sim マカオsim,1647,18,,,100,,26,1일,1일,4일,unknown,lte_4g_only,,,"{""ctm"": null, ""china_telecom_macau"": null, ""three_macau"": null}","{""skt"": null, ""kt"": null, ""lgu"": null}",unlimited,https://www.amazon.co.jp/eSIM%E3%80%914%E6%97%A5%E9%96%93-%E4%B8%AD%E5%9B%BD%E3%83%8D%E3%83%83%E3%83%88%E8%A6%8F%E5%88%B6%E5%AF%BE%E8%B1%A1%E5%A4%96-Line%E3%80%81Youtube%E3%80%81Google%E3%81%AA%E3%81%A9VPN%E3%81%AA%E3%81%97%E3%81%A7%E5%88%A9%E7%94%A8%E5%8F%AF%E8%83%BD-%E3%83%A1%E3%83%BC%E3%83%AB%E7%99%BB%E9%8C%B2%E3%81%A7%E7%B4%8D%E5%93%81-%E6%80%A5%E3%81%8E%E3%81%AE%E6%96%B9LINE%E3%82%B5%E3%83%9D%E3%83%BC%E3%83%88%E3%81%82%E3%82%8A/dp/B0FH9K13N7,B0FH9K13N7,B0FH9K13N7,マグロeSIM,マグロeSIMのストアを表示,"{""price_jpy"": [""￥1,647""], ""usage_validity"": [""【注意事項①】有効期限：eSIM QRコードを受け取ってから90日間です（有効期間内にご利用ください）。eSIMの使用期間については、24時間を1日とカウントされますので、ご了承ください。""], ""activation_validity"": [""【中国 香港 マカオ eSIM】4日間 無制限 実名登録不要 高速データ通信 低速なし 中国ネット規制対象外 Line、Youtube、GoogleなどVPNなしで利用可能 QRコード設定 メール登録で納品 即日発行対応 急ぎの方LINEサポートあり 中国sim 香港sim マカオsim""], ""data_amount"": [""【特徴①】本商品は、高速データ通信が無制限に使用可能です。さらに、日本国内で使用できる500MBのデータも含まれており、詳しい情報は、予約後にお送りするメールの説明書をご確認ください。""], ""network_type"": [""local_signal: 【チョコSIM 定額（Sプラン）】【中国の電話番号付きでアプリや施設サービスのSMS認証が可能】【データ容量】合計500MB/月【音声】合計20分間/月 データ/音声/SMS付きSIMカード 中国SIM マカオSIM China unicom ※こちらのSIMカードは契約後、毎月の基本料が発生いたします。※2024年11月1日から台湾でのご利用はできなくなり"", ""roaming_signal: 商品の説明 購入前にご注意！ 注意事項①：ご購入後、商品画像に記載されたURLにアクセスし必要事項を入力→メールアドレスにPDFの説明書とeSIMのQRコードが届きます！ 注意事項②：SIMロックフリー端末、もしくはSIMフリー端末専用のサービスです。必ず、ご利用端末がeSIM対応かどうかご確認ください。 注意事項③：eSIM対応端末のみ利用可能。※通信キャ"", ""insufficient_or_conflicting_signals(local=6, roaming=3)""], ""network_generation"": [""product_info_cellular_4g_lte: source:product_info_cellular: 携帯電話技術 LTE""], ""monthly_sold_count"": [""Amazon.co.jp: 【中国 香港 マカオ eSIM】4日間 無制限 実名登録不要 高速データ通信 低速なし 中国ネット規制対象外 Line、Youtube、GoogleなどVPNなしで利用可能 QRコード設定 メール登録で納品 即日発行対応 急ぎの方LINEサポートあり 中国sim 香港sim マカオsim : 家電＆カメラ 次に移動 メインコンテン""], ""review_count"": [""detail_page: (18)""], ""bestseller_rank"": [""Amazon 売れ筋ランキング 家電＆カメラ - 2,983位 ( 家電＆カメラの売れ筋ランキングを見る ) プリペイドSIMカード - 26位""], ""title"": [""【中国 香港 マカオ eSIM】4日間 無制限 実名登録不要 高速データ通信 低速なし 中国ネット規制対象外 Line、Youtube、GoogleなどVPNなしで利用可能 QRコード設定 メール登録で納品 即日発行対応 急ぎの方LINEサポートあり 中国sim 香港sim マカオsim""]}"
amazon_jp,mo,【香港・マカオeSIM】4日間完全無制限（使い放題） LINE相談受付中｜データ通信専用（電話番号なし） | simフリー端末のみ対応 説明書付 イーシム simless,1630,16,,,50,,110,3일,3일,4일,local,lte_4g_only,,,"{""ctm"": null, ""china_telecom_macau"": null, ""three_macau"": null}","{""skt"": null, ""kt"": null, ""lgu"": null}",unlimited,https://www.amazon.co.jp/%E3%80%90%E9%A6%99%E6%B8%AF%E3%83%BB%E3%83%9E%E3%82%AB%E3%82%AAeSIM%E3%80%914%E6%97%A5%E9%96%93%E5%AE%8C%E5%85%A8%E7%84%A1%E5%88%B6%E9%99%90%EF%BC%88%E4%BD%BF%E3%81%84%E6%94%BE%E9%A1%8C%EF%BC%89-LINE%E7%9B%B8%E8%AB%87%E5%8F%97%E4%BB%98%E4%B8%AD%EF%BD%9C%E3%83%87%E3%83%BC%E3%82%BF%E9%80%9A%E4%BF%A1%E5%B0%82%E7%94%A8%EF%BC%88%E9%9B%BB%E8%A9%B1%E7%95%AA%E5%8F%B7%E3%81%AA%E3%81%97%EF%BC%89-sim%E3%83%95%E3%83%AA%E3%83%BC%E7%AB%AF%E6%9C%AB%E3%81%AE%E3%81%BF%E5%AF%BE%E5%BF%9C-%E8%AA%AC%E6%98%8E%E6%9B%B8%E4%BB%98-simless/dp/B0DV5PQ8MB,B0DV5PQ8MB,B0DV5PQ8MB,DeSiM,DeSiMのストアを表示,"{""price_jpy"": [""￥1,630""], ""usage_validity"": [""【SKTelecoｍ公式認証】 韓国eSIM 3日間 (72時間) 電話番号付き 超高速データ無制限 最初の5分発信無料(韓国国内) お急ぎの方即時発行可(LINE相談受付中) 有効期限／ご購入日より120日以内 現地空港サポート(SKTelecomローミングセンター) SKテレコム正規品 韓国SIMカードタイプではありません""], ""activation_validity"": [""【香港・マカオeSIM】4日間完全無制限（使い放題） LINE相談受付中｜データ通信専用（電話番号なし） | simフリー端末のみ対応 説明書付 イーシム simless""], ""data_amount"": [""商品の説明 購入前の注意事項 【注意事項】 注意事項①：電話番号は付与されませんので、ご注意ください。 注意事項②：SIMロックフリー端末、もしくはSIMフリー端末専用のサービスです。必ず、ご利用端末がeSIM対応かどうかご確認ください。 注意事項③：2021年10月1日以前にSIMロック解除をキャリア店頭またはインターネットでされた「Android端末」は""], ""network_type"": [""商品の説明 購入前の注意事項 【注意事項】 注意事項①：電話番号は付与されませんので、ご注意ください。 注意事項②：SIMロックフリー端末、もしくはSIMフリー端末専用のサービスです。必ず、ご利用端末がeSIM対応かどうかご確認ください。 注意事項③：2021年10月1日以前にSIMロック解除をキャリア店頭またはインターネットでされた「Android端末」は"", ""【チョコSIM 定額（Sプラン）】【中国の電話番号付きでアプリや施設サービスのSMS認証が可能】【データ容量】合計500MB/月【音声】合計20分間/月 データ/音声/SMS付きSIMカード 中国SIM マカオSIM China unicom ※こちらのSIMカードは契約後、毎月の基本料が発生いたします。※2024年11月1日から台湾でのご利用はできなくなり"", ""score: local=9, roaming=1""], ""network_generation"": [""product_info_cellular_4g_lte: source:product_info_cellular: 携帯電話技術 LTE""], ""monthly_sold_count"": [""Amazon.co.jp: 【香港・マカオeSIM】4日間完全無制限（使い放題） LINE相談受付中｜データ通信専用（電話番号なし） | simフリー端末のみ対応 説明書付 イーシム simless : 家電＆カメラ 次に移動 メインコンテンツ この商品について この商品について この商品について 購入オプション 類似商品と比較する ビデオ レビュー キーボ""], ""review_count"": [""detail_page: (16)""], ""bestseller_rank"": [""Amazon 売れ筋ランキング 家電＆カメラ - 9,612位 ( 家電＆カメラの売れ筋ランキングを見る ) プリペイドSIMカード - 110位""], ""title"": [""【香港・マカオeSIM】4日間完全無制限（使い放題） LINE相談受付中｜データ通信専用（電話番号なし） | simフリー端末のみ対応 説明書付 イーシム simless""]}"
amazon_jp,mo,【中国 香港 マカオeSIM】4日間 高速データ通信 低速なし 完全無制限 実名登録不要 中国ネット規制対象外 使い放題｜Google LINE YouTubeなどVPNなしで利用可能｜中国 simカード 香港sim マカオsim マカオeSIM プリペイド SIM eSIM｜旅行・出張・留学｜安心サポート 5G 4G-LTE対応 当日発行可能,950,95,,,,,49,1일,1일,4일,unknown,5g_capable,,,"{""ctm"": null, ""china_telecom_macau"": null, ""three_macau"": null}","{""skt"": null, ""kt"": null, ""lgu"": null}",unlimited,https://www.amazon.co.jp/%E3%83%9E%E3%82%AB%E3%82%AAeSIM%E3%80%914%E6%97%A5%E9%96%93-%E4%B8%AD%E5%9B%BD%E3%83%8D%E3%83%83%E3%83%88%E8%A6%8F%E5%88%B6%E5%AF%BE%E8%B1%A1%E5%A4%96-%E4%BD%BF%E3%81%84%E6%94%BE%E9%A1%8C%EF%BD%9CGoogle-YouTube%E3%81%AA%E3%81%A9VPN%E3%81%AA%E3%81%97%E3%81%A7%E5%88%A9%E7%94%A8%E5%8F%AF%E8%83%BD%EF%BD%9C%E4%B8%AD%E5%9B%BD-eSIM%EF%BD%9C%E6%97%85%E8%A1%8C%E3%83%BB%E5%87%BA%E5%BC%B5%E3%83%BB%E7%95%99%E5%AD%A6%EF%BD%9C%E5%AE%89%E5%BF%83%E3%82%B5%E3%83%9D%E3%83%BC%E3%83%88/dp/B0FDG6B86T,B0FDG6B86T,B0FDG6B86T,Global Travel SIM Card,onetoneのストアを表示,"{""price_jpy"": [""￥950""], ""usage_validity"": [""【有効期限について】eSIM カードはアクティベーション前の有効期限が 365 日です。アクティベーション後の有効期間は購入した日数と一致し、24 時間を 1 日として計算されます""], ""activation_validity"": [""【中国 香港 マカオeSIM】4日間 高速データ通信 低速なし 完全無制限 実名登録不要 中国ネット規制対象外 使い放題｜Google LINE YouTubeなどVPNなしで利用可能｜中国 simカード 香港sim マカオsim マカオeSIM プリペイド SIM eSIM｜旅行・出張・留学｜安心サポート 5G 4G-LTE対応 当日発行可能""], ""data_amount"": [""Amazon.co.jp: 【中国 香港 マカオeSIM】4日間 高速データ通信 低速なし 完全無制限 実名登録不要 中国ネット規制対象外 使い放題｜Google LINE YouTubeなどVPNなしで利用可能｜中国 simカード 香港sim マカオsim マカオeSIM プリペイド SIM eSIM｜旅行・出張・留学｜安心サポート 5G 4G-LTE対応""], ""network_type"": [""local_signal: 【チョコSIM 定額（Sプラン）】【中国の電話番号付きでアプリや施設サービスのSMS認証が可能】【データ容量】合計500MB/月【音声】合計20分間/月 データ/音声/SMS付きSIMカード 中国SIM マカオSIM China unicom ※こちらのSIMカードは契約後、毎月の基本料が発生いたします。※2024年11月1日から台湾でのご利用はできなくなり"", ""roaming_signal: 商品の説明 注意事項： 1. eSIMが提供する機能とサービス 現在のeSIMはデータ通信のみサポートしており、音声通話およびSMS機能はサポートしていません。 2. スマートフォンがeSIMをサポートしているかどうかの確認方法 「通話」画面で`*#06#`を入力すると、EID情報が表示されます。これはスマートフォンがeSIMのインストールをサポートしている"", ""insufficient_or_conflicting_signals(local=6, roaming=3)""], ""network_generation"": [""product_info_cellular_5g: source:product_info_cellular: 携帯電話技術 5G, 4G LTE""], ""review_count"": [""detail_page: (95)""], ""bestseller_rank"": [""Amazon 売れ筋ランキング 家電＆カメラ - 4,882位 ( 家電＆カメラの売れ筋ランキングを見る ) プリペイドSIMカード - 49位""], ""title"": [""【中国 香港 マカオeSIM】4日間 高速データ通信 低速なし 完全無制限 実名登録不要 中国ネット規制対象外 使い放題｜Google LINE YouTubeなどVPNなしで利用可能｜中国 simカード 香港sim マカオsim マカオeSIM プリペイド SIM eSIM｜旅行・出張・留学｜安心サポート 5G 4G-LTE対応 当日発行可能""]}"
amazon_jp,mo,【中国 香港 マカオeSIM】3日間 高速データ通信 低速なし 完全無制限 実名登録不要 中国ネット規制対象外 使い放題｜Google LINE YouTubeなどVPNなしで利用可能｜中国 simカード 香港sim マカオsim マカオeSIM プリペイド SIM eSIM｜旅行・出張・留学｜安心サポート 5G 4G-LTE対応 当日発行可能,850,95,,,,,49,1일,1일,3일,unknown,5g_capable,,,"{""ctm"": null, ""china_telecom_macau"": null, ""three_macau"": null}","{""skt"": null, ""kt"": null, ""lgu"": null}",unlimited,https://www.amazon.co.jp/%E3%83%9E%E3%82%AB%E3%82%AAeSIM%E3%80%913%E6%97%A5%E9%96%93-%E4%B8%AD%E5%9B%BD%E3%83%8D%E3%83%83%E3%83%88%E8%A6%8F%E5%88%B6%E5%AF%BE%E8%B1%A1%E5%A4%96-%E4%BD%BF%E3%81%84%E6%94%BE%E9%A1%8C%EF%BD%9CGoogle-YouTube%E3%81%AA%E3%81%A9VPN%E3%81%AA%E3%81%97%E3%81%A7%E5%88%A9%E7%94%A8%E5%8F%AF%E8%83%BD%EF%BD%9C%E4%B8%AD%E5%9B%BD-eSIM%EF%BD%9C%E6%97%85%E8%A1%8C%E3%83%BB%E5%87%BA%E5%BC%B5%E3%83%BB%E7%95%99%E5%AD%A6%EF%BD%9C%E5%AE%89%E5%BF%83%E3%82%B5%E3%83%9D%E3%83%BC%E3%83%88/dp/B0FDG4RF45,B0FDG4RF45,B0FDG4RF45,Global Travel SIM Card,onetoneのストアを表示,"{""price_jpy"": [""￥850""], ""usage_validity"": [""【有効期限について】eSIM カードはアクティベーション前の有効期限が 365 日です。アクティベーション後の有効期間は購入した日数と一致し、24 時間を 1 日として計算されます""], ""activation_validity"": [""【中国 香港 マカオeSIM】3日間 高速データ通信 低速なし 完全無制限 実名登録不要 中国ネット規制対象外 使い放題｜Google LINE YouTubeなどVPNなしで利用可能｜中国 simカード 香港sim マカオsim マカオeSIM プリペイド SIM eSIM｜旅行・出張・留学｜安心サポート 5G 4G-LTE対応 当日発行可能""], ""data_amount"": [""Amazon.co.jp: 【中国 香港 マカオeSIM】3日間 高速データ通信 低速なし 完全無制限 実名登録不要 中国ネット規制対象外 使い放題｜Google LINE YouTubeなどVPNなしで利用可能｜中国 simカード 香港sim マカオsim マカオeSIM プリペイド SIM eSIM｜旅行・出張・留学｜安心サポート 5G 4G-LTE対応""], ""network_type"": [""local_signal: 【チョコSIM 定額（Sプラン）】【中国の電話番号付きでアプリや施設サービスのSMS認証が可能】【データ容量】合計500MB/月【音声】合計20分間/月 データ/音声/SMS付きSIMカード 中国SIM マカオSIM China unicom ※こちらのSIMカードは契約後、毎月の基本料が発生いたします。※2024年11月1日から台湾でのご利用はできなくなり"", ""roaming_signal: 商品の説明 注意事項： 1. eSIMが提供する機能とサービス 現在のeSIMはデータ通信のみサポートしており、音声通話およびSMS機能はサポートしていません。 2. スマートフォンがeSIMをサポートしているかどうかの確認方法 「通話」画面で`*#06#`を入力すると、EID情報が表示されます。これはスマートフォンがeSIMのインストールをサポートしている"", ""insufficient_or_conflicting_signals(local=6, roaming=3)""], ""network_generation"": [""product_info_cellular_5g: source:product_info_cellular: 携帯電話技術 5G, 4G LTE""], ""review_count"": [""detail_page: (95)""], ""bestseller_rank"": [""Amazon 売れ筋ランキング 家電＆カメラ - 4,882位 ( 家電＆カメラの売れ筋ランキングを見る ) プリペイドSIMカード - 49位""], ""title"": [""【中国 香港 マカオeSIM】3日間 高速データ通信 低速なし 完全無制限 実名登録不要 中国ネット規制対象外 使い放題｜Google LINE YouTubeなどVPNなしで利用可能｜中国 simカード 香港sim マカオsim マカオeSIM プリペイド SIM eSIM｜旅行・出張・留学｜安心サポート 5G 4G-LTE対応 当日発行可能""]}"
amazon_jp,mo,【Almond SIM】中国本土・香港・マカオ対応 プリペイドSIMカード 7日間 10GB高速データ＋無制限低速データ 中国ネット規制対象外 Google/LINE/YouTube利用可 24時間多言語サポート 5G/4G対応 (7日間10GB高速データ),1380,19,,,,,217,7일,7일,,unknown,5g_capable,,,"{""ctm"": true, ""china_telecom_macau"": null, ""three_macau"": null}","{""skt"": null, ""kt"": null, ""lgu"": null}",10GB,https://www.amazon.co.jp/SIM%E3%80%91%E4%B8%AD%E5%9B%BD%E6%9C%AC%E5%9C%9F%E3%83%BB%E9%A6%99%E6%B8%AF%E3%83%BB%E3%83%9E%E3%82%AB%E3%82%AA%E5%AF%BE%E5%BF%9C-%E3%83%97%E3%83%AA%E3%83%9A%E3%82%A4%E3%83%89SIM%E3%82%AB%E3%83%BC%E3%83%89-10GB%E9%AB%98%E9%80%9F%E3%83%87%E3%83%BC%E3%82%BF%EF%BC%8B%E7%84%A1%E5%88%B6%E9%99%90%E4%BD%8E%E9%80%9F%E3%83%87%E3%83%BC%E3%82%BF-24%E6%99%82%E9%96%93%E5%A4%9A%E8%A8%80%E8%AA%9E%E3%82%B5%E3%83%9D%E3%83%BC%E3%83%88-7%E6%97%A5%E9%96%9310GB%E9%AB%98%E9%80%9F%E3%83%87%E3%83%BC%E3%82%BF/dp/B0FT7DH8PW,B0FT7DH8PW,B0FT7DH8PW,株式会社ビッグコネクト,bigconnectのストアを表示,"{""price_jpy"": [""￥1,380""], ""usage_validity"": [""【Almond SIM】中国本土・香港・マカオ対応 プリペイドSIMカード 7日間 10GB高速データ＋無制限低速データ 中国ネット規制対象外 Google/LINE/YouTube利用可 24時間多言語サポート 5G/4G対応 (7日間10GB高速データ)""], ""data_amount"": [""【データプラン】 データ通信専用プリペイドSIM。中国大陸・香港・マカオで利用可能。利用開始から7日間で合計10GBの高速データ通信が可能。10GBを超過した場合も、128kbps以下にならない低速通信が無制限でご利用いただけます。本人確認やSIM登録は不要です。""], ""network_type"": [""roaming_signal: 【中国ネット規制なし】 中国本土では香港回線をローミング利用するため、中国政府のネット規制対象外となります。これにより、Google、LINE、Facebook、Twitter、YouTube、InstagramなどのサービスをVPN不要でご利用いただけます。キャリア：中国：中国電信（China Telecom）／香港：3HK／マカオ：CTM。"", ""insufficient_or_conflicting_signals(local=0, roaming=1)""], ""network_generation"": [""product_info_cellular_5g: source:product_info_cellular: 携帯電話技術 5G 4G-Lte""], ""carrier_support_local"": [""CTM: 【中国ネット規制なし】 中国本土では香港回線をローミング利用するため、中国政府のネット規制対象外となります。これにより、Google、LINE、Facebook、Twitter、YouTube、InstagramなどのサービスをVPN不要でご利用いただけます。キャリア：中国：中国電信（China T"", ""CTM: サービスプロバイダ 中国：China Telecom 香港：3HK マカオ: CTM""], ""review_count"": [""detail_page: (19)""], ""bestseller_rank"": [""Amazon 売れ筋ランキング 家電＆カメラ - 17,943位 ( 家電＆カメラの売れ筋ランキングを見る ) プリペイドSIMカード - 217位""], ""title"": [""【Almond SIM】中国本土・香港・マカオ対応 プリペイドSIMカード 7日間 10GB高速データ＋無制限低速データ 中国ネット規制対象外 Google/LINE/YouTube利用可 24時間多言語サポート 5G/4G対応 (7日間10GB高速データ)""]}"
amazon_jp,mo,中国eSIM｜4日間 高速データ無制限｜中国本土・香港・マカオ対応｜VPN付き LINE・YouTube・Google利用可｜4G/5G 即日発行可能,1512,41,,,50,,62,1일,1일,4일,unknown,5g_capable,,,"{""ctm"": null, ""china_telecom_macau"": null, ""three_macau"": null}","{""skt"": null, ""kt"": null, ""lgu"": null}",unlimited,https://www.amazon.co.jp/%E4%B8%AD%E5%9B%BDeSIM%EF%BD%9C%E4%B8%AD%E5%9B%BD%E6%9C%AC%E5%9C%9F%E3%83%BB%E9%A6%99%E6%B8%AF%E3%83%BB%E3%83%9E%E3%82%AB%E3%82%AA%E5%AF%BE%E5%BF%9C%EF%BD%9C4%E6%97%A5%E9%96%93-%E9%AB%98%E9%80%9F%E3%83%87%E3%83%BC%E3%82%BF%E7%84%A1%E5%88%B6%E9%99%90%EF%BD%9CVPN%E4%BB%98%E3%81%8D-LINE%E3%83%BBYouTube%E3%83%BBGoogle%E5%88%A9%E7%94%A8%E5%8F%AF%EF%BD%9C4G-%E5%8D%B3%E6%97%A5%E7%99%BA%E8%A1%8C%E5%8F%AF%E8%83%BD%EF%BC%88eSIM-4%E6%97%A5%E9%96%93%EF%BC%89/dp/B0CXXGTT6J,B0CXXGTT6J,B0CXXGTT6J,mewmewホーム eSIM,ＭＥＷＭＥＷホームのストアを表示,"{""price_jpy"": [""￥1,512""], ""usage_validity"": [""【有効期限】eSIMのQRコード発行日より90日間です。期限内に利用を開始してください。なお、利用日数は24時間を1日として計算されます。""], ""activation_validity"": [""中国eSIM｜4日間 高速データ無制限｜中国本土・香港・マカオ対応｜VPN付き LINE・YouTube・Google利用可｜4G/5G 即日発行可能""], ""data_amount"": [""【無制限・高速データ通信】中国本土・マカオ：中華電信 香港：CSL 5G /4G/LTEに対応し、高速データ通信は完全無制限となります。""], ""network_type"": [""local_signal: 【チョコSIM 定額（Sプラン）】【中国の電話番号付きでアプリや施設サービスのSMS認証が可能】【データ容量】合計500MB/月【音声】合計20分間/月 データ/音声/SMS付きSIMカード 中国SIM マカオSIM China unicom ※こちらのSIMカードは契約後、毎月の基本料が発生いたします。※2024年11月1日から台湾でのご利用はできなくなり"", ""roaming_signal: 【設定簡単】日本国内で事前にeSIMの設定が可能です。現地に到着後、モバイルデータ通信をeSIMに切り替え、データローミングをオンにするだけで利用可能。"", ""insufficient_or_conflicting_signals(local=6, roaming=3)""], ""network_generation"": [""product_info_cellular_5g: source:product_info_cellular: 携帯電話技術 5G,4G""], ""monthly_sold_count"": [""Amazon.co.jp: 中国eSIM｜4日間 高速データ無制限｜中国本土・香港・マカオ対応｜VPN付き LINE・YouTube・Google利用可｜4G/5G 即日発行可能 : 家電＆カメラ 次に移動 メインコンテンツ この商品について この商品について この商品について 購入オプション 類似商品と比較する ビデオ レビュー キーボードショートカット ""], ""review_count"": [""detail_page: (41)""], ""bestseller_rank"": [""Amazon 売れ筋ランキング 家電＆カメラ - 5,842位 ( 家電＆カメラの売れ筋ランキングを見る ) プリペイドSIMカード - 62位""], ""title"": [""中国eSIM｜4日間 高速データ無制限｜中国本土・香港・マカオ対応｜VPN付き LINE・YouTube・Google利用可｜4G/5G 即日発行可能""]}"
amazon_jp,mo,【香港・マカオ eSIM】3日間完全無制限 （低速なし）DeSiM正規卸 | LINE相談受付中 |データ通信専用（電話番号なし） simフリー端末のみ対応 説明書付 イーシム(eSIM|3日完全無制限香港ﾏｶｵ) DeSiM,2120,53,,,,,204,3일,3일,7일,local,lte_4g_only,,,"{""ctm"": null, ""china_telecom_macau"": null, ""three_macau"": null}","{""skt"": null, ""kt"": null, ""lgu"": null}",unlimited,https://www.amazon.co.jp/eSIM%E3%80%913%E6%97%A5%E9%96%93%E5%AE%8C%E5%85%A8%E7%84%A1%E5%88%B6%E9%99%90-%EF%BC%88%E4%BD%8E%E9%80%9F%E3%81%AA%E3%81%97%EF%BC%89DeSiM%E6%AD%A3%E8%A6%8F%E5%8D%B8-%E3%83%87%E3%83%BC%E3%82%BF%E9%80%9A%E4%BF%A1%E5%B0%82%E7%94%A8%EF%BC%88%E9%9B%BB%E8%A9%B1%E7%95%AA%E5%8F%B7%E3%81%AA%E3%81%97%EF%BC%89-sim%E3%83%95%E3%83%AA%E3%83%BC%E7%AB%AF%E6%9C%AB%E3%81%AE%E3%81%BF%E5%AF%BE%E5%BF%9C-eSIM/dp/B0CTR26B2R,B0CTR26B2R,B0CTR26B2R,DeSiM,DeSiMのストアを表示,"{""price_jpy"": [""￥2,120""], ""usage_validity"": [""【香港・マカオ eSIM】3日間完全無制限 （低速なし）DeSiM正規卸 | LINE相談受付中 |データ通信専用（電話番号なし） simフリー端末のみ対応 説明書付 イーシム(eSIM|3日完全無制限香港ﾏｶｵ) DeSiM""], ""activation_validity"": [""大中華区SIMカード-中国、香港、マカオ、台湾向けプリペイドデータプラン｜2 GB毎日データ、7日有効期限｜高速4/5 G LTE｜旅行者に最適""], ""data_amount"": [""商品の説明 購入前の注意事項 【注意事項】 注意事項①：電話番号は付与されませんので、ご注意ください。 注意事項②：SIMロックフリー端末、もしくはSIMフリー端末専用のサービスです。必ず、ご利用端末がeSIM対応かどうかご確認ください。 注意事項③：2021年10月1日以前にSIMロック解除をキャリア店頭またはインターネットでされた「Android端末」は""], ""network_type"": [""商品の説明 購入前の注意事項 【注意事項】 注意事項①：電話番号は付与されませんので、ご注意ください。 注意事項②：SIMロックフリー端末、もしくはSIMフリー端末専用のサービスです。必ず、ご利用端末がeSIM対応かどうかご確認ください。 注意事項③：2021年10月1日以前にSIMロック解除をキャリア店頭またはインターネットでされた「Android端末」は"", ""【チョコSIM 定額（Sプラン）】【中国の電話番号付きでアプリや施設サービスのSMS認証が可能】【データ容量】合計500MB/月【音声】合計20分間/月 データ/音声/SMS付きSIMカード 中国SIM マカオSIM China unicom ※こちらのSIMカードは契約後、毎月の基本料が発生いたします。※2024年11月1日から台湾でのご利用はできなくなり"", ""score: local=9, roaming=1""], ""network_generation"": [""product_info_cellular_4g_lte: source:product_info_cellular: 携帯電話技術 LTE""], ""review_count"": [""detail_page: (53)""], ""bestseller_rank"": [""Amazon 売れ筋ランキング 家電＆カメラ - 16,457位 ( 家電＆カメラの売れ筋ランキングを見る ) プリペイドSIMカード - 204位""], ""title"": [""【香港・マカオ eSIM】3日間完全無制限 （低速なし）DeSiM正規卸 | LINE相談受付中 |データ通信専用（電話番号なし） simフリー端末のみ対応 説明書付 イーシム(eSIM|3日完全無制限香港ﾏｶｵ) DeSiM""]}"
amazon_jp,mo,【Almond eSIM】香港 マカオ eSIMプラン 5日間 完全無制限 4G-LTE 高速データ 使い放題 当日発行可能 出発前日本テスト用eSIM500MB 香港 マカオ プリペイドSIM 香港 esim 香港 マカオsim (5日間完全無制限),1880,308,,,,,64,5일,5일,7일,local,5g_capable,,,"{""ctm"": true, ""china_telecom_macau"": null, ""three_macau"": null}","{""skt"": null, ""kt"": null, ""lgu"": null}",unlimited,https://www.amazon.co.jp/ESIM%E3%83%97%E3%83%A9%E3%83%B3-4G-LTE-%E5%BD%93%E6%97%A5%E7%99%BA%E8%A1%8C%E5%8F%AF%E8%83%BD-%E3%83%97%E3%83%AA%E3%83%9A%E3%82%A4%E3%83%89SIM-5%E6%97%A5%E9%96%93%E5%AE%8C%E5%85%A8%E7%84%A1%E5%88%B6%E9%99%90/dp/B0CPY278Q9,B0CPY278Q9,B0CPY278Q9,株式会社ビッグコネクト,bigconnectのストアを表示,"{""price_jpy"": [""￥1,880""], ""usage_validity"": [""【Almond eSIM】香港 マカオ eSIMプラン 5日間 完全無制限 4G-LTE 高速データ 使い放題 当日発行可能 出発前日本テスト用eSIM500MB 香港 マカオ プリペイドSIM 香港 esim 香港 マカオsim (5日間完全無制限)""], ""activation_validity"": [""大中華区SIMカード-中国、香港、マカオ、台湾向けプリペイドデータプラン｜2 GB毎日データ、7日有効期限｜高速4/5 G LTE｜旅行者に最適""], ""data_amount"": [""【高速データ完全無制限】 通信専用eSIMになります。※データ容量無制限。高速データ使い放題。有効期限は、メールでのQRコード発行後1カ月です。""], ""network_type"": [""【現地キャリア利用】香港 マカオで使用できるeSIM、香港 マカオ渡航スケジュールに対応する手軽なeSIMカード。キャリア：香港：Smartone、HKT、3 マカオ:CTM ，香港 マカオでは信号が広く、ネットワークが安定し、速度が速いです。eSIMのsimカードはプリペイドsimカードと違って、挿入作業不要(iPhone・androidともeSIMのQR"", ""【チョコSIM 定額（Sプラン）】【中国の電話番号付きでアプリや施設サービスのSMS認証が可能】【データ容量】合計500MB/月【音声】合計20分間/月 データ/音声/SMS付きSIMカード 中国SIM マカオSIM China unicom ※こちらのSIMカードは契約後、毎月の基本料が発生いたします。※2024年11月1日から台湾でのご利用はできなくなり"", ""score: local=9, roaming=0""], ""network_generation"": [""product_info_cellular_5g: source:product_info_cellular: 携帯電話技術 5G LTE""], ""carrier_support_local"": [""CTM: 【現地キャリア利用】香港 マカオで使用できるeSIM、香港 マカオ渡航スケジュールに対応する手軽なeSIMカード。キャリア：香港：Smartone、HKT、3 マカオ:CTM ，香港 マカオでは信号が広く、ネットワークが安定し、速度が速いです。eSIMのsimカードはプリペイドsimカードと違って、"", ""CTM: サービスプロバイダ Smartone, HKT, 3, CTM""], ""review_count"": [""detail_page: (308)""], ""bestseller_rank"": [""Amazon 売れ筋ランキング 家電＆カメラ - 5,749位 ( 家電＆カメラの売れ筋ランキングを見る ) プリペイドSIMカード - 64位""], ""title"": [""【Almond eSIM】香港 マカオ eSIMプラン 5日間 完全無制限 4G-LTE 高速データ 使い放題 当日発行可能 出発前日本テスト用eSIM500MB 香港 マカオ プリペイドSIM 香港 esim 香港 マカオsim (5日間完全無制限)""]}"
amazon_jp,mo,【中国 香港 マカオeSIM】4日間 高速データ通信使い放題 4G/5G対応 データ通信専用,1450,35,,,,,551,3일,3일,4일,local,5g_capable,,,"{""ctm"": null, ""china_telecom_macau"": null, ""three_macau"": null}","{""skt"": null, ""kt"": null, ""lgu"": null}",unlimited,https://www.amazon.co.jp/%E3%83%9E%E3%82%AB%E3%82%AAeSIM%E3%80%914%E6%97%A5%E9%96%93-%E9%AB%98%E9%80%9F%E3%83%87%E3%83%BC%E3%82%BF%E9%80%9A%E4%BF%A1%E4%BD%BF%E3%81%84%E6%94%BE%E9%A1%8C-%E3%83%87%E3%83%BC%E3%82%BF%E9%80%9A%E4%BF%A1%E5%B0%82%E7%94%A8%EF%BC%88%E9%9B%BB%E8%A9%B1%E7%95%AA%E5%8F%B7%E3%81%AA%E3%81%97%EF%BC%89%E5%BD%93%E6%97%A5%E4%BA%88%E7%B4%84%E5%8F%AF-eSIM%E6%83%85%E5%A0%B1%E3%81%99%E3%81%90%E5%8F%97%E5%8F%96%E5%8F%AF-mewfi/dp/B0F6SXP3RV,B0F6SXP3RV,B0F6SXP3RV,Mewfi 正規販売店,mewfiのストアを表示,"{""price_jpy"": [""￥1,450""], ""usage_validity"": [""【SKTelecoｍ公式認証】 韓国eSIM 3日間 (72時間) 電話番号付き 超高速データ無制限 最初の5分発信無料(韓国国内) お急ぎの方即時発行可(LINE相談受付中) 有効期限／ご購入日より120日以内 現地空港サポート(SKTelecomローミングセンター) SKテレコム正規品 韓国SIMカードタイプではありません""], ""activation_validity"": [""【中国 香港 マカオeSIM】4日間 高速データ通信使い放題 4G/5G対応 データ通信専用""], ""data_amount"": [""【中国 香港 マカオeSIM】4日間 高速データ通信使い放題 4G/5G対応 データ通信専用 | 当日予約可 eSIM情報すぐ受取可 詳しい説明書付き 中国eSIM 香港eSIM マカオeSIM mewfiがプリペイド電話カードストアでいつでもお買い得。当日お急ぎ便対象商品は、当日お届け可能です。アマゾン配送商品は、通常配送無料（一部除く）。""], ""network_type"": [""【チョコSIM 定額（Sプラン）】【中国の電話番号付きでアプリや施設サービスのSMS認証が可能】【データ容量】合計500MB/月【音声】合計20分間/月 データ/音声/SMS付きSIMカード 中国SIM マカオSIM China unicom ※こちらのSIMカードは契約後、毎月の基本料が発生いたします。※2024年11月1日から台湾でのご利用はできなくなり"", ""【SKTelecoｍ公式認証】 韓国eSIM 3日間 (72時間) 電話番号付き 超高速データ無制限 最初の5分発信無料(韓国国内) お急ぎの方即時発行可(LINE相談受付中) 有効期限／ご購入日より120日以内 現地空港サポート(SKTelecomローミングセンター) SKテレコム正規品 韓国SIMカードタイプではありません"", ""score: local=6, roaming=0""], ""network_generation"": [""product_info_cellular_5g: source:product_info_cellular: 携帯電話技術 5G""], ""review_count"": [""detail_page: (35)""], ""bestseller_rank"": [""Amazon 売れ筋ランキング 家電＆カメラ - 48,798位 ( 家電＆カメラの売れ筋ランキングを見る ) プリペイドSIMカード - 551位""], ""title"": [""【中国 香港 マカオeSIM】4日間 高速データ通信使い放題 4G/5G対応 データ通信専用""]}"
amazon_jp,mo,【中国 香港 マカオeSIM】5日間 高速データ通信 低速なし 完全無制限 実名登録不要 中国ネット規制対象外 使い放題｜Google LINE YouTubeなどVPNなしで利用可能｜中国 simカード 香港sim マカオsim マカオeSIM プリペイド SIM eSIM｜旅行・出張・留学｜安心サポート 5G 4G-LTE対応 当日発行可能,1150,95,,,,,56,1일,1일,5일,unknown,5g_capable,,,"{""ctm"": null, ""china_telecom_macau"": null, ""three_macau"": null}","{""skt"": null, ""kt"": null, ""lgu"": null}",unlimited,https://www.amazon.co.jp/%E3%83%9E%E3%82%AB%E3%82%AAeSIM%E3%80%915%E6%97%A5%E9%96%93-%E4%B8%AD%E5%9B%BD%E3%83%8D%E3%83%83%E3%83%88%E8%A6%8F%E5%88%B6%E5%AF%BE%E8%B1%A1%E5%A4%96-%E4%BD%BF%E3%81%84%E6%94%BE%E9%A1%8C%EF%BD%9CGoogle-YouTube%E3%81%AA%E3%81%A9VPN%E3%81%AA%E3%81%97%E3%81%A7%E5%88%A9%E7%94%A8%E5%8F%AF%E8%83%BD%EF%BD%9C%E4%B8%AD%E5%9B%BD-eSIM%EF%BD%9C%E6%97%85%E8%A1%8C%E3%83%BB%E5%87%BA%E5%BC%B5%E3%83%BB%E7%95%99%E5%AD%A6%EF%BD%9C%E5%AE%89%E5%BF%83%E3%82%B5%E3%83%9D%E3%83%BC%E3%83%88/dp/B0FDG83FHW,B0FDG83FHW,B0FDG83FHW,Global Travel SIM Card,onetoneのストアを表示,"{""price_jpy"": [""￥1,150""], ""usage_validity"": [""【有効期限について】eSIM カードはアクティベーション前の有効期限が 365 日です。アクティベーション後の有効期間は購入した日数と一致し、24 時間を 1 日として計算されます""], ""activation_validity"": [""【中国 香港 マカオeSIM】5日間 高速データ通信 低速なし 完全無制限 実名登録不要 中国ネット規制対象外 使い放題｜Google LINE YouTubeなどVPNなしで利用可能｜中国 simカード 香港sim マカオsim マカオeSIM プリペイド SIM eSIM｜旅行・出張・留学｜安心サポート 5G 4G-LTE対応 当日発行可能""], ""data_amount"": [""Amazon.co.jp: 【中国 香港 マカオeSIM】5日間 高速データ通信 低速なし 完全無制限 実名登録不要 中国ネット規制対象外 使い放題｜Google LINE YouTubeなどVPNなしで利用可能｜中国 simカード 香港sim マカオsim マカオeSIM プリペイド SIM eSIM｜旅行・出張・留学｜安心サポート 5G 4G-LTE対応""], ""network_type"": [""local_signal: 【チョコSIM 定額（Sプラン）】【中国の電話番号付きでアプリや施設サービスのSMS認証が可能】【データ容量】合計500MB/月【音声】合計20分間/月 データ/音声/SMS付きSIMカード 中国SIM マカオSIM China unicom ※こちらのSIMカードは契約後、毎月の基本料が発生いたします。※2024年11月1日から台湾でのご利用はできなくなり"", ""roaming_signal: 商品の説明 注意事項： 1. eSIMが提供する機能とサービス 現在のeSIMはデータ通信のみサポートしており、音声通話およびSMS機能はサポートしていません。 2. スマートフォンがeSIMをサポートしているかどうかの確認方法 「通話」画面で`*#06#`を入力すると、EID情報が表示されます。これはスマートフォンがeSIMのインストールをサポートしている"", ""insufficient_or_conflicting_signals(local=6, roaming=3)""], ""network_generation"": [""product_info_cellular_5g: source:product_info_cellular: 携帯電話技術 5G, 4G LTE""], ""review_count"": [""detail_page: (95)""], ""bestseller_rank"": [""Amazon 売れ筋ランキング 家電＆カメラ - 4,965位 ( 家電＆カメラの売れ筋ランキングを見る ) プリペイドSIMカード - 56位""], ""title"": [""【中国 香港 マカオeSIM】5日間 高速データ通信 低速なし 完全無制限 実名登録不要 中国ネット規制対象外 使い放題｜Google LINE YouTubeなどVPNなしで利用可能｜中国 simカード 香港sim マカオsim マカオeSIM プリペイド SIM eSIM｜旅行・出張・留学｜安心サポート 5G 4G-LTE対応 当日発行可能""]}"
amazon_jp,mo,中国 香港 マカオ SIMカード 4日間 データ使い放題 4GBまで高速 Jet Sim 物理SIM 無制限 4日 ジェットシム,1242,14,,,,,521,4일,4일,7일,local,5g_capable,,,"{""ctm"": true, ""china_telecom_macau"": null, ""three_macau"": null}","{""skt"": null, ""kt"": null, ""lgu"": null}",1GB/day,https://www.amazon.co.jp/SIM%E3%82%AB%E3%83%BC%E3%83%89-4%E6%97%A5%E9%96%93-%E3%83%87%E3%83%BC%E3%82%BF%E4%BD%BF%E3%81%84%E6%94%BE%E9%A1%8C-4GB%E3%81%BE%E3%81%A7%E9%AB%98%E9%80%9F-%E3%82%B8%E3%82%A7%E3%83%83%E3%83%88%E3%82%B7%E3%83%A0/dp/B0DMVRQ875,B0DMVRQ875,B0DMVRQ875,ジェスロモバイル,JETSIMのストアを表示,"{""price_jpy"": [""￥1,242""], ""usage_validity"": [""中国 香港 マカオ SIMカード 4日間 データ使い放題 4GBまで高速 Jet Sim 物理SIM 無制限 4日 ジェットシム""], ""activation_validity"": [""大中華区SIMカード-中国、香港、マカオ、台湾向けプリペイドデータプラン｜2 GB毎日データ、7日有効期限｜高速4/5 G LTE｜旅行者に最適""], ""data_amount"": [""【データ無制限】中国・香港・マカオで4日間 5G/4G-LTE 高速データ4GB、その後2G速度で使い放題。テザリング対応。高速データ1日1GBまで。""], ""network_type"": [""【T-Mobile純正品】eSIM版 アメリカ ハワイ SIM 7日間【使い放題】【電話番号付き】5G/4G-LTE 高速データ通信/通話/SMS/テザリング 【アメリカ ハワイ 無制限】 プリペイド SIMカード T-Mobile esim 7days"", ""【チョコSIM 定額（Sプラン）】【中国の電話番号付きでアプリや施設サービスのSMS認証が可能】【データ容量】合計500MB/月【音声】合計20分間/月 データ/音声/SMS付きSIMカード 中国SIM マカオSIM China unicom ※こちらのSIMカードは契約後、毎月の基本料が発生いたします。※2024年11月1日から台湾でのご利用はできなくなり"", ""score: local=9, roaming=0""], ""network_generation"": [""product_info_cellular_5g: source:product_info_cellular: 携帯電話技術 LTE, 5G"", ""product_info_cellular_4g_lte_signal_present_but_5g_capable_takes_precedence""], ""carrier_support_local"": [""CTM: 【高品質回線】 大手通信キャリア回線を使用。広範囲で安定した快適な通信を提供。中国：中国聯通（China Unicom）回線。香港：3HK回線。マカオ：CTM回線。"", ""CTM: サービスプロバイダ 中国聯通、3HK、CTM""], ""review_count"": [""detail_page: (14)""], ""bestseller_rank"": [""Amazon 売れ筋ランキング 家電＆カメラ - 45,448位 ( 家電＆カメラの売れ筋ランキングを見る ) プリペイドSIMカード - 521位""], ""title"": [""中国 香港 マカオ SIMカード 4日間 データ使い放題 4GBまで高速 Jet Sim 物理SIM 無制限 4日 ジェットシム""]}"
amazon_jp,mo,【中国SIMカード】7日間 5GB高速データ通信＋低速無制限｜中国・香港・マカオ対応｜中国本土でもGoogle・LINE・YouTube利用可能｜24時間サポート｜中国本土 プリペイドSIM 中国 sim (7日間｜5GB),1080,2,,,,,336,7일,7일,7일,roaming,5g_capable,,,"{""ctm"": true, ""china_telecom_macau"": null, ""three_macau"": null}","{""skt"": null, ""kt"": null, ""lgu"": null}",5GB,https://www.amazon.co.jp/%E3%80%90%E4%B8%AD%E5%9B%BDSIM%E3%82%AB%E3%83%BC%E3%83%89%E3%80%917%E6%97%A5%E9%96%93-5GB%E9%AB%98%E9%80%9F%E3%83%87%E3%83%BC%E3%82%BF%E9%80%9A%E4%BF%A1%EF%BC%8B%E4%BD%8E%E9%80%9F%E7%84%A1%E5%88%B6%E9%99%90%EF%BD%9C%E4%B8%AD%E5%9B%BD%E3%83%BB%E9%A6%99%E6%B8%AF%E3%83%BB%E3%83%9E%E3%82%AB%E3%82%AA%E5%AF%BE%E5%BF%9C%EF%BD%9C%E4%B8%AD%E5%9B%BD%E6%9C%AC%E5%9C%9F%E3%81%A7%E3%82%82Google%E3%83%BBLINE%E3%83%BBYouTube%E5%88%A9%E7%94%A8%E5%8F%AF%E8%83%BD%EF%BD%9C24%E6%99%82%E9%96%93%E3%82%B5%E3%83%9D%E3%83%BC%E3%83%88%EF%BD%9C%E4%B8%AD%E5%9B%BD%E6%9C%AC%E5%9C%9F-%E3%83%97%E3%83%AA%E3%83%9A%E3%82%A4%E3%83%89SIM-sim-7%E6%97%A5%E9%96%93%EF%BD%9C5GB/dp/B0FPR8JCB1,B0FPR8JCB1,B0FPR8JCB1,Global Simcard,アーモンド　ＳＩｍ　ｃａｒｄのストアを表示,"{""price_jpy"": [""￥1,080""], ""usage_validity"": [""【中国SIMカード】7日間 5GB高速データ通信＋低速無制限｜中国・香港・マカオ対応｜中国本土でもGoogle・LINE・YouTube利用可能｜24時間サポート｜中国本土 プリペイドSIM 中国 sim (7日間｜5GB)""], ""activation_validity"": [""⭐【高速データ通信】中国本土・香港・マカオ対応。7日間で合計5GBまで4G/5G高速通信が利用可能。超過後も128kbpsで通信継続でき、低速無制限で安心。 ⭐【中国ネット制限なし】香港ローミング接続で中国政府の規制対象外。Google、LINE、YouTube、SNSなど主要アプリがVPN不要で利用可能。本人確認も不要です。 ⭐【有効期限】未使用なら購入か""], ""data_amount"": [""⭐【高速データ通信】中国本土・香港・マカオ対応。7日間で合計5GBまで4G/5G高速通信が利用可能。超過後も128kbpsで通信継続でき、低速無制限で安心。""], ""network_type"": [""⭐【中国ネット制限なし】香港ローミング接続で中国政府の規制対象外。Google、LINE、YouTube、SNSなど主要アプリがVPN不要で利用可能。本人確認も不要です。"", ""⭐【高速データ通信】中国本土・香港・マカオ対応。7日間で合計5GBまで4G/5G高速通信が利用可能。超過後も128kbpsで通信継続でき、低速無制限で安心。 ⭐【中国ネット制限なし】香港ローミング接続で中国政府の規制対象外。Google、LINE、YouTube、SNSなど主要アプリがVPN不要で利用可能。本人確認も不要です。 ⭐【有効期限】未使用なら購入か"", ""score: local=0, roaming=3""], ""network_generation"": [""product_info_cellular_5g: source:product_info_cellular: 携帯電話技術 5G/4G-LTE""], ""carrier_support_local"": [""CTM: ⭐【対応キャリア】中国本土：中国電信（China Telecom）、香港：3HK、マカオ：CTM。中華圏への渡航に幅広く対応。"", ""CTM: ⭐【高速データ通信】中国本土・香港・マカオ対応。7日間で合計5GBまで4G/5G高速通信が利用可能。超過後も128kbpsで通信継続でき、低速無制限で安心。 ⭐【中国ネット制限なし】香港ローミング接続で中国政府の規制対象外。Google、LINE、YouTube、SNSなど主要アプリがVPN不要で利"", ""CTM: サービスプロバイダ China Telecom/3HK /CTM"", ""CTM: Amazon.co.jp: 【中国SIMカード】7日間 5GB高速データ通信＋低速無制限｜中国・香港・マカオ対応｜中国本土でもGoogle・LINE・YouTube利用可能｜24時間サポート｜中国本土 プリペイドSIM 中国 sim (7日間｜5GB) : 家電＆カメラ 次に移動 メインコンテンツ ""], ""review_count"": [""detail_page: (2)""], ""bestseller_rank"": [""Amazon 売れ筋ランキング 家電＆カメラ - 26,599位 ( 家電＆カメラの売れ筋ランキングを見る ) プリペイドSIMカード - 336位""], ""title"": [""【中国SIMカード】7日間 5GB高速データ通信＋低速無制限｜中国・香港・マカオ対応｜中国本土でもGoogle・LINE・YouTube利用可能｜24時間サポート｜中国本土 プリペイドSIM 中国 sim (7日間｜5GB)""]}"
amazon_jp,mo,【中国 香港 マカオSIM】5日間 10GB高速データ通信 低速使い放題 TikTok利用可能 データ通信専用,1680,12,,,,,567,1일,1일,5일,local,5g_capable,,,"{""ctm"": null, ""china_telecom_macau"": null, ""three_macau"": null}","{""skt"": null, ""kt"": null, ""lgu"": null}",10GB,https://www.amazon.co.jp/%E3%83%9E%E3%82%AB%E3%82%AASIM%E3%80%915%E6%97%A5%E9%96%93-10GB%E9%AB%98%E9%80%9F%E3%83%87%E3%83%BC%E3%82%BF%E9%80%9A%E4%BF%A1-TikTok%E5%88%A9%E7%94%A8%E5%8F%AF%E8%83%BD-%E3%83%97%E3%83%AA%E3%83%9A%E3%82%A4%E3%83%89SIM%E3%82%AB%E3%83%BC%E3%83%89-mewfi/dp/B0FKM2946G,B0FKM2946G,B0FKM2946G,Mewfi 正規販売店,mewfiのストアを表示,"{""price_jpy"": [""￥1,680""], ""usage_validity"": [""【有効期限】本SIMカードの有効期限は2026年12月31日まで（定期的に更新）です。現地ネットワークに接続した時点から24時間を1日としてカウントされます。""], ""activation_validity"": [""【中国 香港 マカオSIM】5日間 10GB高速データ通信 低速使い放題 TikTok利用可能 データ通信専用""], ""data_amount"": [""【高速データ通信】中国本土・香港・マカオで利用可能な5日間有効のプリペイドSIMカードです。期間中は合計10GBまで高速通信が可能で、上限を超えた後も128kbpsの低速通信で継続利用が可能です。""], ""network_type"": [""【ベトナムSIMカード】4日間 高速データ通信 無制限(速度低下なし) データ通信専用 4G/5G対応 ベトナム現地通信回線 mewfi"", ""【ベトナムSIMカード】4日間 高速データ通信 無制限(速度低下なし) データ通信専用 4G/5G対応 ベトナム現地通信回線 mewfi"", ""score: local=6, roaming=1""], ""network_generation"": [""product_info_cellular_5g: source:product_info_cellular: 携帯電話技術 4G/5G"", ""product_info_cellular_4g_lte_signal_present_but_5g_capable_takes_precedence""], ""review_count"": [""detail_page: (12)""], ""bestseller_rank"": [""Amazon 売れ筋ランキング 家電＆カメラ - 50,015位 ( 家電＆カメラの売れ筋ランキングを見る ) プリペイドSIMカード - 567位""], ""title"": [""【中国 香港 マカオSIM】5日間 10GB高速データ通信 低速使い放題 TikTok利用可能 データ通信専用""]}"
amazon_jp,mo,【中国本土eSIM】香港とマカオでも利用可能 5日間 5GB 定番プラン データ通信専用（電話番号なし） 5G/4G-LTE対応 中国でもGoogle、LINE、YouTubeをVPNなしで利用可能 説明書付き LINEで24時間サポート 香港 マカオ 中国SIM MEWMEWホーム (5日間 5GB),1080,9,,,,,1021,5일,5일,7일,local,5g_capable,,,"{""ctm"": null, ""china_telecom_macau"": null, ""three_macau"": null}","{""skt"": null, ""kt"": null, ""lgu"": null}",5GB,https://www.amazon.co.jp/%E3%80%90%E4%B8%AD%E5%9B%BD%E6%9C%AC%E5%9C%9FeSIM%E3%80%91%E9%A6%99%E6%B8%AF%E3%81%A8%E3%83%9E%E3%82%AB%E3%82%AA%E3%81%A7%E3%82%82%E5%88%A9%E7%94%A8%E5%8F%AF%E8%83%BD-5%E6%97%A5%E9%96%93-5GB-%E3%83%87%E3%83%BC%E3%82%BF%E9%80%9A%E4%BF%A1%E5%B0%82%E7%94%A8%EF%BC%88%E9%9B%BB%E8%A9%B1%E7%95%AA%E5%8F%B7%E3%81%AA%E3%81%97%EF%BC%89-%E4%B8%AD%E5%9B%BD%E3%81%A7%E3%82%82Google%E3%80%81LINE%E3%80%81YouTube%E3%82%92VPN%E3%81%AA%E3%81%97%E3%81%A7%E5%88%A9%E7%94%A8%E5%8F%AF%E8%83%BD/dp/B0F1ZZLG69,B0F1ZZLG69,B0F1ZZLG69,mewmewホーム eSIM,ＭＥＷＭＥＷホームのストアを表示,"{""price_jpy"": [""￥1,080""], ""usage_validity"": [""【中国本土eSIM】香港とマカオでも利用可能 5日間 5GB 定番プラン データ通信専用（電話番号なし） 5G/4G-LTE対応 中国でもGoogle、LINE、YouTubeをVPNなしで利用可能 説明書付き LINEで24時間サポート 香港 マカオ 中国SIM MEWMEWホーム (5日間 5GB)""], ""activation_validity"": [""大中華区SIMカード-中国、香港、マカオ、台湾向けプリペイドデータプラン｜2 GB毎日データ、7日有効期限｜高速4/5 G LTE｜旅行者に最適""], ""data_amount"": [""型番 5日間 5GB""], ""network_type"": [""【T-Mobile純正品】eSIM版 アメリカ ハワイ SIM 7日間【使い放題】【電話番号付き】5G/4G-LTE 高速データ通信/通話/SMS/テザリング 【アメリカ ハワイ 無制限】 プリペイド SIMカード T-Mobile esim 7days"", ""【チョコSIM 定額（Sプラン）】【中国の電話番号付きでアプリや施設サービスのSMS認証が可能】【データ容量】合計500MB/月【音声】合計20分間/月 データ/音声/SMS付きSIMカード 中国SIM マカオSIM China unicom ※こちらのSIMカードは契約後、毎月の基本料が発生いたします。※2024年11月1日から台湾でのご利用はできなくなり"", ""score: local=9, roaming=0""], ""network_generation"": [""product_info_cellular_5g: source:product_info_cellular: 携帯電話技術 LTE, 5G"", ""product_info_cellular_4g_lte_signal_present_but_5g_capable_takes_precedence""], ""review_count"": [""detail_page: (9)""], ""bestseller_rank"": [""Amazon 売れ筋ランキング 家電＆カメラ - 109,539位 ( 家電＆カメラの売れ筋ランキングを見る ) プリペイドSIMカード - 1,021位""], ""title"": [""【中国本土eSIM】香港とマカオでも利用可能 5日間 5GB 定番プラン データ通信専用（電話番号なし） 5G/4G-LTE対応 中国でもGoogle、LINE、YouTubeをVPNなしで利用可能 説明書付き LINEで24時間サポート 香港 マカオ 中国SIM MEWMEWホーム (5日間 5GB)""]}"
amazon_jp,mo,【中国 香港 マカオeSIM】6日間 高速データ通信 低速なし 完全無制限 実名登録不要 中国ネット規制対象外 使い放題｜Google LINE YouTubeなどVPNなしで利用可能｜中国 simカード 香港sim マカオsim マカオeSIM プリペイド SIM eSIM｜旅行・出張・留学｜安心サポート 5G 4G-LTE対応 当日発行可能,1350,95,,,,,56,1일,1일,6일,unknown,5g_capable,,,"{""ctm"": null, ""china_telecom_macau"": null, ""three_macau"": null}","{""skt"": null, ""kt"": null, ""lgu"": null}",unlimited,https://www.amazon.co.jp/%E3%83%9E%E3%82%AB%E3%82%AAeSIM%E3%80%916%E6%97%A5%E9%96%93-%E4%B8%AD%E5%9B%BD%E3%83%8D%E3%83%83%E3%83%88%E8%A6%8F%E5%88%B6%E5%AF%BE%E8%B1%A1%E5%A4%96-%E4%BD%BF%E3%81%84%E6%94%BE%E9%A1%8C%EF%BD%9CGoogle-YouTube%E3%81%AA%E3%81%A9VPN%E3%81%AA%E3%81%97%E3%81%A7%E5%88%A9%E7%94%A8%E5%8F%AF%E8%83%BD%EF%BD%9C%E4%B8%AD%E5%9B%BD-eSIM%EF%BD%9C%E6%97%85%E8%A1%8C%E3%83%BB%E5%87%BA%E5%BC%B5%E3%83%BB%E7%95%99%E5%AD%A6%EF%BD%9C%E5%AE%89%E5%BF%83%E3%82%B5%E3%83%9D%E3%83%BC%E3%83%88/dp/B0FDG7P6X7,B0FDG7P6X7,B0FDG7P6X7,Global Travel SIM Card,onetoneのストアを表示,"{""price_jpy"": [""￥1,350""], ""usage_validity"": [""【有効期限について】eSIM カードはアクティベーション前の有効期限が 365 日です。アクティベーション後の有効期間は購入した日数と一致し、24 時間を 1 日として計算されます""], ""activation_validity"": [""【中国 香港 マカオeSIM】6日間 高速データ通信 低速なし 完全無制限 実名登録不要 中国ネット規制対象外 使い放題｜Google LINE YouTubeなどVPNなしで利用可能｜中国 simカード 香港sim マカオsim マカオeSIM プリペイド SIM eSIM｜旅行・出張・留学｜安心サポート 5G 4G-LTE対応 当日発行可能""], ""data_amount"": [""Amazon.co.jp: 【中国 香港 マカオeSIM】6日間 高速データ通信 低速なし 完全無制限 実名登録不要 中国ネット規制対象外 使い放題｜Google LINE YouTubeなどVPNなしで利用可能｜中国 simカード 香港sim マカオsim マカオeSIM プリペイド SIM eSIM｜旅行・出張・留学｜安心サポート 5G 4G-LTE対応""], ""network_type"": [""local_signal: 【チョコSIM 定額（Sプラン）】【中国の電話番号付きでアプリや施設サービスのSMS認証が可能】【データ容量】合計500MB/月【音声】合計20分間/月 データ/音声/SMS付きSIMカード 中国SIM マカオSIM China unicom ※こちらのSIMカードは契約後、毎月の基本料が発生いたします。※2024年11月1日から台湾でのご利用はできなくなり"", ""roaming_signal: 商品の説明 注意事項： 1. eSIMが提供する機能とサービス 現在のeSIMはデータ通信のみサポートしており、音声通話およびSMS機能はサポートしていません。 2. スマートフォンがeSIMをサポートしているかどうかの確認方法 「通話」画面で`*#06#`を入力すると、EID情報が表示されます。これはスマートフォンがeSIMのインストールをサポートしている"", ""insufficient_or_conflicting_signals(local=6, roaming=5)""], ""network_generation"": [""product_info_cellular_5g: source:product_info_cellular: 携帯電話技術 5G, 4G LTE""], ""review_count"": [""detail_page: (95)""], ""bestseller_rank"": [""Amazon 売れ筋ランキング 家電＆カメラ - 4,965位 ( 家電＆カメラの売れ筋ランキングを見る ) プリペイドSIMカード - 56位""], ""title"": [""【中国 香港 マカオeSIM】6日間 高速データ通信 低速なし 完全無制限 実名登録不要 中国ネット規制対象外 使い放題｜Google LINE YouTubeなどVPNなしで利用可能｜中国 simカード 香港sim マカオsim マカオeSIM プリペイド SIM eSIM｜旅行・出張・留学｜安心サポート 5G 4G-LTE対応 当日発行可能""]}"
amazon_jp,mo,【Almond SIM】中国本土 simcard 7日間 7GB＋3GB高速データ 低速データ無制限 香港 マカオにも利用可能 中国ネット規制対象外 中国でもGoogle、LINE、YouTubeなど利用可能 24時間安心サポート 5G 4G-LTE対応 プリペイド SIMカード China simカード (7日間10GB高速データ),1310,36,,,,,285,3일,3일,7일,local,5g_capable,,,"{""ctm"": true, ""china_telecom_macau"": null, ""three_macau"": null}","{""skt"": null, ""kt"": null, ""lgu"": null}",7GB,https://www.amazon.co.jp/7GB%EF%BC%8B3GB%E9%AB%98%E9%80%9F%E3%83%87%E3%83%BC%E3%82%BF-%E4%B8%AD%E5%9B%BD%E3%83%8D%E3%83%83%E3%83%88%E8%A6%8F%E5%88%B6%E5%AF%BE%E8%B1%A1%E5%A4%96-%E4%B8%AD%E5%9B%BD%E3%81%A7%E3%82%82Google%E3%80%81LINE%E3%80%81YouTube%E3%81%AA%E3%81%A9%E5%88%A9%E7%94%A8%E5%8F%AF%E8%83%BD-24%E6%99%82%E9%96%93%E5%AE%89%E5%BF%83%E3%82%B5%E3%83%9D%E3%83%BC%E3%83%88-7%E6%97%A5%E9%96%9310GB%E9%AB%98%E9%80%9F%E3%83%87%E3%83%BC%E3%82%BF/dp/B0FKLK7L35,B0FKLK7L35,B0FKLK7L35,株式会社ビッグコネクト,bigconnectのストアを表示,"{""price_jpy"": [""￥1,310""], ""usage_validity"": [""【SKTelecoｍ公式認証】 韓国eSIM 3日間 (72時間) 電話番号付き 超高速データ無制限 最初の5分発信無料(韓国国内) お急ぎの方即時発行可(LINE相談受付中) 有効期限／ご購入日より120日以内 現地空港サポート(SKTelecomローミングセンター) SKテレコム正規品 韓国SIMカードタイプではありません""], ""activation_validity"": [""【Almond SIM】中国本土 simcard 7日間 7GB＋3GB高速データ 低速データ無制限 香港 マカオにも利用可能 中国ネット規制対象外 中国でもGoogle、LINE、YouTubeなど利用可能 24時間安心サポート 5G 4G-LTE対応 プリペイド SIMカード China simカード (7日間10GB高速データ)""], ""data_amount"": [""【データプラン】データ通信専用のSIMです。中国大陸、香港、マカオを含む利用可能なプリペイドSIMカード。利用開始日から7日間で7GB＋3GB まで4G/5G高速通信が使用可能（10GB 超過後は128kbpsを下回らない速度に低速化）7GB＋無料3GB（合計10GB）のデータがご利用可能です。中国ネット規制対象外 中国でもGoogle、LINE、YouTu""], ""network_type"": [""【SKTelecoｍ公式認証】 韓国eSIM 3日間 (72時間) 電話番号付き 超高速データ無制限 最初の5分発信無料(韓国国内) お急ぎの方即時発行可(LINE相談受付中) 有効期限／ご購入日より120日以内 現地空港サポート(SKTelecomローミングセンター) SKテレコム正規品 韓国SIMカードタイプではありません"", ""score: local=3, roaming=1""], ""network_generation"": [""product_info_cellular_5g: source:product_info_cellular: 携帯電話技術 5G 4G-Lte""], ""carrier_support_local"": [""CTM: 【中国ネット制限なし】中国本土での利用の場合は香港ローミング接続を行います。これにより中国政府のネット規制対象外となり、Google、Facebook、Twitter、Instagram等に接続可能です。中華圏渡航スケジュールに対応する手軽なプリペイドSIMカード。キャリア：中国：China Tel"", ""CTM: サービスプロバイダ 中国：China Telecom 香港：3HK マカオ: CTM""], ""review_count"": [""detail_page: (36)""], ""bestseller_rank"": [""Amazon 売れ筋ランキング 家電＆カメラ - 22,548位 ( 家電＆カメラの売れ筋ランキングを見る ) プリペイドSIMカード - 285位""], ""title"": [""【Almond SIM】中国本土 simcard 7日間 7GB＋3GB高速データ 低速データ無制限 香港 マカオにも利用可能 中国ネット規制対象外 中国でもGoogle、LINE、YouTubeなど利用可能 24時間安心サポート 5G 4G-LTE対応 プリペイド SIMカード China simカード (7日間10GB高速データ)""]}"
amazon_jp,mo,香港・マカオ eSIM | 4日間 | 高速データ無制限使い放題 5G/4G | QRコード 当日発行可 メール登録で即納品即利用可 | LINEサポート | データ通信専用(電話番号なし)| 日本で事前設定OK | テザリング可能 | パスポート情報不要・実名登録なし,1630,5,,,,,317,3일,3일,4일,unknown,5g_capable,,,"{""ctm"": null, ""china_telecom_macau"": null, ""three_macau"": null}","{""skt"": null, ""kt"": null, ""lgu"": null}",unlimited,https://www.amazon.co.jp/4%E6%97%A5%E9%96%93-%E9%AB%98%E9%80%9F%E3%83%87%E3%83%BC%E3%82%BF%E7%84%A1%E5%88%B6%E9%99%90%E4%BD%BF%E3%81%84%E6%94%BE%E9%A1%8C-%E3%83%A1%E3%83%BC%E3%83%AB%E7%99%BB%E9%8C%B2%E3%81%A7%E5%8D%B3%E7%B4%8D%E5%93%81%E5%8D%B3%E5%88%A9%E7%94%A8%E5%8F%AF-%E6%97%A5%E6%9C%AC%E3%81%A7%E4%BA%8B%E5%89%8D%E8%A8%AD%E5%AE%9AOK-%E3%83%91%E3%82%B9%E3%83%9D%E3%83%BC%E3%83%88%E6%83%85%E5%A0%B1%E4%B8%8D%E8%A6%81%E3%83%BB%E5%AE%9F%E5%90%8D%E7%99%BB%E9%8C%B2%E3%81%AA%E3%81%97/dp/B0F3JLCBCX,B0F3JLCBCX,B0F3JLCBCX,TORAのストアを表示,TORAのストアを表示,"{""price_jpy"": [""価格 ￥1,630 ￥1,647 ￥1,690 ￥950 ￥1,512 配送料 ￥1,416""], ""usage_validity"": [""【SKTelecoｍ公式認証】 韓国eSIM 3日間 (72時間) 電話番号付き 超高速データ無制限 最初の5分発信無料(韓国国内) お急ぎの方即時発行可(LINE相談受付中) 有効期限／ご購入日より120日以内 現地空港サポート(SKTelecomローミングセンター) SKテレコム正規品 韓国SIMカードタイプではありません""], ""activation_validity"": [""香港・マカオ eSIM | 4日間 | 高速データ無制限使い放題 5G/4G | QRコード 当日発行可 メール登録で即納品即利用可 | LINEサポート | データ通信専用(電話番号なし)| 日本で事前設定OK | テザリング可能 | パスポート情報不要・実名登録なし""], ""data_amount"": [""🐯データ通信🐯 5G/4G/LTE対応の高速データが【無制限】使えます。""], ""network_type"": [""local_signal: 🔺注意事項🔺 利用期限は台湾時間を基準とし、利用開始時間によらず、現地回線に接続した日から、購入プラン日数の23:59(台湾時間)までの暦日制となります。※台湾時間の0時は、日本時間の深夜1時"", ""roaming_signal: 商品の説明 ご利用前に必ずご確認ください！ この商品はeSIMです、物理SIMではありません。eSIM非対応の端末ではご利用できません。 以下の手順でお使いの端末が「eSIM対応端末」と「SIMロックされていない」をご確認ください。 ① eSIM対応端末の確認方法 スマホのダイヤル発信画面で「*#06#」をダイヤルし、デバイス情報に「EID」表示されればご利"", ""insufficient_or_conflicting_signals(local=12, roaming=3)""], ""network_generation"": [""product_info_cellular_5g: source:product_info_cellular: 携帯電話技術 5G,4G LTE""], ""review_count"": [""detail_page: (5)""], ""bestseller_rank"": [""Amazon 売れ筋ランキング 家電＆カメラ - 25,458位 ( 家電＆カメラの売れ筋ランキングを見る ) プリペイドSIMカード - 317位""], ""title"": [""香港・マカオ eSIM | 4日間 | 高速データ無制限使い放題 5G/4G | QRコード 当日発行可 メール登録で即納品即利用可 | LINEサポート | データ通信専用(電話番号なし)| 日本で事前設定OK | テザリング可能 | パスポート情報不要・実名登録なし""]}"
amazon_jp,mo,【中国・香港・マカオ eSIM】プリペイド sim 高速データ無制限 低速なし 海外旅行 当日利用可能 説明書付 LINEで年中無休 24時間サポート 中国 sim 香港 sim マカオ sim way2esim (4日間 無制限),1780,29,,,,,1752,4일,4일,90일,unknown,lte_4g_only,,,"{""ctm"": null, ""china_telecom_macau"": null, ""three_macau"": null}","{""skt"": null, ""kt"": null, ""lgu"": null}",unlimited,https://www.amazon.co.jp/%E3%80%90%E4%B8%AD%E5%9B%BD%E3%83%BB%E9%A6%99%E6%B8%AF%E3%83%BB%E3%83%9E%E3%82%AB%E3%82%AA-%E9%AB%98%E9%80%9F%E3%83%87%E3%83%BC%E3%82%BF%E7%84%A1%E5%88%B6%E9%99%90-LINE%E3%81%A7%E5%B9%B4%E4%B8%AD%E7%84%A1%E4%BC%91-24%E6%99%82%E9%96%93%E3%82%B5%E3%83%9D%E3%83%BC%E3%83%88-way2esim/dp/B0GJD7RDKB,B0GJD7RDKB,B0GJD7RDKB,eSIM株式会社,way2esimのストアを表示,"{""price_jpy"": [""￥1,780""], ""usage_validity"": [""【中国・香港・マカオ eSIM】プリペイド sim 高速データ無制限 低速なし 海外旅行 当日利用可能 説明書付 LINEで年中無休 24時間サポート 中国 sim 香港 sim マカオ sim way2esim (4日間 無制限)""], ""activation_validity"": [""【有効期限】メールで納品した90日以内にご利用始めてください。旅行予定が未定でも、必要なタイミングでいつでも利用開始できます。""], ""data_amount"": [""【高速データ無制限】このeSIMは、中国本土、香港とマカオで回線に接続し、高速データを無制限でご利用いただけます。SNSやウェブの閲覧など、さまざまなインターネットサービスを高速かつ無制限でご利用いただけます。""], ""network_type"": [""no_local_or_roaming_keyword_matched""], ""network_generation"": [""product_info_cellular_4g_lte: source:product_info_cellular: 携帯電話技術 4G LTE""], ""review_count"": [""detail_page: (29)""], ""bestseller_rank"": [""Amazon 売れ筋ランキング 家電＆カメラ - 213,753位 ( 家電＆カメラの売れ筋ランキングを見る ) プリペイドSIMカード - 1,752位""], ""title"": [""【中国・香港・マカオ eSIM】プリペイド sim 高速データ無制限 低速なし 海外旅行 当日利用可能 説明書付 LINEで年中無休 24時間サポート 中国 sim 香港 sim マカオ sim way2esim (4日間 無制限)""]}"
amazon_jp,mo,【香港eSIM】マカオeSIM 3日間 高速データ通信無制限 出発前のお試しに便利 日本国内500MB付き データ通信専用,1290,42,,,,,379,3일,3일,7일,unknown,lte_4g_only,,,"{""ctm"": null, ""china_telecom_macau"": null, ""three_macau"": null}","{""skt"": null, ""kt"": null, ""lgu"": null}",unlimited,https://www.amazon.co.jp/%E3%80%90%E9%A6%99%E6%B8%AFeSIM%E3%80%91%E3%83%9E%E3%82%AB%E3%82%AAeSIM-3%E6%97%A5%E9%96%93-%E9%AB%98%E9%80%9F%E3%83%87%E3%83%BC%E3%82%BF%E9%80%9A%E4%BF%A1%E7%84%A1%E5%88%B6%E9%99%90%E4%BD%BF%E3%81%84%E6%94%BE%E9%A1%8C-%E7%B7%8A%E6%80%A5%E5%88%A9%E7%94%A8%EF%BC%88Line%E3%81%BE%E3%81%A7%E9%80%A3%E7%B5%A1%EF%BC%89Hong-mewfi/dp/B0CPYCDVGY,B0CPYCDVGY,B0CPYCDVGY,Mewfi 正規販売店,mewfiのストアを表示,"{""price_jpy"": [""￥1,290""], ""usage_validity"": [""【香港eSIM】マカオeSIM 3日間 高速データ通信無制限 出発前のお試しに便利 日本国内500MB付き データ通信専用""], ""activation_validity"": [""大中華区SIMカード-中国、香港、マカオ、台湾向けプリペイドデータプラン｜2 GB毎日データ、7日有効期限｜高速4/5 G LTE｜旅行者に最適""], ""data_amount"": [""【高速データ通信】このeSIMカードは、香港、マカオで利用でき、高速かつ安定した無制限のデータ通信を提供します。ネットワーク速度が速く、安定性に優れています。マカオに到着後、必ずeSIMのローミングを有効にしてください。""], ""network_type"": [""local_signal: 【チョコSIM 定額（Sプラン）】【中国の電話番号付きでアプリや施設サービスのSMS認証が可能】【データ容量】合計500MB/月【音声】合計20分間/月 データ/音声/SMS付きSIMカード 中国SIM マカオSIM China unicom ※こちらのSIMカードは契約後、毎月の基本料が発生いたします。※2024年11月1日から台湾でのご利用はできなくなり"", ""roaming_signal: 【高速データ通信】このeSIMカードは、香港、マカオで利用でき、高速かつ安定した無制限のデータ通信を提供します。ネットワーク速度が速く、安定性に優れています。マカオに到着後、必ずeSIMのローミングを有効にしてください。"", ""insufficient_or_conflicting_signals(local=6, roaming=5)""], ""network_generation"": [""product_info_cellular_4g_lte: source:product_info_cellular: 携帯電話技術 LTE""], ""review_count"": [""detail_page: (42)""], ""bestseller_rank"": [""Amazon 売れ筋ランキング 家電＆カメラ - 31,506位 ( 家電＆カメラの売れ筋ランキングを見る ) プリペイドSIMカード - 379位""], ""title"": [""【香港eSIM】マカオeSIM 3日間 高速データ通信無制限 出発前のお試しに便利 日本国内500MB付き データ通信専用""]}"
amazon_jp,mo,【中国 香港 マカオSIM】20日間 高速データ無制限使い放題 本人確認不要 TikTok利用可能 データ通信専用,5680,43,,,,,327,1일,1일,20일,unknown,5g_capable,,,"{""ctm"": null, ""china_telecom_macau"": null, ""three_macau"": null}","{""skt"": null, ""kt"": null, ""lgu"": null}",unlimited,https://www.amazon.co.jp/%E3%83%9E%E3%82%AB%E3%82%AASIM%E3%80%9120%E6%97%A5%E9%96%93-%E9%AB%98%E9%80%9F%E3%83%87%E3%83%BC%E3%82%BF%E7%84%A1%E5%88%B6%E9%99%90%E4%BD%BF%E3%81%84%E6%94%BE%E9%A1%8C-TikTok%E5%88%A9%E7%94%A8%E5%8F%AF%E8%83%BD-%E3%83%97%E3%83%AA%E3%83%9A%E3%82%A4%E3%83%89SIM%E3%82%AB%E3%83%BC%E3%83%89-mewfi/dp/B0FN3XY6DK,B0FN3XY6DK,B0FN3XY6DK,Mewfi 正規販売店,mewfiのストアを表示,"{""price_jpy"": [""￥5,680""], ""usage_validity"": [""【有効期限】本SIMカードの有効期限は2026年12月31日まで（定期的に更新）です。現地ネットワークに接続した時点から24時間を1日としてカウントされます。""], ""activation_validity"": [""【中国 香港 マカオSIM】20日間 高速データ無制限使い放題 本人確認不要 TikTok利用可能 データ通信専用""], ""data_amount"": [""【高速データ通信】中国・香港・マカオ全域で高速データ通信が無制限にご利用いただけます。面倒な契約や本人確認は一切不要です。""], ""network_type"": [""local_signal: 【ベトナムSIMカード】4日間 高速データ通信 無制限(速度低下なし) データ通信専用 4G/5G対応 ベトナム現地通信回線 mewfi"", ""roaming_signal: 【ご利用方法】ご利用前に簡単な予約手続きを行うだけでOK。現地に到着後、SIMカードを挿入し、ローミングを有効にすれば自動的にインターネットに接続されます。"", ""insufficient_or_conflicting_signals(local=6, roaming=4)""], ""network_generation"": [""product_detail_5g: source:product_details: 商品のハイライト 4G／5G対応 プリペイドSIMカード 中国 SIM 香港 SIM mewfi""], ""review_count"": [""detail_page: (43)""], ""bestseller_rank"": [""Amazon 売れ筋ランキング 家電＆カメラ - 26,317位 ( 家電＆カメラの売れ筋ランキングを見る ) プリペイドSIMカード - 327位""], ""title"": [""【中国 香港 マカオSIM】20日間 高速データ無制限使い放題 本人確認不要 TikTok利用可能 データ通信専用""]}"
amazon_jp,mo,【香港 eSIM 】マカオeSIM 4日間 高速データ無制限 データ使い放題 香港SIM データ通信専用 マカオSIM 当日利用可能 24時間オンラインサポート お急ぎのご相談は（LINEで受付中です） Hong Kong SIM way2esim,1580,2,,,,,1112,4일,4일,30일,unknown,lte_4g_only,,,"{""ctm"": null, ""china_telecom_macau"": null, ""three_macau"": null}","{""skt"": null, ""kt"": null, ""lgu"": null}",unlimited,https://www.amazon.co.jp/%E3%80%91%E3%83%9E%E3%82%AB%E3%82%AAeSIM-4%E6%97%A5%E9%96%93-24%E6%99%82%E9%96%93%E3%82%AA%E3%83%B3%E3%83%A9%E3%82%A4%E3%83%B3%E3%82%B5%E3%83%9D%E3%83%BC%E3%83%88-%E3%81%8A%E6%80%A5%E3%81%8E%E3%81%AE%E3%81%94%E7%9B%B8%E8%AB%87%E3%81%AF%EF%BC%88LINE%E3%81%A7%E5%8F%97%E4%BB%98%E4%B8%AD%E3%81%A7%E3%81%99%EF%BC%89-way2esim/dp/B0DLG45PL1,B0DLG45PL1,B0DLG45PL1,eSIM株式会社,way2esimのストアを表示,"{""price_jpy"": [""￥1,580""], ""usage_validity"": [""【香港 eSIM 】マカオeSIM 4日間 高速データ無制限 データ使い放題 香港SIM データ通信専用 マカオSIM 当日利用可能 24時間オンラインサポート お急ぎのご相談は（LINEで受付中です） Hong Kong SIM way2esim""], ""activation_validity"": [""注意：① 香港・マカオeSIM情報メール受信後30日以内にご利用ください。期限を過ぎると使用できなくなります。② マカオ到着後は、必ずこのeSIMのローミングをオンにしてください。オンにしないとご利用いただけません。""], ""data_amount"": [""高速データ無制限：香港・マカオeSIMは、高速データを無制限でご利用いただけます。この香港・マカオeSIMはデータ通信専用で、電話番号は含まれておりません。SNSやウェブ閲覧など、さまざまなインターネットサービスを快適にご利用いただけます。""], ""network_type"": [""local_signal: 【チョコSIM 定額（Sプラン）】【中国の電話番号付きでアプリや施設サービスのSMS認証が可能】【データ容量】合計500MB/月【音声】合計20分間/月 データ/音声/SMS付きSIMカード 中国SIM マカオSIM China unicom ※こちらのSIMカードは契約後、毎月の基本料が発生いたします。※2024年11月1日から台湾でのご利用はできなくなり"", ""roaming_signal: 注意：① 香港・マカオeSIM情報メール受信後30日以内にご利用ください。期限を過ぎると使用できなくなります。② マカオ到着後は、必ずこのeSIMのローミングをオンにしてください。オンにしないとご利用いただけません。"", ""insufficient_or_conflicting_signals(local=6, roaming=2)""], ""network_generation"": [""product_info_cellular_4g_lte: source:product_info_cellular: 携帯電話技術 LTE""], ""review_count"": [""detail_page: 2""], ""bestseller_rank"": [""Amazon 売れ筋ランキング 家電＆カメラ - 122,818位 ( 家電＆カメラの売れ筋ランキングを見る ) プリペイドSIMカード - 1,112位""], ""title"": [""【香港 eSIM 】マカオeSIM 4日間 高速データ無制限 データ使い放題 香港SIM データ通信専用 マカオSIM 当日利用可能 24時間オンラインサポート お急ぎのご相談は（LINEで受付中です） Hong Kong SIM way2esim""]}"
amazon_jp,mo,【中国 SIMカード】10日間 10GB 高速データ＋低速無制限｜中国・香港・マカオ対応｜Google・LINE・YouTube利用可能｜プリペイドSIM｜24時間LINEサポート 中国sim 香港sim,1380,48,,,,,126,1일,1일,10일,unknown,5g_capable,,,"{""ctm"": true, ""china_telecom_macau"": null, ""three_macau"": null}","{""skt"": null, ""kt"": null, ""lgu"": null}",10GB,https://www.amazon.co.jp/SIM%E3%82%AB%E3%83%BC%E3%83%89%E3%80%9110%E6%97%A5%E9%96%93-10GB-%E9%AB%98%E9%80%9F%E3%83%87%E3%83%BC%E3%82%BF%EF%BC%8B%E4%BD%8E%E9%80%9F%E7%84%A1%E5%88%B6%E9%99%90%EF%BD%9C%E4%B8%AD%E5%9B%BD%E3%83%BB%E9%A6%99%E6%B8%AF%E3%83%BB%E3%83%9E%E3%82%AB%E3%82%AA%E5%AF%BE%E5%BF%9C%EF%BD%9CGoogle%E3%83%BBLINE%E3%83%BBYouTube%E5%88%A9%E7%94%A8%E5%8F%AF%E8%83%BD%EF%BD%9C%E3%83%97%E3%83%AA%E3%83%9A%E3%82%A4%E3%83%89SIM%EF%BD%9C24%E6%99%82%E9%96%93LINE%E3%82%B5%E3%83%9D%E3%83%BC%E3%83%88-%E4%B8%AD%E5%9B%BDsim-%E9%A6%99%E6%B8%AFsim/dp/B0FPR6VG59,B0FPR6VG59,B0FPR6VG59,Global Simcard,アーモンド　ＳＩｍ　ｃａｒｄのストアを表示,"{""price_jpy"": [""￥1,380""], ""usage_validity"": [""Amazon.co.jp: 【中国 SIMカード】10日間 10GB 高速データ＋低速無制限｜中国・香港・マカオ対応｜Google・LINE・YouTube利用可能｜プリペイドSIM｜24時間LINEサポート 中国sim 香港sim : 家電＆カメラ 次に移動 メインコンテンツ この商品について この商品について この商品について 購入オプション 類似商品と""], ""activation_validity"": [""【中国 SIMカード】10日間 10GB 高速データ＋低速無制限｜中国・香港・マカオ対応｜Google・LINE・YouTube利用可能｜プリペイドSIM｜24時間LINEサポート 中国sim 香港sim""], ""data_amount"": [""⭐【高速データ通信】中国本土・香港・マカオ対応。10日間で合計10GBの4G/5G高速データ通信が利用可能。10GB超過後も最大128kbpsで通信でき、低速無制限でご利用いただけます。""], ""network_type"": [""no_local_or_roaming_keyword_matched""], ""network_generation"": [""product_info_cellular_5g: source:product_info_cellular: 携帯電話技術 5G/4G-LTE""], ""carrier_support_local"": [""CTM: ⭐【対応端末・対応キャリア】SIMフリー／SIMロック解除済みスマートフォン専用。中国本土：中国電信（China Telecom）、香港：3HK、マカオ：CTMなど現地ネットワークに対応。※一部機種ではご利用いただけない場合があります。キャリア版Galaxy端末は非対応のためご注意ください。タブレッ"", ""CTM: サービスプロバイダ China Telecom/3HK /CTM"", ""CTM: Amazon.co.jp: 【中国 SIMカード】10日間 10GB 高速データ＋低速無制限｜中国・香港・マカオ対応｜Google・LINE・YouTube利用可能｜プリペイドSIM｜24時間LINEサポート 中国sim 香港sim : 家電＆カメラ 次に移動 メインコンテンツ この商品について こ""], ""review_count"": [""detail_page: (48)""], ""bestseller_rank"": [""Amazon 売れ筋ランキング 家電＆カメラ - 9,747位 ( 家電＆カメラの売れ筋ランキングを見る ) プリペイドSIMカード - 126位""], ""title"": [""【中国 SIMカード】10日間 10GB 高速データ＋低速無制限｜中国・香港・マカオ対応｜Google・LINE・YouTube利用可能｜プリペイドSIM｜24時間LINEサポート 中国sim 香港sim""]}"
amazon_jp,mo,【Almond eSIM】中国 香港 マカオ eSIM 3日間3GB 高速データ通信 当日発行可能 中国ネット規制対象外 中国でもGoogle、LINE、YouTubeなどVPNなしで利用可能 24時間サポート 4G-LTE対応 プリペイド ESIMプラン China HONGKONG Macou simカード (3日間3GB),880,10,,,,,65,3일,3일,7일,local,5g_capable,,,"{""ctm"": null, ""china_telecom_macau"": null, ""three_macau"": null}","{""skt"": null, ""kt"": null, ""lgu"": null}",3GB,https://www.amazon.co.jp/3%E6%97%A5%E9%96%933GB-%E4%B8%AD%E5%9B%BD%E3%83%8D%E3%83%83%E3%83%88%E8%A6%8F%E5%88%B6%E5%AF%BE%E8%B1%A1%E5%A4%96-%E4%B8%AD%E5%9B%BD%E3%81%A7%E3%82%82Google%E3%80%81LINE%E3%80%81YouTube%E3%81%AA%E3%81%A9VPN%E3%81%AA%E3%81%97%E3%81%A7%E5%88%A9%E7%94%A8%E5%8F%AF%E8%83%BD-24%E6%99%82%E9%96%93%E3%82%B5%E3%83%9D%E3%83%BC%E3%83%88-4G-LTE%E5%AF%BE%E5%BF%9C/dp/B0F1TC4TD5,B0F1TC4TD5,B0F1TC4TD5,株式会社ビッグコネクト,bigconnectのストアを表示,"{""price_jpy"": [""￥880""], ""usage_validity"": [""【Almond eSIM】中国 香港 マカオ eSIM 3日間3GB 高速データ通信 当日発行可能 中国ネット規制対象外 中国でもGoogle、LINE、YouTubeなどVPNなしで利用可能 24時間サポート 4G-LTE対応 プリペイド ESIMプラン China HONGKONG Macou simカード (3日間3GB)""], ""activation_validity"": [""大中華区SIMカード-中国、香港、マカオ、台湾向けプリペイドデータプラン｜2 GB毎日データ、7日有効期限｜高速4/5 G LTE｜旅行者に最適""], ""data_amount"": [""【データプラン】データ通信専用のeSIMです。中国大陸、香港、マカオを含む利用可能なeSIMカード。※データ容量：3日間3GB高速データ。3GBを超えると、通信が止まります。中国ネット規制対象外 中国でもGoogle、LINE、YouTubeなどVPNなしで利用可能、本人確認やSIMカード認証は不要。""], ""network_type"": [""【チョコSIM 定額（Sプラン）】【中国の電話番号付きでアプリや施設サービスのSMS認証が可能】【データ容量】合計500MB/月【音声】合計20分間/月 データ/音声/SMS付きSIMカード 中国SIM マカオSIM China unicom ※こちらのSIMカードは契約後、毎月の基本料が発生いたします。※2024年11月1日から台湾でのご利用はできなくなり"", ""【SKTelecoｍ公式認証】 韓国eSIM 3日間 (72時間) 電話番号付き 超高速データ無制限 最初の5分発信無料(韓国国内) お急ぎの方即時発行可(LINE相談受付中) 有効期限／ご購入日より120日以内 現地空港サポート(SKTelecomローミングセンター) SKテレコム正規品 韓国SIMカードタイプではありません"", ""score: local=6, roaming=0""], ""network_generation"": [""product_info_cellular_5g: source:product_info_cellular: 携帯電話技術 LTE 5G"", ""product_info_cellular_4g_lte_signal_present_but_5g_capable_takes_precedence""], ""review_count"": [""detail_page: (10)""], ""bestseller_rank"": [""Amazon 売れ筋ランキング 家電＆カメラ - 44,252位 ( 家電＆カメラの売れ筋ランキングを見る ) 定期契約SIMカード - 65位""], ""title"": [""【Almond eSIM】中国 香港 マカオ eSIM 3日間3GB 高速データ通信 当日発行可能 中国ネット規制対象外 中国でもGoogle、LINE、YouTubeなどVPNなしで利用可能 24時間サポート 4G-LTE対応 プリペイド ESIMプラン China HONGKONG Macou simカード (3日間3GB)""]}"
amazon_jp,mo,【香港 マカオeSIM】3日間 高速データ通信 無制限 データ通信専用 5G / 4G対応,1220,12,,,,,387,3일,3일,90일,unknown,5g_capable,,,"{""ctm"": null, ""china_telecom_macau"": null, ""three_macau"": null}","{""skt"": null, ""kt"": null, ""lgu"": null}",unlimited,https://www.amazon.co.jp/%E3%80%90%E9%A6%99%E6%B8%AF-%E3%83%9E%E3%82%AB%E3%82%AAeSIM%E3%80%913%E6%97%A5%E9%96%93-%E9%AB%98%E9%80%9F%E3%83%87%E3%83%BC%E3%82%BF%E9%80%9A%E4%BF%A1-%E3%83%87%E3%83%BC%E3%82%BF%E9%80%9A%E4%BF%A1%E5%B0%82%E7%94%A8-4G%E5%AF%BE%E5%BF%9C/dp/B0GTYRCM6T,B0GTYRCM6T,B0GTYRCM6T,Mewfi 正規販売店,mewfiのストアを表示,"{""price_jpy"": [""￥1,220""], ""usage_validity"": [""【香港 マカオeSIM】3日間 高速データ通信 無制限 データ通信専用 5G / 4G対応""], ""activation_validity"": [""【有効期限】eSIM情報が記載されたメールの受信日から90日以内にご利用ください。""], ""data_amount"": [""【香港 マカオeSIM】利用期間中、高速データ通信を無制限でご利用いただけます。1日ごとのデータ容量上限はありません。""], ""network_type"": [""local_signal: 【T-Mobile純正品】eSIM版 アメリカ ハワイ SIM 7日間【使い放題】【電話番号付き】5G/4G-LTE 高速データ通信/通話/SMS/テザリング 【アメリカ ハワイ 無制限】 プリペイド SIMカード T-Mobile esim 7days"", ""roaming_signal: 【注意】香港・マカオでご利用の際は、端末のデータローミングをオンにしてください。"", ""insufficient_or_conflicting_signals(local=3, roaming=4)""], ""network_generation"": [""product_info_cellular_5g: source:product_info_cellular: 携帯電話技術 LTE, 5G"", ""product_info_cellular_4g_lte_signal_present_but_5g_capable_takes_precedence""], ""review_count"": [""detail_page: (12)""], ""bestseller_rank"": [""Amazon 売れ筋ランキング 家電＆カメラ - 32,059位 ( 家電＆カメラの売れ筋ランキングを見る ) プリペイドSIMカード - 387位""], ""title"": [""【香港 マカオeSIM】3日間 高速データ通信 無制限 データ通信専用 5G / 4G対応""]}"
amazon_jp,mo,中国・香港・マカオ用 プリペイドSIMカード｜5日間 10GB 高速データ｜4G/LTE SIMフリー端末用｜LINE・Instagram・GoogleがVPNなしで利用可能｜SIMピン付き・LINE 24時間サポート (5日間 | 10GB),1480,5,,,,,485,1일,1일,5일,unknown,lte_4g_only,,,"{""ctm"": null, ""china_telecom_macau"": null, ""three_macau"": null}","{""skt"": null, ""kt"": null, ""lgu"": null}",unlimited,https://www.amazon.co.jp/%E4%B8%AD%E5%9B%BD%E3%83%BB%E9%A6%99%E6%B8%AF%E3%83%BB%E3%83%9E%E3%82%AB%E3%82%AA%E7%94%A8-%E3%83%97%E3%83%AA%E3%83%9A%E3%82%A4%E3%83%89SIM%E3%82%AB%E3%83%BC%E3%83%89%EF%BD%9C5%E6%97%A5%E9%96%93-10GB-SIM%E3%83%95%E3%83%AA%E3%83%BC%E7%AB%AF%E6%9C%AB%E7%94%A8%EF%BD%9CLINE%E3%83%BBInstagram%E3%83%BBGoogle%E3%81%8CVPN%E3%81%AA%E3%81%97%E3%81%A7%E5%88%A9%E7%94%A8%E5%8F%AF%E8%83%BD%EF%BD%9CSIM%E3%83%94%E3%83%B3%E4%BB%98%E3%81%8D%E3%83%BBLINE-5%E6%97%A5%E9%96%93/dp/B0FNRFF5JS,B0FNRFF5JS,B0FNRFF5JS,mewmewホーム eSIM,ＭＥＷＭＥＷホームのストアを表示,"{""price_jpy"": [""￥1,480""], ""usage_validity"": [""【有効期限：2027年5月14日まで】利用予定日を事前に開通予約するだけでOK。SIMカードを端末に挿入すれば簡単にアクティベート！有効期限内なら好きなタイミングで利用可能。プランの日数は「24時間＝1日」でカウントされます。""], ""activation_validity"": [""中国・香港・マカオ用 プリペイドSIMカード｜5日間 10GB 高速データ｜4G/LTE SIMフリー端末用｜LINE・Instagram・GoogleがVPNなしで利用可能｜SIMピン付き・LINE 24時間サポート (5日間 | 10GB)""], ""data_amount"": [""【高速データ通信＋低速使い放題】中国本土・マカオは中華電信、香港はCSL回線を利用。5G/4G/LTE対応で、プランには高速データ（10GB）が含まれています。高速分を使い切った後も、低速データ通信を無制限でご利用いただけるので、地図検索やメッセージのやり取りなど基本的な利用は安心です。""], ""network_type"": [""no_local_or_roaming_keyword_matched""], ""network_generation"": [""product_info_cellular_4g_lte: source:product_info_cellular: 携帯電話技術 4G-LTE""], ""review_count"": [""detail_page: (5)""], ""bestseller_rank"": [""Amazon 売れ筋ランキング 家電＆カメラ - 41,126位 ( 家電＆カメラの売れ筋ランキングを見る ) プリペイドSIMカード - 485位""], ""title"": [""中国・香港・マカオ用 プリペイドSIMカード｜5日間 10GB 高速データ｜4G/LTE SIMフリー端末用｜LINE・Instagram・GoogleがVPNなしで利用可能｜SIMピン付き・LINE 24時間サポート (5日間 | 10GB)""]}"
amazon_jp,mo,【香港・マカオ eSIM】5日間 完全無制限 （低速なし） 高速データ使い放題 当日発行可能 データ通信専用 香港 sim マカオ sim 説明書付 LINEで24時間サポート 香港 esim イーシム (eSIM|5日間無制限 香港マカオ),1650,1,,,,,1645,5일,5일,30일,local,lte_4g_only,,,"{""ctm"": null, ""china_telecom_macau"": null, ""three_macau"": null}","{""skt"": null, ""kt"": null, ""lgu"": null}",unlimited,https://www.amazon.co.jp/%E3%80%90%E9%A6%99%E6%B8%AF%E3%83%BB%E3%83%9E%E3%82%AB%E3%82%AA-eSIM%E3%80%915%E6%97%A5%E9%96%93-%E9%AB%98%E9%80%9F%E3%83%87%E3%83%BC%E3%82%BF%E4%BD%BF%E3%81%84%E6%94%BE%E9%A1%8C-LINE%E3%81%A724%E6%99%82%E9%96%93%E3%82%B5%E3%83%9D%E3%83%BC%E3%83%88-eSIM/dp/B0DSGBNDQT,B0DSGBNDQT,B0DSGBNDQT,Global eSIMshop,ブランド: PLUG TO GO,"{""price_jpy"": [""￥1,650""], ""usage_validity"": [""【香港・マカオ eSIM】5日間 完全無制限 （低速なし） 高速データ使い放題 当日発行可能 データ通信専用 香港 sim マカオ sim 説明書付 LINEで24時間サポート 香港 esim イーシム (eSIM|5日間無制限 香港マカオ)""], ""activation_validity"": [""【有効期限】メールで納品後、30日以内にご利用ください。""], ""data_amount"": [""【高速データ通信】完全無制限、低速度なし！！""], ""network_type"": [""【チョコSIM 定額（Sプラン）】【中国の電話番号付きでアプリや施設サービスのSMS認証が可能】【データ容量】合計500MB/月【音声】合計20分間/月 データ/音声/SMS付きSIMカード 中国SIM マカオSIM China unicom ※こちらのSIMカードは契約後、毎月の基本料が発生いたします。※2024年11月1日から台湾でのご利用はできなくなり"", ""【SKTelecoｍ公式認証】 韓国eSIM 3日間 (72時間) 電話番号付き 超高速データ無制限 最初の5分発信無料(韓国国内) お急ぎの方即時発行可(LINE相談受付中) 有効期限／ご購入日より120日以内 現地空港サポート(SKTelecomローミングセンター) SKテレコム正規品 韓国SIMカードタイプではありません"", ""score: local=6, roaming=0""], ""network_generation"": [""product_info_cellular_4g_lte: source:product_info_cellular: 携帯電話技術 4G-LTE""], ""review_count"": [""detail_page: 1""], ""bestseller_rank"": [""Amazon 売れ筋ランキング 家電＆カメラ - 198,084位 ( 家電＆カメラの売れ筋ランキングを見る ) プリペイドSIMカード - 1,645位""], ""title"": [""【香港・マカオ eSIM】5日間 完全無制限 （低速なし） 高速データ使い放題 当日発行可能 データ通信専用 香港 sim マカオ sim 説明書付 LINEで24時間サポート 香港 esim イーシム (eSIM|5日間無制限 香港マカオ)""]}"
amazon_jp,mo,【Almond eSIM】中国本土 eSIM 30日間10GB 高速データ 香港 マカオにも利用可能 中国ネット規制対象外 中国でもGoogle、LINE、YouTubeなど利用可能 出発前の接続テスト用 日本国内500MB eSIM付 24時間安心サポート 5G 4G-LTE対応 プリペイド eSIMカード China esimカード (30日間10GB高速データ),1785,107,,,,,25,30일,30일,,roaming,lte_4g_only,,,"{""ctm"": true, ""china_telecom_macau"": null, ""three_macau"": null}","{""skt"": null, ""kt"": null, ""lgu"": null}",10GB,https://www.amazon.co.jp/eSIM%E3%80%91%E4%B8%AD%E5%9B%BD%E6%9C%AC%E5%9C%9F-%E4%B8%AD%E5%9B%BD%E3%83%8D%E3%83%83%E3%83%88%E8%A6%8F%E5%88%B6%E5%AF%BE%E8%B1%A1%E5%A4%96-%E4%B8%AD%E5%9B%BD%E3%81%A7%E3%82%82Google%E3%80%81LINE%E3%80%81YouTube%E3%81%AA%E3%81%A9%E5%88%A9%E7%94%A8%E5%8F%AF%E8%83%BD-24%E6%99%82%E9%96%93%E5%AE%89%E5%BF%83%E3%82%B5%E3%83%9D%E3%83%BC%E3%83%88-30%E6%97%A5%E9%96%9310GB%E9%AB%98%E9%80%9F%E3%83%87%E3%83%BC%E3%82%BF/dp/B0FT2YL76S,B0FT2YL76S,B0FT2YL76S,株式会社ビッグコネクト,bigconnectのストアを表示,"{""price_jpy"": [""￥1,785""], ""usage_validity"": [""【Almond eSIM】中国本土 eSIM 30日間10GB 高速データ 香港 マカオにも利用可能 中国ネット規制対象外 中国でもGoogle、LINE、YouTubeなど利用可能 出発前の接続テスト用 日本国内500MB eSIM付 24時間安心サポート 5G 4G-LTE対応 プリペイド eSIMカード China esimカード (30日間10GB高""], ""data_amount"": [""【データプラン】データ通信専用のeSIMです。中国大陸、香港、マカオを含む利用可能なプリペイドeSIMカード。利用開始日から30日間10GB まで4G/5G高速通信が使用可能。中国ネット規制対象外 中国でもGoogle、LINE、YouTubeなどVPNなしで利用可能、本人確認やSIMカード認証は不要です。""], ""network_type"": [""【中国ネット制限なし】中国本土での利用の場合は香港ローミング接続を行います。これにより中国政府のネット規制対象外となり、Google、Facebook、Twitter、Instagram等に接続可能です。中華圏渡航スケジュールに対応する手軽なプリペイドSIMカード。キャリア：中国：China Telecom 香港：3HK マカオ: CTM。"", ""商品の説明 中国本土でも、いつものネットを。 中国本土・香港・マカオで利用できるデータ通信専用eSIMです。中国本土では香港ローミング接続を利用し、VPNなしで外部サービスへアクセスできます。 中国本土でも、いつものサービスへ Google、LINE、YouTube、Instagram、Facebook、Yahoo!などに、専用VPNアプリの追加設定なしでア"", ""score: local=0, roaming=6""], ""network_generation"": [""product_info_cellular_4g_lte: source:product_info_cellular: 携帯電話技術 LTE""], ""carrier_support_local"": [""CTM: 【中国ネット制限なし】中国本土での利用の場合は香港ローミング接続を行います。これにより中国政府のネット規制対象外となり、Google、Facebook、Twitter、Instagram等に接続可能です。中華圏渡航スケジュールに対応する手軽なプリペイドSIMカード。キャリア：中国：China Tel"", ""CTM: 商品の説明 中国本土でも、いつものネットを。 中国本土・香港・マカオで利用できるデータ通信専用eSIMです。中国本土では香港ローミング接続を利用し、VPNなしで外部サービスへアクセスできます。 中国本土でも、いつものサービスへ Google、LINE、YouTube、Instagram、Facebo"", ""CTM: サービスプロバイダ China Telecom, 3HK, CTM"", ""CTM: 中国本土ではChina Telecom、香港では3HK、マカオではCTMのネットワークを利用します。中国本土では香港ローミング接続を行います。"", ""CTM: 中国本土ではChina Telecom、香港では3HK、マカオではCTMのネットワークを利用します。中国本土では香港ローミング接続を行います。""], ""review_count"": [""detail_page: (107)""], ""bestseller_rank"": [""Amazon 売れ筋ランキング 家電＆カメラ - 2,738位 ( 家電＆カメラの売れ筋ランキングを見る ) プリペイドSIMカード - 25位""], ""title"": [""【Almond eSIM】中国本土 eSIM 30日間10GB 高速データ 香港 マカオにも利用可能 中国ネット規制対象外 中国でもGoogle、LINE、YouTubeなど利用可能 出発前の接続テスト用 日本国内500MB eSIM付 24時間安心サポート 5G 4G-LTE対応 プリペイド eSIMカード China esimカード (30日間10GB高速データ)""]}"
amazon_jp,mo,【中国 香港 マカオeSIM】4日間 高速データ通信 無制限 データ通信専用（電話番号なし）5G / 4G対応,1390,14,,,,,478,4일,4일,90일,roaming,5g_capable,,,"{""ctm"": null, ""china_telecom_macau"": null, ""three_macau"": null}","{""skt"": null, ""kt"": null, ""lgu"": null}",unlimited,https://www.amazon.co.jp/%E3%80%90%E4%B8%AD%E5%9B%BD-%E3%83%9E%E3%82%AB%E3%82%AAeSIM%E3%80%914%E6%97%A5%E9%96%93-%E9%AB%98%E9%80%9F%E3%83%87%E3%83%BC%E3%82%BF%E9%80%9A%E4%BF%A1-%E3%83%87%E3%83%BC%E3%82%BF%E9%80%9A%E4%BF%A1%E5%B0%82%E7%94%A8%EF%BC%88%E9%9B%BB%E8%A9%B1%E7%95%AA%E5%8F%B7%E3%81%AA%E3%81%97%EF%BC%895G-4G%E5%AF%BE%E5%BF%9C/dp/B0GVJHHHCM,B0GVJHHHCM,B0GVJHHHCM,Mewfi 正規販売店,mewfiのストアを表示,"{""price_jpy"": [""￥1,390""], ""usage_validity"": [""【中国 香港 マカオeSIM】4日間 高速データ通信 無制限 データ通信専用（電話番号なし）5G / 4G対応""], ""activation_validity"": [""【有効期限】eSIM情報が記載されたメールの受信日から90日以内にご利用ください。""], ""data_amount"": [""【中国 香港 マカオeSIM】利用期間中、高速データ通信を無制限でご利用いただけます。1日ごとのデータ容量上限はありません。""], ""network_type"": [""【注意事項】eSIM対応のSIMフリー端末、またはSIMロック解除済みのスマートフォン専用です。中国・香港・マカオでご利用の際は、端末のデータローミングをオンにしてください。"", ""score: local=0, roaming=3""], ""network_generation"": [""product_info_cellular_5g: source:product_info_cellular: 携帯電話技術 LTE, 5G"", ""product_info_cellular_4g_lte_signal_present_but_5g_capable_takes_precedence""], ""review_count"": [""detail_page: (14)""], ""bestseller_rank"": [""Amazon 売れ筋ランキング 家電＆カメラ - 40,615位 ( 家電＆カメラの売れ筋ランキングを見る ) プリペイドSIMカード - 478位""], ""title"": [""【中国 香港 マカオeSIM】4日間 高速データ通信 無制限 データ通信専用（電話番号なし）5G / 4G対応""]}"
amazon_jp,mo,【Almond eSIM】香港 マカオ eSIMプラン 4日間 完全無制限 4G-LTE 高速データ 使い放題 当日発行可能 出発前日本テスト用eSIM500MB 香港 マカオ プリペイドSIM 香港 esim 香港 マカオsim (4日間完全無制限),1690,308,,,,,64,4일,4일,7일,local,5g_capable,,,"{""ctm"": true, ""china_telecom_macau"": null, ""three_macau"": null}","{""skt"": null, ""kt"": null, ""lgu"": null}",unlimited,https://www.amazon.co.jp/ESIM%E3%83%97%E3%83%A9%E3%83%B3-4G-LTE-%E5%BD%93%E6%97%A5%E7%99%BA%E8%A1%8C%E5%8F%AF%E8%83%BD-%E3%83%97%E3%83%AA%E3%83%9A%E3%82%A4%E3%83%89SIM-4%E6%97%A5%E9%96%93%E5%AE%8C%E5%85%A8%E7%84%A1%E5%88%B6%E9%99%90/dp/B0CPXWSV5K,B0CPXWSV5K,B0CPXWSV5K,株式会社ビッグコネクト,bigconnectのストアを表示,"{""price_jpy"": [""￥1,690""], ""usage_validity"": [""【Almond eSIM】香港 マカオ eSIMプラン 4日間 完全無制限 4G-LTE 高速データ 使い放題 当日発行可能 出発前日本テスト用eSIM500MB 香港 マカオ プリペイドSIM 香港 esim 香港 マカオsim (4日間完全無制限)""], ""activation_validity"": [""大中華区SIMカード-中国、香港、マカオ、台湾向けプリペイドデータプラン｜2 GB毎日データ、7日有効期限｜高速4/5 G LTE｜旅行者に最適""], ""data_amount"": [""【高速データ完全無制限】 通信専用eSIMになります。※データ容量無制限。高速データ使い放題。有効期限は、メールでのQRコード発行後1カ月です。""], ""network_type"": [""【現地キャリア利用】香港 マカオで使用できるeSIM、香港 マカオ渡航スケジュールに対応する手軽なeSIMカード。キャリア：香港：Smartone、HKT、3 マカオ:CTM ，香港 マカオでは信号が広く、ネットワークが安定し、速度が速いです。eSIMのsimカードはプリペイドsimカードと違って、挿入作業不要(iPhone・androidともeSIMのQR"", ""【チョコSIM 定額（Sプラン）】【中国の電話番号付きでアプリや施設サービスのSMS認証が可能】【データ容量】合計500MB/月【音声】合計20分間/月 データ/音声/SMS付きSIMカード 中国SIM マカオSIM China unicom ※こちらのSIMカードは契約後、毎月の基本料が発生いたします。※2024年11月1日から台湾でのご利用はできなくなり"", ""score: local=9, roaming=0""], ""network_generation"": [""product_info_cellular_5g: source:product_info_cellular: 携帯電話技術 5G LTE""], ""carrier_support_local"": [""CTM: 【現地キャリア利用】香港 マカオで使用できるeSIM、香港 マカオ渡航スケジュールに対応する手軽なeSIMカード。キャリア：香港：Smartone、HKT、3 マカオ:CTM ，香港 マカオでは信号が広く、ネットワークが安定し、速度が速いです。eSIMのsimカードはプリペイドsimカードと違って、"", ""CTM: サービスプロバイダ Smartone, HKT, 3, CTM""], ""review_count"": [""detail_page: (308)""], ""bestseller_rank"": [""Amazon 売れ筋ランキング 家電＆カメラ - 5,749位 ( 家電＆カメラの売れ筋ランキングを見る ) プリペイドSIMカード - 64位""], ""title"": [""【Almond eSIM】香港 マカオ eSIMプラン 4日間 完全無制限 4G-LTE 高速データ 使い放題 当日発行可能 出発前日本テスト用eSIM500MB 香港 マカオ プリペイドSIM 香港 esim 香港 マカオsim (4日間完全無制限)""]}"
amazon_jp,mo,【中国 sim】3日間 完全無制限・高速データ通信｜中国・香港・マカオ対応｜中国本土でもGoogle・LINE・YouTube利用可能｜24時間サポート｜中国本土 プリペイドSIM 中国本土・香港・マカオ SIMカード (3日間｜無制限),1580,2,,,,,273,3일,3일,30일,roaming,5g_capable,,,"{""ctm"": true, ""china_telecom_macau"": null, ""three_macau"": null}","{""skt"": null, ""kt"": null, ""lgu"": null}",unlimited,https://www.amazon.co.jp/sim%E3%80%913%E6%97%A5%E9%96%93-%E5%AE%8C%E5%85%A8%E7%84%A1%E5%88%B6%E9%99%90%E3%83%BB%E9%AB%98%E9%80%9F%E3%83%87%E3%83%BC%E3%82%BF%E9%80%9A%E4%BF%A1%EF%BD%9C%E4%B8%AD%E5%9B%BD%E3%83%BB%E9%A6%99%E6%B8%AF%E3%83%BB%E3%83%9E%E3%82%AB%E3%82%AA%E5%AF%BE%E5%BF%9C%EF%BD%9C%E4%B8%AD%E5%9B%BD%E6%9C%AC%E5%9C%9F%E3%81%A7%E3%82%82Google%E3%83%BBLINE%E3%83%BBYouTube%E5%88%A9%E7%94%A8%E5%8F%AF%E8%83%BD%EF%BD%9C24%E6%99%82%E9%96%93%E3%82%B5%E3%83%9D%E3%83%BC%E3%83%88%EF%BD%9C%E4%B8%AD%E5%9B%BD%E6%9C%AC%E5%9C%9F-%E3%83%97%E3%83%AA%E3%83%9A%E3%82%A4%E3%83%89SIM-%E4%B8%AD%E5%9B%BD%E6%9C%AC%E5%9C%9F%E3%83%BB%E9%A6%99%E6%B8%AF%E3%83%BB%E3%83%9E%E3%82%AB%E3%82%AA-3%E6%97%A5%E9%96%93%EF%BD%9C%E7%84%A1%E5%88%B6%E9%99%90/dp/B0FPXBGL2M,B0FPXBGL2M,B0FPXBGL2M,Global Simcard,アーモンド　ＳＩｍ　ｃａｒｄのストアを表示,"{""price_jpy"": [""￥1,580""], ""usage_validity"": [""【中国 sim】3日間 完全無制限・高速データ通信｜中国・香港・マカオ対応｜中国本土でもGoogle・LINE・YouTube利用可能｜24時間サポート｜中国本土 プリペイドSIM 中国本土・香港・マカオ SIMカード (3日間｜無制限)""], ""activation_validity"": [""🔷【高速データ通信】データ専用のプリペイドSIM。容量無制限で高速データを完全使い放題！本人確認やSIMカード認証は不要で、利用期間は1～30日間から自由に選べます。 🔷【中国ネット制限なし】香港ローミング接続で中国政府の規制対象外。Google、LINE、YouTube、Facebook、Instagramなど主要アプリがVPN不要でそのまま利用可能。本人""], ""data_amount"": [""🔷【高速データ通信】データ専用のプリペイドSIM。容量無制限で高速データを完全使い放題！本人確認やSIMカード認証は不要で、利用期間は1～30日間から自由に選べます。""], ""network_type"": [""🔷【中国ネット制限なし】香港ローミング接続で中国政府の規制対象外。Google、LINE、YouTube、Facebook、Instagramなど主要アプリがVPN不要でそのまま利用可能。本人確認も不要です。"", ""🔷【高速データ通信】データ専用のプリペイドSIM。容量無制限で高速データを完全使い放題！本人確認やSIMカード認証は不要で、利用期間は1～30日間から自由に選べます。 🔷【中国ネット制限なし】香港ローミング接続で中国政府の規制対象外。Google、LINE、YouTube、Facebook、Instagramなど主要アプリがVPN不要でそのまま利用可能。本人"", ""score: local=0, roaming=3""], ""network_generation"": [""product_info_cellular_5g: source:product_info_cellular: 携帯電話技術 5G/4G-LTE""], ""carrier_support_local"": [""CTM: 🔷【対応キャリア】中国本土：中国電信（China Telecom）、香港：3HK、マカオ：CTM。中華圏への渡航に幅広く対応。"", ""CTM: 🔷【高速データ通信】データ専用のプリペイドSIM。容量無制限で高速データを完全使い放題！本人確認やSIMカード認証は不要で、利用期間は1～30日間から自由に選べます。 🔷【中国ネット制限なし】香港ローミング接続で中国政府の規制対象外。Google、LINE、YouTube、Facebook、Inst"", ""CTM: サービスプロバイダ China Telecom/3HK /CTM"", ""CTM: Amazon.co.jp: 【中国 sim】3日間 完全無制限・高速データ通信｜中国・香港・マカオ対応｜中国本土でもGoogle・LINE・YouTube利用可能｜24時間サポート｜中国本土 プリペイドSIM 中国本土・香港・マカオ SIMカード (3日間｜無制限) : 家電＆カメラ 次に移動 メイ""], ""review_count"": [""detail_page: (2)""], ""bestseller_rank"": [""Amazon 売れ筋ランキング 家電＆カメラ - 21,513位 ( 家電＆カメラの売れ筋ランキングを見る ) プリペイドSIMカード - 273位""], ""title"": [""【中国 sim】3日間 完全無制限・高速データ通信｜中国・香港・マカオ対応｜中国本土でもGoogle・LINE・YouTube利用可能｜24時間サポート｜中国本土 プリペイドSIM 中国本土・香港・マカオ SIMカード (3日間｜無制限)""]}"
amazon_jp,mo,【香港・マカオ eSIM】4日完全無制限（使い放題、低速なし） DeSiM正規卸 | LINE相談受付中 | データ通信専用（電話番号なし） | simフリー端末のみ対応 説明書付 イーシム DeSiM,2460,1,,,,,530,4일,4일,7일,unknown,lte_4g_only,,,"{""ctm"": null, ""china_telecom_macau"": null, ""three_macau"": null}","{""skt"": null, ""kt"": null, ""lgu"": null}",unlimited,https://www.amazon.co.jp/eSIM%E3%80%914%E6%97%A5%E5%AE%8C%E5%85%A8%E7%84%A1%E5%88%B6%E9%99%90%EF%BC%88%E4%BD%BF%E3%81%84%E6%94%BE%E9%A1%8C%E3%80%81%E4%BD%8E%E9%80%9F%E3%81%AA%E3%81%97%EF%BC%89-LINE%E7%9B%B8%E8%AB%87%E5%8F%97%E4%BB%98%E4%B8%AD%EF%BD%9C%E5%BD%93%E6%97%A5%E7%99%BA%E8%A1%8C%E5%8F%AF%E8%83%BD-%E3%83%87%E3%83%BC%E3%82%BF%E9%80%9A%E4%BF%A1%E5%B0%82%E7%94%A8%EF%BC%88%E9%9B%BB%E8%A9%B1%E7%95%AA%E5%8F%B7%E3%81%AA%E3%81%97%EF%BC%89-sim%E3%83%95%E3%83%AA%E3%83%BC%E7%AB%AF%E6%9C%AB%E3%81%AE%E3%81%BF%E5%AF%BE%E5%BF%9C-DeSiM/dp/B0F1DWPWZZ,B0F1DWPWZZ,B0F1DWPWZZ,DeSiM,DeSiMのストアを表示,"{""price_jpy"": [""￥2,460""], ""usage_validity"": [""【香港・マカオ eSIM】4日完全無制限（使い放題、低速なし） DeSiM正規卸 | LINE相談受付中 | データ通信専用（電話番号なし） | simフリー端末のみ対応 説明書付 イーシム DeSiM""], ""activation_validity"": [""大中華区SIMカード-中国、香港、マカオ、台湾向けプリペイドデータプラン｜2 GB毎日データ、7日有効期限｜高速4/5 G LTE｜旅行者に最適""], ""data_amount"": [""【香港・マカオ eSIM】4日完全無制限（使い放題、低速なし） DeSiM正規卸 | LINE相談受付中｜ データ通信専用（電話番号なし） | simフリー端末のみ対応 説明書付 イーシム DeSiM""], ""network_type"": [""no_local_or_roaming_keyword_matched""], ""network_generation"": [""product_info_cellular_4g_lte: source:product_info_cellular: 携帯電話技術 LTE""], ""review_count"": [""detail_page: (1)""], ""bestseller_rank"": [""Amazon 売れ筋ランキング 家電＆カメラ - 46,079位 ( 家電＆カメラの売れ筋ランキングを見る ) プリペイドSIMカード - 530位""], ""title"": [""【香港・マカオ eSIM】4日完全無制限（使い放題、低速なし） DeSiM正規卸 | LINE相談受付中 | データ通信専用（電話番号なし） | simフリー端末のみ対応 説明書付 イーシム DeSiM""]}"
amazon_jp,mo,中国本土・香港・マカオ SIMカード 10日間 (240時間) 高速データ無制限 SIMピン付き 4G/LTE SIMフリー対応 プリペイドSIMカード LINEで24時間サポート 中国sim (10日間),3280,102,,,,,706,10일,10일,10일,local,5g_capable,,,"{""ctm"": null, ""china_telecom_macau"": null, ""three_macau"": null}","{""skt"": null, ""kt"": null, ""lgu"": null}",unlimited,https://www.amazon.co.jp/%E4%B8%AD%E5%9B%BD%E6%9C%AC%E5%9C%9F%E3%83%BB%E9%A6%99%E6%B8%AF%E3%83%BB%E3%83%9E%E3%82%AB%E3%82%AA-10%E6%97%A5%E9%96%93-%E9%AB%98%E9%80%9F%E3%83%87%E3%83%BC%E3%82%BF%E7%84%A1%E5%88%B6%E9%99%90-%E3%83%97%E3%83%AA%E3%83%9A%E3%82%A4%E3%83%89SIM%E3%82%AB%E3%83%BC%E3%83%89-LINE%E3%81%A724%E6%99%82%E9%96%93%E3%82%B5%E3%83%9D%E3%83%BC%E3%83%88/dp/B0FMJ24GRZ,B0FMJ24GRZ,B0FMJ24GRZ,mewmewホーム eSIM,ＭＥＷＭＥＷホームのストアを表示,"{""price_jpy"": [""￥3,280""], ""usage_validity"": [""中国本土・香港・マカオ SIMカード 10日間 (240時間) 高速データ無制限 SIMピン付き 4G/LTE SIMフリー対応 プリペイドSIMカード LINEで24時間サポート 中国sim (10日間)""], ""activation_validity"": [""【有効期限：2026年8月10日まで】利用予定日を開通予約した後、SIMカードを端末に挿入するだけで簡単アクティベート！有効期限内ならいつでも使えます。プランの日数は24時間を一日とカウントされます。""], ""data_amount"": [""【無制限・高速データ通信】中国本土・マカオ：中華電信 香港：CSL 5G /4G/LTEに対応し、高速データ通信は完全無制限となります。高画質動画の視聴、地図検索、写真や動画のシェアなど、快適なインターネット環境を提供します。中国本土でLINE 、Google Map、Facebook、Twitter、Instagramに接続可能です。""], ""network_type"": [""【純正T-Mobile用 アメリカSIM】eSIM 5日間【使い放題】【電話番号付き】5G/4G-LTE 高速データ通信/通話/SMS/テザリング 【アメリカ ハワイ 無制限】 プリペイド SIMカード TMO esim 5days"", ""score: local=3, roaming=0""], ""network_generation"": [""product_info_cellular_5g: source:product_info_cellular: 携帯電話技術 LTE, 5G"", ""product_info_cellular_4g_lte_signal_present_but_5g_capable_takes_precedence""], ""review_count"": [""detail_page: 102""], ""bestseller_rank"": [""Amazon 売れ筋ランキング 家電＆カメラ - 69,512位 ( 家電＆カメラの売れ筋ランキングを見る ) プリペイドSIMカード - 706位""], ""title"": [""中国本土・香港・マカオ SIMカード 10日間 (240時間) 高速データ無制限 SIMピン付き 4G/LTE SIMフリー対応 プリペイドSIMカード LINEで24時間サポート 中国sim (10日間)""]}"
amazon_jp,mo,【Almond eSIM】中国 香港 マカオ 大中華 esim 7日間 高速データ通信 完全無制限 当日発行可能 中国ネット規制対象外 中国でもGoogle、LINE、YouTubeなどVPNなしで利用可能 24時間サポート 4G-LTE対応 プリペイド ESIMプラン China HONGKONG MACAO simカード (7日間完全無制限),2545,14,,,,,1100,3일,3일,7일,unknown,lte_4g_only,,,"{""ctm"": null, ""china_telecom_macau"": null, ""three_macau"": null}","{""skt"": null, ""kt"": null, ""lgu"": null}",unlimited,https://www.amazon.co.jp/%E4%B8%AD%E5%9B%BD%E3%83%8D%E3%83%83%E3%83%88%E8%A6%8F%E5%88%B6%E5%AF%BE%E8%B1%A1%E5%A4%96-%E4%B8%AD%E5%9B%BD%E3%81%A7%E3%82%82Google%E3%80%81LINE%E3%80%81YouTube%E3%81%AA%E3%81%A9VPN%E3%81%AA%E3%81%97%E3%81%A7%E5%88%A9%E7%94%A8%E5%8F%AF%E8%83%BD-24%E6%99%82%E9%96%93%E3%82%B5%E3%83%9D%E3%83%BC%E3%83%88-4G-LTE%E5%AF%BE%E5%BF%9C-7%E6%97%A5%E9%96%93%E5%AE%8C%E5%85%A8%E7%84%A1%E5%88%B6%E9%99%90/dp/B0DR872CKP,B0DR872CKP,B0DR872CKP,株式会社ビッグコネクト,bigconnectのストアを表示,"{""price_jpy"": [""￥2,545""], ""usage_validity"": [""【SKTelecoｍ公式認証】 韓国eSIM 3日間 (72時間) 電話番号付き 超高速データ無制限 最初の5分発信無料(韓国国内) お急ぎの方即時発行可(LINE相談受付中) 有効期限／ご購入日より120日以内 現地空港サポート(SKTelecomローミングセンター) SKテレコム正規品 韓国SIMカードタイプではありません""], ""activation_validity"": [""【Almond eSIM】中国 香港 マカオ 大中華 esim 7日間 高速データ通信 完全無制限 当日発行可能 中国ネット規制対象外 中国でもGoogle、LINE、YouTubeなどVPNなしで利用可能 24時間サポート 4G-LTE対応 プリペイド ESIMプラン China HONGKONG MACAO simカード (7日間完全無制限)""], ""data_amount"": [""【データプラン】データ通信専用のeSIMです。※高速データ容量は無制限。完全使い放題プラン、中国ネット規制対象外 中国でもGoogle、LINE、YouTubeなどVPNなしで利用可能、本人確認やSIMカード認証は不要で、当日に発行が可能です。""], ""network_type"": [""local_signal: 【チョコSIM 定額（Sプラン）】【中国の電話番号付きでアプリや施設サービスのSMS認証が可能】【データ容量】合計500MB/月【音声】合計20分間/月 データ/音声/SMS付きSIMカード 中国SIM マカオSIM China unicom ※こちらのSIMカードは契約後、毎月の基本料が発生いたします。※2024年11月1日から台湾でのご利用はできなくなり"", ""roaming_signal: 経験から３地域のローミングが快適なeSIMです。"", ""insufficient_or_conflicting_signals(local=6, roaming=3)""], ""network_generation"": [""product_info_cellular_4g_lte: source:product_info_cellular: 携帯電話技術 LTE""], ""review_count"": [""detail_page: (14)""], ""bestseller_rank"": [""Amazon 売れ筋ランキング 家電＆カメラ - 120,095位 ( 家電＆カメラの売れ筋ランキングを見る ) プリペイドSIMカード - 1,100位""], ""title"": [""【Almond eSIM】中国 香港 マカオ 大中華 esim 7日間 高速データ通信 完全無制限 当日発行可能 中国ネット規制対象外 中国でもGoogle、LINE、YouTubeなどVPNなしで利用可能 24時間サポート 4G-LTE対応 プリペイド ESIMプラン China HONGKONG MACAO simカード (7日間完全無制限)""]}"
amazon_jp,mo,【中国本土・香港・マカオ SIMカード】10日間 高速データ10GB SIMピン付き 4G/LTE SIMフリー対応 プリペイドSIMカード LINEで24時間サポート 中国 sim,1880,2,,,,,1322,10일,10일,31일,local,5g_capable,,,"{""ctm"": null, ""china_telecom_macau"": null, ""three_macau"": null}","{""skt"": null, ""kt"": null, ""lgu"": null}",10GB,https://www.amazon.co.jp/%E3%80%90%E4%B8%AD%E5%9B%BD%E6%9C%AC%E5%9C%9F%E3%83%BB%E9%A6%99%E6%B8%AF%E3%83%BB%E3%83%9E%E3%82%AB%E3%82%AA-SIM%E3%82%AB%E3%83%BC%E3%83%89%E3%80%9110%E6%97%A5%E9%96%93-%E9%AB%98%E9%80%9F%E3%83%87%E3%83%BC%E3%82%BF10GB-%E3%83%97%E3%83%AA%E3%83%9A%E3%82%A4%E3%83%89SIM%E3%82%AB%E3%83%BC%E3%83%89-LINE%E3%81%A724%E6%99%82%E9%96%93%E3%82%B5%E3%83%9D%E3%83%BC%E3%83%88/dp/B0FFSLGBLW,B0FFSLGBLW,B0FFSLGBLW,mewmewホーム eSIM,ＭＥＷＭＥＷホームのストアを表示,"{""price_jpy"": [""￥1,880""], ""usage_validity"": [""【中国本土・香港・マカオ SIMカード】10日間 高速データ10GB SIMピン付き 4G/LTE SIMフリー対応 プリペイドSIMカード LINEで24時間サポート 中国 sim""], ""activation_validity"": [""【有効期限：2026年8月31日まで】利用予定日を開通予約した後、SIMカードを端末に挿入するだけで簡単アクティベート！有効期限内ならいつでも使えます。""], ""data_amount"": [""型番 SIM | 10日間 10GB""], ""network_type"": [""【チョコSIM 定額（Sプラン）】【中国の電話番号付きでアプリや施設サービスのSMS認証が可能】【データ容量】合計500MB/月【音声】合計20分間/月 データ/音声/SMS付きSIMカード 中国SIM マカオSIM China unicom ※こちらのSIMカードは契約後、毎月の基本料が発生いたします。※2024年11月1日から台湾でのご利用はできなくなり"", ""【SKTelecoｍ公式認証】 韓国eSIM 3日間 (72時間) 電話番号付き 超高速データ無制限 最初の5分発信無料(韓国国内) お急ぎの方即時発行可(LINE相談受付中) 有効期限／ご購入日より120日以内 現地空港サポート(SKTelecomローミングセンター) SKテレコム正規品 韓国SIMカードタイプではありません"", ""score: local=6, roaming=0""], ""network_generation"": [""product_info_cellular_5g: source:product_info_cellular: 携帯電話技術 LTE, 5G"", ""product_info_cellular_4g_lte_signal_present_but_5g_capable_takes_precedence""], ""review_count"": [""detail_page: (2)""], ""bestseller_rank"": [""Amazon 売れ筋ランキング 家電＆カメラ - 152,072位 ( 家電＆カメラの売れ筋ランキングを見る ) プリペイドSIMカード - 1,322位""], ""title"": [""【中国本土・香港・マカオ SIMカード】10日間 高速データ10GB SIMピン付き 4G/LTE SIMフリー対応 プリペイドSIMカード LINEで24時間サポート 中国 sim""]}"
amazon_jp,mo,【中国・香港・マカオeSIM】4日間 4GB プリペイドeSIM VPN不要 LINE・Google利用可 テザリング可 高速データ 5G/4G-LTE JETSIM,1242,5,,,,,332,4일,4일,30일,local,5g_capable,,,"{""ctm"": true, ""china_telecom_macau"": null, ""three_macau"": null}","{""skt"": null, ""kt"": null, ""lgu"": null}",1GB/day,https://www.amazon.co.jp/%E3%83%9E%E3%82%AB%E3%82%AAeSIM%E3%80%914%E6%97%A5%E9%96%93-%E3%83%87%E3%83%BC%E3%82%BFSIM-%E3%83%97%E3%83%AA%E3%83%9A%E3%82%A4%E3%83%89SIM-%E3%82%B8%E3%82%A7%E3%83%83%E3%83%88%E3%83%A2%E3%83%90%E3%82%A4%E3%83%AB-%E3%83%86%E3%82%B6%E3%83%AA%E3%83%B3%E3%82%B0%E5%8F%AF/dp/B0DDBYVRYG,B0DDBYVRYG,B0DDBYVRYG,ジェスロモバイル,JETSIMのストアを表示,"{""price_jpy"": [""￥1,242""], ""usage_validity"": [""【中国・香港・マカオeSIM】4日間 4GB プリペイドeSIM VPN不要 LINE・Google利用可 テザリング可 高速データ 5G/4G-LTE JETSIM""], ""activation_validity"": [""商品の説明 購入後すぐにeSIMを使えますか？ はい、すぐにご利用いただけます。スムーズにご利用いただくために、申請フォームのご提出をお願いいたします。 eSIMのアクティベーションは必要ですか？ アクティベーションは不要です。eSIMをスマートフォンに追加すれば、現地に到着次第、自動的に接続されます！ 複数の国で利用できるプランは国をまたいで移動する際も、""], ""data_amount"": [""【データ無制限】中国・香港・マカオで4日間 5G/4G-LTE 高速データ4GB、その後2G速度で使い放題。テザリング対応。高速データ1日1GBまで。""], ""network_type"": [""【T-Mobile純正品】eSIM版 アメリカ ハワイ SIM 7日間【使い放題】【電話番号付き】5G/4G-LTE 高速データ通信/通話/SMS/テザリング 【アメリカ ハワイ 無制限】 プリペイド SIMカード T-Mobile esim 7days"", ""【グローカルネット】100GB 365日 ギガ付き KURUFi クルファイ バッテリーレス ポケットWiFi モバイルルーター 軽量 小型 車載対応 契約不要 返却不要 月額0円 簡単 リチャージ KD-1 (USB type-A 変換アダプタ付属)"", ""score: local=10, roaming=0""], ""network_generation"": [""product_info_cellular_5g: source:product_info_cellular: 携帯電話技術 LTE, 5G"", ""product_info_cellular_4g_lte_signal_present_but_5g_capable_takes_precedence""], ""carrier_support_local"": [""CTM: 【高品質回線】 大手通信キャリア回線を使用。広範囲で安定した快適な通信を提供。中国：中国聯通（China Unicom）回線。香港：3HK回線。マカオ：CTM回線。"", ""CTM: サービスプロバイダ 中国聯通（China Unicom）、3HK、CTM""], ""review_count"": [""detail_page: (5)""], ""bestseller_rank"": [""Amazon 売れ筋ランキング 家電＆カメラ - 26,430位 ( 家電＆カメラの売れ筋ランキングを見る ) プリペイドSIMカード - 332位""], ""title"": [""【中国・香港・マカオeSIM】4日間 4GB プリペイドeSIM VPN不要 LINE・Google利用可 テザリング可 高速データ 5G/4G-LTE JETSIM""]}"
amazon_jp,mo,香港 マカオ simcard 3GB/日 大容量 高速データ通信 低速データ無制限 使い放題 プリペイド SIMカードsimcard 香港simcard マカオ simcard 香港sim マカオ sim (5日間),1453,22,,,,,444,3일,3일,5일,local,lte_4g_only,,,"{""ctm"": true, ""china_telecom_macau"": null, ""three_macau"": null}","{""skt"": null, ""kt"": null, ""lgu"": null}",unlimited,https://www.amazon.co.jp/simcard-%E4%BD%8E%E9%80%9F%E3%83%87%E3%83%BC%E3%82%BF%E7%84%A1%E5%88%B6%E9%99%90-SIM%E3%82%AB%E3%83%BC%E3%83%89simcard-%E9%A6%99%E6%B8%AFsimcard-5%E6%97%A5%E9%96%93/dp/B0CNCVSCSH,B0CNCVSCSH,B0CNCVSCSH,株式会社ビッグコネクト,bigconnectのストアを表示,"{""price_jpy"": [""￥1,453""], ""usage_validity"": [""【SKTelecoｍ公式認証】 韓国eSIM 3日間 (72時間) 電話番号付き 超高速データ無制限 最初の5分発信無料(韓国国内) お急ぎの方即時発行可(LINE相談受付中) 有効期限／ご購入日より120日以内 現地空港サポート(SKTelecomローミングセンター) SKテレコム正規品 韓国SIMカードタイプではありません""], ""activation_validity"": [""香港 マカオ simcard 3GB/日 大容量 高速データ通信 低速データ無制限 使い放題 プリペイド SIMカードsimcard 香港simcard マカオ simcard 香港sim マカオ sim (5日間)""], ""data_amount"": [""【大容量高速通信】香港 マカオで利用可能なプリペイドSIMカード。安定した4G-lte高速データ通信。キャリア：香港：Smartone、HKT、3 マカオ:CTM 。※データ容量無制限。ただしデータ一日使用量が3GBに達すると最大通信速度が128kbpsに低下します。翌日の香港時間0時自動的にスピード制限を解除します。デザリングも使用できます。128kbps""], ""network_type"": [""【チョコSIM 定額（Sプラン）】【中国の電話番号付きでアプリや施設サービスのSMS認証が可能】【データ容量】合計500MB/月【音声】合計20分間/月 データ/音声/SMS付きSIMカード 中国SIM マカオSIM China unicom ※こちらのSIMカードは契約後、毎月の基本料が発生いたします。※2024年11月1日から台湾でのご利用はできなくなり"", ""【SKTelecoｍ公式認証】 韓国eSIM 3日間 (72時間) 電話番号付き 超高速データ無制限 最初の5分発信無料(韓国国内) お急ぎの方即時発行可(LINE相談受付中) 有効期限／ご購入日より120日以内 現地空港サポート(SKTelecomローミングセンター) SKテレコム正規品 韓国SIMカードタイプではありません"", ""score: local=6, roaming=0""], ""network_generation"": [""product_info_cellular_4g_lte: source:product_info_cellular: 携帯電話技術 4G LTE""], ""carrier_support_local"": [""CTM: 【大容量高速通信】香港 マカオで利用可能なプリペイドSIMカード。安定した4G-lte高速データ通信。キャリア：香港：Smartone、HKT、3 マカオ:CTM 。※データ容量無制限。ただしデータ一日使用量が3GBに達すると最大通信速度が128kbpsに低下します。翌日の香港時間0時自動的にスピー""], ""review_count"": [""detail_page: (22)""], ""bestseller_rank"": [""Amazon 売れ筋ランキング 家電＆カメラ - 37,681位 ( 家電＆カメラの売れ筋ランキングを見る ) プリペイドSIMカード - 444位""], ""title"": [""香港 マカオ simcard 3GB/日 大容量 高速データ通信 低速データ無制限 使い放題 プリペイド SIMカードsimcard 香港simcard マカオ simcard 香港sim マカオ sim (5日間)""]}"
amazon_jp,mo,【中国・香港・マカオ eSIM】4日間 高速無制限 データ通信専用（電話番号なし） 5G/4G-LTE対応 中国でもGoogle、LINE、YouTubeをVPNなしで利用可能 説明書付き LINEで24時間サポート 香港 マカオ 中国SIM MEWMEWホーム (4日間),1730,10,,,,,1458,3일,3일,4일,local,5g_capable,,,"{""ctm"": null, ""china_telecom_macau"": null, ""three_macau"": null}","{""skt"": null, ""kt"": null, ""lgu"": null}",unlimited,https://www.amazon.co.jp/%E3%80%90%E4%B8%AD%E5%9B%BD%E3%83%BB%E9%A6%99%E6%B8%AF%E3%83%BB%E3%83%9E%E3%82%AB%E3%82%AA-%E3%83%87%E3%83%BC%E3%82%BF%E9%80%9A%E4%BF%A1%E5%B0%82%E7%94%A8%EF%BC%88%E9%9B%BB%E8%A9%B1%E7%95%AA%E5%8F%B7%E3%81%AA%E3%81%97%EF%BC%89-%E4%B8%AD%E5%9B%BD%E3%81%A7%E3%82%82Google%E3%80%81LINE%E3%80%81YouTube%E3%82%92VPN%E3%81%AA%E3%81%97%E3%81%A7%E5%88%A9%E7%94%A8%E5%8F%AF%E8%83%BD-LINE%E3%81%A724%E6%99%82%E9%96%93%E3%82%B5%E3%83%9D%E3%83%BC%E3%83%88-4%E6%97%A5%E9%96%93/dp/B0F1ZXGFDC,B0F1ZXGFDC,B0F1ZXGFDC,mewmewホーム eSIM,ＭＥＷＭＥＷホームのストアを表示,"{""price_jpy"": [""￥1,730""], ""usage_validity"": [""【SKTelecoｍ公式認証】 韓国eSIM 3日間 (72時間) 電話番号付き 超高速データ無制限 最初の5分発信無料(韓国国内) お急ぎの方即時発行可(LINE相談受付中) 有効期限／ご購入日より120日以内 現地空港サポート(SKTelecomローミングセンター) SKテレコム正規品 韓国SIMカードタイプではありません""], ""activation_validity"": [""【中国・香港・マカオ eSIM】4日間 高速無制限 データ通信専用（電話番号なし） 5G/4G-LTE対応 中国でもGoogle、LINE、YouTubeをVPNなしで利用可能 説明書付き LINEで24時間サポート 香港 マカオ 中国SIM MEWMEWホーム (4日間)""], ""data_amount"": [""【高速無制限】中国本土・香港・マカオにて高速データ通信量は完全無制限となります。安心して頻繁にインターネットを利用したり、高画質の動画を視聴したり、いつでも地図を検索したり、旅行の写真を共有することができます。""], ""network_type"": [""【チョコSIM 定額（Sプラン）】【中国の電話番号付きでアプリや施設サービスのSMS認証が可能】【データ容量】合計500MB/月【音声】合計20分間/月 データ/音声/SMS付きSIMカード 中国SIM マカオSIM China unicom ※こちらのSIMカードは契約後、毎月の基本料が発生いたします。※2024年11月1日から台湾でのご利用はできなくなり"", ""【SKTelecoｍ公式認証】 韓国eSIM 3日間 (72時間) 電話番号付き 超高速データ無制限 最初の5分発信無料(韓国国内) お急ぎの方即時発行可(LINE相談受付中) 有効期限／ご購入日より120日以内 現地空港サポート(SKTelecomローミングセンター) SKテレコム正規品 韓国SIMカードタイプではありません"", ""score: local=6, roaming=0""], ""network_generation"": [""product_info_cellular_5g: source:product_info_cellular: 携帯電話技術 LTE, 5G"", ""product_info_cellular_4g_lte_signal_present_but_5g_capable_takes_precedence""], ""review_count"": [""detail_page: (10)""], ""bestseller_rank"": [""Amazon 売れ筋ランキング 家電＆カメラ - 169,873位 ( 家電＆カメラの売れ筋ランキングを見る ) プリペイドSIMカード - 1,458位""], ""title"": [""【中国・香港・マカオ eSIM】4日間 高速無制限 データ通信専用（電話番号なし） 5G/4G-LTE対応 中国でもGoogle、LINE、YouTubeをVPNなしで利用可能 説明書付き LINEで24時間サポート 香港 マカオ 中国SIM MEWMEWホーム (4日間)""]}"
amazon_jp,mo,香港・マカオ eSIM 1日間 (24時間) 無制限データ｜公式キャリア回線｜本人確認不要｜5G/4G 高速通信｜プリペイドeSIM 香港eSIM マカオeSIM (1日間),750,20,,,,,729,1일,1일,1일,unknown,5g_capable,,,"{""ctm"": null, ""china_telecom_macau"": true, ""three_macau"": null}","{""skt"": null, ""kt"": null, ""lgu"": null}",unlimited,https://www.amazon.co.jp/%E9%A6%99%E6%B8%AF%E3%83%BB%E3%83%9E%E3%82%AB%E3%82%AA-%E7%84%A1%E5%88%B6%E9%99%90%E3%83%87%E3%83%BC%E3%82%BF%EF%BD%9C%E5%85%AC%E5%BC%8F%E3%82%AD%E3%83%A3%E3%83%AA%E3%82%A2%E5%9B%9E%E7%B7%9A%EF%BD%9C%E6%9C%AC%E4%BA%BA%E7%A2%BA%E8%AA%8D%E4%B8%8D%E8%A6%81%EF%BD%9C5G-%E9%AB%98%E9%80%9F%E9%80%9A%E4%BF%A1%EF%BD%9C%E3%83%97%E3%83%AA%E3%83%9A%E3%82%A4%E3%83%89eSIM-%E9%A6%99%E6%B8%AFeSIM-%E3%83%9E%E3%82%AB%E3%82%AAeSIM/dp/B0GSTQMHQJ,B0GSTQMHQJ,B0GSTQMHQJ,mewmewホーム eSIM,ＭＥＷＭＥＷホームのストアを表示,"{""price_jpy"": [""￥750""], ""usage_validity"": [""香港・マカオ eSIM 1日間 (24時間) 無制限データ｜公式キャリア回線｜本人確認不要｜5G/4G 高速通信｜プリペイドeSIM 香港eSIM マカオeSIM (1日間)""], ""activation_validity"": [""【有効期限】QRコードは90日以内に有効です。日本国内でQRコードをスキャンして事前設定が可能。プランの日数は、24時間を1日としてカウントされます。""], ""data_amount"": [""【データ通信無制限】香港/マカオで利用可能なデータ通信専用のプリペイドeSIMです。現地大手キャリア回線を利用しており、広いエリアで安定した高速データ通信をご利用いただけます。高速データ通信は無制限、本人確認不要。旅行・短期滞在・ビジネス出張など、さまざまなシーンにおすすめのeSIMです。""], ""network_type"": [""no_local_or_roaming_keyword_matched""], ""network_generation"": [""product_info_cellular_5g: source:product_info_cellular: 携帯電話技術 LTE, 5G"", ""product_info_cellular_4g_lte_signal_present_but_5g_capable_takes_precedence""], ""carrier_support_local"": [""China Telecom (Macau): サービスプロバイダ CSL, China Mobile Hong Kong, China Telecom Macau"", ""China Telecom (Macau): Amazon.co.jp: 香港・マカオ eSIM 1日間 (24時間) 無制限データ｜公式キャリア回線｜本人確認不要｜5G/4G 高速通信｜プリペイドeSIM 香港eSIM マカオeSIM (1日間) : 家電＆カメラ 次に移動 メインコンテンツ この商品について この商品について この商品につい""], ""review_count"": [""detail_page: (20)""], ""bestseller_rank"": [""Amazon 売れ筋ランキング 家電＆カメラ - 71,710位 ( 家電＆カメラの売れ筋ランキングを見る ) プリペイドSIMカード - 729位""], ""title"": [""香港・マカオ eSIM 1日間 (24時間) 無制限データ｜公式キャリア回線｜本人確認不要｜5G/4G 高速通信｜プリペイドeSIM 香港eSIM マカオeSIM (1日間)""]}"
amazon_jp,mo,【中国 香港 マカオeSIM】30日間20GB 高速データ通信 無制限 使い放題 実名登録不要 中国ネット規制対象外 ｜Google LINE YouTubeなどVPNなしで利用可能｜中国 simカード 香港sim マカオsim マカオeSIM プリペイド SIM eSIM｜旅行・出張・留学｜安心サポート 5G 4G-LTE対応 当日発行可能,1850,2,,,,,917,1일,1일,30일,roaming,5g_capable,,,"{""ctm"": true, ""china_telecom_macau"": null, ""three_macau"": null}","{""skt"": null, ""kt"": null, ""lgu"": null}",20GB,https://www.amazon.co.jp/%E3%83%9E%E3%82%AB%E3%82%AAeSIM%E3%80%9130%E6%97%A5%E9%96%9320GB-128kbps%E7%84%A1%E5%88%B6%E9%99%90-%E4%B8%AD%E5%9B%BD%E3%83%8D%E3%83%83%E3%83%88%E8%A6%8F%E5%88%B6%E5%AF%BE%E8%B1%A1%E5%A4%96-YouTube%E3%81%AA%E3%81%A9VPN%E3%81%AA%E3%81%97%E3%81%A7%E5%88%A9%E7%94%A8%E5%8F%AF%E8%83%BD%EF%BD%9C%E4%B8%AD%E5%9B%BD-eSIM%EF%BD%9C%E6%97%85%E8%A1%8C%E3%83%BB%E5%87%BA%E5%BC%B5%E3%83%BB%E7%95%99%E5%AD%A6%EF%BD%9C%E5%AE%89%E5%BF%83%E3%82%B5%E3%83%9D%E3%83%BC%E3%83%88/dp/B0FR426ZVY,B0FR426ZVY,B0FR426ZVY,Global Travel SIM Card,onetoneのストアを表示,"{""price_jpy"": [""￥1,850""], ""usage_validity"": [""【有効期限について】eSIM カードはアクティベーション前の有効期限が 365 日です。アクティベーション後の有効期間は購入した日数と一致し、24 時間を 1 日として計算されます""], ""activation_validity"": [""【中国 香港 マカオeSIM】30日間20GB 高速データ通信 無制限 使い放題 実名登録不要 中国ネット規制対象外 ｜Google LINE YouTubeなどVPNなしで利用可能｜中国 simカード 香港sim マカオsim マカオeSIM プリペイド SIM eSIM｜旅行・出張・留学｜安心サポート 5G 4G-LTE対応 当日発行可能""], ""data_amount"": [""型番 30日間20GB""], ""network_type"": [""商品の説明 注意事項： 1. eSIMが提供する機能とサービス 現在のeSIMはデータ通信のみサポートしており、音声通話およびSMS機能はサポートしていません。 2. スマートフォンがeSIMをサポートしているかどうかの確認方法 「通話」画面で`*#06#`を入力すると、EID情報が表示されます。これはスマートフォンがeSIMのインストールをサポートしている"", ""score: local=0, roaming=3""], ""network_generation"": [""product_info_cellular_5g: source:product_info_cellular: 携帯電話技術 5G,4G,LTE""], ""carrier_support_local"": [""CTM: サービスプロバイダ China mobile/Smartone/CTM"", ""CTM: Amazon.co.jp: 【中国 香港 マカオeSIM】30日間20GB 高速データ通信 無制限 使い放題 実名登録不要 中国ネット規制対象外 ｜Google LINE YouTubeなどVPNなしで利用可能｜中国 simカード 香港sim マカオsim マカオeSIM プリペイド SIM eSI""], ""review_count"": [""detail_page: (2)""], ""bestseller_rank"": [""Amazon 売れ筋ランキング 家電＆カメラ - 95,364位 ( 家電＆カメラの売れ筋ランキングを見る ) プリペイドSIMカード - 917位""], ""title"": [""【中国 香港 マカオeSIM】30日間20GB 高速データ通信 無制限 使い放題 実名登録不要 中国ネット規制対象外 ｜Google LINE YouTubeなどVPNなしで利用可能｜中国 simカード 香港sim マカオsim マカオeSIM プリペイド SIM eSIM｜旅行・出張・留学｜安心サポート 5G 4G-LTE対応 当日発行可能""]}"
amazon_jp,mo,【中国チャージ式Sim】中国本土31省と中国 台湾 香港 マカオ 1GB 7日間 プリペイドSIMカード,702,2,,,,,1030,7일,7일,360일,roaming,lte_4g_only,,,"{""ctm"": null, ""china_telecom_macau"": null, ""three_macau"": null}","{""skt"": null, ""kt"": null, ""lgu"": null}",1GB,https://www.amazon.co.jp/%E3%80%90%E4%B8%AD%E5%9B%BD%E3%83%81%E3%83%A3%E3%83%BC%E3%82%B8%E5%BC%8FSim%E3%80%91%E4%B8%AD%E5%9B%BD%E6%9C%AC%E5%9C%9F31%E7%9C%81%E3%81%A8%E4%B8%AD%E5%9B%BD-%E3%83%9E%E3%82%AB%E3%82%AA-1GB-7%E6%97%A5%E9%96%93-%E3%83%97%E3%83%AA%E3%83%9A%E3%82%A4%E3%83%89SIM%E3%82%AB%E3%83%BC%E3%83%89/dp/B0GVRHFPKS,B0GVRHFPKS,B0GVRHFPKS,EIOTCLUB Japan,ブランド: EIOTCLUB,"{""price_jpy"": [""￥702""], ""usage_validity"": [""【中国チャージ式Sim】中国本土31省と中国 台湾 香港 マカオ 1GB 7日間 プリペイドSIMカード""], ""activation_validity"": [""【チャージ可能】多様なチャージプランをご用意しており、お客様のニーズに合わせて自由にお選びいただけます。利用期限終了後も360日以内であれば再チャージにより繰り返し利用でき、チャージするたびにカードの有効期限も延長されます。※360日はデータ期間ではなく、終了後にチャージ可能な猶予期間を指します。""], ""data_amount"": [""【中国対応】中国本土31省と中国・台湾・香港・マカオで使える1GB（7日間）の高速データを内蔵。安定した通信を必要とする旅行者やビジネスパーソンに適です。どこへ行っても最高のエリアカバー率と強力な電波をお届けし、快適な通信環境を提供します。""], ""network_type"": [""商品の説明 【初期内蔵プラン詳細】 データ容量： 1GB 高速データ通信 利用期間： 7日間（アクティベーション完了日よりカウント開始） 【対応】中国本土（31省）および 港澳台エリアで使える 【リチャージについて】 データ容量を使い切った後、または利用期限が終了した後も、オンラインで簡単にチャージが可能です。お客様のニーズに合わせて、EIOTCLUBが提供"", ""score: local=0, roaming=3""], ""network_generation"": [""product_info_cellular_4g_lte: source:product_info_cellular: 携帯電話技術 LTE""], ""review_count"": [""detail_page: (2)""], ""bestseller_rank"": [""Amazon 売れ筋ランキング 家電＆カメラ - 110,635位 ( 家電＆カメラの売れ筋ランキングを見る ) プリペイドSIMカード - 1,030位""], ""title"": [""【中国チャージ式Sim】中国本土31省と中国 台湾 香港 マカオ 1GB 7日間 プリペイドSIMカード""]}"
amazon_jp,mo,アジア周遊10カ国 利用日数8日データ容量6GB プリペイドSIM 利用可能国：インドネシア、韓国、シンガポール、タイ、中国、日本、ベトナム、香港、マカオ、マレーシア,833,2,,,,,56,1일,1일,8일,unknown,lte_4g_only,,,"{""ctm"": null, ""china_telecom_macau"": null, ""three_macau"": null}","{""skt"": null, ""kt"": null, ""lgu"": null}",6GB,https://www.amazon.co.jp/Wise-SIM-%E3%82%A2%E3%82%B8%E3%82%A2%E5%91%A8%E9%81%8A10%E3%82%AB%E5%9B%BD-%E5%88%A9%E7%94%A8%E6%97%A5%E6%95%B08%E6%97%A5%E3%83%87%E3%83%BC%E3%82%BF%E5%AE%B9%E9%87%8F6GB-%E5%88%A9%E7%94%A8%E5%8F%AF%E8%83%BD%E5%9B%BD%EF%BC%9A%E3%82%A4%E3%83%B3%E3%83%89%E3%83%8D%E3%82%B7%E3%82%A2%E3%80%81%E9%9F%93%E5%9B%BD%E3%80%81%E3%82%B7%E3%83%B3%E3%82%AC%E3%83%9D%E3%83%BC%E3%83%AB%E3%80%81%E3%82%BF%E3%82%A4%E3%80%81%E4%B8%AD%E5%9B%BD%E3%80%81%E6%97%A5%E6%9C%AC%E3%80%81%E3%83%99%E3%83%88%E3%83%8A%E3%83%A0%E3%80%81%E9%A6%99%E6%B8%AF%E3%80%81%E3%83%9E%E3%82%AB%E3%82%AA%E3%80%81%E3%83%9E%E3%83%AC%E3%83%BC%E3%82%B7%E3%82%A2/dp/B0H4YQLMBC,B0H4YQLMBC,B0H4YQLMBC,ブランド: Wise SIM,ブランド: Wise SIM,"{""price_jpy"": [""価格 ￥833 ￥1,786 ￥1,680 ￥1,785 ￥1,399 配送料 ￥1,422""], ""usage_validity"": [""■利用期間：香港の通信会社が発行しているSIMの為、香港時間を基準として電波を受信後8日(日数カウント) 例えば香港の23時に利用開始した場合、1時間で1日分としてカウントされますのでご留意ください。 ※延長・チャージは出来ません。""], ""activation_validity"": [""アジア周遊10カ国 利用日数8日データ容量6GB プリペイドSIM 利用可能国：インドネシア、韓国、シンガポール、タイ、中国、日本、ベトナム、香港、マカオ、マレーシア""], ""data_amount"": [""【データ容量】 高速データ通信が6GB利用可能です。 ※上限後128kbpsへ速度低下となりますが期限迄は止まる事無く通信利用が可能です。""], ""network_type"": [""local_signal: 【T-Mobile純正品】eSIM版 アメリカ ハワイ SIM 7日間【使い放題】【電話番号付き】5G/4G-LTE 高速データ通信/通話/SMS/テザリング 【アメリカ ハワイ 無制限】 プリペイド SIMカード T-Mobile esim 7days"", ""roaming_signal: アジア旅行SIMカード、15日間-2GB毎日の高速データ、20分の通話＆10のテキスト、シンガポール、マレーシア、タイ＆インドをカバー、プリペイド - ローミングなし - 簡単なセットアップ"", ""insufficient_or_conflicting_signals(local=6, roaming=3)""], ""network_generation"": [""product_info_cellular_4g_lte: source:product_info_cellular: 携帯電話技術 4G/LTE""], ""review_count"": [""detail_page: 2""], ""bestseller_rank"": [""Amazon 売れ筋ランキング 家電＆カメラ - 5,306位 ( 家電＆カメラの売れ筋ランキングを見る ) プリペイドSIMカード - 56位""], ""title"": [""アジア周遊10カ国 利用日数8日データ容量6GB プリペイドSIM 利用可能国：インドネシア、韓国、シンガポール、タイ、中国、日本、ベトナム、香港、マカオ、マレーシア""]}"
amazon_jp,mo,【中国 香港 マカオeSIM】7日間 10GB高速データ通信 TikTok利用可能 データ通信専用,1580,10,,,,,848,7일,7일,90일,roaming,unknown,,,"{""ctm"": null, ""china_telecom_macau"": null, ""three_macau"": null}","{""skt"": null, ""kt"": null, ""lgu"": null}",10GB,https://www.amazon.co.jp/%E3%83%9E%E3%82%AB%E3%82%AAeSIM%E3%80%917%E6%97%A5%E9%96%93-10GB%E9%AB%98%E9%80%9F%E3%83%87%E3%83%BC%E3%82%BF%E9%80%9A%E4%BF%A1-%E3%83%87%E3%83%BC%E3%82%BF%E9%80%9A%E4%BF%A1%E5%B0%82%E7%94%A8%EF%BC%88%E9%9B%BB%E8%A9%B1%E7%95%AA%E5%8F%B7%E3%81%AA%E3%81%97%EF%BC%89%E5%8D%B3%E6%97%A5%E7%99%BA%E8%A1%8C%E5%8F%AF%E8%83%BD-%E4%B8%AD%E5%9B%BD%E6%9C%AC%E5%9C%9F%E3%83%BB%E9%A6%99%E6%B8%AF%E3%83%BB%E3%83%9E%E3%82%AB%E3%82%AA%E5%AF%BE%E5%BF%9CeSIM-mewfi/dp/B0FKMKFXKM,B0FKMKFXKM,B0FKMKFXKM,Mewfi 正規販売店,mewfiのストアを表示,"{""price_jpy"": [""￥1,580""], ""usage_validity"": [""【中国 香港 マカオeSIM】7日間 10GB高速データ通信 TikTok利用可能 データ通信専用""], ""activation_validity"": [""【有効期限】eSIM情報を記載したメールを受信した日から90日間が有効期限となります。期限内にご利用ください。""], ""data_amount"": [""【高速データ通信】中国本土・香港・マカオで利用可能なeSIMです。7日間の有効期間中に10GBの高速データ通信をご利用いただけます。10GBを超過すると通信は自動的に停止します。""], ""network_type"": [""【対応端末】eSIM対応かつSIMロックのかかっていないスマートフォンでのみご利用いただけます。日本国内で事前にQRコードを読み込んでインストール可能で、現地に到着後に本eSIMを選択し、ローミングを有効にすると自動的にネットワークに接続されます。"", ""Amazon | 【中国 香港 マカオeSIM】7日間 10GB高速データ通信 TikTok利用可能 データ通信専用 | 即日発行可能 メール登録で納品 中国本土・香港・マカオ対応eSIM mewfi | mewfi | プリペイド電話カード 次に移動 メインコンテンツ この商品について この商品について この商品について 購入オプション 類似商品と比較する"", ""score: local=0, roaming=2""], ""network_generation"": [""fallback_5g: source:image_alt: 中国eSIM｜5日間 高速データ無制限｜中国本土・香港・マカオ対応｜VPN付き LINE・YouTube・Google利用可｜4G/5G 即日発行可能 (5日間)"", ""fallback_4g_lte: source:image_alt: 中国eSIM｜5日間 高速データ無制限｜中国本土・香港・マカオ対応｜VPN付き LINE・YouTube・Google利用可｜4G/5G 即日発行可能 (5日間)"", ""fallback_only_network_generation_signal""], ""review_count"": [""detail_page: (10)""], ""bestseller_rank"": [""Amazon 売れ筋ランキング 家電＆カメラ - 87,077位 ( 家電＆カメラの売れ筋ランキングを見る ) プリペイドSIMカード - 848位""], ""title"": [""【中国 香港 マカオeSIM】7日間 10GB高速データ通信 TikTok利用可能 データ通信専用""]}"
amazon_jp,mo,アジア10ヶ国eSIM 8日 データ容量5GB ローミングeSIM 5G/4G対応 LINEで24時間サポート プリペイド SIM/利用可能国：マカオ・マレーシア・インドネシア・シンガポール・タイ・フィリピン・ベトナム等 ＭＥＷＭＥＷホーム (８日間 5GB),1780,10,,,,,501,5일,5일,8일,roaming,lte_4g_only,,,"{""ctm"": null, ""china_telecom_macau"": null, ""three_macau"": null}","{""skt"": null, ""kt"": null, ""lgu"": null}",5GB,https://www.amazon.co.jp/LINE%E3%81%A724%E6%99%82%E9%96%93%E3%82%B5%E3%83%9D%E3%83%BC%E3%83%88-%E5%88%A9%E7%94%A8%E5%8F%AF%E8%83%BD%E5%9B%BD%EF%BC%9A%E3%83%9E%E3%82%AB%E3%82%AA%E3%83%BB%E3%83%9E%E3%83%AC%E3%83%BC%E3%82%B7%E3%82%A2%E3%83%BB%E3%82%A4%E3%83%B3%E3%83%89%E3%83%8D%E3%82%B7%E3%82%A2%E3%83%BB%E3%82%B7%E3%83%B3%E3%82%AC%E3%83%9D%E3%83%BC%E3%83%AB%E3%83%BB%E3%82%BF%E3%82%A4%E3%83%BB%E3%83%95%E3%82%A3%E3%83%AA%E3%83%94%E3%83%B3%E3%83%BB%E3%83%99%E3%83%88%E3%83%8A%E3%83%A0%E7%AD%89-%EF%BC%AD%EF%BC%A5%EF%BC%B7%EF%BC%AD%EF%BC%A5%EF%BC%B7%E3%83%9B%E3%83%BC%E3%83%A0-%EF%BC%98%E6%97%A5%E9%96%93-5GB/dp/B0FKSCNDJD,B0FKSCNDJD,B0FKSCNDJD,mewmewホーム eSIM,ＭＥＷＭＥＷホームのストアを表示,"{""price_jpy"": [""￥1,780""], ""usage_validity"": [""インドネシア旅行SIMカード - 5G/4G LTE高速データ - プリペイド＆ローミング禁止 - 5日間1GB - 観光客やビジネス旅行者のための簡単な有効化""], ""activation_validity"": [""アジア10ヶ国eSIM 8日 データ容量5GB ローミングeSIM 5G/4G対応 LINEで24時間サポート プリペイド SIM/利用可能国：マカオ・マレーシア・インドネシア・シンガポール・タイ・フィリピン・ベトナム等 ＭＥＷＭＥＷホーム (８日間 5GB)""], ""data_amount"": [""アジア周遊中、この1枚のeSIMだけでOK！面倒な交換の必要がなく、とても便利です。・利用期間：8日間・データ容量：5GB（高速通信）・容量超過後：256Kbpsで無制限に利用可能（通信が止まることはありません）・データ通信専用 (通話・SMS利用は出来ません)""], ""network_type"": [""アジア10ヶ国eSIM 8日 データ容量5GB ローミングeSIM 5G/4G対応 LINEで24時間サポート プリペイド SIM/利用可能国：マカオ・マレーシア・インドネシア・シンガポール・タイ・フィリピン・ベトナム等 ＭＥＷＭＥＷホーム (８日間 5GB)"", ""Amazon.co.jp: アジア10ヶ国eSIM 8日 データ容量5GB ローミングeSIM 5G/4G対応 LINEで24時間サポート プリペイド SIM/利用可能国：マカオ・マレーシア・インドネシア・シンガポール・タイ・フィリピン・ベトナム等 ＭＥＷＭＥＷホーム (８日間 5GB) : 家電＆カメラ"", ""score: local=0, roaming=10""], ""network_generation"": [""product_info_cellular_4g_lte: source:product_info_cellular: 携帯電話技術 LTE""], ""review_count"": [""detail_page: (10)""], ""bestseller_rank"": [""Amazon 売れ筋ランキング 家電＆カメラ - 43,380位 ( 家電＆カメラの売れ筋ランキングを見る ) プリペイドSIMカード - 501位""], ""title"": [""アジア10ヶ国eSIM 8日 データ容量5GB ローミングeSIM 5G/4G対応 LINEで24時間サポート プリペイド SIM/利用可能国：マカオ・マレーシア・インドネシア・シンガポール・タイ・フィリピン・ベトナム等 ＭＥＷＭＥＷホーム (８日間 5GB)""]}"
amazon_jp,mo,【中国 香港 マカオ eSIM】5日間 無制限 実名登録不要 高速データ通信 低速なし 中国ネット規制対象外 Line、Youtube、GoogleなどVPNなしで利用可能 QRコード設定 メール登録で納品 即日発行対応 急ぎの方LINEサポートあり 中国esim 香港esim マカオesim,1880,22,,,,,571,1일,1일,5일,unknown,lte_4g_only,,,"{""ctm"": null, ""china_telecom_macau"": null, ""three_macau"": null}","{""skt"": null, ""kt"": null, ""lgu"": null}",unlimited,https://www.amazon.co.jp/eSIM%E3%80%915%E6%97%A5%E9%96%93-%E4%B8%AD%E5%9B%BD%E3%83%8D%E3%83%83%E3%83%88%E8%A6%8F%E5%88%B6%E5%AF%BE%E8%B1%A1%E5%A4%96-Line%E3%80%81Youtube%E3%80%81Google%E3%81%AA%E3%81%A9VPN%E3%81%AA%E3%81%97%E3%81%A7%E5%88%A9%E7%94%A8%E5%8F%AF%E8%83%BD-%E3%83%A1%E3%83%BC%E3%83%AB%E7%99%BB%E9%8C%B2%E3%81%A7%E7%B4%8D%E5%93%81-%E6%80%A5%E3%81%8E%E3%81%AE%E6%96%B9LINE%E3%82%B5%E3%83%9D%E3%83%BC%E3%83%88%E3%81%82%E3%82%8A/dp/B0FBVRLKHL,B0FBVRLKHL,B0FBVRLKHL,マグロeSIM,マグロeSIMのストアを表示,"{""price_jpy"": [""￥1,880""], ""usage_validity"": [""【注意事項①】有効期限：eSIM QRコードを受け取ってから90日間です（有効期間内にご利用ください）。eSIMの使用期間については、24時間を1日とカウントされますので、ご了承ください。""], ""activation_validity"": [""【中国 香港 マカオ eSIM】5日間 無制限 実名登録不要 高速データ通信 低速なし 中国ネット規制対象外 Line、Youtube、GoogleなどVPNなしで利用可能 QRコード設定 メール登録で納品 即日発行対応 急ぎの方LINEサポートあり 中国esim 香港esim マカオesim""], ""data_amount"": [""【高速データ】高速データ通信が無制限に使用可能です。""], ""network_type"": [""local_signal: 【チョコSIM 定額（Sプラン）】【中国の電話番号付きでアプリや施設サービスのSMS認証が可能】【データ容量】合計500MB/月【音声】合計20分間/月 データ/音声/SMS付きSIMカード 中国SIM マカオSIM China unicom ※こちらのSIMカードは契約後、毎月の基本料が発生いたします。※2024年11月1日から台湾でのご利用はできなくなり"", ""roaming_signal: 商品の説明 購入前にご注意！ 注意事項①：ご購入後、商品画像に記載されたURLにアクセスし必要事項を入力→メールアドレスにPDFの説明書とeSIMのQRコードが届きます！ 注意事項②：SIMロックフリー端末、もしくはSIMフリー端末専用のサービスです。必ず、ご利用端末がeSIM対応かどうかご確認ください。 注意事項③：eSIM対応端末のみ利用可能。※通信キャ"", ""insufficient_or_conflicting_signals(local=6, roaming=3)""], ""network_generation"": [""product_info_cellular_4g_lte: source:product_info_cellular: 携帯電話技術 LTE""], ""review_count"": [""detail_page: (22)""], ""bestseller_rank"": [""Amazon 売れ筋ランキング 家電＆カメラ - 50,214位 ( 家電＆カメラの売れ筋ランキングを見る ) プリペイドSIMカード - 571位""], ""title"": [""【中国 香港 マカオ eSIM】5日間 無制限 実名登録不要 高速データ通信 低速なし 中国ネット規制対象外 Line、Youtube、GoogleなどVPNなしで利用可能 QRコード設定 メール登録で納品 即日発行対応 急ぎの方LINEサポートあり 中国esim 香港esim マカオesim""]}"
amazon_jp,mo,【香港・マカオ eSIM】5日間 高速無制限 データ通信専用（電話番号なし） 5G/4G-LTE対応 当日発行可能 説明書付き LINEで24時間サポート 香港SIM マカオSIM MEWMEWホーム (5日間),1880,6,,,,,1384,3일,3일,5일,local,5g_capable,,,"{""ctm"": null, ""china_telecom_macau"": null, ""three_macau"": null}","{""skt"": null, ""kt"": null, ""lgu"": null}",unlimited,https://www.amazon.co.jp/eSIM%E3%80%915%E6%97%A5%E9%96%93-%E3%83%87%E3%83%BC%E3%82%BF%E9%80%9A%E4%BF%A1%E5%B0%82%E7%94%A8%EF%BC%88%E9%9B%BB%E8%A9%B1%E7%95%AA%E5%8F%B7%E3%81%AA%E3%81%97%EF%BC%89-LINE%E3%81%A724%E6%99%82%E9%96%93%E3%82%B5%E3%83%9D%E3%83%BC%E3%83%88-MEWMEW%E3%83%9B%E3%83%BC%E3%83%A0-5%E6%97%A5%E9%96%93/dp/B0F212285X,B0F212285X,B0F212285X,mewmewホーム eSIM,ＭＥＷＭＥＷホームのストアを表示,"{""price_jpy"": [""￥1,880""], ""usage_validity"": [""【SKTelecoｍ公式認証】 韓国eSIM 3日間 (72時間) 電話番号付き 超高速データ無制限 最初の5分発信無料(韓国国内) お急ぎの方即時発行可(LINE相談受付中) 有効期限／ご購入日より120日以内 現地空港サポート(SKTelecomローミングセンター) SKテレコム正規品 韓国SIMカードタイプではありません""], ""activation_validity"": [""【香港・マカオ eSIM】5日間 高速無制限 データ通信専用（電話番号なし） 5G/4G-LTE対応 当日発行可能 説明書付き LINEで24時間サポート 香港SIM マカオSIM MEWMEWホーム (5日間)""], ""data_amount"": [""【高速データ無制限】香港・マカオで高速データ通信が完全無制限で利用可能です。高画質動画の視聴、地図検索、写真や動画のシェアなど、快適なインターネット環境を提供します。""], ""network_type"": [""【チョコSIM 定額（Sプラン）】【中国の電話番号付きでアプリや施設サービスのSMS認証が可能】【データ容量】合計500MB/月【音声】合計20分間/月 データ/音声/SMS付きSIMカード 中国SIM マカオSIM China unicom ※こちらのSIMカードは契約後、毎月の基本料が発生いたします。※2024年11月1日から台湾でのご利用はできなくなり"", ""【SKTelecoｍ公式認証】 韓国eSIM 3日間 (72時間) 電話番号付き 超高速データ無制限 最初の5分発信無料(韓国国内) お急ぎの方即時発行可(LINE相談受付中) 有効期限／ご購入日より120日以内 現地空港サポート(SKTelecomローミングセンター) SKテレコム正規品 韓国SIMカードタイプではありません"", ""score: local=6, roaming=1""], ""network_generation"": [""product_info_cellular_5g: source:product_info_cellular: 携帯電話技術 LTE, 5G"", ""product_info_cellular_4g_lte_signal_present_but_5g_capable_takes_precedence""], ""review_count"": [""detail_page: (6)""], ""bestseller_rank"": [""Amazon 売れ筋ランキング 家電＆カメラ - 158,151位 ( 家電＆カメラの売れ筋ランキングを見る ) プリペイドSIMカード - 1,384位""], ""title"": [""【香港・マカオ eSIM】5日間 高速無制限 データ通信専用（電話番号なし） 5G/4G-LTE対応 当日発行可能 説明書付き LINEで24時間サポート 香港SIM マカオSIM MEWMEWホーム (5日間)""]}"
amazon_jp,mo,【中国 香港 マカオSIM】高速データ通信・定額プラン データ専用（電話番号なし） 中華圏 プリペイドSIMカード 中国ネット規制対象外 年中無休・24時間サポート 中華圏 SIM (8日間 | 5GB),1480,2,,,,,1463,3일,3일,8일,unknown,lte_4g_only,,,"{""ctm"": true, ""china_telecom_macau"": null, ""three_macau"": null}","{""skt"": null, ""kt"": null, ""lgu"": null}",5GB,https://www.amazon.co.jp/%E3%83%9E%E3%82%AB%E3%82%AASIM%E3%80%91%E9%AB%98%E9%80%9F%E3%83%87%E3%83%BC%E3%82%BF%E9%80%9A%E4%BF%A1%E3%83%BB%E5%AE%9A%E9%A1%8D%E3%83%97%E3%83%A9%E3%83%B3-%E3%83%87%E3%83%BC%E3%82%BF%E5%B0%82%E7%94%A8%EF%BC%88%E9%9B%BB%E8%A9%B1%E7%95%AA%E5%8F%B7%E3%81%AA%E3%81%97%EF%BC%89-%E5%B9%B4%E4%B8%AD%E7%84%A1%E4%BC%91%E3%83%BB24%E6%99%82%E9%96%93%E3%82%B5%E3%83%9D%E3%83%BC%E3%83%88-8%E6%97%A5%E9%96%93-5GB/dp/B0DHPQVVB8,B0DHPQVVB8,B0DHPQVVB8,Global Simcard,アーモンド　ＳＩｍ　ｃａｒｄのストアを表示,"{""price_jpy"": [""￥1,480""], ""usage_validity"": [""【SKTelecoｍ公式認証】 韓国eSIM 3日間 (72時間) 電話番号付き 超高速データ無制限 最初の5分発信無料(韓国国内) お急ぎの方即時発行可(LINE相談受付中) 有効期限／ご購入日より120日以内 現地空港サポート(SKTelecomローミングセンター) SKテレコム正規品 韓国SIMカードタイプではありません""], ""activation_validity"": [""【中国 香港 マカオSIM】高速データ通信・定額プラン データ専用（電話番号なし） 中華圏 プリペイドSIMカード 中国ネット規制対象外 年中無休・24時間サポート 中華圏 SIM (8日間 | 5GB)""], ""data_amount"": [""型番 8日間 | 5GB""], ""network_type"": [""local_signal: 【チョコSIM 定額（Sプラン）】【中国の電話番号付きでアプリや施設サービスのSMS認証が可能】【データ容量】合計500MB/月【音声】合計20分間/月 データ/音声/SMS付きSIMカード 中国SIM マカオSIM China unicom ※こちらのSIMカードは契約後、毎月の基本料が発生いたします。※2024年11月1日から台湾でのご利用はできなくなり"", ""roaming_signal: 【中国ネット制限なし】中国本土で利用する際にはローミング接続を行い、中国政府のネット規制を回避して、Google、Facebook、Twitter、Instagramなどにアクセスできます。"", ""insufficient_or_conflicting_signals(local=6, roaming=3)""], ""network_generation"": [""product_info_cellular_4g_lte: source:product_info_cellular: 携帯電話技術 4G-LTE""], ""carrier_support_local"": [""CTM: 【キャリア】中国：China Telecom、香港：3HK、マカオ：CTM。中華圏への旅行に最適な、便利なプリペイドSIMカードをご用意しています。"", ""CTM: ⭐【データ容量】利用期間中に定額GB数を使い切った場合、通信は自動的に停止します。 ⭐【有効期限】ご購入後1年間有効です（未使用の場合）。観光や駐在などの際には、複数枚のご購入もおすすめです。 ⭐【中国ネット制限なし】中国本土で利用する際にはローミング接続を行い、中国政府のネット規制を回避して、Go"", ""CTM: サービスプロバイダ China Telecom、3HK、CTM"", ""CTM: Amazon.co.jp: 【中国 香港 マカオSIM】高速データ通信・定額プラン データ専用（電話番号なし） 中華圏 プリペイドSIMカード 中国ネット規制対象外 年中無休・24時間サポート 中華圏 SIM (8日間 | 5GB) : 家電＆カメラ 次に移動 メインコンテンツ この商品について こ""], ""review_count"": [""detail_page: (2)""], ""bestseller_rank"": [""Amazon 売れ筋ランキング 家電＆カメラ - 170,620位 ( 家電＆カメラの売れ筋ランキングを見る ) プリペイドSIMカード - 1,463位""], ""title"": [""【中国 香港 マカオSIM】高速データ通信・定額プラン データ専用（電話番号なし） 中華圏 プリペイドSIMカード 中国ネット規制対象外 年中無休・24時間サポート 中華圏 SIM (8日間 | 5GB)""]}"
amazon_jp,mo,【シンガポール eSIM】5日間完全無制限（低速なし）DeSiM正規卸 | LINE相談受付中 |データ通信専用（電話番号なし） simフリー端末のみ対応 説明書付 ｜Singapore イーシム (eSIM | 5日完全無制限) DeSiM,2140,49,,,50,,176,5일,5일,10일,unknown,lte_4g_only,,,"{""ctm"": null, ""china_telecom_macau"": null, ""three_macau"": null}","{""skt"": null, ""kt"": null, ""lgu"": null}",unlimited,https://www.amazon.co.jp/eSIM%E3%80%915%E6%97%A5%E9%96%93%E5%AE%8C%E5%85%A8%E7%84%A1%E5%88%B6%E9%99%90%EF%BC%88%E4%BD%8E%E9%80%9F%E3%81%AA%E3%81%97%EF%BC%89DeSiM%E6%AD%A3%E8%A6%8F%E5%8D%B8-%E3%82%A4%E3%83%B3%E3%83%89%E3%83%8D%E3%82%B7%E3%82%A2%E3%81%AE%EF%BC%93%E3%83%B5%E5%9B%BD%E3%81%A7%E3%82%82%E5%88%A9%E7%94%A8%E5%8F%AF%E8%83%BD-%E3%83%87%E3%83%BC%E3%82%BF%E9%80%9A%E4%BF%A1%E5%B0%82%E7%94%A8%EF%BC%88%E9%9B%BB%E8%A9%B1%E7%95%AA%E5%8F%B7%E3%81%AA%E3%81%97%EF%BC%89-eSIM-5%E6%97%A5%E5%AE%8C%E5%85%A8%E7%84%A1%E5%88%B6%E9%99%90/dp/B0CST7W2P6,B0CST7W2P6,B0CST7W2P6,DeSiM,DeSiMのストアを表示,"{""price_jpy"": [""￥2,140""], ""usage_validity"": [""【シンガポール eSIM】5日間完全無制限（低速なし）DeSiM正規卸 | LINE相談受付中 |データ通信専用（電話番号なし） simフリー端末のみ対応 説明書付 ｜Singapore イーシム (eSIM | 5日完全無制限) DeSiM""], ""activation_validity"": [""商品の説明 購入前の注意事項 【注意事項】 注意事項①：電 話番号は付与されませんので、ご注意ください。 注意事項②：SIMロックフリー端末、もしくはSIMフリー端末専用のサービスです。必ず、ご利用端末がeSIM対応かどうかご確認ください。 注意事項③：2021年10月1日以前にSIMロック解除をキャリア店頭またはインターネットでされた「Android端末」""], ""data_amount"": [""商品の説明 購入前の注意事項 【注意事項】 注意事項①：電 話番号は付与されませんので、ご注意ください。 注意事項②：SIMロックフリー端末、もしくはSIMフリー端末専用のサービスです。必ず、ご利用端末がeSIM対応かどうかご確認ください。 注意事項③：2021年10月1日以前にSIMロック解除をキャリア店頭またはインターネットでされた「Android端末」""], ""network_type"": [""local_signal: 商品の説明 購入前の注意事項 【注意事項】 注意事項①：電 話番号は付与されませんので、ご注意ください。 注意事項②：SIMロックフリー端末、もしくはSIMフリー端末専用のサービスです。必ず、ご利用端末がeSIM対応かどうかご確認ください。 注意事項③：2021年10月1日以前にSIMロック解除をキャリア店頭またはインターネットでされた「Android端末」"", ""roaming_signal: 商品の説明 購入前の注意事項 【注意事項】 注意事項①：電 話番号は付与されませんので、ご注意ください。 注意事項②：SIMロックフリー端末、もしくはSIMフリー端末専用のサービスです。必ず、ご利用端末がeSIM対応かどうかご確認ください。 注意事項③：2021年10月1日以前にSIMロック解除をキャリア店頭またはインターネットでされた「Android端末」"", ""insufficient_or_conflicting_signals(local=9, roaming=2)""], ""network_generation"": [""product_info_cellular_4g_lte: source:product_info_cellular: 携帯電話技術 LTE""], ""monthly_sold_count"": [""Amazon | 【シンガポール eSIM】5日間完全無制限（低速なし）DeSiM正規卸 | LINE相談受付中 |データ通信専用（電話番号なし） simフリー端末のみ対応 説明書付 ｜Singapore イーシム (eSIM | 5日完全無制限) DeSiM | DeSiM | SIM関連アクセサリ 次に移動 メインコンテンツ この商品について この商品に""], ""review_count"": [""detail_page: (49)""], ""bestseller_rank"": [""Amazon 売れ筋ランキング 家電＆カメラ - 14,206位 ( 家電＆カメラの売れ筋ランキングを見る ) プリペイドSIMカード - 176位""], ""title"": [""【シンガポール eSIM】5日間完全無制限（低速なし）DeSiM正規卸 | LINE相談受付中 |データ通信専用（電話番号なし） simフリー端末のみ対応 説明書付 ｜Singapore イーシム (eSIM | 5日完全無制限) DeSiM""]}"
amazon_jp,mo,【中国SIMカード】30日間 5GB高速データ＋低速無制限｜中国・香港・マカオ対応｜中国本土でもGoogle・LINE・YouTube利用可能｜24時間サポート｜中国本土 プリペイドSIM 中国 sim (30日間｜5GB),1480,41,,,,,1784,30일,30일,30일,roaming,5g_capable,,,"{""ctm"": true, ""china_telecom_macau"": null, ""three_macau"": null}","{""skt"": null, ""kt"": null, ""lgu"": null}",5GB,https://www.amazon.co.jp/%E3%80%90%E4%B8%AD%E5%9B%BDSIM%E3%82%AB%E3%83%BC%E3%83%89%E3%80%9130%E6%97%A5%E9%96%93-5GB%E9%AB%98%E9%80%9F%E3%83%87%E3%83%BC%E3%82%BF%EF%BC%8B%E4%BD%8E%E9%80%9F%E7%84%A1%E5%88%B6%E9%99%90%EF%BD%9C%E4%B8%AD%E5%9B%BD%E3%83%BB%E9%A6%99%E6%B8%AF%E3%83%BB%E3%83%9E%E3%82%AB%E3%82%AA%E5%AF%BE%E5%BF%9C%EF%BD%9C%E4%B8%AD%E5%9B%BD%E6%9C%AC%E5%9C%9F%E3%81%A7%E3%82%82Google%E3%83%BBLINE%E3%83%BBYouTube%E5%88%A9%E7%94%A8%E5%8F%AF%E8%83%BD%EF%BD%9C24%E6%99%82%E9%96%93%E3%82%B5%E3%83%9D%E3%83%BC%E3%83%88%EF%BD%9C%E4%B8%AD%E5%9B%BD%E6%9C%AC%E5%9C%9F-%E3%83%97%E3%83%AA%E3%83%9A%E3%82%A4%E3%83%89SIM-sim-30%E6%97%A5%E9%96%93%EF%BD%9C5GB/dp/B0FPR3TNGW,B0FPR3TNGW,B0FPR3TNGW,Global Simcard,アーモンド　ＳＩｍ　ｃａｒｄのストアを表示,"{""price_jpy"": [""￥1,480""], ""usage_validity"": [""【中国SIMカード】30日間 5GB高速データ＋低速無制限｜中国・香港・マカオ対応｜中国本土でもGoogle・LINE・YouTube利用可能｜24時間サポート｜中国本土 プリペイドSIM 中国 sim (30日間｜5GB)""], ""activation_validity"": [""⭐【高速データ通信】中国本土・香港・マカオ対応。30日間で合計5GBまで4G/5G高速通信が利用可能。超過後も128kbpsで通信継続でき、低速無制限で安心。 ⭐【中国ネット制限なし】香港ローミング接続で中国政府の規制対象外。Google、LINE、YouTube、SNSなど主要アプリがVPN不要で利用可能。本人確認も不要です。 ⭐【有効期限】未使用なら購入""], ""data_amount"": [""⭐【高速データ通信】中国本土・香港・マカオ対応。30日間で合計5GBまで4G/5G高速通信が利用可能。超過後も128kbpsで通信継続でき、低速無制限で安心。""], ""network_type"": [""⭐【中国ネット制限なし】香港ローミング接続で中国政府の規制対象外。Google、LINE、YouTube、SNSなど主要アプリがVPN不要で利用可能。本人確認も不要です。"", ""⭐【高速データ通信】中国本土・香港・マカオ対応。30日間で合計5GBまで4G/5G高速通信が利用可能。超過後も128kbpsで通信継続でき、低速無制限で安心。 ⭐【中国ネット制限なし】香港ローミング接続で中国政府の規制対象外。Google、LINE、YouTube、SNSなど主要アプリがVPN不要で利用可能。本人確認も不要です。 ⭐【有効期限】未使用なら購入"", ""score: local=0, roaming=3""], ""network_generation"": [""product_info_cellular_5g: source:product_info_cellular: 携帯電話技術 5G/4G-LTE""], ""carrier_support_local"": [""CTM: ⭐【対応キャリア】中国本土：中国電信（China Telecom）、香港：3HK、マカオ：CTM。中華圏への渡航に幅広く対応。"", ""CTM: ⭐【高速データ通信】中国本土・香港・マカオ対応。30日間で合計5GBまで4G/5G高速通信が利用可能。超過後も128kbpsで通信継続でき、低速無制限で安心。 ⭐【中国ネット制限なし】香港ローミング接続で中国政府の規制対象外。Google、LINE、YouTube、SNSなど主要アプリがVPN不要で"", ""CTM: サービスプロバイダ China Telecom/3HK /CTM"", ""CTM: Amazon.co.jp: 【中国SIMカード】30日間 5GB高速データ＋低速無制限｜中国・香港・マカオ対応｜中国本土でもGoogle・LINE・YouTube利用可能｜24時間サポート｜中国本土 プリペイドSIM 中国 sim (30日間｜5GB) : 家電＆カメラ 次に移動 メインコンテンツ ""], ""review_count"": [""detail_page: 41""], ""bestseller_rank"": [""Amazon 売れ筋ランキング 家電＆カメラ - 218,413位 ( 家電＆カメラの売れ筋ランキングを見る ) プリペイドSIMカード - 1,784位""], ""title"": [""【中国SIMカード】30日間 5GB高速データ＋低速無制限｜中国・香港・マカオ対応｜中国本土でもGoogle・LINE・YouTube利用可能｜24時間サポート｜中国本土 プリペイドSIM 中国 sim (30日間｜5GB)""]}"
amazon_jp,mo,【中国・香港・マカオ eSIM】プリペイド sim 高速データ無制限 低速なし 海外旅行 当日利用可能 説明書付 LINEで年中無休 24時間サポート 中国 sim 香港 sim マカオ sim way2esim (3日間 無制限),1480,102,,,,,2385,3일,3일,90일,unknown,lte_4g_only,,,"{""ctm"": null, ""china_telecom_macau"": null, ""three_macau"": null}","{""skt"": null, ""kt"": null, ""lgu"": null}",unlimited,https://www.amazon.co.jp/%E3%80%90%E4%B8%AD%E5%9B%BD%E3%83%BB%E9%A6%99%E6%B8%AF%E3%83%BB%E3%83%9E%E3%82%AB%E3%82%AA-%E9%AB%98%E9%80%9F%E3%83%87%E3%83%BC%E3%82%BF%E7%84%A1%E5%88%B6%E9%99%90-LINE%E3%81%A7%E5%B9%B4%E4%B8%AD%E7%84%A1%E4%BC%91-24%E6%99%82%E9%96%93%E3%82%B5%E3%83%9D%E3%83%BC%E3%83%88-way2esim/dp/B0GJD8478V,B0GJD8478V,B0GJD8478V,eSIM株式会社,way2esimのストアを表示,"{""price_jpy"": [""￥1,480""], ""usage_validity"": [""【中国・香港・マカオ eSIM】プリペイド sim 高速データ無制限 低速なし 海外旅行 当日利用可能 説明書付 LINEで年中無休 24時間サポート 中国 sim 香港 sim マカオ sim way2esim (3日間 無制限)""], ""activation_validity"": [""【有効期限】メールで納品した90日以内にご利用始めてください。旅行予定が未定でも、必要なタイミングでいつでも利用開始できます。""], ""data_amount"": [""【高速データ無制限】このeSIMは、中国本土、香港とマカオで回線に接続し、高速データを無制限でご利用いただけます。SNSやウェブの閲覧など、さまざまなインターネットサービスを高速かつ無制限でご利用いただけます。""], ""network_type"": [""no_local_or_roaming_keyword_matched""], ""network_generation"": [""product_info_cellular_4g_lte: source:product_info_cellular: 携帯電話技術 4G""], ""review_count"": [""detail_page: 102""], ""bestseller_rank"": [""Amazon 売れ筋ランキング 家電＆カメラ - 323,551位 ( 家電＆カメラの売れ筋ランキングを見る ) プリペイドSIMカード - 2,385位""], ""title"": [""【中国・香港・マカオ eSIM】プリペイド sim 高速データ無制限 低速なし 海外旅行 当日利用可能 説明書付 LINEで年中無休 24時間サポート 中国 sim 香港 sim マカオ sim way2esim (3日間 無制限)""]}"
amazon_jp,mo,【Almond SIM】中国本土 simcard 15日間 高速データ通信 完全無制限 香港 マカオにも利用可能 1-30日間選択可能 中国ネット規制対象外 中国でもGoogle、LINE、YouTubeなど利用可能 24時間安心サポート 5G 4G-LTE対応 プリペイド SIMカード China simカード (15日間/無制限),4064,1,,,,,396,15일,15일,,unknown,5g_capable,,,"{""ctm"": true, ""china_telecom_macau"": null, ""three_macau"": null}","{""skt"": null, ""kt"": null, ""lgu"": null}",unlimited,https://www.amazon.co.jp/15%E6%97%A5%E9%96%93-1-30%E6%97%A5%E9%96%93%E9%81%B8%E6%8A%9E%E5%8F%AF%E8%83%BD-%E4%B8%AD%E5%9B%BD%E3%83%8D%E3%83%83%E3%83%88%E8%A6%8F%E5%88%B6%E5%AF%BE%E8%B1%A1%E5%A4%96-%E4%B8%AD%E5%9B%BD%E3%81%A7%E3%82%82Google%E3%80%81LINE%E3%80%81YouTube%E3%81%AA%E3%81%A9%E5%88%A9%E7%94%A8%E5%8F%AF%E8%83%BD-%E7%84%A1%E5%88%B6%E9%99%90/dp/B0FMQPFNFL,B0FMQPFNFL,B0FMQPFNFL,株式会社ビッグコネクト,bigconnectのストアを表示,"{""price_jpy"": [""￥4,064""], ""usage_validity"": [""【Almond SIM】中国本土 simcard 15日間 高速データ通信 完全無制限 香港 マカオにも利用可能 1-30日間選択可能 中国ネット規制対象外 中国でもGoogle、LINE、YouTubeなど利用可能 24時間安心サポート 5G 4G-LTE対応 プリペイド SIMカード China simカード (15日間/無制限)""], ""data_amount"": [""【データプラン】データ通信専用のSIMです。※高速データ容量は無制限。完全使い放題プラン、中国ネット規制対象外 中国でもGoogle、LINE、YouTubeなどVPNなしで利用可能、本人確認やSIMカード認証は不要で、1-30日間選択可能。""], ""network_type"": [""roaming_signal: 【中国ネット制限なし】中国本土での利用の場合は香港ローミング接続を行います。これにより中国政府のネット規制対象外となり、Google、Facebook、Twitter、Instagram等に接続可能です。中華圏渡航スケジュールに対応する手軽なプリペイドSIMカード。キャリア：中国：China Telecom 香港：3HK マカオ: CTM。"", ""insufficient_or_conflicting_signals(local=0, roaming=1)""], ""network_generation"": [""product_info_cellular_5g: source:product_info_cellular: 携帯電話技術 5G 4G-Lte""], ""carrier_support_local"": [""CTM: 【中国ネット制限なし】中国本土での利用の場合は香港ローミング接続を行います。これにより中国政府のネット規制対象外となり、Google、Facebook、Twitter、Instagram等に接続可能です。中華圏渡航スケジュールに対応する手軽なプリペイドSIMカード。キャリア：中国：China Tel"", ""CTM: サービスプロバイダ 中国：China Telecom 香港：3HK マカオ: CTM""], ""review_count"": [""detail_page: (1)""], ""bestseller_rank"": [""Amazon 売れ筋ランキング 家電＆カメラ - 33,187位 ( 家電＆カメラの売れ筋ランキングを見る ) プリペイドSIMカード - 396位""], ""title"": [""【Almond SIM】中国本土 simcard 15日間 高速データ通信 完全無制限 香港 マカオにも利用可能 1-30日間選択可能 中国ネット規制対象外 中国でもGoogle、LINE、YouTubeなど利用可能 24時間安心サポート 5G 4G-LTE対応 プリペイド SIMカード China simカード (15日間/無制限)""]}"
amazon_jp,mo,【eSIM】『SIM有効期限2026年12月31日迄』SIM2Flyアジア データ容量6GB 利用期間8日間(192時間) / ※esimの為、物理SIMの発送はありません。/利用国：インドネシア オーストラリア 韓国 シンガポール 台湾 中国 日本 フィリピン ベトナム 香港 マカオ マレーシア等,1786,5,,,,,63,8일,8일,31일,unknown,5g_capable,,,"{""ctm"": null, ""china_telecom_macau"": null, ""three_macau"": null}","{""skt"": null, ""kt"": null, ""lgu"": null}",6GB,https://www.amazon.co.jp/SIM2Fly%E3%82%A2%E3%82%B8%E3%82%A232%E3%83%B6%E5%9B%BD-%E3%83%87%E3%83%BC%E3%82%BF%E5%AE%B9%E9%87%8F6GB-%E5%88%A9%E7%94%A8%E6%9C%9F%E9%96%938%E6%97%A5%E9%96%93-%E2%80%BBesim%E3%81%AE%E7%82%BA%E3%80%81%E7%89%A9%E7%90%86SIM%E3%81%AE%E7%99%BA%E9%80%81%E3%81%AF%E3%81%82%E3%82%8A%E3%81%BE%E3%81%9B%E3%82%93%E3%80%82-%E3%82%AA%E3%83%BC%E3%82%B9%E3%83%88%E3%83%A9%E3%83%AA%E3%82%A2/dp/B0CHS6B3YQ,B0CHS6B3YQ,B0CHS6B3YQ,ブランド: Wise SIM,ブランド: Wise SIM,"{""price_jpy"": [""価格 ￥1,786 ￥1,680 ￥1,785 ￥1,310 ￥1,299""], ""usage_validity"": [""【eSIM】『SIM有効期限2026年12月31日迄』SIM2Flyアジア データ容量6GB 利用期間8日間(192時間) / ※esimの為、物理SIMの発送はありません。/利用国：インドネシア オーストラリア 韓国 シンガポール 台湾 中国 日本 フィリピン ベトナム 香港 マカオ マレーシア等""], ""activation_validity"": [""【eSIM】『SIM有効期限2026年12月31日迄』SIM2Flyアジア データ容量6GB 利用期間8日間(192時間) / ※esimの為、物理SIMの発送はありません。/利用国：インドネシア オーストラリア 韓国 シンガポール 台湾 中国 日本 フィリピン ベトナム 香港 マカオ マレーシア等""], ""data_amount"": [""【利用期間】 アジア33カ国にて8日間データ通信が可能。 【データ容量】6GBまで高速通信可能。※6GB超過後は128kbpsへ速度低下となりますが通信は止まる事無くご利用可能です。""], ""network_type"": [""local_signal: 【チョコSIM 定額（Sプラン）】【中国の電話番号付きでアプリや施設サービスのSMS認証が可能】【データ容量】合計500MB/月【音声】合計20分間/月 データ/音声/SMS付きSIMカード 中国SIM マカオSIM China unicom ※こちらのSIMカードは契約後、毎月の基本料が発生いたします。※2024年11月1日から台湾でのご利用はできなくなり"", ""roaming_signal: インドネシア旅行SIMカード - 5G/4G LTE高速データ - プリペイド＆ローミング禁止 - 5日間1GB - 観光客やビジネス旅行者のための簡単な有効化"", ""insufficient_or_conflicting_signals(local=6, roaming=4)""], ""network_generation"": [""product_info_cellular_5g: source:product_info_cellular: 携帯電話技術 5G/4G/LTE"", ""product_info_cellular_4g_lte_signal_present_but_5g_capable_takes_precedence""], ""review_count"": [""detail_page: (5)""], ""bestseller_rank"": [""Amazon 売れ筋ランキング 家電＆カメラ - 5,876位 ( 家電＆カメラの売れ筋ランキングを見る ) プリペイドSIMカード - 63位""], ""title"": [""【eSIM】『SIM有効期限2026年12月31日迄』SIM2Flyアジア データ容量6GB 利用期間8日間(192時間) / ※esimの為、物理SIMの発送はありません。/利用国：インドネシア オーストラリア 韓国 シンガポール 台湾 中国 日本 フィリピン ベトナム 香港 マカオ マレーシア等""]}"
amazon_jp,mo,【中国・マカオ物理SIM版】中国 SIMカード5日間 高速データSIMカード 2GB/日 中国ネット規制対象外Line、Youtube、GoogleなどVPNなしで利用可能。実名登録不要,1700,41,,,,,1827,5일,5일,,roaming,5g_capable,,,"{""ctm"": null, ""china_telecom_macau"": null, ""three_macau"": null}","{""skt"": null, ""kt"": null, ""lgu"": null}",2GB,https://www.amazon.co.jp/%E3%80%90%E4%B8%AD%E5%9B%BD%E3%83%BB%E3%83%9E%E3%82%AB%E3%82%AA%E7%89%A9%E7%90%86SIM%E7%89%88%E3%80%91%E4%B8%AD%E5%9B%BD-SIM%E3%82%AB%E3%83%BC%E3%83%895%E6%97%A5%E9%96%93-%E9%AB%98%E9%80%9F%E3%83%87%E3%83%BC%E3%82%BFSIM%E3%82%AB%E3%83%BC%E3%83%89-2GB-%E4%B8%AD%E5%9B%BD%E3%83%8D%E3%83%83%E3%83%88%E8%A6%8F%E5%88%B6%E5%AF%BE%E8%B1%A1%E5%A4%96Line%E3%80%81Youtube%E3%80%81Google%E3%81%AA%E3%81%A9VPN%E3%81%AA%E3%81%97%E3%81%A7%E5%88%A9%E7%94%A8%E5%8F%AF%E8%83%BD%E3%80%82%E5%AE%9F%E5%90%8D%E7%99%BB%E9%8C%B2%E4%B8%8D%E8%A6%81/dp/B0FKGMXZHK,B0FKGMXZHK,B0FKGMXZHK,RoamingSaver,ブランド: ROAMING SAVER,"{""price_jpy"": [""￥1,700""], ""usage_validity"": [""【中国・マカオ物理SIM版】中国 SIMカード5日間 高速データSIMカード 2GB/日 中国ネット規制対象外Line、Youtube、GoogleなどVPNなしで利用可能。実名登録不要""], ""data_amount"": [""☎利用期間・通信量☎5日間、每日2GB高速（5G / 4G）データ通信量""], ""network_type"": [""商品の説明 ◤◢◤ 中国移動（チャイナ・モバイル）◢◤◢ ** 中国移動（チャイナ・モバイル） **は、中国を代表する大手通信会社です。スマートフォン向けの通信やインターネットサービス、企業向けのソリューションなど、さまざまなサービスを提供しています。1997年に設立され、中国政府が出資する国有企業として運営されています。 中国全土に広がる大規模なネットワー"", ""メーカー名 ROAMING SAVER"", ""score: local=0, roaming=6""], ""network_generation"": [""product_info_cellular_5g: source:product_info_cellular: 携帯電話技術 5G/4GLTE""], ""review_count"": [""detail_page: 41""], ""bestseller_rank"": [""Amazon 売れ筋ランキング 家電＆カメラ - 225,726位 ( 家電＆カメラの売れ筋ランキングを見る ) プリペイドSIMカード - 1,827位""], ""title"": [""【中国・マカオ物理SIM版】中国 SIMカード5日間 高速データSIMカード 2GB/日 中国ネット規制対象外Line、Youtube、GoogleなどVPNなしで利用可能。実名登録不要""]}"
amazon_jp,mo,【 中国 eSIM 】8日間 無制限 本人確認不要 高速データ通信（低速なし） 中国ネット規制対象外 Line Youtube GoogleなどVPNなしで利用可能 即日発行可能 LINEで年中無休24時間サポート 中国sim 香港sim マカオsim イーシム (eSIM | 8日間無制限),2980,1,,,,,988,8일,8일,90일,local,5g_capable,,,"{""ctm"": null, ""china_telecom_macau"": null, ""three_macau"": null}","{""skt"": null, ""kt"": null, ""lgu"": null}",unlimited,https://www.amazon.co.jp/eSIM-%E9%AB%98%E9%80%9F%E3%83%87%E3%83%BC%E3%82%BF%E9%80%9A%E4%BF%A1%EF%BC%88%E4%BD%8E%E9%80%9F%E3%81%AA%E3%81%97%EF%BC%89-Google%E3%81%AA%E3%81%A9VPN%E3%81%AA%E3%81%97%E3%81%A7%E5%88%A9%E7%94%A8%E5%8F%AF%E8%83%BD-LINE%E3%81%A7%E5%B9%B4%E4%B8%AD%E7%84%A1%E4%BC%9124%E6%99%82%E9%96%93%E3%82%B5%E3%83%9D%E3%83%BC%E3%83%88-8%E6%97%A5%E9%96%93%E7%84%A1%E5%88%B6%E9%99%90/dp/B0DTY36NVT,B0DTY36NVT,B0DTY36NVT,Global Simcard,アーモンド　ＳＩｍ　ｃａｒｄのストアを表示,"{""price_jpy"": [""￥2,980""], ""usage_validity"": [""【 中国 eSIM 】8日間 無制限 本人確認不要 高速データ通信（低速なし） 中国ネット規制対象外 Line Youtube GoogleなどVPNなしで利用可能 即日発行可能 LINEで年中無休24時間サポート 中国sim 香港sim マカオsim イーシム (eSIM | 8日間無制限)""], ""activation_validity"": [""【有効期限】メールで納品後、90日以内にご利用ください。""], ""data_amount"": [""【高速データ通信】完全無制限、低速度なし！！""], ""network_type"": [""【チョコSIM 定額（Sプラン）】【中国の電話番号付きでアプリや施設サービスのSMS認証が可能】【データ容量】合計500MB/月【音声】合計20分間/月 データ/音声/SMS付きSIMカード 中国SIM マカオSIM China unicom ※こちらのSIMカードは契約後、毎月の基本料が発生いたします。※2024年11月1日から台湾でのご利用はできなくなり"", ""【SKTelecoｍ公式認証】 韓国eSIM 3日間 (72時間) 電話番号付き 超高速データ無制限 最初の5分発信無料(韓国国内) お急ぎの方即時発行可(LINE相談受付中) 有効期限／ご購入日より120日以内 現地空港サポート(SKTelecomローミングセンター) SKテレコム正規品 韓国SIMカードタイプではありません"", ""score: local=6, roaming=0""], ""network_generation"": [""product_info_cellular_5g: source:product_info_cellular: 携帯電話技術 5G/4G-LTE""], ""review_count"": [""detail_page: (1)""], ""bestseller_rank"": [""Amazon 売れ筋ランキング 家電＆カメラ - 106,186位 ( 家電＆カメラの売れ筋ランキングを見る ) プリペイドSIMカード - 988位""], ""title"": [""【 中国 eSIM 】8日間 無制限 本人確認不要 高速データ通信（低速なし） 中国ネット規制対象外 Line Youtube GoogleなどVPNなしで利用可能 即日発行可能 LINEで年中無休24時間サポート 中国sim 香港sim マカオsim イーシム (eSIM | 8日間無制限)""]}"
amazon_jp,mo,【中国SIMカード】90日間 10GB高速データ通信＋低速無制限｜中国・香港・マカオ対応｜中国本土でもGoogle・LINE・YouTube利用可能｜24時間サポート｜中国本土 プリペイドSIM 中国 sim (90日間｜10GB),2680,102,,,,,1877,90일,90일,90일,roaming,5g_capable,,,"{""ctm"": true, ""china_telecom_macau"": null, ""three_macau"": null}","{""skt"": null, ""kt"": null, ""lgu"": null}",10GB,https://www.amazon.co.jp/%E3%80%90%E4%B8%AD%E5%9B%BDSIM%E3%82%AB%E3%83%BC%E3%83%89%E3%80%9190%E6%97%A5%E9%96%93-10GB%E9%AB%98%E9%80%9F%E3%83%87%E3%83%BC%E3%82%BF%E9%80%9A%E4%BF%A1%EF%BC%8B%E4%BD%8E%E9%80%9F%E7%84%A1%E5%88%B6%E9%99%90%EF%BD%9C%E4%B8%AD%E5%9B%BD%E3%83%BB%E9%A6%99%E6%B8%AF%E3%83%BB%E3%83%9E%E3%82%AB%E3%82%AA%E5%AF%BE%E5%BF%9C%EF%BD%9C%E4%B8%AD%E5%9B%BD%E6%9C%AC%E5%9C%9F%E3%81%A7%E3%82%82Google%E3%83%BBLINE%E3%83%BBYouTube%E5%88%A9%E7%94%A8%E5%8F%AF%E8%83%BD%EF%BD%9C24%E6%99%82%E9%96%93%E3%82%B5%E3%83%9D%E3%83%BC%E3%83%88%EF%BD%9C%E4%B8%AD%E5%9B%BD%E6%9C%AC%E5%9C%9F-%E3%83%97%E3%83%AA%E3%83%9A%E3%82%A4%E3%83%89SIM-sim-90%E6%97%A5%E9%96%93%EF%BD%9C10GB/dp/B0FPR4JQ1V,B0FPR4JQ1V,B0FPR4JQ1V,Global Simcard,アーモンド　ＳＩｍ　ｃａｒｄのストアを表示,"{""price_jpy"": [""￥2,680""], ""usage_validity"": [""【中国SIMカード】90日間 10GB高速データ通信＋低速無制限｜中国・香港・マカオ対応｜中国本土でもGoogle・LINE・YouTube利用可能｜24時間サポート｜中国本土 プリペイドSIM 中国 sim (90日間｜10GB)""], ""activation_validity"": [""⭐【高速データ通信】中国本土・香港・マカオ対応。90日間で合計10GBまで4G/5G高速通信が利用可能。超過後も128kbpsで通信継続でき、低速無制限で安心。 ⭐【中国ネット制限なし】香港ローミング接続で中国政府の規制対象外。Google、LINE、YouTube、SNSなど主要アプリがVPN不要で利用可能。本人確認も不要です。 ⭐【有効期限】未使用なら購""], ""data_amount"": [""⭐【高速データ通信】中国本土・香港・マカオ対応。90日間で合計10GBまで4G/5G高速通信が利用可能。超過後も128kbpsで通信継続でき、低速無制限で安心。""], ""network_type"": [""⭐【中国ネット制限なし】香港ローミング接続で中国政府の規制対象外。Google、LINE、YouTube、SNSなど主要アプリがVPN不要で利用可能。本人確認も不要です。"", ""⭐【高速データ通信】中国本土・香港・マカオ対応。90日間で合計10GBまで4G/5G高速通信が利用可能。超過後も128kbpsで通信継続でき、低速無制限で安心。 ⭐【中国ネット制限なし】香港ローミング接続で中国政府の規制対象外。Google、LINE、YouTube、SNSなど主要アプリがVPN不要で利用可能。本人確認も不要です。 ⭐【有効期限】未使用なら購"", ""score: local=0, roaming=3""], ""network_generation"": [""product_info_cellular_5g: source:product_info_cellular: 携帯電話技術 5G/4G-LTE""], ""carrier_support_local"": [""CTM: ⭐【対応キャリア】中国本土：中国電信（China Telecom）、香港：3HK、マカオ：CTM。中華圏への渡航に幅広く対応。"", ""CTM: ⭐【高速データ通信】中国本土・香港・マカオ対応。90日間で合計10GBまで4G/5G高速通信が利用可能。超過後も128kbpsで通信継続でき、低速無制限で安心。 ⭐【中国ネット制限なし】香港ローミング接続で中国政府の規制対象外。Google、LINE、YouTube、SNSなど主要アプリがVPN不要"", ""CTM: サービスプロバイダ China Telecom/3HK /CTM"", ""CTM: Amazon.co.jp: 【中国SIMカード】90日間 10GB高速データ通信＋低速無制限｜中国・香港・マカオ対応｜中国本土でもGoogle・LINE・YouTube利用可能｜24時間サポート｜中国本土 プリペイドSIM 中国 sim (90日間｜10GB) : 家電＆カメラ 次に移動 メインコン""], ""review_count"": [""detail_page: 102""], ""bestseller_rank"": [""Amazon 売れ筋ランキング 家電＆カメラ - 233,294位 ( 家電＆カメラの売れ筋ランキングを見る ) プリペイドSIMカード - 1,877位""], ""title"": [""【中国SIMカード】90日間 10GB高速データ通信＋低速無制限｜中国・香港・マカオ対応｜中国本土でもGoogle・LINE・YouTube利用可能｜24時間サポート｜中国本土 プリペイドSIM 中国 sim (90日間｜10GB)""]}"
amazon_jp,mo,中国 eSIM 5日間 高速データ通信 完全無制限プラン 中国ネット規制対象外 VPN不要でGoogle・LINE・YouTube利用可 4G LTE対応 プリペイドSIM 香港 マカオもOK 当日発行可 24時間サポート (5日間),1980,102,,,,,1222,5일,5일,90일,roaming,lte_4g_only,,,"{""ctm"": null, ""china_telecom_macau"": null, ""three_macau"": null}","{""skt"": null, ""kt"": null, ""lgu"": null}",unlimited,https://www.amazon.co.jp/5%E6%97%A5%E9%96%93-%E5%AE%8C%E5%85%A8%E7%84%A1%E5%88%B6%E9%99%90%E3%83%97%E3%83%A9%E3%83%B3-%E4%B8%AD%E5%9B%BD%E3%83%8D%E3%83%83%E3%83%88%E8%A6%8F%E5%88%B6%E5%AF%BE%E8%B1%A1%E5%A4%96-VPN%E4%B8%8D%E8%A6%81%E3%81%A7Google%E3%83%BBLINE%E3%83%BBYouTube%E5%88%A9%E7%94%A8%E5%8F%AF-%E3%83%97%E3%83%AA%E3%83%9A%E3%82%A4%E3%83%89SIM/dp/B0G1R2CTD1,B0G1R2CTD1,B0G1R2CTD1,SYE店舗,ブランド: ノーブランド品,"{""price_jpy"": [""￥1,980""], ""usage_validity"": [""中国 eSIM 5日間 高速データ通信 完全無制限プラン 中国ネット規制対象外 VPN不要でGoogle・LINE・YouTube利用可 4G LTE対応 プリペイドSIM 香港 マカオもOK 当日発行可 24時間サポート (5日間)""], ""activation_validity"": [""【有効期限】eSIMの有効期限は、eSIMのQRコードを受け取った日から90日間です。""], ""data_amount"": [""【簡単設定】QRコードをスキャンするだけで、簡単に接続可能！中国eSIMは中国本土・香港・マカオで利用可能。無制限に使用可能です。旅行や出張先でも、高速インターネットでスムーズに使用！香港で5G通信可能。""], ""network_type"": [""【注意事項】 ①本製品は SIMロック解除済み かつ eSIM対応スマートフォン のみでご利用いただけます。 ②ご利用日当日にスマートフォンをネットワークへ接続し、送付された eSIMのQRコードをスキャン して追加してください。目的地到着後、そのeSIMを選択し「ローミングをオン」にすると通信が可能になります。 ③eSIMを一度削除すると 再インストールは"", ""【注意事項】 ①本製品は SIMロック解除済み かつ eSIM対応スマートフォン のみでご利用いただけます。 ②ご利用日当日にスマートフォンをネットワークへ接続し、送付された eSIMのQRコードをスキャン して追加してください。目的地到着後、そのeSIMを選択し「ローミングをオン」にすると通信が可能になります。 ③eSIMを一度削除すると 再インストールは"", ""score: local=0, roaming=6""], ""network_generation"": [""product_info_cellular_4g_lte: source:product_info_cellular: 携帯電話技術 LTE""], ""review_count"": [""detail_page: 102""], ""bestseller_rank"": [""Amazon 売れ筋ランキング 家電＆カメラ - 137,959位 ( 家電＆カメラの売れ筋ランキングを見る ) プリペイドSIMカード - 1,222位""], ""title"": [""中国 eSIM 5日間 高速データ通信 完全無制限プラン 中国ネット規制対象外 VPN不要でGoogle・LINE・YouTube利用可 4G LTE対応 プリペイドSIM 香港 マカオもOK 当日発行可 24時間サポート (5日間)""]}"
amazon_jp,mo,中国 sim card 香港 マカオにも使える 高速データ通信 中国ネット規制対象外 中国でもGoogle、LINE、YouTubeなどVPNなしで利用可能 プリペイド SIMカード (10日間10GB),2640,12,,,,,662,3일,3일,10일,local,lte_4g_only,,,"{""ctm"": true, ""china_telecom_macau"": null, ""three_macau"": null}","{""skt"": null, ""kt"": null, ""lgu"": null}",10GB,https://www.amazon.co.jp/%E3%83%9E%E3%82%AB%E3%82%AA%E3%81%AB%E3%82%82%E4%BD%BF%E3%81%88%E3%82%8B-%E9%AB%98%E9%80%9F%E3%83%87%E3%83%BC%E3%82%BF%E9%80%9A%E4%BF%A1-%E4%B8%AD%E5%9B%BD%E3%83%8D%E3%83%83%E3%83%88%E8%A6%8F%E5%88%B6%E5%AF%BE%E8%B1%A1%E5%A4%96-%E4%B8%AD%E5%9B%BD%E3%81%A7%E3%82%82Google%E3%80%81LINE%E3%80%81YouTube%E3%81%AA%E3%81%A9VPN%E3%81%AA%E3%81%97%E3%81%A7%E5%88%A9%E7%94%A8%E5%8F%AF%E8%83%BD-10%E6%97%A5%E9%96%9310GB/dp/B0CCXVDXNF,B0CCXVDXNF,B0CCXVDXNF,株式会社ビッグコネクト,bigconnectのストアを表示,"{""price_jpy"": [""￥2,640""], ""usage_validity"": [""【SKTelecoｍ公式認証】 韓国eSIM 3日間 (72時間) 電話番号付き 超高速データ無制限 最初の5分発信無料(韓国国内) お急ぎの方即時発行可(LINE相談受付中) 有効期限／ご購入日より120日以内 現地空港サポート(SKTelecomローミングセンター) SKテレコム正規品 韓国SIMカードタイプではありません""], ""activation_validity"": [""中国 sim card 香港 マカオにも使える 高速データ通信 中国ネット規制対象外 中国でもGoogle、LINE、YouTubeなどVPNなしで利用可能 プリペイド SIMカード (10日間10GB)""], ""data_amount"": [""【安定した高速通信】中国 香港 マカオ で利用可能なプリペイドSIMカード。安定した4G-lte高速データ通信。※データ容量：10日間10GB高速定額4G‐LTEデータ。10GBを超えると、通信が止まります。""], ""network_type"": [""【チョコSIM 定額（Sプラン）】【中国の電話番号付きでアプリや施設サービスのSMS認証が可能】【データ容量】合計500MB/月【音声】合計20分間/月 データ/音声/SMS付きSIMカード 中国SIM マカオSIM China unicom ※こちらのSIMカードは契約後、毎月の基本料が発生いたします。※2024年11月1日から台湾でのご利用はできなくなり"", ""【SKTelecoｍ公式認証】 韓国eSIM 3日間 (72時間) 電話番号付き 超高速データ無制限 最初の5分発信無料(韓国国内) お急ぎの方即時発行可(LINE相談受付中) 有効期限／ご購入日より120日以内 現地空港サポート(SKTelecomローミングセンター) SKテレコム正規品 韓国SIMカードタイプではありません"", ""score: local=6, roaming=1""], ""network_generation"": [""product_info_cellular_4g_lte: source:product_info_cellular: 携帯電話技術 LTE""], ""carrier_support_local"": [""CTM: 【中国ネット制限なし】中国本土での利用の場合はローミング接続を行います。これにより中国政府のネット規制対象外となり、Google、Facebook、Twitter、Instagram等に接続可能です。中華圏渡航スケジュールに対応する手軽なプリペイドSIMカード。キャリア：中国：China Telec""], ""review_count"": [""detail_page: (12)""], ""bestseller_rank"": [""Amazon 売れ筋ランキング 家電＆カメラ - 65,353位 ( 家電＆カメラの売れ筋ランキングを見る ) プリペイドSIMカード - 662位""], ""title"": [""中国 sim card 香港 マカオにも使える 高速データ通信 中国ネット規制対象外 中国でもGoogle、LINE、YouTubeなどVPNなしで利用可能 プリペイド SIMカード (10日間10GB)""]}"
amazon_jp,mo,【中国 香港 マカオ eSIM】7日間 完全無制限 実名登録不要 高速データ通信 低速なし 中国ネット規制対象外 Line、Youtube、GoogleなどVPNなしで利用可能 QRコード設定 メール登録で納品 即日発行対応 急ぎの方LINEサポートあり 中国esim 香港esim マカオesim マグロeSIM,2680,4,,,,,1009,1일,1일,7일,unknown,lte_4g_only,,,"{""ctm"": null, ""china_telecom_macau"": null, ""three_macau"": null}","{""skt"": null, ""kt"": null, ""lgu"": null}",unlimited,https://www.amazon.co.jp/eSIM%E3%80%917%E6%97%A5%E9%96%93-%E4%B8%AD%E5%9B%BD%E3%83%8D%E3%83%83%E3%83%88%E8%A6%8F%E5%88%B6%E5%AF%BE%E8%B1%A1%E5%A4%96-Line%E3%80%81Youtube%E3%80%81Google%E3%81%AA%E3%81%A9VPN%E3%81%AA%E3%81%97%E3%81%A7%E5%88%A9%E7%94%A8%E5%8F%AF%E8%83%BD-%E6%80%A5%E3%81%8E%E3%81%AE%E6%96%B9LINE%E3%82%B5%E3%83%9D%E3%83%BC%E3%83%88%E3%81%82%E3%82%8A-%E3%83%9E%E3%82%B0%E3%83%ADeSIM/dp/B0DW7FVQK8,B0DW7FVQK8,B0DW7FVQK8,マグロeSIM,マグロeSIMのストアを表示,"{""price_jpy"": [""￥2,680""], ""usage_validity"": [""【注意事項①】有効期限：eSIM QRコードを受け取ってから90日間です（有効期間内にご利用ください）。eSIMの使用期間については、24時間を1日とカウントされますので、ご了承ください。""], ""activation_validity"": [""【中国 香港 マカオ eSIM】7日間 完全無制限 実名登録不要 高速データ通信 低速なし 中国ネット規制対象外 Line、Youtube、GoogleなどVPNなしで利用可能 QRコード設定 メール登録で納品 即日発行対応 急ぎの方LINEサポートあり 中国esim 香港esim マカオesim マグロeSIM""], ""data_amount"": [""【高速データ】高速データ通信が無制限に使用可能です。""], ""network_type"": [""local_signal: 【チョコSIM 定額（Sプラン）】【中国の電話番号付きでアプリや施設サービスのSMS認証が可能】【データ容量】合計500MB/月【音声】合計20分間/月 データ/音声/SMS付きSIMカード 中国SIM マカオSIM China unicom ※こちらのSIMカードは契約後、毎月の基本料が発生いたします。※2024年11月1日から台湾でのご利用はできなくなり"", ""roaming_signal: 商品の説明 購入前にご注意！ 注意事項①：ご購入後、商品画像に記載されたURLにアクセスし必要事項を入力→メールアドレスにPDFの説明書とeSIMのQRコードが届きます！ 注意事項②：SIMロックフリー端末、もしくはSIMフリー端末専用のサービスです。必ず、ご利用端末がeSIM対応かどうかご確認ください。 注意事項③：eSIM対応端末のみ利用可能。※通信キャ"", ""insufficient_or_conflicting_signals(local=6, roaming=5)""], ""network_generation"": [""product_info_cellular_4g_lte: source:product_info_cellular: 携帯電話技術 LTE""], ""review_count"": [""detail_page: (4)""], ""bestseller_rank"": [""Amazon 売れ筋ランキング 家電＆カメラ - 108,221位 ( 家電＆カメラの売れ筋ランキングを見る ) プリペイドSIMカード - 1,009位""], ""title"": [""【中国 香港 マカオ eSIM】7日間 完全無制限 実名登録不要 高速データ通信 低速なし 中国ネット規制対象外 Line、Youtube、GoogleなどVPNなしで利用可能 QRコード設定 メール登録で納品 即日発行対応 急ぎの方LINEサポートあり 中国esim 香港esim マカオesim マグロeSIM""]}"
amazon_jp,mo,【アジア】eSIM 30日間(720時間) 20GB高速データ 5G/4G-LTE対応 データ通信専用 中国 日本 韓国 タイ マレーシア シンガポールマカオ 香港 台湾含む 9地域 simフリー端末のみ対応 説明書付 イーシム (30日間 20GB),2480,11,,,,,676,1일,1일,30일,unknown,lte_4g_only,,,"{""ctm"": null, ""china_telecom_macau"": null, ""three_macau"": null}","{""skt"": null, ""kt"": null, ""lgu"": null}",unlimited,https://www.amazon.co.jp/%E3%80%90%E3%82%A2%E3%82%B8%E3%82%A2%E3%80%91eSIM-30%E6%97%A5%E9%96%93-20GB%E9%AB%98%E9%80%9F%E3%83%87%E3%83%BC%E3%82%BF-sim%E3%83%95%E3%83%AA%E3%83%BC%E7%AB%AF%E6%9C%AB%E3%81%AE%E3%81%BF%E5%AF%BE%E5%BF%9C-20GB/dp/B0FD9T6H3M,B0FD9T6H3M,B0FD9T6H3M,SCT Mobile Tech,LBDCIOTのストアを表示,"{""price_jpy"": [""￥2,480""], ""usage_validity"": [""商品の説明 梱包内容： ① 封筒 ② eSIMカード 封筒には注意事項と公式アカウントのアフターサービスが記載されています。 カードには説明書、eSIMの取り出し方、アフターサービスの連絡先が記載されています。 その他の製品 【ヨーロッパ】eSIM 30日間 10GB 購入オプション 【ヨーロッパSIM】 30日間 10GB 購入オプション eSIM 10日""], ""activation_validity"": [""【アジア】eSIM 30日間(720時間) 20GB高速データ 5G/4G-LTE対応 データ通信専用 中国 日本 韓国 タイ マレーシア シンガポールマカオ 香港 台湾含む 9地域 simフリー端末のみ対応 説明書付 イーシム (30日間 20GB)""], ""data_amount"": [""【データ無制限】eSIMの高速データ総量は20GBです。20GBのデータ使用後も通信は途絶えることはありません。低速データは無制限にご利用いただけます。""], ""network_type"": [""local_signal: 【チョコSIM 定額（Sプラン）】【中国の電話番号付きでアプリや施設サービスのSMS認証が可能】【データ容量】合計500MB/月【音声】合計20分間/月 データ/音声/SMS付きSIMカード 中国SIM マカオSIM China unicom ※こちらのSIMカードは契約後、毎月の基本料が発生いたします。※2024年11月1日から台湾でのご利用はできなくなり"", ""roaming_signal: 【利用方法】eSIMは出発前に追加し、目的地に到着後「ローミングデータ」をオンにするとご利用いただけます。使用できない場合は、APNを追加してください。"", ""insufficient_or_conflicting_signals(local=6, roaming=3)""], ""network_generation"": [""product_info_cellular_4g_lte: source:product_info_cellular: 携帯電話技術 LTE""], ""review_count"": [""detail_page: (11)""], ""bestseller_rank"": [""Amazon 売れ筋ランキング 家電＆カメラ - 67,091位 ( 家電＆カメラの売れ筋ランキングを見る ) プリペイドSIMカード - 676位""], ""title"": [""【アジア】eSIM 30日間(720時間) 20GB高速データ 5G/4G-LTE対応 データ通信専用 中国 日本 韓国 タイ マレーシア シンガポールマカオ 香港 台湾含む 9地域 simフリー端末のみ対応 説明書付 イーシム (30日間 20GB)""]}"
amazon_jp,mo,中国・香港・マカオ・台湾対応 eSIM 7日間無制限【当日発行・メール送信】高速5G/4G LTE・テザリング可能 簡単QRコード設定 LINE相談受付中 データ通信専用（音声通話なし）SIMカード不要・契約不要,2699,10,,,,,142,7일,7일,,unknown,5g_capable,,,"{""ctm"": null, ""china_telecom_macau"": null, ""three_macau"": null}","{""skt"": null, ""kt"": null, ""lgu"": null}",unlimited,https://www.amazon.co.jp/%E4%B8%AD%E5%9B%BD%E3%83%BB%E9%A6%99%E6%B8%AF%E3%83%BB%E3%83%9E%E3%82%AB%E3%82%AA%E3%83%BB%E5%8F%B0%E6%B9%BE%E5%AF%BE%E5%BF%9C-7%E6%97%A5%E9%96%93%E7%84%A1%E5%88%B6%E9%99%90%E3%80%90%E5%BD%93%E6%97%A5%E7%99%BA%E8%A1%8C%E3%83%BB%E3%83%A1%E3%83%BC%E3%83%AB%E9%80%81%E4%BF%A1%E3%80%91%E9%AB%98%E9%80%9F5G-LTE%E3%83%BB%E3%83%86%E3%82%B6%E3%83%AA%E3%83%B3%E3%82%B0%E5%8F%AF%E8%83%BD-%E7%B0%A1%E5%8D%98QR%E3%82%B3%E3%83%BC%E3%83%89%E8%A8%AD%E5%AE%9A-%E3%83%87%E3%83%BC%E3%82%BF%E9%80%9A%E4%BF%A1%E5%B0%82%E7%94%A8%EF%BC%88%E9%9F%B3%E5%A3%B0%E9%80%9A%E8%A9%B1%E3%81%AA%E3%81%97%EF%BC%89SIM%E3%82%AB%E3%83%BC%E3%83%89%E4%B8%8D%E8%A6%81%E3%83%BB%E5%A5%91%E7%B4%84%E4%B8%8D%E8%A6%81/dp/B0GT92LGD2,B0GT92LGD2,B0GT92LGD2,umacaroon,ブランド: ＵＲＯＺＥＴＴＡ,"{""price_jpy"": [""￥2,699""], ""usage_validity"": [""中国・香港・マカオ・台湾対応 eSIM 7日間無制限【当日発行・メール送信】高速5G/4G LTE・テザリング可能 簡単QRコード設定 LINE相談受付中 データ通信専用（音声通話なし）SIMカード不要・契約不要""], ""data_amount"": [""【中国本土・香港・マカオ・台湾eSIMカード】アクティベート後、7日間、高速4G LTE通信が無制限でご利用いただけます。ホットスポット機能により複数端末の接続も可能です。QRコードから事前インストールが行えます。現地到着後、データローミングをオンにするだけで、すぐにインターネットをご利用いただけます。 *ご注意：有効期間は現地ネットワークに初回接続した時点""], ""network_type"": [""local_signal: 【VPN不要で、安定・高速な4G通信環境】中国本土・香港・マカオで、台湾高速かつ安定した5G/4Gネットワークをご利用いただけます。Google Maps、LINE、Instagram、YouTube、ChatGPT（※TikTokは非対応）などの主要アプリやウェブサイトに、現地回線の制限を受けることなく簡単にアクセス可能。ビジネス出張でも観光でも、途切れな"", ""roaming_signal: 【中国本土・香港・マカオ・台湾eSIMカード】アクティベート後、7日間、高速4G LTE通信が無制限でご利用いただけます。ホットスポット機能により複数端末の接続も可能です。QRコードから事前インストールが行えます。現地到着後、データローミングをオンにするだけで、すぐにインターネットをご利用いただけます。 *ご注意：有効期間は現地ネットワークに初回接続した時点"", ""insufficient_or_conflicting_signals(local=3, roaming=7)""], ""network_generation"": [""product_detail_5g: source:feature_bullets: 【VPN不要で、安定・高速な4G通信環境】中国本土・香港・マカオで、台湾高速かつ安定した5G/4Gネットワークをご利用いただけます。Google Maps、LINE、Instagram、YouTube、ChatGPT（※TikTokは非対応）などの主要アプリやウェブサイトに、現地回線の制限を受けることなく簡単に"", ""product_detail_4g_lte_signal_present_but_5g_capable_takes_precedence""], ""review_count"": [""detail_page: (10)""], ""bestseller_rank"": [""Amazon 売れ筋ランキング 家電＆カメラ - 190,504位 ( 家電＆カメラの売れ筋ランキングを見る ) プリペイド電話カード - 142位""], ""title"": [""中国・香港・マカオ・台湾対応 eSIM 7日間無制限【当日発行・メール送信】高速5G/4G LTE・テザリング可能 簡単QRコード設定 LINE相談受付中 データ通信専用（音声通話なし）SIMカード不要・契約不要""]}"
amazon_jp,mo,"【東南アジアeSIM】7日間7GB｜11地域対応（シンガポール,タイ,マレーシア,インドネシア,ベトナム,台湾・香港・マカオ,韓国,オーストラリア,ニュージーランド）｜5G/4G対応 高速データ通信｜即日メール配信 ｜使用ガイド付き｜テザリング対応｜365日LINEサポート｜QRコードで簡単設定 SIMカード不要 (7日間7GB)",1299,7,,,,,399,4일,4일,7일,roaming,5g_capable,,,"{""ctm"": null, ""china_telecom_macau"": null, ""three_macau"": null}","{""skt"": null, ""kt"": null, ""lgu"": null}",1GB/day,https://www.amazon.co.jp/4G%E5%AF%BE%E5%BF%9C-%E9%AB%98%E9%80%9F%E3%83%87%E3%83%BC%E3%82%BF%E9%80%9A%E4%BF%A1%EF%BD%9C%E5%8D%B3%E6%97%A5%E7%99%BA%E8%A1%8C-SIM%E3%82%AB%E3%83%BC%E3%83%89%E4%B8%8D%E8%A6%81-7%E6%97%A5%E9%96%937GB/dp/B0FHBCSGM5,B0FHBCSGM5,B0FHBCSGM5,トリリオン・コネクト,Billion Connectのストアを表示,"{""price_jpy"": [""￥1,299""], ""usage_validity"": [""【プランの利用日数の計算方法】 eSIMの有効期間は、アクティベートした時点から起算され、24時間単位で計算されます。 （例：10月1日10:00に3日間のプランをアクティベートした場合、有効期限は10月4日10:00までとなります。）""], ""activation_validity"": [""【東南アジアeSIM】7日間7GB｜11地域対応（シンガポール,タイ,マレーシア,インドネシア,ベトナム,台湾・香港・マカオ,韓国,オーストラリア,ニュージーランド）｜5G/4G対応 高速データ通信｜即日メール配信 ｜使用ガイド付き｜テザリング対応｜365日LINEサポート｜QRコードで簡単設定 SIMカード不要 (7日間7GB)""], ""data_amount"": [""【7日間7GB｜5G/4G対応】 この東南アジアeSIMなら、7日間毎日1GBの高速データ通信が楽しめます！毎日の1GBを使い切った後は、速度が384kbpsに制限されますが、 LINE、WhatsApp、Messengerなどのアプリでの文字チャット、メール送受信、地図の閲覧やナビゲーションは引き続きご利用いただけます。""], ""network_type"": [""インドネシア旅行SIMカード - 5G/4G LTE高速データ - プリペイド＆ローミング禁止 - 5日間1GB - 観光客やビジネス旅行者のための簡単な有効化"", ""マレーシア旅行用SIMカード - 5G/4G LTE高速データ - プリペイド＆ローミングなし、7日間合計3GB - 観光客やビジネス旅行者向けの簡単アクティベーション"", ""score: local=0, roaming=5""], ""network_generation"": [""product_info_cellular_5g: source:product_info_cellular: 携帯電話技術 5G""], ""review_count"": [""detail_page: (7)""], ""bestseller_rank"": [""Amazon 売れ筋ランキング 家電＆カメラ - 33,206位 ( 家電＆カメラの売れ筋ランキングを見る ) プリペイドSIMカード - 399位""], ""title"": [""【東南アジアeSIM】7日間7GB｜11地域対応（シンガポール,タイ,マレーシア,インドネシア,ベトナム,台湾・香港・マカオ,韓国,オーストラリア,ニュージーランド）｜5G/4G対応 高速データ通信｜即日メール配信 ｜使用ガイド付き｜テザリング対応｜365日LINEサポート｜QRコードで簡単設定 SIMカード不要 (7日間7GB)""]}"
amazon_jp,mo,【中国・香港・マカオeSIM】1日間完全無制限（使い放題） DeSiM正規卸 | LINE相談受付中｜データ通信専用（電話番号なし） | simフリー端末のみ対応 説明書付 イーシム DeSiM,1730,16,,,,,1615,1일,1일,7일,local,lte_4g_only,,,"{""ctm"": null, ""china_telecom_macau"": null, ""three_macau"": null}","{""skt"": null, ""kt"": null, ""lgu"": null}",unlimited,https://www.amazon.co.jp/%E3%80%90%E4%B8%AD%E5%9B%BD%E3%83%BB%E9%A6%99%E6%B8%AF%E3%83%BB%E3%83%9E%E3%82%AB%E3%82%AAeSIM%E3%80%911%E6%97%A5%E9%96%93%E5%AE%8C%E5%85%A8%E7%84%A1%E5%88%B6%E9%99%90%EF%BC%88%E4%BD%BF%E3%81%84%E6%94%BE%E9%A1%8C%EF%BC%89-DeSiM%E6%AD%A3%E8%A6%8F%E5%8D%B8-LINE%E7%9B%B8%E8%AB%87%E5%8F%97%E4%BB%98%E4%B8%AD%EF%BD%9C%E3%83%87%E3%83%BC%E3%82%BF%E9%80%9A%E4%BF%A1%E5%B0%82%E7%94%A8%EF%BC%88%E9%9B%BB%E8%A9%B1%E7%95%AA%E5%8F%B7%E3%81%AA%E3%81%97%EF%BC%89-sim%E3%83%95%E3%83%AA%E3%83%BC%E7%AB%AF%E6%9C%AB%E3%81%AE%E3%81%BF%E5%AF%BE%E5%BF%9C-DeSiM/dp/B0DL4VFSNS,B0DL4VFSNS,B0DL4VFSNS,DeSiM,DeSiMのストアを表示,"{""price_jpy"": [""￥1,730""], ""usage_validity"": [""【中国・香港・マカオeSIM】1日間完全無制限（使い放題） DeSiM正規卸 | LINE相談受付中｜データ通信専用（電話番号なし） | simフリー端末のみ対応 説明書付 イーシム DeSiM""], ""activation_validity"": [""商品の説明 購入前の注意事項 【注意事項】 注意事項①：本商品はデータ通信専用です（通話はご利用いただけません）。ご注意ください。 注意事項②：SIMロックフリー端末、もしくはSIMフリー端末専用のサービスです。必ず、ご利用端末がeSIM対応かどうかご確認ください。 注意事項③：2021年10月1日以前にSIMロック解除をキャリア店頭またはインターネットでさ""], ""data_amount"": [""商品の説明 購入前の注意事項 【注意事項】 注意事項①：本商品はデータ通信専用です（通話はご利用いただけません）。ご注意ください。 注意事項②：SIMロックフリー端末、もしくはSIMフリー端末専用のサービスです。必ず、ご利用端末がeSIM対応かどうかご確認ください。 注意事項③：2021年10月1日以前にSIMロック解除をキャリア店頭またはインターネットでさ""], ""network_type"": [""商品の説明 購入前の注意事項 【注意事項】 注意事項①：本商品はデータ通信専用です（通話はご利用いただけません）。ご注意ください。 注意事項②：SIMロックフリー端末、もしくはSIMフリー端末専用のサービスです。必ず、ご利用端末がeSIM対応かどうかご確認ください。 注意事項③：2021年10月1日以前にSIMロック解除をキャリア店頭またはインターネットでさ"", ""【SKTelecoｍ公式認証】 韓国eSIM 3日間 (72時間) 電話番号付き 超高速データ無制限 最初の5分発信無料(韓国国内) お急ぎの方即時発行可(LINE相談受付中) 有効期限／ご購入日より120日以内 現地空港サポート(SKTelecomローミングセンター) SKテレコム正規品 韓国SIMカードタイプではありません"", ""score: local=6, roaming=1""], ""network_generation"": [""product_info_cellular_4g_lte: source:product_info_cellular: 携帯電話技術 LTE""], ""review_count"": [""detail_page: 16""], ""bestseller_rank"": [""Amazon 売れ筋ランキング 家電＆カメラ - 194,232位 ( 家電＆カメラの売れ筋ランキングを見る ) プリペイドSIMカード - 1,615位""], ""title"": [""【中国・香港・マカオeSIM】1日間完全無制限（使い放題） DeSiM正規卸 | LINE相談受付中｜データ通信専用（電話番号なし） | simフリー端末のみ対応 説明書付 イーシム DeSiM""]}"
amazon_jp,mo,【東南アジア10ヵ国eSIM】7日間 5GB高速データ｜シンガポール・タイ・マレーシア・インドネシア・フィリピン・カンボジア・ベトナム・ラオス・スリランカ・マカオ対応｜即日発行・すぐ使える｜24時間LINEサポート 東南アジア simカード,1850,1,,,,,998,7일,7일,180일,roaming,lte_4g_only,,,"{""ctm"": null, ""china_telecom_macau"": null, ""three_macau"": null}","{""skt"": null, ""kt"": null, ""lgu"": null}",5GB,https://www.amazon.co.jp/%E3%82%A2%E3%83%BC%E3%83%A2%E3%83%B3%E3%83%89-%EF%BC%B3%EF%BC%A9%EF%BD%8D-%EF%BD%83%EF%BD%81%EF%BD%92%EF%BD%84-7%E6%97%A5%E9%96%93-5GB-%E3%80%90%E6%9D%B1%E5%8D%97%E3%82%A2%E3%82%B8%E3%82%A210%E3%83%B5%E5%9B%BDeSIM%E3%80%917%E6%97%A5%E9%96%93/dp/B0FQDMW86D,B0FQDMW86D,B0FQDMW86D,Global Simcard,アーモンド　ＳＩｍ　ｃａｒｄのストアを表示,"{""price_jpy"": [""￥1,850""], ""usage_validity"": [""【東南アジア10ヵ国eSIM】7日間 5GB高速データ｜シンガポール・タイ・マレーシア・インドネシア・フィリピン・カンボジア・ベトナム・ラオス・スリランカ・マカオ対応｜即日発行・すぐ使える｜24時間LINEサポート 東南アジア simカード""], ""activation_validity"": [""⭐【有効期限】メール受信から180日以内にご利用ください。""], ""data_amount"": [""⭐【データ容量】8日間で合計5GBまで利用可能。上限超過後は256kbpsの低速通信に切り替わります。本人確認不要、即日発行ですぐに利用可能です。""], ""network_type"": [""マレーシア旅行用SIMカード - 5G/4G LTE高速データ - プリペイド＆ローミングなし、7日間合計3GB - 観光客やビジネス旅行者向けの簡単アクティベーション"", ""マレーシア旅行用SIMカード - 5G/4G LTE高速データ - プリペイド＆ローミングなし、7日間合計3GB - 観光客やビジネス旅行者向けの簡単アクティベーション"", ""score: local=0, roaming=2""], ""network_generation"": [""product_info_cellular_4g_lte: source:product_info_cellular: 携帯電話技術 4G-LTE""], ""review_count"": [""detail_page: (1)""], ""bestseller_rank"": [""Amazon 売れ筋ランキング 家電＆カメラ - 107,462位 ( 家電＆カメラの売れ筋ランキングを見る ) プリペイドSIMカード - 998位""], ""title"": [""【東南アジア10ヵ国eSIM】7日間 5GB高速データ｜シンガポール・タイ・マレーシア・インドネシア・フィリピン・カンボジア・ベトナム・ラオス・スリランカ・マカオ対応｜即日発行・すぐ使える｜24時間LINEサポート 東南アジア simカード""]}"
amazon_jp,mo,【iPhone用】香港・マカオ プリペイドSIM 4日間 データ通信使い放題 5G/4G回線 香港プリペイドSIM 香港シム ローミングSIM,1630,1,,,,,3376,4일,4일,31일,roaming,lte_4g_only,,,"{""ctm"": null, ""china_telecom_macau"": null, ""three_macau"": null}","{""skt"": null, ""kt"": null, ""lgu"": null}",unlimited,https://www.amazon.co.jp/%E3%80%90iPhone%E7%94%A8%E3%80%91%E9%A6%99%E6%B8%AF%E3%83%BB%E3%83%9E%E3%82%AB%E3%82%AA-%E3%83%97%E3%83%AA%E3%83%9A%E3%82%A4%E3%83%89SIM-%E3%83%87%E3%83%BC%E3%82%BF%E9%80%9A%E4%BF%A1%E4%BD%BF%E3%81%84%E6%94%BE%E9%A1%8C-%E9%A6%99%E6%B8%AF%E3%83%97%E3%83%AA%E3%83%9A%E3%82%A4%E3%83%89SIM-%E3%83%AD%E3%83%BC%E3%83%9F%E3%83%B3%E3%82%B0SIM/dp/B0GKP9B1C1,B0GKP9B1C1,B0GKP9B1C1,ブランド: Wise SIM,ブランド: Wise SIM,"{""price_jpy"": [""￥1,630 ￥ 1,630 16pt (1%) 最短で 9月14""], ""usage_validity"": [""【iPhone用】香港・マカオ プリペイドSIM 4日間 データ通信使い放題 5G/4G回線 香港プリペイドSIM 香港シム ローミングSIM""], ""activation_validity"": [""■SIMカード有効期限：2026年12月31日まで""], ""data_amount"": [""【データ通信】 香港・マカオにてデータ通信が使い放題でご利用可能です。""], ""network_type"": [""【iPhone用】香港・マカオ プリペイドSIM 4日間 データ通信使い放題 5G/4G回線 香港プリペイドSIM 香港シム ローミングSIM"", ""Amazon.co.jp: 【iPhone用】香港・マカオ プリペイドSIM 4日間 データ通信使い放題 5G/4G回線 香港プリペイドSIM 香港シム ローミングSIM : 家電＆カメラ"", ""score: local=0, roaming=8""], ""network_generation"": [""product_info_cellular_4g_lte: source:product_info_cellular: 携帯電話技術 4G/LTE""], ""review_count"": [""detail_page: 1""], ""bestseller_rank"": [""Amazon 売れ筋ランキング 家電＆カメラ - 566,997位 ( 家電＆カメラの売れ筋ランキングを見る ) プリペイドSIMカード - 3,376位""], ""title"": [""【iPhone用】香港・マカオ プリペイドSIM 4日間 データ通信使い放題 5G/4G回線 香港プリペイドSIM 香港シム ローミングSIM""]}"
amazon_jp,mo,【中国 香港 マカオ 物理SIM】中国SIM 30日間 30GB 速度制限なし 本人確認不要 中国/香港/マカオ対応 プリペイド式 データ通信専用 日本発送 現地到着後アクティベート 中国sim 香港sim マカオsim,7999,1,,,,,3138,30일,30일,,unknown,unknown,,,"{""ctm"": null, ""china_telecom_macau"": null, ""three_macau"": null}","{""skt"": null, ""kt"": null, ""lgu"": null}",30GB,https://www.amazon.co.jp/%E7%89%A9%E7%90%86SIM%E3%80%91%E4%B8%AD%E5%9B%BDSIM-%E9%80%9F%E5%BA%A6%E5%88%B6%E9%99%90%E3%81%AA%E3%81%97-%E6%9C%AC%E4%BA%BA%E7%A2%BA%E8%AA%8D%E4%B8%8D%E8%A6%81-%E3%83%87%E3%83%BC%E3%82%BF%E9%80%9A%E4%BF%A1%E5%B0%82%E7%94%A8-%E7%8F%BE%E5%9C%B0%E5%88%B0%E7%9D%80%E5%BE%8C%E3%82%A2%E3%82%AF%E3%83%86%E3%82%A3%E3%83%99%E3%83%BC%E3%83%88/dp/B0FM77T73H,B0FM77T73H,B0FM77T73H,Karbor,ブランド: YukiLink,"{""price_jpy"": [""￥7,999""], ""usage_validity"": [""【中国 香港 マカオ 物理SIM】中国SIM 30日間 30GB 速度制限なし 本人確認不要 中国/香港/マカオ対応 プリペイド式 データ通信専用 日本発送 現地到着後アクティベート 中国sim 香港sim マカオsim""], ""data_amount"": [""高速安定通信】30GBの高速データを速度制限なしでご利用可能​​。動画視聴や地図検索、SNSの利用も快適な​​高速通信​​を提供します。多くの格安SIMのような「~GB以降は低速（128kbps）」という制限は​​一切ありません​​。30GBまでずっと高速でお使いいただけます。""], ""network_type"": [""no_local_or_roaming_keyword_matched""], ""network_generation"": [""fallback_5g: source:image_alt: SIMカード 中国 10日間7GB 高速データ プリペイドSIM 低速なし 5G/4G-LTE 3 in 1 データ通信専用 | Line相談受付中 中国大陸のみで使用 観光/出張/留学 (10日間240時間7GB)"", ""fallback_4g_lte: source:image_alt: SIMカード 中国 10日間7GB 高速データ プリペイドSIM 低速なし 5G/4G-LTE 3 in 1 データ通信専用 | Line相談受付中 中国大陸のみで使用 観光/出張/留学 (10日間240時間7GB)"", ""fallback_only_network_generation_signal""], ""review_count"": [""detail_page: (1)""], ""bestseller_rank"": [""Amazon 売れ筋ランキング 家電＆カメラ - 497,661位 ( 家電＆カメラの売れ筋ランキングを見る ) プリペイドSIMカード - 3,138位""], ""title"": [""【中国 香港 マカオ 物理SIM】中国SIM 30日間 30GB 速度制限なし 本人確認不要 中国/香港/マカオ対応 プリペイド式 データ通信専用 日本発送 現地到着後アクティベート 中国sim 香港sim マカオsim""]}"
amazon_jp,mo,アジア eSIM アジア周遊 28カ国 10日間6GB Truemoveキャリア 高速データ通信 低速データ通信 無制限 日本 韓国 中国 台湾 香港 マカオ シンガポール マレーシア など28カ国 Asia esim Travel esim (eSIM 10日間),2680,5,,,,,524,3일,3일,10일,unknown,lte_4g_only,,,"{""ctm"": null, ""china_telecom_macau"": null, ""three_macau"": null}","{""skt"": null, ""kt"": null, ""lgu"": null}",unlimited,https://www.amazon.co.jp/eSIM-10%E6%97%A5%E9%96%936GB-Truemove%E3%82%AD%E3%83%A3%E3%83%AA%E3%82%A2-%E9%AB%98%E9%80%9F%E3%83%87%E3%83%BC%E3%82%BF%E9%80%9A%E4%BF%A1-10%E6%97%A5%E9%96%93/dp/B0DRHMH7T5,B0DRHMH7T5,B0DRHMH7T5,株式会社ビッグコネクト,bigconnectのストアを表示,"{""price_jpy"": [""￥2,680""], ""usage_validity"": [""【SKTelecoｍ公式認証】 韓国eSIM 3日間 (72時間) 電話番号付き 超高速データ無制限 最初の5分発信無料(韓国国内) お急ぎの方即時発行可(LINE相談受付中) 有効期限／ご購入日より120日以内 現地空港サポート(SKTelecomローミングセンター) SKテレコム正規品 韓国SIMカードタイプではありません""], ""activation_validity"": [""アジア eSIM アジア周遊 28カ国 10日間6GB Truemoveキャリア 高速データ通信 低速データ通信 無制限 日本 韓国 中国 台湾 香港 マカオ シンガポール マレーシア など28カ国 Asia esim Travel esim (eSIM 10日間)""], ""data_amount"": [""【データプラン】データ通信専用SIMになります。※データ容量無制限。ただしデータ使用量が6GBに達すると最大通信速度が128kbpsに低下します。※現地時間の00:00-23：59区切りで、カウントされます。128kbpsはビデオ通話、Youtubeなどの動画閲覧がほぼできないですが、Google Map、メールやトークアプリのメッセージ機能など問題なぐご利""], ""network_type"": [""local_signal: 【チョコSIM 定額（Sプラン）】【中国の電話番号付きでアプリや施設サービスのSMS認証が可能】【データ容量】合計500MB/月【音声】合計20分間/月 データ/音声/SMS付きSIMカード 中国SIM マカオSIM China unicom ※こちらのSIMカードは契約後、毎月の基本料が発生いたします。※2024年11月1日から台湾でのご利用はできなくなり"", ""roaming_signal: アジア旅行SIMカード、15日間-2GB毎日の高速データ、20分の通話＆10のテキスト、シンガポール、マレーシア、タイ＆インドをカバー、プリペイド - ローミングなし - 簡単なセットアップ"", ""insufficient_or_conflicting_signals(local=6, roaming=2)""], ""network_generation"": [""product_info_cellular_4g_lte: source:product_info_cellular: 携帯電話技術 LTE""], ""review_count"": [""detail_page: (5)""], ""bestseller_rank"": [""Amazon 売れ筋ランキング 家電＆カメラ - 45,531位 ( 家電＆カメラの売れ筋ランキングを見る ) プリペイドSIMカード - 524位""], ""title"": [""アジア eSIM アジア周遊 28カ国 10日間6GB Truemoveキャリア 高速データ通信 低速データ通信 無制限 日本 韓国 中国 台湾 香港 マカオ シンガポール マレーシア など28カ国 Asia esim Travel esim (eSIM 10日間)""]}"
amazon_jp,mo,【アジア10ヵ国 eSIM】8日間 5GB高速データ｜シンガポール・タイ・マレーシア・インドネシア・フィリピン・カンボジア・ベトナム・ラオス・スリランカ・マカオ対応｜即日発行・すぐ使える｜24時間LINEサポート アジア sim (8日間｜5GB),1880,1,,,,,1740,8일,8일,180일,roaming,lte_4g_only,,,"{""ctm"": null, ""china_telecom_macau"": null, ""three_macau"": null}","{""skt"": null, ""kt"": null, ""lgu"": null}",5GB,https://www.amazon.co.jp/%E3%80%90%E3%82%A2%E3%82%B8%E3%82%A210%E3%83%B5%E5%9B%BD-eSIM%E3%80%918%E6%97%A5%E9%96%93-%E3%82%A2%E3%82%B8%E3%82%A2-8%E6%97%A5%E9%96%93%EF%BD%9C5GB/dp/B0FPQVD96R,B0FPQVD96R,B0FPQVD96R,Global Simcard,アーモンド　ＳＩｍ　ｃａｒｄのストアを表示,"{""price_jpy"": [""￥1,880""], ""usage_validity"": [""【アジア10ヵ国 eSIM】8日間 5GB高速データ｜シンガポール・タイ・マレーシア・インドネシア・フィリピン・カンボジア・ベトナム・ラオス・スリランカ・マカオ対応｜即日発行・すぐ使える｜24時間LINEサポート アジア sim (8日間｜5GB)""], ""activation_validity"": [""【有効期限】メール受信から180日以内にご利用ください。""], ""data_amount"": [""【データ容量】8日間で合計5GBまで利用可能。上限超過後は256kbpsの低速通信に切り替わります。本人確認不要、即日発行ですぐに利用可能です。""], ""network_type"": [""マレーシア旅行用SIMカード - 5G/4G LTE高速データ - プリペイド＆ローミングなし、7日間合計3GB - 観光客やビジネス旅行者向けの簡単アクティベーション"", ""マレーシア旅行用SIMカード - 5G/4G LTE高速データ - プリペイド＆ローミングなし、7日間合計3GB - 観光客やビジネス旅行者向けの簡単アクティベーション"", ""score: local=0, roaming=2""], ""network_generation"": [""product_info_cellular_4g_lte: source:product_info_cellular: 携帯電話技術 LTE""], ""review_count"": [""detail_page: (1)""], ""bestseller_rank"": [""Amazon 売れ筋ランキング 家電＆カメラ - 212,071位 ( 家電＆カメラの売れ筋ランキングを見る ) プリペイドSIMカード - 1,740位""], ""title"": [""【アジア10ヵ国 eSIM】8日間 5GB高速データ｜シンガポール・タイ・マレーシア・インドネシア・フィリピン・カンボジア・ベトナム・ラオス・スリランカ・マカオ対応｜即日発行・すぐ使える｜24時間LINEサポート アジア sim (8日間｜5GB)""]}"
amazon_jp,mo,[ 中国/香港/マカオ eSIM ] オンライン最短即日発行（メール受取）｜選べる容量・日数｜即利用OK｜安心24時間日本語サポート｜低速無制限付き (1day_daily 1GB),1917,102,,,,,1147,1일,1일,90일,roaming,5g_capable,,,"{""ctm"": null, ""china_telecom_macau"": null, ""three_macau"": null}","{""skt"": null, ""kt"": null, ""lgu"": null}",unlimited,https://www.amazon.co.jp/%E3%83%9E%E3%82%AB%E3%82%AA-eSIM-%E3%82%AA%E3%83%B3%E3%83%A9%E3%82%A4%E3%83%B3%E6%9C%80%E7%9F%AD%E5%8D%B3%E6%97%A5%E7%99%BA%E8%A1%8C%EF%BC%88%E3%83%A1%E3%83%BC%E3%83%AB%E5%8F%97%E5%8F%96%EF%BC%89%EF%BD%9C%E9%81%B8%E3%81%B9%E3%82%8B%E5%AE%B9%E9%87%8F%E3%83%BB%E6%97%A5%E6%95%B0%EF%BD%9C%E5%8D%B3%E5%88%A9%E7%94%A8OK%EF%BD%9C%E5%AE%89%E5%BF%8324%E6%99%82%E9%96%93%E6%97%A5%E6%9C%AC%E8%AA%9E%E3%82%B5%E3%83%9D%E3%83%BC%E3%83%88%EF%BD%9C%E4%BD%8E%E9%80%9F%E7%84%A1%E5%88%B6%E9%99%90%E4%BB%98%E3%81%8D-1day_daily-1GB/dp/B0GKZGFWMK,B0GKZGFWMK,B0GKZGFWMK,PREPAID DATA SIMのストアを表示,PREPAID DATA SIMのストアを表示,"{""price_jpy"": [""価格 ￥1,917 ￥1,310 ￥1,380 ￥190 ￥850 配送料 ￥1,423""], ""usage_validity"": [""【Simmy公式】中国 eSIM 1日間 返金交換無料 データ無制限 困ったらLINEで相談OK""], ""activation_validity"": [""引換コードに有効期限はありません。eSIM発行後は90日以内に利用開始してください。""], ""data_amount"": [""JAPAN & GLOBAL eSIM とは 契約・手続き不要でご利用いただける、データ通信専用のeSIMサービスです。 ・契約不要／簡単設定／最短当日配信 ・高速通信＆データを使い切っても低速無制限付きで安心 ・グローバルローミング対応（対応国・地域内） ・24時間日本語サポート／4G・5G対応（対応エリア内） 本商品はデータ通信専用eSIMのため、 音声""], ""network_type"": [""JAPAN & GLOBAL eSIM とは 契約・手続き不要でご利用いただける、データ通信専用のeSIMサービスです。 ・契約不要／簡単設定／最短当日配信 ・高速通信＆データを使い切っても低速無制限付きで安心 ・グローバルローミング対応（対応国・地域内） ・24時間日本語サポート／4G・5G対応（対応エリア内） 本商品はデータ通信専用eSIMのため、 音声"", ""サービスプロバイダ グローバルローミングサービス"", ""score: local=0, roaming=4""], ""network_generation"": [""product_info_cellular_5g: source:product_info_cellular: 携帯電話技術 4g/5g"", ""product_info_cellular_4g_lte_signal_present_but_5g_capable_takes_precedence""], ""review_count"": [""detail_page: 102""], ""bestseller_rank"": [""Amazon 売れ筋ランキング 家電＆カメラ - 128,372位 ( 家電＆カメラの売れ筋ランキングを見る ) プリペイドSIMカード - 1,147位""], ""title"": [""[ 中国/香港/マカオ eSIM ] オンライン最短即日発行（メール受取）｜選べる容量・日数｜即利用OK｜安心24時間日本語サポート｜低速無制限付き (1day_daily 1GB)""]}"
amazon_jp,mo,【Almond eSIM】アジア eSIM 一年間利用可能 日本を含む12カ国 360日間15GB 高速データ通信 低速データ通信 無制限 日本 韓国 シンガポール タイ マレーシア フィリピン インドネシア ベトナム カンボジア ラオス マカオ スリランカ Asia esim Travel esim (365日間15GB高速データ),3779,23,,,,,251,5일,5일,360일,roaming,lte_4g_only,,,"{""ctm"": null, ""china_telecom_macau"": null, ""three_macau"": null}","{""skt"": null, ""kt"": null, ""lgu"": null}",unlimited,https://www.amazon.co.jp/%E3%80%90Almond-eSIM%E3%80%91%E3%82%A2%E3%82%B8%E3%82%A2-%E6%97%A5%E6%9C%AC%E3%82%92%E5%90%AB%E3%82%8012%E3%82%AB%E5%9B%BD-360%E6%97%A5%E9%96%9315GB-365%E6%97%A5%E9%96%9315GB%E9%AB%98%E9%80%9F%E3%83%87%E3%83%BC%E3%82%BF/dp/B0FMQQYHNP,B0FMQQYHNP,B0FMQQYHNP,株式会社ビッグコネクト,bigconnectのストアを表示,"{""price_jpy"": [""￥3,779""], ""usage_validity"": [""インドネシア旅行SIMカード - 5G/4G LTE高速データ - プリペイド＆ローミング禁止 - 5日間1GB - 観光客やビジネス旅行者のための簡単な有効化""], ""activation_validity"": [""【Almond eSIM】アジア eSIM 一年間利用可能 日本を含む12カ国 360日間15GB 高速データ通信 低速データ通信 無制限 日本 韓国 シンガポール タイ マレーシア フィリピン インドネシア ベトナム カンボジア ラオス マカオ スリランカ Asia esim Travel esim (365日間15GB高速データ)""], ""data_amount"": [""【一年間利用可能】３６５日間ご利用可能、データ通信専用SIMになります。※データ容量無制限。ただしデータ使用量が15GBに達すると最大通信速度が256kbpsに低下します。256kbpsはビデオ通話、Youtubeなどの動画閲覧がほぼできないですが、Google Map、メールやトークアプリのメッセージ機能など問題なぐご利用できます。""], ""network_type"": [""アジア旅行SIMカード、15日間-2GB毎日の高速データ、20分の通話＆10のテキスト、シンガポール、マレーシア、タイ＆インドをカバー、プリペイド - ローミングなし - 簡単なセットアップ"", ""インドネシア旅行SIMカード - 5G/4G LTE高速データ - プリペイド＆ローミング禁止 - 5日間1GB - 観光客やビジネス旅行者のための簡単な有効化"", ""score: local=0, roaming=4""], ""network_generation"": [""product_info_cellular_4g_lte: source:product_info_cellular: 携帯電話技術 LTE""], ""review_count"": [""detail_page: 23""], ""bestseller_rank"": [""Amazon 売れ筋ランキング 家電＆カメラ - 20,302位 ( 家電＆カメラの売れ筋ランキングを見る ) プリペイドSIMカード - 251位""], ""title"": [""【Almond eSIM】アジア eSIM 一年間利用可能 日本を含む12カ国 360日間15GB 高速データ通信 低速データ通信 無制限 日本 韓国 シンガポール タイ マレーシア フィリピン インドネシア ベトナム カンボジア ラオス マカオ スリランカ Asia esim Travel esim (365日間15GB高速データ)""]}"
amazon_jp,mo,【中国・香港・マカオ eSIM】6日間 高速完全無制限 実名認証不要 データ通信専用(電話番号なし) 5G/4G-LTE対応 中国でもGoogle、LINE、YouTubeなどVPNなしで利用可能 当日発行可能 説明書付 LINEで24時間サポート HONGKONG MACAU 中国sim MEWMEWホーム (6日間),2280,1,,,,,836,6일,6일,90일,unknown,5g_capable,,,"{""ctm"": null, ""china_telecom_macau"": null, ""three_macau"": null}","{""skt"": null, ""kt"": null, ""lgu"": null}",unlimited,https://www.amazon.co.jp/%E3%80%90%E4%B8%AD%E5%9B%BD%E3%83%BB%E9%A6%99%E6%B8%AF%E3%83%BB%E3%83%9E%E3%82%AB%E3%82%AA-%E4%B8%AD%E5%9B%BD%E3%81%A7%E3%82%82Google%E3%80%81LINE%E3%80%81YouTube%E3%81%AA%E3%81%A9VPN%E3%81%AA%E3%81%97%E3%81%A7%E5%88%A9%E7%94%A8%E5%8F%AF%E8%83%BD-LINE%E3%81%A724%E6%99%82%E9%96%93%E3%82%B5%E3%83%9D%E3%83%BC%E3%83%88-MEWMEW%E3%83%9B%E3%83%BC%E3%83%A0-6%E6%97%A5%E9%96%93/dp/B0DSJ6G1QQ,B0DSJ6G1QQ,B0DSJ6G1QQ,mewmewホーム eSIM,ＭＥＷＭＥＷホームのストアを表示,"{""price_jpy"": [""￥2,280""], ""usage_validity"": [""【中国・香港・マカオ eSIM】6日間 高速完全無制限 実名認証不要 データ通信専用(電話番号なし) 5G/4G-LTE対応 中国でもGoogle、LINE、YouTubeなどVPNなしで利用可能 当日発行可能 説明書付 LINEで24時間サポート HONGKONG MACAU 中国sim MEWMEWホーム (6日間)""], ""activation_validity"": [""📍【有効期限】eSIMはQRコードを受け取ってから90日以内は有効になっています。eSIMプランの日数は24時間を一日とカウントされます。""], ""data_amount"": [""📍5G/4G/LTEに対応し、高速データ通信量は完全無制限となります。※データ通信専用、電話番号なし""], ""network_type"": [""local_signal: 📍【ローカル回線】中国本土とマカオ：中華電信 香港：CSL"", ""roaming_signal: 中国本土旅行者向けeSIMカード、5日間プラン、2GBデータ使い放題、高速4/5G、ローミング料金無料 | 中国旅行に最適"", ""insufficient_or_conflicting_signals(local=12, roaming=2)""], ""network_generation"": [""product_detail_5g: source:feature_bullets: 📍5G/4G/LTEに対応し、高速データ通信量は完全無制限となります。※データ通信専用、電話番号なし"", ""product_detail_4g_lte_signal_present_but_5g_capable_takes_precedence""], ""review_count"": [""detail_page: (1)""], ""bestseller_rank"": [""Amazon 売れ筋ランキング 家電＆カメラ - 87,781位 ( 家電＆カメラの売れ筋ランキングを見る ) プリペイドSIMカード - 836位""], ""title"": [""【中国・香港・マカオ eSIM】6日間 高速完全無制限 実名認証不要 データ通信専用(電話番号なし) 5G/4G-LTE対応 中国でもGoogle、LINE、YouTubeなどVPNなしで利用可能 当日発行可能 説明書付 LINEで24時間サポート HONGKONG MACAU 中国sim MEWMEWホーム (6日間)""]}"
amazon_jp,mo,"【東南アジアeSIM】5日間5GB｜11地域対応（シンガポール,タイ,マレーシア,インドネシア,ベトナム,台湾・香港・マカオ,韓国,オーストラリア,ニュージーランド）｜5G/4G対応 高速データ通信｜即日メール配信 ｜使用ガイド付き｜テザリング対応｜365日LINEサポート｜QRコードで簡単設定 SIMカード不要 (5日間5GB)",999,6,,,,,1268,4일,4일,5일,unknown,5g_capable,,,"{""ctm"": null, ""china_telecom_macau"": null, ""three_macau"": null}","{""skt"": null, ""kt"": null, ""lgu"": null}",1GB/day,https://www.amazon.co.jp/4G%E5%AF%BE%E5%BF%9C-%E9%AB%98%E9%80%9F%E3%83%87%E3%83%BC%E3%82%BF%E9%80%9A%E4%BF%A1%EF%BD%9C%E5%8D%B3%E6%97%A5%E7%99%BA%E8%A1%8C-SIM%E3%82%AB%E3%83%BC%E3%83%89%E4%B8%8D%E8%A6%81-5%E6%97%A5%E9%96%935GB/dp/B0FHBCLY5K,B0FHBCLY5K,B0FHBCLY5K,トリリオン・コネクト,Billion Connectのストアを表示,"{""price_jpy"": [""￥999""], ""usage_validity"": [""【プランの利用日数の計算方法】 eSIMの有効期間は、アクティベートした時点から起算され、24時間単位で計算されます。 （例：10月1日10:00に3日間のプランをアクティベートした場合、有効期限は10月4日10:00までとなります。）""], ""activation_validity"": [""【東南アジアeSIM】5日間5GB｜11地域対応（シンガポール,タイ,マレーシア,インドネシア,ベトナム,台湾・香港・マカオ,韓国,オーストラリア,ニュージーランド）｜5G/4G対応 高速データ通信｜即日メール配信 ｜使用ガイド付き｜テザリング対応｜365日LINEサポート｜QRコードで簡単設定 SIMカード不要 (5日間5GB)""], ""data_amount"": [""【5日間5GB｜5G/4G対応】 この東南アジアeSIMなら、5日間毎日1GBの高速データ通信が楽しめます！毎日の1GBを使い切った後は、速度が384kbpsに制限されますが、 LINE、WhatsApp、Messengerなどのアプリでの文字チャット、メール送受信、地図の閲覧やナビゲーションは引き続きご利用いただけます。""], ""network_type"": [""local_signal: 【チョコSIM 定額（Sプラン）】【中国の電話番号付きでアプリや施設サービスのSMS認証が可能】【データ容量】合計500MB/月【音声】合計20分間/月 データ/音声/SMS付きSIMカード 中国SIM マカオSIM China unicom ※こちらのSIMカードは契約後、毎月の基本料が発生いたします。※2024年11月1日から台湾でのご利用はできなくなり"", ""roaming_signal: マレーシア旅行用SIMカード - 5G/4G LTE高速データ - プリペイド＆ローミングなし、7日間合計3GB - 観光客やビジネス旅行者向けの簡単アクティベーション"", ""insufficient_or_conflicting_signals(local=6, roaming=6)""], ""network_generation"": [""product_info_cellular_5g: source:product_info_cellular: 携帯電話技術 5G""], ""review_count"": [""detail_page: (6)""], ""bestseller_rank"": [""Amazon 売れ筋ランキング 家電＆カメラ - 143,796位 ( 家電＆カメラの売れ筋ランキングを見る ) プリペイドSIMカード - 1,268位""], ""title"": [""【東南アジアeSIM】5日間5GB｜11地域対応（シンガポール,タイ,マレーシア,インドネシア,ベトナム,台湾・香港・マカオ,韓国,オーストラリア,ニュージーランド）｜5G/4G対応 高速データ通信｜即日メール配信 ｜使用ガイド付き｜テザリング対応｜365日LINEサポート｜QRコードで簡単設定 SIMカード不要 (5日間5GB)""]}"
amazon_jp,mo,"【東南アジアeSIM】5日間無制限東南アジアe-SIM｜11地域対応（シンガポール,タイ,マレーシア,インドネシア,ベトナム,台湾・香港・マカオ,韓国,オーストラリア,ニュージーランド）｜5G/4G対応 高速データ通信｜即日メール配信 ｜使用ガイド付き｜テザリング対応｜365日LINEサポート｜QRコードで簡単設定 SIMカード不要 (5日間無制限)",2399,4,,,,,1670,5일,5일,90일,unknown,5g_capable,,,"{""ctm"": null, ""china_telecom_macau"": null, ""three_macau"": null}","{""skt"": null, ""kt"": null, ""lgu"": null}",unlimited,https://www.amazon.co.jp/%E3%80%90%E6%9D%B1%E5%8D%97%E3%82%A2%E3%82%B8%E3%82%A2eSIM%E3%80%915%E6%97%A5%E9%96%93%E7%84%A1%E5%88%B6%E9%99%90%E6%9D%B1%E5%8D%97%E3%82%A2%E3%82%B8%E3%82%A2e-SIM%EF%BD%9C13%E5%9C%B0%E5%9F%9F%E5%AF%BE%E5%BF%9C%EF%BC%88%E3%82%B7%E3%83%B3%E3%82%AC%E3%83%9D%E3%83%BC%E3%83%AB-%E3%83%8B%E3%83%A5%E3%83%BC%E3%82%B8%E3%83%BC%E3%83%A9%E3%83%B3%E3%83%89%EF%BC%89%EF%BD%9C5G-%E9%AB%98%E9%80%9F%E3%83%87%E3%83%BC%E3%82%BF%E9%80%9A%E4%BF%A1%EF%BD%9C%E5%8D%B3%E6%97%A5%E3%83%A1%E3%83%BC%E3%83%AB%E9%85%8D%E4%BF%A1-%EF%BD%9C%E4%BD%BF%E7%94%A8%E3%82%AC%E3%82%A4%E3%83%89%E4%BB%98%E3%81%8D%EF%BD%9C%E3%83%86%E3%82%B6%E3%83%AA%E3%83%B3%E3%82%B0%E5%AF%BE%E5%BF%9C%EF%BD%9C365%E6%97%A5LINE%E3%82%B5%E3%83%9D%E3%83%BC%E3%83%88%EF%BD%9CQR%E3%82%B3%E3%83%BC%E3%83%89%E3%81%A7%E7%B0%A1%E5%8D%98%E8%A8%AD%E5%AE%9A/dp/B0FHBDS35M,B0FHBDS35M,B0FHBDS35M,トリリオン・コネクト,Billion Connectのストアを表示,"{""price_jpy"": [""￥2,399""], ""usage_validity"": [""【東南アジアeSIM】5日間無制限東南アジアe-SIM｜11地域対応（シンガポール,タイ,マレーシア,インドネシア,ベトナム,台湾・香港・マカオ,韓国,オーストラリア,ニュージーランド）｜5G/4G対応 高速データ通信｜即日メール配信 ｜使用ガイド付き｜テザリング対応｜365日LINEサポート｜QRコードで簡単設定 SIMカード不要 (5日間無制限)""], ""activation_validity"": [""【eSIMの有効期限】 受け取り後90日以内にアクティベートしてください。有効期限の前日までにアクティベートされていない場合、eSIMは無効となりご利用いただけません。""], ""data_amount"": [""【5日間無制限高速データ – 5G対応】 東南アジアe-SIMは、完全無制限の高速データ通信を提供！データ残量を気にせず、動画視聴・ゲーム・SNS・ライブ配信をいつでもどこでも思い切り楽しめます！""], ""network_type"": [""local_signal: 【ヨーロッパ eSIM Orange holiday 】30日間 20GB 電話番号付き ヨーロッパで通話とSMS無制限 国際通話30分+SMS200通 イギリス フランス イタリアなど欧州諸国対応 24時間サポート (30日間 20GB（電話番号付き）)"", ""roaming_signal: インドネシア旅行SIMカード - 5G/4G LTE高速データ - プリペイド＆ローミング禁止 - 5日間1GB - 観光客やビジネス旅行者のための簡単な有効化"", ""insufficient_or_conflicting_signals(local=3, roaming=4)""], ""network_generation"": [""product_info_cellular_5g: source:product_info_cellular: 携帯電話技術 5G""], ""review_count"": [""detail_page: (4)""], ""bestseller_rank"": [""Amazon 売れ筋ランキング 家電＆カメラ - 202,380位 ( 家電＆カメラの売れ筋ランキングを見る ) プリペイドSIMカード - 1,670位""], ""title"": [""【東南アジアeSIM】5日間無制限東南アジアe-SIM｜11地域対応（シンガポール,タイ,マレーシア,インドネシア,ベトナム,台湾・香港・マカオ,韓国,オーストラリア,ニュージーランド）｜5G/4G対応 高速データ通信｜即日メール配信 ｜使用ガイド付き｜テザリング対応｜365日LINEサポート｜QRコードで簡単設定 SIMカード不要 (5日間無制限)""]}"
amazon_jp,mo,【中国 SIM】7日間 高速データ完全無制限｜中国本土・香港・マカオ対応｜Google/LINE/YouTube利用可｜実名登録不要｜年中無休・24時間サポート｜中国本土 プリペイドsim 香港 sim,2780,102,,,,,672,1일,1일,7일,roaming,5g_capable,,,"{""ctm"": true, ""china_telecom_macau"": null, ""three_macau"": null}","{""skt"": null, ""kt"": null, ""lgu"": null}",unlimited,https://www.amazon.co.jp/SIM%E3%80%915%E6%97%A5%E9%96%93-%E9%AB%98%E9%80%9F%E3%83%87%E3%83%BC%E3%82%BF%E5%AE%8C%E5%85%A8%E7%84%A1%E5%88%B6%E9%99%90%EF%BD%9C%E4%B8%AD%E5%9B%BD%E6%9C%AC%E5%9C%9F%E3%83%BB%E9%A6%99%E6%B8%AF%E3%83%BB%E3%83%9E%E3%82%AB%E3%82%AA%E5%AF%BE%E5%BF%9C%EF%BD%9CGoogle-YouTube%E5%88%A9%E7%94%A8%E5%8F%AF%EF%BD%9C%E5%AE%9F%E5%90%8D%E7%99%BB%E9%8C%B2%E4%B8%8D%E8%A6%81%EF%BD%9C%E5%B9%B4%E4%B8%AD%E7%84%A1%E4%BC%91%E3%83%BB24%E6%99%82%E9%96%93%E3%82%B5%E3%83%9D%E3%83%BC%E3%83%88%EF%BD%9C%E4%B8%AD%E5%9B%BD%E6%9C%AC%E5%9C%9F-%E3%83%97%E3%83%AA%E3%83%9A%E3%82%A4%E3%83%89sim-7%E6%97%A5%E9%96%93%EF%BD%9C%E7%84%A1%E5%88%B6%E9%99%90/dp/B0FTM83NSB,B0FTM83NSB,B0FTM83NSB,Global eSIMshop,ブランド: PLUG TO GO,"{""price_jpy"": [""￥2,780""], ""usage_validity"": [""【高速データ】 データ通信専用のSIMです。※高速データ容量は無制限。完全使い放題プラン、中国ネット規制対象外 中国でもGoogle、LINE、YouTubeなどVPNなしで利用可能、本人確認やSIMカード認証は不要で、1-30日間選択可能。 【中国ネット規制なし】 中国本土では香港回線をローミング利用するため、中国政府のネット規制対象外。Google、LI""], ""activation_validity"": [""【中国 SIM】7日間 高速データ完全無制限｜中国本土・香港・マカオ対応｜Google/LINE/YouTube利用可｜実名登録不要｜年中無休・24時間サポート｜中国本土 プリペイドsim 香港 sim""], ""data_amount"": [""【高速データ】 データ通信専用のSIMです。※高速データ容量は無制限。完全使い放題プラン、中国ネット規制対象外 中国でもGoogle、LINE、YouTubeなどVPNなしで利用可能、本人確認やSIMカード認証は不要で、1-30日間選択可能。""], ""network_type"": [""【中国ネット規制なし】 中国本土では香港回線をローミング利用するため、中国政府のネット規制対象外。Google、LINE、Facebook、Twitter、YouTube、Instagramなど主要サービスがVPN不要でそのままご利用いただけます。"", ""【高速データ】 データ通信専用のSIMです。※高速データ容量は無制限。完全使い放題プラン、中国ネット規制対象外 中国でもGoogle、LINE、YouTubeなどVPNなしで利用可能、本人確認やSIMカード認証は不要で、1-30日間選択可能。 【中国ネット規制なし】 中国本土では香港回線をローミング利用するため、中国政府のネット規制対象外。Google、LI"", ""score: local=0, roaming=3""], ""network_generation"": [""product_info_cellular_5g: source:product_info_cellular: 携帯電話技術 5G/4G""], ""carrier_support_local"": [""CTM: 【対応端末】SIMフリー／SIMロック解除済みスマートフォン専用。タブレット・PC・Wi-Fiルーターではご利用いただけません。標準／micro／nano SIMサイズに対応。 キャリア：中国：中国電信（China Telecom）／香港：3HK／マカオ：CTM。"", ""CTM: 【高速データ】 データ通信専用のSIMです。※高速データ容量は無制限。完全使い放題プラン、中国ネット規制対象外 中国でもGoogle、LINE、YouTubeなどVPNなしで利用可能、本人確認やSIMカード認証は不要で、1-30日間選択可能。 【中国ネット規制なし】 中国本土では香港回線をローミング"", ""CTM: サービスプロバイダ China Telecom/3HK/CTM"", ""CTM: Amazon.co.jp: 【中国 SIM】7日間 高速データ完全無制限｜中国本土・香港・マカオ対応｜Google/LINE/YouTube利用可｜実名登録不要｜年中無休・24時間サポート｜中国本土 プリペイドsim 香港 sim : 家電＆カメラ 次に移動 メインコンテンツ この商品について この""], ""review_count"": [""detail_page: 102""], ""bestseller_rank"": [""Amazon 売れ筋ランキング 家電＆カメラ - 66,574位 ( 家電＆カメラの売れ筋ランキングを見る ) プリペイドSIMカード - 672位""], ""title"": [""【中国 SIM】7日間 高速データ完全無制限｜中国本土・香港・マカオ対応｜Google/LINE/YouTube利用可｜実名登録不要｜年中無休・24時間サポート｜中国本土 プリペイドsim 香港 sim""]}"
amazon_jp,mo,台湾 TAIWAN ESIMプラン 4日間 完全無制限 4G-LTE 高速データ 使い放題 当日発行可能 出発前日本テスト用eSIM500MB 台北 高雄 プリペイドSIM 桃園 esim taiwan sim (4日間完全無制限),1595,251,,,100,,29,4일,4일,30일,unknown,lte_4g_only,,,"{""ctm"": null, ""china_telecom_macau"": null, ""three_macau"": null}","{""skt"": null, ""kt"": null, ""lgu"": null}",unlimited,https://www.amazon.co.jp/TAIWAN-ESIM%E3%83%97%E3%83%A9%E3%83%B3-4G-LTE-%E3%83%97%E3%83%AA%E3%83%9A%E3%82%A4%E3%83%89SIM-4%E6%97%A5%E9%96%93%E5%AE%8C%E5%85%A8%E7%84%A1%E5%88%B6%E9%99%90/dp/B0CY1JXCZ7,B0CY1JXCZ7,B0CY1JXCZ7,株式会社ビッグコネクト,bigconnectのストアを表示,"{""price_jpy"": [""￥1,595""], ""usage_validity"": [""台湾 TAIWAN ESIMプラン 4日間 完全無制限 4G-LTE 高速データ 使い放題 当日発行可能 出発前日本テスト用eSIM500MB 台北 高雄 プリペイドSIM 桃園 esim taiwan sim (4日間完全無制限)""], ""activation_validity"": [""【SimCardの有効期限】メールで納品した30日以内にご利用始めてください。該当の商品はEsimcardになります、物理SIMカードを装着するのではなく、スマートフォンやタブレット等の端末内にあらかじめ埋め込まれたチップに、インターネット経由でデータプランを書き込むことができます。物理のSIMが入っていません。""], ""data_amount"": [""【高速データ完全無制限】 通信専用Esimになります。※データ容量無制限。高速データ使い放題※現地時間の00:00-23：59区切りで、カウントされます。""], ""network_type"": [""local_signal: 【現地キャリア利用】台湾で使用できるeSIM、TAIWAN渡航スケジュールに対応する手軽なeSIMカード。キャリア：中華電信 、台湾では信号が広く、ネットワークが安定し、速度が速いです。eSIMのsimカードはプリペイドsimカードと違って、挿入作業不要(iPhone・androidともeSIMのQRコードを読み取って設定後すぐに使えます。）"", ""roaming_signal: 台湾4G/5G LTE プリペイドSIMカード - 1GB高速データ、旅行用7日間無制限ローミング (即時アクティベーション)"", ""insufficient_or_conflicting_signals(local=9, roaming=2)""], ""network_generation"": [""product_info_cellular_4g_lte: source:product_info_cellular: 携帯電話技術 LTE""], ""monthly_sold_count"": [""Amazon.co.jp: 台湾 TAIWAN ESIMプラン 4日間 完全無制限 4G-LTE 高速データ 使い放題 当日発行可能 出発前日本テスト用eSIM500MB 台北 高雄 プリペイドSIM 桃園 esim taiwan sim (4日間完全無制限) : 家電＆カメラ 次に移動 メインコンテンツ この商品について この商品について この商品について""], ""review_count"": [""detail_page: (251)""], ""bestseller_rank"": [""Amazon 売れ筋ランキング 家電＆カメラ - 3,300位 ( 家電＆カメラの売れ筋ランキングを見る ) プリペイドSIMカード - 29位""], ""title"": [""台湾 TAIWAN ESIMプラン 4日間 完全無制限 4G-LTE 高速データ 使い放題 当日発行可能 出発前日本テスト用eSIM500MB 台北 高雄 プリペイドSIM 桃園 esim taiwan sim (4日間完全無制限)""]}"
amazon_jp,mo,【中国 eSIM】5日間 無制限 高速データ（低速なし）｜中国本土 香港 マカオ対応 即日発行・すぐ使える｜Google/LINE/YouTubeなど利用可・実名登録不要｜24時間LINEサポート 香港 sim 中国 sim (eSIM | 3日間),1580,195,,,,,802,5일,5일,90일,unknown,5g_capable,,,"{""ctm"": null, ""china_telecom_macau"": null, ""three_macau"": null}","{""skt"": null, ""kt"": null, ""lgu"": null}",unlimited,https://www.amazon.co.jp/%E9%AB%98%E9%80%9F%E3%83%87%E3%83%BC%E3%82%BF%EF%BC%88%E4%BD%8E%E9%80%9F%E3%81%AA%E3%81%97%EF%BC%89%EF%BD%9C%E4%B8%AD%E5%9B%BD%E6%9C%AC%E5%9C%9F-%E5%8D%B3%E6%97%A5%E7%99%BA%E8%A1%8C%E3%83%BB%E3%81%99%E3%81%90%E4%BD%BF%E3%81%88%E3%82%8B%EF%BD%9CGoogle-YouTube%E3%81%AA%E3%81%A9%E5%88%A9%E7%94%A8%E5%8F%AF%E3%83%BB%E5%AE%9F%E5%90%8D%E7%99%BB%E9%8C%B2%E4%B8%8D%E8%A6%81%EF%BD%9C24%E6%99%82%E9%96%93LINE%E3%82%B5%E3%83%9D%E3%83%BC%E3%83%88-eSIM-3%E6%97%A5%E9%96%93/dp/B0FTS8S5DS,B0FTS8S5DS,B0FTS8S5DS,Global Simcard,アーモンド　ＳＩｍ　ｃａｒｄのストアを表示,"{""price_jpy"": [""￥1,580""], ""usage_validity"": [""【中国 eSIM】5日間 無制限 高速データ（低速なし）｜中国本土 香港 マカオ対応 即日発行・すぐ使える｜Google/LINE/YouTubeなど利用可・実名登録不要｜24時間LINEサポート 香港 sim 中国 sim (eSIM | 3日間)""], ""activation_validity"": [""【有効期限】eSIM QRコードの有効期限は受け取りから90日間です。""], ""data_amount"": [""【高速データ】データ通信専用のeSIMです。高速データ容量は無制限で完全使い放題。中国ネット規制対象外のため、中国本土でもGoogle、LINE、YouTubeなどがVPN不要で利用可能。本人確認不要で、1〜30日間の利用期間を選択できます。""], ""network_type"": [""no_local_or_roaming_keyword_matched""], ""network_generation"": [""product_info_cellular_5g: source:product_info_cellular: 携帯電話技術 5G/4G""], ""review_count"": [""detail_page: 195""], ""bestseller_rank"": [""Amazon 売れ筋ランキング 家電＆カメラ - 83,924位 ( 家電＆カメラの売れ筋ランキングを見る ) プリペイドSIMカード - 802位""], ""title"": [""【中国 eSIM】5日間 無制限 高速データ（低速なし）｜中国本土 香港 マカオ対応 即日発行・すぐ使える｜Google/LINE/YouTubeなど利用可・実名登録不要｜24時間LINEサポート 香港 sim 中国 sim (eSIM | 3日間)""]}"
amazon_jp,mo,【香港・マカオeSIM】10日間 3GB（コスパ重視） LINE相談受付中｜データ通信専用（電話番号なし） | simフリー端末のみ対応 説明書付 イーシム simless,960,5,,,,,1583,3일,3일,10일,local,unknown,,,"{""ctm"": null, ""china_telecom_macau"": null, ""three_macau"": null}","{""skt"": null, ""kt"": null, ""lgu"": null}",unlimited,https://www.amazon.co.jp/%E3%80%90%E9%A6%99%E6%B8%AF%E3%83%BB%E3%83%9E%E3%82%AB%E3%82%AAeSIM%E3%80%9110%E6%97%A5%E9%96%93-3GB%EF%BC%88%E3%82%B3%E3%82%B9%E3%83%91%E9%87%8D%E8%A6%96%EF%BC%89-LINE%E7%9B%B8%E8%AB%87%E5%8F%97%E4%BB%98%E4%B8%AD%EF%BD%9C%E3%83%87%E3%83%BC%E3%82%BF%E9%80%9A%E4%BF%A1%E5%B0%82%E7%94%A8%EF%BC%88%E9%9B%BB%E8%A9%B1%E7%95%AA%E5%8F%B7%E3%81%AA%E3%81%97%EF%BC%89-sim%E3%83%95%E3%83%AA%E3%83%BC%E7%AB%AF%E6%9C%AB%E3%81%AE%E3%81%BF%E5%AF%BE%E5%BF%9C-simless/dp/B0DWLRMXHM,B0DWLRMXHM,B0DWLRMXHM,DeSiM,DeSiMのストアを表示,"{""price_jpy"": [""￥960""], ""usage_validity"": [""【SKTelecoｍ公式認証】 韓国eSIM 3日間 (72時間) 電話番号付き 超高速データ無制限 最初の5分発信無料(韓国国内) お急ぎの方即時発行可(LINE相談受付中) 有効期限／ご購入日より120日以内 現地空港サポート(SKTelecomローミングセンター) SKテレコム正規品 韓国SIMカードタイプではありません""], ""activation_validity"": [""【香港・マカオeSIM】10日間 3GB（コスパ重視） LINE相談受付中｜データ通信専用（電話番号なし） | simフリー端末のみ対応 説明書付 イーシム simless""], ""data_amount"": [""商品の説明 購入前の注意事項 【注意事項】 注意事項①：電話番号は付与されませんので、ご注意ください。 注意事項②：SIMロックフリー端末、もしくはSIMフリー端末専用のサービスです。必ず、ご利用端末がeSIM対応かどうかご確認ください。 注意事項③：2021年10月1日以前にSIMロック解除をキャリア店頭またはインターネットでされた「Android端末」は""], ""network_type"": [""商品の説明 購入前の注意事項 【注意事項】 注意事項①：電話番号は付与されませんので、ご注意ください。 注意事項②：SIMロックフリー端末、もしくはSIMフリー端末専用のサービスです。必ず、ご利用端末がeSIM対応かどうかご確認ください。 注意事項③：2021年10月1日以前にSIMロック解除をキャリア店頭またはインターネットでされた「Android端末」は"", ""【チョコSIM 定額（Sプラン）】【中国の電話番号付きでアプリや施設サービスのSMS認証が可能】【データ容量】合計500MB/月【音声】合計20分間/月 データ/音声/SMS付きSIMカード 中国SIM マカオSIM China unicom ※こちらのSIMカードは契約後、毎月の基本料が発生いたします。※2024年11月1日から台湾でのご利用はできなくなり"", ""score: local=9, roaming=1""], ""network_generation"": [""fallback_5g: source:image_alt: プリペイドSIM 日本 3GB 月 SMS認証可能 最大13ヶ月 1年間有効 大容量 楽天モバイル SIMカード 日本 海外 rakuten Prepaid SIM プリペイド データ専用 4GLTE 5G対応 japan (R 3GB SMS 12M) 日本上網卡 日本網卡 日本旅遊網卡 日本電話卡 子供向け 利用期間延"", ""fallback_4g_lte: source:image_alt: プリペイドSIM 日本 3GB 月 SMS認証可能 最大13ヶ月 1年間有効 大容量 楽天モバイル SIMカード 日本 海外 rakuten Prepaid SIM プリペイド データ専用 4GLTE 5G対応 japan (R 3GB SMS 12M) 日本上網卡 日本網卡 日本旅遊網卡 日本電話卡 子供向け 利用期間延"", ""fallback_only_network_generation_signal""], ""review_count"": [""detail_page: 商品の説明 購入前の注意事項 【注意事項】 注意事項①：電話番号は付与されませんので、ご注意ください。 注意事項②：SIMロックフリー端末、もしくはSIMフリー端末専用のサービスです。必ず、ご利用端末がeSIM対応かどうかご確認ください。 注意事項③：2021年10月1日以前にSIMロック解除をキャリア店頭またはインターネットでされた「Android端末」は""], ""bestseller_rank"": [""Amazon 売れ筋ランキング 家電＆カメラ - 189,652位 ( 家電＆カメラの売れ筋ランキングを見る ) プリペイドSIMカード - 1,583位""], ""title"": [""【香港・マカオeSIM】10日間 3GB（コスパ重視） LINE相談受付中｜データ通信専用（電話番号なし） | simフリー端末のみ対応 説明書付 イーシム simless""]}"
amazon_jp,mo,【中国本土・香港・マカオ eSIM】30日間15GBトラベル eSIM | 4G/5G 高速無制限データネットワーク | 当QRコードは当日ウェブサイトで取得可能 | プリペイドデジタルSIM | ホットスポットとネットワーク共有 | データのみ、通話やテキストメッセージなし,3480,41,,,,,1427,30일,30일,,roaming,5g_capable,,,"{""ctm"": null, ""china_telecom_macau"": null, ""three_macau"": null}","{""skt"": null, ""kt"": null, ""lgu"": null}",15GB,https://www.amazon.co.jp/eSIM%E3%80%9130%E6%97%A5%E9%96%9315GB%E3%83%88%E3%83%A9%E3%83%99%E3%83%AB-%E9%AB%98%E9%80%9F%E7%84%A1%E5%88%B6%E9%99%90%E3%83%87%E3%83%BC%E3%82%BF%E3%83%8D%E3%83%83%E3%83%88%E3%83%AF%E3%83%BC%E3%82%AF-%E5%BD%93QR%E3%82%B3%E3%83%BC%E3%83%89%E3%81%AF%E5%BD%93%E6%97%A5%E3%82%A6%E3%82%A7%E3%83%96%E3%82%B5%E3%82%A4%E3%83%88%E3%81%A7%E5%8F%96%E5%BE%97%E5%8F%AF%E8%83%BD-%E3%83%9B%E3%83%83%E3%83%88%E3%82%B9%E3%83%9D%E3%83%83%E3%83%88%E3%81%A8%E3%83%8D%E3%83%83%E3%83%88%E3%83%AF%E3%83%BC%E3%82%AF%E5%85%B1%E6%9C%89-%E3%83%87%E3%83%BC%E3%82%BF%E3%81%AE%E3%81%BF%E3%80%81%E9%80%9A%E8%A9%B1%E3%82%84%E3%83%86%E3%82%AD%E3%82%B9%E3%83%88%E3%83%A1%E3%83%83%E3%82%BB%E3%83%BC%E3%82%B8%E3%81%AA%E3%81%97/dp/B0FGJDRX8R,B0FGJDRX8R,B0FGJDRX8R,【StarwayチャージWiFi公式】,Starwayのストアを表示,"{""price_jpy"": [""￥3,480""], ""usage_validity"": [""【中国本土・香港・マカオ eSIM】30日間15GBトラベル eSIM | 4G/5G 高速無制限データネットワーク | 当QRコードは当日ウェブサイトで取得可能 | プリペイドデジタルSIM | ホットスポットとネットワーク共有 | データのみ、通話やテキストメッセージなし""], ""data_amount"": [""【中国本土・香港・マカオeSIMカード】30日間15GBのトラフィック高速 4G/5G 高品質ネットワークをお楽しみください。ホットスポット共有をサポートします。15GBの高速データを使い切った後も、256Mbpsの低速データを使い続けることができるので、旅行や出張などの短期間のニーズに適しており、接続もスムーズで安心です！""], ""network_type"": [""【eSIMを今すぐ入手】専用サイト（https://mcrmgr.umacaroon.com/starway）にアクセスして入力するだけ！eSIMのQRコードと説明書がメールですぐ届き、読み取ればかんたん接続！現地に到着後、データローミングをオンにしていただくと、インターネットをご利用いただけます。"", ""Amazon.co.jp: 【中国本土・香港・マカオ eSIM】30日間15GBトラベル eSIM | 4G/5G 高速無制限データネットワーク | 当QRコードは当日ウェブサイトで取得可能 | プリペイドデジタルSIM | ホットスポットとネットワーク共有 | データのみ、通話やテキストメッセージなし : 家電＆カメラ 次に移動 メインコンテンツ この商品"", ""score: local=0, roaming=6""], ""network_generation"": [""product_detail_5g: source:feature_bullets: 【中国本土・香港・マカオeSIMカード】30日間15GBのトラフィック高速 4G/5G 高品質ネットワークをお楽しみください。ホットスポット共有をサポートします。15GBの高速データを使い切った後も、256Mbpsの低速データを使い続けることができるので、旅行や出張などの短期間のニーズに適しており、接続もスムー"", ""product_detail_5g: source:feature_bullets: 【高速4G/5Gネットワークの保証】中国全土をカバーする、遠隔地でも安定した接続を保証します。 安全で信頼性の高い高速4G/5G LTEネットワークにより、ウェブの閲覧、さまざまなソーシャルメディア（TKを除く）の利用、国際的なマルチタスク、その他の日常的なネットワークニーズに対応し、安心して個人旅行や出張を計""], ""review_count"": [""detail_page: 41""], ""bestseller_rank"": [""Amazon 売れ筋ランキング 家電＆カメラ - 163,166位 ( 家電＆カメラの売れ筋ランキングを見る ) プリペイドSIMカード - 1,427位""], ""title"": [""【中国本土・香港・マカオ eSIM】30日間15GBトラベル eSIM | 4G/5G 高速無制限データネットワーク | 当QRコードは当日ウェブサイトで取得可能 | プリペイドデジタルSIM | ホットスポットとネットワーク共有 | データのみ、通話やテキストメッセージなし""]}"
amazon_jp,mo,【中国eSIM】中国本土 香港 マカオ対応 7日間 無制限高速データ（低速なし）｜ 即日発行・すぐ使える｜Google、LINE、YouTubeなどVPNなしで利用可能・実名登録不要｜24時間LINEサポート 香港 sim 中国 sim,2680,42,,,,,2455,7일,7일,90일,roaming,5g_capable,,,"{""ctm"": true, ""china_telecom_macau"": null, ""three_macau"": null}","{""skt"": null, ""kt"": null, ""lgu"": null}",unlimited,https://www.amazon.co.jp/%E3%80%90%E4%B8%AD%E5%9B%BDeSIM%E3%80%91%E4%B8%AD%E5%9B%BD%E6%9C%AC%E5%9C%9F-%E3%83%9E%E3%82%AB%E3%82%AA%E5%AF%BE%E5%BF%9C-%E7%84%A1%E5%88%B6%E9%99%90%E9%AB%98%E9%80%9F%E3%83%87%E3%83%BC%E3%82%BF%EF%BC%88%E4%BD%8E%E9%80%9F%E3%81%AA%E3%81%97%EF%BC%89%EF%BD%9C-%E5%8D%B3%E6%97%A5%E7%99%BA%E8%A1%8C%E3%83%BB%E3%81%99%E3%81%90%E4%BD%BF%E3%81%88%E3%82%8B%EF%BD%9CGoogle%E3%80%81LINE%E3%80%81YouTube%E3%81%AA%E3%81%A9VPN%E3%81%AA%E3%81%97%E3%81%A7%E5%88%A9%E7%94%A8%E5%8F%AF%E8%83%BD%E3%83%BB%E5%AE%9F%E5%90%8D%E7%99%BB%E9%8C%B2%E4%B8%8D%E8%A6%81%EF%BD%9C24%E6%99%82%E9%96%93LINE%E3%82%B5%E3%83%9D%E3%83%BC%E3%83%88-7%E6%97%A5%E9%96%93/dp/B0FTSF2P57,B0FTSF2P57,B0FTSF2P57,Global eSIMshop,ブランド: PLUG TO GO,"{""price_jpy"": [""￥2,680""], ""usage_validity"": [""【中国eSIM】中国本土 香港 マカオ対応 7日間 無制限高速データ（低速なし）｜ 即日発行・すぐ使える｜Google、LINE、YouTubeなどVPNなしで利用可能・実名登録不要｜24時間LINEサポート 香港 sim 中国 sim""], ""activation_validity"": [""【有効期限】 eSIM QRコードの有効期限は受け取りから90日間です。""], ""data_amount"": [""【高速データ】データ通信専用のeSIMです。高速データ容量は無制限で完全使い放題。本人確認やSIMカード認証も不要で、1〜30日間の利用期間を選択できます。""], ""network_type"": [""【中国ネット規制なし】 中国本土では香港回線をローミング利用するため、中国政府のネット規制対象外。Google、LINE、Facebook、Twitter、YouTube、Instagramなど主要サービスがVPN不要でそのままご利用いただけます。"", ""Amazon.co.jp: 【中国eSIM】中国本土 香港 マカオ対応 7日間 無制限高速データ（低速なし）｜ 即日発行・すぐ使える｜Google、LINE、YouTubeなどVPNなしで利用可能・実名登録不要｜24時間LINEサポート 香港 sim 中国 sim : 家電＆カメラ 次に移動 メインコンテンツ この商品について この商品について この商品につ"", ""score: local=0, roaming=2""], ""network_generation"": [""product_info_cellular_5g: source:product_info_cellular: 携帯電話技術 5G/4G""], ""carrier_support_local"": [""CTM: サービスプロバイダ China Telecom/3HK/CTM"", ""CTM: Amazon.co.jp: 【中国eSIM】中国本土 香港 マカオ対応 7日間 無制限高速データ（低速なし）｜ 即日発行・すぐ使える｜Google、LINE、YouTubeなどVPNなしで利用可能・実名登録不要｜24時間LINEサポート 香港 sim 中国 sim : 家電＆カメラ 次に移動 メイン""], ""review_count"": [""detail_page: 42""], ""bestseller_rank"": [""Amazon 売れ筋ランキング 家電＆カメラ - 336,814位 ( 家電＆カメラの売れ筋ランキングを見る ) プリペイドSIMカード - 2,455位""], ""title"": [""【中国eSIM】中国本土 香港 マカオ対応 7日間 無制限高速データ（低速なし）｜ 即日発行・すぐ使える｜Google、LINE、YouTubeなどVPNなしで利用可能・実名登録不要｜24時間LINEサポート 香港 sim 中国 sim""]}"
amazon_jp,mo,【中国・香港・マカオ eSIM】5日間 3GB（四泊五日 コスパ重視） DeSiM正規卸 |LINE相談受付中 |データ通信専用（電話番号なし） simフリー端末のみ対応 説明書付 イーシム desim,1660,3,,,,,1270,5일,5일,7일,local,5g_capable,,,"{""ctm"": null, ""china_telecom_macau"": null, ""three_macau"": null}","{""skt"": null, ""kt"": null, ""lgu"": null}",unlimited,https://www.amazon.co.jp/%E3%80%90%E4%B8%AD%E5%9B%BD%E3%83%BB%E9%A6%99%E6%B8%AF%E3%83%BB%E3%83%9E%E3%82%AB%E3%82%AA-eSIM%E3%80%915%E6%97%A5%E9%96%93-LINE%E7%9B%B8%E8%AB%87%E5%8F%97%E4%BB%98%E4%B8%AD-%E3%83%87%E3%83%BC%E3%82%BF%E9%80%9A%E4%BF%A1%E5%B0%82%E7%94%A8%EF%BC%88%E9%9B%BB%E8%A9%B1%E7%95%AA%E5%8F%B7%E3%81%AA%E3%81%97%EF%BC%89-sim%E3%83%95%E3%83%AA%E3%83%BC%E7%AB%AF%E6%9C%AB%E3%81%AE%E3%81%BF%E5%AF%BE%E5%BF%9C/dp/B0D5W9FKZR,B0D5W9FKZR,B0D5W9FKZR,DeSiM,DeSiMのストアを表示,"{""price_jpy"": [""￥1,660""], ""usage_validity"": [""【中国・香港・マカオ eSIM】5日間 3GB（四泊五日 コスパ重視） DeSiM正規卸 |LINE相談受付中 |データ通信専用（電話番号なし） simフリー端末のみ対応 説明書付 イーシム desim""], ""activation_validity"": [""商品の説明 購入前の注意事項 【注意事項】 注意事項①：本商品はデータ通信専用です（通話はご利用いただけません）。ご注意ください。 注意事項②：SIMロックフリー端末、もしくはSIMフリー端末専用のサービスです。必ず、ご利用端末がeSIM対応かどうかご確認ください。 注意事項③：2021年10月1日以前にSIMロック解除をキャリア店頭またはインターネットでさ""], ""data_amount"": [""商品の説明 購入前の注意事項 【注意事項】 注意事項①：本商品はデータ通信専用です（通話はご利用いただけません）。ご注意ください。 注意事項②：SIMロックフリー端末、もしくはSIMフリー端末専用のサービスです。必ず、ご利用端末がeSIM対応かどうかご確認ください。 注意事項③：2021年10月1日以前にSIMロック解除をキャリア店頭またはインターネットでさ""], ""network_type"": [""商品の説明 購入前の注意事項 【注意事項】 注意事項①：本商品はデータ通信専用です（通話はご利用いただけません）。ご注意ください。 注意事項②：SIMロックフリー端末、もしくはSIMフリー端末専用のサービスです。必ず、ご利用端末がeSIM対応かどうかご確認ください。 注意事項③：2021年10月1日以前にSIMロック解除をキャリア店頭またはインターネットでさ"", ""【チョコSIM 定額（Sプラン）】【中国の電話番号付きでアプリや施設サービスのSMS認証が可能】【データ容量】合計500MB/月【音声】合計20分間/月 データ/音声/SMS付きSIMカード 中国SIM マカオSIM China unicom ※こちらのSIMカードは契約後、毎月の基本料が発生いたします。※2024年11月1日から台湾でのご利用はできなくなり"", ""score: local=9, roaming=1""], ""network_generation"": [""product_info_cellular_5g: source:product_info_cellular: 携帯電話技術 5G""], ""review_count"": [""detail_page: (3)""], ""bestseller_rank"": [""Amazon 売れ筋ランキング 家電＆カメラ - 144,102位 ( 家電＆カメラの売れ筋ランキングを見る ) プリペイドSIMカード - 1,270位""], ""title"": [""【中国・香港・マカオ eSIM】5日間 3GB（四泊五日 コスパ重視） DeSiM正規卸 |LINE相談受付中 |データ通信専用（電話番号なし） simフリー端末のみ対応 説明書付 イーシム desim""]}"
amazon_jp,mo,【eSIM】中国・香港・マカオ 利用日数8日 データ容量12GB 中国eSIM 香港eSIM マカオeSIM / ※esimの為、物理SIMの発送はありません。,12,,,,,,,8일,8일,30일,unknown,5g_capable,,,"{""ctm"": null, ""china_telecom_macau"": null, ""three_macau"": null}","{""skt"": null, ""kt"": null, ""lgu"": null}",12GB,https://www.amazon.co.jp/dp/B0HH91JQLN,B0HH91JQLN,B0HH91JQLN,ブランド: Wise SIM,ブランド: Wise SIM,"{""price_jpy"": [""価格について知らせる? 【eSIM】中国・香港・マカオ 利用日数8日 データ容量12 (assumed JPY by i18n-prefs)""], ""usage_validity"": [""【eSIM】中国・香港・マカオ 利用日数8日 データ容量12GB 中国eSIM 香港eSIM マカオeSIM / ※esimの為、物理SIMの発送はありません。""], ""activation_validity"": [""■eSIMの為、SIMカードの発送はありません。QRコード付きの紙のマニュアルのみを送付致します。※eSIMはデータ商品の為、返品受付は出来ません。 ■SIMカード有効期限：2027年6月30日まで""], ""data_amount"": [""【高速データ通信】 利用開始後8日間12GBのデータ通信利用が可能です。 ※12GB利用後、通信速度は128kbps程度に速度低下となりますが、期限迄は通信は止まる事なく利用可能です。""], ""network_type"": [""no_local_or_roaming_keyword_matched""], ""network_generation"": [""product_info_cellular_5g: source:product_info_cellular: 携帯電話技術 5G/4G/LTE"", ""product_info_cellular_4g_lte_signal_present_but_5g_capable_takes_precedence""], ""title"": [""【eSIM】中国・香港・マカオ 利用日数8日 データ容量12GB 中国eSIM 香港eSIM マカオeSIM / ※esimの為、物理SIMの発送はありません。""]}"
amazon_jp,mo,【中国・香港・マカオ eSIM】3日間 3GB（二泊三日 コスパ重視） DeSiM正規卸 |LINE相談受付中 |データ通信専用（電話番号なし） simフリー端末のみ対応 説明書付 イーシム,1520,2,,,,,1792,3일,3일,7일,local,lte_4g_only,,,"{""ctm"": null, ""china_telecom_macau"": null, ""three_macau"": null}","{""skt"": null, ""kt"": null, ""lgu"": null}",unlimited,https://www.amazon.co.jp/%E3%80%90%E4%B8%AD%E5%9B%BD%E3%83%BB%E9%A6%99%E6%B8%AF%E3%83%BB%E3%83%9E%E3%82%AB%E3%82%AA-eSIM%E3%80%913%E6%97%A5%E9%96%93-LINE%E7%9B%B8%E8%AB%87%E5%8F%97%E4%BB%98%E4%B8%AD-%E3%83%87%E3%83%BC%E3%82%BF%E9%80%9A%E4%BF%A1%E5%B0%82%E7%94%A8%EF%BC%88%E9%9B%BB%E8%A9%B1%E7%95%AA%E5%8F%B7%E3%81%AA%E3%81%97%EF%BC%89-sim%E3%83%95%E3%83%AA%E3%83%BC%E7%AB%AF%E6%9C%AB%E3%81%AE%E3%81%BF%E5%AF%BE%E5%BF%9C/dp/B0D5W9QYZY,B0D5W9QYZY,B0D5W9QYZY,DeSiM,DeSiMのストアを表示,"{""price_jpy"": [""￥1,520""], ""usage_validity"": [""【中国・香港・マカオ eSIM】3日間 3GB（二泊三日 コスパ重視） DeSiM正規卸 |LINE相談受付中 |データ通信専用（電話番号なし） simフリー端末のみ対応 説明書付 イーシム""], ""activation_validity"": [""商品の説明 購入前の注意事項 【注意事項】 注意事項①：本商品はデータ通信専用です（通話はご利用いただけません）。ご注意ください。 注意事項②：SIMロックフリー端末、もしくはSIMフリー端末専用のサービスです。必ず、ご利用端末がeSIM対応かどうかご確認ください。 注意事項③：2021年10月1日以前にSIMロック解除をキャリア店頭またはインターネットでさ""], ""data_amount"": [""商品の説明 購入前の注意事項 【注意事項】 注意事項①：本商品はデータ通信専用です（通話はご利用いただけません）。ご注意ください。 注意事項②：SIMロックフリー端末、もしくはSIMフリー端末専用のサービスです。必ず、ご利用端末がeSIM対応かどうかご確認ください。 注意事項③：2021年10月1日以前にSIMロック解除をキャリア店頭またはインターネットでさ""], ""network_type"": [""商品の説明 購入前の注意事項 【注意事項】 注意事項①：本商品はデータ通信専用です（通話はご利用いただけません）。ご注意ください。 注意事項②：SIMロックフリー端末、もしくはSIMフリー端末専用のサービスです。必ず、ご利用端末がeSIM対応かどうかご確認ください。 注意事項③：2021年10月1日以前にSIMロック解除をキャリア店頭またはインターネットでさ"", ""【チョコSIM 定額（Sプラン）】【中国の電話番号付きでアプリや施設サービスのSMS認証が可能】【データ容量】合計500MB/月【音声】合計20分間/月 データ/音声/SMS付きSIMカード 中国SIM マカオSIM China unicom ※こちらのSIMカードは契約後、毎月の基本料が発生いたします。※2024年11月1日から台湾でのご利用はできなくなり"", ""score: local=9, roaming=1""], ""network_generation"": [""product_info_cellular_4g_lte: source:product_info_cellular: 携帯電話技術 LTE""], ""review_count"": [""detail_page: (2)""], ""bestseller_rank"": [""Amazon 売れ筋ランキング 家電＆カメラ - 219,956位 ( 家電＆カメラの売れ筋ランキングを見る ) プリペイドSIMカード - 1,792位""], ""title"": [""【中国・香港・マカオ eSIM】3日間 3GB（二泊三日 コスパ重視） DeSiM正規卸 |LINE相談受付中 |データ通信専用（電話番号なし） simフリー端末のみ対応 説明書付 イーシム""]}"
amazon_jp,mo,【香港/マカオSIM】7日間 7GB 高速データ データSIM プリペイドSIM ジェットモバイル テザリング可 5G/4G-LTE,1501,16,,,,,2806,3일,3일,7일,local,5g_capable,,,"{""ctm"": true, ""china_telecom_macau"": null, ""three_macau"": null}","{""skt"": null, ""kt"": null, ""lgu"": null}",1GB/day,https://www.amazon.co.jp/%E3%83%9E%E3%82%AB%E3%82%AASIM%E3%80%917%E6%97%A5%E9%96%93-%E3%83%87%E3%83%BC%E3%82%BFSIM-%E3%83%97%E3%83%AA%E3%83%9A%E3%82%A4%E3%83%89SIM-%E3%82%B8%E3%82%A7%E3%83%83%E3%83%88%E3%83%A2%E3%83%90%E3%82%A4%E3%83%AB-%E3%83%86%E3%82%B6%E3%83%AA%E3%83%B3%E3%82%B0%E5%8F%AF/dp/B0F1XYS8NH,B0F1XYS8NH,B0F1XYS8NH,ジェスロモバイル,JETSIMのストアを表示,"{""price_jpy"": [""￥1,501""], ""usage_validity"": [""【SKTelecoｍ公式認証】 韓国eSIM 3日間 (72時間) 電話番号付き 超高速データ無制限 最初の5分発信無料(韓国国内) お急ぎの方即時発行可(LINE相談受付中) 有効期限／ご購入日より120日以内 現地空港サポート(SKTelecomローミングセンター) SKテレコム正規品 韓国SIMカードタイプではありません""], ""activation_validity"": [""【香港/マカオSIM】7日間 7GB 高速データ データSIM プリペイドSIM ジェットモバイル テザリング可 5G/4G-LTE""], ""data_amount"": [""【データ無制限】香港・マカオで7日間 5G/4G-LTE 高速データ7GB、その後2G速度で使い放題。テザリング対応。高速データ1日1GBまで。""], ""network_type"": [""【チョコSIM 定額（Sプラン）】【中国の電話番号付きでアプリや施設サービスのSMS認証が可能】【データ容量】合計500MB/月【音声】合計20分間/月 データ/音声/SMS付きSIMカード 中国SIM マカオSIM China unicom ※こちらのSIMカードは契約後、毎月の基本料が発生いたします。※2024年11月1日から台湾でのご利用はできなくなり"", ""【SKTelecoｍ公式認証】 韓国eSIM 3日間 (72時間) 電話番号付き 超高速データ無制限 最初の5分発信無料(韓国国内) お急ぎの方即時発行可(LINE相談受付中) 有効期限／ご購入日より120日以内 現地空港サポート(SKTelecomローミングセンター) SKテレコム正規品 韓国SIMカードタイプではありません"", ""score: local=6, roaming=0""], ""network_generation"": [""product_detail_5g: source:feature_bullets: 【データ無制限】香港・マカオで7日間 5G/4G-LTE 高速データ7GB、その後2G速度で使い放題。テザリング対応。高速データ1日1GBまで。""], ""carrier_support_local"": [""CTM: 【高品質回線】 大手通信キャリア回線を使用。広範囲で安定した快適な通信を提供。香港：3HK回線。マカオ：CTM回線。""], ""review_count"": [""detail_page: 16""], ""bestseller_rank"": [""Amazon 売れ筋ランキング 家電＆カメラ - 415,106位 ( 家電＆カメラの売れ筋ランキングを見る ) プリペイドSIMカード - 2,806位""], ""title"": [""【香港/マカオSIM】7日間 7GB 高速データ データSIM プリペイドSIM ジェットモバイル テザリング可 5G/4G-LTE""]}"
amazon_jp,mo,【香港 eSIM】マカオeSIM 高速データ無制限&データ通信専用 香港SIM マカオSIM 当日利用可能&90日間有効 24時間オンラインサポート お急ぎのご相談は（LINEで受付中です） Hong Kong＆Macao SIM way2esim (10日間),3080,6,,,,,,90일,90일,,unknown,unknown,,,"{""ctm"": null, ""china_telecom_macau"": null, ""three_macau"": null}","{""skt"": null, ""kt"": null, ""lgu"": null}",unlimited,https://www.amazon.co.jp/eSIM%E3%80%91%E3%83%9E%E3%82%AB%E3%82%AAeSIM-24%E6%99%82%E9%96%93%E3%82%AA%E3%83%B3%E3%83%A9%E3%82%A4%E3%83%B3%E3%82%B5%E3%83%9D%E3%83%BC%E3%83%88-%E3%81%8A%E6%80%A5%E3%81%8E%E3%81%AE%E3%81%94%E7%9B%B8%E8%AB%87%E3%81%AF%EF%BC%88LINE%E3%81%A7%E5%8F%97%E4%BB%98%E4%B8%AD%E3%81%A7%E3%81%99%EF%BC%89-Kong%EF%BC%86Macao-way2esim/dp/B0GVYB8PVL,B0GVYB8PVL,B0GVYB8PVL,eSIM株式会社,way2esimのストアを表示,"{""price_jpy"": [""￥3,080""], ""usage_validity"": [""【香港 eSIM】マカオeSIM 高速データ無制限&データ通信専用 香港SIM マカオSIM 当日利用可能&90日間有効 24時間オンラインサポート お急ぎのご相談は（LINEで受付中です） Hong Kong＆Macao SIM way2esim (10日間)""], ""data_amount"": [""【高速データ無制限】：香港・マカオeSIMは、高速データを無制限でご利用いただけます。この香港・マカオeSIMはデータ通信専用で、電話番号は含まれておりません。SNSやウェブ閲覧など、さまざまなインターネットサービスを快適にご利用いただけます。""], ""network_type"": [""no_local_or_roaming_keyword_matched""], ""network_generation"": [""no_lte_4g_or_5g_keyword_matched""], ""review_count"": [""detail_page: (6)""], ""title"": [""【香港 eSIM】マカオeSIM 高速データ無制限&データ通信専用 香港SIM マカオSIM 当日利用可能&90日間有効 24時間オンラインサポート お急ぎのご相談は（LINEで受付中です） Hong Kong＆Macao SIM way2esim (10日間)""]}"
amazon_jp,mo,中国 sim｜30日間 20GB高速データ通信 低速無制限｜中国本土・香港・マカオ対応｜simカード｜Google/LINE/YouTube利用可｜実名登録不要｜24時間多言語サポート 香港 sim 中国 simカード,2780,1,,,,,1329,7일,7일,30일,roaming,5g_capable,,,"{""ctm"": true, ""china_telecom_macau"": null, ""three_macau"": null}","{""skt"": null, ""kt"": null, ""lgu"": null}",10GB,https://www.amazon.co.jp/sim%EF%BD%9C7%E6%97%A5%E9%96%93-10GB%E9%AB%98%E9%80%9F%E3%83%87%E3%83%BC%E3%82%BF%E9%80%9A%E4%BF%A1-%E4%BD%8E%E9%80%9F%E7%84%A1%E5%88%B6%E9%99%90%EF%BD%9C%E4%B8%AD%E5%9B%BD%E6%9C%AC%E5%9C%9F%E3%83%BB%E9%A6%99%E6%B8%AF%E3%83%BB%E3%83%9E%E3%82%AB%E3%82%AA%E5%AF%BE%E5%BF%9C%EF%BD%9Csim%E3%82%AB%E3%83%BC%E3%83%89%EF%BD%9CGoogle-YouTube%E5%88%A9%E7%94%A8%E5%8F%AF%EF%BD%9C%E5%AE%9F%E5%90%8D%E7%99%BB%E9%8C%B2%E4%B8%8D%E8%A6%81%EF%BD%9C24%E6%99%82%E9%96%93%E5%A4%9A%E8%A8%80%E8%AA%9E%E3%82%B5%E3%83%9D%E3%83%BC%E3%83%88-30%E6%97%A5%E9%96%93%E3%83%BB20GB/dp/B0FTM489G3,B0FTM489G3,B0FTM489G3,Global eSIMshop,ブランド: PLUG TO GO,"{""price_jpy"": [""￥2,780""], ""usage_validity"": [""【高速データ】 データ通信専用プリペイドSIM。中国大陸・香港・マカオで利用可能。利用開始から7日間で合計10GBの高速データ通信が利用できます。10GBを超過した場合も、最大128kbpsの低速通信が無制限でご利用可能。本人確認やSIM登録は不要です。 【中国ネット規制なし】 中国本土では香港回線をローミング利用するため、中国政府のネット規制対象外。Goo""], ""activation_validity"": [""中国 sim｜30日間 20GB高速データ通信 低速無制限｜中国本土・香港・マカオ対応｜simカード｜Google/LINE/YouTube利用可｜実名登録不要｜24時間多言語サポート 香港 sim 中国 simカード""], ""data_amount"": [""【高速データ】 データ通信専用プリペイドSIM。中国大陸・香港・マカオで利用可能。利用開始から7日間で合計10GBの高速データ通信が利用できます。10GBを超過した場合も、最大128kbpsの低速通信が無制限でご利用可能。本人確認やSIM登録は不要です。""], ""network_type"": [""【中国ネット規制なし】 中国本土では香港回線をローミング利用するため、中国政府のネット規制対象外。Google、LINE、Facebook、Twitter、YouTube、Instagramなど主要サービスがVPN不要でそのままご利用いただけます。"", ""【高速データ】 データ通信専用プリペイドSIM。中国大陸・香港・マカオで利用可能。利用開始から7日間で合計10GBの高速データ通信が利用できます。10GBを超過した場合も、最大128kbpsの低速通信が無制限でご利用可能。本人確認やSIM登録は不要です。 【中国ネット規制なし】 中国本土では香港回線をローミング利用するため、中国政府のネット規制対象外。Goo"", ""score: local=0, roaming=3""], ""network_generation"": [""product_info_cellular_5g: source:product_info_cellular: 携帯電話技術 5G/4G""], ""carrier_support_local"": [""CTM: 【対応端末】SIMフリー／SIMロック解除済みスマートフォン専用。タブレット・PC・Wi-Fiルーターではご利用いただけません。標準／micro／nano SIMサイズに対応。 キャリア：中国：中国電信（China Telecom）／香港：3HK／マカオ：CTM。"", ""CTM: 【高速データ】 データ通信専用プリペイドSIM。中国大陸・香港・マカオで利用可能。利用開始から7日間で合計10GBの高速データ通信が利用できます。10GBを超過した場合も、最大128kbpsの低速通信が無制限でご利用可能。本人確認やSIM登録は不要です。 【中国ネット規制なし】 中国本土では香港回線"", ""CTM: サービスプロバイダ China Telecom/3HK/CTM"", ""CTM: Amazon.co.jp: 中国 sim｜30日間 20GB高速データ通信 低速無制限｜中国本土・香港・マカオ対応｜simカード｜Google/LINE/YouTube利用可｜実名登録不要｜24時間多言語サポート 香港 sim 中国 simカード : 家電＆カメラ 次に移動 メインコンテンツ この商""], ""review_count"": [""detail_page: (1)""], ""bestseller_rank"": [""Amazon 売れ筋ランキング 家電＆カメラ - 152,961位 ( 家電＆カメラの売れ筋ランキングを見る ) プリペイドSIMカード - 1,329位""], ""title"": [""中国 sim｜30日間 20GB高速データ通信 低速無制限｜中国本土・香港・マカオ対応｜simカード｜Google/LINE/YouTube利用可｜実名登録不要｜24時間多言語サポート 香港 sim 中国 simカード""]}"
amazon_jp,mo,【中国・香港・マカオeSIM】6日間完全無制限（五泊六日 使い放題） DeSiM正規卸 | LINE相談受付中｜データ通信専用（電話番号なし） | simフリー端末のみ対応 説明書付 イーシム desim,5370,2,,,,,1238,6일,6일,7일,unknown,unknown,,,"{""ctm"": null, ""china_telecom_macau"": null, ""three_macau"": null}","{""skt"": null, ""kt"": null, ""lgu"": null}",unlimited,https://www.amazon.co.jp/%E3%80%90%E4%B8%AD%E5%9B%BD%E3%83%BB%E9%A6%99%E6%B8%AF%E3%83%BB%E3%83%9E%E3%82%AB%E3%82%AAeSIM%E3%80%916%E6%97%A5%E9%96%93%E5%AE%8C%E5%85%A8%E7%84%A1%E5%88%B6%E9%99%90%EF%BC%88%E4%BA%94%E6%B3%8A%E5%85%AD%E6%97%A5-%E4%BD%BF%E3%81%84%E6%94%BE%E9%A1%8C%EF%BC%89-DeSiM%E6%AD%A3%E8%A6%8F%E5%8D%B8-LINE%E7%9B%B8%E8%AB%87%E5%8F%97%E4%BB%98%E4%B8%AD%EF%BD%9C%E3%83%87%E3%83%BC%E3%82%BF%E9%80%9A%E4%BF%A1%E5%B0%82%E7%94%A8%EF%BC%88%E9%9B%BB%E8%A9%B1%E7%95%AA%E5%8F%B7%E3%81%AA%E3%81%97%EF%BC%89-sim%E3%83%95%E3%83%AA%E3%83%BC%E7%AB%AF%E6%9C%AB%E3%81%AE%E3%81%BF%E5%AF%BE%E5%BF%9C/dp/B0DL4TN7BT,B0DL4TN7BT,B0DL4TN7BT,DeSiM,DeSiMのストアを表示,"{""price_jpy"": [""￥5,370""], ""usage_validity"": [""【中国・香港・マカオeSIM】6日間完全無制限（五泊六日 使い放題） DeSiM正規卸 | LINE相談受付中｜データ通信専用（電話番号なし） | simフリー端末のみ対応 説明書付 イーシム desim""], ""activation_validity"": [""商品の説明 購入前の注意事項 【注意事項】 注意事項①：本商品はデータ通信専用です（通話はご利用いただけません）。ご注意ください。 注意事項②：SIMロックフリー端末、もしくはSIMフリー端末専用のサービスです。必ず、ご利用端末がeSIM対応かどうかご確認ください。 注意事項③：2021年10月1日以前にSIMロック解除をキャリア店頭またはインターネットでさ""], ""data_amount"": [""商品の説明 購入前の注意事項 【注意事項】 注意事項①：本商品はデータ通信専用です（通話はご利用いただけません）。ご注意ください。 注意事項②：SIMロックフリー端末、もしくはSIMフリー端末専用のサービスです。必ず、ご利用端末がeSIM対応かどうかご確認ください。 注意事項③：2021年10月1日以前にSIMロック解除をキャリア店頭またはインターネットでさ""], ""network_type"": [""local_signal: 商品の説明 購入前の注意事項 【注意事項】 注意事項①：本商品はデータ通信専用です（通話はご利用いただけません）。ご注意ください。 注意事項②：SIMロックフリー端末、もしくはSIMフリー端末専用のサービスです。必ず、ご利用端末がeSIM対応かどうかご確認ください。 注意事項③：2021年10月1日以前にSIMロック解除をキャリア店頭またはインターネットでさ"", ""roaming_signal: 商品の説明 購入前の注意事項 【注意事項】 注意事項①：本商品はデータ通信専用です（通話はご利用いただけません）。ご注意ください。 注意事項②：SIMロックフリー端末、もしくはSIMフリー端末専用のサービスです。必ず、ご利用端末がeSIM対応かどうかご確認ください。 注意事項③：2021年10月1日以前にSIMロック解除をキャリア店頭またはインターネットでさ"", ""insufficient_or_conflicting_signals(local=9, roaming=3)""], ""network_generation"": [""fallback_5g: source:image_alt: 中国eSIM｜5日間 高速データ無制限｜中国本土・香港・マカオ対応｜VPN付き LINE・YouTube・Google利用可｜4G/5G 即日発行可能 (5日間)"", ""fallback_4g_lte: source:image_alt: 中国eSIM｜5日間 高速データ無制限｜中国本土・香港・マカオ対応｜VPN付き LINE・YouTube・Google利用可｜4G/5G 即日発行可能 (5日間)"", ""fallback_only_network_generation_signal""], ""review_count"": [""detail_page: (2)""], ""bestseller_rank"": [""Amazon 売れ筋ランキング 家電＆カメラ - 139,651位 ( 家電＆カメラの売れ筋ランキングを見る ) プリペイドSIMカード - 1,238位""], ""title"": [""【中国・香港・マカオeSIM】6日間完全無制限（五泊六日 使い放題） DeSiM正規卸 | LINE相談受付中｜データ通信専用（電話番号なし） | simフリー端末のみ対応 説明書付 イーシム desim""]}"
amazon_jp,mo,【中国 マカオ 香港 eSIM】14日間無制限 実名登録不要 QRコード設定 メール登録で納品 即日発行対応 急ぎの方LINEサポート 高速データ通信 低速なし 中国ネット規制対象外 Line、Youtube、GoogleなどVPNなしで利用可能 中国sim 香港sim マカオsim (14日間),5160,102,,,,,1973,14일,14일,90일,unknown,lte_4g_only,,,"{""ctm"": null, ""china_telecom_macau"": null, ""three_macau"": null}","{""skt"": null, ""kt"": null, ""lgu"": null}",unlimited,https://www.amazon.co.jp/eSIM%E3%80%9114%E6%97%A5%E9%96%93%E7%84%A1%E5%88%B6%E9%99%90-%E6%80%A5%E3%81%8E%E3%81%AE%E6%96%B9LINE%E3%82%B5%E3%83%9D%E3%83%BC%E3%83%88-%E4%B8%AD%E5%9B%BD%E3%83%8D%E3%83%83%E3%83%88%E8%A6%8F%E5%88%B6%E5%AF%BE%E8%B1%A1%E5%A4%96-Line%E3%80%81Youtube%E3%80%81Google%E3%81%AA%E3%81%A9VPN%E3%81%AA%E3%81%97%E3%81%A7%E5%88%A9%E7%94%A8%E5%8F%AF%E8%83%BD-14%E6%97%A5%E9%96%93/dp/B0FQNJ47YG,B0FQNJ47YG,B0FQNJ47YG,SYE店舗,ブランド: ノーブランド品,"{""price_jpy"": [""￥5,160""], ""usage_validity"": [""【中国 マカオ 香港 eSIM】14日間無制限 実名登録不要 QRコード設定 メール登録で納品 即日発行対応 急ぎの方LINEサポート 高速データ通信 低速なし 中国ネット規制対象外 Line、Youtube、GoogleなどVPNなしで利用可能 中国sim 香港sim マカオsim (14日間)""], ""activation_validity"": [""【有効期限】eSIM QRコードを受け取ってから90日間です""], ""data_amount"": [""✈️【高速データ通信】中国本土・香港・マカオで利用可能。無制限に使用可能です。旅行や出張先でも、高速インターネットでスムーズに使用！香港で5G通信可能。 ✈️【当日 納品可能】eSIMをご購入後、商品画像に記載された方法に従ってeSIM情報を取得して下さい。最短当日にご利用可能です。""], ""network_type"": [""roaming_signal: ⚠️【注意事項①】本製品は SIMロック解除済みかつeSIM対応スマートフォン のみでご利用いただけます。 ⚠️【注意事項②】ご利用日当日にスマートフォンをネットワークへ接続し、送付された eSIMのQRコードをスキャン して追加してください。目的地到着後、そのeSIMを選択し「ローミングをオン」にすると通信が可能になります。"", ""insufficient_or_conflicting_signals(local=0, roaming=1)""], ""network_generation"": [""product_info_cellular_4g_lte: source:product_info_cellular: 携帯電話技術 LTE""], ""review_count"": [""detail_page: 102""], ""bestseller_rank"": [""Amazon 売れ筋ランキング 家電＆カメラ - 249,001位 ( 家電＆カメラの売れ筋ランキングを見る ) プリペイドSIMカード - 1,973位""], ""title"": [""【中国 マカオ 香港 eSIM】14日間無制限 実名登録不要 QRコード設定 メール登録で納品 即日発行対応 急ぎの方LINEサポート 高速データ通信 低速なし 中国ネット規制対象外 Line、Youtube、GoogleなどVPNなしで利用可能 中国sim 香港sim マカオsim (14日間)""]}"
amazon_jp,mo,【アジア esim】アジア eSIM アジア周遊 28カ国 10日間6GB Truemoveキャリア 高速データ通信 低速データ通信 無制限 日本 韓国 中国 台湾 香港 マカオ シンガポール マレーシア など28カ国 Asia esim Travel esim (eSIM版 10日間),2680,2,,,,,1303,3일,3일,10일,unknown,lte_4g_only,,,"{""ctm"": null, ""china_telecom_macau"": null, ""three_macau"": null}","{""skt"": null, ""kt"": null, ""lgu"": null}",unlimited,https://www.amazon.co.jp/esim%E3%80%91%E3%82%A2%E3%82%B8%E3%82%A2-10%E6%97%A5%E9%96%936GB-Truemove%E3%82%AD%E3%83%A3%E3%83%AA%E3%82%A2-%E9%AB%98%E9%80%9F%E3%83%87%E3%83%BC%E3%82%BF%E9%80%9A%E4%BF%A1-%E4%BD%8E%E9%80%9F%E3%83%87%E3%83%BC%E3%82%BF%E9%80%9A%E4%BF%A1/dp/B0DRHMK2CZ,B0DRHMK2CZ,B0DRHMK2CZ,株式会社ビッグコネクト,bigconnectのストアを表示,"{""price_jpy"": [""￥2,680""], ""usage_validity"": [""【SKTelecoｍ公式認証】 韓国eSIM 3日間 (72時間) 電話番号付き 超高速データ無制限 最初の5分発信無料(韓国国内) お急ぎの方即時発行可(LINE相談受付中) 有効期限／ご購入日より120日以内 現地空港サポート(SKTelecomローミングセンター) SKテレコム正規品 韓国SIMカードタイプではありません""], ""activation_validity"": [""【アジア esim】アジア eSIM アジア周遊 28カ国 10日間6GB Truemoveキャリア 高速データ通信 低速データ通信 無制限 日本 韓国 中国 台湾 香港 マカオ シンガポール マレーシア など28カ国 Asia esim Travel esim (eSIM版 10日間)""], ""data_amount"": [""【データプラン】データ通信専用SIMになります。※データ容量無制限。ただしデータ使用量が6GBに達すると最大通信速度が128kbpsに低下します。※現地時間の00:00-23：59区切りで、カウントされます。128kbpsはビデオ通話、Youtubeなどの動画閲覧がほぼできないですが、Google Map、メールやトークアプリのメッセージ機能など問題なぐご利""], ""network_type"": [""local_signal: 【チョコSIM 定額（Sプラン）】【中国の電話番号付きでアプリや施設サービスのSMS認証が可能】【データ容量】合計500MB/月【音声】合計20分間/月 データ/音声/SMS付きSIMカード 中国SIM マカオSIM China unicom ※こちらのSIMカードは契約後、毎月の基本料が発生いたします。※2024年11月1日から台湾でのご利用はできなくなり"", ""roaming_signal: アジア旅行SIMカード、15日間-2GB毎日の高速データ、20分の通話＆10のテキスト、シンガポール、マレーシア、タイ＆インドをカバー、プリペイド - ローミングなし - 簡単なセットアップ"", ""insufficient_or_conflicting_signals(local=6, roaming=2)""], ""network_generation"": [""product_info_cellular_4g_lte: source:product_info_cellular: 携帯電話技術 LTE""], ""review_count"": [""detail_page: (2)""], ""bestseller_rank"": [""Amazon 売れ筋ランキング 家電＆カメラ - 148,115位 ( 家電＆カメラの売れ筋ランキングを見る ) プリペイドSIMカード - 1,303位""], ""title"": [""【アジア esim】アジア eSIM アジア周遊 28カ国 10日間6GB Truemoveキャリア 高速データ通信 低速データ通信 無制限 日本 韓国 中国 台湾 香港 マカオ シンガポール マレーシア など28カ国 Asia esim Travel esim (eSIM版 10日間)""]}"
amazon_jp,mo,【アジア太平洋23カ国 eSIM】30日間13GB 当日発行・メール送信(オーストラリア、ニュージーランド、香港、台湾、中国、澳門、グアム、ベトナム、スリランカ、タイ、フィリピン等) 5G/4G LTE高速通信 テザリング対応 LINE相談OK データ専用（音声なし） SIM不要・契約不要,4799,1,,,,,118,30일,30일,,local,5g_capable,,,"{""ctm"": null, ""china_telecom_macau"": null, ""three_macau"": null}","{""skt"": null, ""kt"": null, ""lgu"": null}",13GB,https://www.amazon.co.jp/%E3%80%90%E3%82%A2%E3%82%B8%E3%82%A2%E5%A4%AA%E5%B9%B3%E6%B4%8B23%E3%82%AB%E5%9B%BD-eSIM%E3%80%9130%E6%97%A5%E9%96%9313GB-%E5%BD%93%E6%97%A5%E7%99%BA%E8%A1%8C%E3%83%BB%E3%83%A1%E3%83%BC%E3%83%AB%E9%80%81%E4%BF%A1-%E3%82%AA%E3%83%BC%E3%82%B9%E3%83%88%E3%83%A9%E3%83%AA%E3%82%A2%E3%80%81%E3%83%8B%E3%83%A5%E3%83%BC%E3%82%B8%E3%83%BC%E3%83%A9%E3%83%B3%E3%83%89%E3%80%81%E9%A6%99%E6%B8%AF%E3%80%81%E5%8F%B0%E6%B9%BE%E3%80%81%E4%B8%AD%E5%9B%BD%E3%80%81%E6%BE%B3%E9%96%80%E3%80%81%E3%82%B0%E3%82%A2%E3%83%A0%E3%80%81%E3%83%99%E3%83%88%E3%83%8A%E3%83%A0%E3%80%81%E3%82%B9%E3%83%AA%E3%83%A9%E3%83%B3%E3%82%AB%E3%80%81%E3%82%BF%E3%82%A4%E3%80%81%E3%83%95%E3%82%A3%E3%83%AA%E3%83%94%E3%83%B3%E7%AD%89-%E3%83%87%E3%83%BC%E3%82%BF%E5%B0%82%E7%94%A8%EF%BC%88%E9%9F%B3%E5%A3%B0%E3%81%AA%E3%81%97%EF%BC%89/dp/B0GV36Q1WF,B0GV36Q1WF,B0GV36Q1WF,umacaroon,ブランド: ＵＲＯＺＥＴＴＡ,"{""price_jpy"": [""￥4,799""], ""usage_validity"": [""【アジア太平洋23カ国 eSIM】30日間13GB 当日発行・メール送信(オーストラリア、ニュージーランド、香港、台湾、中国、澳門、グアム、ベトナム、スリランカ、タイ、フィリピン等) 5G/4G LTE高速通信 テザリング対応 LINE相談OK データ専用（音声なし） SIM不要・契約不要""], ""data_amount"": [""30日間・13GB プリペイドeSIM： アクティベーション後30日間、13GBの高速5G/4G LTEデータ通信をご利用いただけます。アジア太平洋23か国対応。旅行者やビジネスパーソンに最適で、モバイルホットスポットにも対応。いつでもどこでも安定した通信環境を実現し、短期旅行でもストレスなく快適にインターネットをお楽しみいただけます。""], ""network_type"": [""安定・高速な4G通信環境： アジア太平洋23か国・地域に対応し、高速かつ安定した4Gネットワークをご利用いただけます。Google Maps、LINE、Instagram、YouTube、ChatGPT（※TikTokは非対応）などの主要アプリやウェブサイトに、現地回線の制限を受けることなく簡単にアクセス可能です。ビジネス出張でも観光でも、途切れない通信で快"", ""score: local=3, roaming=0""], ""network_generation"": [""product_detail_5g: source:feature_bullets: 30日間・13GB プリペイドeSIM： アクティベーション後30日間、13GBの高速5G/4G LTEデータ通信をご利用いただけます。アジア太平洋23か国対応。旅行者やビジネスパーソンに最適で、モバイルホットスポットにも対応。いつでもどこでも安定した通信環境を実現し、短期旅行でもストレスなく快適にインターネッ"", ""product_detail_4g_lte_signal_present_but_5g_capable_takes_precedence""], ""review_count"": [""detail_page: 1""], ""bestseller_rank"": [""Amazon 売れ筋ランキング 家電＆カメラ - 43,871位 ( 家電＆カメラの売れ筋ランキングを見る ) 定期契約SIMカード - 118位""], ""title"": [""【アジア太平洋23カ国 eSIM】30日間13GB 当日発行・メール送信(オーストラリア、ニュージーランド、香港、台湾、中国、澳門、グアム、ベトナム、スリランカ、タイ、フィリピン等) 5G/4G LTE高速通信 テザリング対応 LINE相談OK データ専用（音声なし） SIM不要・契約不要""]}"
amazon_jp,mo,アジア25ヵ国プリペイドSIM 利用日数30日 データ容量7GB アジア周遊SIM ローミングSIM 利用国(インド、オーストラリア、韓国、グアム、サイパン、シンガポール、タイ、台湾、中国、日本、フィリピン、ベトナム、香港、マカオ、マレーシア等),1680,2,,,,,529,1일,1일,30일,unknown,5g_capable,,,"{""ctm"": null, ""china_telecom_macau"": null, ""three_macau"": null}","{""skt"": null, ""kt"": null, ""lgu"": null}",7GB,https://www.amazon.co.jp/%E3%82%A2%E3%82%B8%E3%82%A224%E3%83%B5%E5%9B%BD%E3%83%97%E3%83%AA%E3%83%9A%E3%82%A4%E3%83%89SIM-%E5%88%A9%E7%94%A8%E6%9C%9F%E9%96%9330%E6%97%A5%E9%96%93-%E3%83%87%E3%83%BC%E3%82%BF%E5%AE%B9%E9%87%8F8GB-%E3%82%A2%E3%82%B8%E3%82%A2%E5%91%A8%E9%81%8ASIM-%E9%9F%93%E5%9B%BD%E3%80%81%E6%97%A5%E6%9C%AC%E3%80%81%E3%82%A4%E3%83%B3%E3%83%89%E3%83%8D%E3%82%B7%E3%82%A2%E3%80%81%E3%82%AA%E3%83%BC%E3%82%B9%E3%83%88%E3%83%A9%E3%83%AA%E3%82%A2%E3%80%81%E3%82%B7%E3%83%B3%E3%82%AC%E3%83%9D%E3%83%BC%E3%83%AB%E3%80%81%E3%82%BF%E3%82%A4%E3%80%81%E3%83%95%E3%82%A3%E3%83%AA%E3%83%94%E3%83%B3%E3%80%81%E3%83%99%E3%83%88%E3%83%8A%E3%83%A0%E7%AD%89/dp/B0DLP3PYW4,B0DLP3PYW4,B0DLP3PYW4,ブランド: Wise SIM,ブランド: Wise SIM,"{""price_jpy"": [""価格 ￥1,680 ￥1,786 ￥833 ￥1,244 ￥1,399 配送料 ￥1,426""], ""usage_validity"": [""■利用期間：香港の通信会社が発行しているSIMの為、香港時間を基準として電波を受信後30日(日数カウント) 例えば香港の23時に利用開始した場合、1時間で1日分としてカウントされますのでご留意ください。""], ""activation_validity"": [""アジア25ヵ国プリペイドSIM 利用日数30日 データ容量7GB アジア周遊SIM ローミングSIM 利用国(インド、オーストラリア、韓国、グアム、サイパン、シンガポール、タイ、台湾、中国、日本、フィリピン、ベトナム、香港、マカオ、マレーシア等)""], ""data_amount"": [""【データ容量】 7GBまで高速データ通信利用が可能です。 ※7GBのデータ量を超過後は128kbpsへ速度低下となりますが止まる事なく利用可能です。""], ""network_type"": [""local_signal: 【純正T-Mobile用 アメリカSIM】eSIM 5日間【使い放題】【電話番号付き】5G/4G-LTE 高速データ通信/通話/SMS/テザリング 【アメリカ ハワイ 無制限】 プリペイド SIMカード TMO esim 5days"", ""roaming_signal: アジア25ヵ国プリペイドSIM 利用日数30日 データ容量7GB アジア周遊SIM ローミングSIM 利用国(インド、オーストラリア、韓国、グアム、サイパン、シンガポール、タイ、台湾、中国、日本、フィリピン、ベトナム、香港、マカオ、マレーシア等)"", ""insufficient_or_conflicting_signals(local=9, roaming=9)""], ""network_generation"": [""product_info_cellular_5g: source:product_info_cellular: 携帯電話技術 5G/4G/LTE"", ""product_info_cellular_4g_lte_signal_present_but_5g_capable_takes_precedence""], ""review_count"": [""detail_page: (2)""], ""bestseller_rank"": [""Amazon 売れ筋ランキング 家電＆カメラ - 45,975位 ( 家電＆カメラの売れ筋ランキングを見る ) プリペイドSIMカード - 529位""], ""title"": [""アジア25ヵ国プリペイドSIM 利用日数30日 データ容量7GB アジア周遊SIM ローミングSIM 利用国(インド、オーストラリア、韓国、グアム、サイパン、シンガポール、タイ、台湾、中国、日本、フィリピン、ベトナム、香港、マカオ、マレーシア等)""]}"
amazon_jp,mo,【アジア eSIM】 4G-LTE 500MB/日・高速定額データ 低速使い放題 シンガポール マレーシア タイ ベトナム インドネシア カンボジア 香港 マカオ sim 即日発行可能 アジア プリペイド simカード Asia eSIM アジアsim (3日間 高速データ),1580,4,,,,,1868,3일,3일,30일,local,lte_4g_only,,,"{""ctm"": true, ""china_telecom_macau"": null, ""three_macau"": null}","{""skt"": null, ""kt"": null, ""lgu"": null}",unlimited,https://www.amazon.co.jp/4G-LTE-%E6%97%A5%E3%83%BB%E9%AB%98%E9%80%9F%E5%AE%9A%E9%A1%8D%E3%83%87%E3%83%BC%E3%82%BF-%E4%BD%8E%E9%80%9F%E4%BD%BF%E3%81%84%E6%94%BE%E9%A1%8C-3%E6%97%A5%E9%96%93-%E9%AB%98%E9%80%9F%E3%83%87%E3%83%BC%E3%82%BF/dp/B0D1YH9BVK,B0D1YH9BVK,B0D1YH9BVK,Global eSIMshop,ブランド: PLUG TO GO,"{""price_jpy"": [""￥1,580""], ""usage_validity"": [""【アジア eSIM】 4G-LTE 500MB/日・高速定額データ 低速使い放題 シンガポール マレーシア タイ ベトナム インドネシア カンボジア 香港 マカオ sim 即日発行可能 アジア プリペイド simカード Asia eSIM アジアsim (3日間 高速データ)""], ""activation_validity"": [""【有効期限】メールで納品後、30日以内にご利用ください""], ""data_amount"": [""【データ容量】データ無制限ですが、一日の使用量が500MBに達すると通信速度が最大128kbpsに制限されます翌日の現地時間0時に制限が解除されます 使用量は現地時間の00:00から23:59までカウントされます""], ""network_type"": [""【チョコSIM 定額（Sプラン）】【中国の電話番号付きでアプリや施設サービスのSMS認証が可能】【データ容量】合計500MB/月【音声】合計20分間/月 データ/音声/SMS付きSIMカード 中国SIM マカオSIM China unicom ※こちらのSIMカードは契約後、毎月の基本料が発生いたします。※2024年11月1日から台湾でのご利用はできなくなり"", ""【SKTelecoｍ公式認証】 韓国eSIM 3日間 (72時間) 電話番号付き 超高速データ無制限 最初の5分発信無料(韓国国内) お急ぎの方即時発行可(LINE相談受付中) 有効期限／ご購入日より120日以内 現地空港サポート(SKTelecomローミングセンター) SKテレコム正規品 韓国SIMカードタイプではありません"", ""score: local=6, roaming=1""], ""network_generation"": [""product_info_cellular_4g_lte: source:product_info_cellular: 携帯電話技術 4G-LTE""], ""carrier_support_local"": [""CTM: 【キャリア】シンガポール：Singtel、M1、StarHub マレーシア：Celcom、DiGi タイ： DTAC インドネシア：XL カンボジア：Smart、Metfone ベトナム： Viettel、Vinaphone 香港：SmarTone、HKT、3HK マカオ： CTMアジア各国で安定し""], ""review_count"": [""detail_page: 4""], ""bestseller_rank"": [""Amazon 売れ筋ランキング 家電＆カメラ - 230,509位 ( 家電＆カメラの売れ筋ランキングを見る ) プリペイドSIMカード - 1,868位""], ""title"": [""【アジア eSIM】 4G-LTE 500MB/日・高速定額データ 低速使い放題 シンガポール マレーシア タイ ベトナム インドネシア カンボジア 香港 マカオ sim 即日発行可能 アジア プリペイド simカード Asia eSIM アジアsim (3日間 高速データ)""]}"
amazon_jp,mo,【中国・香港・マカオeSIM】7日間完全無制限（六泊七日 使い放題） DeSiM正規卸 | LINE相談受付中｜データ通信専用（電話番号なし） | simフリー端末のみ対応 説明書付 イーシム desim,5650,102,,,,,1592,7일,7일,7일,local,unknown,,,"{""ctm"": null, ""china_telecom_macau"": null, ""three_macau"": null}","{""skt"": null, ""kt"": null, ""lgu"": null}",unlimited,https://www.amazon.co.jp/%E3%80%90%E4%B8%AD%E5%9B%BD%E3%83%BB%E9%A6%99%E6%B8%AF%E3%83%BB%E3%83%9E%E3%82%AB%E3%82%AAeSIM%E3%80%917%E6%97%A5%E9%96%93%E5%AE%8C%E5%85%A8%E7%84%A1%E5%88%B6%E9%99%90%EF%BC%88%E5%85%AD%E6%B3%8A%E4%B8%83%E6%97%A5-%E4%BD%BF%E3%81%84%E6%94%BE%E9%A1%8C%EF%BC%89-DeSiM%E6%AD%A3%E8%A6%8F%E5%8D%B8-LINE%E7%9B%B8%E8%AB%87%E5%8F%97%E4%BB%98%E4%B8%AD%EF%BD%9C%E3%83%87%E3%83%BC%E3%82%BF%E9%80%9A%E4%BF%A1%E5%B0%82%E7%94%A8%EF%BC%88%E9%9B%BB%E8%A9%B1%E7%95%AA%E5%8F%B7%E3%81%AA%E3%81%97%EF%BC%89-sim%E3%83%95%E3%83%AA%E3%83%BC%E7%AB%AF%E6%9C%AB%E3%81%AE%E3%81%BF%E5%AF%BE%E5%BF%9C/dp/B0DL4T1ZP9,B0DL4T1ZP9,B0DL4T1ZP9,DeSiM,DeSiMのストアを表示,"{""price_jpy"": [""￥5,650""], ""usage_validity"": [""【中国・香港・マカオeSIM】7日間完全無制限（六泊七日 使い放題） DeSiM正規卸 | LINE相談受付中｜データ通信専用（電話番号なし） | simフリー端末のみ対応 説明書付 イーシム desim""], ""activation_validity"": [""商品の説明 購入前の注意事項 【注意事項】 注意事項①：本商品はデータ通信専用です（通話はご利用いただけません）。ご注意ください。 注意事項②：SIMロックフリー端末、もしくはSIMフリー端末専用のサービスです。必ず、ご利用端末がeSIM対応かどうかご確認ください。 注意事項③：2021年10月1日以前にSIMロック解除をキャリア店頭またはインターネットでさ""], ""data_amount"": [""商品の説明 購入前の注意事項 【注意事項】 注意事項①：本商品はデータ通信専用です（通話はご利用いただけません）。ご注意ください。 注意事項②：SIMロックフリー端末、もしくはSIMフリー端末専用のサービスです。必ず、ご利用端末がeSIM対応かどうかご確認ください。 注意事項③：2021年10月1日以前にSIMロック解除をキャリア店頭またはインターネットでさ""], ""network_type"": [""商品の説明 購入前の注意事項 【注意事項】 注意事項①：本商品はデータ通信専用です（通話はご利用いただけません）。ご注意ください。 注意事項②：SIMロックフリー端末、もしくはSIMフリー端末専用のサービスです。必ず、ご利用端末がeSIM対応かどうかご確認ください。 注意事項③：2021年10月1日以前にSIMロック解除をキャリア店頭またはインターネットでさ"", ""【チョコSIM 定額（Sプラン）】【中国の電話番号付きでアプリや施設サービスのSMS認証が可能】【データ容量】合計500MB/月【音声】合計20分間/月 データ/音声/SMS付きSIMカード 中国SIM マカオSIM China unicom ※こちらのSIMカードは契約後、毎月の基本料が発生いたします。※2024年11月1日から台湾でのご利用はできなくなり"", ""score: local=9, roaming=1""], ""network_generation"": [""fallback_5g: source:image_alt: 【中国・香港・マカオ eSIM】5日間 5GB（四泊五日 コスパ重視） DeSiM正規卸 |LINE相談受付中 |データ通信専用（電話番号なし） simフリー端末のみ対応 説明書付 イーシム"", ""fallback_4g_lte: source:image_alt: 【中国・香港・マカオeSIM】30日間 30GB プリペイドeSIM VPN不要 LINE・Google利用可 テザリング可 高速データ 5G/4G-LTE JETSIM"", ""fallback_only_network_generation_signal""], ""review_count"": [""detail_page: 102""], ""bestseller_rank"": [""Amazon 売れ筋ランキング 家電＆カメラ - 190,635位 ( 家電＆カメラの売れ筋ランキングを見る ) プリペイドSIMカード - 1,592位""], ""title"": [""【中国・香港・マカオeSIM】7日間完全無制限（六泊七日 使い放題） DeSiM正規卸 | LINE相談受付中｜データ通信専用（電話番号なし） | simフリー端末のみ対応 説明書付 イーシム desim""]}"
amazon_jp,mo,【eSIM】中国・香港・マカオ 利用日数30日 データ容量15GB 中国eSIM 香港eSIM マカオeSIM / ※esimの為、物理SIMの発送はありません。,30,,,,,,,30일,30일,30일,unknown,5g_capable,,,"{""ctm"": null, ""china_telecom_macau"": null, ""three_macau"": null}","{""skt"": null, ""kt"": null, ""lgu"": null}",15GB,https://www.amazon.co.jp/dp/B0HH9MN2QJ,B0HH9MN2QJ,B0HH9MN2QJ,ブランド: Wise SIM,ブランド: Wise SIM,"{""price_jpy"": [""価格について知らせる? 【eSIM】中国・香港・マカオ 利用日数30日 データ容量15 (assumed JPY by i18n-prefs)""], ""usage_validity"": [""【eSIM】中国・香港・マカオ 利用日数30日 データ容量15GB 中国eSIM 香港eSIM マカオeSIM / ※esimの為、物理SIMの発送はありません。""], ""activation_validity"": [""■eSIMの為、SIMカードの発送はありません。QRコード付きの紙のマニュアルのみを送付致します。※eSIMはデータ商品の為、返品受付は出来ません。 ■SIMカード有効期限：2027年6月30日まで""], ""data_amount"": [""【高速データ通信】 利用開始後30日間15GBのデータ通信利用が可能です。 ※15GB利用後、通信速度は128kbps程度に速度低下となりますが、期限迄は通信は止まる事なく利用可能です。""], ""network_type"": [""no_local_or_roaming_keyword_matched""], ""network_generation"": [""product_info_cellular_5g: source:product_info_cellular: 携帯電話技術 5G/4G/LTE"", ""product_info_cellular_4g_lte_signal_present_but_5g_capable_takes_precedence""], ""title"": [""【eSIM】中国・香港・マカオ 利用日数30日 データ容量15GB 中国eSIM 香港eSIM マカオeSIM / ※esimの為、物理SIMの発送はありません。""]}"
amazon_jp,mo,【中国・香港・マカオ eSIM】10日間 2GB/毎日（九泊十日 コスパ重視） DeSiM正規卸 | LINE相談受付中 |データ通信専用（電話番号なし） simフリー端末のみ対応 説明書付 イーシム,4480,1,,,,,1488,7일,7일,10일,local,unknown,,,"{""ctm"": null, ""china_telecom_macau"": null, ""three_macau"": null}","{""skt"": null, ""kt"": null, ""lgu"": null}",unlimited,https://www.amazon.co.jp/%E3%80%90%E4%B8%AD%E5%9B%BD%E3%83%BB%E9%A6%99%E6%B8%AF%E3%83%BB%E3%83%9E%E3%82%AB%E3%82%AA-eSIM%E3%80%9110%E6%97%A5%E9%96%93-2GB-%E3%83%87%E3%83%BC%E3%82%BF%E9%80%9A%E4%BF%A1%E5%B0%82%E7%94%A8%EF%BC%88%E9%9B%BB%E8%A9%B1%E7%95%AA%E5%8F%B7%E3%81%AA%E3%81%97%EF%BC%89-sim%E3%83%95%E3%83%AA%E3%83%BC%E7%AB%AF%E6%9C%AB%E3%81%AE%E3%81%BF%E5%AF%BE%E5%BF%9C/dp/B0D5WBYG92,B0D5WBYG92,B0D5WBYG92,DeSiM,DeSiMのストアを表示,"{""price_jpy"": [""￥4,480""], ""usage_validity"": [""商品の説明 購入前の注意事項 【注意事項】 注意事項①：本商品はデータ通信専用です（通話はご利用いただけません）。ご注意ください。 注意事項②：SIMロックフリー端末、もしくはSIMフリー端末専用のサービスです。必ず、ご利用端末がeSIM対応かどうかご確認ください。 注意事項③：2021年10月1日以前にSIMロック解除をキャリア店頭またはインターネットでさ""], ""activation_validity"": [""【中国・香港・マカオ eSIM】10日間 2GB/毎日（九泊十日 コスパ重視） DeSiM正規卸 | LINE相談受付中 |データ通信専用（電話番号なし） simフリー端末のみ対応 説明書付 イーシム""], ""data_amount"": [""商品の説明 購入前の注意事項 【注意事項】 注意事項①：本商品はデータ通信専用です（通話はご利用いただけません）。ご注意ください。 注意事項②：SIMロックフリー端末、もしくはSIMフリー端末専用のサービスです。必ず、ご利用端末がeSIM対応かどうかご確認ください。 注意事項③：2021年10月1日以前にSIMロック解除をキャリア店頭またはインターネットでさ""], ""network_type"": [""商品の説明 購入前の注意事項 【注意事項】 注意事項①：本商品はデータ通信専用です（通話はご利用いただけません）。ご注意ください。 注意事項②：SIMロックフリー端末、もしくはSIMフリー端末専用のサービスです。必ず、ご利用端末がeSIM対応かどうかご確認ください。 注意事項③：2021年10月1日以前にSIMロック解除をキャリア店頭またはインターネットでさ"", ""【チョコSIM 定額（Sプラン）】【中国の電話番号付きでアプリや施設サービスのSMS認証が可能】【データ容量】合計500MB/月【音声】合計20分間/月 データ/音声/SMS付きSIMカード 中国SIM マカオSIM China unicom ※こちらのSIMカードは契約後、毎月の基本料が発生いたします。※2024年11月1日から台湾でのご利用はできなくなり"", ""score: local=9, roaming=1""], ""network_generation"": [""fallback_5g: source:image_alt: 【リチャージSIM】日本 10GB 180日 物理SIMカード 契約不要 月額0円 ギガ リチャージで繰り返し利用可能 4G_LTE/5G docomo/NTTドコモ データSIM プリペイド 格安 SIM 【物理SIM-10GB/180日】"", ""fallback_4g_lte: source:image_alt: 【リチャージSIM】日本 10GB 180日 物理SIMカード 契約不要 月額0円 ギガ リチャージで繰り返し利用可能 4G_LTE/5G docomo/NTTドコモ データSIM プリペイド 格安 SIM 【物理SIM-10GB/180日】"", ""fallback_only_network_generation_signal""], ""review_count"": [""detail_page: 1""], ""bestseller_rank"": [""Amazon 売れ筋ランキング 家電＆カメラ - 172,721位 ( 家電＆カメラの売れ筋ランキングを見る ) プリペイドSIMカード - 1,488位""], ""title"": [""【中国・香港・マカオ eSIM】10日間 2GB/毎日（九泊十日 コスパ重視） DeSiM正規卸 | LINE相談受付中 |データ通信専用（電話番号なし） simフリー端末のみ対応 説明書付 イーシム""]}"
amazon_jp,mo,"【東南アジアeSIM】7日間10GB｜11地域対応（シンガポール,タイ,マレーシア,インドネシア,ベトナム,台湾・香港・マカオ,韓国,オーストラリア,ニュージーランド）｜5G/4G対応 高速データ通信｜即日メール配信 ｜使用ガイド付き｜テザリング対応｜365日LINEサポート｜QRコードで簡単設定 SIMカード不要 (7日間10GB)",1899,5,,,,,1413,7일,7일,90일,roaming,5g_capable,,,"{""ctm"": null, ""china_telecom_macau"": null, ""three_macau"": null}","{""skt"": null, ""kt"": null, ""lgu"": null}",10GB,https://www.amazon.co.jp/4G%E5%AF%BE%E5%BF%9C-%E9%AB%98%E9%80%9F%E3%83%87%E3%83%BC%E3%82%BF%E9%80%9A%E4%BF%A1%EF%BD%9C%E5%8D%B3%E6%97%A5%E7%99%BA%E8%A1%8C-SIM%E3%82%AB%E3%83%BC%E3%83%89%E4%B8%8D%E8%A6%81-7%E6%97%A5%E9%96%9310GB/dp/B0FHBDXLDC,B0FHBDXLDC,B0FHBDXLDC,トリリオン・コネクト,Billion Connectのストアを表示,"{""price_jpy"": [""￥1,899""], ""usage_validity"": [""【東南アジアeSIM】7日間10GB｜11地域対応（シンガポール,タイ,マレーシア,インドネシア,ベトナム,台湾・香港・マカオ,韓国,オーストラリア,ニュージーランド）｜5G/4G対応 高速データ通信｜即日メール配信 ｜使用ガイド付き｜テザリング対応｜365日LINEサポート｜QRコードで簡単設定 SIMカード不要 (7日間10GB)""], ""activation_validity"": [""【eSIMの有効期限】 受け取り後90日以内にアクティベートしてください。有効期限の前日までにアクティベートされていない場合、eSIMは無効となりご利用いただけません。""], ""data_amount"": [""【7日間10GB｜5G/4G対応】 東南アジアeSIMで、7日間10GBの高速データ通信がご利用いただけます！10GBを使い切った後も、通信速度は384kbpsに制限されますが、 LINE・WhatsApp・Messengerなどの文字チャット、メール送受信、地図の閲覧・ナビゲーションは引き続きご利用いただけます。""], ""network_type"": [""マレーシア旅行用SIMカード - 5G/4G LTE高速データ - プリペイド＆ローミングなし、7日間合計3GB - 観光客やビジネス旅行者向けの簡単アクティベーション"", ""アジア旅行SIMカード、15日間-2GB毎日の高速データ、20分の通話＆10のテキスト、シンガポール、マレーシア、タイ＆インドをカバー、プリペイド - ローミングなし - 簡単なセットアップ"", ""score: local=0, roaming=4""], ""network_generation"": [""product_info_cellular_5g: source:product_info_cellular: 携帯電話技術 5G""], ""review_count"": [""detail_page: (5)""], ""bestseller_rank"": [""Amazon 売れ筋ランキング 家電＆カメラ - 161,150位 ( 家電＆カメラの売れ筋ランキングを見る ) プリペイドSIMカード - 1,413位""], ""title"": [""【東南アジアeSIM】7日間10GB｜11地域対応（シンガポール,タイ,マレーシア,インドネシア,ベトナム,台湾・香港・マカオ,韓国,オーストラリア,ニュージーランド）｜5G/4G対応 高速データ通信｜即日メール配信 ｜使用ガイド付き｜テザリング対応｜365日LINEサポート｜QRコードで簡単設定 SIMカード不要 (7日間10GB)""]}"
amazon_jp,mo,【中国 香港 マカオ 物理SIM】中国SIM 8日間 10GB 速度制限なし 本人確認不要 中国/香港/マカオ対応 プリペイド式 データ通信専用 日本発送 現地到着後アクティベート 中国sim 香港sim マカオsim,3990,1,,,,,2661,8일,8일,,roaming,unknown,,,"{""ctm"": null, ""china_telecom_macau"": null, ""three_macau"": null}","{""skt"": null, ""kt"": null, ""lgu"": null}",10GB,https://www.amazon.co.jp/%E7%89%A9%E7%90%86SIM%E3%80%91%E4%B8%AD%E5%9B%BDSIM-%E9%80%9F%E5%BA%A6%E5%88%B6%E9%99%90%E3%81%AA%E3%81%97-%E6%9C%AC%E4%BA%BA%E7%A2%BA%E8%AA%8D%E4%B8%8D%E8%A6%81-%E3%83%87%E3%83%BC%E3%82%BF%E9%80%9A%E4%BF%A1%E5%B0%82%E7%94%A8-%E7%8F%BE%E5%9C%B0%E5%88%B0%E7%9D%80%E5%BE%8C%E3%82%A2%E3%82%AF%E3%83%86%E3%82%A3%E3%83%99%E3%83%BC%E3%83%88/dp/B0FM6JFSGM,B0FM6JFSGM,B0FM6JFSGM,Karbor,ブランド: YukiLink,"{""price_jpy"": [""￥3,990""], ""usage_validity"": [""【中国 香港 マカオ 物理SIM】中国SIM 8日間 10GB 速度制限なし 本人確認不要 中国/香港/マカオ対応 プリペイド式 データ通信専用 日本発送 現地到着後アクティベート 中国sim 香港sim マカオsim""], ""data_amount"": [""​​【高速安定通信】10GBの高速データを速度制限なしでご利用可能​​。動画視聴や地図検索、SNSの利用も快適な​​高速通信​​を提供します。多くの格安SIMのような「~GB以降は低速（128kbps）」という制限は​​一切ありません​​。10GBまでずっと高速でお使いいただけます。""], ""network_type"": [""プリペイドSIM 日本 SMS認証可能 受信OK 楽天モバイル 3GB/月 データ専用 初回通信月から最大13カ月(1年)有効 5G/4G-LTE対応 au回線/国際ローミング対応 rakuten Prepaid SIM JAPAN SIM with SMS/日本手机卡(可收短信)/日本電話卡(短信功能) 利用期間延長可能"", ""score: local=0, roaming=3""], ""network_generation"": [""fallback_5g: source:image_alt: 【Docomo回線】 365日間100GB プリペイドSIM | 日本 データ通信専用 5G/4G対応 | simカード sim card japan | 流量卡,シムカード,残量確認可,契約不要,年中無休,多言語安心サポート,設定簡単,ピン付き,大容量,リチャージ可,期間延長可,日本国内用,物理SIM,simフリー"", ""fallback_4g_lte: source:image_alt: 【Docomo回線】 365日間100GB プリペイドSIM | 日本 データ通信専用 5G/4G対応 | simカード sim card japan | 流量卡,シムカード,残量確認可,契約不要,年中無休,多言語安心サポート,設定簡単,ピン付き,大容量,リチャージ可,期間延長可,日本国内用,物理SIM,simフリー"", ""fallback_only_network_generation_signal""], ""review_count"": [""detail_page: (1)""], ""bestseller_rank"": [""Amazon 売れ筋ランキング 家電＆カメラ - 379,578位 ( 家電＆カメラの売れ筋ランキングを見る ) プリペイドSIMカード - 2,661位""], ""title"": [""【中国 香港 マカオ 物理SIM】中国SIM 8日間 10GB 速度制限なし 本人確認不要 中国/香港/マカオ対応 プリペイド式 データ通信専用 日本発送 現地到着後アクティベート 中国sim 香港sim マカオsim""]}"
amazon_jp,mo,大中華区SIMカード-中国、香港、マカオ、台湾向けプリペイドデータプラン｜1 GB毎日データ、5日有効期限｜高速4/5 G LTE｜旅行者に最適,1999,41,,,,,3044,5일,5일,5일,roaming,lte_4g_only,,,"{""ctm"": null, ""china_telecom_macau"": null, ""three_macau"": null}","{""skt"": null, ""kt"": null, ""lgu"": null}",1GB,https://www.amazon.co.jp/%E5%A4%A7%E4%B8%AD%E8%8F%AF%E5%8C%BASIM%E3%82%AB%E3%83%BC%E3%83%89-%E4%B8%AD%E5%9B%BD%E3%80%81%E9%A6%99%E6%B8%AF%E3%80%81%E3%83%9E%E3%82%AB%E3%82%AA%E3%80%81%E5%8F%B0%E6%B9%BE%E5%90%91%E3%81%91%E3%83%97%E3%83%AA%E3%83%9A%E3%82%A4%E3%83%89%E3%83%87%E3%83%BC%E3%82%BF%E3%83%97%E3%83%A9%E3%83%B3%EF%BD%9C1-GB%E6%AF%8E%E6%97%A5%E3%83%87%E3%83%BC%E3%82%BF%E3%80%815%E6%97%A5%E6%9C%89%E5%8A%B9%E6%9C%9F%E9%99%90%EF%BD%9C%E9%AB%98%E9%80%9F4-5-G-LTE%EF%BD%9C%E6%97%85%E8%A1%8C%E8%80%85%E3%81%AB%E6%9C%80%E9%81%A9/dp/B0DSFX52MQ,B0DSFX52MQ,B0DSFX52MQ,Mossroam,mossroamのストアを表示,"{""price_jpy"": [""￥1,999""], ""usage_validity"": [""大中華区SIMカード-中国、香港、マカオ、台湾向けプリペイドデータプラン｜1 GB毎日データ、5日有効期限｜高速4/5 G LTE｜旅行者に最適""], ""activation_validity"": [""Amazon.co.jp: 大中華区SIMカード-中国、香港、マカオ、台湾向けプリペイドデータプラン｜1 GB毎日データ、5日有効期限｜高速4/5 G LTE｜旅行者に最適 : 家電＆カメラ""], ""data_amount"": [""柔軟なデータプラン-1 GBまたは2 GBの毎日のデータから選択し、旅行のスケジュールに合わせて1日から10日まで有効です""], ""network_type"": [""商品の説明 Previous page Next page 大中国全域でつながりを保つ 中国大陸,香港,マカオ,台湾などの象徴的な場所を訪れる観光客であろうと,主要都市の会議に出席するビジネス旅行者であろうと,私たちのデータのみのSIMは,ローミング料金や高い料金なしにオンラインに滞在することを保証します. ビデオでは使用中の商品を紹介しています。 このビデ"", ""《正規日本語版》【ローミングSIM】東南アジア・マカオ・ベトナム・シンガポール・タイ・マレーシア・ラオス・インドネシア・フィリピン・カンボジア・スリランカ・ブルネイの全11ヵ国 8日間 5GB ※面倒な本人登録・パスポート登録は不要です。このSIMカードは中国ではご利用できません。"", ""score: local=0, roaming=4""], ""network_generation"": [""product_info_cellular_4g_lte: source:product_info_cellular: 携帯電話技術 LTE""], ""review_count"": [""detail_page: 41""], ""bestseller_rank"": [""Amazon 売れ筋ランキング 家電＆カメラ - 472,479位 ( 家電＆カメラの売れ筋ランキングを見る ) プリペイドSIMカード - 3,044位""], ""title"": [""大中華区SIMカード-中国、香港、マカオ、台湾向けプリペイドデータプラン｜1 GB毎日データ、5日有効期限｜高速4/5 G LTE｜旅行者に最適""]}"
amazon_jp,mo,【コード入力で事務手数料不要】 UQ mobile ウェルカムパッケージ/[SIMカード/eSIM共通]/iPhone 17e iPhone 17 シリーズ iPhone Air動作確認済み/[iPhone/Android対応]/au回線,350,1762,,,,,3,30일,30일,31일,unknown,unknown,,,"{""ctm"": null, ""china_telecom_macau"": null, ""three_macau"": null}","{""skt"": null, ""kt"": null, ""lgu"": null}",35GB,https://www.amazon.co.jp/dp/B07YBZ3D22,B07YBZ3D22,B07YBZ3D22,"Amazon.com Sales, Inc.",UQ mobileのストアを表示,"{""price_jpy"": [""￥350""], ""usage_validity"": [""商品紹介 本商品をご利用いただいた場合、UQ mobileご契約時の事務手数料が不要です。 本商品ご購入後に届く当社が定めるコード（エントリーコード）を、専用のURLで利用していただく必要があります。 エントリーコード 本商品ご購入後にエントリーコードをお届けします。エントリーコードの有効期限は最短3か月間～最長6か月間で、ご購入の時期によって異なります。 ""], ""activation_validity"": [""商品紹介 本商品をご利用いただいた場合、UQ mobileご契約時の事務手数料が不要です。 本商品ご購入後に届く当社が定めるコード（エントリーコード）を、専用のURLで利用していただく必要があります。 エントリーコード 本商品ご購入後にエントリーコードをお届けします。エントリーコードの有効期限は最短3か月間～最長6か月間で、ご購入の時期によって異なります。 ""], ""data_amount"": [""商品紹介 本商品をご利用いただいた場合、UQ mobileご契約時の事務手数料が不要です。 本商品ご購入後に届く当社が定めるコード（エントリーコード）を、専用のURLで利用していただく必要があります。 エントリーコード 本商品ご購入後にエントリーコードをお届けします。エントリーコードの有効期限は最短3か月間～最長6か月間で、ご購入の時期によって異なります。 ""], ""network_type"": [""no_local_or_roaming_keyword_matched""], ""network_generation"": [""fallback_5g: source:image_alt: 【eSIM用】Y!mobile(ワイモバイル) 事務手数料3,850円が無料になるエントリーコード ダウンロード版 5G対応 格安SIM"", ""fallback_4g_lte: source:image_alt: 【リチャージSIM】日本 10GB 180日 物理SIMカード 契約不要 月額0円 ギガ リチャージで繰り返し利用可能 4G_LTE/5G docomo/NTTドコモ データSIM プリペイド 格安 SIM 【物理SIM-10GB/180日】"", ""fallback_only_network_generation_signal""], ""review_count"": [""detail_page: (1,762)""], ""bestseller_rank"": [""Amazon 売れ筋ランキング: PCソフト - 29位 ( PCソフトの売れ筋ランキングを見る ) 携帯電話ソフト - 3位 定期契約SIMカード - 7位""], ""title"": [""【コード入力で事務手数料不要】 UQ mobile ウェルカムパッケージ/[SIMカード/eSIM共通]/iPhone 17e iPhone 17 シリーズ iPhone Air動作確認済み/[iPhone/Android対応]/au回線""]}"
amazon_jp,mo,【香港・マカオ eSIM】2日間完全無制限（使い放題、低速なし） DeSiM正規卸 | LINE相談受付中 | データ通信専用（電話番号なし） | simフリー端末のみ対応 説明書付 イーシム DeSiM,1610,16,,,,,2426,2일,2일,7일,local,lte_4g_only,,,"{""ctm"": null, ""china_telecom_macau"": null, ""three_macau"": null}","{""skt"": null, ""kt"": null, ""lgu"": null}",unlimited,https://www.amazon.co.jp/eSIM%E3%80%912%E6%97%A5%E9%96%93%E5%AE%8C%E5%85%A8%E7%84%A1%E5%88%B6%E9%99%90%EF%BC%88%E4%BD%BF%E3%81%84%E6%94%BE%E9%A1%8C%E3%80%81%E4%BD%8E%E9%80%9F%E3%81%AA%E3%81%97%EF%BC%89-LINE%E7%9B%B8%E8%AB%87%E5%8F%97%E4%BB%98%E4%B8%AD%EF%BD%9C%E5%BD%93%E6%97%A5%E7%99%BA%E8%A1%8C%E5%8F%AF%E8%83%BD-%E3%83%87%E3%83%BC%E3%82%BF%E9%80%9A%E4%BF%A1%E5%B0%82%E7%94%A8%EF%BC%88%E9%9B%BB%E8%A9%B1%E7%95%AA%E5%8F%B7%E3%81%AA%E3%81%97%EF%BC%89-sim%E3%83%95%E3%83%AA%E3%83%BC%E7%AB%AF%E6%9C%AB%E3%81%AE%E3%81%BF%E5%AF%BE%E5%BF%9C-DeSiM/dp/B0F1DYPL28,B0F1DYPL28,B0F1DYPL28,DeSiM,DeSiMのストアを表示,"{""price_jpy"": [""￥1,610""], ""usage_validity"": [""【香港・マカオ eSIM】2日間完全無制限（使い放題、低速なし） DeSiM正規卸 | LINE相談受付中 | データ通信専用（電話番号なし） | simフリー端末のみ対応 説明書付 イーシム DeSiM""], ""activation_validity"": [""大中華区SIMカード-中国、香港、マカオ、台湾向けプリペイドデータプラン｜2 GB毎日データ、7日有効期限｜高速4/5 G LTE｜旅行者に最適""], ""data_amount"": [""【香港・マカオ eSIM】2日間完全無制限（使い放題、低速なし） DeSiM正規卸 | LINE相談受付中｜ データ通信専用（電話番号なし） | simフリー端末のみ対応 説明書付 イーシム DeSiM""], ""network_type"": [""【チョコSIM 定額（Sプラン）】【中国の電話番号付きでアプリや施設サービスのSMS認証が可能】【データ容量】合計500MB/月【音声】合計20分間/月 データ/音声/SMS付きSIMカード 中国SIM マカオSIM China unicom ※こちらのSIMカードは契約後、毎月の基本料が発生いたします。※2024年11月1日から台湾でのご利用はできなくなり"", ""【SKTelecoｍ公式認証】 韓国eSIM 3日間 (72時間) 電話番号付き 超高速データ無制限 最初の5分発信無料(韓国国内) お急ぎの方即時発行可(LINE相談受付中) 有効期限／ご購入日より120日以内 現地空港サポート(SKTelecomローミングセンター) SKテレコム正規品 韓国SIMカードタイプではありません"", ""score: local=6, roaming=0""], ""network_generation"": [""product_info_cellular_4g_lte: source:product_info_cellular: 携帯電話技術 LTE""], ""review_count"": [""detail_page: 16""], ""bestseller_rank"": [""Amazon 売れ筋ランキング 家電＆カメラ - 332,245位 ( 家電＆カメラの売れ筋ランキングを見る ) プリペイドSIMカード - 2,426位""], ""title"": [""【香港・マカオ eSIM】2日間完全無制限（使い放題、低速なし） DeSiM正規卸 | LINE相談受付中 | データ通信専用（電話番号なし） | simフリー端末のみ対応 説明書付 イーシム DeSiM""]}"
amazon_jp,mo,【香港・マカオ eSIM】3日間 2GB/毎日（二泊三日 コスパ重視） DeSiM正規卸 | LINE相談受付中 |データ通信専用（電話番号なし） | simフリー端末のみ対応 説明書付 イーシム,1280,16,,,,,1586,3일,3일,3일,local,lte_4g_only,,,"{""ctm"": null, ""china_telecom_macau"": null, ""three_macau"": null}","{""skt"": null, ""kt"": null, ""lgu"": null}",unlimited,https://www.amazon.co.jp/eSIM%E3%80%913%E6%97%A5%E9%96%93-2GB-LINE%E7%9B%B8%E8%AB%87%E5%8F%97%E4%BB%98%E4%B8%AD%EF%BD%9C%E5%BD%93%E6%97%A5%E7%99%BA%E8%A1%8C%E5%8F%AF%E8%83%BD-%E3%83%87%E3%83%BC%E3%82%BF%E9%80%9A%E4%BF%A1%E5%B0%82%E7%94%A8%EF%BC%88%E9%9B%BB%E8%A9%B1%E7%95%AA%E5%8F%B7%E3%81%AA%E3%81%97%EF%BC%89-sim%E3%83%95%E3%83%AA%E3%83%BC%E7%AB%AF%E6%9C%AB%E3%81%AE%E3%81%BF%E5%AF%BE%E5%BF%9C/dp/B0DG4HPJDT,B0DG4HPJDT,B0DG4HPJDT,DeSiM,DeSiMのストアを表示,"{""price_jpy"": [""￥1,280""], ""usage_validity"": [""【香港・マカオ eSIM】3日間 2GB/毎日（二泊三日 コスパ重視） DeSiM正規卸 | LINE相談受付中 |データ通信専用（電話番号なし） | simフリー端末のみ対応 説明書付 イーシム""], ""activation_validity"": [""【SKTelecoｍ公式認証】 韓国eSIM 3日間 (72時間) 電話番号付き 超高速データ無制限 最初の5分発信無料(韓国国内) お急ぎの方即時発行可(LINE相談受付中) 有効期限／ご購入日より120日以内 現地空港サポート(SKTelecomローミングセンター) SKテレコム正規品 韓国SIMカードタイプではありません""], ""data_amount"": [""商品の説明 購入前の注意事項 【注意事項】 注意事項①：電話番号は付与されませんので、ご注意ください。 注意事項②：SIMロックフリー端末、もしくはSIMフリー端末専用のサービスです。必ず、ご利用端末がeSIM対応かどうかご確認ください。 注意事項③：2021年10月1日以前にSIMロック解除をキャリア店頭またはインターネットでされた「Android端末」は""], ""network_type"": [""商品の説明 購入前の注意事項 【注意事項】 注意事項①：電話番号は付与されませんので、ご注意ください。 注意事項②：SIMロックフリー端末、もしくはSIMフリー端末専用のサービスです。必ず、ご利用端末がeSIM対応かどうかご確認ください。 注意事項③：2021年10月1日以前にSIMロック解除をキャリア店頭またはインターネットでされた「Android端末」は"", ""【チョコSIM 定額（Sプラン）】【中国の電話番号付きでアプリや施設サービスのSMS認証が可能】【データ容量】合計500MB/月【音声】合計20分間/月 データ/音声/SMS付きSIMカード 中国SIM マカオSIM China unicom ※こちらのSIMカードは契約後、毎月の基本料が発生いたします。※2024年11月1日から台湾でのご利用はできなくなり"", ""score: local=9, roaming=1""], ""network_generation"": [""product_info_cellular_4g_lte: source:product_info_cellular: 携帯電話技術 LTE""], ""review_count"": [""detail_page: 16""], ""bestseller_rank"": [""Amazon 売れ筋ランキング 家電＆カメラ - 190,082位 ( 家電＆カメラの売れ筋ランキングを見る ) プリペイドSIMカード - 1,586位""], ""title"": [""【香港・マカオ eSIM】3日間 2GB/毎日（二泊三日 コスパ重視） DeSiM正規卸 | LINE相談受付中 |データ通信専用（電話番号なし） | simフリー端末のみ対応 説明書付 イーシム""]}"
