site,country,title,price_jpy,review_count,seller_badge,search_position,monthly_sold_count,is_bestseller,bestseller_rank,validity,usage_validity,activation_validity,network_type,network_generation,network_generation_inferred,network_generation_confidence,carrier_support_local,carrier_support_kr,data_amount,product_url,asin,site_product_id,seller,brand,evidence
amazon_jp,vn,【ベトナムSIMカード】 7日間 ビナフォン正規 高速データ無制限(速度低下なし) 受信専用番号付き 有効期限 / ご購入日より30日以内 (7日／SIMカード),1290,464,,,100,,13,7일,7일,7일,local,lte_4g_only,,,"{""viettel"": null, ""vinaphone"": true, ""mobifone"": true, ""vietnamobile"": true}","{""skt"": null, ""kt"": null, ""lgu"": null}",unlimited,https://www.amazon.co.jp/%E3%80%90%E3%83%99%E3%83%88%E3%83%8A%E3%83%A0SIM%E3%82%AB%E3%83%BC%E3%83%89%E3%80%917%E6%97%A5%E9%96%93-%E3%83%93%E3%83%8A%E3%83%95%E3%82%A9%E3%83%B3%E6%AD%A3%E8%A6%8F-%E5%8F%97%E4%BF%A1%E5%B0%82%E7%94%A8%E7%95%AA%E5%8F%B7%E4%BB%98%E3%81%8D-%E3%81%94%E8%B3%BC%E5%85%A5%E6%97%A5%E3%82%88%E3%82%8A30%E6%97%A5%E4%BB%A5%E5%86%85-7%E6%97%A5%EF%BC%8FSIM%E3%82%AB%E3%83%BC%E3%83%89/dp/B0C441DHBS,B0C441DHBS,B0C441DHBS,KANAGAWA(カナガワ),KLPのストアを表示,"{""price_jpy"": [""￥1,290""], ""usage_validity"": [""【ベトナムSIMカード】 7日間 ビナフォン正規 高速データ無制限(速度低下なし) 受信専用番号付き 有効期限 / ご購入日より30日以内 (7日／SIMカード)""], ""activation_validity"": [""【ベトナムSIMカード】 7日間 ビナフォン正規 高速データ無制限(速度低下なし) 受信専用番号付き 有効期限 / ご購入日より30日以内 (7日／SIMカード)""], ""data_amount"": [""【ベトナムSIMカード 7日間】ベトナムで高速データ無制限・受信専用番号がご利用可能です。""], ""network_type"": [""【Almond SIM】 ベトナム 5日間 完全無制限 電話番号付き｜純正Vietnamobile キャリア ｜ホーチミン・ハノイなど 対応｜LINEで24時間サポート｜4G-LTE対応 プリペイドsim ｜Vietnam simカード (物理sim/5日間)"", ""【チョコSIM 定額（Sプラン）】【中国の電話番号付きでアプリや施設サービスのSMS認証が可能】【データ容量】合計500MB/月【音声】合計20分間/月 データ/音声/SMS付きSIMカード 中国SIM マカオSIM China unicom ※こちらのSIMカードは契約後、毎月の基本料が発生いたします。※2024年11月1日から台湾でのご利用はできなくなり"", ""score: local=9, roaming=1""], ""network_generation"": [""product_info_cellular_4g_lte: source:product_info_cellular: 携帯電話技術 LTE""], ""carrier_support_local"": [""VinaPhone: 【ビナフォン正規品】ベトナム大手通信キャリア「VinaPhone」正規品SIMのため、安定的な通信エリア・高速データ通信を提供します。"", ""Vietnamobile: Vietnamobile ベトナムSIM｜利用期間20日間｜毎日5GB 高速データ通信｜4G/3G対応｜プリペイドSIMカード｜ベトナム旅行・出張向け 24時間サポート (5日間｜eSIM)"", ""Vietnamobile: 【Almond SIM】 ベトナム 5日間 完全無制限 電話番号付き｜純正Vietnamobile キャリア ｜ホーチミン・ハノイなど 対応｜LINEで24時間サポート｜4G-LTE対応 プリペイドsim ｜Vietnam simカード (物理sim/5日間)"", ""Vietnamobile: 【ベトナム SIMカード】20日間 Vietnamobile ベトナムプリペイドSIM 5GB/日利用可能 4G/3G対応 データ通信専用 ベトナム simカード (20日間 1枚)"", ""Vietnamobile: ベトナム SIMカード｜Vietnamobile 正規品｜20日間・毎日5GB 4G・3G接続 ｜24時間LINEサポート ベトナム プリペイドSIM ベトナム sim (2枚セット)"", ""MobiFone: 【esim】4日間 ベトナム esim 完全無制限 【Mobifone正規回線】 高速データ使い放題 当日発行可能・メールで即時受取 ベトナムesim 24時間LINEサポート ベトナム sim""], ""monthly_sold_count"": [""Amazon.co.jp: 【ベトナムSIMカード】 7日間 ビナフォン正規 高速データ無制限(速度低下なし) 受信専用番号付き 有効期限 / ご購入日より30日以内 (7日／SIMカード) : 家電＆カメラ 次に移動 メインコンテンツ この商品について この商品について この商品について 購入オプション 類似商品と比較する ビデオ レビュー キーボードショ""], ""review_count"": [""detail_page: (464)""], ""bestseller_rank"": [""Amazon 売れ筋ランキング 家電＆カメラ - 2,088位 ( 家電＆カメラの売れ筋ランキングを見る ) プリペイドSIMカード - 13位""], ""title"": [""【ベトナムSIMカード】 7日間 ビナフォン正規 高速データ無制限(速度低下なし) 受信専用番号付き 有効期限 / ご購入日より30日以内 (7日／SIMカード)""]}"
amazon_jp,vn,【Almond eSIM】 ベトナム esim 高速データ通信 完全無制限 純正Mobifoneキャリア 当日発行可能 出発前日本テスト用eSIM500MB LINEで24時間サポート 4G-LTE対応 プリペイド ESIMプラン Vietnam ハノイ ホーチミン simカード (5日間データ無制限),1120,76,,,200,,19,5일,5일,30일,local,lte_4g_only,,,"{""viettel"": true, ""vinaphone"": null, ""mobifone"": true, ""vietnamobile"": true}","{""skt"": null, ""kt"": null, ""lgu"": null}",unlimited,https://www.amazon.co.jp/%E3%83%8D%E3%83%83%E3%83%88%E5%86%85%E7%84%A1%E6%96%99%E9%80%9A%E8%A9%B1500%E5%88%86-%E7%B4%94%E6%AD%A3Mobifone%E3%82%AD%E3%83%A3%E3%83%AA%E3%82%A2-LINE%E3%81%A724%E6%99%82%E9%96%93%E3%82%B5%E3%83%9D%E3%83%BC%E3%83%88-5%E6%97%A5%E9%96%93%E3%83%87%E3%83%BC%E3%82%BF%E7%84%A1%E5%88%B6%E9%99%90-%E7%8F%BE%E5%9C%B0%E9%80%9A%E8%A9%B1/dp/B0DM7Q6HGQ,B0DM7Q6HGQ,B0DM7Q6HGQ,株式会社ビッグコネクト,bigconnectのストアを表示,"{""price_jpy"": [""￥1,120""], ""usage_validity"": [""【Almond eSIM】 ベトナム esim 高速データ通信 完全無制限 純正Mobifoneキャリア 当日発行可能 出発前日本テスト用eSIM500MB LINEで24時間サポート 4G-LTE対応 プリペイド ESIMプラン Vietnam ハノイ ホーチミン simカード (5日間データ無制限)""], ""activation_validity"": [""【ベトナムSIMカード】7日間 ビナフォン正規品 データ無制限(速度低下なし) 受信専用番号付き 有効期限 / ご購入日より30日以内""], ""data_amount"": [""【高速データ無制限】※高速データ容量は無制限。完全使い放題プラン、 本人確認不要、simカード認証不要。""], ""network_type"": [""【チョコSIM 定額（Sプラン）】【中国の電話番号付きでアプリや施設サービスのSMS認証が可能】【データ容量】合計500MB/月【音声】合計20分間/月 データ/音声/SMS付きSIMカード 中国SIM マカオSIM China unicom ※こちらのSIMカードは契約後、毎月の基本料が発生いたします。※2024年11月1日から台湾でのご利用はできなくなり"", ""【ベトナムeSIM】 7日間 高速データ無制限 電話番号付き 通話・SMS受信のみ可能 お急ぎの方即日対応(LINE相談受付中) 有効期限 / ご購入日より30日以内 ベトナムSIMカードタイプではありません"", ""score: local=6, roaming=0""], ""network_generation"": [""product_info_cellular_4g_lte: source:product_info_cellular: 携帯電話技術 LTE""], ""carrier_support_local"": [""MobiFone: 【製品特徴】ベトナムへの渡航スケジュールに合わせて手軽に利用できます。ネットワーク事業者はMobifoneで、ベトナムで広範囲にわたる信号と安定したネットワーク、高速な通信速度を提供します。eSIMはSIMカード挿入が不要で、iPhoneやAndroidにQRコードを読み取って設定するだけですぐに利"", ""MobiFone: 商品の説明 ベトナム旅行を、ギガを気にせず。 Mobifone回線を利用する、4G-LTE対応のデータ通信専用eSIM。物理SIMカードの差し替えは不要です。 完全無制限の利用シーン 地図・検索、動画視聴、翻訳・連絡、SNS投稿など、旅行中のデータ通信に。利用開始後、24時間を1日としてカウントしま"", ""MobiFone: Amazon.co.jp: 【Almond eSIM】 ベトナム esim 高速データ通信 完全無制限 純正Mobifoneキャリア 当日発行可能 出発前日本テスト用eSIM500MB LINEで24時間サポート 4G-LTE対応 プリペイド ESIMプラン Vietnam ハノイ ホーチミン si"", ""MobiFone: 【Almond eSIM】 ベトナム esim 高速データ通信 完全無制限 純正Mobifoneキャリア 当日発行可能 出発前日本テスト用eSIM500MB LINEで24時間サポート 4G-LTE対応 プリペイド ESIMプラン Vietnam ハノイ ホーチミン simカード (5日間データ無制"", ""Viettel: 【Viettel純正品】ベトナム eSIM 7日間【高速データ1日5GB (合計最大35GB) 】5G-4G-LTE/テザリング 【データのみ】 プリペイド SIM Vietnam esim 7days"", ""Vietnamobile: 【ベトナム SIMカード】20日間 Vietnamobile ベトナムプリペイドSIM 5GB/日利用可能 4G/3G対応 データ通信専用 ベトナム simカード (20日間 1枚)"", ""MobiFone: 【Almond eSIM】 ベトナム esim 高速データ通信 完全無制限 純正Mobifoneキャリア 当日発行可能 出発前日本テスト用eSIM500MB LINEで24時間サポート 4G-LTE対応 プリペイド ESIMプラン Vietnam ハノイ ホーチミン simカード (5日間データ無制"", ""MobiFone: Mobifone回線を利用する、4G-LTE対応のデータ通信専用eSIM。物理SIMカードの差し替えは不要です。"", ""MobiFone: Mobifone回線を利用する、4G-LTE対応のデータ通信専用eSIM。物理SIMカードの差し替えは不要です。"", ""MobiFone: 【esim】ベトナムSIMカード完全無制限 【Mobifone正規回線】高速データ通信 当日発行可能 ベトナム esim Vietnam ESIM プリペイド SIMカード (5日間高速データ)"", ""Viettel: 【Viettel純正品】ベトナム eSIM 5日間【高速データ1日5GB (合計最大25GB) 】5G-4G-LTE/テザリング 【データのみ】 プリペイド SIM Vietnam esim 5days"", ""MobiFone: 【Almond eSIM】 ベトナム 7日間 完全無制限 純正Mobifoneキャリア 当日発行可能 LINEで24時間サポート 出発前の接続テスト用 日本国内500MB eSIM付 4G-LTE対応 プリペイド ESIMプラン Vietnam ハノイ ホーチミン esimカード (esim/7日間"", ""MobiFone: 【Almond eSIM】 ベトナム esim 高速データ通信 完全無制限 純正Mobifoneキャリア 当日発行可能 出発前日本テスト用eSIM500MB LINEで24時間サポート 4G-LTE対応 プリペイド ESIMプラン Vietnam ハノイ ホーチミン simカード (5日間データ無制"", ""MobiFone: Amazon.co.jp: 【Almond eSIM】 ベトナム esim 高速データ通信 完全無制限 純正Mobifoneキャリア 当日発行可能 出発前日本テスト用eSIM500MB LINEで24時間サポート 4G-LTE対応 プリペイド ESIMプラン Vietnam ハノイ ホーチミン si""], ""monthly_sold_count"": [""Amazon.co.jp: 【Almond eSIM】 ベトナム esim 高速データ通信 完全無制限 純正Mobifoneキャリア 当日発行可能 出発前日本テスト用eSIM500MB LINEで24時間サポート 4G-LTE対応 プリペイド ESIMプラン Vietnam ハノイ ホーチミン simカード (5日間データ無制限) : 家電＆カメラ 次に移動""], ""review_count"": [""detail_page: (76)""], ""bestseller_rank"": [""Amazon 売れ筋ランキング 家電＆カメラ - 2,429位 ( 家電＆カメラの売れ筋ランキングを見る ) プリペイドSIMカード - 19位""], ""title"": [""【Almond eSIM】 ベトナム esim 高速データ通信 完全無制限 純正Mobifoneキャリア 当日発行可能 出発前日本テスト用eSIM500MB LINEで24時間サポート 4G-LTE対応 プリペイド ESIMプラン Vietnam ハノイ ホーチミン simカード (5日間データ無制限)""]}"
amazon_jp,vn,【Almond SIM】 ベトナム 7日間 完全無制限 電話番号付き｜純正Vietnamobile キャリア ｜ホーチミン・ハノイなど 対応｜LINEで24時間サポート｜4G-LTE対応 プリペイドsim ｜Vietnam simカード (物理sim/7日間),660,5,,,50,,45,7일,7일,7일,local,lte_4g_only,,,"{""viettel"": null, ""vinaphone"": null, ""mobifone"": null, ""vietnamobile"": true}","{""skt"": null, ""kt"": null, ""lgu"": null}",unlimited,https://www.amazon.co.jp/7%E6%97%A5%E9%96%93-%E9%9B%BB%E8%A9%B1%E7%95%AA%E5%8F%B7%E4%BB%98%E3%81%8D%EF%BD%9C%E7%B4%94%E6%AD%A3Vietnamobile-%EF%BD%9C%E3%83%9B%E3%83%BC%E3%83%81%E3%83%9F%E3%83%B3%E3%83%BB%E3%83%8F%E3%83%8E%E3%82%A4%E3%81%AA%E3%81%A9-%E5%AF%BE%E5%BF%9C%EF%BD%9CLINE%E3%81%A724%E6%99%82%E9%96%93%E3%82%B5%E3%83%9D%E3%83%BC%E3%83%88%EF%BD%9C4G-LTE%E5%AF%BE%E5%BF%9C-%E7%89%A9%E7%90%86sim/dp/B0GR4PQQWD,B0GR4PQQWD,B0GR4PQQWD,株式会社ビッグコネクト,bigconnectのストアを表示,"{""price_jpy"": [""￥660""], ""usage_validity"": [""【Almond SIM】 ベトナム 7日間 完全無制限 電話番号付き｜純正Vietnamobile キャリア ｜ホーチミン・ハノイなど 対応｜LINEで24時間サポート｜4G-LTE対応 プリペイドsim ｜Vietnam simカード (物理sim/7日間)""], ""activation_validity"": [""【ベトナムSIMカード】 7日間 ビナフォン正規 高速データ無制限(速度低下なし) 受信専用番号付き 有効期限 / ご購入日より30日以内 (7日／SIMカード)""], ""data_amount"": [""【データプラン】ベトナムで利用可能なプリペイドSIMカード。※高速データ容量は無制限。ただし、一日のデータ使用量が5GBを超えた場合、キャリアの公平使用ポリシーに基づき、その日の24時まで速度制限がかかる可能性がありますが、翌日の0時以降には制限が解除されます。受信可能の電話番号付き（発信不可）、本人確認やSIMカード認証は不要です。本SIMカードは3 in""], ""network_type"": [""【Almond SIM】 ベトナム 7日間 完全無制限 電話番号付き｜純正Vietnamobile キャリア ｜ホーチミン・ハノイなど 対応｜LINEで24時間サポート｜4G-LTE対応 プリペイドsim ｜Vietnam simカード (物理sim/7日間)"", ""【データプラン】ベトナムで利用可能なプリペイドSIMカード。※高速データ容量は無制限。ただし、一日のデータ使用量が5GBを超えた場合、キャリアの公平使用ポリシーに基づき、その日の24時まで速度制限がかかる可能性がありますが、翌日の0時以降には制限が解除されます。受信可能の電話番号付き（発信不可）、本人確認やSIMカード認証は不要です。本SIMカードは3 in"", ""score: local=21, roaming=0""], ""network_generation"": [""product_info_cellular_4g_lte: source:product_info_cellular: 携帯電話技術 LTE""], ""carrier_support_local"": [""Vietnamobile: サービスプロバイダ Vietnamobile"", ""Vietnamobile: Amazon.co.jp: 【Almond SIM】 ベトナム 7日間 完全無制限 電話番号付き｜純正Vietnamobile キャリア ｜ホーチミン・ハノイなど 対応｜LINEで24時間サポート｜4G-LTE対応 プリペイドsim ｜Vietnam simカード (物理sim/7日間) : 家電＆"", ""Vietnamobile: 【Almond SIM】 ベトナム 7日間 完全無制限 電話番号付き｜純正Vietnamobile キャリア ｜ホーチミン・ハノイなど 対応｜LINEで24時間サポート｜4G-LTE対応 プリペイドsim ｜Vietnam simカード (物理sim/7日間)"", ""Vietnamobile: ベトナム SIMカード｜Vietnamobile 正規品｜20日間・毎日5GB 4G・3G接続 ｜24時間LINEサポート ベトナム プリペイドSIM ベトナム sim (2枚セット)"", ""Vietnamobile: 【ベトナム SIMカード】20日間 Vietnamobile ベトナムプリペイドSIM 5GB/日利用可能 4G/3G対応 データ通信専用 ベトナム simカード (20日間 1枚)"", ""Vietnamobile: 【ベトナム SIMカード】20日間 Vietnamobile ベトナムプリペイドSIM 5GB/日利用可能 4G/3G対応 データ通信専用 ベトナム simカード (20日間 1枚)"", ""Vietnamobile: 【Almond SIM】 ベトナム 7日間 完全無制限 電話番号付き｜純正Vietnamobile キャリア ｜ホーチミン・ハノイなど 対応｜LINEで24時間サポート｜4G-LTE対応 プリペイドsim ｜Vietnam simカード (物理sim/7日間)"", ""Vietnamobile: ベトナム SIMカード｜Vietnamobile 正規品｜20日間・毎日5GB 4G・3G接続 ｜24時間LINEサポート ベトナム プリペイドSIM ベトナム sim (10日間)"", ""Vietnamobile: Vietnamobile ベトナムSIM｜利用期間20日間｜毎日5GB 高速データ通信｜4G/3G対応｜プリペイドSIMカード｜ベトナム旅行・出張向け 24時間サポート (20日間)"", ""Vietnamobile: 【ベトナム SIMカード】20日間 Vietnamobile ベトナムプリペイドSIM 5GB/日利用可能 4G/3G対応 データ通信専用 ベトナム simカード (20日間 1枚)"", ""Vietnamobile: 【Almond SIM】 ベトナム 7日間 完全無制限 電話番号付き｜純正Vietnamobile キャリア ｜ホーチミン・ハノイなど 対応｜LINEで24時間サポート｜4G-LTE対応 プリペイドsim ｜Vietnam simカード (物理sim/7日間)"", ""Vietnamobile: Amazon.co.jp: 【Almond SIM】 ベトナム 7日間 完全無制限 電話番号付き｜純正Vietnamobile キャリア ｜ホーチミン・ハノイなど 対応｜LINEで24時間サポート｜4G-LTE対応 プリペイドsim ｜Vietnam simカード (物理sim/7日間) : 家電＆""], ""monthly_sold_count"": [""Amazon.co.jp: 【Almond SIM】 ベトナム 7日間 完全無制限 電話番号付き｜純正Vietnamobile キャリア ｜ホーチミン・ハノイなど 対応｜LINEで24時間サポート｜4G-LTE対応 プリペイドsim ｜Vietnam simカード (物理sim/7日間) : 家電＆カメラ 次に移動 メインコンテンツ この商品について この商""], ""review_count"": [""detail_page: (5)""], ""bestseller_rank"": [""Amazon 売れ筋ランキング 家電＆カメラ - 4,369位 ( 家電＆カメラの売れ筋ランキングを見る ) プリペイドSIMカード - 45位""], ""title"": [""【Almond SIM】 ベトナム 7日間 完全無制限 電話番号付き｜純正Vietnamobile キャリア ｜ホーチミン・ハノイなど 対応｜LINEで24時間サポート｜4G-LTE対応 プリペイドsim ｜Vietnam simカード (物理sim/7日間)""]}"
amazon_jp,vn,【Almond SIM】 ベトナム 5日間 完全無制限 電話番号付き｜純正Vietnamobile キャリア ｜ホーチミン・ハノイなど 対応｜LINEで24時間サポート｜4G-LTE対応 プリペイドsim ｜Vietnam simカード (物理sim/5日間),608,15,,,50,,45,5일,5일,7일,local,lte_4g_only,,,"{""viettel"": null, ""vinaphone"": null, ""mobifone"": true, ""vietnamobile"": true}","{""skt"": null, ""kt"": null, ""lgu"": null}",unlimited,https://www.amazon.co.jp/5%E6%97%A5%E9%96%93-%E9%9B%BB%E8%A9%B1%E7%95%AA%E5%8F%B7%E4%BB%98%E3%81%8D%EF%BD%9C%E7%B4%94%E6%AD%A3Vietnamobile-%EF%BD%9C%E3%83%9B%E3%83%BC%E3%83%81%E3%83%9F%E3%83%B3%E3%83%BB%E3%83%8F%E3%83%8E%E3%82%A4%E3%81%AA%E3%81%A9-%E5%AF%BE%E5%BF%9C%EF%BD%9CLINE%E3%81%A724%E6%99%82%E9%96%93%E3%82%B5%E3%83%9D%E3%83%BC%E3%83%88%EF%BD%9C4G-LTE%E5%AF%BE%E5%BF%9C-%E7%89%A9%E7%90%86sim/dp/B0GR4RHKHM,B0GR4RHKHM,B0GR4RHKHM,株式会社ビッグコネクト,bigconnectのストアを表示,"{""price_jpy"": [""￥608""], ""usage_validity"": [""【Almond SIM】 ベトナム 5日間 完全無制限 電話番号付き｜純正Vietnamobile キャリア ｜ホーチミン・ハノイなど 対応｜LINEで24時間サポート｜4G-LTE対応 プリペイドsim ｜Vietnam simカード (物理sim/5日間)""], ""activation_validity"": [""【ベトナムSIMカード】 7日間 ビナフォン正規 高速データ無制限(速度低下なし) 受信専用番号付き 有効期限 / ご購入日より30日以内 (7日／SIMカード)""], ""data_amount"": [""【データプラン】ベトナムで利用可能なプリペイドSIMカード。※高速データ容量は無制限。ただし、一日のデータ使用量が5GBを超えた場合、キャリアの公平使用ポリシーに基づき、その日の24時まで速度制限がかかる可能性がありますが、翌日の0時以降には制限が解除されます。受信可能の電話番号付き（発信不可）、本人確認やSIMカード認証は不要です。本SIMカードは3 in""], ""network_type"": [""【Almond SIM】 ベトナム 5日間 完全無制限 電話番号付き｜純正Vietnamobile キャリア ｜ホーチミン・ハノイなど 対応｜LINEで24時間サポート｜4G-LTE対応 プリペイドsim ｜Vietnam simカード (物理sim/5日間)"", ""【データプラン】ベトナムで利用可能なプリペイドSIMカード。※高速データ容量は無制限。ただし、一日のデータ使用量が5GBを超えた場合、キャリアの公平使用ポリシーに基づき、その日の24時まで速度制限がかかる可能性がありますが、翌日の0時以降には制限が解除されます。受信可能の電話番号付き（発信不可）、本人確認やSIMカード認証は不要です。本SIMカードは3 in"", ""score: local=21, roaming=0""], ""network_generation"": [""product_info_cellular_4g_lte: source:product_info_cellular: 携帯電話技術 LTE""], ""carrier_support_local"": [""Vietnamobile: サービスプロバイダ Vietnamobile"", ""Vietnamobile: Amazon.co.jp: 【Almond SIM】 ベトナム 5日間 完全無制限 電話番号付き｜純正Vietnamobile キャリア ｜ホーチミン・ハノイなど 対応｜LINEで24時間サポート｜4G-LTE対応 プリペイドsim ｜Vietnam simカード (物理sim/5日間) : 家電＆"", ""Vietnamobile: 【Almond SIM】 ベトナム 5日間 完全無制限 電話番号付き｜純正Vietnamobile キャリア ｜ホーチミン・ハノイなど 対応｜LINEで24時間サポート｜4G-LTE対応 プリペイドsim ｜Vietnam simカード (物理sim/5日間)"", ""MobiFone: 【Almond eSIM】 ベトナム esim 高速データ通信 完全無制限 純正Mobifoneキャリア 当日発行可能 出発前日本テスト用eSIM500MB LINEで24時間サポート 4G-LTE対応 プリペイド ESIMプラン Vietnam ハ"", ""Vietnamobile: 【ベトナム SIMカード】20日間 Vietnamobile ベトナムプリペイドSIM 5GB/日利用可能 4G/3G対応 データ通信専用 ベトナム simカード (20日間 1枚)"", ""Vietnamobile: ベトナム SIMカード｜Vietnamobile 正規品｜20日間・毎日5GB 4G・3G接続 ｜24時間LINEサポート ベトナム プリペイドSIM ベトナム sim (7日間)"", ""Vietnamobile: お得な2枚セット Vietnamobile ベトナムプリペイドSIM 4G・3G 20日利用 データ容量80GB"", ""Vietnamobile: 【Almond SIM】 ベトナム 5日間 完全無制限 電話番号付き｜純正Vietnamobile キャリア ｜ホーチミン・ハノイなど 対応｜LINEで24時間サポート｜4G-LTE対応 プリペイドsim ｜Vietnam simカード (物理sim/5日間)"", ""Vietnamobile: ベトナム SIMカード｜Vietnamobile 正規品｜20日間・毎日5GB 4G・3G接続 ｜24時間LINEサポート ベトナム プリペイドSIM ベトナム sim (6日間)"", ""Vietnamobile: 【ベトナム SIMカード】20日間 Vietnamobile ベトナムプリペイドSIM 5GB/日利用可能 4G/3G対応 データ通信専用 ベトナム simカード (20日間 1枚)"", ""Vietnamobile: 【Almond SIM】 ベトナム 5日間 完全無制限 電話番号付き｜純正Vietnamobile キャリア ｜ホーチミン・ハノイなど 対応｜LINEで24時間サポート｜4G-LTE対応 プリペイドsim ｜Vietnam simカード (物理sim/5日間)"", ""Vietnamobile: Amazon.co.jp: 【Almond SIM】 ベトナム 5日間 完全無制限 電話番号付き｜純正Vietnamobile キャリア ｜ホーチミン・ハノイなど 対応｜LINEで24時間サポート｜4G-LTE対応 プリペイドsim ｜Vietnam simカード (物理sim/5日間) : 家電＆""], ""monthly_sold_count"": [""Amazon.co.jp: 【Almond SIM】 ベトナム 5日間 完全無制限 電話番号付き｜純正Vietnamobile キャリア ｜ホーチミン・ハノイなど 対応｜LINEで24時間サポート｜4G-LTE対応 プリペイドsim ｜Vietnam simカード (物理sim/5日間) : 家電＆カメラ 次に移動 メインコンテンツ この商品について この商""], ""review_count"": [""detail_page: (15)""], ""bestseller_rank"": [""Amazon 売れ筋ランキング 家電＆カメラ - 4,369位 ( 家電＆カメラの売れ筋ランキングを見る ) プリペイドSIMカード - 45位""], ""title"": [""【Almond SIM】 ベトナム 5日間 完全無制限 電話番号付き｜純正Vietnamobile キャリア ｜ホーチミン・ハノイなど 対応｜LINEで24時間サポート｜4G-LTE対応 プリペイドsim ｜Vietnam simカード (物理sim/5日間)""]}"
amazon_jp,vn,Vietnamobile ベトナムプリペイドSIM 4G・3G 20日利用,646,666,,,50,,208,20일,20일,20일,local,lte_4g_only,,,"{""viettel"": null, ""vinaphone"": null, ""mobifone"": true, ""vietnamobile"": true}","{""skt"": null, ""kt"": null, ""lgu"": null}",4GB/day,https://www.amazon.co.jp/MAXSIM-%E3%83%AD%E3%83%BC%E3%83%9F%E3%83%B3%E3%82%B0%E9%80%9A%E4%BF%A1SIM/dp/B07YG3VLVY,B07YG3VLVY,B07YG3VLVY,株式会社ビッグコネクト,ブランド: MAXSIM,"{""price_jpy"": [""￥646""], ""usage_validity"": [""Vietnamobile ベトナムプリペイドSIM 4G・3G 20日利用""], ""activation_validity"": [""利用期間：ベトナムにて電波を受信後、20日""], ""data_amount"": [""■利用出来るのはSIM Freeスマートフォン・タブレット・Wi-Fiルーターとなります。 ■SIMサイズ：標準・micro・nanoサイズに対応 ■テザリング利用可能 ■データ通信量：1日4GBまで高速利用可能。 ※4GBを超えると通信速度が128kbpsへ速度低下となりますが止まる事はありません。""], ""network_type"": [""【Almond SIM】 ベトナム 5日間 完全無制限 電話番号付き｜純正Vietnamobile キャリア ｜ホーチミン・ハノイなど 対応｜LINEで24時間サポート｜4G-LTE対応 プリペイドsim ｜Vietnam simカード (物理sim/5日間)"", ""【チョコSIM 定額（Sプラン）】【中国の電話番号付きでアプリや施設サービスのSMS認証が可能】【データ容量】合計500MB/月【音声】合計20分間/月 データ/音声/SMS付きSIMカード 中国SIM マカオSIM China unicom ※こちらのSIMカードは契約後、毎月の基本料が発生いたします。※2024年11月1日から台湾でのご利用はできなくなり"", ""score: local=9, roaming=0""], ""network_generation"": [""product_info_cellular_4g_lte: source:product_info_cellular: 携帯電話技術 LTE, UMTS""], ""carrier_support_local"": [""Vietnamobile: 株式会社ビッグコネクトより販売するVietnamobile ベトナムプリペイドSIM 4G・3G SIMカード。SIMカード有効期限：ご購入してから10か月間有効。（未使用の場合）。"", ""Vietnamobile: Vietnamobile ベトナムプリペイドSIM 4G・3G SIMカード■。SIMカード有効期限：ご購入してから10か月間有効。（未使用の場合）。■ベトナムにて利用できる データ専用プリペイドSIMカード ■利用出来るのはSIM Freeスマートフォン・タブレット・Wi-Fiルーターとなります。"", ""Vietnamobile: サービスプロバイダ Vietnamobile"", ""Vietnamobile: メーカー名 Vietnamobile"", ""Vietnamobile: Amazon.co.jp: Vietnamobile ベトナムプリペイドSIM 4G・3G 20日利用 : 家電＆カメラ"", ""Vietnamobile: Vietnamobile ベトナムプリペイドSIM 4G・3G 20日利用"", ""Vietnamobile: ベトナム SIMカード｜Vietnamobile 正規品｜20日間・毎日5GB 4G・3G接続 ｜24時間LINEサポート ベトナム プリペイドSIM ベトナム sim (2枚セット)"", ""Vietnamobile: 【Almond SIM】 ベトナム 5日間 完全無制限 電話番号付き｜純正Vietnamobile キャリア ｜ホーチミン・ハノイなど 対応｜LINEで24時間サポート｜4G-LTE対応 プリペイドsim ｜Vietnam simカード (物理sim/5日間)"", ""Vietnamobile: お得な2枚セット Vietnamobile ベトナムプリペイドSIM 4G・3G 20日利用 データ容量80GB"", ""MobiFone: 【esim】ベトナムSIMカード完全無制限 【Mobifone正規回線】高速データ通信 当日発行可能 ベトナム esim Vietnam ESIM プリペイド SIMカード (5日間高速データ)"", ""Vietnamobile: 【ベトナム SIMカード】20日間 Vietnamobile ベトナムプリペイドSIM 5GB/日利用可能 4G/3G対応 データ通信専用 ベトナム simカード (20日間 1枚)"", ""Vietnamobile: Vietnamobile ベトナムプリペイドSIM 4G・3G 20日利用"", ""MobiFone: 【Almond eSIM】 ベトナム 7日間 完全無制限 純正Mobifoneキャリア 当日発行可能 LINEで24時間サポート 出発前の接続テスト用 日本国内500MB eSIM付 4G-LTE対応 プリペイド ESIMプラン Vietnam ハノイ ホーチミン esimカード (esim/7日間"", ""Vietnamobile: お得な2枚セット Vietnamobile ベトナムプリペイドSIM 4G・3G 20日利用 データ容量80GB"", ""Vietnamobile: 【ベトナム SIMカード】20日間 Vietnamobile ベトナムプリペイドSIM 5GB/日利用可能 4G/3G対応 データ通信専用 ベトナム simカード (20日間 1枚)"", ""Vietnamobile: Vietnamobile ベトナムプリペイドSIM 4G・3G 20日利用"", ""Vietnamobile: Amazon.co.jp: Vietnamobile ベトナムプリペイドSIM 4G・3G 20日利用 : 家電＆カメラ 次に移動 メインコンテンツ この商品について この商品について この商品について 購入オプション 類似商品と比較する ビデオ レビュー キーボードショートカット 検索 Alt +""], ""monthly_sold_count"": [""Amazon.co.jp: Vietnamobile ベトナムプリペイドSIM 4G・3G 20日利用 : 家電＆カメラ 次に移動 メインコンテンツ この商品について この商品について この商品について 購入オプション 類似商品と比較する ビデオ レビュー キーボードショートカット 検索 Alt + / カート Shift + Alt + C ホーム Shi""], ""review_count"": [""detail_page: (666)""], ""bestseller_rank"": [""Amazon 売れ筋ランキング 家電＆カメラ - 16,818位 ( 家電＆カメラの売れ筋ランキングを見る ) プリペイドSIMカード - 208位""], ""title"": [""Vietnamobile ベトナムプリペイドSIM 4G・3G 20日利用""]}"
amazon_jp,vn,【Almond eSIM】 ベトナム esim 7日間 高速データ通信 完全無制限 純正Mobifoneキャリア 当日発行可能 出発前日本テスト用eSIM500MB LINEで24時間サポート 4G-LTE対応 プリペイド ESIMプラン Vietnam ハノイ ホーチミン simカード (7日間データ無制限),1215,34,,,100,,19,7일,7일,7일,local,lte_4g_only,,,"{""viettel"": null, ""vinaphone"": null, ""mobifone"": true, ""vietnamobile"": true}","{""skt"": null, ""kt"": null, ""lgu"": null}",unlimited,https://www.amazon.co.jp/%E3%83%8D%E3%83%83%E3%83%88%E5%86%85%E7%84%A1%E6%96%99%E9%80%9A%E8%A9%B1500%E5%88%86-%E7%B4%94%E6%AD%A3Mobifone%E3%82%AD%E3%83%A3%E3%83%AA%E3%82%A2-LINE%E3%81%A724%E6%99%82%E9%96%93%E3%82%B5%E3%83%9D%E3%83%BC%E3%83%88-7%E6%97%A5%E9%96%93%E3%83%87%E3%83%BC%E3%82%BF%E7%84%A1%E5%88%B6%E9%99%90-%E7%8F%BE%E5%9C%B0%E9%80%9A%E8%A9%B1/dp/B0DM7S8GXH,B0DM7S8GXH,B0DM7S8GXH,株式会社ビッグコネクト,bigconnectのストアを表示,"{""price_jpy"": [""￥1,215""], ""usage_validity"": [""【Almond eSIM】 ベトナム esim 7日間 高速データ通信 完全無制限 純正Mobifoneキャリア 当日発行可能 出発前日本テスト用eSIM500MB LINEで24時間サポート 4G-LTE対応 プリペイド ESIMプラン Vietnam ハノイ ホーチミン simカード (7日間データ無制限)""], ""activation_validity"": [""【ベトナムSIMカード】 7日間 ビナフォン正規 高速データ無制限(速度低下なし) 受信専用番号付き 有効期限 / ご購入日より30日以内 (7日／SIMカード)""], ""data_amount"": [""【高速データ無制限】※高速データ容量は無制限。完全使い放題プラン、 本人確認不要、simカード認証不要。""], ""network_type"": [""【チョコSIM 定額（Sプラン）】【中国の電話番号付きでアプリや施設サービスのSMS認証が可能】【データ容量】合計500MB/月【音声】合計20分間/月 データ/音声/SMS付きSIMカード 中国SIM マカオSIM China unicom ※こちらのSIMカードは契約後、毎月の基本料が発生いたします。※2024年11月1日から台湾でのご利用はできなくなり"", ""【SKTelecoｍ公式認証】 韓国eSIM 3日間 (72時間) 電話番号付き 超高速データ無制限 最初の5分発信無料(韓国国内) お急ぎの方即時発行可(LINE相談受付中) 有効期限／ご購入日より120日以内 現地空港サポート(SKTelecomローミングセンター) SKテレコム正規品 韓国SIMカードタイプではありません"", ""score: local=6, roaming=0""], ""network_generation"": [""product_info_cellular_4g_lte: source:product_info_cellular: 携帯電話技術 LTE""], ""carrier_support_local"": [""MobiFone: 【製品特徴】ベトナムへの渡航スケジュールに合わせて手軽に利用できます。ネットワーク事業者はMobifoneで、ベトナムで広範囲にわたる信号と安定したネットワーク、高速な通信速度を提供します。eSIMはSIMカード挿入が不要で、iPhoneやAndroidにQRコードを読み取って設定するだけですぐに利"", ""MobiFone: 商品の説明 ベトナム旅行を、ギガを気にせず。 Mobifone回線を利用する、4G-LTE対応のデータ通信専用eSIM。物理SIMカードの差し替えは不要です。 完全無制限の利用シーン 地図・検索、動画視聴、翻訳・連絡、SNS投稿など、旅行中のデータ通信に。利用開始後、24時間を1日としてカウントしま"", ""MobiFone: サービスプロバイダ Mobifone"", ""MobiFone: Amazon.co.jp: 【Almond eSIM】 ベトナム esim 7日間 高速データ通信 完全無制限 純正Mobifoneキャリア 当日発行可能 出発前日本テスト用eSIM500MB LINEで24時間サポート 4G-LTE対応 プリペイド ESIMプラン Vietnam ハノイ ホーチミ"", ""MobiFone: 【Almond eSIM】 ベトナム esim 7日間 高速データ通信 完全無制限 純正Mobifoneキャリア 当日発行可能 出発前日本テスト用eSIM500MB LINEで24時間サポート 4G-LTE対応 プリペイド ESIMプラン Vietnam ハノイ ホーチミン simカード (7日間デ"", ""MobiFone: 【Almond eSIM】 ベトナム esim 7日間 高速データ通信 完全無制限 純正Mobifoneキャリア 当日発行可能 出発前日本テスト用eSIM500MB LINEで24時間サポート 4G-LTE対応 プリペイド ESIMプラン Vietn"", ""Vietnamobile: 【ベトナム SIMカード】20日間 Vietnamobile ベトナムプリペイドSIM 5GB/日利用可能 4G/3G対応 データ通信専用 ベトナム simカード (20日間 1枚)"", ""MobiFone: 【Almond eSIM】 ベトナム esim 7日間 高速データ通信 完全無制限 純正Mobifoneキャリア 当日発行可能 出発前日本テスト用eSIM500MB LINEで24時間サポート 4G-LTE対応 プリペイド ESIMプラン Vietnam ハノイ ホーチミン simカード (7日間デ"", ""MobiFone: Mobifone回線を利用する、4G-LTE対応のデータ通信専用eSIM。物理SIMカードの差し替えは不要です。"", ""MobiFone: Mobifone回線を利用する、4G-LTE対応のデータ通信専用eSIM。物理SIMカードの差し替えは不要です。"", ""MobiFone: 【Almond eSIM】 ベトナム 5日間 完全無制限 純正Mobifoneキャリア 当日発行可能 LINEで24時間サポート 出発前の接続テスト用 日本国内500MB eSIM付 4G-LTE対応 プリペイド ESIMプラン Vietnam ハノイ ホーチミン esimカード (esim/5日間"", ""MobiFone: 【Almond eSIM】 ベトナム esim 7日間 高速データ通信 完全無制限 純正Mobifoneキャリア 当日発行可能 出発前日本テスト用eSIM500MB LINEで24時間サポート 4G-LTE対応 プリペイド ESIMプラン Vietnam ハノイ ホーチミン simカード (7日間デ"", ""MobiFone: Amazon.co.jp: 【Almond eSIM】 ベトナム esim 7日間 高速データ通信 完全無制限 純正Mobifoneキャリア 当日発行可能 出発前日本テスト用eSIM500MB LINEで24時間サポート 4G-LTE対応 プリペイド ESIMプラン Vietnam ハノイ ホーチミ""], ""monthly_sold_count"": [""Amazon.co.jp: 【Almond eSIM】 ベトナム esim 7日間 高速データ通信 完全無制限 純正Mobifoneキャリア 当日発行可能 出発前日本テスト用eSIM500MB LINEで24時間サポート 4G-LTE対応 プリペイド ESIMプラン Vietnam ハノイ ホーチミン simカード (7日間データ無制限) : 家電＆カメラ ""], ""review_count"": [""detail_page: (34)""], ""bestseller_rank"": [""Amazon 売れ筋ランキング 家電＆カメラ - 2,429位 ( 家電＆カメラの売れ筋ランキングを見る ) プリペイドSIMカード - 19位""], ""title"": [""【Almond eSIM】 ベトナム esim 7日間 高速データ通信 完全無制限 純正Mobifoneキャリア 当日発行可能 出発前日本テスト用eSIM500MB LINEで24時間サポート 4G-LTE対応 プリペイド ESIMプラン Vietnam ハノイ ホーチミン simカード (7日間データ無制限)""]}"
amazon_jp,vn,【Almond eSIM】 ベトナム 7日間 完全無制限 純正Mobifoneキャリア 当日発行可能 LINEで24時間サポート 出発前の接続テスト用 日本国内500MB eSIM付 4G-LTE対応 プリペイド ESIMプラン Vietnam ハノイ ホーチミン esimカード (esim/7日間),1215,14,,,50,,45,7일,7일,7일,unknown,lte_4g_only,,,"{""viettel"": true, ""vinaphone"": null, ""mobifone"": true, ""vietnamobile"": true}","{""skt"": null, ""kt"": null, ""lgu"": null}",unlimited,https://www.amazon.co.jp/%E7%B4%94%E6%AD%A3Mobifone%E3%82%AD%E3%83%A3%E3%83%AA%E3%82%A2-LINE%E3%81%A724%E6%99%82%E9%96%93%E3%82%B5%E3%83%9D%E3%83%BC%E3%83%88-%E5%87%BA%E7%99%BA%E5%89%8D%E3%81%AE%E6%8E%A5%E7%B6%9A%E3%83%86%E3%82%B9%E3%83%88%E7%94%A8-%E6%97%A5%E6%9C%AC%E5%9B%BD%E5%86%85500MB-4G-LTE%E5%AF%BE%E5%BF%9C/dp/B0GR4M279V,B0GR4M279V,B0GR4M279V,株式会社ビッグコネクト,bigconnectのストアを表示,"{""price_jpy"": [""￥1,215""], ""usage_validity"": [""【Almond eSIM】 ベトナム 7日間 完全無制限 純正Mobifoneキャリア 当日発行可能 LINEで24時間サポート 出発前の接続テスト用 日本国内500MB eSIM付 4G-LTE対応 プリペイド ESIMプラン Vietnam ハノイ ホーチミン esimカード (esim/7日間)""], ""activation_validity"": [""【ベトナムSIMカード】 7日間 ビナフォン正規 高速データ無制限(速度低下なし) 受信専用番号付き 有効期限 / ご購入日より30日以内 (7日／SIMカード)""], ""data_amount"": [""【高速データ無制限】※高速データ容量は無制限。完全使い放題プラン、 本人確認不要、simカード認証不要。""], ""network_type"": [""no_local_or_roaming_keyword_matched""], ""network_generation"": [""product_info_cellular_4g_lte: source:product_info_cellular: 携帯電話技術 LTE""], ""carrier_support_local"": [""MobiFone: 【製品特徴】ベトナムへの渡航スケジュールに合わせて手軽に利用できます。ネットワーク事業者はMobifoneで、ベトナムで広範囲にわたる信号と安定したネットワーク、高速な通信速度を提供します。eSIMはSIMカード挿入が不要で、iPhoneやAndroidにQRコードを読み取って設定するだけですぐに利"", ""MobiFone: Amazon.co.jp: 【Almond eSIM】 ベトナム 7日間 完全無制限 純正Mobifoneキャリア 当日発行可能 LINEで24時間サポート 出発前の接続テスト用 日本国内500MB eSIM付 4G-LTE対応 プリペイド ESIMプラン Vietnam ハノイ ホーチミン esi"", ""MobiFone: 【Almond eSIM】 ベトナム 7日間 完全無制限 純正Mobifoneキャリア 当日発行可能 LINEで24時間サポート 出発前の接続テスト用 日本国内500MB eSIM付 4G-LTE対応 プリペイド ESIMプラン Vietnam ハノイ ホーチミン esimカード (esim/7日間"", ""Vietnamobile: 【ベトナム SIMカード】20日間 Vietnamobile ベトナムプリペイドSIM 5GB/日利用可能 4G/3G対応 データ通信専用 ベトナム simカード (20日間 1枚)"", ""Viettel: 【Viettel純正品】ベトナム eSIM 5日間【高速データ1日5GB (合計最大25GB) 】5G-4G-LTE/テザリング 【データのみ】 プリペイド SIM Vietnam esim 5days"", ""Vietnamobile: 【ベトナム SIMカード】20日間 Vietnamobile ベトナムプリペイドSIM 5GB/日利用可能 4G/3G対応 データ通信専用 ベトナム simカード (20日間 1枚)"", ""MobiFone: 【Almond eSIM】 ベトナム 7日間 完全無制限 純正Mobifoneキャリア 当日発行可能 LINEで24時間サポート 出発前の接続テスト用 日本国内500MB eSIM付 4G-LTE対応 プリペイド ESIMプラン Vietnam ハノイ ホーチミン esimカード (esim/7日間"", ""Vietnamobile: 【ベトナム SIMカード】20日間 Vietnamobile ベトナムプリペイドSIM 5GB/日利用可能 4G/3G対応 データ通信専用 ベトナム simカード (20日間 1枚)"", ""MobiFone: 【Almond eSIM】 ベトナム 7日間 完全無制限 純正Mobifoneキャリア 当日発行可能 LINEで24時間サポート 出発前の接続テスト用 日本国内500MB eSIM付 4G-LTE対応 プリペイド ESIMプラン Vietnam ハノイ ホーチミン esimカード (esim/7日間"", ""MobiFone: Amazon.co.jp: 【Almond eSIM】 ベトナム 7日間 完全無制限 純正Mobifoneキャリア 当日発行可能 LINEで24時間サポート 出発前の接続テスト用 日本国内500MB eSIM付 4G-LTE対応 プリペイド ESIMプラン Vietnam ハノイ ホーチミン esi""], ""monthly_sold_count"": [""Amazon.co.jp: 【Almond eSIM】 ベトナム 7日間 完全無制限 純正Mobifoneキャリア 当日発行可能 LINEで24時間サポート 出発前の接続テスト用 日本国内500MB eSIM付 4G-LTE対応 プリペイド ESIMプラン Vietnam ハノイ ホーチミン esimカード (esim/7日間) : 家電＆カメラ 次に移動 ""], ""review_count"": [""detail_page: (14)""], ""bestseller_rank"": [""Amazon 売れ筋ランキング 家電＆カメラ - 4,369位 ( 家電＆カメラの売れ筋ランキングを見る ) プリペイドSIMカード - 45位""], ""title"": [""【Almond eSIM】 ベトナム 7日間 完全無制限 純正Mobifoneキャリア 当日発行可能 LINEで24時間サポート 出発前の接続テスト用 日本国内500MB eSIM付 4G-LTE対応 プリペイド ESIMプラン Vietnam ハノイ ホーチミン esimカード (esim/7日間)""]}"
amazon_jp,vn,【ベトナムeSIM 】5日間 高速データ無制限 4G/5G簡単設定 データ通信専用 日本語説明書付き esim対応端末のみ プリペイドeSIM べトナム,1180,58,,,50,,111,5일,5일,7일,unknown,5g_capable,,,"{""viettel"": null, ""vinaphone"": null, ""mobifone"": true, ""vietnamobile"": true}","{""skt"": null, ""kt"": null, ""lgu"": null}",unlimited,https://www.amazon.co.jp/%E3%80%90%E3%83%99%E3%83%88%E3%83%8A%E3%83%A0eSIM-%E9%AB%98%E9%80%9F%E3%83%87%E3%83%BC%E3%82%BF6GB-Mobifone%E3%83%8D%E3%83%83%E3%83%88%E5%86%85%E7%84%A1%E6%96%99%E9%80%9A%E8%A9%B1500%E5%88%86-esim%E5%AF%BE%E5%BF%9C%E7%AB%AF%E6%9C%AB%E3%81%AE%E3%81%BF-5%E6%97%A5%E9%96%93/dp/B0FQBL2H51,B0FQBL2H51,B0FQBL2H51,mewmewホーム eSIM,ＭＥＷＭＥＷホームのストアを表示,"{""price_jpy"": [""￥1,180""], ""usage_validity"": [""【ベトナムeSIM 】5日間 高速データ無制限 4G/5G簡単設定 データ通信専用 日本語説明書付き esim対応端末のみ プリペイドeSIM べトナム""], ""activation_validity"": [""【ベトナムSIMカード】 7日間 ビナフォン正規 高速データ無制限(速度低下なし) 受信専用番号付き 有効期限 / ご購入日より30日以内 (7日／SIMカード)""], ""data_amount"": [""【データ通信無制限】ベトナム全土で5G/4G高速データ通信が無制限に利用可能！現地大手キャリア回線を利用し、ベトナム主要都市から地方エリアまで幅広くカバー。""], ""network_type"": [""no_local_or_roaming_keyword_matched""], ""network_generation"": [""product_info_cellular_5g: source:product_info_cellular: 携帯電話技術 5G,4G""], ""carrier_support_local"": [""MobiFone: サービスプロバイダ Mobifone"", ""MobiFone: 【Almond eSIM】 ベトナム esim 高速データ通信 完全無制限 純正Mobifoneキャリア 当日発行可能 出発前日本テスト用eSIM500MB LINEで24時間サポート 4G-LTE対応 プリペイド ESIMプラン Vietnam ハ"", ""Vietnamobile: ベトナム SIMカード｜Vietnamobile 正規品｜20日間・毎日5GB 4G・3G接続 ｜24時間LINEサポート ベトナム プリペイドSIM ベトナム sim (10日間)"", ""MobiFone: 【Almond eSIM】 ベトナム 7日間 完全無制限 純正Mobifoneキャリア 当日発行可能 LINEで24時間サポート 出発前の接続テスト用 日本国内500MB eSIM付 4G-LTE対応 プリペイド ESIMプラン Vietnam ハノイ ホーチミン esimカード (esim/7日間"", ""MobiFone: 【ベトナム eSIM】6日間 完全無制限 純正Mobifoneキャリア｜配送待ち不要・QRコード即時送付｜高速データ通信 使い放題 ｜24時間LINEサポート ベトナム sim ベトナムeSIM"", ""Vietnamobile: 【ベトナム SIMカード】20日間 Vietnamobile ベトナムプリペイドSIM 5GB/日利用可能 4G/3G対応 データ通信専用 ベトナム simカード (20日間 1枚)"", ""MobiFone: 【ベトナム eSIM】4日間 完全無制限 純正Mobifoneキャリア｜配送待ち不要・QRコード即時送付｜高速データ通信 使い放題 ｜24時間LINEサポート ベトナム sim ベトナムeSIM"", ""MobiFone: Amazon.co.jp: 【ベトナムeSIM 】5日間 高速データ無制限 4G/5G簡単設定 データ通信専用 日本語説明書付き esim対応端末のみ プリペイドeSIM べトナム : 家電＆カメラ 次に移動 メインコンテンツ この商品について この商品について この商品について 購入オプション 類""], ""monthly_sold_count"": [""Amazon.co.jp: 【ベトナムeSIM 】5日間 高速データ無制限 4G/5G簡単設定 データ通信専用 日本語説明書付き esim対応端末のみ プリペイドeSIM べトナム : 家電＆カメラ 次に移動 メインコンテンツ この商品について この商品について この商品について 購入オプション 類似商品と比較する ビデオ レビュー キーボードショートカット""], ""review_count"": [""detail_page: (58)""], ""bestseller_rank"": [""Amazon 売れ筋ランキング 家電＆カメラ - 9,624位 ( 家電＆カメラの売れ筋ランキングを見る ) プリペイドSIMカード - 111位""], ""title"": [""【ベトナムeSIM 】5日間 高速データ無制限 4G/5G簡単設定 データ通信専用 日本語説明書付き esim対応端末のみ プリペイドeSIM べトナム""]}"
amazon_jp,vn,【Viettel純正品】ベトナム eSIM 5日間【高速データ1日5GB (合計最大25GB) 】5G-4G-LTE/テザリング 【データのみ】 プリペイド SIM Vietnam esim 5days,1422,14,,,,,142,5일,5일,30일,local,5g_capable,,,"{""viettel"": true, ""vinaphone"": true, ""mobifone"": true, ""vietnamobile"": true}","{""skt"": null, ""kt"": null, ""lgu"": null}",5GB/day,https://www.amazon.co.jp/%E3%80%90Viettel-%E7%B4%94%E6%AD%A3%E5%93%81%E3%80%91%E3%83%99%E3%83%88%E3%83%8A%E3%83%A0eSIM-5%E6%97%A5%E9%96%93%E3%80%90%E9%AB%98%E9%80%9F%E3%83%87%E3%83%BC%E3%82%BF1%E6%97%A55GB-%E5%90%88%E8%A8%88%E6%9C%80%E5%A4%A725GB-%E4%BD%8E%E9%80%9F%E3%83%87%E3%83%BC%E3%82%BF%E7%84%A1%E5%88%B6%E9%99%90%E3%80%914G-LTE/dp/B0DS9DV8HV,B0DS9DV8HV,B0DS9DV8HV,株式会社 Conversity,tabitsuのストアを表示,"{""price_jpy"": [""￥1,422""], ""usage_validity"": [""【Viettel純正品】ベトナム eSIM 5日間【高速データ1日5GB (合計最大25GB) 】5G-4G-LTE/テザリング 【データのみ】 プリペイド SIM Vietnam esim 5days""], ""activation_validity"": [""📍【日本語説明書付き】取扱説明書もしくはホームページより開通申請しますと、申請後12時間以内に設定用QRコードがメールにて届きます。⚠️QRコード受取日より30日以内に使用開始お願い致します。⚠️購入日数の数え始め：QRコードを読み込んだ日から（ベトナム時間基準）。""], ""data_amount"": [""📍1日5GBの高速（5G/4G/LTE）データ通信""], ""network_type"": [""【ベトナムeSIM】 5日間 高速データ無制限 電話番号付き 通話・SMS受信のみ可能 お急ぎの方即日対応(LINE相談受付中) 有効期限 / ご購入日より30日以内 ベトナムSIMカードタイプではありません"", ""【電話番号付き SMS 電話受信可】 SIMカード ベトナム ベトナムSIM ベトナム用SIM データ無制限 7日間 安心サポート 高速データ通信 返金保証 テザリング 海外SIM プリペイドSIM SIMフリー 留学 海外出張 海外旅行 ワーホリ"", ""score: local=15, roaming=0""], ""network_generation"": [""product_info_cellular_5g: source:product_info_cellular: 携帯電話技術 5G/4G/LTE 高速通信（1日5GB）"", ""product_info_cellular_4g_lte_signal_present_but_5g_capable_takes_precedence""], ""carrier_support_local"": [""Viettel: ⭐️ベトナム最大のキャリア、Viettelの【データ通信のみプラン】 ＜【国防省が運営する国有企業】なので広い範囲で安定したネットワーク！＞"", ""Viettel: 商品の説明 ブランド紹介 東京都三鷹市にて2018年創業。電波という見えない商品なので信頼性、対応スピード、気軽に運営に相談できる環境を大切にしております。 その為にも、弊社では現地の純正回線を取り扱います。 旅行＋通信＝旅を楽しもう！ ベトナム大手キャリアであるViettelの【大容量プラン】 ＜"", ""Viettel: サービスプロバイダ Viettel telecom"", ""Viettel: メーカー名 Viettel"", ""Viettel: Amazon.co.jp: 【Viettel純正品】ベトナム eSIM 5日間【高速データ1日5GB (合計最大25GB) 】5G-4G-LTE/テザリング 【データのみ】 プリペイド SIM Vietnam esim 5days : パソコン・周辺機器"", ""Viettel: 【Viettel純正品】ベトナム eSIM 5日間【高速データ1日5GB (合計最大25GB) 】5G-4G-LTE/テザリング 【データのみ】 プリペイド SIM Vietnam esim 5days"", ""Viettel: 【Viettel純正品】ベトナム eSIM 5日間【高速データ1日5GB (合計最大25GB) 】5G-4G-LTE/テザリング 【データのみ】 プリペイド SIM Vietnam esim 5days"", ""MobiFone: 【esim】ベトナムSIMカード完全無制限 【Mobifone正規回線】高速データ通信 当日発行可能 ベトナム esim Vietnam ESIM プリペイド SIMカード (5日間高速データ)"", ""Viettel: 【Viettel正規代理店】ベトナムeSIM 1日5GB高速通信 返金保証 3日間/7日間/10日間/15日間/30日間 テザリング対応 日本語サポート QRコード納品（7日間）"", ""MobiFone: 【Almond eSIM】 ベトナム esim 高速データ通信 完全無制限 純正Mobifoneキャリア 当日発行可能 出発前日本テスト用eSIM500MB LINEで24時間サポート 4G-LTE対応 プリペイド ESIMプラン Vietnam ハ"", ""VinaPhone: 【ベトナムSIMカード】電話番号つき発着信・SMS送信OK 毎日データ6GB 正規Vinaphone回線 (5日間/10日間/30日間）※※開通期限:ご購入から30日"", ""Vietnamobile: 【Almond SIM】 ベトナム 5日間 完全無制限 電話番号付き｜純正Vietnamobile キャリア ｜ホーチミン・ハノイなど 対応｜LINEで24時間サポート｜4G-LTE対応 プリペイドsim ｜Vietnam simカード (物理sim"", ""Viettel: viettel ベトナム SIMカード esim Vietnam"", ""Viettel: viettel ベトナム SIMカード esim Vietnam"", ""Viettel: viettel ベトナム SIMカード esim Vietnam"", ""Viettel: viettel ベトナム SIMカード esim Vietnam"", ""Viettel: 【Viettel純正品】ベトナム eSIM 5日間【高速データ1日5GB (合計最大25GB) 】5G-4G-LTE/テザリング 【データのみ】 プリペイド SIM Vietnam esim 5days"", ""MobiFone: 【Almond eSIM】 ベトナム 7日間 完全無制限 純正Mobifoneキャリア 当日発行可能 LINEで24時間サポート 出発前の接続テスト用 日本国内500MB eSIM付 4G-LTE対応 プリペイド ESIMプラン Vietnam ハノイ ホーチミン esimカード (esim/7日間"", ""MobiFone: 【ベトナム eSIM】高速データ無制限｜ Mobifone回線&5G高速通信&無料着信｜当日利用可能&90日間有効｜24時間安心＆丁寧サポート way2esim (7日間 無制限)"", ""Viettel: 【Viettel純正品】ベトナム eSIM 5日間【高速データ1日5GB (合計最大25GB) 】5G-4G-LTE/テザリング 【データのみ】 プリペイド SIM Vietnam esim 5days"", ""Viettel: Amazon.co.jp: 【Viettel純正品】ベトナム eSIM 5日間【高速データ1日5GB (合計最大25GB) 】5G-4G-LTE/テザリング 【データのみ】 プリペイド SIM Vietnam esim 5days : パソコン・周辺機器 次に移動 メインコンテンツ この商品について""], ""review_count"": [""detail_page: (14)""], ""bestseller_rank"": [""Amazon 売れ筋ランキング 家電＆カメラ - 11,826位 ( 家電＆カメラの売れ筋ランキングを見る ) プリペイドSIMカード - 142位""], ""title"": [""【Viettel純正品】ベトナム eSIM 5日間【高速データ1日5GB (合計最大25GB) 】5G-4G-LTE/テザリング 【データのみ】 プリペイド SIM Vietnam esim 5days""]}"
amazon_jp,vn,【ベトナム eSIM 】5日間 高速データ使い放題 データ通信専用 5G／4G対応,1150,179,,,,,275,5일,5일,90일,local,lte_4g_only,,,"{""viettel"": true, ""vinaphone"": null, ""mobifone"": true, ""vietnamobile"": true}","{""skt"": null, ""kt"": null, ""lgu"": null}",unlimited,https://www.amazon.co.jp/%E3%80%90%E3%83%99%E3%83%88%E3%83%8A%E3%83%A0-eSIM-%E9%AB%98%E9%80%9F%E3%83%87%E3%83%BC%E3%82%BF%E4%BD%BF%E3%81%84%E6%94%BE%E9%A1%8C-%E3%83%87%E3%83%BC%E3%82%BF%E9%80%9A%E4%BF%A1%E5%B0%82%E7%94%A8-5G%EF%BC%8F4G%E5%AF%BE%E5%BF%9C/dp/B0CWNQZ8Z6,B0CWNQZ8Z6,B0CWNQZ8Z6,Mewfi 正規販売店,mewfiのストアを表示,"{""price_jpy"": [""￥1,150""], ""usage_validity"": [""【ベトナム eSIM 】5日間 高速データ使い放題 データ通信専用 5G／4G対応""], ""activation_validity"": [""【有効期限】eSIMのQRコードを受け取ってから90日間有効です。有効期限内にご利用ください。注意中古eSIMカードの商品には保証が付きませんので、新品のeSIMカードを購入してください""], ""data_amount"": [""【ベトナムeSIM】ベトナムで高速データ通信を容量無制限でご利用いただけるeSIMです。現地ではMobiFone回線に接続し、地図検索、SNS、動画視聴、メッセージアプリなどもデータ残量を気にせずご利用いただけます。""], ""network_type"": [""【チョコSIM 定額（Sプラン）】【中国の電話番号付きでアプリや施設サービスのSMS認証が可能】【データ容量】合計500MB/月【音声】合計20分間/月 データ/音声/SMS付きSIMカード 中国SIM マカオSIM China unicom ※こちらのSIMカードは契約後、毎月の基本料が発生いたします。※2024年11月1日から台湾でのご利用はできなくなり"", ""【SKTelecoｍ公式認証】 韓国eSIM 3日間 (72時間) 電話番号付き 超高速データ無制限 最初の5分発信無料(韓国国内) お急ぎの方即時発行可(LINE相談受付中) 有効期限／ご購入日より120日以内 現地空港サポート(SKTelecomローミングセンター) SKテレコム正規品 韓国SIMカードタイプではありません"", ""score: local=6, roaming=0""], ""network_generation"": [""product_info_cellular_4g_lte: source:product_info_cellular: 携帯電話技術 LTE""], ""carrier_support_local"": [""MobiFone: 【ベトナムeSIM】ベトナムで高速データ通信を容量無制限でご利用いただけるeSIMです。現地ではMobiFone回線に接続し、地図検索、SNS、動画視聴、メッセージアプリなどもデータ残量を気にせずご利用いただけます。"", ""MobiFone: サービスプロバイダ mobifone"", ""Viettel: 【Viettel純正品】ベトナム eSIM 5日間【高速データ1日5GB (合計最大25GB) 】5G-4G-LTE/テザリング 【データのみ】 プリペイド SIM Vietnam esim 5days"", ""Vietnamobile: Vietnamobile ベトナムSIM｜利用期間20日間｜毎日5GB 高速データ通信｜4G/3G対応｜プリペイドSIMカード｜ベトナム旅行・出張向け 24時間サポート (5日間｜eSIM)"", ""Vietnamobile: 【ベトナム SIMカード】20日間 Vietnamobile ベトナムプリペイドSIM 5GB/日利用可能 4G/3G対応 データ通信専用 ベトナム simカード (20日間 1枚)"", ""MobiFone: 【Almond eSIM】 ベトナム 7日間 完全無制限 純正Mobifoneキャリア 当日発行可能 LINEで24時間サポート 出発前の接続テスト用 日本国内500MB eSIM付 4G-LTE対応 プリペイド ESIMプラン Vietnam ハノイ ホーチミン esimカード (esim/7日間"", ""Vietnamobile: ベトナム SIMカード｜Vietnamobile 正規品｜20日間・毎日5GB 4G・3G接続 ｜24時間LINEサポート ベトナム プリペイドSIM ベトナム sim (5日間)"", ""Viettel: 【Viettel純正品】ベトナム eSIM 5日間【高速データ1日5GB (合計最大25GB) 】5G-4G-LTE/テザリング 【データのみ】 プリペイド SIM Vietnam esim 5days""], ""review_count"": [""detail_page: (179)""], ""bestseller_rank"": [""Amazon 売れ筋ランキング 家電＆カメラ - 21,541位 ( 家電＆カメラの売れ筋ランキングを見る ) プリペイドSIMカード - 275位""], ""title"": [""【ベトナム eSIM 】5日間 高速データ使い放題 データ通信専用 5G／4G対応""]}"
amazon_jp,vn,【Almond SIM】 ベトナム 10日間 完全無制限 電話番号付き｜純正Vietnamobile キャリア ｜ホーチミン・ハノイなど 対応｜LINEで24時間サポート｜4G-LTE対応 プリペイドsim ｜Vietnam simカード (物理sim/10日間),880,4,,,,,45,7일,7일,10일,local,lte_4g_only,,,"{""viettel"": null, ""vinaphone"": null, ""mobifone"": true, ""vietnamobile"": true}","{""skt"": null, ""kt"": null, ""lgu"": null}",unlimited,https://www.amazon.co.jp/10%E6%97%A5%E9%96%93-%E9%9B%BB%E8%A9%B1%E7%95%AA%E5%8F%B7%E4%BB%98%E3%81%8D%EF%BD%9C%E7%B4%94%E6%AD%A3Vietnamobile-%EF%BD%9C%E3%83%9B%E3%83%BC%E3%83%81%E3%83%9F%E3%83%B3%E3%83%BB%E3%83%8F%E3%83%8E%E3%82%A4%E3%81%AA%E3%81%A9-%E5%AF%BE%E5%BF%9C%EF%BD%9CLINE%E3%81%A724%E6%99%82%E9%96%93%E3%82%B5%E3%83%9D%E3%83%BC%E3%83%88%EF%BD%9C4G-LTE%E5%AF%BE%E5%BF%9C-%E7%89%A9%E7%90%86sim/dp/B0GR4SW6PD,B0GR4SW6PD,B0GR4SW6PD,株式会社ビッグコネクト,bigconnectのストアを表示,"{""price_jpy"": [""￥880""], ""usage_validity"": [""【ベトナムSIMカード】 7日間 ビナフォン正規 高速データ無制限(速度低下なし) 受信専用番号付き 有効期限 / ご購入日より30日以内 (7日／SIMカード)""], ""activation_validity"": [""【Almond SIM】 ベトナム 10日間 完全無制限 電話番号付き｜純正Vietnamobile キャリア ｜ホーチミン・ハノイなど 対応｜LINEで24時間サポート｜4G-LTE対応 プリペイドsim ｜Vietnam simカード (物理sim/10日間)""], ""data_amount"": [""【データプラン】ベトナムで利用可能なプリペイドSIMカード。※高速データ容量は無制限。ただし、一日のデータ使用量が5GBを超えた場合、キャリアの公平使用ポリシーに基づき、その日の24時まで速度制限がかかる可能性がありますが、翌日の0時以降には制限が解除されます。受信可能の電話番号付き（発信不可）、本人確認やSIMカード認証は不要です。本SIMカードは3 in""], ""network_type"": [""【Almond SIM】 ベトナム 10日間 完全無制限 電話番号付き｜純正Vietnamobile キャリア ｜ホーチミン・ハノイなど 対応｜LINEで24時間サポート｜4G-LTE対応 プリペイドsim ｜Vietnam simカード (物理sim/10日間)"", ""【データプラン】ベトナムで利用可能なプリペイドSIMカード。※高速データ容量は無制限。ただし、一日のデータ使用量が5GBを超えた場合、キャリアの公平使用ポリシーに基づき、その日の24時まで速度制限がかかる可能性がありますが、翌日の0時以降には制限が解除されます。受信可能の電話番号付き（発信不可）、本人確認やSIMカード認証は不要です。本SIMカードは3 in"", ""score: local=24, roaming=0""], ""network_generation"": [""product_info_cellular_4g_lte: source:product_info_cellular: 携帯電話技術 LTE""], ""carrier_support_local"": [""Vietnamobile: サービスプロバイダ Vietnamobile"", ""Vietnamobile: Amazon.co.jp: 【Almond SIM】 ベトナム 10日間 完全無制限 電話番号付き｜純正Vietnamobile キャリア ｜ホーチミン・ハノイなど 対応｜LINEで24時間サポート｜4G-LTE対応 プリペイドsim ｜Vietnam simカード (物理sim/10日間) : 家"", ""Vietnamobile: 【Almond SIM】 ベトナム 10日間 完全無制限 電話番号付き｜純正Vietnamobile キャリア ｜ホーチミン・ハノイなど 対応｜LINEで24時間サポート｜4G-LTE対応 プリペイドsim ｜Vietnam simカード (物理sim/10日間)"", ""Vietnamobile: 【Almond SIM】 ベトナム 10日間 完全無制限 電話番号付き｜純正Vietnamobile キャリア ｜ホーチミン・ハノイなど 対応｜LINEで24時間サポート｜4G-LTE対応 プリペイドsim ｜Vietnam simカード (物理si"", ""Vietnamobile: ベトナム SIMカード｜Vietnamobile 正規品｜20日間・毎日5GB 4G・3G接続 ｜24時間LINEサポート ベトナム プリペイドSIM ベトナム sim (10日間)"", ""Vietnamobile: Vietnamobile ベトナムSIM｜利用期間20日間｜毎日5GB 高速データ通信｜4G/3G対応｜プリペイドSIMカード｜ベトナム旅行・出張向け 24時間サポート (20日間)"", ""Vietnamobile: 【Almond SIM】 ベトナム 10日間 完全無制限 電話番号付き｜純正Vietnamobile キャリア ｜ホーチミン・ハノイなど 対応｜LINEで24時間サポート｜4G-LTE対応 プリペイドsim ｜Vietnam simカード (物理sim/10日間)"", ""MobiFone: 【esim】4日間 ベトナム esim 完全無制限 【Mobifone正規回線】 高速データ使い放題 当日発行可能・メールで即時受取 ベトナムesim 24時間LINEサポート ベトナム sim"", ""Vietnamobile: 【Almond SIM】 ベトナム 10日間 完全無制限 電話番号付き｜純正Vietnamobile キャリア ｜ホーチミン・ハノイなど 対応｜LINEで24時間サポート｜4G-LTE対応 プリペイドsim ｜Vietnam simカード (物理sim/10日間)"", ""Vietnamobile: Amazon.co.jp: 【Almond SIM】 ベトナム 10日間 完全無制限 電話番号付き｜純正Vietnamobile キャリア ｜ホーチミン・ハノイなど 対応｜LINEで24時間サポート｜4G-LTE対応 プリペイドsim ｜Vietnam simカード (物理sim/10日間) : 家""], ""review_count"": [""detail_page: (4)""], ""bestseller_rank"": [""Amazon 売れ筋ランキング 家電＆カメラ - 4,369位 ( 家電＆カメラの売れ筋ランキングを見る ) プリペイドSIMカード - 45位""], ""title"": [""【Almond SIM】 ベトナム 10日間 完全無制限 電話番号付き｜純正Vietnamobile キャリア ｜ホーチミン・ハノイなど 対応｜LINEで24時間サポート｜4G-LTE対応 プリペイドsim ｜Vietnam simカード (物理sim/10日間)""]}"
amazon_jp,vn,【ベトナムesim】6日間 高速データ通信無制限 実名登録不要 QR簡単設定 メール登録で納品 即日発行対応 急ぎの方LINEサポートあり ベトナム sim ベトナム esim マグロesim,1161,4,,,,,311,6일,6일,7일,unknown,5g_capable,,,"{""viettel"": null, ""vinaphone"": null, ""mobifone"": true, ""vietnamobile"": true}","{""skt"": null, ""kt"": null, ""lgu"": null}",unlimited,https://www.amazon.co.jp/%E3%80%90%E3%83%99%E3%83%88%E3%83%8A%E3%83%A0esim%E3%80%916%E6%97%A5%E9%96%93-%E9%AB%98%E9%80%9F%E3%83%87%E3%83%BC%E3%82%BF%E9%80%9A%E4%BF%A1%E7%84%A1%E5%88%B6%E9%99%90-%E3%83%A1%E3%83%BC%E3%83%AB%E7%99%BB%E9%8C%B2%E3%81%A7%E7%B4%8D%E5%93%81-%E6%80%A5%E3%81%8E%E3%81%AE%E6%96%B9LINE%E3%82%B5%E3%83%9D%E3%83%BC%E3%83%88%E3%81%82%E3%82%8A-%E3%83%9E%E3%82%B0%E3%83%ADesim/dp/B0GGB8DZ5G,B0GGB8DZ5G,B0GGB8DZ5G,マグロeSIM,マグロeSIMのストアを表示,"{""price_jpy"": [""￥1,161""], ""usage_validity"": [""【ベトナムesim】6日間 高速データ通信無制限 実名登録不要 QR簡単設定 メール登録で納品 即日発行対応 急ぎの方LINEサポートあり ベトナム sim ベトナム esim マグロesim""], ""activation_validity"": [""【ベトナムSIMカード】 7日間 ビナフォン正規 高速データ無制限(速度低下なし) 受信専用番号付き 有効期限 / ご購入日より30日以内 (7日／SIMカード)""], ""data_amount"": [""【特徴①】Mobifone純正回線を使用した高速データ通信とテザリング対応で、コスパ抜群！6日間の無制限高速通信で快適にお使いいただけます。さらに、日本国内で使用できる500MBのデータも含まれており、詳しい情報は、予約後にお送りするメールの説明書をご確認ください。""], ""network_type"": [""local_signal: 【ベトナム eSIM】高速データ通信 純正Mobifoneキャリア 無料着信・SMS受信対応 電話番号付き 当日発行可能&180日間有効 LINEで24時間サポート ハノイsimカード 旅行出張 way2esim (5日間)"", ""roaming_signal: 商品の説明 購入前にご注意！ 注意事項①：ご購入後、商品画像に記載されたURLにアクセスし必要事項を入力→メールアドレスにPDFの説明書とeSIMのQRコードが届きます！ 注意事項②：SIMロックフリー端末、もしくはSIMフリー端末専用のサービスです。必ず、ご利用端末がeSIM対応かどうかご確認ください。 注意事項③：eSIM対応端末のみ利用可能。※通信キャ"", ""insufficient_or_conflicting_signals(local=6, roaming=3)""], ""network_generation"": [""product_info_cellular_5g: source:product_info_cellular: 携帯電話技術 5G""], ""carrier_support_local"": [""MobiFone: 【特徴①】Mobifone純正回線を使用した高速データ通信とテザリング対応で、コスパ抜群！6日間の無制限高速通信で快適にお使いいただけます。さらに、日本国内で使用できる500MBのデータも含まれており、詳しい情報は、予約後にお送りするメールの説明書をご確認ください。"", ""MobiFone: サービスプロバイダ Mobifone"", ""MobiFone: 【Almond eSIM】 ベトナム 7日間 完全無制限 純正Mobifoneキャリア 当日発行可能 LINEで24時間サポート 出発前の接続テスト用 日本国内500MB eSIM付 4G-LTE対応 プリペイド ESIMプラン Vietnam ハノイ ホーチミン esimカード (esim/7日間"", ""Vietnamobile: 【ベトナム SIMカード】20日間 Vietnamobile ベトナムプリペイドSIM 5GB/日利用可能 4G/3G対応 データ通信専用 ベトナム simカード (20日間 1枚)"", ""MobiFone: 【Almond eSIM】 ベトナム 7日間 完全無制限 純正Mobifoneキャリア 当日発行可能 LINEで24時間サポート 出発前の接続テスト用 日本国内500MB eSIM付 4G-LTE対応 プリペイド ESIMプラン Vietnam ハノイ ホーチミン esimカード (esim/7日間"", ""MobiFone: 【ベトナム eSIM】高速データ通信 純正Mobifoneキャリア 無料着信・SMS受信対応 電話番号付き 当日発行可能&180日間有効 LINEで24時間サポート ハノイsimカード 旅行出張 way2esim (5日間)""], ""review_count"": [""detail_page: (4)""], ""bestseller_rank"": [""Amazon 売れ筋ランキング 家電＆カメラ - 24,979位 ( 家電＆カメラの売れ筋ランキングを見る ) プリペイドSIMカード - 311位""], ""title"": [""【ベトナムesim】6日間 高速データ通信無制限 実名登録不要 QR簡単設定 メール登録で納品 即日発行対応 急ぎの方LINEサポートあり ベトナム sim ベトナム esim マグロesim""]}"
amazon_jp,vn,お得な2枚セット Vietnamobile ベトナムプリペイドSIM 4G・3G 20日利用 データ容量80GB,1180,127,,,,,710,20일,20일,31일,local,lte_4g_only,,,"{""viettel"": null, ""vinaphone"": null, ""mobifone"": true, ""vietnamobile"": true}","{""skt"": null, ""kt"": null, ""lgu"": null}",4GB/day,https://www.amazon.co.jp/%E3%81%8A%E5%BE%97%E3%81%AA2%E6%9E%9A%E3%82%BB%E3%83%83%E3%83%88-Vietnamobile-%E3%83%99%E3%83%88%E3%83%8A%E3%83%A0%E3%83%97%E3%83%AA%E3%83%9A%E3%82%A4%E3%83%89SIM-4G%E3%83%BB3G-%E3%83%87%E3%83%BC%E3%82%BF%E5%AE%B9%E9%87%8F120GB/dp/B07N63VN3X,B07N63VN3X,B07N63VN3X,株式会社ビッグコネクト,mewfiのストアを表示,"{""price_jpy"": [""￥1,180""], ""usage_validity"": [""お得な2枚セット Vietnamobile ベトナムプリペイドSIM 4G・3G 20日利用 データ容量80GB""], ""activation_validity"": [""SIMカード有効期限：2026年7月31日。■ベトナムにて利用できる データ専用プリペイドSIMカード""], ""data_amount"": [""■利用出来るのはSIM Freeスマートフォン・タブレット・Wi-Fiルーターとなります。 ■SIMサイズ：標準・micro・nanoサイズに対応 ■テザリング利用可能 ■データ通信量：1日4GBまで高速利用可能。 ※4GBを超えると通信速度が128kbpsへ速度低下となりますが止まる事はありません。""], ""network_type"": [""【チョコSIM 定額（Sプラン）】【中国の電話番号付きでアプリや施設サービスのSMS認証が可能】【データ容量】合計500MB/月【音声】合計20分間/月 データ/音声/SMS付きSIMカード 中国SIM マカオSIM China unicom ※こちらのSIMカードは契約後、毎月の基本料が発生いたします。※2024年11月1日から台湾でのご利用はできなくなり"", ""【SKTelecoｍ公式認証】 韓国eSIM 3日間 (72時間) 電話番号付き 超高速データ無制限 最初の5分発信無料(韓国国内) お急ぎの方即時発行可(LINE相談受付中) 有効期限／ご購入日より120日以内 現地空港サポート(SKTelecomローミングセンター) SKテレコム正規品 韓国SIMカードタイプではありません"", ""score: local=6, roaming=0""], ""network_generation"": [""product_info_cellular_4g_lte: source:product_info_cellular: 携帯電話技術 4G, 3G""], ""carrier_support_local"": [""Vietnamobile: Amazon.co.jp: お得な2枚セット Vietnamobile ベトナムプリペイドSIM 4G・3G 20日利用 データ容量80GB : 家電＆カメラ"", ""Vietnamobile: お得な2枚セット Vietnamobile ベトナムプリペイドSIM 4G・3G 20日利用 データ容量80GB"", ""Vietnamobile: Vietnamobile ベトナムプリペイドSIM 4G・3G 20日利用"", ""Vietnamobile: Vietnamobile ベトナムプリペイドSIM 4G・3G 20日利用 データ容量80GB"", ""Vietnamobile: 【ベトナム SIMカード】20日間 Vietnamobile ベトナムプリペイドSIM 5GB/日利用可能 4G/3G対応 データ通信専用 ベトナム simカード (20日間 1枚)"", ""MobiFone: 【Almond eSIM】 ベトナム 7日間 完全無制限 純正Mobifoneキャリア 当日発行可能 LINEで24時間サポート 出発前の接続テスト用 日本国内500MB eSIM付 4G-LTE対応 プリペイド ESIMプラン Vietnam ハノイ ホーチミン esimカード (esim/7日間"", ""Vietnamobile: Vietnamobile ベトナムSIM｜利用期間20日間｜毎日5GB 高速データ通信｜4G/3G対応｜プリペイドSIMカード｜ベトナム旅行・出張向け 24時間サポート (20日間)"", ""Vietnamobile: 【ベトナム SIMカード】20日間 Vietnamobile ベトナムプリペイドSIM 5GB/日利用可能 4G/3G対応 データ通信専用 ベトナム simカード (20日間 1枚)"", ""Vietnamobile: お得な2枚セット Vietnamobile ベトナムプリペイドSIM 4G・3G 20日利用 データ容量80GB"", ""Vietnamobile: ベトナム SIMカード｜Vietnamobile 正規品｜20日間・毎日5GB 4G・3G接続 ｜24時間LINEサポート ベトナム プリペイドSIM ベトナム sim (6日間)"", ""MobiFone: 【Almond eSIM】 ベトナム 5日間 完全無制限 純正Mobifoneキャリア 当日発行可能 LINEで24時間サポート 出発前の接続テスト用 日本国内500MB eSIM付 4G-LTE対応 プリペイド ESIMプラン Vietnam ハノイ ホーチミン esimカード (esim/5日間"", ""Vietnamobile: 【ベトナム SIMカード】20日間 Vietnamobile ベトナムプリペイドSIM 5GB/日利用可能 4G/3G対応 データ通信専用 ベトナム simカード (20日間 1枚)"", ""Vietnamobile: お得な2枚セット Vietnamobile ベトナムプリペイドSIM 4G・3G 20日利用 データ容量80GB"", ""Vietnamobile: Amazon.co.jp: お得な2枚セット Vietnamobile ベトナムプリペイドSIM 4G・3G 20日利用 データ容量80GB : 家電＆カメラ 次に移動 メインコンテンツ この商品について この商品について この商品について 購入オプション 類似商品と比較する ビデオ レビュー キー""], ""review_count"": [""detail_page: (127)""], ""bestseller_rank"": [""Amazon 売れ筋ランキング 家電＆カメラ - 69,822位 ( 家電＆カメラの売れ筋ランキングを見る ) プリペイドSIMカード - 710位""], ""title"": [""お得な2枚セット Vietnamobile ベトナムプリペイドSIM 4G・3G 20日利用 データ容量80GB""]}"
amazon_jp,vn,【ベトナムeSIM】5日間 データ通信使い放題 データ通信専用 4G/5G対応 年中無休·24時間サポートメール登録で納品 ベトナム SIM mewfi,1150,42,,,,,305,5일,5일,30일,local,5g_capable,,,"{""viettel"": null, ""vinaphone"": null, ""mobifone"": true, ""vietnamobile"": true}","{""skt"": null, ""kt"": null, ""lgu"": null}",unlimited,https://www.amazon.co.jp/%E9%AB%98%E9%80%9F%E3%83%87%E3%83%BC%E3%82%BF6GB-%E7%8F%BE%E5%9C%B0%E9%80%9A%E8%A9%B1%E4%BB%98%E3%81%8D-Mobifone-%E3%83%A1%E3%83%BC%E3%83%AB%E7%99%BB%E9%8C%B2%E3%81%A7%E7%B4%8D%E5%93%81-mewfi/dp/B0DJQXB1ST,B0DJQXB1ST,B0DJQXB1ST,Mewfi 正規販売店,mewfiのストアを表示,"{""price_jpy"": [""￥1,150""], ""usage_validity"": [""【ベトナムeSIM】5日間 データ通信使い放題 データ通信専用 4G/5G対応 年中無休·24時間サポートメール登録で納品 ベトナム SIM mewfi""], ""activation_validity"": [""【ベトナムSIMカード】7日間 ビナフォン正規品 データ無制限(速度低下なし) 受信専用番号付き 有効期限 / ご購入日より30日以内""], ""data_amount"": [""【ベトナムeSIM】ベトナムeSIMでは、高速データ通信を無制限でご利用いただけます。データ通信専用のため、電話番号は付与されません。""], ""network_type"": [""【ベトナムSIMカード】5日間 高速データ通信 無制限(速度低下なし) データ通信専用 | 4G/5G対応 ベトナム現地通信回線 mewfi"", ""【ベトナムSIMカード】5日間 高速データ通信 無制限(速度低下なし) データ通信専用 | 4G/5G対応 ベトナム現地通信回線 mewfi"", ""score: local=12, roaming=0""], ""network_generation"": [""product_info_cellular_5g: source:product_info_cellular: 携帯電話技術 5G/4G""], ""carrier_support_local"": [""MobiFone: サービスプロバイダ Mobifone"", ""MobiFone: 【Almond eSIM】 ベトナム esim 高速データ通信 完全無制限 純正Mobifoneキャリア 当日発行可能 出発前日本テスト用eSIM500MB LINEで24時間サポート 4G-LTE対応 プリペイド ESIMプラン Vietnam ハ"", ""MobiFone: 【ベトナム eSIM】 (5日間) プリペイド eSIM 高速データ通信無制限 純正Mobifoneキャリア 当日発行可能 説明書付き LINEで24時間サポート 4G/5G-LTE対応 ハノイsimカードway2esim"", ""Vietnamobile: ベトナム SIMカード｜Vietnamobile 正規品｜20日間・毎日5GB 4G・3G接続 ｜24時間LINEサポート ベトナム プリペイドSIM ベトナム sim (10日間)""], ""review_count"": [""detail_page: (42)""], ""bestseller_rank"": [""Amazon 売れ筋ランキング 家電＆カメラ - 24,408位 ( 家電＆カメラの売れ筋ランキングを見る ) プリペイドSIMカード - 305位""], ""title"": [""【ベトナムeSIM】5日間 データ通信使い放題 データ通信専用 4G/5G対応 年中無休·24時間サポートメール登録で納品 ベトナム SIM mewfi""]}"
amazon_jp,vn,Vietnamobile ベトナムプリペイドSIM 4G・3G 20日利用 データ容量80GB,646,567,,,,,368,20일,20일,20일,unknown,lte_4g_only,,,"{""viettel"": null, ""vinaphone"": null, ""mobifone"": true, ""vietnamobile"": true}","{""skt"": null, ""kt"": null, ""lgu"": null}",4GB/day,https://www.amazon.co.jp/MAXSIM-Vietnamobile-%E3%83%99%E3%83%88%E3%83%8A%E3%83%A0%E3%83%97%E3%83%AA%E3%83%9A%E3%82%A4%E3%83%89SIM-4G%E3%83%BB3G-30%E6%97%A5%E5%88%A9%E7%94%A8-%E3%83%87%E3%83%BC%E3%82%BF%E5%AE%B9%E9%87%8F120GB/dp/B07B69PKZD,B07B69PKZD,B07B69PKZD,株式会社ビッグコネクト,ブランド: MAXSIM,"{""price_jpy"": [""￥646""], ""usage_validity"": [""Vietnamobile ベトナムプリペイドSIM 4G・3G 20日利用 データ容量80GB""], ""activation_validity"": [""利用期間：ベトナムにて電波を受信後、20日 。""], ""data_amount"": [""■利用出来るのはSIM Freeスマートフォン・タブレット・Wi-Fiルーターとなります。 ■SIMサイズ：標準・micro・nanoサイズに対応 ■テザリング利用可能 ■データ通信量：1日4GBまで高速利用可能。 ※4GBを超えると通信速度が128kbpsへ速度低下となりますが止まる事はありません。""], ""network_type"": [""local_signal: 【Almond SIM】 ベトナム 5日間 完全無制限 電話番号付き｜純正Vietnamobile キャリア ｜ホーチミン・ハノイなど 対応｜LINEで24時間サポート｜4G-LTE対応 プリペイドsim ｜Vietnam simカード (物理sim/5日間)"", ""roaming_signal: 商品の説明 Vietnamobile ベトナムプリペイドSIM 4G・3G 30日利用 ●キャリア：Vietnamobile ●利用出来るのはSIM Freeスマートフォン・タブレット・Wi-Fiルーターとなります。 4G：ホーチミン・ハノイ・ダナン、3G：ハロン湾・フエ・ホイアン・ブンタウ・カオバン・ムイネー・サパ等 ※上記以外の地域では2G接続通信での接"", ""insufficient_or_conflicting_signals(local=9, roaming=3)""], ""network_generation"": [""product_info_cellular_4g_lte: source:product_info_cellular: 携帯電話技術 LTE, UMTS""], ""carrier_support_local"": [""Vietnamobile: Vietnamobile ベトナムプリペイドSIM 4G・3G SIMカード。■SIMカード有効期限：2023年8月末。"", ""Vietnamobile: 商品の説明 Vietnamobile ベトナムプリペイドSIM 4G・3G 30日利用 ●キャリア：Vietnamobile ●利用出来るのはSIM Freeスマートフォン・タブレット・Wi-Fiルーターとなります。 4G：ホーチミン・ハノイ・ダナン、3G：ハロン湾・フエ・ホイアン・ブンタウ・カオバ"", ""Vietnamobile: サービスプロバイダ Vietnamobile"", ""Vietnamobile: Amazon.co.jp: Vietnamobile ベトナムプリペイドSIM 4G・3G 20日利用 データ容量80GB : 家電＆カメラ"", ""Vietnamobile: Vietnamobile ベトナムプリペイドSIM 4G・3G 20日利用 データ容量80GB"", ""Vietnamobile: 【Almond SIM】 ベトナム 5日間 完全無制限 電話番号付き｜純正Vietnamobile キャリア ｜ホーチミン・ハノイなど 対応｜LINEで24時間サポート｜4G-LTE対応 プリペイドsim ｜Vietnam simカード (物理sim/5日間)"", ""Vietnamobile: お得な2枚セット Vietnamobile ベトナムプリペイドSIM 4G・3G 20日利用 データ容量80GB"", ""Vietnamobile: Vietnamobile ベトナムSIM｜利用期間20日間｜毎日5GB 高速データ通信｜4G/3G対応｜プリペイドSIMカード｜ベトナム旅行・出張向け 24時間サポート (20日間)"", ""Vietnamobile: 【ベトナム SIMカード】20日間 Vietnamobile ベトナムプリペイドSIM 5GB/日利用可能 4G/3G対応 データ通信専用 ベトナム simカード (20日間 1枚)"", ""Vietnamobile: 【ベトナム SIMカード】20日間 Vietnamobile ベトナムプリペイドSIM 5GB/日利用可能 4G/3G対応 データ通信専用 ベトナム simカード (20日間 1枚)"", ""Vietnamobile: Vietnamobile ベトナムプリペイドSIM 4G・3G 20日利用 データ容量80GB"", ""MobiFone: 【Almond eSIM】 ベトナム 7日間 完全無制限 純正Mobifoneキャリア 当日発行可能 LINEで24時間サポート 出発前の接続テスト用 日本国内500MB eSIM付 4G-LTE対応 プリペイド ESIMプラン Vietnam ハノイ ホーチミン esimカード (esim/7日間"", ""MobiFone: 【esim】4日間 ベトナム esim 完全無制限 【Mobifone正規回線】 高速データ使い放題 当日発行可能・メールで即時受取 ベトナムesim 24時間LINEサポート ベトナム sim"", ""Vietnamobile: お得な2枚セット Vietnamobile ベトナムプリペイドSIM 4G・3G 20日利用 データ容量80GB"", ""Vietnamobile: 【ベトナム SIMカード】20日間 Vietnamobile ベトナムプリペイドSIM 5GB/日利用可能 4G/3G対応 データ通信専用 ベトナム simカード (20日間 1枚)"", ""Vietnamobile: Vietnamobile ベトナムプリペイドSIM 4G・3G 20日利用 データ容量80GB"", ""Vietnamobile: Amazon.co.jp: Vietnamobile ベトナムプリペイドSIM 4G・3G 20日利用 データ容量80GB : 家電＆カメラ 次に移動 メインコンテンツ この商品について この商品について この商品について 購入オプション 類似商品と比較する ビデオ レビュー キーボードショートカッ""], ""review_count"": [""detail_page: (567)""], ""bestseller_rank"": [""Amazon 売れ筋ランキング 家電＆カメラ - 30,530位 ( 家電＆カメラの売れ筋ランキングを見る ) プリペイドSIMカード - 368位""], ""title"": [""Vietnamobile ベトナムプリペイドSIM 4G・3G 20日利用 データ容量80GB""]}"
amazon_jp,vn,【esim】ベトナムSIMカード完全無制限 【Mobifone正規回線】高速データ通信 当日発行可能 ベトナム esim Vietnam ESIM プリペイド SIMカード (5日間高速データ),1180,16,,,,,122,5일,5일,90일,local,lte_4g_only,,,"{""viettel"": true, ""vinaphone"": null, ""mobifone"": true, ""vietnamobile"": true}","{""skt"": null, ""kt"": null, ""lgu"": null}",6GB/day,https://www.amazon.co.jp/%E3%80%90esim%E3%80%91%E3%83%99%E3%83%88%E3%83%8A%E3%83%A0SIM%E3%82%AB%E3%83%BC%E3%83%89-%E3%80%90Vietnamobile%E3%80%91%E9%AB%98%E9%80%9F%E3%83%87%E3%83%BC%E3%82%BF%E9%80%9A%E4%BF%A1-%E5%8F%97%E4%BF%A1%E5%B0%82%E7%94%A8%E7%95%AA%E5%8F%B7%E4%BB%98%E3%81%8D-%E3%83%99%E3%83%88%E3%83%8A%E3%83%A0%E3%83%97%E3%83%AA%E3%83%9A%E3%82%A4%E3%83%89sim%E3%82%AB%E3%83%BC%E3%83%89-5%E6%97%A5%E9%96%93%E9%AB%98%E9%80%9F%E3%83%87%E3%83%BC%E3%82%BF/dp/B0DH35T71Z,B0DH35T71Z,B0DH35T71Z,Global Simcard,アーモンド　ＳＩｍ　ｃａｒｄのストアを表示,"{""price_jpy"": [""￥1,180""], ""usage_validity"": [""【esim】ベトナムSIMカード完全無制限 【Mobifone正規回線】高速データ通信 当日発行可能 ベトナム esim Vietnam ESIM プリペイド SIMカード (5日間高速データ)""], ""activation_validity"": [""⭐【有効期限】eSIMのQRコード発行日から90日以内にご利用ください。""], ""data_amount"": [""⭐【データ容量】データは無制限ですが、1日あたり6GBを超えると速度が128kbpsに制限されます。制限は現地時間0時にリセットされます。※一部地域では電波が届かない場合があります。""], ""network_type"": [""【ベトナム eSIM】高速データ通信 純正Mobifoneキャリア 無料着信・SMS受信対応 電話番号付き 当日発行可能&180日間有効 LINEで24時間サポート ハノイsimカード 旅行出張 way2esim (5日間)"", ""【チョコSIM 定額（Sプラン）】【中国の電話番号付きでアプリや施設サービスのSMS認証が可能】【データ容量】合計500MB/月【音声】合計20分間/月 データ/音声/SMS付きSIMカード 中国SIM マカオSIM China unicom ※こちらのSIMカードは契約後、毎月の基本料が発生いたします。※2024年11月1日から台湾でのご利用はできなくなり"", ""score: local=9, roaming=0""], ""network_generation"": [""product_info_cellular_4g_lte: source:product_info_cellular: 携帯電話技術 LTE""], ""carrier_support_local"": [""MobiFone: サービスプロバイダ Mobifone"", ""MobiFone: Amazon.co.jp: 【esim】ベトナムSIMカード完全無制限 【Mobifone正規回線】高速データ通信 当日発行可能 ベトナム esim Vietnam ESIM プリペイド SIMカード (5日間高速データ) : 家電＆カメラ"", ""MobiFone: 【esim】ベトナムSIMカード完全無制限 【Mobifone正規回線】高速データ通信 当日発行可能 ベトナム esim Vietnam ESIM プリペイド SIMカード (5日間高速データ)"", ""MobiFone: 【Almond eSIM】 ベトナム 7日間 完全無制限 純正Mobifoneキャリア 当日発行可能 LINEで24時間サポート 出発前の接続テスト用 日本国内500MB eSIM付 4G-LTE対応 プリペイド ESIMプラン Vietnam ハノイ ホーチミン esimカード (esim/7日間"", ""Viettel: 【Viettel純正品】ベトナム eSIM 7日間【高速データ1日5GB (合計最大35GB) 】5G-4G-LTE/テザリング 【データのみ】 プリペイド SIM Vietnam esim 7days"", ""Vietnamobile: Vietnamobile ベトナムSIM｜利用期間20日間｜毎日5GB 高速データ通信｜4G/3G対応｜プリペイドSIMカード｜ベトナム旅行・出張向け 24時間サポート (5日間｜eSIM)"", ""Vietnamobile: 【ベトナム SIMカード】20日間 Vietnamobile ベトナムプリペイドSIM 5GB/日利用可能 4G/3G対応 データ通信専用 ベトナム simカード (20日間 1枚)"", ""MobiFone: 【esim】ベトナムSIMカード完全無制限 【Mobifone正規回線】高速データ通信 当日発行可能 ベトナム esim Vietnam ESIM プリペイド SIMカード (5日間高速データ)"", ""Viettel: 【Viettel純正品】ベトナム eSIM 7日間【高速データ1日5GB (合計最大35GB) 】5G-4G-LTE/テザリング 【データのみ】 プリペイド SIM Vietnam esim 7days"", ""MobiFone: 【Almond eSIM】 ベトナム 5日間 完全無制限 純正Mobifoneキャリア 当日発行可能 LINEで24時間サポート 出発前の接続テスト用 日本国内500MB eSIM付 4G-LTE対応 プリペイド ESIMプラン Vietnam ハノイ ホーチミン esimカード (esim/5日間"", ""MobiFone: 【ベトナム eSIM】高速データ通信 純正Mobifoneキャリア 無料着信・SMS受信対応 電話番号付き 当日発行可能&180日間有効 LINEで24時間サポート ハノイsimカード 旅行出張 way2esim (5日間)"", ""MobiFone: 【esim】ベトナムSIMカード完全無制限 【Mobifone正規回線】高速データ通信 当日発行可能 ベトナム esim Vietnam ESIM プリペイド SIMカード (5日間高速データ)"", ""MobiFone: Amazon.co.jp: 【esim】ベトナムSIMカード完全無制限 【Mobifone正規回線】高速データ通信 当日発行可能 ベトナム esim Vietnam ESIM プリペイド SIMカード (5日間高速データ) : 家電＆カメラ 次に移動 メインコンテンツ この商品について この商品につ""], ""review_count"": [""detail_page: (16)""], ""bestseller_rank"": [""Amazon 売れ筋ランキング 家電＆カメラ - 10,286位 ( 家電＆カメラの売れ筋ランキングを見る ) プリペイドSIMカード - 122位""], ""title"": [""【esim】ベトナムSIMカード完全無制限 【Mobifone正規回線】高速データ通信 当日発行可能 ベトナム esim Vietnam ESIM プリペイド SIMカード (5日間高速データ)""]}"
amazon_jp,vn,【ベトナムeSIM】3日間 高速データ通信使い放題 データ通信専用 TikTok・ChatGPT対応 4G/5G対応 年中無休·24時間サポート ベトナム SIM mewfi,1180,23,,,,,245,3일,3일,90일,unknown,lte_4g_only,,,"{""viettel"": null, ""vinaphone"": null, ""mobifone"": true, ""vietnamobile"": true}","{""skt"": null, ""kt"": null, ""lgu"": null}",unlimited,https://www.amazon.co.jp/%E3%80%90%E3%83%99%E3%83%88%E3%83%8A%E3%83%A0eSIM%E3%80%913%E6%97%A5%E9%96%93-%E9%AB%98%E9%80%9F%E3%83%87%E3%83%BC%E3%82%BF%E9%80%9A%E4%BF%A1%E4%BD%BF%E3%81%84%E6%94%BE%E9%A1%8C-TikTok%E3%83%BBChatGPT%E5%AF%BE%E5%BF%9C-%E5%B9%B4%E4%B8%AD%E7%84%A1%E4%BC%91%C2%B724%E6%99%82%E9%96%93%E3%82%B5%E3%83%9D%E3%83%BC%E3%83%88-mewfi/dp/B0GMQ1V8RG,B0GMQ1V8RG,B0GMQ1V8RG,Mewfi 正規販売店,mewfiのストアを表示,"{""price_jpy"": [""￥1,180""], ""usage_validity"": [""【ベトナムeSIM】3日間 高速データ通信使い放題 データ通信専用 TikTok・ChatGPT対応 4G/5G対応 年中無休·24時間サポート ベトナム SIM mewfi""], ""activation_validity"": [""【有効期限】eSIM情報が記載されたメールを受信した日から90日間が有効期限となります。有効期限内にご利用ください。""], ""data_amount"": [""【ベトナムeSIM】ベトナムeSIMでは、高速データ通信を無制限でご利用いただけます。データ通信専用のため、電話番号は付与されません。""], ""network_type"": [""no_local_or_roaming_keyword_matched""], ""network_generation"": [""product_info_cellular_4g_lte: source:product_info_cellular: 携帯電話技術 LTE""], ""carrier_support_local"": [""MobiFone: サービスプロバイダ Mobifone"", ""Vietnamobile: Vietnamobile ベトナムSIM｜利用期間20日間｜毎日5GB 高速データ通信｜4G/3G対応｜プリペイドSIMカード｜ベトナム旅行・出張向け 24時間サポート (5日間｜eSIM)"", ""MobiFone: 【esim】4日間 ベトナム esim 完全無制限 【Mobifone正規回線】 高速データ使い放題 当日発行可能・メールで即時受取 ベトナムesim 24時間LINEサポート ベトナム sim"", ""MobiFone: 【ベトナム eSIM】4日間 完全無制限 純正Mobifoneキャリア｜配送待ち不要・QRコード即時送付｜高速データ通信 使い放題 ｜24時間LINEサポート ベトナム sim ベトナムeSIM"", ""Vietnamobile: 【ベトナム SIMカード】20日間 Vietnamobile ベトナムプリペイドSIM 5GB/日利用可能 4G/3G対応 データ通信専用 ベトナム simカード (20日間 1枚)"", ""MobiFone: 【Almond eSIM】 ベトナム 7日間 完全無制限 純正Mobifoneキャリア 当日発行可能 LINEで24時間サポート 出発前の接続テスト用 日本国内500MB eSIM付 4G-LTE対応 プリペイド ESIMプラン Vietnam ハノイ ホーチミン esimカード (esim/7日間"", ""Vietnamobile: ベトナム SIMカード｜Vietnamobile 正規品｜20日間・毎日5GB 4G・3G接続 ｜24時間LINEサポート ベトナム プリペイドSIM ベトナム sim (10日間)""], ""review_count"": [""detail_page: (23)""], ""bestseller_rank"": [""Amazon 売れ筋ランキング 家電＆カメラ - 19,862位 ( 家電＆カメラの売れ筋ランキングを見る ) プリペイドSIMカード - 245位""], ""title"": [""【ベトナムeSIM】3日間 高速データ通信使い放題 データ通信専用 TikTok・ChatGPT対応 4G/5G対応 年中無休·24時間サポート ベトナム SIM mewfi""]}"
amazon_jp,vn,【ベトナムSIMカード】7日間 ビナフォン正規品 データ無制限(速度低下なし) 受信専用番号付き 有効期限 / ご購入日より30日以内,1300,43,,,,,197,7일,7일,30일,local,lte_4g_only,,,"{""viettel"": null, ""vinaphone"": true, ""mobifone"": true, ""vietnamobile"": true}","{""skt"": null, ""kt"": null, ""lgu"": null}",unlimited,https://www.amazon.co.jp/%E3%80%90%E3%83%99%E3%83%88%E3%83%8A%E3%83%A0SIM%E3%82%AB%E3%83%BC%E3%83%89%E3%80%917%E6%97%A5%E9%96%93-%E3%83%93%E3%83%8A%E3%83%95%E3%82%A9%E3%83%B3%E6%AD%A3%E8%A6%8F%E5%93%81-%E3%83%87%E3%83%BC%E3%82%BF%E7%84%A1%E5%88%B6%E9%99%90-%E5%8F%97%E4%BF%A1%E5%B0%82%E7%94%A8%E7%95%AA%E5%8F%B7%E4%BB%98%E3%81%8D-%E3%81%94%E8%B3%BC%E5%85%A5%E6%97%A5%E3%82%88%E3%82%8A30%E6%97%A5%E4%BB%A5%E5%86%85/dp/B0CQXDV8MX,B0CQXDV8MX,B0CQXDV8MX,オオニシ（ONISHI）,ブランド: Onishi,"{""price_jpy"": [""￥1,300""], ""usage_validity"": [""【ベトナムSIMカード】7日間 ビナフォン正規品 データ無制限(速度低下なし) 受信専用番号付き 有効期限 / ご購入日より30日以内""], ""activation_validity"": [""【ベトナムSIMカード】7日間 ビナフォン正規品 データ無制限(速度低下なし) 受信専用番号付き 有効期限 / ご購入日より30日以内""], ""data_amount"": [""【特徴②】ベトナムで高速データが【無制限】使えます。""], ""network_type"": [""【ベトナム eSIM 5日間】高速データ通信 完全無制限｜当日発行可能｜電話番号付き・純正Mobifoneキャリア｜LINE相談受付中・すぐに使える｜イーシム ベトナム sim 24時間LINEサポート (eSIM | 5日間)"", ""【ベトナムSIMカード】5日間 高速データ通信 無制限(速度低下なし) データ通信専用 | 4G/5G対応 ベトナム現地通信回線 mewfi"", ""score: local=12, roaming=1""], ""network_generation"": [""product_info_cellular_4g_lte: source:product_info_cellular: 携帯電話技術 4G""], ""carrier_support_local"": [""VinaPhone: サービスプロバイダ Vinaphone"", ""VinaPhone: メーカー名 vinaphone"", ""VinaPhone: メーカー型番 VNPT-SIM-eSIM"", ""MobiFone: 【ベトナム eSIM 5日間】高速データ通信 完全無制限｜当日発行可能｜電話番号付き・純正Mobifoneキャリア｜LINE相談受付中・すぐに使える｜イーシム ベトナム sim 24時間LINEサポート (eSIM | 5日間)"", ""Vietnamobile: Vietnamobile ベトナムSIM｜利用期間20日間｜毎日5GB 高速データ通信｜4G/3G対応｜プリペイドSIMカード｜ベトナム旅行・出張向け 24時間サポート (5日間｜eSIM)"", ""Vietnamobile: 【ベトナム SIMカード】20日間 Vietnamobile ベトナムプリペイドSIM 5GB/日利用可能 4G/3G対応 データ通信専用 ベトナム simカード (20日間 1枚)"", ""Vietnamobile: Vietnamobile ベトナムSIM｜利用期間20日間｜毎日5GB 高速データ通信｜4G/3G対応｜プリペイドSIMカード｜ベトナム旅行・出張向け 24時間サポート (20日間)"", ""MobiFone: 【esim】ベトナムSIMカード完全無制限 【Mobifone正規回線】高速データ通信 当日発行可能 ベトナム esim Vietnam ESIM プリペイド SIMカード (5日間高速データ)"", ""Vietnamobile: 【Almond SIM】 ベトナム 5日間 完全無制限 電話番号付き｜純正Vietnamobile キャリア ｜ホーチミン・ハノイなど 対応｜LINEで24時間サポート｜4G-LTE対応 プリペイドsim ｜Vietnam simカード (物理sim/5日間)"", ""VinaPhone: Amazon.co.jp: 【ベトナムSIMカード】7日間 ビナフォン正規品 データ無制限(速度低下なし) 受信専用番号付き 有効期限 / ご購入日より30日以内 : 家電＆カメラ 次に移動 メインコンテンツ この商品について この商品について この商品について 購入オプション 類似商品と比較する ""], ""review_count"": [""detail_page: (43)""], ""bestseller_rank"": [""Amazon 売れ筋ランキング 家電＆カメラ - 16,231位 ( 家電＆カメラの売れ筋ランキングを見る ) プリペイドSIMカード - 197位""], ""title"": [""【ベトナムSIMカード】7日間 ビナフォン正規品 データ無制限(速度低下なし) 受信専用番号付き 有効期限 / ご購入日より30日以内""]}"
amazon_jp,vn,【ベトナム sim 】5日間 大容量・高速データ通信 着信通話無料 24時間日本語サポート 4G/LTE対応,1220,90,,,,,378,5일,5일,7일,local,5g_capable,,,"{""viettel"": true, ""vinaphone"": true, ""mobifone"": true, ""vietnamobile"": true}","{""skt"": null, ""kt"": null, ""lgu"": null}",9GB,https://www.amazon.co.jp/%E9%AB%98%E9%80%9F%E3%83%87%E3%83%BC%E3%82%BF%E7%84%A1%E5%88%B6%E9%99%90-%E7%9D%80%E4%BF%A1%E9%80%9A%E8%A9%B1%E7%84%A1%E6%96%99-Vinaphone%E5%9B%9E%E7%B7%9A%E5%88%A9%E7%94%A8-24%E6%99%82%E9%96%93%E6%97%A5%E6%9C%AC%E8%AA%9E%E3%82%B5%E3%83%9D%E3%83%BC%E3%83%88-sim%E3%82%AB%E3%83%BC%E3%83%89mewfi/dp/B0DK1J54DP,B0DK1J54DP,B0DK1J54DP,Mewfi 正規販売店,mewfiのストアを表示,"{""price_jpy"": [""￥1,220""], ""usage_validity"": [""【ベトナム sim 】5日間 大容量・高速データ通信 着信通話無料 24時間日本語サポート 4G/LTE対応""], ""activation_validity"": [""【ベトナムSIMカード】 7日間 ビナフォン正規 高速データ無制限(速度低下なし) 受信専用番号付き 有効期限 / ご購入日より30日以内 (7日／SIMカード)""], ""data_amount"": [""【ベトナム sim 】ベトナム対応SIMカード。Vinaphone回線を利用しています。1日あたり高速データ通信9GBに対応し、容量超過後は通信が停止します。4G/5Gネットワークに対応しています。""], ""network_type"": [""【ベトナムeSIM】 5日間 高速データ無制限 電話番号付き 通話・SMS受信のみ可能 お急ぎの方即日対応(LINE相談受付中) 有効期限 / ご購入日より30日以内 ベトナムSIMカードタイプではありません"", ""【電話番号付き SMS 電話受信可】 SIMカード ベトナム ベトナムSIM ベトナム用SIM データ無制限 7日間 安心サポート 高速データ通信 返金保証 テザリング 海外SIM プリペイドSIM SIMフリー 留学 海外出張 海外旅行 ワーホリ"", ""score: local=21, roaming=0""], ""network_generation"": [""product_info_cellular_5g: source:product_info_cellular: 携帯電話技術 4G, 5G"", ""product_info_cellular_4g_lte_signal_present_but_5g_capable_takes_precedence""], ""carrier_support_local"": [""VinaPhone: 【ベトナム sim 】ベトナム対応SIMカード。Vinaphone回線を利用しています。1日あたり高速データ通信9GBに対応し、容量超過後は通信が停止します。4G/5Gネットワークに対応しています。"", ""VinaPhone: サービスプロバイダ Vinaphone"", ""MobiFone: 【Almond eSIM】 ベトナム esim 高速データ通信 完全無制限 純正Mobifoneキャリア 当日発行可能 出発前日本テスト用eSIM500MB LINEで24時間サポート 4G-LTE対応 プリペイド ESIMプラン Vietnam ハ"", ""Viettel: 【Viettel純正品】ベトナム eSIM 5日間【高速データ1日5GB (合計最大25GB) 】5G-4G-LTE/テザリング 【データのみ】 プリペイド SIM Vietnam esim 5days"", ""MobiFone: 【Almond eSIM】 ベトナム esim 高速データ通信 完全無制限 純正Mobifoneキャリア 当日発行可能 出発前日本テスト用eSIM500MB LINEで24時間サポート 4G-LTE対応 プリペイド ESIMプラン Vietnam ハ"", ""VinaPhone: 【ベトナムSIMカード】電話番号つき発着信・SMS送信OK 毎日データ6GB 正規Vinaphone回線 (5日間/10日間/30日間）※※開通期限:ご購入から30日"", ""Vietnamobile: 【Almond SIM】 ベトナム 5日間 完全無制限 電話番号付き｜純正Vietnamobile キャリア ｜ホーチミン・ハノイなど 対応｜LINEで24時間サポート｜4G-LTE対応 プリペイドsim ｜Vietnam simカード (物理sim"", ""Vietnamobile: ベトナム SIMカード｜Vietnamobile 正規品｜20日間・毎日5GB 4G・3G接続 ｜24時間LINEサポート ベトナム プリペイドSIM ベトナム sim (5日間)"", ""VinaPhone: Amazon.co.jp: 【ベトナム sim 】5日間 大容量・高速データ通信 着信通話無料 24時間日本語サポート 4G/LTE対応 | ベトナム simカードmewfi : 家電＆カメラ 次に移動 メインコンテンツ この商品について この商品について この商品について 購入オプション 類似商品""], ""review_count"": [""detail_page: (90)""], ""bestseller_rank"": [""Amazon 売れ筋ランキング 家電＆カメラ - 31,484位 ( 家電＆カメラの売れ筋ランキングを見る ) プリペイドSIMカード - 378位""], ""title"": [""【ベトナム sim 】5日間 大容量・高速データ通信 着信通話無料 24時間日本語サポート 4G/LTE対応""]}"
amazon_jp,vn,【ベトナム SIMカード】20日間 Vietnamobile ベトナムプリペイドSIM 5GB/日利用可能 4G/3G対応 データ通信専用 ベトナム simカード (20日間 1枚),780,40,,,,,295,20일,20일,30일,local,lte_4g_only,,,"{""viettel"": null, ""vinaphone"": null, ""mobifone"": true, ""vietnamobile"": true}","{""skt"": null, ""kt"": null, ""lgu"": null}",5GB/day,https://www.amazon.co.jp/SIM%E3%82%AB%E3%83%BC%E3%83%89%E3%80%9120%E6%97%A5%E9%96%93-Vietnamobile-%E3%83%99%E3%83%88%E3%83%8A%E3%83%A0%E3%83%97%E3%83%AA%E3%83%9A%E3%82%A4%E3%83%89SIM-20%E6%97%A5%E9%96%93-1%E6%9E%9A/dp/B0CZLG3PNM,B0CZLG3PNM,B0CZLG3PNM,Global eSIMshop,ブランド: PLUG TO GO,"{""price_jpy"": [""￥780""], ""usage_validity"": [""【ベトナム SIMカード】20日間 Vietnamobile ベトナムプリペイドSIM 5GB/日利用可能 4G/3G対応 データ通信専用 ベトナム simカード (20日間 1枚)""], ""activation_validity"": [""【有効期限】2027年3月30日までにご利用を開始してください。""], ""data_amount"": [""【1日5GBの大容量プラン】1日あたり5GBまで高速データ通信をご利用いただけます。5GB超過後は最大128kbpsに速度制限されますが、通信は引き続きご利用いただけます。""], ""network_type"": [""【Almond SIM】 ベトナム 5日間 完全無制限 電話番号付き｜純正Vietnamobile キャリア ｜ホーチミン・ハノイなど 対応｜LINEで24時間サポート｜4G-LTE対応 プリペイドsim ｜Vietnam simカード (物理sim/5日間)"", ""【チョコSIM 定額（Sプラン）】【中国の電話番号付きでアプリや施設サービスのSMS認証が可能】【データ容量】合計500MB/月【音声】合計20分間/月 データ/音声/SMS付きSIMカード 中国SIM マカオSIM China unicom ※こちらのSIMカードは契約後、毎月の基本料が発生いたします。※2024年11月1日から台湾でのご利用はできなくなり"", ""score: local=9, roaming=0""], ""network_generation"": [""product_info_cellular_4g_lte: source:product_info_cellular: 携帯電話技術 4G 3G""], ""carrier_support_local"": [""Vietnamobile: 【ベトナムで20日間利用可能】Vietnamobile回線を利用した、データ通信専用のプリペイドSIMカードです。"", ""Vietnamobile: サービスプロバイダ Vietnamobile"", ""Vietnamobile: Amazon.co.jp: 【ベトナム SIMカード】20日間 Vietnamobile ベトナムプリペイドSIM 5GB/日利用可能 4G/3G対応 データ通信専用 ベトナム simカード (20日間 1枚) : 家電＆カメラ"", ""Vietnamobile: 【ベトナム SIMカード】20日間 Vietnamobile ベトナムプリペイドSIM 5GB/日利用可能 4G/3G対応 データ通信専用 ベトナム simカード (20日間 1枚)"", ""Vietnamobile: Vietnamobile ベトナムSIM｜利用期間20日間｜毎日5GB 高速データ通信｜4G/3G対応｜プリペイドSIMカード｜ベトナム旅行・出張向け 24時間サポート (20日間)"", ""Vietnamobile: ベトナム SIMカード｜Vietnamobile 正規品｜20日間・毎日5GB 4G・3G接続 ｜24時間LINEサポート ベトナム プリペイドSIM ベトナム sim (5日間)"", ""Vietnamobile: 【Almond SIM】 ベトナム 5日間 完全無制限 電話番号付き｜純正Vietnamobile キャリア ｜ホーチミン・ハノイなど 対応｜LINEで24時間サポート｜4G-LTE対応 プリペイドsim ｜Vietnam simカード (物理sim/5日間)"", ""Vietnamobile: 【ベトナム SIMカード】20日間 Vietnamobile ベトナムプリペイドSIM 5GB/日利用可能 4G/3G対応 データ通信専用 ベトナム simカード (20日間 1枚)"", ""MobiFone: 【Almond eSIM】 ベトナム 7日間 完全無制限 純正Mobifoneキャリア 当日発行可能 LINEで24時間サポート 出発前の接続テスト用 日本国内500MB eSIM付 4G-LTE対応 プリペイド ESIMプラン Vietnam ハノイ ホーチミン esimカード (esim/7日間"", ""Vietnamobile: Vietnamobile ベトナムSIM｜利用期間20日間｜毎日5GB 高速データ通信｜4G/3G対応｜プリペイドSIMカード｜ベトナム旅行・出張向け 24時間サポート (20日間)"", ""Vietnamobile: 【ベトナム SIMカード】20日間 Vietnamobile ベトナムプリペイドSIM 5GB/日利用可能 4G/3G対応 データ通信専用 ベトナム simカード (20日間 1枚)"", ""Vietnamobile: Amazon.co.jp: 【ベトナム SIMカード】20日間 Vietnamobile ベトナムプリペイドSIM 5GB/日利用可能 4G/3G対応 データ通信専用 ベトナム simカード (20日間 1枚) : 家電＆カメラ 次に移動 メインコンテンツ この商品について この商品について この商""], ""review_count"": [""detail_page: (40)""], ""bestseller_rank"": [""Amazon 売れ筋ランキング 家電＆カメラ - 23,349位 ( 家電＆カメラの売れ筋ランキングを見る ) プリペイドSIMカード - 295位""], ""title"": [""【ベトナム SIMカード】20日間 Vietnamobile ベトナムプリペイドSIM 5GB/日利用可能 4G/3G対応 データ通信専用 ベトナム simカード (20日間 1枚)""]}"
amazon_jp,vn,【esim】ベトナムSIMカード 完全無制限 【Mobifone正規回線】 高速データ使い放題 当日発行可能・メールで即時受取 ベトナムesim 24時間LINEサポート ベトナム esim (10日間),2080,18,,,,,122,10일,10일,30일,local,lte_4g_only,,,"{""viettel"": true, ""vinaphone"": null, ""mobifone"": true, ""vietnamobile"": true}","{""skt"": null, ""kt"": null, ""lgu"": null}",unlimited,https://www.amazon.co.jp/%E3%80%90esim%E3%80%91%E3%83%99%E3%83%88%E3%83%8A%E3%83%A0SIM%E3%82%AB%E3%83%BC%E3%83%89-%E3%80%90Vietnamobile%E3%80%91%E9%AB%98%E9%80%9F%E3%83%87%E3%83%BC%E3%82%BF%E9%80%9A%E4%BF%A1-%E5%8F%97%E4%BF%A1%E5%B0%82%E7%94%A8%E7%95%AA%E5%8F%B7%E4%BB%98%E3%81%8D-%E3%83%99%E3%83%88%E3%83%8A%E3%83%A0%E3%83%97%E3%83%AA%E3%83%9A%E3%82%A4%E3%83%89sim%E3%82%AB%E3%83%BC%E3%83%89-10%E6%97%A5%E9%96%93%E9%AB%98%E9%80%9F%E3%83%87%E3%83%BC%E3%82%BF/dp/B0CXLW2X3Z,B0CXLW2X3Z,B0CXLW2X3Z,Global Simcard,アーモンド　ＳＩｍ　ｃａｒｄのストアを表示,"{""price_jpy"": [""￥2,080""], ""usage_validity"": [""【esim】ベトナムSIMカード 完全無制限 【Mobifone正規回線】 高速データ使い放題 当日発行可能・メールで即時受取 ベトナムesim 24時間LINEサポート ベトナム esim (10日間)""], ""activation_validity"": [""⭐【有効期限】eSIMのQRコード発行日から30日以内にご利用ください。""], ""data_amount"": [""⭐【高速データ無制限】高速データ容量は無制限。完全使い放題プラン、 本人確認不要、simカード認証不要。""], ""network_type"": [""【チョコSIM 定額（Sプラン）】【中国の電話番号付きでアプリや施設サービスのSMS認証が可能】【データ容量】合計500MB/月【音声】合計20分間/月 データ/音声/SMS付きSIMカード 中国SIM マカオSIM China unicom ※こちらのSIMカードは契約後、毎月の基本料が発生いたします。※2024年11月1日から台湾でのご利用はできなくなり"", ""【SKTelecoｍ公式認証】 韓国eSIM 3日間 (72時間) 電話番号付き 超高速データ無制限 最初の5分発信無料(韓国国内) お急ぎの方即時発行可(LINE相談受付中) 有効期限／ご購入日より120日以内 現地空港サポート(SKTelecomローミングセンター) SKテレコム正規品 韓国SIMカードタイプではありません"", ""score: local=6, roaming=0""], ""network_generation"": [""product_info_cellular_4g_lte: source:product_info_cellular: 携帯電話技術 LTE""], ""carrier_support_local"": [""MobiFone: サービスプロバイダ Mobifone"", ""MobiFone: Amazon.co.jp: 【esim】ベトナムSIMカード 完全無制限 【Mobifone正規回線】 高速データ使い放題 当日発行可能・メールで即時受取 ベトナムesim 24時間LINEサポート ベトナム esim (10日間) : 家電＆カメラ"", ""MobiFone: 【esim】ベトナムSIMカード 完全無制限 【Mobifone正規回線】 高速データ使い放題 当日発行可能・メールで即時受取 ベトナムesim 24時間LINEサポート ベトナム esim (10日間)"", ""Viettel: 【Viettel純正品】ベトナム eSIM 5日間【高速データ1日5GB (合計最大25GB) 】5G-4G-LTE/テザリング 【データのみ】 プリペイド SIM Vietnam esim 5days"", ""Vietnamobile: ベトナム SIMカード｜Vietnamobile 正規品｜20日間・毎日5GB 4G・3G接続 ｜24時間LINEサポート ベトナム プリペイドSIM ベトナム sim (7日間)"", ""MobiFone: 【Almond eSIM】 ベトナム 5日間 完全無制限 純正Mobifoneキャリア 当日発行可能 LINEで24時間サポート 出発前の接続テスト用 日本国内500MB eSIM付 4G-LTE対応 プリペイド ESIMプラン Vietnam ハノイ ホーチミン esimカード (esim/5日間"", ""Vietnamobile: 【ベトナム SIMカード】20日間 Vietnamobile ベトナムプリペイドSIM 5GB/日利用可能 4G/3G対応 データ通信専用 ベトナム simカード (20日間 1枚)"", ""MobiFone: 【esim】ベトナムSIMカード 完全無制限 【Mobifone正規回線】 高速データ使い放題 当日発行可能・メールで即時受取 ベトナムesim 24時間LINEサポート ベトナム esim (10日間)"", ""Vietnamobile: Vietnamobile ベトナムSIM｜利用期間20日間｜毎日5GB 高速データ通信｜4G/3G対応｜プリペイドSIMカード｜ベトナム旅行・出張向け 24時間サポート (5日間｜eSIM)"", ""MobiFone: 【Almond eSIM】 ベトナム 5日間 完全無制限 純正Mobifoneキャリア 当日発行可能 LINEで24時間サポート 出発前の接続テスト用 日本国内500MB eSIM付 4G-LTE対応 プリペイド ESIMプラン Vietnam ハノイ ホーチミン esimカード (esim/5日間"", ""Viettel: 【Viettel純正品】ベトナム eSIM 5日間【高速データ1日5GB (合計最大25GB) 】5G-4G-LTE/テザリング 【データのみ】 プリペイド SIM Vietnam esim 5days"", ""MobiFone: 【esim】ベトナムSIMカード 完全無制限 【Mobifone正規回線】 高速データ使い放題 当日発行可能・メールで即時受取 ベトナムesim 24時間LINEサポート ベトナム esim (10日間)"", ""MobiFone: Amazon.co.jp: 【esim】ベトナムSIMカード 完全無制限 【Mobifone正規回線】 高速データ使い放題 当日発行可能・メールで即時受取 ベトナムesim 24時間LINEサポート ベトナム esim (10日間) : 家電＆カメラ 次に移動 メインコンテンツ この商品について こ""], ""review_count"": [""detail_page: (18)""], ""bestseller_rank"": [""Amazon 売れ筋ランキング 家電＆カメラ - 10,286位 ( 家電＆カメラの売れ筋ランキングを見る ) プリペイドSIMカード - 122位""], ""title"": [""【esim】ベトナムSIMカード 完全無制限 【Mobifone正規回線】 高速データ使い放題 当日発行可能・メールで即時受取 ベトナムesim 24時間LINEサポート ベトナム esim (10日間)""]}"
amazon_jp,vn,【esim】ベトナムSIMカード 完全無制限【Mobifone正規回線】高速データ使い放題 当日発行可能 ベトナムプリペイド Vietnam ESIM プリペイド SIMカード (7日間),1580,29,,,,,122,7일,7일,30일,local,lte_4g_only,,,"{""viettel"": null, ""vinaphone"": null, ""mobifone"": true, ""vietnamobile"": true}","{""skt"": null, ""kt"": null, ""lgu"": null}",unlimited,https://www.amazon.co.jp/%E3%80%90esim%E3%80%91%E3%83%99%E3%83%88%E3%83%8A%E3%83%A0SIM%E3%82%AB%E3%83%BC%E3%83%89%E3%80%90Vietnamobile%E3%80%91%E9%AB%98%E9%80%9F%E3%83%87%E3%83%BC%E3%82%BF%E9%80%9A%E4%BF%A1-%E5%8F%97%E4%BF%A1%E5%B0%82%E7%94%A8%E7%95%AA%E5%8F%B7%E4%BB%98%E3%81%8D-%E7%8F%BE%E5%9C%B0%E9%9B%BB%E8%A9%B1%E5%8F%97%E3%81%91%E6%94%BE%E9%A1%8C-%E3%83%99%E3%83%88%E3%83%8A%E3%83%A0%E3%83%97%E3%83%AA%E3%83%9A%E3%82%A4%E3%83%89sim%E3%82%AB%E3%83%BC%E3%83%89-Vietnam/dp/B0CK54DWCL,B0CK54DWCL,B0CK54DWCL,Global Simcard,アーモンド　ＳＩｍ　ｃａｒｄのストアを表示,"{""price_jpy"": [""￥1,580""], ""usage_validity"": [""【esim】ベトナムSIMカード 完全無制限【Mobifone正規回線】高速データ使い放題 当日発行可能 ベトナムプリペイド Vietnam ESIM プリペイド SIMカード (7日間)""], ""activation_validity"": [""⭐【有効期限】eSIMのQRコード発行日から30日以内にご利用ください。""], ""data_amount"": [""⭐【高速データ無制限】高速データ容量は無制限。完全使い放題プラン、 本人確認不要、simカード認証不要。""], ""network_type"": [""【ベトナム eSIM】高速データ通信 純正Mobifoneキャリア 無料着信・SMS受信対応 電話番号付き 当日発行可能&180日間有効 LINEで24時間サポート ハノイsimカード 旅行出張 way2esim (5日間)"", ""【チョコSIM 定額（Sプラン）】【中国の電話番号付きでアプリや施設サービスのSMS認証が可能】【データ容量】合計500MB/月【音声】合計20分間/月 データ/音声/SMS付きSIMカード 中国SIM マカオSIM China unicom ※こちらのSIMカードは契約後、毎月の基本料が発生いたします。※2024年11月1日から台湾でのご利用はできなくなり"", ""score: local=9, roaming=0""], ""network_generation"": [""product_info_cellular_4g_lte: source:product_info_cellular: 携帯電話技術 LTE""], ""carrier_support_local"": [""MobiFone: サービスプロバイダ Mobifone"", ""MobiFone: Amazon.co.jp: 【esim】ベトナムSIMカード 完全無制限【Mobifone正規回線】高速データ使い放題 当日発行可能 ベトナムプリペイド Vietnam ESIM プリペイド SIMカード (7日間) : 家電＆カメラ"", ""MobiFone: 【esim】ベトナムSIMカード 完全無制限【Mobifone正規回線】高速データ使い放題 当日発行可能 ベトナムプリペイド Vietnam ESIM プリペイド SIMカード (7日間)"", ""Vietnamobile: Vietnamobile ベトナムSIM｜利用期間20日間｜毎日5GB 高速データ通信｜4G/3G対応｜プリペイドSIMカード｜ベトナム旅行・出張向け 24時間サポート (20日間)"", ""Vietnamobile: 【ベトナム SIMカード】20日間 Vietnamobile ベトナムプリペイドSIM 5GB/日利用可能 4G/3G対応 データ通信専用 ベトナム simカード (20日間 1枚)"", ""MobiFone: 【esim】ベトナムSIMカード 完全無制限【Mobifone正規回線】高速データ使い放題 当日発行可能 ベトナムプリペイド Vietnam ESIM プリペイド SIMカード (7日間)"", ""MobiFone: 【ベトナム eSIM】高速データ通信 純正Mobifoneキャリア 無料着信・SMS受信対応 電話番号付き 当日発行可能&180日間有効 LINEで24時間サポート ハノイsimカード 旅行出張 way2esim (5日間)"", ""MobiFone: 【esim】ベトナムSIMカード 完全無制限【Mobifone正規回線】高速データ使い放題 当日発行可能 ベトナムプリペイド Vietnam ESIM プリペイド SIMカード (7日間)"", ""MobiFone: Amazon.co.jp: 【esim】ベトナムSIMカード 完全無制限【Mobifone正規回線】高速データ使い放題 当日発行可能 ベトナムプリペイド Vietnam ESIM プリペイド SIMカード (7日間) : 家電＆カメラ 次に移動 メインコンテンツ この商品について この商品について ""], ""review_count"": [""detail_page: (29)""], ""bestseller_rank"": [""Amazon 売れ筋ランキング 家電＆カメラ - 10,286位 ( 家電＆カメラの売れ筋ランキングを見る ) プリペイドSIMカード - 122位""], ""title"": [""【esim】ベトナムSIMカード 完全無制限【Mobifone正規回線】高速データ使い放題 当日発行可能 ベトナムプリペイド Vietnam ESIM プリペイド SIMカード (7日間)""]}"
amazon_jp,vn,【ベトナム eSIM】4日間 完全無制限 純正Mobifoneキャリア｜配送待ち不要・QRコード即時送付｜高速データ通信 使い放題 ｜24時間LINEサポート ベトナム sim ベトナムeSIM,1150,12,,,,,253,4일,4일,30일,local,lte_4g_only,,,"{""viettel"": null, ""vinaphone"": null, ""mobifone"": true, ""vietnamobile"": true}","{""skt"": null, ""kt"": null, ""lgu"": null}",unlimited,https://www.amazon.co.jp/%E3%80%90%E3%83%99%E3%83%88%E3%83%8A%E3%83%A0-eSIM%E3%80%914%E6%97%A5%E9%96%93-%E7%B4%94%E6%AD%A3Mobifone%E3%82%AD%E3%83%A3%E3%83%AA%E3%82%A2%EF%BD%9C%E9%85%8D%E9%80%81%E5%BE%85%E3%81%A1%E4%B8%8D%E8%A6%81%E3%83%BBQR%E3%82%B3%E3%83%BC%E3%83%89%E5%8D%B3%E6%99%82%E9%80%81%E4%BB%98%EF%BD%9C%E9%AB%98%E9%80%9F%E3%83%87%E3%83%BC%E3%82%BF%E9%80%9A%E4%BF%A1-%EF%BD%9C24%E6%99%82%E9%96%93LINE%E3%82%B5%E3%83%9D%E3%83%BC%E3%83%88-%E3%83%99%E3%83%88%E3%83%8A%E3%83%A0eSIM/dp/B0GPCZC5R8,B0GPCZC5R8,B0GPCZC5R8,Global Simcard,アーモンド　ＳＩｍ　ｃａｒｄのストアを表示,"{""price_jpy"": [""￥1,150""], ""usage_validity"": [""【ベトナム eSIM】4日間 完全無制限 純正Mobifoneキャリア｜配送待ち不要・QRコード即時送付｜高速データ通信 使い放題 ｜24時間LINEサポート ベトナム sim ベトナムeSIM""], ""activation_validity"": [""【有効期限】QRコード発行のメール受信後、30日以内にご利用ください。""], ""data_amount"": [""【高速データ無制限】データ容量完全無制限・高速データ使い放題。低速制限なしで、留学・中期滞在・旅行・出張など幅広い用途に最適です。ベトナム渡航に合わせてすぐにご利用いただけます。現地大手キャリアMobifone回線を採用し、広いエリアで安定した高速データ通信をご提供いたします。""], ""network_type"": [""【SKTelecoｍ公式認証】 韓国eSIM 3日間 (72時間) 電話番号付き 超高速データ無制限 最初の5分発信無料(韓国国内) お急ぎの方即時発行可(LINE相談受付中) 有効期限／ご購入日より120日以内 現地空港サポート(SKTelecomローミングセンター) SKテレコム正規品 韓国SIMカードタイプではありません"", ""score: local=3, roaming=0""], ""network_generation"": [""product_info_cellular_4g_lte: source:product_info_cellular: 携帯電話技術 4G-LTE""], ""carrier_support_local"": [""MobiFone: 【高速データ無制限】データ容量完全無制限・高速データ使い放題。低速制限なしで、留学・中期滞在・旅行・出張など幅広い用途に最適です。ベトナム渡航に合わせてすぐにご利用いただけます。現地大手キャリアMobifone回線を採用し、広いエリアで安定した高速データ通信をご提供いたします。"", ""MobiFone: サービスプロバイダ Mobifone"", ""MobiFone: Amazon.co.jp: 【ベトナム eSIM】4日間 完全無制限 純正Mobifoneキャリア｜配送待ち不要・QRコード即時送付｜高速データ通信 使い放題 ｜24時間LINEサポート ベトナム sim ベトナムeSIM : 家電＆カメラ"", ""MobiFone: 【ベトナム eSIM】4日間 完全無制限 純正Mobifoneキャリア｜配送待ち不要・QRコード即時送付｜高速データ通信 使い放題 ｜24時間LINEサポート ベトナム sim ベトナムeSIM"", ""MobiFone: 【esim】4日間 ベトナム esim 完全無制限 【Mobifone正規回線】 高速データ使い放題 当日発行可能・メールで即時受取 ベトナムesim 24時間LINEサポート ベトナム sim"", ""Vietnamobile: 【ベトナム SIMカード】20日間 Vietnamobile ベトナムプリペイドSIM 5GB/日利用可能 4G/3G対応 データ通信専用 ベトナム simカード (20日間 1枚)"", ""MobiFone: 【ベトナム eSIM】4日間 完全無制限 純正Mobifoneキャリア｜配送待ち不要・QRコード即時送付｜高速データ通信 使い放題 ｜24時間LINEサポート ベトナム sim ベトナムeSIM"", ""Vietnamobile: ベトナム SIMカード｜Vietnamobile 正規品｜20日間・毎日5GB 4G・3G接続 ｜24時間LINEサポート ベトナム プリペイドSIM ベトナム sim (7日間)"", ""MobiFone: 【esim】4日間 ベトナム esim 完全無制限 【Mobifone正規回線】 高速データ使い放題 当日発行可能・メールで即時受取 ベトナムesim 24時間LINEサポート ベトナム sim"", ""MobiFone: 【ベトナム eSIM】4日間 完全無制限 純正Mobifoneキャリア｜配送待ち不要・QRコード即時送付｜高速データ通信 使い放題 ｜24時間LINEサポート ベトナム sim ベトナムeSIM"", ""MobiFone: Amazon.co.jp: 【ベトナム eSIM】4日間 完全無制限 純正Mobifoneキャリア｜配送待ち不要・QRコード即時送付｜高速データ通信 使い放題 ｜24時間LINEサポート ベトナム sim ベトナムeSIM : 家電＆カメラ 次に移動 メインコンテンツ この商品について この商品につ""], ""review_count"": [""detail_page: (12)""], ""bestseller_rank"": [""Amazon 売れ筋ランキング 家電＆カメラ - 20,392位 ( 家電＆カメラの売れ筋ランキングを見る ) プリペイドSIMカード - 253位""], ""title"": [""【ベトナム eSIM】4日間 完全無制限 純正Mobifoneキャリア｜配送待ち不要・QRコード即時送付｜高速データ通信 使い放題 ｜24時間LINEサポート ベトナム sim ベトナムeSIM""]}"
amazon_jp,vn,【Almond eSIM】 ベトナム 3日間 完全無制限 純正Mobifoneキャリア 当日発行可能 LINEで24時間サポート 出発前の接続テスト用 日本国内500MB eSIM付 4G-LTE対応 プリペイド ESIMプラン Vietnam ハノイ ホーチミン esimカード (esim/3日間),931,5,,,,,45,3일,3일,7일,local,lte_4g_only,,,"{""viettel"": null, ""vinaphone"": null, ""mobifone"": true, ""vietnamobile"": true}","{""skt"": null, ""kt"": null, ""lgu"": null}",unlimited,https://www.amazon.co.jp/%E7%B4%94%E6%AD%A3Mobifone%E3%82%AD%E3%83%A3%E3%83%AA%E3%82%A2-LINE%E3%81%A724%E6%99%82%E9%96%93%E3%82%B5%E3%83%9D%E3%83%BC%E3%83%88-%E5%87%BA%E7%99%BA%E5%89%8D%E3%81%AE%E6%8E%A5%E7%B6%9A%E3%83%86%E3%82%B9%E3%83%88%E7%94%A8-%E6%97%A5%E6%9C%AC%E5%9B%BD%E5%86%85500MB-4G-LTE%E5%AF%BE%E5%BF%9C/dp/B0GR4YNSC2,B0GR4YNSC2,B0GR4YNSC2,株式会社ビッグコネクト,bigconnectのストアを表示,"{""price_jpy"": [""￥931""], ""usage_validity"": [""【Almond eSIM】 ベトナム 3日間 完全無制限 純正Mobifoneキャリア 当日発行可能 LINEで24時間サポート 出発前の接続テスト用 日本国内500MB eSIM付 4G-LTE対応 プリペイド ESIMプラン Vietnam ハノイ ホーチミン esimカード (esim/3日間)""], ""activation_validity"": [""【ベトナムSIMカード】 7日間 ビナフォン正規 高速データ無制限(速度低下なし) 受信専用番号付き 有効期限 / ご購入日より30日以内 (7日／SIMカード)""], ""data_amount"": [""【高速データ無制限】※高速データ容量は無制限。完全使い放題プラン、 本人確認不要、simカード認証不要。""], ""network_type"": [""【SKTelecoｍ公式認証】 韓国eSIM 3日間 (72時間) 電話番号付き 超高速データ無制限 最初の5分発信無料(韓国国内) お急ぎの方即時発行可(LINE相談受付中) 有効期限／ご購入日より120日以内 現地空港サポート(SKTelecomローミングセンター) SKテレコム正規品 韓国SIMカードタイプではありません"", ""score: local=3, roaming=0""], ""network_generation"": [""product_info_cellular_4g_lte: source:product_info_cellular: 携帯電話技術 LTE""], ""carrier_support_local"": [""MobiFone: 【製品特徴】ベトナムへの渡航スケジュールに合わせて手軽に利用できます。ネットワーク事業者はMobifoneで、ベトナムで広範囲にわたる信号と安定したネットワーク、高速な通信速度を提供します。eSIMはSIMカード挿入が不要で、iPhoneやAndroidにQRコードを読み取って設定するだけですぐに利"", ""MobiFone: Amazon.co.jp: 【Almond eSIM】 ベトナム 3日間 完全無制限 純正Mobifoneキャリア 当日発行可能 LINEで24時間サポート 出発前の接続テスト用 日本国内500MB eSIM付 4G-LTE対応 プリペイド ESIMプラン Vietnam ハノイ ホーチミン esi"", ""MobiFone: 【Almond eSIM】 ベトナム 3日間 完全無制限 純正Mobifoneキャリア 当日発行可能 LINEで24時間サポート 出発前の接続テスト用 日本国内500MB eSIM付 4G-LTE対応 プリペイド ESIMプラン Vietnam ハノイ ホーチミン esimカード (esim/3日間"", ""MobiFone: 【esim】4日間 ベトナム esim 完全無制限 【Mobifone正規回線】 高速データ使い放題 当日発行可能・メールで即時受取 ベトナムesim 24時間LINEサポート ベトナム sim"", ""Vietnamobile: 【ベトナム SIMカード】20日間 Vietnamobile ベトナムプリペイドSIM 5GB/日利用可能 4G/3G対応 データ通信専用 ベトナム simカード (20日間 1枚)"", ""Vietnamobile: 【ベトナム SIMカード】20日間 Vietnamobile ベトナムプリペイドSIM 5GB/日利用可能 4G/3G対応 データ通信専用 ベトナム simカード (20日間 1枚)"", ""MobiFone: 【Almond eSIM】 ベトナム 3日間 完全無制限 純正Mobifoneキャリア 当日発行可能 LINEで24時間サポート 出発前の接続テスト用 日本国内500MB eSIM付 4G-LTE対応 プリペイド ESIMプラン Vietnam ハノイ ホーチミン esimカード (esim/3日間"", ""Vietnamobile: お得な2枚セット Vietnamobile ベトナムプリペイドSIM 4G・3G 20日利用 データ容量80GB"", ""MobiFone: 【Almond eSIM】 ベトナム 3日間 完全無制限 純正Mobifoneキャリア 当日発行可能 LINEで24時間サポート 出発前の接続テスト用 日本国内500MB eSIM付 4G-LTE対応 プリペイド ESIMプラン Vietnam ハノイ ホーチミン esimカード (esim/3日間"", ""MobiFone: Amazon.co.jp: 【Almond eSIM】 ベトナム 3日間 完全無制限 純正Mobifoneキャリア 当日発行可能 LINEで24時間サポート 出発前の接続テスト用 日本国内500MB eSIM付 4G-LTE対応 プリペイド ESIMプラン Vietnam ハノイ ホーチミン esi""], ""review_count"": [""detail_page: (5)""], ""bestseller_rank"": [""Amazon 売れ筋ランキング 家電＆カメラ - 4,369位 ( 家電＆カメラの売れ筋ランキングを見る ) プリペイドSIMカード - 45位""], ""title"": [""【Almond eSIM】 ベトナム 3日間 完全無制限 純正Mobifoneキャリア 当日発行可能 LINEで24時間サポート 出発前の接続テスト用 日本国内500MB eSIM付 4G-LTE対応 プリペイド ESIMプラン Vietnam ハノイ ホーチミン esimカード (esim/3日間)""]}"
amazon_jp,vn,【Simmy公式】ベトナム eSIM 3日間 返金交換無料 データ無制限 困ったらLINEで相談OK,890,3400,,,,,318,3일,3일,7일,local,5g_capable,,,"{""viettel"": true, ""vinaphone"": null, ""mobifone"": true, ""vietnamobile"": true}","{""skt"": null, ""kt"": null, ""lgu"": null}",unlimited,https://www.amazon.co.jp/%E3%80%90Simmy%E5%85%AC%E5%BC%8F%E3%80%91%E3%83%99%E3%83%88%E3%83%8A%E3%83%A0-eSIM-%E8%BF%94%E9%87%91%E4%BA%A4%E6%8F%9B%E7%84%A1%E6%96%99-%E3%83%87%E3%83%BC%E3%82%BF%E7%84%A1%E5%88%B6%E9%99%90-%E5%9B%B0%E3%81%A3%E3%81%9F%E3%82%89LINE%E3%81%A7%E7%9B%B8%E8%AB%87OK/dp/B0F892LD1R,B0F892LD1R,B0F892LD1R,Simmy: The Easiest eSIM App,ブランド: Simmy,"{""price_jpy"": [""￥890""], ""usage_validity"": [""【Simmy公式】ベトナム eSIM 3日間 返金交換無料 データ無制限 困ったらLINEで相談OK""], ""activation_validity"": [""【ベトナムSIMカード】 7日間 ビナフォン正規 高速データ無制限(速度低下なし) 受信専用番号付き 有効期限 / ご購入日より30日以内 (7日／SIMカード)""], ""data_amount"": [""Amazon.co.jp: 【Simmy公式】ベトナム eSIM 3日間 返金交換無料 データ無制限 困ったらLINEで相談OK | 海外旅行 出張 留学 / iPhone android 対応 / テザリング 5G 対応 / 海外に着いてから日数カウント / QRコードを読み込むだけ 設定ガイド付き / 24時間365日サポート / 初めてのイーシムでも安""], ""network_type"": [""【ベトナムSIMカード】5日間 高速データ通信 無制限(速度低下なし) データ通信専用 | 4G/5G対応 ベトナム現地通信回線 mewfi"", ""score: local=3, roaming=0""], ""network_generation"": [""product_info_cellular_5g: source:product_info_cellular: 携帯電話技術 5G, 4G, LTE""], ""carrier_support_local"": [""MobiFone: サービスプロバイダ Mobifone"", ""Vietnamobile: Vietnamobile ベトナムSIM｜利用期間20日間｜毎日5GB 高速データ通信｜4G/3G対応｜プリペイドSIMカード｜ベトナム旅行・出張向け 24時間サポート (5日間｜eSIM)"", ""Viettel: 【Viettel純正品】ベトナム eSIM 5日間【高速データ1日5GB (合計最大25GB) 】5G-4G-LTE/テザリング 【データのみ】 プリペイド SIM Vietnam esim 5days"", ""MobiFone: 【Almond eSIM】 ベトナム 7日間 完全無制限 純正Mobifoneキャリア 当日発行可能 LINEで24時間サポート 出発前の接続テスト用 日本国内500MB eSIM付 4G-LTE対応 プリペイド ESIMプラン Vietnam ハノイ ホーチミン esimカード (esim/7日間"", ""Vietnamobile: 【ベトナム SIMカード】20日間 Vietnamobile ベトナムプリペイドSIM 5GB/日利用可能 4G/3G対応 データ通信専用 ベトナム simカード (20日間 1枚)"", ""Vietnamobile: Vietnamobile ベトナムSIM｜利用期間20日間｜毎日5GB 高速データ通信｜4G/3G対応｜プリペイドSIMカード｜ベトナム旅行・出張向け 24時間サポート (20日間)"", ""MobiFone: Amazon.co.jp: 【Simmy公式】ベトナム eSIM 3日間 返金交換無料 データ無制限 困ったらLINEで相談OK | 海外旅行 出張 留学 / iPhone android 対応 / テザリング 5G 対応 / 海外に着いてから日数カウント / QRコードを読み込むだけ 設定ガイド付""], ""review_count"": [""detail_page: 「ちゃんと使えるか不安…」 そんな声に応え続けてきたeSIMです。 Simmyは、累計販売数7.5万人以上、130カ国のユーザーに利用され、 アプリストア評価3,400件超の実績があります。 海外旅行のプロが常駐し、24時間365日サポート。 LINE・公式チャット対応なので、トラブル時もすぐ相談できます！ アプリから残量チェック＆容量追加も可能。 旅行中の""], ""bestseller_rank"": [""Amazon 売れ筋ランキング 家電＆カメラ - 12,837位 ( 家電＆カメラの売れ筋ランキングを見る ) プリペイドSIMカード - 318位""], ""title"": [""【Simmy公式】ベトナム eSIM 3日間 返金交換無料 データ無制限 困ったらLINEで相談OK""]}"
amazon_jp,vn,ベトナム eSIM | 4日間 無制限 | 高速データ使い放題 | 即日発行可能｜ ベトナム sim 説明書付 LINEで24時間サポート イーシム,988,4,,,,,140,4일,4일,90일,local,lte_4g_only,,,"{""viettel"": null, ""vinaphone"": null, ""mobifone"": true, ""vietnamobile"": true}","{""skt"": null, ""kt"": null, ""lgu"": null}",unlimited,https://www.amazon.co.jp/%E3%83%99%E3%83%88%E3%83%8A%E3%83%A0-4%E6%97%A5%E9%96%93-%E5%8D%B3%E6%97%A5%E7%99%BA%E8%A1%8C%E5%8F%AF%E8%83%BD%EF%BD%9C%E3%83%8D%E3%83%83%E3%83%88%E5%86%85%E7%84%A1%E6%96%99%E9%80%9A%E8%A9%B1500%E5%88%86-%E7%B4%94%E6%AD%A3Mobifone%E3%82%AD%E3%83%A3%E3%83%AA%E3%82%A2-LINE%E3%81%A724%E6%99%82%E9%96%93%E3%82%B5%E3%83%9D%E3%83%BC%E3%83%88/dp/B0DV48SSP7,B0DV48SSP7,B0DV48SSP7,Global Simcard,アーモンド　ＳＩｍ　ｃａｒｄのストアを表示,"{""price_jpy"": [""￥988""], ""usage_validity"": [""ベトナム eSIM | 4日間 無制限 | 高速データ使い放題 | 即日発行可能｜ ベトナム sim 説明書付 LINEで24時間サポート イーシム""], ""activation_validity"": [""【有効期限】メールで納品後、90日以内にご利用ください。""], ""data_amount"": [""【高速データ無制限】高速データ容量は無制限。完全使い放題プラン、 本人確認不要、simカード認証不要。""], ""network_type"": [""【ベトナムSIMカード】5日間 高速データ通信 無制限(速度低下なし) データ通信専用 | 4G/5G対応 ベトナム現地通信回線 mewfi"", ""【ベトナム eSIM 5日間】高速データ通信 完全無制限｜当日発行可能｜電話番号付き・純正Mobifoneキャリア｜LINE相談受付中・すぐに使える｜イーシム ベトナム sim 24時間LINEサポート (eSIM | 5日間)"", ""score: local=12, roaming=0""], ""network_generation"": [""product_info_cellular_4g_lte: source:product_info_cellular: 携帯電話技術 4G-LTE""], ""carrier_support_local"": [""MobiFone: サービスプロバイダ Mobifone"", ""MobiFone: ベトナム eSIM 無制限 7日間 高速データ使い放題 旅行・出張向け 5G/4G LTE 現地mobifone回線対応 Vietnam eSIM Unlimited データ通信専用 esim対応端末のみ (7日間)"", ""MobiFone: 【Almond eSIM】 ベトナム 7日間 完全無制限 純正Mobifoneキャリア 当日発行可能 LINEで24時間サポート 出発前の接続テスト用 日本国内500MB eSIM付 4G-LTE対応 プリペイド ESIMプラン Vietnam ハノイ ホーチミン esimカード (esim/7日間"", ""Vietnamobile: Vietnamobile ベトナムSIM｜利用期間20日間｜毎日5GB 高速データ通信｜4G/3G対応｜プリペイドSIMカード｜ベトナム旅行・出張向け 24時間サポート (20日間)"", ""Vietnamobile: 【ベトナム SIMカード】20日間 Vietnamobile ベトナムプリペイドSIM 5GB/日利用可能 4G/3G対応 データ通信専用 ベトナム simカード (20日間 1枚)"", ""Vietnamobile: 【ベトナム SIMカード】20日間 Vietnamobile ベトナムプリペイドSIM 5GB/日利用可能 4G/3G対応 データ通信専用 ベトナム simカード (20日間 1枚)"", ""Vietnamobile: 【ベトナム SIMカード】20日間 Vietnamobile ベトナムプリペイドSIM 5GB/日利用可能 4G/3G対応 データ通信専用 ベトナム simカード (20日間 1枚)"", ""MobiFone: ベトナム eSIM 無制限 7日間 高速データ使い放題 旅行・出張向け 5G/4G LTE 現地mobifone回線対応 Vietnam eSIM Unlimited データ通信専用 esim対応端末のみ (7日間)"", ""MobiFone: 【ベトナム eSIM 5日間】高速データ通信 完全無制限｜当日発行可能｜電話番号付き・純正Mobifoneキャリア｜LINE相談受付中・すぐに使える｜イーシム ベトナム sim 24時間LINEサポート (eSIM | 5日間)"", ""MobiFone: Amazon.co.jp: ベトナム eSIM | 4日間 無制限 | 高速データ使い放題 | 即日発行可能｜ ベトナム sim 説明書付 LINEで24時間サポート イーシム : 家電＆カメラ 次に移動 メインコンテンツ この商品について この商品について この商品について 購入オプション 類似商""], ""review_count"": [""detail_page: (4)""], ""bestseller_rank"": [""Amazon 売れ筋ランキング 家電＆カメラ - 11,448位 ( 家電＆カメラの売れ筋ランキングを見る ) プリペイドSIMカード - 140位""], ""title"": [""ベトナム eSIM | 4日間 無制限 | 高速データ使い放題 | 即日発行可能｜ ベトナム sim 説明書付 LINEで24時間サポート イーシム""]}"
amazon_jp,vn,アジア25ヵ国SIM 利用日数30日 データ容量7GB アジア周遊プリペイドSIM ローミングSIM 利用国(インド、オーストラリア、韓国、グアム、サイパン、シンガポール、タイ、台湾、中国、日本、フィリピン、ベトナム、香港、マカオ、マレーシア等),1680,4,,,100,,56,1일,1일,30일,unknown,5g_capable,,,"{""viettel"": null, ""vinaphone"": null, ""mobifone"": null, ""vietnamobile"": null}","{""skt"": null, ""kt"": null, ""lgu"": null}",7GB,https://www.amazon.co.jp/%E3%82%A2%E3%82%B8%E3%82%A225%E3%83%B5%E5%9B%BDSIM-%E3%83%87%E3%83%BC%E3%82%BF%E5%AE%B9%E9%87%8F7GB-%E3%82%A2%E3%82%B8%E3%82%A2%E5%91%A8%E9%81%8A%E3%83%97%E3%83%AA%E3%83%9A%E3%82%A4%E3%83%89SIM-%E3%83%AD%E3%83%BC%E3%83%9F%E3%83%B3%E3%82%B0SIM/dp/B0H3MW2MBS,B0H3MW2MBS,B0H3MW2MBS,ブランド: Wise SIM,ブランド: Wise SIM,"{""price_jpy"": [""価格 ￥1,680 ￥1,786 ￥1,399 ￥2,830 ￥1,785""], ""usage_validity"": [""■利用期間：香港の通信会社が発行しているSIMの為、香港時間を基準として電波を受信後30日(日数カウント) 例えば香港の23時に利用開始した場合、1時間で1日分としてカウントされますのでご留意ください。""], ""activation_validity"": [""アジア25ヵ国SIM 利用日数30日 データ容量7GB アジア周遊プリペイドSIM ローミングSIM 利用国(インド、オーストラリア、韓国、グアム、サイパン、シンガポール、タイ、台湾、中国、日本、フィリピン、ベトナム、香港、マカオ、マレーシア等)""], ""data_amount"": [""【データ容量】 7GBまで高速データ通信利用が可能です。 ※7GBのデータ量を超過後は128kbpsへ速度低下となりますが止まる事なく利用可能です。""], ""network_type"": [""local_signal: 【ヨーロッパ eSIM Orange holiday 】30日間 20GB 電話番号付き ヨーロッパで通話とSMS無制限 国際通話30分+SMS200通 イギリス フランス イタリアなど欧州諸国対応 24時間サポート (30日間 20GB（電話番号付き）)"", ""roaming_signal: アジア25ヵ国SIM 利用日数30日 データ容量7GB アジア周遊プリペイドSIM ローミングSIM 利用国(インド、オーストラリア、韓国、グアム、サイパン、シンガポール、タイ、台湾、中国、日本、フィリピン、ベトナム、香港、マカオ、マレーシア等)"", ""insufficient_or_conflicting_signals(local=3, roaming=8)""], ""network_generation"": [""product_info_cellular_5g: source:product_info_cellular: 携帯電話技術 5G/4G/LTE"", ""product_info_cellular_4g_lte_signal_present_but_5g_capable_takes_precedence""], ""monthly_sold_count"": [""search_result_fallback: 100""], ""review_count"": [""detail_page: (4)""], ""bestseller_rank"": [""Amazon 売れ筋ランキング 家電＆カメラ - 5,306位 ( 家電＆カメラの売れ筋ランキングを見る ) プリペイドSIMカード - 56位""], ""title"": [""アジア25ヵ国SIM 利用日数30日 データ容量7GB アジア周遊プリペイドSIM ローミングSIM 利用国(インド、オーストラリア、韓国、グアム、サイパン、シンガポール、タイ、台湾、中国、日本、フィリピン、ベトナム、香港、マカオ、マレーシア等)""]}"
amazon_jp,vn,ベトナム SIMカード｜Vietnamobile 正規品｜20日間・毎日5GB 4G・3G接続 ｜24時間LINEサポート ベトナム プリペイドSIM ベトナム sim (5日間),880,31,,,,,268,20일,20일,31일,local,lte_4g_only,,,"{""viettel"": null, ""vinaphone"": null, ""mobifone"": true, ""vietnamobile"": true}","{""skt"": null, ""kt"": null, ""lgu"": null}",5GB/day,https://www.amazon.co.jp/SIM%E3%82%AB%E3%83%BC%E3%83%89%EF%BD%9CVietnamobile-%E6%AD%A3%E8%A6%8F%E5%93%81%EF%BD%9C20%E6%97%A5%E9%96%93%E3%83%BB%E6%AF%8E%E6%97%A55GB-4G%E3%83%BB3G%E6%8E%A5%E7%B6%9A-%EF%BD%9C24%E6%99%82%E9%96%93LINE%E3%82%B5%E3%83%9D%E3%83%BC%E3%83%88-%E3%83%97%E3%83%AA%E3%83%9A%E3%82%A4%E3%83%89SIM/dp/B0GPD6GGQD,B0GPD6GGQD,B0GPD6GGQD,Global Simcard,アーモンド　ＳＩｍ　ｃａｒｄのストアを表示,"{""price_jpy"": [""￥880""], ""usage_validity"": [""ベトナム SIMカード｜Vietnamobile 正規品｜20日間・毎日5GB 4G・3G接続 ｜24時間LINEサポート ベトナム プリペイドSIM ベトナム sim (5日間)""], ""activation_validity"": [""【有効期限】2026年7月31日。""], ""data_amount"": [""【データ通信量】ベトナムにて20日間ご利用いただける、4G/3G対応の高速データ通信プリペイドSIMカードです。1日あたり5GBまで高速データ通信をご利用いただけます。※5GB超過後は通信速度が128kbpsに制限されますが、通信が停止することなく引き続きご利用可能です。翌日になると再び5GBまで高速通信をご利用いただけます。""], ""network_type"": [""【Almond SIM】 ベトナム 5日間 完全無制限 電話番号付き｜純正Vietnamobile キャリア ｜ホーチミン・ハノイなど 対応｜LINEで24時間サポート｜4G-LTE対応 プリペイドsim ｜Vietnam simカード (物理sim/5日間)"", ""score: local=3, roaming=0""], ""network_generation"": [""product_info_cellular_4g_lte: source:product_info_cellular: 携帯電話技術 4G/3G""], ""carrier_support_local"": [""Vietnamobile: サービスプロバイダ Vietnamobile"", ""Vietnamobile: Amazon.co.jp: ベトナム SIMカード｜Vietnamobile 正規品｜20日間・毎日5GB 4G・3G接続 ｜24時間LINEサポート ベトナム プリペイドSIM ベトナム sim (5日間) : 家電＆カメラ"", ""Vietnamobile: ベトナム SIMカード｜Vietnamobile 正規品｜20日間・毎日5GB 4G・3G接続 ｜24時間LINEサポート ベトナム プリペイドSIM ベトナム sim (5日間)"", ""Vietnamobile: 【Almond SIM】 ベトナム 5日間 完全無制限 電話番号付き｜純正Vietnamobile キャリア ｜ホーチミン・ハノイなど 対応｜LINEで24時間サポート｜4G-LTE対応 プリペイドsim ｜Vietnam simカード (物理sim/5日間)"", ""Vietnamobile: Vietnamobile ベトナムSIM｜利用期間20日間｜毎日5GB 高速データ通信｜4G/3G対応｜プリペイドSIMカード｜ベトナム旅行・出張向け 24時間サポート (5日間｜eSIM)"", ""Vietnamobile: 【ベトナム SIMカード】20日間 Vietnamobile ベトナムプリペイドSIM 5GB/日利用可能 4G/3G対応 データ通信専用 ベトナム simカード (20日間 1枚)"", ""Vietnamobile: ベトナム SIMカード｜Vietnamobile 正規品｜20日間・毎日5GB 4G・3G接続 ｜24時間LINEサポート ベトナム プリペイドSIM ベトナム sim (5日間)"", ""Vietnamobile: お得な2枚セット Vietnamobile ベトナムプリペイドSIM 4G・3G 20日利用 データ容量80GB"", ""MobiFone: 【Almond eSIM】 ベトナム 7日間 完全無制限 純正Mobifoneキャリア 当日発行可能 LINEで24時間サポート 出発前の接続テスト用 日本国内500MB eSIM付 4G-LTE対応 プリペイド ESIMプラン Vietnam ハノイ ホーチミン esimカード (esim/7日間"", ""Vietnamobile: 【ベトナム SIMカード】20日間 Vietnamobile ベトナムプリペイドSIM 5GB/日利用可能 4G/3G対応 データ通信専用 ベトナム simカード (20日間 1枚)"", ""Vietnamobile: ベトナム SIMカード｜Vietnamobile 正規品｜20日間・毎日5GB 4G・3G接続 ｜24時間LINEサポート ベトナム プリペイドSIM ベトナム sim (5日間)"", ""Vietnamobile: Amazon.co.jp: ベトナム SIMカード｜Vietnamobile 正規品｜20日間・毎日5GB 4G・3G接続 ｜24時間LINEサポート ベトナム プリペイドSIM ベトナム sim (5日間) : 家電＆カメラ 次に移動 メインコンテンツ この商品について この商品について この商品""], ""review_count"": [""detail_page: (31)""], ""bestseller_rank"": [""Amazon 売れ筋ランキング 家電＆カメラ - 21,139位 ( 家電＆カメラの売れ筋ランキングを見る ) プリペイドSIMカード - 268位""], ""title"": [""ベトナム SIMカード｜Vietnamobile 正規品｜20日間・毎日5GB 4G・3G接続 ｜24時間LINEサポート ベトナム プリペイドSIM ベトナム sim (5日間)""]}"
amazon_jp,vn,【ベトナム eSIM】 (5日間) プリペイド eSIM 高速データ通信無制限 純正Mobifoneキャリア 当日発行可能 説明書付き LINEで24時間サポート 4G/5G-LTE対応 ハノイsimカードway2esim,1180,10,,,,,418,5일,5일,90일,local,lte_4g_only,,,"{""viettel"": true, ""vinaphone"": null, ""mobifone"": true, ""vietnamobile"": true}","{""skt"": null, ""kt"": null, ""lgu"": null}",unlimited,https://www.amazon.co.jp/5%E6%97%A5%E9%96%93-%E9%AB%98%E9%80%9F%E3%83%87%E3%83%BC%E3%82%BF%E9%80%9A%E4%BF%A1%E7%84%A1%E5%88%B6%E9%99%90-%E7%B4%94%E6%AD%A3Mobifone%E3%82%AD%E3%83%A3%E3%83%AA%E3%82%A2-LINE%E3%81%A724%E6%99%82%E9%96%93%E3%82%B5%E3%83%9D%E3%83%BC%E3%83%88-%E3%83%8F%E3%83%8E%E3%82%A4sim%E3%82%AB%E3%83%BC%E3%83%89way2esim/dp/B0GGQH11SZ,B0GGQH11SZ,B0GGQH11SZ,eSIM株式会社,way2esimのストアを表示,"{""price_jpy"": [""￥1,180""], ""usage_validity"": [""【ベトナム eSIM】 (5日間) プリペイド eSIM 高速データ通信無制限 純正Mobifoneキャリア 当日発行可能 説明書付き LINEで24時間サポート 4G/5G-LTE対応 ハノイsimカードway2esim""], ""activation_validity"": [""注意事項①：eSIM情報メール受信後90日以内にご利用ください。Mobifone回線の仕様により、eSIMはご利用開始時刻の24時間前までにご予約いただく必要がございます。スムーズにご利用いただくため、事前のお手続きをおすすめいたします。""], ""data_amount"": [""【高速無制限データ＆速度制限なし】：このベトナムeSIMは、高速データ通信が無制限利用可能です。""], ""network_type"": [""【ベトナム eSIM】高速データ通信 純正Mobifoneキャリア 無料着信・SMS受信対応 電話番号付き 当日発行可能&180日間有効 LINEで24時間サポート ハノイsimカード 旅行出張 way2esim (7日間)"", ""【ベトナム eSIM】高速データ通信 純正Mobifoneキャリア 無料着信・SMS受信対応 電話番号付き 当日発行可能&180日間有効 LINEで24時間サポート ハノイsimカード 旅行出張 way2esim (5日間)"", ""score: local=9, roaming=0""], ""network_generation"": [""product_info_cellular_4g_lte: source:product_info_cellular: 携帯電話技術 LTE""], ""carrier_support_local"": [""MobiFone: 注意事項①：eSIM情報メール受信後90日以内にご利用ください。Mobifone回線の仕様により、eSIMはご利用開始時刻の24時間前までにご予約いただく必要がございます。スムーズにご利用いただくため、事前のお手続きをおすすめいたします。"", ""MobiFone: サービスプロバイダ Mobifone"", ""MobiFone: Amazon.co.jp: 【ベトナム eSIM】 (5日間) プリペイド eSIM 高速データ通信無制限 純正Mobifoneキャリア 当日発行可能 説明書付き LINEで24時間サポート 4G/5G-LTE対応 ハノイsimカードway2esim : 家電＆カメラ"", ""MobiFone: 【ベトナム eSIM】 (5日間) プリペイド eSIM 高速データ通信無制限 純正Mobifoneキャリア 当日発行可能 説明書付き LINEで24時間サポート 4G/5G-LTE対応 ハノイsimカードway2esim"", ""Viettel: 【Viettel純正品】ベトナム eSIM 7日間【高速データ1日5GB (合計最大35GB) 】5G-4G-LTE/テザリング 【データのみ】 プリペイド SIM Vietnam esim 7days"", ""MobiFone: 【Almond eSIM】 ベトナム 7日間 完全無制限 純正Mobifoneキャリア 当日発行可能 LINEで24時間サポート 出発前の接続テスト用 日本国内500MB eSIM付 4G-LTE対応 プリペイド ESIMプラン Vietnam ハノイ ホーチミン esimカード (esim/7日間"", ""MobiFone: 【ベトナム eSIM】高速データ通信 純正Mobifoneキャリア 無料着信・SMS受信対応 電話番号付き 当日発行可能&180日間有効 LINEで24時間サポート ハノイsimカード 旅行出張 way2esim (7日間)"", ""Vietnamobile: 【ベトナム SIMカード】20日間 Vietnamobile ベトナムプリペイドSIM 5GB/日利用可能 4G/3G対応 データ通信専用 ベトナム simカード (20日間 1枚)"", ""MobiFone: 【ベトナム eSIM】 (5日間) プリペイド eSIM 高速データ通信無制限 純正Mobifoneキャリア 当日発行可能 説明書付き LINEで24時間サポート 4G/5G-LTE対応 ハノイsimカードway2esim"", ""MobiFone: 【ベトナム eSIM】高速データ通信 純正Mobifoneキャリア 無料着信・SMS受信対応 電話番号付き 当日発行可能&180日間有効 LINEで24時間サポート ハノイsimカード 旅行出張 way2esim (5日間)"", ""Vietnamobile: 【Almond SIM】 ベトナム 5日間 完全無制限 電話番号付き｜純正Vietnamobile キャリア ｜ホーチミン・ハノイなど 対応｜LINEで24時間サポート｜4G-LTE対応 プリペイドsim ｜Vietnam simカード (物理sim/5日間)"", ""MobiFone: 【ベトナム eSIM】 (5日間) プリペイド eSIM 高速データ通信無制限 純正Mobifoneキャリア 当日発行可能 説明書付き LINEで24時間サポート 4G/5G-LTE対応 ハノイsimカードway2esim"", ""MobiFone: Amazon.co.jp: 【ベトナム eSIM】 (5日間) プリペイド eSIM 高速データ通信無制限 純正Mobifoneキャリア 当日発行可能 説明書付き LINEで24時間サポート 4G/5G-LTE対応 ハノイsimカードway2esim : 家電＆カメラ 次に移動 メインコンテンツ こ""], ""review_count"": [""detail_page: (10)""], ""bestseller_rank"": [""Amazon 売れ筋ランキング 家電＆カメラ - 34,667位 ( 家電＆カメラの売れ筋ランキングを見る ) プリペイドSIMカード - 418位""], ""title"": [""【ベトナム eSIM】 (5日間) プリペイド eSIM 高速データ通信無制限 純正Mobifoneキャリア 当日発行可能 説明書付き LINEで24時間サポート 4G/5G-LTE対応 ハノイsimカードway2esim""]}"
amazon_jp,vn,【ベトナムeSIM】4日間完全無制限（三泊四日 使い放題） DeSiM正規卸 | LINE相談受付中｜データ通信専用（電話番号なし） | simフリー端末のみ対応 説明書付 イーシム DeSiM,1760,6,,,,,829,4일,4일,7일,unknown,lte_4g_only,,,"{""viettel"": null, ""vinaphone"": null, ""mobifone"": null, ""vietnamobile"": true}","{""skt"": null, ""kt"": null, ""lgu"": null}",unlimited,https://www.amazon.co.jp/%E3%80%90%E3%83%99%E3%83%88%E3%83%8A%E3%83%A0eSIM%E3%80%914%E6%97%A5%E9%96%93%E5%AE%8C%E5%85%A8%E7%84%A1%E5%88%B6%E9%99%90%EF%BC%88%E4%B8%89%E6%B3%8A%E5%9B%9B%E6%97%A5-DeSiM%E6%AD%A3%E8%A6%8F%E5%8D%B8-LINE%E7%9B%B8%E8%AB%87%E5%8F%97%E4%BB%98%E4%B8%AD%EF%BD%9C%E3%83%87%E3%83%BC%E3%82%BF%E9%80%9A%E4%BF%A1%E5%B0%82%E7%94%A8%EF%BC%88%E9%9B%BB%E8%A9%B1%E7%95%AA%E5%8F%B7%E3%81%AA%E3%81%97%EF%BC%89-sim%E3%83%95%E3%83%AA%E3%83%BC%E7%AB%AF%E6%9C%AB%E3%81%AE%E3%81%BF%E5%AF%BE%E5%BF%9C-DeSiM/dp/B0DLVX6STY,B0DLVX6STY,B0DLVX6STY,DeSiM,DeSiMのストアを表示,"{""price_jpy"": [""￥1,760""], ""usage_validity"": [""【ベトナムeSIM】4日間完全無制限（三泊四日 使い放題） DeSiM正規卸 | LINE相談受付中｜データ通信専用（電話番号なし） | simフリー端末のみ対応 説明書付 イーシム DeSiM""], ""activation_validity"": [""【ベトナムSIMカード】 7日間 ビナフォン正規 高速データ無制限(速度低下なし) 受信専用番号付き 有効期限 / ご購入日より30日以内 (7日／SIMカード)""], ""data_amount"": [""商品の説明 購入前の注意事項 【注意事項】 注意事項①：電話番号は付与されませんので、ご注意ください。 注意事項②：SIMロックフリー端末、もしくはSIMフリー端末専用のサービスです。必ず、ご利用端末がeSIM対応かどうかご確認ください。 注意事項③：2021年10月1日以前にSIMロック解除をキャリア店頭またはインターネットでされた「Android端末」は""], ""network_type"": [""local_signal: 商品の説明 購入前の注意事項 【注意事項】 注意事項①：電話番号は付与されませんので、ご注意ください。 注意事項②：SIMロックフリー端末、もしくはSIMフリー端末専用のサービスです。必ず、ご利用端末がeSIM対応かどうかご確認ください。 注意事項③：2021年10月1日以前にSIMロック解除をキャリア店頭またはインターネットでされた「Android端末」は"", ""roaming_signal: 商品の説明 購入前の注意事項 【注意事項】 注意事項①：電話番号は付与されませんので、ご注意ください。 注意事項②：SIMロックフリー端末、もしくはSIMフリー端末専用のサービスです。必ず、ご利用端末がeSIM対応かどうかご確認ください。 注意事項③：2021年10月1日以前にSIMロック解除をキャリア店頭またはインターネットでされた「Android端末」は"", ""insufficient_or_conflicting_signals(local=9, roaming=4)""], ""network_generation"": [""product_info_cellular_4g_lte: source:product_info_cellular: 携帯電話技術 LTE, NR""], ""carrier_support_local"": [""Vietnamobile: サービスプロバイダ Vietnamobile"", ""Vietnamobile: 【ベトナム SIMカード】20日間 Vietnamobile ベトナムプリペイドSIM 5GB/日利用可能 4G/3G対応 データ通信専用 ベトナム simカード (20日間 1枚)"", ""Vietnamobile: Amazon.co.jp: 【ベトナムeSIM】4日間完全無制限（三泊四日 使い放題） DeSiM正規卸 | LINE相談受付中｜データ通信専用（電話番号なし） | simフリー端末のみ対応 説明書付 イーシム DeSiM : 家電＆カメラ 次に移動 メインコンテンツ この商品について この商品につ""], ""review_count"": [""detail_page: (6)""], ""bestseller_rank"": [""Amazon 売れ筋ランキング 家電＆カメラ - 87,197位 ( 家電＆カメラの売れ筋ランキングを見る ) プリペイドSIMカード - 829位""], ""title"": [""【ベトナムeSIM】4日間完全無制限（三泊四日 使い放題） DeSiM正規卸 | LINE相談受付中｜データ通信専用（電話番号なし） | simフリー端末のみ対応 説明書付 イーシム DeSiM""]}"
amazon_jp,vn,【esim】6日間 ベトナムSIMカード 完全無制限 【Mobifone正規回線】 高速データ使い放題 当日発行可能 ベトナムesim 24時間LINEサポート ベトナム sim,1380,9,,,,,122,6일,6일,90일,local,lte_4g_only,,,"{""viettel"": null, ""vinaphone"": null, ""mobifone"": true, ""vietnamobile"": true}","{""skt"": null, ""kt"": null, ""lgu"": null}",6GB/day,https://www.amazon.co.jp/%E3%80%90esim%E3%80%916%E6%97%A5%E9%96%93-%E3%83%99%E3%83%88%E3%83%8A%E3%83%A0SIM%E3%82%AB%E3%83%BC%E3%83%89-%E3%80%90Mobifone%E6%AD%A3%E8%A6%8F%E5%9B%9E%E7%B7%9A%E3%80%91-%E9%AB%98%E9%80%9F%E3%83%87%E3%83%BC%E3%82%BF%E4%BD%BF%E3%81%84%E6%94%BE%E9%A1%8C-24%E6%99%82%E9%96%93LINE%E3%82%B5%E3%83%9D%E3%83%BC%E3%83%88/dp/B0DH35V5Z6,B0DH35V5Z6,B0DH35V5Z6,Global Simcard,アーモンド　ＳＩｍ　ｃａｒｄのストアを表示,"{""price_jpy"": [""￥1,380""], ""usage_validity"": [""【esim】6日間 ベトナムSIMカード 完全無制限 【Mobifone正規回線】 高速データ使い放題 当日発行可能 ベトナムesim 24時間LINEサポート ベトナム sim""], ""activation_validity"": [""⭐【有効期限】eSIMのQRコード発行日から90日以内にご利用ください。""], ""data_amount"": [""⭐【データ容量】データは無制限ですが、1日あたり6GBを超えると速度が128kbpsに制限されます。制限は現地時間0時にリセットされます。※一部地域では電波が届かない場合があります。""], ""network_type"": [""【Almond SIM】 ベトナム 5日間 完全無制限 電話番号付き｜純正Vietnamobile キャリア ｜ホーチミン・ハノイなど 対応｜LINEで24時間サポート｜4G-LTE対応 プリペイドsim ｜Vietnam simカード (物理sim/5日間)"", ""【チョコSIM 定額（Sプラン）】【中国の電話番号付きでアプリや施設サービスのSMS認証が可能】【データ容量】合計500MB/月【音声】合計20分間/月 データ/音声/SMS付きSIMカード 中国SIM マカオSIM China unicom ※こちらのSIMカードは契約後、毎月の基本料が発生いたします。※2024年11月1日から台湾でのご利用はできなくなり"", ""score: local=9, roaming=0""], ""network_generation"": [""product_info_cellular_4g_lte: source:product_info_cellular: 携帯電話技術 LTE""], ""carrier_support_local"": [""MobiFone: サービスプロバイダ Mobifone"", ""MobiFone: Amazon.co.jp: 【esim】6日間 ベトナムSIMカード 完全無制限 【Mobifone正規回線】 高速データ使い放題 当日発行可能 ベトナムesim 24時間LINEサポート ベトナム sim : 家電＆カメラ"", ""MobiFone: 【esim】6日間 ベトナムSIMカード 完全無制限 【Mobifone正規回線】 高速データ使い放題 当日発行可能 ベトナムesim 24時間LINEサポート ベトナム sim"", ""Vietnamobile: 【ベトナム SIMカード】20日間 Vietnamobile ベトナムプリペイドSIM 5GB/日利用可能 4G/3G対応 データ通信専用 ベトナム simカード (20日間 1枚)"", ""Vietnamobile: 【Almond SIM】 ベトナム 5日間 完全無制限 電話番号付き｜純正Vietnamobile キャリア ｜ホーチミン・ハノイなど 対応｜LINEで24時間サポート｜4G-LTE対応 プリペイドsim ｜Vietnam simカード (物理sim/5日間)"", ""MobiFone: 【ベトナム eSIM】4日間 完全無制限 純正Mobifoneキャリア｜配送待ち不要・QRコード即時送付｜高速データ通信 使い放題 ｜24時間LINEサポート ベトナム sim ベトナムeSIM"", ""MobiFone: 【esim】6日間 ベトナムSIMカード 完全無制限 【Mobifone正規回線】 高速データ使い放題 当日発行可能 ベトナムesim 24時間LINEサポート ベトナム sim"", ""MobiFone: 【Almond eSIM】 ベトナム 7日間 完全無制限 純正Mobifoneキャリア 当日発行可能 LINEで24時間サポート 出発前の接続テスト用 日本国内500MB eSIM付 4G-LTE対応 プリペイド ESIMプラン Vietnam ハノイ ホーチミン esimカード (esim/7日間"", ""MobiFone: 【esim】6日間 ベトナムSIMカード 完全無制限 【Mobifone正規回線】 高速データ使い放題 当日発行可能 ベトナムesim 24時間LINEサポート ベトナム sim"", ""MobiFone: Amazon.co.jp: 【esim】6日間 ベトナムSIMカード 完全無制限 【Mobifone正規回線】 高速データ使い放題 当日発行可能 ベトナムesim 24時間LINEサポート ベトナム sim : 家電＆カメラ 次に移動 メインコンテンツ この商品について この商品について この商品に""], ""review_count"": [""detail_page: (9)""], ""bestseller_rank"": [""Amazon 売れ筋ランキング 家電＆カメラ - 10,286位 ( 家電＆カメラの売れ筋ランキングを見る ) プリペイドSIMカード - 122位""], ""title"": [""【esim】6日間 ベトナムSIMカード 完全無制限 【Mobifone正規回線】 高速データ使い放題 当日発行可能 ベトナムesim 24時間LINEサポート ベトナム sim""]}"
amazon_jp,vn,【esim】4日間 ベトナム esim 完全無制限 【Mobifone正規回線】 高速データ使い放題 当日発行可能・メールで即時受取 ベトナムesim 24時間LINEサポート ベトナム sim,1120,1,,,,,122,4일,4일,30일,unknown,lte_4g_only,,,"{""viettel"": null, ""vinaphone"": null, ""mobifone"": true, ""vietnamobile"": true}","{""skt"": null, ""kt"": null, ""lgu"": null}",unlimited,https://www.amazon.co.jp/%E3%80%90esim%E3%80%914%E6%97%A5%E9%96%93-%E3%80%90Mobifone%E6%AD%A3%E8%A6%8F%E5%9B%9E%E7%B7%9A%E3%80%91-%E9%AB%98%E9%80%9F%E3%83%87%E3%83%BC%E3%82%BF%E4%BD%BF%E3%81%84%E6%94%BE%E9%A1%8C-%E5%BD%93%E6%97%A5%E7%99%BA%E8%A1%8C%E5%8F%AF%E8%83%BD%E3%83%BB%E3%83%A1%E3%83%BC%E3%83%AB%E3%81%A7%E5%8D%B3%E6%99%82%E5%8F%97%E5%8F%96-24%E6%99%82%E9%96%93LINE%E3%82%B5%E3%83%9D%E3%83%BC%E3%83%88/dp/B0GVJKY936,B0GVJKY936,B0GVJKY936,Global Simcard,アーモンド　ＳＩｍ　ｃａｒｄのストアを表示,"{""price_jpy"": [""￥1,120""], ""usage_validity"": [""【esim】4日間 ベトナム esim 完全無制限 【Mobifone正規回線】 高速データ使い放題 当日発行可能・メールで即時受取 ベトナムesim 24時間LINEサポート ベトナム sim""], ""activation_validity"": [""⭐【有効期限】eSIMのQRコード発行日から30日以内にご利用ください。""], ""data_amount"": [""⭐【高速データ無制限】高速データ容量は無制限。完全使い放題プラン、 本人確認不要、simカード認証不要。""], ""network_type"": [""no_local_or_roaming_keyword_matched""], ""network_generation"": [""product_info_cellular_4g_lte: source:product_info_cellular: 携帯電話技術 LTE""], ""carrier_support_local"": [""MobiFone: ⭐【簡単スタート】ご購入後、専用サイト（https://jp.www.easyglobalesim.com/esim）で情報を入力すると、設定ガイドとQRコードがメールで届きます。QRコードをスキャンするだけで、すぐに接続できます（※通信環境が必要です）。 ⭐【データ容量】データは無制限ですが、1日"", ""MobiFone: サービスプロバイダ Mobifone"", ""MobiFone: Amazon.co.jp: 【esim】4日間 ベトナム esim 完全無制限 【Mobifone正規回線】 高速データ使い放題 当日発行可能・メールで即時受取 ベトナムesim 24時間LINEサポート ベトナム sim : 家電＆カメラ"", ""MobiFone: 【esim】4日間 ベトナム esim 完全無制限 【Mobifone正規回線】 高速データ使い放題 当日発行可能・メールで即時受取 ベトナムesim 24時間LINEサポート ベトナム sim"", ""MobiFone: 【Almond eSIM】 ベトナム 7日間 完全無制限 純正Mobifoneキャリア 当日発行可能 LINEで24時間サポート 出発前の接続テスト用 日本国内500MB eSIM付 4G-LTE対応 プリペイド ESIMプラン Vietnam ハノイ ホーチミン esimカード (esim/7日間"", ""MobiFone: 【ベトナム eSIM】4日間 完全無制限 純正Mobifoneキャリア｜配送待ち不要・QRコード即時送付｜高速データ通信 使い放題 ｜24時間LINEサポート ベトナム sim ベトナムeSIM"", ""Vietnamobile: 【ベトナム SIMカード】20日間 Vietnamobile ベトナムプリペイドSIM 5GB/日利用可能 4G/3G対応 データ通信専用 ベトナム simカード (20日間 1枚)"", ""MobiFone: 【esim】4日間 ベトナム esim 完全無制限 【Mobifone正規回線】 高速データ使い放題 当日発行可能・メールで即時受取 ベトナムesim 24時間LINEサポート ベトナム sim"", ""MobiFone: 【Almond eSIM】 ベトナム 7日間 完全無制限 純正Mobifoneキャリア 当日発行可能 LINEで24時間サポート 出発前の接続テスト用 日本国内500MB eSIM付 4G-LTE対応 プリペイド ESIMプラン Vietnam ハノイ ホーチミン esimカード (esim/7日間"", ""MobiFone: 【esim】4日間 ベトナム esim 完全無制限 【Mobifone正規回線】 高速データ使い放題 当日発行可能・メールで即時受取 ベトナムesim 24時間LINEサポート ベトナム sim"", ""MobiFone: Amazon.co.jp: 【esim】4日間 ベトナム esim 完全無制限 【Mobifone正規回線】 高速データ使い放題 当日発行可能・メールで即時受取 ベトナムesim 24時間LINEサポート ベトナム sim : 家電＆カメラ 次に移動 メインコンテンツ この商品について この商品につ""], ""review_count"": [""detail_page: (1)""], ""bestseller_rank"": [""Amazon 売れ筋ランキング 家電＆カメラ - 10,286位 ( 家電＆カメラの売れ筋ランキングを見る ) プリペイドSIMカード - 122位""], ""title"": [""【esim】4日間 ベトナム esim 完全無制限 【Mobifone正規回線】 高速データ使い放題 当日発行可能・メールで即時受取 ベトナムesim 24時間LINEサポート ベトナム sim""]}"
amazon_jp,vn,ベトナム SIMカード｜Vietnamobile 正規品｜20日間・毎日5GB 4G・3G接続 ｜24時間LINEサポート ベトナム プリペイドSIM ベトナム sim (10日間),620,31,,,,,268,20일,20일,31일,local,lte_4g_only,,,"{""viettel"": null, ""vinaphone"": null, ""mobifone"": true, ""vietnamobile"": true}","{""skt"": null, ""kt"": null, ""lgu"": null}",5GB/day,https://www.amazon.co.jp/SIM%E3%82%AB%E3%83%BC%E3%83%89%EF%BD%9CVietnamobile-%E6%AD%A3%E8%A6%8F%E5%93%81%EF%BD%9C20%E6%97%A5%E9%96%93%E3%83%BB%E6%AF%8E%E6%97%A55GB-4G%E3%83%BB3G%E6%8E%A5%E7%B6%9A-%EF%BD%9C24%E6%99%82%E9%96%93LINE%E3%82%B5%E3%83%9D%E3%83%BC%E3%83%88-%E3%83%97%E3%83%AA%E3%83%9A%E3%82%A4%E3%83%89SIM/dp/B0GPBYL6PD,B0GPBYL6PD,B0GPBYL6PD,Global Simcard,アーモンド　ＳＩｍ　ｃａｒｄのストアを表示,"{""price_jpy"": [""￥620""], ""usage_validity"": [""ベトナム SIMカード｜Vietnamobile 正規品｜20日間・毎日5GB 4G・3G接続 ｜24時間LINEサポート ベトナム プリペイドSIM ベトナム sim (10日間)""], ""activation_validity"": [""【有効期限】2026年7月31日。""], ""data_amount"": [""【データ通信量】ベトナムにて20日間ご利用いただける、4G/3G対応の高速データ通信プリペイドSIMカードです。1日あたり5GBまで高速データ通信をご利用いただけます。※5GB超過後は通信速度が128kbpsに制限されますが、通信が停止することなく引き続きご利用可能です。翌日になると再び5GBまで高速通信をご利用いただけます。""], ""network_type"": [""【Almond SIM】 ベトナム 5日間 完全無制限 電話番号付き｜純正Vietnamobile キャリア ｜ホーチミン・ハノイなど 対応｜LINEで24時間サポート｜4G-LTE対応 プリペイドsim ｜Vietnam simカード (物理sim/5日間)"", ""score: local=3, roaming=0""], ""network_generation"": [""product_info_cellular_4g_lte: source:product_info_cellular: 携帯電話技術 4G/3G""], ""carrier_support_local"": [""Vietnamobile: サービスプロバイダ Vietnamobile"", ""Vietnamobile: Amazon.co.jp: ベトナム SIMカード｜Vietnamobile 正規品｜20日間・毎日5GB 4G・3G接続 ｜24時間LINEサポート ベトナム プリペイドSIM ベトナム sim (10日間) : 家電＆カメラ"", ""Vietnamobile: ベトナム SIMカード｜Vietnamobile 正規品｜20日間・毎日5GB 4G・3G接続 ｜24時間LINEサポート ベトナム プリペイドSIM ベトナム sim (10日間)"", ""Vietnamobile: 【ベトナム SIMカード】20日間 Vietnamobile ベトナムプリペイドSIM 5GB/日利用可能 4G/3G対応 データ通信専用 ベトナム simカード (20日間 1枚)"", ""MobiFone: 【Almond eSIM】 ベトナム 7日間 完全無制限 純正Mobifoneキャリア 当日発行可能 LINEで24時間サポート 出発前の接続テスト用 日本国内500MB eSIM付 4G-LTE対応 プリペイド ESIMプラン Vietnam ハノイ ホーチミン esimカード (esim/7日間"", ""Vietnamobile: 【ベトナム SIMカード】20日間 Vietnamobile ベトナムプリペイドSIM 5GB/日利用可能 4G/3G対応 データ通信専用 ベトナム simカード (20日間 1枚)"", ""Vietnamobile: Vietnamobile ベトナムSIM｜利用期間20日間｜毎日5GB 高速データ通信｜4G/3G対応｜プリペイドSIMカード｜ベトナム旅行・出張向け 24時間サポート (5日間｜eSIM)"", ""Vietnamobile: ベトナム SIMカード｜Vietnamobile 正規品｜20日間・毎日5GB 4G・3G接続 ｜24時間LINEサポート ベトナム プリペイドSIM ベトナム sim (10日間)"", ""Vietnamobile: 【Almond SIM】 ベトナム 5日間 完全無制限 電話番号付き｜純正Vietnamobile キャリア ｜ホーチミン・ハノイなど 対応｜LINEで24時間サポート｜4G-LTE対応 プリペイドsim ｜Vietnam simカード (物理sim/5日間)"", ""Vietnamobile: お得な2枚セット Vietnamobile ベトナムプリペイドSIM 4G・3G 20日利用 データ容量80GB"", ""Vietnamobile: ベトナム SIMカード｜Vietnamobile 正規品｜20日間・毎日5GB 4G・3G接続 ｜24時間LINEサポート ベトナム プリペイドSIM ベトナム sim (10日間)"", ""Vietnamobile: Amazon.co.jp: ベトナム SIMカード｜Vietnamobile 正規品｜20日間・毎日5GB 4G・3G接続 ｜24時間LINEサポート ベトナム プリペイドSIM ベトナム sim (10日間) : 家電＆カメラ 次に移動 メインコンテンツ この商品について この商品について この商""], ""review_count"": [""detail_page: (31)""], ""bestseller_rank"": [""Amazon 売れ筋ランキング 家電＆カメラ - 21,139位 ( 家電＆カメラの売れ筋ランキングを見る ) プリペイドSIMカード - 268位""], ""title"": [""ベトナム SIMカード｜Vietnamobile 正規品｜20日間・毎日5GB 4G・3G接続 ｜24時間LINEサポート ベトナム プリペイドSIM ベトナム sim (10日間)""]}"
amazon_jp,vn,【ベトナム eSIM】5日間 (120時間) 完全無制限｜配送待ち不要・QRコード即時送付｜5G/4G LTE 高速データ通信 使い放題・データ専用｜24時間LINEサポート ベトナム sim ベトナムeSIM,1180,12,,,,,253,5일,5일,30일,local,lte_4g_only,,,"{""viettel"": null, ""vinaphone"": null, ""mobifone"": true, ""vietnamobile"": true}","{""skt"": null, ""kt"": null, ""lgu"": null}",unlimited,https://www.amazon.co.jp/eSIM%E3%80%915%E6%97%A5%E9%96%93-%E5%AE%8C%E5%85%A8%E7%84%A1%E5%88%B6%E9%99%90%EF%BD%9C%E9%85%8D%E9%80%81%E5%BE%85%E3%81%A1%E4%B8%8D%E8%A6%81%E3%83%BBQR%E3%82%B3%E3%83%BC%E3%83%89%E5%8D%B3%E6%99%82%E9%80%81%E4%BB%98%EF%BD%9C5G-%E9%AB%98%E9%80%9F%E3%83%87%E3%83%BC%E3%82%BF%E9%80%9A%E4%BF%A1-%E4%BD%BF%E3%81%84%E6%94%BE%E9%A1%8C%E3%83%BB%E3%83%87%E3%83%BC%E3%82%BF%E5%B0%82%E7%94%A8%EF%BD%9C24%E6%99%82%E9%96%93LINE%E3%82%B5%E3%83%9D%E3%83%BC%E3%83%88-%E3%83%99%E3%83%88%E3%83%8A%E3%83%A0eSIM/dp/B0GP9K1M9V,B0GP9K1M9V,B0GP9K1M9V,Global Simcard,アーモンド　ＳＩｍ　ｃａｒｄのストアを表示,"{""price_jpy"": [""￥1,180""], ""usage_validity"": [""【ベトナム eSIM】5日間 (120時間) 完全無制限｜配送待ち不要・QRコード即時送付｜5G/4G LTE 高速データ通信 使い放題・データ専用｜24時間LINEサポート ベトナム sim ベトナムeSIM""], ""activation_validity"": [""【有効期限】QRコード発行のメール受信後、30日以内にご利用ください。""], ""data_amount"": [""【高速データ無制限】データ容量完全無制限・高速データ使い放題。低速制限なしで、留学・中期滞在・旅行・出張など幅広い用途に最適です。ベトナム渡航に合わせてすぐにご利用いただけます。現地大手キャリアMobifone回線を採用し、広いエリアで安定した高速データ通信をご提供いたします。""], ""network_type"": [""【SKTelecoｍ公式認証】 韓国eSIM 3日間 (72時間) 電話番号付き 超高速データ無制限 最初の5分発信無料(韓国国内) お急ぎの方即時発行可(LINE相談受付中) 有効期限／ご購入日より120日以内 現地空港サポート(SKTelecomローミングセンター) SKテレコム正規品 韓国SIMカードタイプではありません"", ""score: local=3, roaming=0""], ""network_generation"": [""product_info_cellular_4g_lte: source:product_info_cellular: 携帯電話技術 4G-LTE""], ""carrier_support_local"": [""MobiFone: 【高速データ無制限】データ容量完全無制限・高速データ使い放題。低速制限なしで、留学・中期滞在・旅行・出張など幅広い用途に最適です。ベトナム渡航に合わせてすぐにご利用いただけます。現地大手キャリアMobifone回線を採用し、広いエリアで安定した高速データ通信をご提供いたします。"", ""MobiFone: サービスプロバイダ Mobifone"", ""MobiFone: 【Almond eSIM】 ベトナム 5日間 完全無制限 純正Mobifoneキャリア 当日発行可能 LINEで24時間サポート 出発前の接続テスト用 日本国内500MB eSIM付 4G-LTE対応 プリペイド ESIMプラン Vietnam ハノイ ホーチミン esimカード (esim/5日間"", ""Vietnamobile: 【ベトナム SIMカード】20日間 Vietnamobile ベトナムプリペイドSIM 5GB/日利用可能 4G/3G対応 データ通信専用 ベトナム simカード (20日間 1枚)"", ""MobiFone: 【Almond eSIM】 ベトナム 5日間 完全無制限 純正Mobifoneキャリア 当日発行可能 LINEで24時間サポート 出発前の接続テスト用 日本国内500MB eSIM付 4G-LTE対応 プリペイド ESIMプラン Vietnam ハノイ ホーチミン esimカード (esim/5日間"", ""MobiFone: Amazon.co.jp: 【ベトナム eSIM】5日間 (120時間) 完全無制限｜配送待ち不要・QRコード即時送付｜5G/4G LTE 高速データ通信 使い放題・データ専用｜24時間LINEサポート ベトナム sim ベトナムeSIM : 家電＆カメラ 次に移動 メインコンテンツ この商品につい""], ""review_count"": [""detail_page: (12)""], ""bestseller_rank"": [""Amazon 売れ筋ランキング 家電＆カメラ - 20,392位 ( 家電＆カメラの売れ筋ランキングを見る ) プリペイドSIMカード - 253位""], ""title"": [""【ベトナム eSIM】5日間 (120時間) 完全無制限｜配送待ち不要・QRコード即時送付｜5G/4G LTE 高速データ通信 使い放題・データ専用｜24時間LINEサポート ベトナム sim ベトナムeSIM""]}"
amazon_jp,vn,ベトナム eSIM 無制限 7日間 高速データ使い放題 旅行・出張向け 5G/4G LTE 現地mobifone回線対応 Vietnam eSIM Unlimited データ通信専用 esim対応端末のみ (7日間),1350,6,,,,,172,7일,7일,30일,unknown,5g_capable,,,"{""viettel"": true, ""vinaphone"": null, ""mobifone"": true, ""vietnamobile"": true}","{""skt"": null, ""kt"": null, ""lgu"": null}",unlimited,https://www.amazon.co.jp/%E9%AB%98%E9%80%9F%E3%83%87%E3%83%BC%E3%82%BF%E4%BD%BF%E3%81%84%E6%94%BE%E9%A1%8C-%E6%97%85%E8%A1%8C%E3%83%BB%E5%87%BA%E5%BC%B5%E5%90%91%E3%81%91-%E7%8F%BE%E5%9C%B0mobifone%E5%9B%9E%E7%B7%9A%E5%AF%BE%E5%BF%9C-Unlimited-esim%E5%AF%BE%E5%BF%9C%E7%AB%AF%E6%9C%AB%E3%81%AE%E3%81%BF/dp/B0H4SVBQPB,B0H4SVBQPB,B0H4SVBQPB,mewmewホーム eSIM,ＭＥＷＭＥＷホームのストアを表示,"{""price_jpy"": [""￥1,350""], ""usage_validity"": [""ベトナム eSIM 無制限 7日間 高速データ使い放題 旅行・出張向け 5G/4G LTE 現地mobifone回線対応 Vietnam eSIM Unlimited データ通信専用 esim対応端末のみ (7日間)""], ""activation_validity"": [""【ベトナムeSIM】 7日間 高速データ無制限 電話番号付き 通話・SMS受信のみ可能 お急ぎの方即日対応(LINE相談受付中) 有効期限 / ご購入日より30日以内 ベトナムSIMカードタイプではありません""], ""data_amount"": [""Amazon.co.jp: ベトナム eSIM 無制限 7日間 高速データ使い放題 旅行・出張向け 5G/4G LTE 現地mobifone回線対応 Vietnam eSIM Unlimited データ通信専用 esim対応端末のみ (7日間) : 家電＆カメラ""], ""network_type"": [""local_signal: 【ベトナムeSIM】 7日間 高速データ無制限 電話番号付き 通話・SMS受信のみ可能 お急ぎの方即日対応(LINE相談受付中) 有効期限 / ご購入日より30日以内 ベトナムSIMカードタイプではありません"", ""roaming_signal: eSIMをインストール後、回線を切り替えてデータローミングをONにするだけ。SIMカードの差し替え作業や紛失の心配もありません。利用終了後はeSIMを削除するだけで完了し、面倒な返却手続きも不要です。"", ""insufficient_or_conflicting_signals(local=6, roaming=5)""], ""network_generation"": [""product_info_cellular_5g: source:product_info_cellular: 携帯電話技術 5G/4G LTE""], ""carrier_support_local"": [""MobiFone: サービスプロバイダ Mobifone"", ""MobiFone: Amazon.co.jp: ベトナム eSIM 無制限 7日間 高速データ使い放題 旅行・出張向け 5G/4G LTE 現地mobifone回線対応 Vietnam eSIM Unlimited データ通信専用 esim対応端末のみ (7日間) : 家電＆カメラ"", ""MobiFone: ベトナム eSIM 無制限 7日間 高速データ使い放題 旅行・出張向け 5G/4G LTE 現地mobifone回線対応 Vietnam eSIM Unlimited データ通信専用 esim対応端末のみ (7日間)"", ""MobiFone: 【Almond eSIM】 ベトナム 7日間 完全無制限 純正Mobifoneキャリア 当日発行可能 LINEで24時間サポート 出発前の接続テスト用 日本国内500MB eSIM付 4G-LTE対応 プリペイド ESIMプラン Vietnam ハノイ ホーチミン esimカード (esim/7日間"", ""Viettel: 【Viettel純正品】ベトナム eSIM 5日間【高速データ1日5GB (合計最大25GB) 】5G-4G-LTE/テザリング 【データのみ】 プリペイド SIM Vietnam esim 5days"", ""MobiFone: 【Almond eSIM】 ベトナム esim 7日間 高速データ通信 完全無制限 純正Mobifoneキャリア 当日発行可能 出発前日本テスト用eSIM500MB LINEで24時間サポート 4G-LTE対応 プリペイド ESIMプラン Vietn"", ""MobiFone: 【Almond eSIM】 ベトナム 7日間 完全無制限 純正Mobifoneキャリア 当日発行可能 LINEで24時間サポート 出発前の接続テスト用 日本国内500MB eSIM付 4G-LTE対応 プリペイド ESIMプラン Vietnam ハノ"", ""MobiFone: ベトナム eSIM 無制限 7日間 高速データ使い放題 旅行・出張向け 5G/4G LTE 現地mobifone回線対応 Vietnam eSIM Unlimited データ通信専用 esim対応端末のみ (7日間)"", ""Vietnamobile: ベトナム SIMカード｜Vietnamobile 正規品｜20日間・毎日5GB 4G・3G接続 ｜24時間LINEサポート ベトナム プリペイドSIM ベトナム sim (10日間)"", ""MobiFone: 【Almond eSIM】 ベトナム 7日間 完全無制限 純正Mobifoneキャリア 当日発行可能 LINEで24時間サポート 出発前の接続テスト用 日本国内500MB eSIM付 4G-LTE対応 プリペイド ESIMプラン Vietnam ハノイ ホーチミン esimカード (esim/7日間"", ""MobiFone: ベトナム eSIM 無制限 7日間 高速データ使い放題 旅行・出張向け 5G/4G LTE 現地mobifone回線対応 Vietnam eSIM Unlimited データ通信専用 esim対応端末のみ (7日間)"", ""MobiFone: Amazon.co.jp: ベトナム eSIM 無制限 7日間 高速データ使い放題 旅行・出張向け 5G/4G LTE 現地mobifone回線対応 Vietnam eSIM Unlimited データ通信専用 esim対応端末のみ (7日間) : 家電＆カメラ 次に移動 メインコンテンツ この商品""], ""review_count"": [""detail_page: (6)""], ""bestseller_rank"": [""Amazon 売れ筋ランキング 家電＆カメラ - 14,077位 ( 家電＆カメラの売れ筋ランキングを見る ) プリペイドSIMカード - 172位""], ""title"": [""ベトナム eSIM 無制限 7日間 高速データ使い放題 旅行・出張向け 5G/4G LTE 現地mobifone回線対応 Vietnam eSIM Unlimited データ通信専用 esim対応端末のみ (7日間)""]}"
amazon_jp,vn,【Almond eSIM】東南アジア Southeast Asia esim 10日間 シンガポール マレーシア タイ ベトナム インドネシア プリペイドSIM ESIMプラン 高速データ通信 当日発行可能 Singapore Malaysia Thailand Vietnam Indonesia eSIM (10日間高速データ),1880,102,,,,,112,10일,10일,30일,unknown,lte_4g_only,,,"{""viettel"": null, ""vinaphone"": null, ""mobifone"": null, ""vietnamobile"": null}","{""skt"": null, ""kt"": null, ""lgu"": null}",unlimited,https://www.amazon.co.jp/Southeast-%E3%83%97%E3%83%AA%E3%83%9A%E3%82%A4%E3%83%89SIM-Singapore-Indonesia-10%E6%97%A5%E9%96%93%E9%AB%98%E9%80%9F%E3%83%87%E3%83%BC%E3%82%BF/dp/B0CG137HB8,B0CG137HB8,B0CG137HB8,株式会社ビッグコネクト,bigconnectのストアを表示,"{""price_jpy"": [""￥1,880""], ""usage_validity"": [""【Almond eSIM】東南アジア Southeast Asia esim 10日間 シンガポール マレーシア タイ ベトナム インドネシア プリペイドSIM ESIMプラン 高速データ通信 当日発行可能 Singapore Malaysia Thailand Vietnam Indonesia eSIM (10日間高速データ)""], ""activation_validity"": [""●【SimCardの有効期限】メールで納品した30日以内にご利用始めてください。該当の商品はEsimcardになります、物理SIMカードを装着するのではなく、スマートフォンやタブレット等の端末内にあらかじめ埋め込まれたチップに、インターネット経由でデータプランを書き込むことができます。物理のSIMが入っていません。""], ""data_amount"": [""●【特徴1】データ通信専用Esimになります。※データ容量無制限。ただしデータ一日使用量が1GBに達すると最大通信速度が128kbpsに低下します。翌日の現地時間0時自動的にスピード制限を解除します。※現地時間の00:00-23：59区切りで、カウントされます。128kbpsはビデオ通話、Youtubeなどの動画閲覧がほぼできないですが、Google Map""], ""network_type"": [""local_signal: 【チョコSIM 定額（Sプラン）】【中国の電話番号付きでアプリや施設サービスのSMS認証が可能】【データ容量】合計500MB/月【音声】合計20分間/月 データ/音声/SMS付きSIMカード 中国SIM マカオSIM China unicom ※こちらのSIMカードは契約後、毎月の基本料が発生いたします。※2024年11月1日から台湾でのご利用はできなくなり"", ""roaming_signal: インドネシア旅行SIMカード - 5G/4G LTE高速データ - プリペイド＆ローミング禁止 - 5日間1GB - 観光客やビジネス旅行者のための簡単な有効化"", ""insufficient_or_conflicting_signals(local=6, roaming=2)""], ""network_generation"": [""product_info_cellular_4g_lte: source:product_info_cellular: 携帯電話技術 LTE""], ""review_count"": [""detail_page: (102)""], ""bestseller_rank"": [""Amazon 売れ筋ランキング 家電＆カメラ - 9,626位 ( 家電＆カメラの売れ筋ランキングを見る ) プリペイドSIMカード - 112位""], ""title"": [""【Almond eSIM】東南アジア Southeast Asia esim 10日間 シンガポール マレーシア タイ ベトナム インドネシア プリペイドSIM ESIMプラン 高速データ通信 当日発行可能 Singapore Malaysia Thailand Vietnam Indonesia eSIM (10日間高速データ)""]}"
amazon_jp,vn,東南アジア 5ヵ国周遊SIM 利用期間 8日 データ容量5GB 4Gデータ通信 プリペイドSIM ローミングSIM インドネシア・シンガポール・タイ・ベトナム・マレーシア,1310,47,,,100,,209,1일,1일,8일,unknown,lte_4g_only,,,"{""viettel"": null, ""vinaphone"": null, ""mobifone"": null, ""vietnamobile"": null}","{""skt"": null, ""kt"": null, ""lgu"": null}",5GB,https://www.amazon.co.jp/6%E3%83%B5%E5%9B%BD%E5%91%A8%E9%81%8ASIM-%E3%83%87%E3%83%BC%E3%82%BF%E5%AE%B9%E9%87%8F5GB-%E3%83%97%E3%83%AA%E3%83%9A%E3%82%A4%E3%83%89SIM-SIM-%E3%82%A4%E3%83%B3%E3%83%89%E3%83%8D%E3%82%B7%E3%82%A2%E3%83%BB%E3%82%AB%E3%83%B3%E3%83%9C%E3%82%B8%E3%82%A2%E3%83%BB%E3%82%B7%E3%83%B3%E3%82%AC%E3%83%9D%E3%83%BC%E3%83%AB%E3%83%BB%E3%82%BF%E3%82%A4%E3%83%BB%E3%83%9E%E3%83%AC%E3%83%BC%E3%82%B7%E3%82%A2%E3%83%BB%E3%83%99%E3%83%88%E3%83%8A%E3%83%A0/dp/B0CJ4RL7T6,B0CJ4RL7T6,B0CJ4RL7T6,ブランド: Wise SIM,ブランド: Wise SIM,"{""price_jpy"": [""価格 ￥1,310 ￥1,501 ￥1,399 ￥1,680 ￥940 配送料 ￥1,414""], ""usage_validity"": [""■利用期間：香港の通信会社が発行しているSIMの為、香港時間を基準として電波を受信後8日(日数カウント) 例えば香港の23時に利用開始した場合、1時間で1日分としてカウントされますのでご留意ください。 ／ ※延長・チャージは出来ません。""], ""activation_validity"": [""東南アジア 5ヵ国周遊SIM 利用期間 8日 データ容量5GB 4Gデータ通信 プリペイドSIM ローミングSIM インドネシア・シンガポール・タイ・ベトナム・マレーシア""], ""data_amount"": [""【データ容量】 高速データ通信が5GB利用可能です。 ※上限後128kbpsへ速度低下となりますが期限迄は止まる事無く通信利用が可能です。""], ""network_type"": [""local_signal: 【T-Mobile純正品】eSIM版 アメリカ ハワイ SIM 7日間【使い放題】【電話番号付き】5G/4G-LTE 高速データ通信/通話/SMS/テザリング 【アメリカ ハワイ 無制限】 プリペイド SIMカード T-Mobile esim 7days"", ""roaming_signal: 東南アジア 5ヵ国周遊SIM 利用期間 8日 データ容量5GB 4Gデータ通信 プリペイドSIM ローミングSIM インドネシア・シンガポール・タイ・ベトナム・マレーシア"", ""insufficient_or_conflicting_signals(local=9, roaming=8)""], ""network_generation"": [""product_info_cellular_4g_lte: source:product_info_cellular: 携帯電話技術 LTE""], ""monthly_sold_count"": [""search_result_fallback: 100""], ""review_count"": [""detail_page: (47)""], ""bestseller_rank"": [""Amazon 売れ筋ランキング 家電＆カメラ - 16,917位 ( 家電＆カメラの売れ筋ランキングを見る ) プリペイドSIMカード - 209位""], ""title"": [""東南アジア 5ヵ国周遊SIM 利用期間 8日 データ容量5GB 4Gデータ通信 プリペイドSIM ローミングSIM インドネシア・シンガポール・タイ・ベトナム・マレーシア""]}"
amazon_jp,vn,【ベトナムSIMカード】5日間 高速データ通信 無制限(速度低下なし) データ通信専用,1180,8,,,,,280,5일,5일,7일,local,5g_capable,,,"{""viettel"": null, ""vinaphone"": true, ""mobifone"": true, ""vietnamobile"": true}","{""skt"": null, ""kt"": null, ""lgu"": null}",unlimited,https://www.amazon.co.jp/%E3%80%90%E3%83%99%E3%83%88%E3%83%8A%E3%83%A0SIM%E3%82%AB%E3%83%BC%E3%83%89%E3%80%915%E6%97%A5%E9%96%93-%E9%AB%98%E9%80%9F%E3%83%87%E3%83%BC%E3%82%BF%E9%80%9A%E4%BF%A1-%E7%84%A1%E5%88%B6%E9%99%90-%E9%80%9F%E5%BA%A6%E4%BD%8E%E4%B8%8B%E3%81%AA%E3%81%97-%E3%83%87%E3%83%BC%E3%82%BF%E9%80%9A%E4%BF%A1%E5%B0%82%E7%94%A8/dp/B0GTYSWBDZ,B0GTYSWBDZ,B0GTYSWBDZ,Mewfi 正規販売店,mewfiのストアを表示,"{""price_jpy"": [""￥1,180""], ""usage_validity"": [""【ベトナムSIMカード】5日間 高速データ通信 無制限(速度低下なし) データ通信専用""], ""activation_validity"": [""【ベトナムSIMカード】 7日間 ビナフォン正規 高速データ無制限(速度低下なし) 受信専用番号付き 有効期限 / ご購入日より30日以内 (7日／SIMカード)""], ""data_amount"": [""【ベトナムSIM】ベトナムで高速データ通信を無制限でご利用いただけます。1日ごとのデータ容量上限はありません。ベトナムではMobifone回線を利用します。""], ""network_type"": [""商品のハイライト 4G/5G対応 ベトナム現地通信回線 mewfi"", ""Amazon.co.jp: 【ベトナムSIMカード】5日間 高速データ通信 無制限(速度低下なし) データ通信専用 | 4G/5G対応 ベトナム現地通信回線 mewfi : 家電＆カメラ"", ""score: local=21, roaming=0""], ""network_generation"": [""product_info_cellular_5g: source:product_info_cellular: 携帯電話技術 LTE, 5G"", ""product_info_cellular_4g_lte_signal_present_but_5g_capable_takes_precedence""], ""carrier_support_local"": [""MobiFone: 【ベトナムSIM】ベトナムで高速データ通信を無制限でご利用いただけます。1日ごとのデータ容量上限はありません。ベトナムではMobifone回線を利用します。"", ""MobiFone: 【ベトナムSIM】ベトナムで高速データ通信を無制限でご利用いただけます。1日ごとのデータ容量上限はありません。ベトナムではMobifone回線を利用します。 【データ通信専用】ベトナムSIMはデータ通信専用のため、音声通話・SMSには対応していません。ベトナムで安定した高速データ通信をご利用いただけ"", ""MobiFone: サービスプロバイダ Mobifone"", ""MobiFone: 【ベトナム eSIM 5日間】高速データ通信 完全無制限｜当日発行可能｜電話番号付き・純正Mobifoneキャリア｜LINE相談受付中・すぐに使える｜イーシム ベトナム sim 24時間LINEサポート (eSIM | 5日間)"", ""MobiFone: 【Almond eSIM】 ベトナム esim 高速データ通信 完全無制限 純正Mobifoneキャリア 当日発行可能 出発前日本テスト用eSIM500MB LINEで24時間サポート 4G-LTE対応 プリペイド ESIMプラン Vietnam ハ"", ""Vietnamobile: 【Almond SIM】 ベトナム 5日間 完全無制限 電話番号付き｜純正Vietnamobile キャリア ｜ホーチミン・ハノイなど 対応｜LINEで24時間サポート｜4G-LTE対応 プリペイドsim ｜Vietnam simカード (物理sim"", ""VinaPhone: 【ベトナムSIMカード】電話番号つき発着信・SMS送信OK 毎日データ6GB 正規Vinaphone回線 (5日間/10日間/30日間）※※開通期限:ご購入から30日"", ""MobiFone: Amazon.co.jp: 【ベトナムSIMカード】5日間 高速データ通信 無制限(速度低下なし) データ通信専用 | 4G/5G対応 ベトナム現地通信回線 mewfi : 家電＆カメラ 次に移動 メインコンテンツ この商品について この商品について この商品について 購入オプション 類似商品と比較""], ""review_count"": [""detail_page: (8)""], ""bestseller_rank"": [""Amazon 売れ筋ランキング 家電＆カメラ - 22,180位 ( 家電＆カメラの売れ筋ランキングを見る ) プリペイドSIMカード - 280位""], ""title"": [""【ベトナムSIMカード】5日間 高速データ通信 無制限(速度低下なし) データ通信専用""]}"
amazon_jp,vn,【Viettel純正品】ベトナム eSIM 7日間【高速データ1日5GB (合計最大35GB) 】5G-4G-LTE/テザリング 【データのみ】 プリペイド SIM Vietnam esim 7days,1602,5,,,,,142,7일,7일,30일,local,5g_capable,,,"{""viettel"": true, ""vinaphone"": null, ""mobifone"": true, ""vietnamobile"": true}","{""skt"": null, ""kt"": null, ""lgu"": null}",5GB/day,https://www.amazon.co.jp/%E3%80%90Viettel-%E7%B4%94%E6%AD%A3%E5%93%81%E3%80%91%E3%83%99%E3%83%88%E3%83%8A%E3%83%A0eSIM-7%E6%97%A5%E9%96%93%E3%80%90%E9%AB%98%E9%80%9F%E3%83%87%E3%83%BC%E3%82%BF1%E6%97%A55GB-%E5%90%88%E8%A8%88%E6%9C%80%E5%A4%A735GB-%E4%BD%8E%E9%80%9F%E3%83%87%E3%83%BC%E3%82%BF%E7%84%A1%E5%88%B6%E9%99%90%E3%80%914G-LTE/dp/B0DS9CGLWD,B0DS9CGLWD,B0DS9CGLWD,株式会社 Conversity,tabitsuのストアを表示,"{""price_jpy"": [""￥1,602""], ""usage_validity"": [""【Viettel純正品】ベトナム eSIM 7日間【高速データ1日5GB (合計最大35GB) 】5G-4G-LTE/テザリング 【データのみ】 プリペイド SIM Vietnam esim 7days""], ""activation_validity"": [""📍【日本語説明書付き】取扱説明書もしくはホームページより開通申請しますと、申請後12時間以内に設定用QRコードがメールにて届きます。⚠️QRコード受取日より30日以内に使用開始お願い致します。⚠️購入日数の数え始め：QRコードを読み込んだ日から（ベトナム時間基準）。""], ""data_amount"": [""📍1日5GBの高速（5G/4G/LTE）データ通信""], ""network_type"": [""【チョコSIM 定額（Sプラン）】【中国の電話番号付きでアプリや施設サービスのSMS認証が可能】【データ容量】合計500MB/月【音声】合計20分間/月 データ/音声/SMS付きSIMカード 中国SIM マカオSIM China unicom ※こちらのSIMカードは契約後、毎月の基本料が発生いたします。※2024年11月1日から台湾でのご利用はできなくなり"", ""【SKTelecoｍ公式認証】 韓国eSIM 3日間 (72時間) 電話番号付き 超高速データ無制限 最初の5分発信無料(韓国国内) お急ぎの方即時発行可(LINE相談受付中) 有効期限／ご購入日より120日以内 現地空港サポート(SKTelecomローミングセンター) SKテレコム正規品 韓国SIMカードタイプではありません"", ""score: local=6, roaming=0""], ""network_generation"": [""product_info_cellular_5g: source:product_info_cellular: 携帯電話技術 5G/4G/LTE 高速通信（1日5GB）、テザリング付き"", ""product_info_cellular_4g_lte_signal_present_but_5g_capable_takes_precedence""], ""carrier_support_local"": [""Viettel: ⭐️ベトナム最大のキャリア、Viettelの【データ通信のみプラン】 ＜【国防省が運営する国有企業】なので広い範囲で安定したネットワーク！＞"", ""Viettel: 商品の説明 ブランド紹介 東京都三鷹市にて2018年創業。電波という見えない商品なので信頼性、対応スピード、気軽に運営に相談できる環境を大切にしております。 その為にも、弊社では現地の純正回線を取り扱います。 旅行＋通信＝旅を楽しもう！ ベトナム大手キャリアであるViettelの【大容量プラン】 ＜"", ""Viettel: サービスプロバイダ Viettel telecom"", ""Viettel: メーカー名 Viettel"", ""Viettel: Amazon.co.jp: 【Viettel純正品】ベトナム eSIM 7日間【高速データ1日5GB (合計最大35GB) 】5G-4G-LTE/テザリング 【データのみ】 プリペイド SIM Vietnam esim 7days : パソコン・周辺機器"", ""Viettel: 【Viettel純正品】ベトナム eSIM 7日間【高速データ1日5GB (合計最大35GB) 】5G-4G-LTE/テザリング 【データのみ】 プリペイド SIM Vietnam esim 7days"", ""Viettel: 【Viettel純正品】ベトナム eSIM 7日間【高速データ1日5GB (合計最大35GB) 】5G-4G-LTE/テザリング 【データのみ】 プリペイド SIM Vietnam esim 7days"", ""Vietnamobile: Vietnamobile ベトナムSIM｜利用期間20日間｜毎日5GB 高速データ通信｜4G/3G対応｜プリペイドSIMカード｜ベトナム旅行・出張向け 24時間サポート (5日間｜eSIM)"", ""MobiFone: 【Almond eSIM】 ベトナム 7日間 完全無制限 純正Mobifoneキャリア 当日発行可能 LINEで24時間サポート 出発前の接続テスト用 日本国内500MB eSIM付 4G-LTE対応 プリペイド ESIMプラン Vietnam ハノイ ホーチミン esimカード (esim/7日間"", ""Vietnamobile: 【ベトナム SIMカード】20日間 Vietnamobile ベトナムプリペイドSIM 5GB/日利用可能 4G/3G対応 データ通信専用 ベトナム simカード (20日間 1枚)"", ""Viettel: viettel ベトナム SIMカード esim Vietnam"", ""Viettel: viettel ベトナム SIMカード esim Vietnam"", ""Viettel: viettel ベトナム SIMカード esim Vietnam"", ""Viettel: viettel ベトナム SIMカード esim Vietnam"", ""Viettel: 【Viettel純正品】ベトナム eSIM 7日間【高速データ1日5GB (合計最大35GB) 】5G-4G-LTE/テザリング 【データのみ】 プリペイド SIM Vietnam esim 7days"", ""MobiFone: 【Almond eSIM】 ベトナム 7日間 完全無制限 純正Mobifoneキャリア 当日発行可能 LINEで24時間サポート 出発前の接続テスト用 日本国内500MB eSIM付 4G-LTE対応 プリペイド ESIMプラン Vietnam ハノイ ホーチミン esimカード (esim/7日間"", ""Vietnamobile: 【ベトナム SIMカード】20日間 Vietnamobile ベトナムプリペイドSIM 5GB/日利用可能 4G/3G対応 データ通信専用 ベトナム simカード (20日間 1枚)"", ""Viettel: 【Viettel純正品】ベトナム eSIM 7日間【高速データ1日5GB (合計最大35GB) 】5G-4G-LTE/テザリング 【データのみ】 プリペイド SIM Vietnam esim 7days"", ""Viettel: Amazon.co.jp: 【Viettel純正品】ベトナム eSIM 7日間【高速データ1日5GB (合計最大35GB) 】5G-4G-LTE/テザリング 【データのみ】 プリペイド SIM Vietnam esim 7days : パソコン・周辺機器 次に移動 メインコンテンツ この商品について""], ""review_count"": [""detail_page: (5)""], ""bestseller_rank"": [""Amazon 売れ筋ランキング 家電＆カメラ - 11,826位 ( 家電＆カメラの売れ筋ランキングを見る ) プリペイドSIMカード - 142位""], ""title"": [""【Viettel純正品】ベトナム eSIM 7日間【高速データ1日5GB (合計最大35GB) 】5G-4G-LTE/テザリング 【データのみ】 プリペイド SIM Vietnam esim 7days""]}"
amazon_jp,vn,ベトナムSIM 利用日数5日間 データ通信使い放題 VinaPhone回線 ベトナムプリペイドSIM Vietnam SIM ※galaxy端末、pixel8、pixel9、arrows端末では利用出来ません。,608,1,,,,,466,5일,5일,31일,local,lte_4g_only,,,"{""viettel"": null, ""vinaphone"": true, ""mobifone"": true, ""vietnamobile"": true}","{""skt"": null, ""kt"": null, ""lgu"": null}",unlimited,https://www.amazon.co.jp/%E3%83%87%E3%83%BC%E3%82%BF%E9%80%9A%E4%BF%A1%E4%BD%BF%E3%81%84%E6%94%BE%E9%A1%8C-VinaPhone%E5%9B%9E%E7%B7%9A-%E3%83%99%E3%83%88%E3%83%8A%E3%83%A0%E3%83%97%E3%83%AA%E3%83%9A%E3%82%A4%E3%83%89SIM-SIM-%E2%80%BBgalaxy%E7%AB%AF%E6%9C%AB%E3%80%81pixel8%E3%80%81pixel9%E3%80%81arrows%E7%AB%AF%E6%9C%AB%E3%81%A7%E3%81%AF%E5%88%A9%E7%94%A8%E5%87%BA%E6%9D%A5%E3%81%BE%E3%81%9B%E3%82%93%E3%80%82/dp/B0GXDVFKZL,B0GXDVFKZL,B0GXDVFKZL,ブランド: Wise SIM,ブランド: Wise SIM,"{""price_jpy"": [""価格 ￥608 ￥646 ￥1,120 ￥880 ￥1,220 配送料 ￥1,443""], ""usage_validity"": [""ベトナムSIM 利用日数5日間 データ通信使い放題 VinaPhone回線 ベトナムプリペイドSIM Vietnam SIM ※galaxy端末、pixel8、pixel9、arrows端末では利用出来ません。""], ""activation_validity"": [""■SIMカード有効期限：2026年12月31日まで""], ""data_amount"": [""【データ容量】高速データ通信が止まる事なく使い放題で利用可能です。""], ""network_type"": [""【Almond SIM】 ベトナム 5日間 完全無制限 電話番号付き｜純正Vietnamobile キャリア ｜ホーチミン・ハノイなど 対応｜LINEで24時間サポート｜4G-LTE対応 プリペイドsim ｜Vietnam simカード (物理sim/5日間)"", ""【電話番号付き SMS 電話受信可】 SIMカード ベトナム ベトナムSIM ベトナム用SIM データ無制限 7日間 安心サポート 高速データ通信 返金保証 テザリング 海外SIM プリペイドSIM SIMフリー 留学 海外出張 海外旅行 ワーホリ"", ""score: local=18, roaming=1""], ""network_generation"": [""product_info_cellular_4g_lte: source:product_info_cellular: 携帯電話技術 4G/LTE""], ""carrier_support_local"": [""VinaPhone: 【ベトナム利用】ベトナムのVinaPhone回線にて通信利用が可能です。"", ""VinaPhone: ■SIMカード有効期限：2026年12月31日まで －－－－－－ 【ベトナム利用】 ベトナムのVinaPhone回線にて通信利用が可能です。 －－－－－－ 【データ容量】 高速データ通信が止まる事なく使い放題で利用可能です。 －－－－－－ 【利用期間】 ベトナム現地時間を基準として電波を受信後5日("", ""VinaPhone: サービスプロバイダ VinaPhone"", ""VinaPhone: Amazon.co.jp: ベトナムSIM 利用日数5日間 データ通信使い放題 VinaPhone回線 ベトナムプリペイドSIM Vietnam SIM ※galaxy端末、pixel8、pixel9、arrows端末では利用出来ません。 : 家電＆カメラ"", ""Vietnamobile: 【Almond SIM】 ベトナム 5日間 完全無制限 電話番号付き｜純正Vietnamobile キャリア ｜ホーチミン・ハノイなど 対応｜LINEで24時間サポート｜4G-LTE対応 プリペイドsim ｜Vietnam simカード (物理sim/5日間)"", ""Vietnamobile: Vietnamobile ベトナムプリペイドSIM 4G・3G 20日利用"", ""MobiFone: 【Almond eSIM】 ベトナム esim 高速データ通信 完全無制限 純正Mobifoneキャリア 当日発行可能 出発前日本テスト用eSIM500MB LINEで24時間サポート 4G-LTE対応 プリペイド ESIMプラン Vietnam ハノイ ホーチミン simカード (5日間データ無制"", ""Vietnamobile: ベトナム SIMカード｜Vietnamobile 正規品｜20日間・毎日5GB 4G・3G接続 ｜24時間LINEサポート ベトナム プリペイドSIM ベトナム sim (5日間)"", ""VinaPhone: ベトナムSIM 利用日数5日間 データ通信使い放題 VinaPhone回線 ベトナムプリペイドSIM Vietnam SIM ※galaxy端末、pixel8、pixel9、arrows端末では利用出来ません。"", ""Vietnamobile: ベトナム SIMカード｜Vietnamobile 正規品｜20日間・毎日5GB 4G・3G接続 ｜24時間LINEサポート ベトナム プリペイドSIM ベトナム sim (7日間)"", ""Vietnamobile: Vietnamobile ベトナムプリペイドSIM 4G・3G 20日利用"", ""Vietnamobile: 【Almond SIM】 ベトナム 5日間 完全無制限 電話番号付き｜純正Vietnamobile キャリア ｜ホーチミン・ハノイなど 対応｜LINEで24時間サポート｜4G-LTE対応 プリペイドsim ｜Vietnam simカード (物理sim"", ""VinaPhone: 【ベトナムSIMカード】電話番号つき発着信・SMS送信OK 毎日データ6GB 正規Vinaphone回線 (5日間/10日間/30日間）※※開通期限:ご購入から30日"", ""MobiFone: 【Almond eSIM】 ベトナム esim 高速データ通信 完全無制限 純正Mobifoneキャリア 当日発行可能 出発前日本テスト用eSIM500MB LINEで24時間サポート 4G-LTE対応 プリペイド ESIMプラン Vietnam ハ"", ""VinaPhone: ベトナムSIM 利用日数5日間 データ通信使い放題 VinaPhone回線 ベトナムプリペイドSIM Vietnam SIM ※galaxy端末、pixel8、pixel9、arrows端末では利用出来ません。"", ""MobiFone: 【ベトナム eSIM 5日間】高速データ通信 完全無制限｜当日発行可能｜電話番号付き・純正Mobifoneキャリア｜LINE相談受付中・すぐに使える｜イーシム ベトナム sim 24時間LINEサポート (eSIM | 5日間)"", ""MobiFone: 【mewfi eSIM】ベトナムeSIM 5日間 30GB 高速データ通信 着信通話無料 Mobifone回線利用 4G/5G対応 [並行輸入品] | 本人確認・契約不要 QR簡単設定 年中無休·24時間サポート ベトナム SIM"", ""VinaPhone: ベトナムSIM 利用日数5日間 データ通信使い放題 VinaPhone回線 ベトナムプリペイドSIM Vietnam SIM ※galaxy端末、pixel8、pixel9、arrows端末では利用出来ません。"", ""VinaPhone, MobiFone, Vietnamobile: Amazon.co.jp: ベトナムSIM 利用日数5日間 データ通信使い放題 VinaPhone回線 ベトナムプリペイドSIM Vietnam SIM ※galaxy端末、pixel8、pixel9、arrows端末では利用出来ません。 : 家電＆カメラ 次に移動 メインコンテンツ この商品につい""], ""review_count"": [""detail_page: (1)""], ""bestseller_rank"": [""Amazon 売れ筋ランキング 家電＆カメラ - 39,963位 ( 家電＆カメラの売れ筋ランキングを見る ) プリペイドSIMカード - 466位""], ""title"": [""ベトナムSIM 利用日数5日間 データ通信使い放題 VinaPhone回線 ベトナムプリペイドSIM Vietnam SIM ※galaxy端末、pixel8、pixel9、arrows端末では利用出来ません。""]}"
amazon_jp,vn,AIS NET SIM タイ プリペイドSIM タイSIMカード 利用期間7日間 速度が一定で使い放題 データ通信用SIM ※SIMカード有効期限2026年12月31日まで,1290,978,,,400,,7,7일,7일,31일,local,5g_capable,,,"{""viettel"": null, ""vinaphone"": null, ""mobifone"": null, ""vietnamobile"": null}","{""skt"": null, ""kt"": null, ""lgu"": null}",unlimited,https://www.amazon.co.jp/AIS-%E3%82%BF%E3%82%A4%E3%83%97%E3%83%AA%E3%83%9A%E3%82%A4%E3%83%89SIM-%E9%80%9A%E4%BF%A1%E9%80%9F%E5%BA%A6%E3%81%8C%E4%B8%80%E5%AE%9A%E3%81%A7%E4%BD%BF%E3%81%84%E6%94%BE%E9%A1%8C-%E3%82%BF%E3%82%A4%E7%8F%BE%E5%9C%B0%E3%81%AE%E7%84%A1%E6%96%99%E9%80%9A%E8%A9%B1-%E7%9D%80%E4%BF%A1%E3%81%AF%E7%84%A1%E5%88%B6%E9%99%90%E3%81%A7%E5%88%A9%E7%94%A8%E5%8F%AF%E8%83%BD/dp/B09RG11K86,B09RG11K86,B09RG11K86,ブランド: Wise SIM,ブランド: Wise SIM,"{""price_jpy"": [""価格 ￥1,290 ￥1,199 ￥999 ￥1,380 ￥1,120 配送料 ￥1,422""], ""usage_validity"": [""AIS NET SIM タイ プリペイドSIM タイSIMカード 利用期間7日間 速度が一定で使い放題 データ通信用SIM ※SIMカード有効期限2026年12月31日まで""], ""activation_validity"": [""AIS NET SIM タイ プリペイドSIM タイSIMカード 利用期間7日間 速度が一定で使い放題 データ通信用SIM ※SIMカード有効期限2026年12月31日まで""], ""data_amount"": [""タイ国内への無料通話 発信30分付き。(着信は無制限で利用可能) ※日本等への国際発信不可。 カバーエリアが広いので、繋がりやすく、タイの地方に行く人にもオススメです！""], ""network_type"": [""商品の説明 タイ旅行の決定版 【タイ全土をカバーする最強ネットワーク】 タイのトップキャリア「AIS」の回線を使用。 都市部だけでなく、電波の届きにくい郊外や離島でも途切れることなく快適なインターネット通信が楽しめます。 －－－－－－ 【日本にいる時と同じようにスマホが使える】 SIMを入れた瞬間からGoogle MAP、Instagram、LINE等のアプ"", ""AIS タイ eSIM 7日間 (168時間) AIS正規発行 データ通信 使い放題 電話番号付き 無料通話付き 5G/4G対応 / 急な相談もLINEでOK/タイESIM タイ旅行 タイ国内用..."", ""score: local=21, roaming=0""], ""network_generation"": [""product_info_cellular_5g: source:product_info_cellular: 携帯電話技術 5G,LTE""], ""monthly_sold_count"": [""search_result_fallback: 400""], ""review_count"": [""detail_page: (978)""], ""bestseller_rank"": [""Amazon 売れ筋ランキング 家電＆カメラ - 1,261位 ( 家電＆カメラの売れ筋ランキングを見る ) プリペイドSIMカード - 7位""], ""title"": [""AIS NET SIM タイ プリペイドSIM タイSIMカード 利用期間7日間 速度が一定で使い放題 データ通信用SIM ※SIMカード有効期限2026年12月31日まで""]}"
amazon_jp,vn,Vietnamobile ベトナムSIM｜利用期間20日間｜毎日5GB 高速データ通信｜4G/3G対応｜プリペイドSIMカード｜ベトナム旅行・出張向け 24時間サポート (20日間),680,9,,,,,1090,7일,7일,20일,unknown,lte_4g_only,,,"{""viettel"": null, ""vinaphone"": null, ""mobifone"": null, ""vietnamobile"": true}","{""skt"": null, ""kt"": null, ""lgu"": null}",5GB/day,https://www.amazon.co.jp/Vietnamobile-%E3%83%99%E3%83%88%E3%83%8A%E3%83%A0SIM%EF%BD%9C%E5%88%A9%E7%94%A8%E6%9C%9F%E9%96%9320%E6%97%A5%E9%96%93%EF%BD%9C%E6%AF%8E%E6%97%A55GB-%E9%AB%98%E9%80%9F%E3%83%87%E3%83%BC%E3%82%BF%E9%80%9A%E4%BF%A1%EF%BD%9C4G-3G%E5%AF%BE%E5%BF%9C%EF%BD%9C%E3%83%97%E3%83%AA%E3%83%9A%E3%82%A4%E3%83%89SIM%E3%82%AB%E3%83%BC%E3%83%89%EF%BD%9C%E3%83%99%E3%83%88%E3%83%8A%E3%83%A0%E6%97%85%E8%A1%8C%E3%83%BB%E5%87%BA%E5%BC%B5%E5%90%91%E3%81%91-24%E6%99%82%E9%96%93%E3%82%B5%E3%83%9D%E3%83%BC%E3%83%88/dp/B0GQYDX91P,B0GQYDX91P,B0GQYDX91P,Global eSIMshop,ブランド: PLUG TO GO,"{""price_jpy"": [""￥680""], ""usage_validity"": [""【ベトナムSIMカード】 7日間 ビナフォン正規 高速データ無制限(速度低下なし) 受信専用番号付き 有効期限 / ご購入日より30日以内 (7日／SIMカード)""], ""activation_validity"": [""Vietnamobile ベトナムSIM｜利用期間20日間｜毎日5GB 高速データ通信｜4G/3G対応｜プリペイドSIMカード｜ベトナム旅行・出張向け 24時間サポート (20日間)""], ""data_amount"": [""【データ通信量】ベトナムにて20日間ご利用いただける、4G/3G対応の高速データ通信プリペイドSIMカードです。1日あたり5GBまで高速データ通信をご利用いただけます。※5GB超過後は通信速度が128kbpsに制限されますが、通信が停止することなく引き続きご利用可能です。翌日になると再び5GBまで高速通信をご利用いただけます。""], ""network_type"": [""local_signal: 【Almond SIM】 ベトナム 5日間 完全無制限 電話番号付き｜純正Vietnamobile キャリア ｜ホーチミン・ハノイなど 対応｜LINEで24時間サポート｜4G-LTE対応 プリペイドsim ｜Vietnam simカード (物理sim/5日間)"", ""roaming_signal: プリペイドSIM 日本 SMS認証可能 受信OK 楽天モバイル 3GB/月 データ専用 初回通信月から最大13カ月(1年)有効 5G/4G-LTE対応 au回線/国際ローミング対応 rakuten Prepaid SIM JAPAN SIM with SMS/日本手机卡(可收短信)/日本電話卡(短信功能) 利用期間延長可能"", ""insufficient_or_conflicting_signals(local=3, roaming=3)""], ""network_generation"": [""product_info_cellular_4g_lte: source:product_info_cellular: 携帯電話技術 LTE""], ""carrier_support_local"": [""Vietnamobile: サービスプロバイダ Vietnamobile"", ""Vietnamobile: Amazon.co.jp: Vietnamobile ベトナムSIM｜利用期間20日間｜毎日5GB 高速データ通信｜4G/3G対応｜プリペイドSIMカード｜ベトナム旅行・出張向け 24時間サポート (20日間) : 家電＆カメラ"", ""Vietnamobile: Vietnamobile ベトナムSIM｜利用期間20日間｜毎日5GB 高速データ通信｜4G/3G対応｜プリペイドSIMカード｜ベトナム旅行・出張向け 24時間サポート (20日間)"", ""Vietnamobile: 【ベトナム SIMカード】20日間 Vietnamobile ベトナムプリペイドSIM 5GB/日利用可能 4G/3G対応 データ通信専用 ベトナム simカード (20日間 1枚)"", ""Vietnamobile: 【Almond SIM】 ベトナム 5日間 完全無制限 電話番号付き｜純正Vietnamobile キャリア ｜ホーチミン・ハノイなど 対応｜LINEで24時間サポート｜4G-LTE対応 プリペイドsim ｜Vietnam simカード (物理sim/5日間)"", ""Vietnamobile: 【ベトナム SIMカード】20日間 Vietnamobile ベトナムプリペイドSIM 5GB/日利用可能 4G/3G対応 データ通信専用 ベトナム simカード (20日間 1枚)"", ""Vietnamobile: Vietnamobile ベトナムSIM｜利用期間20日間｜毎日5GB 高速データ通信｜4G/3G対応｜プリペイドSIMカード｜ベトナム旅行・出張向け 24時間サポート (20日間)"", ""Vietnamobile: 【ベトナム SIMカード】20日間 Vietnamobile ベトナムプリペイドSIM 5GB/日利用可能 4G/3G対応 データ通信専用 ベトナム simカード (20日間 1枚)"", ""Vietnamobile: Vietnamobile ベトナムSIM｜利用期間20日間｜毎日5GB 高速データ通信｜4G/3G対応｜プリペイドSIMカード｜ベトナム旅行・出張向け 24時間サポート (20日間)"", ""Vietnamobile: Amazon.co.jp: Vietnamobile ベトナムSIM｜利用期間20日間｜毎日5GB 高速データ通信｜4G/3G対応｜プリペイドSIMカード｜ベトナム旅行・出張向け 24時間サポート (20日間) : 家電＆カメラ 次に移動 メインコンテンツ この商品について この商品について この商""], ""review_count"": [""detail_page: (9)""], ""bestseller_rank"": [""Amazon 売れ筋ランキング 家電＆カメラ - 120,827位 ( 家電＆カメラの売れ筋ランキングを見る ) プリペイドSIMカード - 1,090位""], ""title"": [""Vietnamobile ベトナムSIM｜利用期間20日間｜毎日5GB 高速データ通信｜4G/3G対応｜プリペイドSIMカード｜ベトナム旅行・出張向け 24時間サポート (20日間)""]}"
amazon_jp,vn,【Almond eSIM】 ベトナム 5日間 完全無制限 純正Mobifoneキャリア 当日発行可能 LINEで24時間サポート 出発前の接続テスト用 日本国内500MB eSIM付 4G-LTE対応 プリペイド ESIMプラン Vietnam ハノイ ホーチミン esimカード (esim/5日間),1120,3,,,,,45,5일,5일,7일,local,lte_4g_only,,,"{""viettel"": null, ""vinaphone"": null, ""mobifone"": true, ""vietnamobile"": true}","{""skt"": null, ""kt"": null, ""lgu"": null}",unlimited,https://www.amazon.co.jp/%E7%B4%94%E6%AD%A3Mobifone%E3%82%AD%E3%83%A3%E3%83%AA%E3%82%A2-LINE%E3%81%A724%E6%99%82%E9%96%93%E3%82%B5%E3%83%9D%E3%83%BC%E3%83%88-%E5%87%BA%E7%99%BA%E5%89%8D%E3%81%AE%E6%8E%A5%E7%B6%9A%E3%83%86%E3%82%B9%E3%83%88%E7%94%A8-%E6%97%A5%E6%9C%AC%E5%9B%BD%E5%86%85500MB-4G-LTE%E5%AF%BE%E5%BF%9C/dp/B0GR4PJDKJ,B0GR4PJDKJ,B0GR4PJDKJ,株式会社ビッグコネクト,bigconnectのストアを表示,"{""price_jpy"": [""￥1,120""], ""usage_validity"": [""【Almond eSIM】 ベトナム 5日間 完全無制限 純正Mobifoneキャリア 当日発行可能 LINEで24時間サポート 出発前の接続テスト用 日本国内500MB eSIM付 4G-LTE対応 プリペイド ESIMプラン Vietnam ハノイ ホーチミン esimカード (esim/5日間)""], ""activation_validity"": [""【ベトナムSIMカード】 7日間 ビナフォン正規 高速データ無制限(速度低下なし) 受信専用番号付き 有効期限 / ご購入日より30日以内 (7日／SIMカード)""], ""data_amount"": [""【高速データ無制限】※高速データ容量は無制限。完全使い放題プラン、 本人確認不要、simカード認証不要。""], ""network_type"": [""【ヨーロッパ eSIM Orange holiday 】30日間 20GB 電話番号付き ヨーロッパで通話とSMS無制限 国際通話30分+SMS200通 イギリス フランス イタリアなど欧州諸国対応 24時間サポート (30日間 20GB（電話番号付き）)"", ""アメリカ ハワイ eSIM 10日間 無制限データ｜公式キャリア回線｜電話番号付き｜5G/4G LTE 高速通信｜アメリカ国内通話とSMS無制限｜テザリング可｜プリペイドeSIM (10日間)"", ""score: local=6, roaming=0""], ""network_generation"": [""product_info_cellular_4g_lte: source:product_info_cellular: 携帯電話技術 LTE""], ""carrier_support_local"": [""MobiFone: 【製品特徴】ベトナムへの渡航スケジュールに合わせて手軽に利用できます。ネットワーク事業者はMobifoneで、ベトナムで広範囲にわたる信号と安定したネットワーク、高速な通信速度を提供します。eSIMはSIMカード挿入が不要で、iPhoneやAndroidにQRコードを読み取って設定するだけですぐに利"", ""MobiFone: Amazon.co.jp: 【Almond eSIM】 ベトナム 5日間 完全無制限 純正Mobifoneキャリア 当日発行可能 LINEで24時間サポート 出発前の接続テスト用 日本国内500MB eSIM付 4G-LTE対応 プリペイド ESIMプラン Vietnam ハノイ ホーチミン esi"", ""MobiFone: 【Almond eSIM】 ベトナム 5日間 完全無制限 純正Mobifoneキャリア 当日発行可能 LINEで24時間サポート 出発前の接続テスト用 日本国内500MB eSIM付 4G-LTE対応 プリペイド ESIMプラン Vietnam ハノイ ホーチミン esimカード (esim/5日間"", ""Vietnamobile: ベトナム SIMカード｜Vietnamobile 正規品｜20日間・毎日5GB 4G・3G接続 ｜24時間LINEサポート ベトナム プリペイドSIM ベトナム sim (7日間)"", ""MobiFone: 【ベトナム eSIM】4日間 完全無制限 純正Mobifoneキャリア｜配送待ち不要・QRコード即時送付｜高速データ通信 使い放題 ｜24時間LINEサポート ベトナム sim ベトナムeSIM"", ""Vietnamobile: 【ベトナム SIMカード】20日間 Vietnamobile ベトナムプリペイドSIM 5GB/日利用可能 4G/3G対応 データ通信専用 ベトナム simカード (20日間 1枚)"", ""MobiFone: 【Almond eSIM】 ベトナム 5日間 完全無制限 純正Mobifoneキャリア 当日発行可能 LINEで24時間サポート 出発前の接続テスト用 日本国内500MB eSIM付 4G-LTE対応 プリペイド ESIMプラン Vietnam ハノイ ホーチミン esimカード (esim/5日間"", ""Vietnamobile: Vietnamobile ベトナムSIM｜利用期間20日間｜毎日5GB 高速データ通信｜4G/3G対応｜プリペイドSIMカード｜ベトナム旅行・出張向け 24時間サポート (5日間｜eSIM)"", ""Vietnamobile: お得な2枚セット Vietnamobile ベトナムプリペイドSIM 4G・3G 20日利用 データ容量80GB"", ""MobiFone: 【Almond eSIM】 ベトナム 5日間 完全無制限 純正Mobifoneキャリア 当日発行可能 LINEで24時間サポート 出発前の接続テスト用 日本国内500MB eSIM付 4G-LTE対応 プリペイド ESIMプラン Vietnam ハノイ ホーチミン esimカード (esim/5日間"", ""MobiFone: Amazon.co.jp: 【Almond eSIM】 ベトナム 5日間 完全無制限 純正Mobifoneキャリア 当日発行可能 LINEで24時間サポート 出発前の接続テスト用 日本国内500MB eSIM付 4G-LTE対応 プリペイド ESIMプラン Vietnam ハノイ ホーチミン esi""], ""review_count"": [""detail_page: (3)""], ""bestseller_rank"": [""Amazon 売れ筋ランキング 家電＆カメラ - 4,369位 ( 家電＆カメラの売れ筋ランキングを見る ) プリペイドSIMカード - 45位""], ""title"": [""【Almond eSIM】 ベトナム 5日間 完全無制限 純正Mobifoneキャリア 当日発行可能 LINEで24時間サポート 出発前の接続テスト用 日本国内500MB eSIM付 4G-LTE対応 プリペイド ESIMプラン Vietnam ハノイ ホーチミン esimカード (esim/5日間)""]}"
amazon_jp,vn,【ベトナムesim】7日間 高速データ通信無制限 実名登録不要 QR簡単設定 メール登録で納品 即日発行対応 急ぎの方LINEサポートあり ベトナム sim ベトナム esim マグロesim,1251,1,,,,,311,7일,7일,7일,unknown,5g_capable,,,"{""viettel"": null, ""vinaphone"": null, ""mobifone"": true, ""vietnamobile"": true}","{""skt"": null, ""kt"": null, ""lgu"": null}",unlimited,https://www.amazon.co.jp/%E3%80%90%E3%83%99%E3%83%88%E3%83%8A%E3%83%A0esim%E3%80%917%E6%97%A5%E9%96%93-%E9%AB%98%E9%80%9F%E3%83%87%E3%83%BC%E3%82%BF%E9%80%9A%E4%BF%A1%E7%84%A1%E5%88%B6%E9%99%90-%E3%83%A1%E3%83%BC%E3%83%AB%E7%99%BB%E9%8C%B2%E3%81%A7%E7%B4%8D%E5%93%81-%E6%80%A5%E3%81%8E%E3%81%AE%E6%96%B9LINE%E3%82%B5%E3%83%9D%E3%83%BC%E3%83%88%E3%81%82%E3%82%8A-%E3%83%9E%E3%82%B0%E3%83%ADesim/dp/B0GGB4QSK1,B0GGB4QSK1,B0GGB4QSK1,マグロeSIM,マグロeSIMのストアを表示,"{""price_jpy"": [""￥1,251""], ""usage_validity"": [""【ベトナムesim】7日間 高速データ通信無制限 実名登録不要 QR簡単設定 メール登録で納品 即日発行対応 急ぎの方LINEサポートあり ベトナム sim ベトナム esim マグロesim""], ""activation_validity"": [""【ベトナムSIMカード】 7日間 ビナフォン正規 高速データ無制限(速度低下なし) 受信専用番号付き 有効期限 / ご購入日より30日以内 (7日／SIMカード)""], ""data_amount"": [""【特徴①】Mobifone純正回線を使用した高速データ通信とテザリング対応で、コスパ抜群！7日間の無制限高速通信で快適にお使いいただけます。さらに、日本国内で使用できる500MBのデータも含まれており、詳しい情報は、予約後にお送りするメールの説明書をご確認ください。""], ""network_type"": [""local_signal: 【SKTelecoｍ公式認証】 韓国eSIM 3日間 (72時間) 電話番号付き 超高速データ無制限 最初の5分発信無料(韓国国内) お急ぎの方即時発行可(LINE相談受付中) 有効期限／ご購入日より120日以内 現地空港サポート(SKTelecomローミングセンター) SKテレコム正規品 韓国SIMカードタイプではありません"", ""roaming_signal: 商品の説明 購入前にご注意！ 注意事項①：ご購入後、商品画像に記載されたURLにアクセスし必要事項を入力→メールアドレスにPDFの説明書とeSIMのQRコードが届きます！ 注意事項②：SIMロックフリー端末、もしくはSIMフリー端末専用のサービスです。必ず、ご利用端末がeSIM対応かどうかご確認ください。 注意事項③：eSIM対応端末のみ利用可能。※通信キャ"", ""insufficient_or_conflicting_signals(local=3, roaming=3)""], ""network_generation"": [""product_info_cellular_5g: source:product_info_cellular: 携帯電話技術 5G""], ""carrier_support_local"": [""MobiFone: 【特徴①】Mobifone純正回線を使用した高速データ通信とテザリング対応で、コスパ抜群！7日間の無制限高速通信で快適にお使いいただけます。さらに、日本国内で使用できる500MBのデータも含まれており、詳しい情報は、予約後にお送りするメールの説明書をご確認ください。"", ""MobiFone: サービスプロバイダ Mobifone"", ""Vietnamobile: Vietnamobile ベトナムSIM｜利用期間20日間｜毎日5GB 高速データ通信｜4G/3G対応｜プリペイドSIMカード｜ベトナム旅行・出張向け 24時間サポート (20日間)"", ""Vietnamobile: 【ベトナム SIMカード】20日間 Vietnamobile ベトナムプリペイドSIM 5GB/日利用可能 4G/3G対応 データ通信専用 ベトナム simカード (20日間 1枚)""], ""review_count"": [""detail_page: (1)""], ""bestseller_rank"": [""Amazon 売れ筋ランキング 家電＆カメラ - 24,979位 ( 家電＆カメラの売れ筋ランキングを見る ) プリペイドSIMカード - 311位""], ""title"": [""【ベトナムesim】7日間 高速データ通信無制限 実名登録不要 QR簡単設定 メール登録で納品 即日発行対応 急ぎの方LINEサポートあり ベトナム sim ベトナム esim マグロesim""]}"
amazon_jp,vn,【esim】ベトナムSIMカード 完全無制限 【Mobifone正規回線】 高速データ使い放題 当日発行可能・メールで即時受取 ベトナムesim 24時間LINEサポート ベトナム esim (8日間),1780,10,,,,,122,8일,8일,30일,local,lte_4g_only,,,"{""viettel"": true, ""vinaphone"": null, ""mobifone"": true, ""vietnamobile"": true}","{""skt"": null, ""kt"": null, ""lgu"": null}",unlimited,https://www.amazon.co.jp/%E3%80%90esim%E3%80%91%E3%83%99%E3%83%88%E3%83%8A%E3%83%A0SIM%E3%82%AB%E3%83%BC%E3%83%89-%E3%80%90Vietnamobile%E3%80%91%E9%AB%98%E9%80%9F%E3%83%87%E3%83%BC%E3%82%BF%E9%80%9A%E4%BF%A1-%E5%8F%97%E4%BF%A1%E5%B0%82%E7%94%A8%E7%95%AA%E5%8F%B7%E4%BB%98%E3%81%8D-%E3%83%99%E3%83%88%E3%83%8A%E3%83%A0%E3%83%97%E3%83%AA%E3%83%9A%E3%82%A4%E3%83%89sim%E3%82%AB%E3%83%BC%E3%83%89-8%E6%97%A5%E9%96%93%E9%AB%98%E9%80%9F%E3%83%87%E3%83%BC%E3%82%BF/dp/B0CXLQZ5RB,B0CXLQZ5RB,B0CXLQZ5RB,Global Simcard,アーモンド　ＳＩｍ　ｃａｒｄのストアを表示,"{""price_jpy"": [""￥1,780""], ""usage_validity"": [""【esim】ベトナムSIMカード 完全無制限 【Mobifone正規回線】 高速データ使い放題 当日発行可能・メールで即時受取 ベトナムesim 24時間LINEサポート ベトナム esim (8日間)""], ""activation_validity"": [""⭐【有効期限】eSIMのQRコード発行日から30日以内にご利用ください。""], ""data_amount"": [""⭐【高速データ無制限】高速データ容量は無制限。完全使い放題プラン、 本人確認不要、simカード認証不要。""], ""network_type"": [""【SKTelecoｍ公式認証】 韓国eSIM 3日間 (72時間) 電話番号付き 超高速データ無制限 最初の5分発信無料(韓国国内) お急ぎの方即時発行可(LINE相談受付中) 有効期限／ご購入日より120日以内 現地空港サポート(SKTelecomローミングセンター) SKテレコム正規品 韓国SIMカードタイプではありません"", ""score: local=3, roaming=0""], ""network_generation"": [""product_info_cellular_4g_lte: source:product_info_cellular: 携帯電話技術 LTE""], ""carrier_support_local"": [""MobiFone: サービスプロバイダ Mobifone"", ""MobiFone: Amazon.co.jp: 【esim】ベトナムSIMカード 完全無制限 【Mobifone正規回線】 高速データ使い放題 当日発行可能・メールで即時受取 ベトナムesim 24時間LINEサポート ベトナム esim (8日間) : 家電＆カメラ"", ""MobiFone: 【esim】ベトナムSIMカード 完全無制限 【Mobifone正規回線】 高速データ使い放題 当日発行可能・メールで即時受取 ベトナムesim 24時間LINEサポート ベトナム esim (8日間)"", ""Viettel: 【Viettel純正品】ベトナム eSIM 5日間【高速データ1日5GB (合計最大25GB) 】5G-4G-LTE/テザリング 【データのみ】 プリペイド SIM Vietnam esim 5days"", ""MobiFone: 【Almond eSIM】 ベトナム 7日間 完全無制限 純正Mobifoneキャリア 当日発行可能 LINEで24時間サポート 出発前の接続テスト用 日本国内500MB eSIM付 4G-LTE対応 プリペイド ESIMプラン Vietnam ハノイ ホーチミン esimカード (esim/7日間"", ""Vietnamobile: 【ベトナム SIMカード】20日間 Vietnamobile ベトナムプリペイドSIM 5GB/日利用可能 4G/3G対応 データ通信専用 ベトナム simカード (20日間 1枚)"", ""MobiFone: 【esim】ベトナムSIMカード 完全無制限 【Mobifone正規回線】 高速データ使い放題 当日発行可能・メールで即時受取 ベトナムesim 24時間LINEサポート ベトナム esim (8日間)"", ""MobiFone: 【esim】ベトナムSIMカード 完全無制限 【Mobifone正規回線】 高速データ使い放題 当日発行可能・メールで即時受取 ベトナムesim 24時間LINEサポート ベトナム esim (8日間)"", ""MobiFone: Amazon.co.jp: 【esim】ベトナムSIMカード 完全無制限 【Mobifone正規回線】 高速データ使い放題 当日発行可能・メールで即時受取 ベトナムesim 24時間LINEサポート ベトナム esim (8日間) : 家電＆カメラ 次に移動 メインコンテンツ この商品について この""], ""review_count"": [""detail_page: (10)""], ""bestseller_rank"": [""Amazon 売れ筋ランキング 家電＆カメラ - 10,286位 ( 家電＆カメラの売れ筋ランキングを見る ) プリペイドSIMカード - 122位""], ""title"": [""【esim】ベトナムSIMカード 完全無制限 【Mobifone正規回線】 高速データ使い放題 当日発行可能・メールで即時受取 ベトナムesim 24時間LINEサポート ベトナム esim (8日間)""]}"
amazon_jp,vn,【ベトナム esim】 3日間 完全無制限 高速データ使い放題 当日発行可能 ネット内無料通話500分 純正Mobifoneキャリア ベトナム sim ベトナム simカード イーシム 説明書付 LINEで24時間サポート (eSIM | 3日間無制限),980,4,,,,,1024,3일,3일,90일,local,lte_4g_only,,,"{""viettel"": true, ""vinaphone"": null, ""mobifone"": true, ""vietnamobile"": true}","{""skt"": null, ""kt"": null, ""lgu"": null}",unlimited,https://www.amazon.co.jp/%E3%83%8D%E3%83%83%E3%83%88%E5%86%85%E7%84%A1%E6%96%99%E9%80%9A%E8%A9%B1500%E5%88%86-%E7%B4%94%E6%AD%A3Mobifone%E3%82%AD%E3%83%A3%E3%83%AA%E3%82%A2-LINE%E3%81%A724%E6%99%82%E9%96%93%E3%82%B5%E3%83%9D%E3%83%BC%E3%83%88-eSIM-3%E6%97%A5%E9%96%93%E7%84%A1%E5%88%B6%E9%99%90/dp/B0DSGBT373,B0DSGBT373,B0DSGBT373,Global eSIMshop,ブランド: PLUG TO GO,"{""price_jpy"": [""￥980""], ""usage_validity"": [""【ベトナム esim】 3日間 完全無制限 高速データ使い放題 当日発行可能 ネット内無料通話500分 純正Mobifoneキャリア ベトナム sim ベトナム simカード イーシム 説明書付 LINEで24時間サポート (eSIM | 3日間無制限)""], ""activation_validity"": [""【有効期限】メールで納品後、90日以内にご利用ください。""], ""data_amount"": [""【高速データ通信】データ容量は無制限ですが、1日あたりの使用量が6GBを超えると、キャリアの公平使用ポリシーにより、その日の24時まで速度制限がかかる場合があります。翌日0時以降は制限が解除されます。""], ""network_type"": [""【チョコSIM 定額（Sプラン）】【中国の電話番号付きでアプリや施設サービスのSMS認証が可能】【データ容量】合計500MB/月【音声】合計20分間/月 データ/音声/SMS付きSIMカード 中国SIM マカオSIM China unicom ※こちらのSIMカードは契約後、毎月の基本料が発生いたします。※2024年11月1日から台湾でのご利用はできなくなり"", ""【SKTelecoｍ公式認証】 韓国eSIM 3日間 (72時間) 電話番号付き 超高速データ無制限 最初の5分発信無料(韓国国内) お急ぎの方即時発行可(LINE相談受付中) 有効期限／ご購入日より120日以内 現地空港サポート(SKTelecomローミングセンター) SKテレコム正規品 韓国SIMカードタイプではありません"", ""score: local=6, roaming=0""], ""network_generation"": [""product_info_cellular_4g_lte: source:product_info_cellular: 携帯電話技術 4G-LTE""], ""carrier_support_local"": [""MobiFone: 【ネット内無料通話】Mobifoneキャリア内での発信は500分間無料で、キャリア内外にかかわらず受信は無制限です。"", ""MobiFone: ⭐【eSIM取得方法】ご購入後、http://jp.www.mewfi.com/esimにアクセスし必要事項を入力➡メールアドレスに説明書とeSIMのQRコードが届きます。★QRコードをスキャンして、簡単接続！（インターネット環境が必要です） ⭐【すぐに利用可能】ご購入後、すぐに利用したい場合は、L"", ""MobiFone: サービスプロバイダ Mobifone"", ""MobiFone: Amazon.co.jp: 【ベトナム esim】 3日間 完全無制限 高速データ使い放題 当日発行可能 ネット内無料通話500分 純正Mobifoneキャリア ベトナム sim ベトナム simカード イーシム 説明書付 LINEで24時間サポート (eSIM | 3日間無制限) : 家電＆カメラ"", ""MobiFone: 【ベトナム esim】 3日間 完全無制限 高速データ使い放題 当日発行可能 ネット内無料通話500分 純正Mobifoneキャリア ベトナム sim ベトナム simカード イーシム 説明書付 LINEで24時間サポート (eSIM | 3日間無制限)"", ""Vietnamobile: 【ベトナム SIMカード】20日間 Vietnamobile ベトナムプリペイドSIM 5GB/日利用可能 4G/3G対応 データ通信専用 ベトナム simカード (20日間 1枚)"", ""MobiFone: 【ベトナム esim】 3日間 完全無制限 高速データ使い放題 当日発行可能 ネット内無料通話500分 純正Mobifoneキャリア ベトナム sim ベトナム simカード イーシム 説明書付 LINEで24時間サポート (eSIM | 3日間無制限)"", ""Viettel: 【Viettel純正品】ベトナム eSIM 7日間【高速データ1日5GB (合計最大35GB) 】5G-4G-LTE/テザリング 【データのみ】 プリペイド SIM Vietnam esim 7days"", ""MobiFone: 【ベトナム esim】 3日間 完全無制限 高速データ使い放題 当日発行可能 ネット内無料通話500分 純正Mobifoneキャリア ベトナム sim ベトナム simカード イーシム 説明書付 LINEで24時間サポート (eSIM | 3日間無制限)"", ""MobiFone: Amazon.co.jp: 【ベトナム esim】 3日間 完全無制限 高速データ使い放題 当日発行可能 ネット内無料通話500分 純正Mobifoneキャリア ベトナム sim ベトナム simカード イーシム 説明書付 LINEで24時間サポート (eSIM | 3日間無制限) : 家電＆カメラ""], ""review_count"": [""detail_page: 4""], ""bestseller_rank"": [""Amazon 売れ筋ランキング 家電＆カメラ - 109,842位 ( 家電＆カメラの売れ筋ランキングを見る ) プリペイドSIMカード - 1,024位""], ""title"": [""【ベトナム esim】 3日間 完全無制限 高速データ使い放題 当日発行可能 ネット内無料通話500分 純正Mobifoneキャリア ベトナム sim ベトナム simカード イーシム 説明書付 LINEで24時間サポート (eSIM | 3日間無制限)""]}"
amazon_jp,vn,アジア太平洋11カ国 シンガポール・タイ・ベトナム・マレーシア eSIM 10日間 データ使い放題 10GBまで高速 Jet Sim 無制限 10日 ジェットシム,1786,1,,,,,288,10일,10일,30일,unknown,5g_capable,,,"{""viettel"": null, ""vinaphone"": true, ""mobifone"": true, ""vietnamobile"": null}","{""skt"": null, ""kt"": null, ""lgu"": null}",1GB/day,https://www.amazon.co.jp/%E3%82%A2%E3%82%B8%E3%82%A2%E5%A4%AA%E5%B9%B3%E6%B4%8B11%E3%82%AB%E5%9B%BD-%E3%82%B7%E3%83%B3%E3%82%AC%E3%83%9D%E3%83%BC%E3%83%AB%E3%83%BB%E3%82%BF%E3%82%A4%E3%83%BB%E3%83%99%E3%83%88%E3%83%8A%E3%83%A0%E3%83%BB%E3%83%9E%E3%83%AC%E3%83%BC%E3%82%B7%E3%82%A2-10%E6%97%A5%E9%96%93-%E3%83%87%E3%83%BC%E3%82%BF%E4%BD%BF%E3%81%84%E6%94%BE%E9%A1%8C-10GB%E3%81%BE%E3%81%A7%E9%AB%98%E9%80%9F/dp/B0FWWJG5JM,B0FWWJG5JM,B0FWWJG5JM,ジェスロモバイル,JETSIMのストアを表示,"{""price_jpy"": [""￥1,786""], ""usage_validity"": [""アジア太平洋11カ国 シンガポール・タイ・ベトナム・マレーシア eSIM 10日間 データ使い放題 10GBまで高速 Jet Sim 無制限 10日 ジェットシム""], ""activation_validity"": [""商品の説明 購入後すぐにeSIMを使えますか？ はい、すぐにご利用いただけます。スムーズにご利用いただくために、申請フォームのご提出をお願いいたします。 eSIMのアクティベーションは必要ですか？ アクティベーションは不要です。eSIMをスマートフォンに追加すれば、現地に到着次第、自動的に接続されます！ 複数の国で利用できるプランは国をまたいで移動する際も、""], ""data_amount"": [""【データ無制限】 アジア太平洋11カ国 シンガポール・タイ・ベトナム・マレーシア等で10日間、5G/4G-LTE高速データ10GB。その後もデータ通信の利用が可能。テザリング対応。高速データ1日1GBまで。""], ""network_type"": [""no_local_or_roaming_keyword_matched""], ""network_generation"": [""product_info_cellular_5g: source:product_info_cellular: 携帯電話技術 LTE, 5G"", ""product_info_cellular_4g_lte_signal_present_but_5g_capable_takes_precedence""], ""carrier_support_local"": [""VinaPhone: 【高品質回線】Vinaphone/Telkomsel/SIMBAなど各国大手通信キャリア回線を使用。広範囲で安定した快適な通信を提供。"", ""MobiFone: 【Almond eSIM】 ベトナム 7日間 完全無制限 純正Mobifoneキャリア 当日発行可能 LINEで24時間サポート 出発前の接続テスト用 日本国内500MB eSIM付 4G-LTE対応 プリペイド ESIMプラン Vietnam ハノイ ホーチミン esimカード (esim/7日間""], ""review_count"": [""detail_page: (1)""], ""bestseller_rank"": [""Amazon 売れ筋ランキング 家電＆カメラ - 22,751位 ( 家電＆カメラの売れ筋ランキングを見る ) プリペイドSIMカード - 288位""], ""title"": [""アジア太平洋11カ国 シンガポール・タイ・ベトナム・マレーシア eSIM 10日間 データ使い放題 10GBまで高速 Jet Sim 無制限 10日 ジェットシム""]}"
amazon_jp,vn,【ベトナムeSIM】3日間完全に無制限Vietteベトナム simカード eSIMデータ高速通信（低速なし）安定な高速データ通信Vietnamobile公式認定の純正ベトナムeSIM｜旅行・出張・留学｜緊急時LINE連絡可｜当日発行可能,950,2,,,,,707,1일,1일,3일,unknown,5g_capable,,,"{""viettel"": true, ""vinaphone"": true, ""mobifone"": true, ""vietnamobile"": true}","{""skt"": null, ""kt"": null, ""lgu"": null}",unlimited,https://www.amazon.co.jp/onetone-3%E6%97%A5%E9%96%93%EF%BD%9C%E3%83%99%E3%83%88%E3%83%8A%E3%83%A0-%E3%80%90%E3%83%99%E3%83%88%E3%83%8A%E3%83%A0eSIM%E3%80%913%E6%97%A5%E9%96%93%E5%AE%8C%E5%85%A8%E3%81%AB%E7%84%A1%E5%88%B6%E9%99%90Viette%E3%83%99%E3%83%88%E3%83%8A%E3%83%A0-sim%E3%82%AB%E3%83%BC%E3%83%89/dp/B0F5WLJ8BD,B0F5WLJ8BD,B0F5WLJ8BD,Global Travel SIM Card,onetoneのストアを表示,"{""price_jpy"": [""￥950""], ""usage_validity"": [""【有効期限について】eSIM カードはアクティベーション前の有効期限が 365 日です。アクティベーション後の有効期間は購入した日数と一致し、24 時間を 1 日として計算されます""], ""activation_validity"": [""【ベトナムeSIM】3日間完全に無制限Vietteベトナム simカード eSIMデータ高速通信（低速なし）安定な高速データ通信Vietnamobile公式認定の純正ベトナムeSIM｜旅行・出張・留学｜緊急時LINE連絡可｜当日発行可能""], ""data_amount"": [""Amazon.co.jp: 【ベトナムeSIM】3日間完全に無制限Vietteベトナム simカード eSIMデータ高速通信（低速なし）安定な高速データ通信Vietnamobile公式認定の純正ベトナムeSIM｜旅行・出張・留学｜緊急時LINE連絡可｜当日発行可能 : 家電＆カメラ""], ""network_type"": [""local_signal: 【チョコSIM 定額（Sプラン）】【中国の電話番号付きでアプリや施設サービスのSMS認証が可能】【データ容量】合計500MB/月【音声】合計20分間/月 データ/音声/SMS付きSIMカード 中国SIM マカオSIM China unicom ※こちらのSIMカードは契約後、毎月の基本料が発生いたします。※2024年11月1日から台湾でのご利用はできなくなり"", ""roaming_signal: 商品の説明 注意事項： 1. eSIMが提供する機能とサービス 現在のeSIMはデータ通信のみサポートしており、音声通話およびSMS機能はサポートしていません。 2. スマートフォンがeSIMをサポートしているかどうかの確認方法 「通話」画面で`*#06#`を入力すると、EID情報が表示されます。これはスマートフォンがeSIMのインストールをサポートしている"", ""insufficient_or_conflicting_signals(local=6, roaming=3)""], ""network_generation"": [""product_info_cellular_5g: source:product_info_cellular: 携帯電話技術 5G, 4G LTE""], ""carrier_support_local"": [""VinaPhone, Vietnamobile: サービスプロバイダ VinaPhone,Vietnamobile"", ""Vietnamobile: Amazon.co.jp: 【ベトナムeSIM】3日間完全に無制限Vietteベトナム simカード eSIMデータ高速通信（低速なし）安定な高速データ通信Vietnamobile公式認定の純正ベトナムeSIM｜旅行・出張・留学｜緊急時LINE連絡可｜当日発行可能 : 家電＆カメラ"", ""Vietnamobile: 【ベトナムeSIM】3日間完全に無制限Vietteベトナム simカード eSIMデータ高速通信（低速なし）安定な高速データ通信Vietnamobile公式認定の純正ベトナムeSIM｜旅行・出張・留学｜緊急時LINE連絡可｜当日発行可能"", ""Viettel: 【Viettel純正品】ベトナム eSIM 5日間【高速データ1日5GB (合計最大25GB) 】5G-4G-LTE/テザリング 【データのみ】 プリペイド SIM Vietnam esim 5days"", ""MobiFone: 【Almond eSIM】 ベトナム 5日間 完全無制限 純正Mobifoneキャリア 当日発行可能 LINEで24時間サポート 出発前の接続テスト用 日本国内500MB eSIM付 4G-LTE対応 プリペイド ESIMプラン Vietnam ハノイ ホーチミン esimカード (esim/5日間"", ""Vietnamobile: 【ベトナムeSIM】3日間完全に無制限Vietteベトナム simカード eSIMデータ高速通信（低速なし）安定な高速データ通信Vietnamobile公式認定の純正ベトナムeSIM｜旅行・出張・留学｜緊急時LINE連絡可｜当日発行可能"", ""Vietnamobile: 【ベトナムeSIM】3日間完全に無制限Vietteベトナム simカード eSIMデータ高速通信（低速なし）安定な高速データ通信Vietnamobile公式認定の純正ベトナムeSIM｜旅行・出張..."", ""Vietnamobile: 【ベトナムeSIM】3日間完全に無制限Vietteベトナム simカード eSIMデータ高速通信（低速なし）安定な高速データ通信Vietnamobile公式認定の純正ベトナムeSIM｜旅行・出張..."", ""MobiFone: 【ベトナム eSIM】高速データ無制限｜ Mobifone回線&5G高速通信&無料着信｜当日利用可能&90日間有効｜24時間安心＆丁寧サポート way2esim (7日間 無制限)"", ""MobiFone: 【ベトナム eSIM】 (5日間) プリペイド eSIM 高速データ通信無制限 純正Mobifoneキャリア 当日発行可能 説明書付き LINEで24時間サポート 4G/5G-LTE対応 ハノイsimカードway2esim"", ""Vietnamobile: 【ベトナムeSIM】3日間完全に無制限Vietteベトナム simカード eSIMデータ高速通信（低速なし）安定な高速データ通信Vietnamobile公式認定の純正ベトナムeSIM｜旅行・出張・留学｜緊急時LINE連絡可｜当日発行可能"", ""VinaPhone, Vietnamobile: Amazon.co.jp: 【ベトナムeSIM】3日間完全に無制限Vietteベトナム simカード eSIMデータ高速通信（低速なし）安定な高速データ通信Vietnamobile公式認定の純正ベトナムeSIM｜旅行・出張・留学｜緊急時LINE連絡可｜当日発行可能 : 家電＆カメラ 次に移動 メイン""], ""review_count"": [""detail_page: (2)""], ""bestseller_rank"": [""Amazon 売れ筋ランキング 家電＆カメラ - 69,565位 ( 家電＆カメラの売れ筋ランキングを見る ) プリペイドSIMカード - 707位""], ""title"": [""【ベトナムeSIM】3日間完全に無制限Vietteベトナム simカード eSIMデータ高速通信（低速なし）安定な高速データ通信Vietnamobile公式認定の純正ベトナムeSIM｜旅行・出張・留学｜緊急時LINE連絡可｜当日発行可能""]}"
amazon_jp,vn,【Docomo回線】 365日間100GB プリペイドSIM | 日本 データ通信専用 5G/4G対応 | simカード sim card japan,14022,276,,,50,,53,180일,180일,365일,local,lte_4g_only,,,"{""viettel"": null, ""vinaphone"": null, ""mobifone"": null, ""vietnamobile"": null}","{""skt"": null, ""kt"": null, ""lgu"": null}",2GB/day,https://www.amazon.co.jp/%E3%80%90Docomo%E5%9B%9E%E7%B7%9A%E3%80%91-365%E6%97%A5%E9%96%93100GB-%E3%83%97%E3%83%AA%E3%83%9A%E3%82%A4%E3%83%89SIM-LTE%E5%AF%BE%E5%BF%9C-%E4%BD%BF%E3%81%84%E6%8D%A8%E3%81%A6SIM%E3%80%90DXHUB%E3%80%91/dp/B093WJ26L4,B093WJ26L4,B093WJ26L4,株式会社CoeNova,ＤＸＨＵＢのストアを表示,"{""price_jpy"": [""￥14,022""], ""usage_validity"": [""商品の説明 通信速度改善のお知らせ 実際のユーザーはこんな使い方しています！ Previous page 毎回のSIM購入が面倒で、ついに100GBを選びました！ お客様の声｜365日間・100GB 詳細はこちら 会社直営で安心、データ管理もリチャージも簡単！ お客様の声｜30日間・50GB 詳細はこちら 一時帰国でも短期滞在でも、仕事も遊びも、ストレスなく""], ""activation_validity"": [""【Docomo回線】 365日間100GB プリペイドSIM | 日本 データ通信専用 5G/4G対応 | simカード sim card japan""], ""data_amount"": [""商品の説明 通信速度改善のお知らせ 実際のユーザーはこんな使い方しています！ Previous page 毎回のSIM購入が面倒で、ついに100GBを選びました！ お客様の声｜365日間・100GB 詳細はこちら 会社直営で安心、データ管理もリチャージも簡単！ お客様の声｜30日間・50GB 詳細はこちら 一時帰国でも短期滞在でも、仕事も遊びも、ストレスなく""], ""network_type"": [""【グローカルネット】100GB 365日 ギガ付き KURUFi クルファイ バッテリーレス ポケットWiFi モバイルルーター 軽量 小型 車載対応 契約不要 返却不要 月額0円 簡単 リチャージ KD-1 (USB type-A 変換アダプタ付属)"", ""【SKTelecoｍ公式認証】 韓国eSIM 3日間 (72時間) 電話番号付き 超高速データ無制限 最初の5分発信無料(韓国国内) お急ぎの方即時発行可(LINE相談受付中) 有効期限／ご購入日より120日以内 現地空港サポート(SKTelecomローミングセンター) SKテレコム正規品 韓国SIMカードタイプではありません"", ""score: local=4, roaming=0""], ""network_generation"": [""product_info_cellular_4g_lte: source:product_info_cellular: 携帯電話技術 LTE""], ""monthly_sold_count"": [""Amazon.co.jp: 【Docomo回線】 365日間100GB プリペイドSIM | 日本 データ通信専用 5G/4G対応 | simカード sim card japan | 流量卡,シムカード,残量確認可,契約不要,年中無休,多言語安心サポート,設定簡単,ピン付き,大容量,リチャージ可,期間延長可,日本国内用,物理SIM,simフリー : 家電＆カ""], ""review_count"": [""detail_page: (276)""], ""bestseller_rank"": [""Amazon 売れ筋ランキング 家電＆カメラ - 5,064位 ( 家電＆カメラの売れ筋ランキングを見る ) プリペイドSIMカード - 53位""], ""title"": [""【Docomo回線】 365日間100GB プリペイドSIM | 日本 データ通信専用 5G/4G対応 | simカード sim card japan""]}"
amazon_jp,vn,アジア周遊 eSIM 10地域対応 日本 韓国 台湾 ベトナム タイ ほか｜8日間 データ無制限 4G/5G/LTE 高速通信｜日本国内で事前設定・動作確認可能｜QRコード簡単設定｜海外旅行・出張向け｜データ通信専用 (8日間無制限),3280,29,,,,,173,8일,8일,90일,roaming,5g_capable,,,"{""viettel"": null, ""vinaphone"": null, ""mobifone"": null, ""vietnamobile"": null}","{""skt"": null, ""kt"": null, ""lgu"": null}",unlimited,https://www.amazon.co.jp/10%E5%9C%B0%E5%9F%9F%E5%AF%BE%E5%BF%9C-%E3%81%BB%E3%81%8B%EF%BD%9C8%E6%97%A5%E9%96%93-%E3%83%87%E3%83%BC%E3%82%BF%E7%84%A1%E5%88%B6%E9%99%90-%E9%AB%98%E9%80%9F%E9%80%9A%E4%BF%A1%EF%BD%9C%E6%97%A5%E6%9C%AC%E5%9B%BD%E5%86%85%E3%81%A7%E4%BA%8B%E5%89%8D%E8%A8%AD%E5%AE%9A%E3%83%BB%E5%8B%95%E4%BD%9C%E7%A2%BA%E8%AA%8D%E5%8F%AF%E8%83%BD%EF%BD%9CQR%E3%82%B3%E3%83%BC%E3%83%89%E7%B0%A1%E5%8D%98%E8%A8%AD%E5%AE%9A%EF%BD%9C%E6%B5%B7%E5%A4%96%E6%97%85%E8%A1%8C%E3%83%BB%E5%87%BA%E5%BC%B5%E5%90%91%E3%81%91%EF%BD%9C%E3%83%87%E3%83%BC%E3%82%BF%E9%80%9A%E4%BF%A1%E5%B0%82%E7%94%A8-8%E6%97%A5%E9%96%93%E7%84%A1%E5%88%B6%E9%99%90/dp/B0H155WZMP,B0H155WZMP,B0H155WZMP,mewmewホーム eSIM,ＭＥＷＭＥＷホームのストアを表示,"{""price_jpy"": [""￥3,280""], ""usage_validity"": [""アジア周遊 eSIM 10地域対応 日本 韓国 台湾 ベトナム タイ ほか｜8日間 データ無制限 4G/5G/LTE 高速通信｜日本国内で事前設定・動作確認可能｜QRコード簡単設定｜海外旅行・出張向け｜データ通信専用 (8日間無制限)""], ""activation_validity"": [""【有効期限】eSIMのQRコードは発行後90日間有効。購入後すぐに利用する必要がなく、旅行日程がまだ確定していない場合でも安心して事前準備いただけます。必要なタイミングで開通設定が可能です。""], ""data_amount"": [""【データ無制限】アジア10地域に対応した便利なeSIMです。データ通信が使い放題で、旅行・出張・SNS・動画視聴・地図検索も快適。SIMカード不要で、現地到着後すぐにインターネットをご利用いただけます。""], ""network_type"": [""アジア旅行SIMカード、15日間-2GB毎日の高速データ、20分の通話＆10のテキスト、シンガポール、マレーシア、タイ＆インドをカバー、プリペイド - ローミングなし - 簡単なセットアップ"", ""アジア旅行SIMカード、15日間-2GB毎日の高速データ、20分の通話＆10のテキスト、シンガポール、マレーシア、タイ＆インドをカバー、プリペイド - ローミングなし - 簡単なセットアップ"", ""score: local=0, roaming=2""], ""network_generation"": [""product_info_cellular_5g: source:product_info_cellular: 携帯電話技術 LTE, 5G"", ""product_info_cellular_4g_lte_signal_present_but_5g_capable_takes_precedence""], ""review_count"": [""detail_page: (29)""], ""bestseller_rank"": [""Amazon 売れ筋ランキング 家電＆カメラ - 14,131位 ( 家電＆カメラの売れ筋ランキングを見る ) プリペイドSIMカード - 173位""], ""title"": [""アジア周遊 eSIM 10地域対応 日本 韓国 台湾 ベトナム タイ ほか｜8日間 データ無制限 4G/5G/LTE 高速通信｜日本国内で事前設定・動作確認可能｜QRコード簡単設定｜海外旅行・出張向け｜データ通信専用 (8日間無制限)""]}"
amazon_jp,vn,【アジア周遊esim】日本 韓国 台湾 ベトナム タイ 10ヵ国対応 15日間 高速データ通信10GB 実名登録不要 QR簡単設定 メール登録で納品 即日発行対応 急ぎの方LINEサポートあり アジアesim マグロesim,2790,23,,,,,223,15일,15일,,roaming,lte_4g_only,,,"{""viettel"": null, ""vinaphone"": null, ""mobifone"": null, ""vietnamobile"": null}","{""skt"": null, ""kt"": null, ""lgu"": null}",10GB,https://www.amazon.co.jp/%E3%80%90%E3%82%A2%E3%82%B8%E3%82%A2%E5%91%A8%E9%81%8Aesim%E3%80%91%E6%97%A5%E6%9C%AC-%E9%AB%98%E9%80%9F%E3%83%87%E3%83%BC%E3%82%BF%E9%80%9A%E4%BF%A110GB-%E3%83%A1%E3%83%BC%E3%83%AB%E7%99%BB%E9%8C%B2%E3%81%A7%E7%B4%8D%E5%93%81-%E6%80%A5%E3%81%8E%E3%81%AE%E6%96%B9LINE%E3%82%B5%E3%83%9D%E3%83%BC%E3%83%88%E3%81%82%E3%82%8A-%E3%82%A2%E3%82%B8%E3%82%A2esim/dp/B0H1WGY25Y,B0H1WGY25Y,B0H1WGY25Y,マグロeSIM,マグロeSIMのストアを表示,"{""price_jpy"": [""￥2,790""], ""usage_validity"": [""【アジア周遊esim】日本 韓国 台湾 ベトナム タイ 10ヵ国対応 15日間 高速データ通信10GB 実名登録不要 QR簡単設定 メール登録で納品 即日発行対応 急ぎの方LINEサポートあり アジアesim マグロesim""], ""data_amount"": [""【特徴】高速データ×テザリング対応で、高コスパを実現！15日間10GBの高速通信で、LINE、Instagram、X（旧Twitter）、TikTok、ChatGPTなどのアプリも問題なくサクサク使えます。急な出張や旅行にも最適なeSIMプランで、コスパを重視する方にぴったりです。""], ""network_type"": [""商品の説明 購入前にご注意！ 注意事項①：ご購入後、商品画像に記載されたURLにアクセスし必要事項を入力→メールアドレスにPDFの説明書とeSIMのQRコードが届きます！ 注意事項②：SIMロックフリー端末、もしくはSIMフリー端末専用のサービスです。必ず、ご利用端末がeSIM対応かどうかご確認ください。 注意事項③：eSIM対応端末のみ利用可能。※通信キャ"", ""ベトナムeSIM - プリペイド1GB 5G/4Gデータ、10日間用 - 簡単QRコードセットアップ - 契約なし、ローミングなし - 短期旅行と長期旅行に最適"", ""score: local=0, roaming=5""], ""network_generation"": [""product_info_cellular_4g_lte: source:product_info_cellular: 携帯電話技術 LTE""], ""review_count"": [""detail_page: (23)""], ""bestseller_rank"": [""Amazon 売れ筋ランキング 家電＆カメラ - 18,239位 ( 家電＆カメラの売れ筋ランキングを見る ) プリペイドSIMカード - 223位""], ""title"": [""【アジア周遊esim】日本 韓国 台湾 ベトナム タイ 10ヵ国対応 15日間 高速データ通信10GB 実名登録不要 QR簡単設定 メール登録で納品 即日発行対応 急ぎの方LINEサポートあり アジアesim マグロesim""]}"
amazon_jp,vn,【ベトナム eSIM】7～30日間 5GB/毎日 高速データ通信｜Viettel｜LINEで即日発行｜データ通信専用 (LINE相談受付中)｜有効期限90日 ベトナム旅行・出張向け (ベトナムeSIM)｜eSIM-san(いーしむさん) (7日間),1080,6,,,,,976,7일,7일,30일,unknown,5g_capable,,,"{""viettel"": true, ""vinaphone"": null, ""mobifone"": true, ""vietnamobile"": true}","{""skt"": null, ""kt"": null, ""lgu"": null}",5GB,https://www.amazon.co.jp/eSIM%E3%80%917%EF%BD%9E30%E6%97%A5%E9%96%93-5GB-%E9%AB%98%E9%80%9F%E3%83%87%E3%83%BC%E3%82%BF%E9%80%9A%E4%BF%A1%EF%BD%9CViettel%EF%BD%9CLINE%E3%81%A7%E5%8D%B3%E6%97%A5%E7%99%BA%E8%A1%8C%EF%BD%9C%E3%83%87%E3%83%BC%E3%82%BF%E9%80%9A%E4%BF%A1%E5%B0%82%E7%94%A8-%E3%83%99%E3%83%88%E3%83%8A%E3%83%A0%E6%97%85%E8%A1%8C%E3%83%BB%E5%87%BA%E5%BC%B5%E5%90%91%E3%81%91-7%E6%97%A5%E9%96%93/dp/B0GKG2M2FZ,B0GKG2M2FZ,B0GKG2M2FZ,いーしむさん,eSIM-sanのストアを表示,"{""price_jpy"": [""￥1,080""], ""usage_validity"": [""【ベトナム eSIM】7～30日間 5GB/毎日 高速データ通信｜Viettel｜LINEで即日発行｜データ通信専用 (LINE相談受付中)｜有効期限90日 ベトナム旅行・出張向け (ベトナムeSIM)｜eSIM-san(いーしむさん) (7日間)""], ""activation_validity"": [""【ベトナム eSIM】7～30日間 5GB/毎日 高速データ通信｜Viettel｜LINEで即日発行｜データ通信専用 (LINE相談受付中)｜有効期限90日 ベトナム旅行・出張向け (ベトナムeSIM)｜eSIM-san(いーしむさん) (7日間)""], ""data_amount"": [""【データ容量】5GB/毎日""], ""network_type"": [""no_local_or_roaming_keyword_matched""], ""network_generation"": [""product_info_cellular_5g: source:product_info_cellular: 携帯電話技術 4G、5G"", ""product_info_cellular_4g_lte_signal_present_but_5g_capable_takes_precedence""], ""carrier_support_local"": [""Viettel: サービスプロバイダ Viettel"", ""Viettel: Amazon.co.jp: 【ベトナム eSIM】7～30日間 5GB/毎日 高速データ通信｜Viettel｜LINEで即日発行｜データ通信専用 (LINE相談受付中)｜有効期限90日 ベトナム旅行・出張向け (ベトナムeSIM)｜eSIM-san(いーしむさん) (7日間) : 家電＆カメラ"", ""Viettel: 【ベトナム eSIM】7～30日間 5GB/毎日 高速データ通信｜Viettel｜LINEで即日発行｜データ通信専用 (LINE相談受付中)｜有効期限90日 ベトナム旅行・出張向け (ベトナムeSIM)｜eSIM-san(いーしむさん) (7日間)"", ""Vietnamobile: 【ベトナム SIMカード】20日間 Vietnamobile ベトナムプリペイドSIM 5GB/日利用可能 4G/3G対応 データ通信専用 ベトナム simカード (20日間 1枚)"", ""MobiFone: 【Almond eSIM】 ベトナム 5日間 完全無制限 純正Mobifoneキャリア 当日発行可能 LINEで24時間サポート 出発前の接続テスト用 日本国内500MB eSIM付 4G-LTE対応 プリペイド ESIMプラン Vietnam ハノイ ホーチミン esimカード (esim/5日間"", ""Vietnamobile: 【ベトナム SIMカード】20日間 Vietnamobile ベトナムプリペイドSIM 5GB/日利用可能 4G/3G対応 データ通信専用 ベトナム simカード (20日間 1枚)"", ""Viettel: 【ベトナム eSIM】7～30日間 5GB/毎日 高速データ通信｜Viettel｜LINEで即日発行｜データ通信専用 (LINE相談受付中)｜有効期限90日 ベトナム旅行・出張向け (ベトナムeSIM)｜eSIM-san(いーしむさん) (7日間)"", ""Vietnamobile: ベトナム SIMカード｜Vietnamobile 正規品｜20日間・毎日5GB 4G・3G接続 ｜24時間LINEサポート ベトナム プリペイドSIM ベトナム sim (7日間)"", ""Viettel: 【Viettel純正品】ベトナム eSIM 5日間【高速データ1日5GB (合計最大25GB) 】5G-4G-LTE/テザリング 【データのみ】 プリペイド SIM Vietnam esim 5days"", ""MobiFone: 【Almond eSIM】 ベトナム 5日間 完全無制限 純正Mobifoneキャリア 当日発行可能 LINEで24時間サポート 出発前の接続テスト用 日本国内500MB eSIM付 4G-LTE対応 プリペイド ESIMプラン Vietnam ハノイ ホーチミン esimカード (esim/5日間"", ""Viettel: 【ベトナム eSIM】7～30日間 5GB/毎日 高速データ通信｜Viettel｜LINEで即日発行｜データ通信専用 (LINE相談受付中)｜有効期限90日 ベトナム旅行・出張向け (ベトナムeSIM)｜eSIM-san(いーしむさん) (7日間)"", ""Viettel: Amazon.co.jp: 【ベトナム eSIM】7～30日間 5GB/毎日 高速データ通信｜Viettel｜LINEで即日発行｜データ通信専用 (LINE相談受付中)｜有効期限90日 ベトナム旅行・出張向け (ベトナムeSIM)｜eSIM-san(いーしむさん) (7日間) : 家電＆カメラ 次に""], ""review_count"": [""detail_page: (6)""], ""bestseller_rank"": [""Amazon 売れ筋ランキング 家電＆カメラ - 104,827位 ( 家電＆カメラの売れ筋ランキングを見る ) プリペイドSIMカード - 976位""], ""title"": [""【ベトナム eSIM】7～30日間 5GB/毎日 高速データ通信｜Viettel｜LINEで即日発行｜データ通信専用 (LINE相談受付中)｜有効期限90日 ベトナム旅行・出張向け (ベトナムeSIM)｜eSIM-san(いーしむさん) (7日間)""]}"
amazon_jp,vn,【ベトナム eSIM】5日間 無制限｜5G/4G LTE 高速通信 使い放題｜即時発行・すぐ使える｜24時間サポート｜ベトナム旅行 ハノイ ホーチミン ダナン eSIM ベトナム SIM (5日間 | 無制限),1180,6,,,,,168,5일,5일,30일,unknown,lte_4g_only,,,"{""viettel"": null, ""vinaphone"": null, ""mobifone"": true, ""vietnamobile"": true}","{""skt"": null, ""kt"": null, ""lgu"": null}",unlimited,https://www.amazon.co.jp/%E3%80%90%E3%83%99%E3%83%88%E3%83%8A%E3%83%A0-eSIM%E3%80%915%E6%97%A5%E9%96%93-%E7%84%A1%E5%88%B6%E9%99%90%EF%BD%9C5G-%E4%BD%BF%E3%81%84%E6%94%BE%E9%A1%8C%EF%BD%9C%E5%8D%B3%E6%99%82%E7%99%BA%E8%A1%8C%E3%83%BB%E3%81%99%E3%81%90%E4%BD%BF%E3%81%88%E3%82%8B%EF%BD%9C24%E6%99%82%E9%96%93%E3%82%B5%E3%83%9D%E3%83%BC%E3%83%88%EF%BD%9C%E3%83%99%E3%83%88%E3%83%8A%E3%83%A0%E6%97%85%E8%A1%8C-%E3%83%9B%E3%83%BC%E3%83%81%E3%83%9F%E3%83%B3/dp/B0GQT6C5NT,B0GQT6C5NT,B0GQT6C5NT,Global eSIMshop,ブランド: PLUG TO GO,"{""price_jpy"": [""￥1,180""], ""usage_validity"": [""【ベトナム eSIM】5日間 無制限｜5G/4G LTE 高速通信 使い放題｜即時発行・すぐ使える｜24時間サポート｜ベトナム旅行 ハノイ ホーチミン ダナン eSIM ベトナム SIM (5日間 | 無制限)""], ""activation_validity"": [""⭐【有効期限】QRコード発行メール受信後、30日以内にご利用ください。""], ""data_amount"": [""⭐【高速データ無制限】高速データ容量は完全無制限で使い放題。本人確認・SIMカードの登録不要で、ベトナム渡航に合わせて手軽にご利用いただけます。現地大手キャリア Mobifone 回線を使用し、広いエリアで安定した高速通信をご提供します。""], ""network_type"": [""no_local_or_roaming_keyword_matched""], ""network_generation"": [""product_info_cellular_4g_lte: source:product_info_cellular: 携帯電話技術 LTE""], ""carrier_support_local"": [""MobiFone: ⭐【高速データ無制限】高速データ容量は完全無制限で使い放題。本人確認・SIMカードの登録不要で、ベトナム渡航に合わせて手軽にご利用いただけます。現地大手キャリア Mobifone 回線を使用し、広いエリアで安定した高速通信をご提供します。"", ""MobiFone: サービスプロバイダ Mobifone"", ""MobiFone: 【ベトナム eSIM】6日間 完全無制限 純正Mobifoneキャリア｜配送待ち不要・QRコード即時送付｜高速データ通信 使い放題 ｜24時間LINEサポート ベトナム sim ベトナムeSIM"", ""Vietnamobile: 【ベトナム SIMカード】20日間 Vietnamobile ベトナムプリペイドSIM 5GB/日利用可能 4G/3G対応 データ通信専用 ベトナム simカード (20日間 1枚)"", ""Vietnamobile: 【ベトナム SIMカード】20日間 Vietnamobile ベトナムプリペイドSIM 5GB/日利用可能 4G/3G対応 データ通信専用 ベトナム simカード (20日間 1枚)"", ""Vietnamobile: 【ベトナム SIMカード】20日間 Vietnamobile ベトナムプリペイドSIM 5GB/日利用可能 4G/3G対応 データ通信専用 ベトナム simカード (20日間 1枚)"", ""MobiFone: 【esim】4日間 ベトナム esim 完全無制限 【Mobifone正規回線】 高速データ使い放題 当日発行可能・メールで即時受取 ベトナムesim 24時間LINEサポート ベトナム sim"", ""Vietnamobile: ベトナム SIMカード｜Vietnamobile 正規品｜20日間・毎日5GB 4G・3G接続 ｜24時間LINEサポート ベトナム プリペイドSIM ベトナム sim (5日間)"", ""MobiFone: Amazon.co.jp: 【ベトナム eSIM】5日間 無制限｜5G/4G LTE 高速通信 使い放題｜即時発行・すぐ使える｜24時間サポート｜ベトナム旅行 ハノイ ホーチミン ダナン eSIM ベトナム SIM (5日間 | 無制限) : 家電＆カメラ 次に移動 メインコンテンツ この商品につい""], ""review_count"": [""detail_page: (6)""], ""bestseller_rank"": [""Amazon 売れ筋ランキング 家電＆カメラ - 13,813位 ( 家電＆カメラの売れ筋ランキングを見る ) プリペイドSIMカード - 168位""], ""title"": [""【ベトナム eSIM】5日間 無制限｜5G/4G LTE 高速通信 使い放題｜即時発行・すぐ使える｜24時間サポート｜ベトナム旅行 ハノイ ホーチミン ダナン eSIM ベトナム SIM (5日間 | 無制限)""]}"
amazon_jp,vn,東南アジア5ヵ国周遊SIM 利用期間 8日 データ容量5GB 4Gデータ通信 プリペイドSIM ローミングSIM インドネシア・シンガポール・タイ・ベトナム・マレーシア,1399,94,,,,,374,1일,1일,8일,unknown,lte_4g_only,,,"{""viettel"": null, ""vinaphone"": null, ""mobifone"": null, ""vietnamobile"": null}","{""skt"": null, ""kt"": null, ""lgu"": null}",5GB,https://www.amazon.co.jp/%E6%9D%B1%E5%8D%97%E3%82%A2%E3%82%B8%E3%82%A26%E3%83%B5%E5%9B%BD%E5%91%A8%E9%81%8ASIM-%E3%83%87%E3%83%BC%E3%82%BF%E5%AE%B9%E9%87%8F5GB-%E3%83%97%E3%83%AA%E3%83%9A%E3%82%A4%E3%83%89SIM-SIM-%E3%82%A4%E3%83%B3%E3%83%89%E3%83%8D%E3%82%B7%E3%82%A2%E3%83%BB%E3%82%AB%E3%83%B3%E3%83%9C%E3%82%B8%E3%82%A2%E3%83%BB%E3%82%B7%E3%83%B3%E3%82%AC%E3%83%9D%E3%83%BC%E3%83%AB%E3%83%BB%E3%82%BF%E3%82%A4%E3%83%BB%E3%83%9E%E3%83%AC%E3%83%BC%E3%82%B7%E3%82%A2%E3%83%BB%E3%83%99%E3%83%88%E3%83%8A%E3%83%A0/dp/B0BXT5DZ96,B0BXT5DZ96,B0BXT5DZ96,ブランド: Wise SIM,ブランド: Wise SIM,"{""price_jpy"": [""価格 ￥1,399 ￥1,785 ￥1,310 ￥1,501 ￥833 配送料 ￥1,414""], ""usage_validity"": [""■SIMカード有効期限：2027年1月末まで。 【アジア5ヶ国にてデータ通信】 インドネシア、シンガポール、タイ、ベトナム、マレーシア5ヶ国にてデータ利用が可能です。1枚のSIMで周遊利用が出来るので都度差し替える事無く便利です。 【データ容量】 ４Ｇ高速データ通信が5GB利用可能です。 ※上限後、128kbpsへ速度低下となりますが期限迄は止まる事無く通信""], ""activation_validity"": [""東南アジア5ヵ国周遊SIM 利用期間 8日 データ容量5GB 4Gデータ通信 プリペイドSIM ローミングSIM インドネシア・シンガポール・タイ・ベトナム・マレーシア""], ""data_amount"": [""【データ容量】４Ｇ高速データ通信が5GB利用可能です。※上限後、128kbpsへ速度低下となりますが期限迄は止まる事無く通信利用が可能です。""], ""network_type"": [""local_signal: 【SKTelecoｍ公式認証】 韓国eSIM 3日間 (72時間) 電話番号付き 超高速データ無制限 最初の5分発信無料(韓国国内) お急ぎの方即時発行可(LINE相談受付中) 有効期限／ご購入日より120日以内 現地空港サポート(SKTelecomローミングセンター) SKテレコム正規品 韓国SIMカードタイプではありません"", ""roaming_signal: 東南アジア5ヵ国周遊SIM 利用期間 8日 データ容量5GB 4Gデータ通信 プリペイドSIM ローミングSIM インドネシア・シンガポール・タイ・ベトナム・マレーシア"", ""insufficient_or_conflicting_signals(local=6, roaming=10)""], ""network_generation"": [""product_info_cellular_4g_lte: source:product_info_cellular: 携帯電話技術 LTE""], ""review_count"": [""detail_page: (94)""], ""bestseller_rank"": [""Amazon 売れ筋ランキング 家電＆カメラ - 31,255位 ( 家電＆カメラの売れ筋ランキングを見る ) プリペイドSIMカード - 374位""], ""title"": [""東南アジア5ヵ国周遊SIM 利用期間 8日 データ容量5GB 4Gデータ通信 プリペイドSIM ローミングSIM インドネシア・シンガポール・タイ・ベトナム・マレーシア""]}"
amazon_jp,vn,【ベトナム 大容量 eSIM】 Vietnam eSIM プラン 5日間 5GB/日 高速データ通信 現地電話番号付き 純正Vietnamobileキャリア 受信使い放題 ベトナム プリペイド Vietnam SIM ホーチミン esim ハノイ sim (7日間 5GB/日高速データ),921,7,,,,,808,5일,5일,30일,unknown,lte_4g_only,,,"{""viettel"": true, ""vinaphone"": null, ""mobifone"": true, ""vietnamobile"": true}","{""skt"": null, ""kt"": null, ""lgu"": null}",5GB/day,https://www.amazon.co.jp/Vietnam-%E9%AB%98%E9%80%9F%E3%83%87%E3%83%BC%E3%82%BF%E9%80%9A%E4%BF%A1-%E7%8F%BE%E5%9C%B0%E9%9B%BB%E8%A9%B1%E7%95%AA%E5%8F%B7%E4%BB%98%E3%81%8D-%E7%B4%94%E6%AD%A3Vietnamobile%E3%82%AD%E3%83%A3%E3%83%AA%E3%82%A2-%E6%97%A5%E9%AB%98%E9%80%9F%E3%83%87%E3%83%BC%E3%82%BF/dp/B0CYNRTKT2,B0CYNRTKT2,B0CYNRTKT2,株式会社ビッグコネクト,bigconnectのストアを表示,"{""price_jpy"": [""￥921""], ""usage_validity"": [""【ベトナム 大容量 eSIM】 Vietnam eSIM プラン 5日間 5GB/日 高速データ通信 現地電話番号付き 純正Vietnamobileキャリア 受信使い放題 ベトナム プリペイド Vietnam SIM ホーチミン esim ハノイ sim (7日間 5GB/日高速データ)""], ""activation_validity"": [""【SimCardの有効期限】メールで納品した30日以内にご利用始めてください。該当の商品はEsimcardになります、物理SIMカードを装着するのではなく、スマートフォンやタブレット等の端末内にあらかじめ埋め込まれたチップに、インターネット経由でデータプランを書き込むことができます。物理のSIMが入っていません。""], ""data_amount"": [""【5GB/日大容量プラン】ベトナムに5GB/日大容量プラン、現地通話番号付き、受信放題 ※現地時間の00:00-23：59区切りで、カウントされます。""], ""network_type"": [""local_signal: 【ベトナム 大容量 eSIM】 Vietnam eSIM プラン 5日間 5GB/日 高速データ通信 現地電話番号付き 純正Vietnamobileキャリア 受信使い放題 ベトナム プリペイド Vietnam SIM ホーチミン esim ハノイ sim (7日間 5GB/日高速データ)"", ""roaming_signal: プリペイドSIM 日本 SMS認証可能 受信OK 楽天モバイル 3GB/月 データ専用 初回通信月から最大13カ月(1年)有効 5G/4G-LTE対応 au回線/国際ローミング対応 rakuten Prepaid SIM JAPAN SIM with SMS/日本手机卡(可收短信)/日本電話卡(短信功能) 利用期間延長可能"", ""insufficient_or_conflicting_signals(local=21, roaming=3)""], ""network_generation"": [""product_info_cellular_4g_lte: source:product_info_cellular: 携帯電話技術 LTE""], ""carrier_support_local"": [""Vietnamobile: 【純正Vietnamobileキャリア】ベトナムで使用可能なeSIMで、ホーチミン ハノイなどへの渡航スケジュールに合わせて手軽に利用できます。ネットワーク事業者はVietnamobileで、ベトナムで広範囲にわたる信号と安定したネットワーク、高速な通信速度を提供します。"", ""Vietnamobile: サービスプロバイダ Vietnamobile"", ""Vietnamobile: Amazon.co.jp: 【ベトナム 大容量 eSIM】 Vietnam eSIM プラン 5日間 5GB/日 高速データ通信 現地電話番号付き 純正Vietnamobileキャリア 受信使い放題 ベトナム プリペイド Vietnam SIM ホーチミン esim ハノイ sim (7日間 5GB"", ""Vietnamobile: 【ベトナム 大容量 eSIM】 Vietnam eSIM プラン 5日間 5GB/日 高速データ通信 現地電話番号付き 純正Vietnamobileキャリア 受信使い放題 ベトナム プリペイド Vietnam SIM ホーチミン esim ハノイ sim (7日間 5GB/日高速データ)"", ""Vietnamobile: 【ベトナム 大容量 eSIM】 Vietnam eSIM プラン 5日間 5GB/日 高速データ通信 現地電話番号付き 純正Vietnamobileキャリア 受信使い放題 ベトナム プリペイド Vietnam SIM ホーチミン esim ハノイ s"", ""Vietnamobile: Vietnamobile ベトナムSIM｜利用期間20日間｜毎日5GB 高速データ通信｜4G/3G対応｜プリペイドSIMカード｜ベトナム旅行・出張向け 24時間サポート (20日間)"", ""Vietnamobile: ベトナム SIMカード｜Vietnamobile 正規品｜20日間・毎日5GB 4G・3G接続 ｜24時間LINEサポート ベトナム プリペイドSIM ベトナム sim (5日間)"", ""Viettel: 【Viettel純正品】ベトナム eSIM 5日間【高速データ1日5GB (合計最大25GB) 】5G-4G-LTE/テザリング 【データのみ】 プリペイド SIM Vietnam esim 5days"", ""Vietnamobile: 【ベトナム SIMカード】20日間 Vietnamobile ベトナムプリペイドSIM 5GB/日利用可能 4G/3G対応 データ通信専用 ベトナム simカード (20日間 1枚)"", ""Vietnamobile: 【ベトナム 大容量 eSIM】 Vietnam eSIM プラン 5日間 5GB/日 高速データ通信 現地電話番号付き 純正Vietnamobileキャリア 受信使い放題 ベトナム プリペイド Vietnam SIM ホーチミン esim ハノイ sim (7日間 5GB/日高速データ)"", ""MobiFone: 【Almond eSIM】 ベトナム 7日間 完全無制限 純正Mobifoneキャリア 当日発行可能 LINEで24時間サポート 出発前の接続テスト用 日本国内500MB eSIM付 4G-LTE対応 プリペイド ESIMプラン Vietnam ハノイ ホーチミン esimカード (esim/7日間"", ""Viettel: 【Viettel純正品】ベトナム eSIM 5日間【高速データ1日5GB (合計最大25GB) 】5G-4G-LTE/テザリング 【データのみ】 プリペイド SIM Vietnam esim 5days"", ""Vietnamobile: 【ベトナム 大容量 eSIM】 Vietnam eSIM プラン 5日間 5GB/日 高速データ通信 現地電話番号付き 純正Vietnamobileキャリア 受信使い放題 ベトナム プリペイド Vietnam SIM ホーチミン esim ハノイ sim (7日間 5GB/日高速データ)"", ""Vietnamobile: Amazon.co.jp: 【ベトナム 大容量 eSIM】 Vietnam eSIM プラン 5日間 5GB/日 高速データ通信 現地電話番号付き 純正Vietnamobileキャリア 受信使い放題 ベトナム プリペイド Vietnam SIM ホーチミン esim ハノイ sim (7日間 5GB""], ""review_count"": [""detail_page: (7)""], ""bestseller_rank"": [""Amazon 売れ筋ランキング 家電＆カメラ - 84,825位 ( 家電＆カメラの売れ筋ランキングを見る ) プリペイドSIMカード - 808位""], ""title"": [""【ベトナム 大容量 eSIM】 Vietnam eSIM プラン 5日間 5GB/日 高速データ通信 現地電話番号付き 純正Vietnamobileキャリア 受信使い放題 ベトナム プリペイド Vietnam SIM ホーチミン esim ハノイ sim (7日間 5GB/日高速データ)""]}"
amazon_jp,vn,ベトナム eSIM｜5日間 完全無制限｜高速データ使い放題｜即日発行可能｜4G/LTE対応 データ通信専用｜24時間サポート｜ ベトナム sim ホーチミン ハノイ,1180,8,,,,,960,5일,5일,90일,local,lte_4g_only,,,"{""viettel"": null, ""vinaphone"": null, ""mobifone"": true, ""vietnamobile"": true}","{""skt"": null, ""kt"": null, ""lgu"": null}",unlimited,https://www.amazon.co.jp/eSIM%EF%BD%9C5%E6%97%A5%E9%96%93-%E5%AE%8C%E5%85%A8%E7%84%A1%E5%88%B6%E9%99%90%EF%BD%9C%E9%AB%98%E9%80%9F%E3%83%87%E3%83%BC%E3%82%BF%E4%BD%BF%E3%81%84%E6%94%BE%E9%A1%8C%EF%BD%9C%E5%8D%B3%E6%97%A5%E7%99%BA%E8%A1%8C%E5%8F%AF%E8%83%BD%EF%BD%9C4G-LTE%E5%AF%BE%E5%BF%9C-%E3%83%87%E3%83%BC%E3%82%BF%E9%80%9A%E4%BF%A1%E5%B0%82%E7%94%A8%EF%BD%9C24%E6%99%82%E9%96%93%E3%82%B5%E3%83%9D%E3%83%BC%E3%83%88%EF%BD%9C-%E3%83%9B%E3%83%BC%E3%83%81%E3%83%9F%E3%83%B3/dp/B0GVT25ZQB,B0GVT25ZQB,B0GVT25ZQB,Global eSIMshop,ブランド: PLUG TO GO,"{""price_jpy"": [""￥1,180""], ""usage_validity"": [""ベトナム eSIM｜5日間 完全無制限｜高速データ使い放題｜即日発行可能｜4G/LTE対応 データ通信専用｜24時間サポート｜ ベトナム sim ホーチミン ハノイ""], ""activation_validity"": [""【有効期限】QRコードは90日以内に有効です。日本でQRコードをスキャンして事前設定が可能。""], ""data_amount"": [""【高速データ無制限】 データ通信専用eSIM。現地大手キャリア回線で安定・快適な通信を実現。高速データ無制限＆本人確認不要。旅行・出張・短期滞在におすすめです。""], ""network_type"": [""【Almond SIM】 ベトナム 5日間 完全無制限 電話番号付き｜純正Vietnamobile キャリア ｜ホーチミン・ハノイなど 対応｜LINEで24時間サポート｜4G-LTE対応 プリペイドsim ｜Vietnam simカード (物理sim/5日間)"", ""score: local=3, roaming=0""], ""network_generation"": [""product_info_cellular_4g_lte: source:product_info_cellular: 携帯電話技術 4G-LTE""], ""carrier_support_local"": [""MobiFone: サービスプロバイダ Mobifone"", ""MobiFone: 【Almond eSIM】 ベトナム 7日間 完全無制限 純正Mobifoneキャリア 当日発行可能 LINEで24時間サポート 出発前の接続テスト用 日本国内500MB eSIM付 4G-LTE対応 プリペイド ESIMプラン Vietnam ハノイ ホーチミン esimカード (esim/7日間"", ""Vietnamobile: ベトナム SIMカード｜Vietnamobile 正規品｜20日間・毎日5GB 4G・3G接続 ｜24時間LINEサポート ベトナム プリペイドSIM ベトナム sim (10日間)"", ""Vietnamobile: 【ベトナム SIMカード】20日間 Vietnamobile ベトナムプリペイドSIM 5GB/日利用可能 4G/3G対応 データ通信専用 ベトナム simカード (20日間 1枚)"", ""Vietnamobile: Vietnamobile ベトナムSIM｜利用期間20日間｜毎日5GB 高速データ通信｜4G/3G対応｜プリペイドSIMカード｜ベトナム旅行・出張向け 24時間サポート (5日間｜eSIM)"", ""MobiFone: 【ベトナム eSIM】 (5日間) プリペイド eSIM 高速データ通信無制限 純正Mobifoneキャリア 当日発行可能 説明書付き LINEで24時間サポート 4G/5G-LTE対応 ハノイsimカードway2esim"", ""Vietnamobile: 【Almond SIM】 ベトナム 5日間 完全無制限 電話番号付き｜純正Vietnamobile キャリア ｜ホーチミン・ハノイなど 対応｜LINEで24時間サポート｜4G-LTE対応 プリペイドsim ｜Vietnam simカード (物理sim/5日間)"", ""Vietnamobile: 【ベトナム SIMカード】20日間 Vietnamobile ベトナムプリペイドSIM 5GB/日利用可能 4G/3G対応 データ通信専用 ベトナム simカード (20日間 1枚)"", ""Vietnamobile: Vietnamobile ベトナムSIM｜利用期間20日間｜毎日5GB 高速データ通信｜4G/3G対応｜プリペイドSIMカード｜ベトナム旅行・出張向け 24時間サポート (5日間｜eSIM)"", ""MobiFone: Amazon.co.jp: ベトナム eSIM｜5日間 完全無制限｜高速データ使い放題｜即日発行可能｜4G/LTE対応 データ通信専用｜24時間サポート｜ ベトナム sim ホーチミン ハノイ : 家電＆カメラ 次に移動 メインコンテンツ この商品について この商品について この商品について 購入オ""], ""review_count"": [""detail_page: (8)""], ""bestseller_rank"": [""Amazon 売れ筋ランキング 家電＆カメラ - 103,676位 ( 家電＆カメラの売れ筋ランキングを見る ) プリペイドSIMカード - 960位""], ""title"": [""ベトナム eSIM｜5日間 完全無制限｜高速データ使い放題｜即日発行可能｜4G/LTE対応 データ通信専用｜24時間サポート｜ ベトナム sim ホーチミン ハノイ""]}"
amazon_jp,vn,ベトナムSIM 利用期間5日 データ通信使い放題 ベトナム プリペイドSIM ローミング回線 Vietnam SIM 『SIMカード有効期限2026年11月30日まで』,608,5,,,,,1151,5일,5일,30일,unknown,lte_4g_only,,,"{""viettel"": null, ""vinaphone"": null, ""mobifone"": true, ""vietnamobile"": true}","{""skt"": null, ""kt"": null, ""lgu"": null}",unlimited,https://www.amazon.co.jp/%E3%83%99%E3%83%88%E3%83%8A%E3%83%A0SIM-4G%E3%83%87%E3%83%BC%E3%82%BF%E9%80%9A%E4%BF%A1-%E3%83%97%E3%83%AA%E3%83%9A%E3%82%A4%E3%83%89SIM-SIM-%E2%80%BBgalaxy%E3%80%81pixel8%E3%80%81pixel9%E3%81%A7%E3%81%AF%E5%88%A9%E7%94%A8%E4%B8%8D%E5%8F%AF/dp/B0DJSFC4FD,B0DJSFC4FD,B0DJSFC4FD,ブランド: Wise SIM,ブランド: Wise SIM,"{""price_jpy"": [""価格 ￥608 ￥1,220 ￥1,120 ￥1,180 ￥1,150 配送料 ￥1,443""], ""usage_validity"": [""ベトナムSIM 利用期間5日 データ通信使い放題 ベトナム プリペイドSIM ローミング回線 Vietnam SIM 『SIMカード有効期限2026年11月30日まで』""], ""activation_validity"": [""ベトナムSIM 利用期間5日 データ通信使い放題 ベトナム プリペイドSIM ローミング回線 Vietnam SIM 『SIMカード有効期限2026年11月30日まで』""], ""data_amount"": [""【データ容量】 高速データ通信が使い放題で利用可能です。""], ""network_type"": [""local_signal: 【Almond SIM】 ベトナム 5日間 完全無制限 電話番号付き｜純正Vietnamobile キャリア ｜ホーチミン・ハノイなど 対応｜LINEで24時間サポート｜4G-LTE対応 プリペイドsim ｜Vietnam simカード (物理sim/5日間)"", ""roaming_signal: ベトナムSIM 利用期間5日 データ通信使い放題 ベトナム プリペイドSIM ローミング回線 Vietnam SIM 『SIMカード有効期限2026年11月30日まで』"", ""insufficient_or_conflicting_signals(local=12, roaming=6)""], ""network_generation"": [""product_info_cellular_4g_lte: source:product_info_cellular: 携帯電話技術 LTE/4G""], ""carrier_support_local"": [""MobiFone: サービスプロバイダ mobifone"", ""Vietnamobile: 【Almond SIM】 ベトナム 5日間 完全無制限 電話番号付き｜純正Vietnamobile キャリア ｜ホーチミン・ハノイなど 対応｜LINEで24時間サポート｜4G-LTE対応 プリペイドsim ｜Vietnam simカード (物理sim/5日間)"", ""MobiFone: 【Almond eSIM】 ベトナム esim 高速データ通信 完全無制限 純正Mobifoneキャリア 当日発行可能 出発前日本テスト用eSIM500MB LINEで24時間サポート 4G-LTE対応 プリペイド ESIMプラン Vietnam ハノイ ホーチミン simカード (5日間データ無制"", ""Vietnamobile: ベトナム SIMカード｜Vietnamobile 正規品｜20日間・毎日5GB 4G・3G接続 ｜24時間LINEサポート ベトナム プリペイドSIM ベトナム sim (10日間)"", ""MobiFone: 【Almond eSIM】 ベトナム 7日間 完全無制限 純正Mobifoneキャリア 当日発行可能 LINEで24時間サポート 出発前の接続テスト用 日本国内500MB eSIM付 4G-LTE対応 プリペイド ESIMプラン Vietnam ハノイ ホーチミン esimカード (esim/7日間"", ""Vietnamobile: 【ベトナム SIMカード】20日間 Vietnamobile ベトナムプリペイドSIM 5GB/日利用可能 4G/3G対応 データ通信専用 ベトナム simカード (20日間 1枚)"", ""Vietnamobile: Vietnamobile ベトナムSIM｜利用期間20日間｜毎日5GB 高速データ通信｜4G/3G対応｜プリペイドSIMカード｜ベトナム旅行・出張向け 24時間サポート (5日間｜eSIM)"", ""MobiFone: 【Almond eSIM】 ベトナム 7日間 完全無制限 純正Mobifoneキャリア 当日発行可能 LINEで24時間サポート 出発前の接続テスト用 日本国内500MB eSIM付 4G-LTE対応 プリペイド ESIMプラン Vietnam ハノイ ホーチミン esimカード (esim/7日間"", ""MobiFone, Vietnamobile: Amazon.co.jp: ベトナムSIM 利用期間5日 データ通信使い放題 ベトナム プリペイドSIM ローミング回線 Vietnam SIM 『SIMカード有効期限2026年11月30日まで』 : 家電＆カメラ 次に移動 メインコンテンツ この商品について この商品について この商品について 購""], ""review_count"": [""detail_page: (5)""], ""bestseller_rank"": [""Amazon 売れ筋ランキング 家電＆カメラ - 128,876位 ( 家電＆カメラの売れ筋ランキングを見る ) プリペイドSIMカード - 1,151位""], ""title"": [""ベトナムSIM 利用期間5日 データ通信使い放題 ベトナム プリペイドSIM ローミング回線 Vietnam SIM 『SIMカード有効期限2026年11月30日まで』""]}"
amazon_jp,vn,【mewfi eSIM】ベトナムeSIM 8日間 50GB 高速データ通信 着信通話無料 Mobifone回線利用 4G/5G対応 [並行輸入品],1680,11,,,,,1115,7일,7일,8일,unknown,5g_capable,,,"{""viettel"": true, ""vinaphone"": null, ""mobifone"": true, ""vietnamobile"": null}","{""skt"": null, ""kt"": null, ""lgu"": null}",50GB,https://www.amazon.co.jp/%E3%80%90mewfi-eSIM%E3%80%91%E3%83%99%E3%83%88%E3%83%8A%E3%83%A0eSIM-%E9%AB%98%E9%80%9F%E3%83%87%E3%83%BC%E3%82%BF%E9%80%9A%E4%BF%A1-%E7%9D%80%E4%BF%A1%E9%80%9A%E8%A9%B1%E7%84%A1%E6%96%99-Mobifone%E5%9B%9E%E7%B7%9A%E5%88%A9%E7%94%A8/dp/B0H6FQPLG2,B0H6FQPLG2,B0H6FQPLG2,Mewfi 正規販売店,mewfiのストアを表示,"{""price_jpy"": [""￥1,680""], ""usage_validity"": [""【ベトナムSIMカード】 7日間 ビナフォン正規 高速データ無制限(速度低下なし) 受信専用番号付き 有効期限 / ご購入日より30日以内 (7日／SIMカード)""], ""activation_validity"": [""【mewfi eSIM】ベトナムeSIM 8日間 50GB 高速データ通信 着信通話無料 Mobifone回線利用 4G/5G対応 [並行輸入品]""], ""data_amount"": [""【ベトナムeSIM】ベトナムで8日間、50GBまで高速データ通信をご利用いただけます。容量を使い切ると通信は停止します。""], ""network_type"": [""no_local_or_roaming_keyword_matched""], ""network_generation"": [""title_5g: source:title: 【mewfi eSIM】ベトナムeSIM 8日間 50GB 高速データ通信 着信通話無料 Mobifone回線利用 4G/5G対応 [並行輸入品]""], ""carrier_support_local"": [""MobiFone: Amazon.co.jp: 【mewfi eSIM】ベトナムeSIM 8日間 50GB 高速データ通信 着信通話無料 Mobifone回線利用 4G/5G対応 [並行輸入品] | 本人確認・契約不要 QR簡単設定 年中無休·24時間サポート ベトナム SIM : 家電＆カメラ"", ""MobiFone: 【mewfi eSIM】ベトナムeSIM 8日間 50GB 高速データ通信 着信通話無料 Mobifone回線利用 4G/5G対応 [並行輸入品] | 本人確認・契約不要 QR簡単設定 年中無休·24時間サポート ベトナム SIM"", ""Viettel: 【Viettel純正品】ベトナム eSIM 7日間【高速データ1日5GB (合計最大35GB) 】5G-4G-LTE/テザリング 【データのみ】 プリペイド SIM Vietnam esim 7days"", ""Viettel: 【Viettel純正品】ベトナム eSIM 7日間【高速データ1日5GB (合計最大35GB) 】5G-4G-LTE/テザリング 【データのみ】 プリペイド SIM Vietnam esim 7days"", ""MobiFone: 【mewfi eSIM】ベトナムeSIM 8日間 50GB 高速データ通信 着信通話無料 Mobifone回線利用 4G/5G対応 [並行輸入品]"", ""MobiFone: 【mewfi eSIM】ベトナムeSIM 8日間 50GB 高速データ通信 着信通話無料 Mobifone回線利用 4G/5G対応 [並行輸入品]"", ""MobiFone: Amazon.co.jp: 【mewfi eSIM】ベトナムeSIM 8日間 50GB 高速データ通信 着信通話無料 Mobifone回線利用 4G/5G対応 [並行輸入品] | 本人確認・契約不要 QR簡単設定 年中無休·24時間サポート ベトナム SIM : 家電＆カメラ 次に移動 メインコンテ""], ""review_count"": [""detail_page: (11)""], ""bestseller_rank"": [""Amazon 売れ筋ランキング 家電＆カメラ - 122,913位 ( 家電＆カメラの売れ筋ランキングを見る ) プリペイドSIMカード - 1,115位""], ""title"": [""【mewfi eSIM】ベトナムeSIM 8日間 50GB 高速データ通信 着信通話無料 Mobifone回線利用 4G/5G対応 [並行輸入品]""]}"
amazon_jp,vn,【複数キャリア使用】シンガポール マレーシア インドネシア タイ ベトナム eSIM 3日間 5GB【即日発行可】低速データ無制限 データのみ 5G/4G/LTE高速通信 テザリング付き アジア定番5ヵ国 sim プリペイド Singapore Malaysia Indonesia Thailand Vietnam Asia 3days 5GB,880,52,,,,,462,1일,1일,3일,roaming,5g_capable,,,"{""viettel"": true, ""vinaphone"": true, ""mobifone"": null, ""vietnamobile"": true}","{""skt"": null, ""kt"": null, ""lgu"": null}",unlimited,https://www.amazon.co.jp/%E3%80%90%E8%A4%87%E6%95%B0%E3%82%AD%E3%83%A3%E3%83%AA%E3%82%A2%E4%BD%BF%E7%94%A8%E3%80%91%E3%82%B7%E3%83%B3%E3%82%AC%E3%83%9D%E3%83%BC%E3%83%AB-5GB%E3%80%90%E5%8D%B3%E6%97%A5%E7%99%BA%E8%A1%8C%E5%8F%AF%E3%80%91%E4%BD%8E%E9%80%9F%E3%83%87%E3%83%BC%E3%82%BF%E7%84%A1%E5%88%B6%E9%99%90-%E3%82%A2%E3%82%B8%E3%82%A2%E5%AE%9A%E7%95%AA5%E3%83%B5%E5%9B%BD-Singapore-Indonesia/dp/B0HB473TLR,B0HB473TLR,B0HB473TLR,株式会社 Conversity,tabitsuのストアを表示,"{""price_jpy"": [""￥880""], ""usage_validity"": [""📍購入日数の数え始め：現地到着後、現地の電波を受信した瞬間から日数がスタート 📍終了時間：初日を1日と数えたご購入日数後のシンガポール・マレーシア・インドネシア中部時間23:59、タイ・ベトナム時間22:59まで""], ""activation_validity"": [""【複数キャリア使用】シンガポール マレーシア インドネシア タイ ベトナム eSIM 3日間 5GB【即日発行可】低速データ無制限 データのみ 5G/4G/LTE高速通信 テザリング付き アジア定番5ヵ国 sim プリペイド Singapore Malaysia Indonesia Thailand Vietnam Asia 3days 5GB""], ""data_amount"": [""📍5G/4G/LTE 高速データ通信、GBを使い終わった後は日数内にて低速(128kbps)で無制限""], ""network_type"": [""商品の説明 ブランド紹介 東京都三鷹市にて2018年創業。電波という見えない商品なので信頼性、対応スピード、気軽に運営に相談できる環境を大切にしております。 その為にも、弊社では自分達で実際に試して品質が良いと思った回線のみを取り扱います。 旅行＋通信＝旅を楽しもう！ 1つの国でも、国をまたいでも【使い勝手◎プラン】 ＜【それぞれの国で複数キャリア】が使用可"", ""インドネシア旅行SIMカード - 5G/4G LTE高速データ - プリペイド＆ローミング禁止 - 5日間1GB - 観光客やビジネス旅行者のための簡単な有効化"", ""score: local=0, roaming=6""], ""network_generation"": [""product_info_cellular_5g: source:product_info_cellular: 携帯電話技術 5G/4G/LTE 高速データ通信"", ""product_info_cellular_4g_lte_signal_present_but_5g_capable_takes_precedence""], ""carrier_support_local"": [""VinaPhone, Vietnamobile: 商品の説明 ブランド紹介 東京都三鷹市にて2018年創業。電波という見えない商品なので信頼性、対応スピード、気軽に運営に相談できる環境を大切にしております。 その為にも、弊社では自分達で実際に試して品質が良いと思った回線のみを取り扱います。 旅行＋通信＝旅を楽しもう！ 1つの国でも、国をまたいでも【"", ""VinaPhone, Vietnamobile: サービスプロバイダ シンガポール: Simba、Starhub / マレーシア: Digi、Celcom、U Mobile / タイ: AIS、True Move / インドネシア: Telkomsel、XL、Indosat / ベトナム: Vietnamobile、Vinaphone"", ""Viettel: 【Viettel純正品】ベトナム eSIM 5日間【高速データ1日5GB (合計最大25GB) 】5G-4G-LTE/テザリング 【データのみ】 プリペイド SIM Vietnam esim 5days""], ""review_count"": [""detail_page: 52""], ""bestseller_rank"": [""Amazon 売れ筋ランキング 家電＆カメラ - 39,579位 ( 家電＆カメラの売れ筋ランキングを見る ) プリペイドSIMカード - 462位""], ""title"": [""【複数キャリア使用】シンガポール マレーシア インドネシア タイ ベトナム eSIM 3日間 5GB【即日発行可】低速データ無制限 データのみ 5G/4G/LTE高速通信 テザリング付き アジア定番5ヵ国 sim プリペイド Singapore Malaysia Indonesia Thailand Vietnam Asia 3days 5GB""]}"
amazon_jp,vn,【Almond SIM】 ベトナム 5日間 完全無制限 電話番号付き｜純正Vietnamobile キャリア ｜ホーチミン・ハノイなど 対応｜LINEで24時間サポート｜4G-LTE対応 プリペイドsim ｜Vietnam simカード [並行輸入品],890,1,,,,,1101,5일,5일,,unknown,5g_capable,,,"{""viettel"": null, ""vinaphone"": null, ""mobifone"": null, ""vietnamobile"": true}","{""skt"": null, ""kt"": null, ""lgu"": null}",unlimited,https://www.amazon.co.jp/%E9%9B%BB%E8%A9%B1%E7%95%AA%E5%8F%B7%E4%BB%98%E3%81%8D%EF%BD%9C%E7%B4%94%E6%AD%A3Vietnamobile-%EF%BD%9C%E3%83%9B%E3%83%BC%E3%83%81%E3%83%9F%E3%83%B3%E3%83%BB%E3%83%8F%E3%83%8E%E3%82%A4%E3%81%AA%E3%81%A9-%E5%AF%BE%E5%BF%9C%EF%BD%9CLINE%E3%81%A724%E6%99%82%E9%96%93%E3%82%B5%E3%83%9D%E3%83%BC%E3%83%88%EF%BD%9C4G-LTE%E5%AF%BE%E5%BF%9C-%E3%83%97%E3%83%AA%E3%83%9A%E3%82%A4%E3%83%89sim-%EF%BD%9CVietnam/dp/B0HFHT63MT,B0HFHT63MT,B0HFHT63MT,株式会社ビッグコネクト,bigconnectのストアを表示,"{""price_jpy"": [""￥890""], ""usage_validity"": [""【Almond SIM】 ベトナム 5日間 完全無制限 電話番号付き｜純正Vietnamobile キャリア ｜ホーチミン・ハノイなど 対応｜LINEで24時間サポート｜4G-LTE対応 プリペイドsim ｜Vietnam simカード [並行輸入品]""], ""data_amount"": [""【データプラン】ベトナムで利用可能なプリペイドSIMカード。※高速データ容量は無制限。ただし、一日のデータ使用量が5GBを超えた場合、キャリアの公平使用ポリシーに基づき、その日の24時まで速度制限がかかる可能性がありますが、翌日の0時以降には制限が解除されます。受信可能の電話番号付き（発信不可）、本人確認やSIMカード認証は不要です。本SIMカードは3 in""], ""network_type"": [""local_signal: 【Almond SIM】 ベトナム 5日間 完全無制限 電話番号付き｜純正Vietnamobile キャリア ｜ホーチミン・ハノイなど 対応｜LINEで24時間サポート｜4G-LTE対応 プリペイドsim ｜Vietnam simカード [並行輸入品]"", ""roaming_signal: ベトナムeSIM - プリペイド1GB 5G/4Gデータ、10日間用 - 簡単QRコードセットアップ - 契約なし、ローミングなし - 短期旅行と長期旅行に最適"", ""insufficient_or_conflicting_signals(local=21, roaming=2)""], ""network_generation"": [""product_info_cellular_5g: source:product_info_cellular: 携帯電話技術 5G 4G-Lte""], ""carrier_support_local"": [""Vietnamobile: サービスプロバイダ Vietnamobile"", ""Vietnamobile: Amazon.co.jp: 【Almond SIM】 ベトナム 5日間 完全無制限 電話番号付き｜純正Vietnamobile キャリア ｜ホーチミン・ハノイなど 対応｜LINEで24時間サポート｜4G-LTE対応 プリペイドsim ｜Vietnam simカード [並行輸入品] : 家電＆カメラ"", ""Vietnamobile: 【Almond SIM】 ベトナム 5日間 完全無制限 電話番号付き｜純正Vietnamobile キャリア ｜ホーチミン・ハノイなど 対応｜LINEで24時間サポート｜4G-LTE対応 プリペイドsim ｜Vietnam simカード [並行輸入品]"", ""Vietnamobile: 【Almond SIM】 ベトナム 5日間 完全無制限 電話番号付き｜純正Vietnamobile キャリア ｜ホーチミン・ハノイなど 対応｜LINEで24時間サポート｜4G-LTE対応 プリペイドsim ｜Vietnam simカード [並行輸入品]"", ""Vietnamobile: 【Almond SIM】 ベトナム 5日間 完全無制限 電話番号付き｜純正Vietnamobile キャリア ｜ホーチミン・ハノイなど 対応｜LINEで24時間サポート｜4G-LTE対応 プリペイドsim ｜Vietnam simカード [並行輸入品]"", ""Vietnamobile: Amazon.co.jp: 【Almond SIM】 ベトナム 5日間 完全無制限 電話番号付き｜純正Vietnamobile キャリア ｜ホーチミン・ハノイなど 対応｜LINEで24時間サポート｜4G-LTE対応 プリペイドsim ｜Vietnam simカード [並行輸入品] : 家電＆カメラ ""], ""review_count"": [""detail_page: (1)""], ""bestseller_rank"": [""Amazon 売れ筋ランキング 家電＆カメラ - 121,685位 ( 家電＆カメラの売れ筋ランキングを見る ) プリペイドSIMカード - 1,101位""], ""title"": [""【Almond SIM】 ベトナム 5日間 完全無制限 電話番号付き｜純正Vietnamobile キャリア ｜ホーチミン・ハノイなど 対応｜LINEで24時間サポート｜4G-LTE対応 プリペイドsim ｜Vietnam simカード [並行輸入品]""]}"
amazon_jp,vn,【アジア10ヵ国周遊 eSIM】5日間 無制限｜高速データ使い放題｜即時発行・すぐ使える｜データ通信専用 ローミングSIM｜カンボジア・インドネシア・日本・ラオス・マレーシア・フィリピン・韓国・台湾・タイ・ベトナム アジア esim アジア sim,2380,7,,,,,840,5일,5일,90일,roaming,lte_4g_only,,,"{""viettel"": null, ""vinaphone"": null, ""mobifone"": null, ""vietnamobile"": null}","{""skt"": null, ""kt"": null, ""lgu"": null}",unlimited,https://www.amazon.co.jp/%E3%80%90%E3%82%A2%E3%82%B8%E3%82%A210%E3%83%B5%E5%9B%BD%E5%91%A8%E9%81%8A-eSIM%E3%80%915%E6%97%A5%E9%96%93-%E7%84%A1%E5%88%B6%E9%99%90%EF%BD%9C%E9%AB%98%E9%80%9F%E3%83%87%E3%83%BC%E3%82%BF%E4%BD%BF%E3%81%84%E6%94%BE%E9%A1%8C%EF%BD%9C%E5%8D%B3%E6%99%82%E7%99%BA%E8%A1%8C%E3%83%BB%E3%81%99%E3%81%90%E4%BD%BF%E3%81%88%E3%82%8B%EF%BD%9C%E3%83%87%E3%83%BC%E3%82%BF%E9%80%9A%E4%BF%A1%E5%B0%82%E7%94%A8-esim/dp/B0H2LXW618,B0H2LXW618,B0H2LXW618,Global Simcard,アーモンド　ＳＩｍ　ｃａｒｄのストアを表示,"{""price_jpy"": [""￥2,380""], ""usage_validity"": [""【アジア10ヵ国周遊 eSIM】5日間 無制限｜高速データ使い放題｜即時発行・すぐ使える｜データ通信専用 ローミングSIM｜カンボジア・インドネシア・日本・ラオス・マレーシア・フィリピン・韓国・台湾・タイ・ベトナム アジア esim アジア sim""], ""activation_validity"": [""【有効期限】QRコード発行メール受信後、90日以内にご利用ください。※ QRコードを読み取ると開通されます。利用前の読み取りはお控えください。""], ""data_amount"": [""【高速データ無制限】データ通信専用eSIM。高速データ使い放題で、動画視聴・SNS・地図・ビデオ通話も快適。旅行・出張・留学・中期滞在など幅広い用途におすすめです。""], ""network_type"": [""【アジア10ヵ国周遊 eSIM】5日間 無制限｜高速データ使い放題｜即時発行・すぐ使える｜データ通信専用 ローミングSIM｜カンボジア・インドネシア・日本・ラオス・マレーシア・フィリピン・韓国・台湾・タイ・ベトナム アジア esim アジア sim"", ""Amazon.co.jp: 【アジア10ヵ国周遊 eSIM】5日間 無制限｜高速データ使い放題｜即時発行・すぐ使える｜データ通信専用 ローミングSIM｜カンボジア・インドネシア・日本・ラオス・マレーシア・フィリピン・韓国・台湾・タイ・ベトナム アジア esim アジア sim : 家電＆カメラ"", ""score: local=0, roaming=6""], ""network_generation"": [""product_info_cellular_4g_lte: source:product_info_cellular: 携帯電話技術 4G-LTE""], ""review_count"": [""detail_page: (7)""], ""bestseller_rank"": [""Amazon 売れ筋ランキング 家電＆カメラ - 88,049位 ( 家電＆カメラの売れ筋ランキングを見る ) プリペイドSIMカード - 840位""], ""title"": [""【アジア10ヵ国周遊 eSIM】5日間 無制限｜高速データ使い放題｜即時発行・すぐ使える｜データ通信専用 ローミングSIM｜カンボジア・インドネシア・日本・ラオス・マレーシア・フィリピン・韓国・台湾・タイ・ベトナム アジア esim アジア sim""]}"
amazon_jp,vn,"【東南アジアeSIM】7日間7GB｜11地域対応（シンガポール,タイ,マレーシア,インドネシア,ベトナム,台湾・香港・マカオ,韓国,オーストラリア,ニュージーランド）｜5G/4G対応 高速データ通信｜即日メール配信 ｜使用ガイド付き｜テザリング対応｜365日LINEサポート｜QRコードで簡単設定 SIMカード不要 (7日間7GB)",1299,7,,,,,399,4일,4일,7일,roaming,5g_capable,,,"{""viettel"": null, ""vinaphone"": null, ""mobifone"": null, ""vietnamobile"": null}","{""skt"": null, ""kt"": null, ""lgu"": null}",1GB/day,https://www.amazon.co.jp/4G%E5%AF%BE%E5%BF%9C-%E9%AB%98%E9%80%9F%E3%83%87%E3%83%BC%E3%82%BF%E9%80%9A%E4%BF%A1%EF%BD%9C%E5%8D%B3%E6%97%A5%E7%99%BA%E8%A1%8C-SIM%E3%82%AB%E3%83%BC%E3%83%89%E4%B8%8D%E8%A6%81-7%E6%97%A5%E9%96%937GB/dp/B0FHBCSGM5,B0FHBCSGM5,B0FHBCSGM5,トリリオン・コネクト,Billion Connectのストアを表示,"{""price_jpy"": [""￥1,299""], ""usage_validity"": [""【プランの利用日数の計算方法】 eSIMの有効期間は、アクティベートした時点から起算され、24時間単位で計算されます。 （例：10月1日10:00に3日間のプランをアクティベートした場合、有効期限は10月4日10:00までとなります。）""], ""activation_validity"": [""【東南アジアeSIM】7日間7GB｜11地域対応（シンガポール,タイ,マレーシア,インドネシア,ベトナム,台湾・香港・マカオ,韓国,オーストラリア,ニュージーランド）｜5G/4G対応 高速データ通信｜即日メール配信 ｜使用ガイド付き｜テザリング対応｜365日LINEサポート｜QRコードで簡単設定 SIMカード不要 (7日間7GB)""], ""data_amount"": [""【7日間7GB｜5G/4G対応】 この東南アジアeSIMなら、7日間毎日1GBの高速データ通信が楽しめます！毎日の1GBを使い切った後は、速度が384kbpsに制限されますが、 LINE、WhatsApp、Messengerなどのアプリでの文字チャット、メール送受信、地図の閲覧やナビゲーションは引き続きご利用いただけます。""], ""network_type"": [""インドネシア旅行SIMカード - 5G/4G LTE高速データ - プリペイド＆ローミング禁止 - 5日間1GB - 観光客やビジネス旅行者のための簡単な有効化"", ""マレーシア旅行用SIMカード - 5G/4G LTE高速データ - プリペイド＆ローミングなし、7日間合計3GB - 観光客やビジネス旅行者向けの簡単アクティベーション"", ""score: local=0, roaming=5""], ""network_generation"": [""product_info_cellular_5g: source:product_info_cellular: 携帯電話技術 5G""], ""review_count"": [""detail_page: (7)""], ""bestseller_rank"": [""Amazon 売れ筋ランキング 家電＆カメラ - 33,206位 ( 家電＆カメラの売れ筋ランキングを見る ) プリペイドSIMカード - 399位""], ""title"": [""【東南アジアeSIM】7日間7GB｜11地域対応（シンガポール,タイ,マレーシア,インドネシア,ベトナム,台湾・香港・マカオ,韓国,オーストラリア,ニュージーランド）｜5G/4G対応 高速データ通信｜即日メール配信 ｜使用ガイド付き｜テザリング対応｜365日LINEサポート｜QRコードで簡単設定 SIMカード不要 (7日間7GB)""]}"
amazon_jp,vn,【eSIM 7日間5GB】オーストラリア、ニュージーランド、ベトナム、フィリピン、シンガポール、日本、韓国、マレーシア、インドネシア、タイ、カンボジア【当日発行】 QRコード即送付 4G/5G高速通信 アジア太平洋11カ国 プリペイドsimカード ホットスポット対応 データ通信専用（音声不可） LINE相談受付中 旅行・出張に最適,1199,2,,,,,660,7일,7일,,local,lte_4g_only,,,"{""viettel"": null, ""vinaphone"": null, ""mobifone"": null, ""vietnamobile"": null}","{""skt"": null, ""kt"": null, ""lgu"": null}",5GB,https://www.amazon.co.jp/%E3%82%A2%E3%82%B8%E3%82%A2%E5%A4%AA%E5%B9%B3%E6%B4%8B11%E3%82%AB%E5%9B%BD-%E3%83%97%E3%83%AA%E3%83%9A%E3%82%A4%E3%83%89sim%E3%82%AB%E3%83%BC%E3%83%89-%E3%83%9B%E3%83%83%E3%83%88%E3%82%B9%E3%83%9D%E3%83%83%E3%83%88%E5%AF%BE%E5%BF%9C-%E3%83%87%E3%83%BC%E3%82%BF%E9%80%9A%E4%BF%A1%E5%B0%82%E7%94%A8%EF%BC%88%E9%9F%B3%E5%A3%B0%E4%B8%8D%E5%8F%AF%EF%BC%89/dp/B0GV3M2MXM,B0GV3M2MXM,B0GV3M2MXM,umacaroon,ブランド: ＵＲＯＺＥＴＴＡ,"{""price_jpy"": [""￥1,199""], ""usage_validity"": [""【eSIM 7日間5GB】オーストラリア、ニュージーランド、ベトナム、フィリピン、シンガポール、日本、韓国、マレーシア、インドネシア、タイ、カンボジア【当日発行】 QRコード即送付 4G/5G高速通信 アジア太平洋11カ国 プリペイドsimカード ホットスポット対応 データ通信専用（音声不可） LINE相談受付中 旅行・出張に最適""], ""data_amount"": [""7日間・5GB プリペイドeSIM： アクティベーション後7日間有効で、5GBの高速5G/4G LTEデータ通信がご利用いただけます。3GBを使い切った後も、低速モードで無制限に通信可能（テザリング対応・複数デバイス接続可）。 旅行中もビジネス出張でも、面倒な現地SIMの入手やWi-Fiルーターのレンタルは不要。ご出発前に簡単にセットアップいただけます。""], ""network_type"": [""安定・高速な4G通信環境： アジア太平洋11か国・地域に対応し、高速かつ安定した4Gネットワークをご利用いただけます。Google Maps、LINE、Instagram、YouTube、ChatGPT（※TikTokは非対応）などの主要アプリやウェブサイトに、現地回線の制限を受けることなく簡単にアクセス可能です。ビジネス出張でも観光でも、途切れない通信で快"", ""【T-Mobile純正品】eSIM版 アメリカ ハワイ SIM 7日間【使い放題】【電話番号付き】5G/4G-LTE 高速データ通信/通話/SMS/テザリング 【アメリカ ハワイ 無制限】 プリペイド SIMカード T-Mobile esim 7days"", ""score: local=6, roaming=1""], ""network_generation"": [""product_info_cellular_4g_lte: source:product_info_cellular: 携帯電話技術 LTE""], ""review_count"": [""detail_page: 2""], ""bestseller_rank"": [""Amazon 売れ筋ランキング 家電＆カメラ - 65,067位 ( 家電＆カメラの売れ筋ランキングを見る ) プリペイドSIMカード - 660位""], ""title"": [""【eSIM 7日間5GB】オーストラリア、ニュージーランド、ベトナム、フィリピン、シンガポール、日本、韓国、マレーシア、インドネシア、タイ、カンボジア【当日発行】 QRコード即送付 4G/5G高速通信 アジア太平洋11カ国 プリペイドsimカード ホットスポット対応 データ通信専用（音声不可） LINE相談受付中 旅行・出張に最適""]}"
amazon_jp,vn,ベトナム eSIM 4日間 高速データ1GB/日 低速無制限 4G/5G対応 データ通信専用 プリペイド ESIMプラン Vietnam ハノイ ホーチミン simカード 説明書付 (4日間),850,40,,,,,1359,4일,4일,90일,local,5g_capable,,,"{""viettel"": true, ""vinaphone"": null, ""mobifone"": true, ""vietnamobile"": true}","{""skt"": null, ""kt"": null, ""lgu"": null}",1GB/day,https://www.amazon.co.jp/4%E6%97%A5%E9%96%93-%E9%AB%98%E9%80%9F%E3%83%87%E3%83%BC%E3%82%BF1GB-%E3%83%87%E3%83%BC%E3%82%BF%E9%80%9A%E4%BF%A1%E5%B0%82%E7%94%A8-ESIM%E3%83%97%E3%83%A9%E3%83%B3-Vietnam/dp/B0FRSF19RP,B0FRSF19RP,B0FRSF19RP,mewmewホーム eSIM,ＭＥＷＭＥＷホームのストアを表示,"{""price_jpy"": [""￥850""], ""usage_validity"": [""ベトナム eSIM 4日間 高速データ1GB/日 低速無制限 4G/5G対応 データ通信専用 プリペイド ESIMプラン Vietnam ハノイ ホーチミン simカード 説明書付 (4日間)""], ""activation_validity"": [""【有効期限】メール受信から90日以内にご利用ください。""], ""data_amount"": [""【データ容量】ベトナムで高速データ通信が1日あたり1GB利用可能です。超過後は最大128kbpsで通信は途切れることなくご利用可能です。""], ""network_type"": [""【利用開始】日本での事前設定ではカウント開始されません。現地到着後に電波を受信した時点からご利用可能です。プランのカウントは、現地回線に接続した時点から23:59まで1日と計算されます。"", ""【Almond SIM】 ベトナム 5日間 完全無制限 電話番号付き｜純正Vietnamobile キャリア ｜ホーチミン・ハノイなど 対応｜LINEで24時間サポート｜4G-LTE対応 プリペイドsim ｜Vietnam simカード (物理sim/5日間)"", ""score: local=9, roaming=0""], ""network_generation"": [""product_info_cellular_5g: source:product_info_cellular: 携帯電話技術 4G/5G"", ""product_info_cellular_4g_lte_signal_present_but_5g_capable_takes_precedence""], ""carrier_support_local"": [""Vietnamobile: 【ベトナム SIMカード】20日間 Vietnamobile ベトナムプリペイドSIM 5GB/日利用可能 4G/3G対応 データ通信専用 ベトナム simカード (20日間 1枚)"", ""MobiFone: 【Almond eSIM】 ベトナム 7日間 完全無制限 純正Mobifoneキャリア 当日発行可能 LINEで24時間サポート 出発前の接続テスト用 日本国内500MB eSIM付 4G-LTE対応 プリペイド ESIMプラン Vietnam ハノイ ホーチミン esimカード (esim/7日間"", ""Vietnamobile: ベトナム SIMカード｜Vietnamobile 正規品｜20日間・毎日5GB 4G・3G接続 ｜24時間LINEサポート ベトナム プリペイドSIM ベトナム sim (7日間)"", ""Viettel: 【Viettel純正品】ベトナム eSIM 5日間【高速データ1日5GB (合計最大25GB) 】5G-4G-LTE/テザリング 【データのみ】 プリペイド SIM Vietnam esim 5days"", ""Vietnamobile: 【ベトナム SIMカード】20日間 Vietnamobile ベトナムプリペイドSIM 5GB/日利用可能 4G/3G対応 データ通信専用 ベトナム simカード (20日間 1枚)"", ""Vietnamobile: 【Almond SIM】 ベトナム 5日間 完全無制限 電話番号付き｜純正Vietnamobile キャリア ｜ホーチミン・ハノイなど 対応｜LINEで24時間サポート｜4G-LTE対応 プリペイドsim ｜Vietnam simカード (物理sim/5日間)""], ""review_count"": [""detail_page: 40""], ""bestseller_rank"": [""Amazon 売れ筋ランキング 家電＆カメラ - 154,095位 ( 家電＆カメラの売れ筋ランキングを見る ) プリペイドSIMカード - 1,359位""], ""title"": [""ベトナム eSIM 4日間 高速データ1GB/日 低速無制限 4G/5G対応 データ通信専用 プリペイド ESIMプラン Vietnam ハノイ ホーチミン simカード 説明書付 (4日間)""]}"
amazon_jp,vn,【東南アジア4国 eSIM】5日間 高速データ通信4GB 低速データ通信使い放題 データ通信専用 タイ・ベトナム・ラオス・カンボジアで利用可能,1480,18,,,,,719,5일,5일,30일,unknown,lte_4g_only,,,"{""viettel"": null, ""vinaphone"": null, ""mobifone"": null, ""vietnamobile"": null}","{""skt"": null, ""kt"": null, ""lgu"": null}",4GB,https://www.amazon.co.jp/%E3%80%90%E6%9D%B1%E5%8D%97%E3%82%A2%E3%82%B8%E3%82%A24%E5%9B%BD-%E9%AB%98%E9%80%9F%E3%83%87%E3%83%BC%E3%82%BF%E9%80%9A%E4%BF%A14GB-%E4%BD%8E%E9%80%9F%E3%83%87%E3%83%BC%E3%82%BF%E9%80%9A%E4%BF%A1%E4%BD%BF%E3%81%84%E6%94%BE%E9%A1%8C-%E3%82%BF%E3%82%A4%E3%83%BB%E3%83%99%E3%83%88%E3%83%8A%E3%83%A0%E3%83%BB%E3%83%A9%E3%82%AA%E3%82%B9%E3%83%BB%E3%82%AB%E3%83%B3%E3%83%9C%E3%82%B8%E3%82%A2%E3%81%A7%E5%88%A9%E7%94%A8%E5%8F%AF%E8%83%BD-mewfi/dp/B0DR2FP95W,B0DR2FP95W,B0DR2FP95W,Mewfi 正規販売店,mewfiのストアを表示,"{""price_jpy"": [""￥1,480""], ""usage_validity"": [""【東南アジア4国 eSIM】5日間 高速データ通信4GB 低速データ通信使い放題 データ通信専用 タイ・ベトナム・ラオス・カンボジアで利用可能""], ""activation_validity"": [""【ベトナムSIMカード】7日間 ビナフォン正規品 データ無制限(速度低下なし) 受信専用番号付き 有効期限 / ご購入日より30日以内""], ""data_amount"": [""【電話番号なし】こちらのeSIMはベトナム・タイ・カンボジア・ラオスでご利用いただけます。データ通信専用のeSIMカードで、電話番号は付属しておりません。5日間で合計4GBの高速データ通信が利用可能です。4GBを超過した場合は、256kbpsの低速データ通信が無制限でご利用いただけます。""], ""network_type"": [""local_signal: 【チョコSIM 定額（Sプラン）】【中国の電話番号付きでアプリや施設サービスのSMS認証が可能】【データ容量】合計500MB/月【音声】合計20分間/月 データ/音声/SMS付きSIMカード 中国SIM マカオSIM China unicom ※こちらのSIMカードは契約後、毎月の基本料が発生いたします。※2024年11月1日から台湾でのご利用はできなくなり"", ""roaming_signal: 【物理SIMカードは不要です】東南アジア4か国eSIMは、物理SIMカードを挿入する必要がなく、QRコードをスキャンしてスマートフォンに追加するだけで、現地に到着後ローミングを有効にすれば、インターネットに接続できます。"", ""insufficient_or_conflicting_signals(local=6, roaming=3)""], ""network_generation"": [""product_info_cellular_4g_lte: source:product_info_cellular: 携帯電話技術 LTE""], ""review_count"": [""detail_page: (18)""], ""bestseller_rank"": [""Amazon 売れ筋ランキング 家電＆カメラ - 70,619位 ( 家電＆カメラの売れ筋ランキングを見る ) プリペイドSIMカード - 719位""], ""title"": [""【東南アジア4国 eSIM】5日間 高速データ通信4GB 低速データ通信使い放題 データ通信専用 タイ・ベトナム・ラオス・カンボジアで利用可能""]}"
amazon_jp,vn,【ベトナム eSIM】 5GB/日 Vietnam eSIM プラン 高速データ通信 現地電話番号付き 純正Vietnamobileキャリア 受信使い放題 ベトナム プリペイド Vietnam SIM ホーチミン esim ハノイ sim 当日納品可能 QR簡单設定 緊急利用（Lineまで連絡） (6日間),900,3,,,,,1274,6일,6일,30일,unknown,lte_4g_only,,,"{""viettel"": true, ""vinaphone"": null, ""mobifone"": true, ""vietnamobile"": true}","{""skt"": null, ""kt"": null, ""lgu"": null}",5GB/day,https://www.amazon.co.jp/Vietnam-%E7%8F%BE%E5%9C%B0%E9%9B%BB%E8%A9%B1%E7%95%AA%E5%8F%B7%E4%BB%98%E3%81%8D-%E7%B4%94%E6%AD%A3Vietnamobile%E3%82%AD%E3%83%A3%E3%83%AA%E3%82%A2-%E7%B7%8A%E6%80%A5%E5%88%A9%E7%94%A8%EF%BC%88Line%E3%81%BE%E3%81%A7%E9%80%A3%E7%B5%A1%EF%BC%89-6%E6%97%A5%E9%96%93/dp/B0FQPHJ5M2,B0FQPHJ5M2,B0FQPHJ5M2,SYE店舗,ブランド: ノーブランド品,"{""price_jpy"": [""￥900""], ""usage_validity"": [""【ベトナム eSIM】 5GB/日 Vietnam eSIM プラン 高速データ通信 現地電話番号付き 純正Vietnamobileキャリア 受信使い放題 ベトナム プリペイド Vietnam SIM ホーチミン esim ハノイ sim 当日納品可能 QR簡单設定 緊急利用（Lineまで連絡） (6日間)""], ""activation_validity"": [""【有効期限】eSIMの有効期限は、eSIMのQRコードを受け取った日から30日間です。""], ""data_amount"": [""【高速通信】毎日5GBの高速データ通信が可能で、5GBに達すると自動的にネットワークが切断されます。現地時間の0時に高速データネットワークが自動的に回復します。、現地通話番号付き、受信放題 ！（電話番号の確認方法：*123# に発信）""], ""network_type"": [""local_signal: 【ベトナム eSIM】 5GB/日 Vietnam eSIM プラン 高速データ通信 現地電話番号付き 純正Vietnamobileキャリア 受信使い放題 ベトナム プリペイド Vietnam SIM ホーチミン esim ハノイ sim 当日納品可能 QR簡单設定 緊急利用（Lineまで連絡） (6日間)"", ""roaming_signal: 【注意事項】 ①本製品は SIMロック解除済み かつ eSIM対応スマートフォン のみでご利用いただけます。 ②ご利用日当日にスマートフォンをネットワークへ接続し、送付された eSIMのQRコードをスキャン して追加してください。目的地到着後、そのeSIMを選択し「ローミングをオン」にすると通信が可能になります。 ③eSIMを一度削除すると 再インストールは"", ""insufficient_or_conflicting_signals(local=21, roaming=2)""], ""network_generation"": [""product_info_cellular_4g_lte: source:product_info_cellular: 携帯電話技術 LTE""], ""carrier_support_local"": [""Vietnamobile: 【現地キャリア利用】ネットワーク事業者はVietnamobileで、ベトナムで広範囲にわたる信号と安定したネットワーク、高速な通信速度を提供します。"", ""Vietnamobile: サービスプロバイダ Vietnamobile"", ""Vietnamobile: Amazon.co.jp: 【ベトナム eSIM】 5GB/日 Vietnam eSIM プラン 高速データ通信 現地電話番号付き 純正Vietnamobileキャリア 受信使い放題 ベトナム プリペイド Vietnam SIM ホーチミン esim ハノイ sim 当日納品可能 QR簡单設定 緊急"", ""Vietnamobile: 【ベトナム eSIM】 5GB/日 Vietnam eSIM プラン 高速データ通信 現地電話番号付き 純正Vietnamobileキャリア 受信使い放題 ベトナム プリペイド Vietnam SIM ホーチミン esim ハノイ sim 当日納品可能 QR簡单設定 緊急利用（Lineまで連絡） ("", ""Viettel: 【Viettel純正品】ベトナム eSIM 5日間【高速データ1日5GB (合計最大25GB) 】5G-4G-LTE/テザリング 【データのみ】 プリペイド SIM Vietnam esim 5days"", ""MobiFone: 【ベトナム eSIM】4日間 完全無制限 純正Mobifoneキャリア｜配送待ち不要・QRコード即時送付｜高速データ通信 使い放題 ｜24時間LINEサポート ベトナム sim ベトナムeSIM"", ""Vietnamobile: 【ベトナム SIMカード】20日間 Vietnamobile ベトナムプリペイドSIM 5GB/日利用可能 4G/3G対応 データ通信専用 ベトナム simカード (20日間 1枚)"", ""Vietnamobile: Vietnamobile ベトナムSIM｜利用期間20日間｜毎日5GB 高速データ通信｜4G/3G対応｜プリペイドSIMカード｜ベトナム旅行・出張向け 24時間サポート (20日間)"", ""Vietnamobile: 【ベトナム SIMカード】20日間 Vietnamobile ベトナムプリペイドSIM 5GB/日利用可能 4G/3G対応 データ通信専用 ベトナム simカード (20日間 1枚)"", ""Vietnamobile: 【ベトナム eSIM】 5GB/日 Vietnam eSIM プラン 高速データ通信 現地電話番号付き 純正Vietnamobileキャリア 受信使い放題 ベトナム プリペイド Vietnam SIM ホーチミン esim ハノイ sim 当日納品可能 QR簡单設定 緊急利用（Lineまで連絡） ("", ""Vietnamobile: 【ベトナム SIMカード】20日間 Vietnamobile ベトナムプリペイドSIM 5GB/日利用可能 4G/3G対応 データ通信専用 ベトナム simカード (20日間 1枚)"", ""Vietnamobile: Vietnamobile ベトナムSIM｜利用期間20日間｜毎日5GB 高速データ通信｜4G/3G対応｜プリペイドSIMカード｜ベトナム旅行・出張向け 24時間サポート (20日間)"", ""Viettel: 【Viettel純正品】ベトナム eSIM 5日間【高速データ1日5GB (合計最大25GB) 】5G-4G-LTE/テザリング 【データのみ】 プリペイド SIM Vietnam esim 5days"", ""MobiFone: 【ベトナム eSIM】4日間 完全無制限 純正Mobifoneキャリア｜配送待ち不要・QRコード即時送付｜高速データ通信 使い放題 ｜24時間LINEサポート ベトナム sim ベトナムeSIM"", ""Vietnamobile: 【ベトナム eSIM】 5GB/日 Vietnam eSIM プラン 高速データ通信 現地電話番号付き 純正Vietnamobileキャリア 受信使い放題 ベトナム プリペイド Vietnam SIM ホーチミン esim ハノイ sim 当日納品可能 QR簡单設定 緊急利用（Lineまで連絡） ("", ""Vietnamobile: Amazon.co.jp: 【ベトナム eSIM】 5GB/日 Vietnam eSIM プラン 高速データ通信 現地電話番号付き 純正Vietnamobileキャリア 受信使い放題 ベトナム プリペイド Vietnam SIM ホーチミン esim ハノイ sim 当日納品可能 QR簡单設定 緊急""], ""review_count"": [""detail_page: (3)""], ""bestseller_rank"": [""Amazon 売れ筋ランキング 家電＆カメラ - 144,504位 ( 家電＆カメラの売れ筋ランキングを見る ) プリペイドSIMカード - 1,274位""], ""title"": [""【ベトナム eSIM】 5GB/日 Vietnam eSIM プラン 高速データ通信 現地電話番号付き 純正Vietnamobileキャリア 受信使い放題 ベトナム プリペイド Vietnam SIM ホーチミン esim ハノイ sim 当日納品可能 QR簡单設定 緊急利用（Lineまで連絡） (6日間)""]}"
amazon_jp,vn,東南アジア esim シンガポール マレーシア タイ ベトナム インドネシア プリペイドSIM ESIMプラン 高速データ通信 当日発行可能 Singapore Malaysia Thailand Vietnam Indonesia ESIM (5日間高速データ),990,68,,,,,1040,5일,5일,30일,unknown,lte_4g_only,,,"{""viettel"": true, ""vinaphone"": true, ""mobifone"": null, ""vietnamobile"": null}","{""skt"": null, ""kt"": null, ""lgu"": null}",unlimited,https://www.amazon.co.jp/%E3%83%97%E3%83%AA%E3%83%9A%E3%82%A4%E3%83%89SIM-Singapore-Malaysia-Indonesia-5%E6%97%A5%E9%96%93%E9%AB%98%E9%80%9F%E3%83%87%E3%83%BC%E3%82%BF/dp/B0C6XC4YFX,B0C6XC4YFX,B0C6XC4YFX,株式会社ビッグコネクト,bigconnectのストアを表示,"{""price_jpy"": [""￥990""], ""usage_validity"": [""東南アジア esim シンガポール マレーシア タイ ベトナム インドネシア プリペイドSIM ESIMプラン 高速データ通信 当日発行可能 Singapore Malaysia Thailand Vietnam Indonesia ESIM (5日間高速データ)""], ""activation_validity"": [""●【SimCardの有効期限】メールで納品した30日以内にご利用始めてください。該当の商品はEsimcardになります、物理SIMカードを装着するのではなく、スマートフォンやタブレット等の端末内にあらかじめ埋め込まれたチップに、インターネット経由でデータプランを書き込むことができます。物理のSIMが入っていません。""], ""data_amount"": [""●【特徴1】データ通信専用Esimになります。※データ容量無制限。ただしデータ一日使用量が1GBに達すると最大通信速度が128kbpsに低下します。翌日の現地時間0時自動的にスピード制限を解除します。※現地時間の00:00-23：59区切りで、カウントされます。128kbpsはビデオ通話、Youtubeなどの動画閲覧がほぼできないですが、Google Map""], ""network_type"": [""local_signal: 【チョコSIM 定額（Sプラン）】【中国の電話番号付きでアプリや施設サービスのSMS認証が可能】【データ容量】合計500MB/月【音声】合計20分間/月 データ/音声/SMS付きSIMカード 中国SIM マカオSIM China unicom ※こちらのSIMカードは契約後、毎月の基本料が発生いたします。※2024年11月1日から台湾でのご利用はできなくなり"", ""roaming_signal: インドネシア旅行SIMカード - 5G/4G LTE高速データ - プリペイド＆ローミング禁止 - 5日間1GB - 観光客やビジネス旅行者のための簡単な有効化"", ""insufficient_or_conflicting_signals(local=6, roaming=5)""], ""network_generation"": [""product_info_cellular_4g_lte: source:product_info_cellular: 携帯電話技術 LTE""], ""carrier_support_local"": [""Viettel, VinaPhone: ●【特徴2】東南アジアで使用できるeSIMcard、シンガポール マレーシア タイ ベトナム インドネシア 渡航スケジュールに対応する手軽なeSIMカード。ネットワーク事業者：シンガポール：Singtel、M1、StarHub マレーシア：Celcom、DiGi タイ： DTAC インドネシア：XL""], ""review_count"": [""detail_page: (68)""], ""bestseller_rank"": [""Amazon 売れ筋ランキング 家電＆カメラ - 112,008位 ( 家電＆カメラの売れ筋ランキングを見る ) プリペイドSIMカード - 1,040位""], ""title"": [""東南アジア esim シンガポール マレーシア タイ ベトナム インドネシア プリペイドSIM ESIMプラン 高速データ通信 当日発行可能 Singapore Malaysia Thailand Vietnam Indonesia ESIM (5日間高速データ)""]}"
amazon_jp,vn,アジア太平洋11カ国 シンガポール・タイ・ベトナム・マレーシア SIMカード 10日間 データ使い放題10GBまで Jet Sim 物理SIM 無制限 10日 ジェットシム,1880,34,,,,,665,10일,10일,,roaming,5g_capable,,,"{""viettel"": null, ""vinaphone"": null, ""mobifone"": null, ""vietnamobile"": null}","{""skt"": null, ""kt"": null, ""lgu"": null}",1GB/day,https://www.amazon.co.jp/%E3%82%A2%E3%82%B8%E3%82%A2%E5%A4%AA%E5%B9%B3%E6%B4%8B11%E3%82%AB%E5%9B%BD-%E3%82%B7%E3%83%B3%E3%82%AC%E3%83%9D%E3%83%BC%E3%83%AB%E3%83%BB%E3%82%BF%E3%82%A4%E3%83%BB%E3%83%99%E3%83%88%E3%83%8A%E3%83%A0%E3%83%BB%E3%83%9E%E3%83%AC%E3%83%BC%E3%82%B7%E3%82%A2-SIM%E3%82%AB%E3%83%BC%E3%83%89-10%E6%97%A5%E9%96%93-%E3%83%87%E3%83%BC%E3%82%BF%E4%BD%BF%E3%81%84%E6%94%BE%E9%A1%8C10GB%E3%81%BE%E3%81%A7/dp/B0GVQ8F297,B0GVQ8F297,B0GVQ8F297,ジェスロモバイル,JETSIMのストアを表示,"{""price_jpy"": [""￥1,880""], ""usage_validity"": [""アジア太平洋11カ国 シンガポール・タイ・ベトナム・マレーシア SIMカード 10日間 データ使い放題10GBまで Jet Sim 物理SIM 無制限 10日 ジェットシム""], ""data_amount"": [""【データ無制限】 アジア太平洋11カ国 10日間、5G/4G-LTE高速データ10GB。その後もデータ通信の利用が可能。テザリング対応。高速データ1日1GBまで。""], ""network_type"": [""マレーシア旅行用SIMカード - 5G/4G LTE高速データ - プリペイド＆ローミングなし、7日間合計3GB - 観光客やビジネス旅行者向けの簡単アクティベーション"", ""マレーシア旅行用SIMカード - 5G/4G LTE高速データ - プリペイド＆ローミングなし、7日間合計3GB - 観光客やビジネス旅行者向けの簡単アクティベーション"", ""score: local=0, roaming=2""], ""network_generation"": [""product_info_cellular_5g: source:product_info_cellular: 携帯電話技術 LTE, 5G"", ""product_info_cellular_4g_lte_signal_present_but_5g_capable_takes_precedence""], ""review_count"": [""detail_page: 34""], ""bestseller_rank"": [""Amazon 売れ筋ランキング 家電＆カメラ - 65,864位 ( 家電＆カメラの売れ筋ランキングを見る ) プリペイドSIMカード - 665位""], ""title"": [""アジア太平洋11カ国 シンガポール・タイ・ベトナム・マレーシア SIMカード 10日間 データ使い放題10GBまで Jet Sim 物理SIM 無制限 10日 ジェットシム""]}"
amazon_jp,vn,東南アジアeSIM 7日間5GB タイ・ベトナム・シンガポール・インドネシア（バリ島）・マレーシア・フィリピン eSIM 高速4G LTE 簡単アクティベーション ホットスポット可 複数端末接続 旅行・出張に最適,1299,21,,,,,13,5일,5일,7일,unknown,lte_4g_only,,,"{""viettel"": null, ""vinaphone"": null, ""mobifone"": null, ""vietnamobile"": null}","{""skt"": null, ""kt"": null, ""lgu"": null}",5GB,https://www.amazon.co.jp/%E6%9D%B1%E5%8D%97%E3%82%A2%E3%82%B8%E3%82%A2eSIM-%E3%82%BF%E3%82%A4%E3%83%BB%E3%83%99%E3%83%88%E3%83%8A%E3%83%A0%E3%83%BB%E3%82%B7%E3%83%B3%E3%82%AC%E3%83%9D%E3%83%BC%E3%83%AB%E3%83%BB%E3%82%A4%E3%83%B3%E3%83%89%E3%83%8D%E3%82%B7%E3%82%A2%EF%BC%88%E3%83%90%E3%83%AA%E5%B3%B6%EF%BC%89%E3%83%BB%E3%83%9E%E3%83%AC%E3%83%BC%E3%82%B7%E3%82%A2%E3%83%BB%E3%83%95%E3%82%A3%E3%83%AA%E3%83%94%E3%83%B3-%E7%B0%A1%E5%8D%98%E3%82%A2%E3%82%AF%E3%83%86%E3%82%A3%E3%83%99%E3%83%BC%E3%82%B7%E3%83%A7%E3%83%B3-%E3%83%9B%E3%83%83%E3%83%88%E3%82%B9%E3%83%9D%E3%83%83%E3%83%88%E5%8F%AF-%E6%97%85%E8%A1%8C%E3%83%BB%E5%87%BA%E5%BC%B5%E3%81%AB%E6%9C%80%E9%81%A9/dp/B0FGDQ9TPP,B0FGDQ9TPP,B0FGDQ9TPP,umacaroon,ブランド: ＵＲＯＺＥＴＴＡ,"{""price_jpy"": [""￥1,299""], ""usage_validity"": [""インドネシア旅行SIMカード - 5G/4G LTE高速データ - プリペイド＆ローミング禁止 - 5日間1GB - 観光客やビジネス旅行者のための簡単な有効化""], ""activation_validity"": [""東南アジアeSIM 7日間5GB タイ・ベトナム・シンガポール・インドネシア（バリ島）・マレーシア・フィリピン eSIM 高速4G LTE 簡単アクティベーション ホットスポット可 複数端末接続 旅行・出張に最適""], ""data_amount"": [""7日間で5GBの東南アジアeSIMカード：アクティベーション後7日間、5GBの高速4G LTE通信が利用可能（データ超過後は有効期間中ずっと低速無制限）。ホットスポット機能対応で複数端末の接続も可能。旅行や出張などの短期利用に最適で、接続も安定・快適です。""], ""network_type"": [""local_signal: 安定・高速な4G通信環境：複数の現地通信事業者と提携した高速4G LTE回線。東南アジア6か国（シンガポール、マレーシア、タイ、インドネシア、ベトナム、フィリピン）をカバー。Google MapsやLINE、Instagram、YouTube、ChatGPTなどの主要サービスが快適に利用可能（※TikTokは非対応）。"", ""roaming_signal: マレーシア旅行用SIMカード - 5G/4G LTE高速データ - プリペイド＆ローミングなし、7日間合計3GB - 観光客やビジネス旅行者向けの簡単アクティベーション"", ""insufficient_or_conflicting_signals(local=9, roaming=5)""], ""network_generation"": [""product_info_cellular_4g_lte: source:product_info_cellular: 携帯電話技術 LTE""], ""review_count"": [""detail_page: (21)""], ""bestseller_rank"": [""Amazon 売れ筋ランキング 家電＆カメラ - 23,686位 ( 家電＆カメラの売れ筋ランキングを見る ) プリペイド電話カード - 13位""], ""title"": [""東南アジアeSIM 7日間5GB タイ・ベトナム・シンガポール・インドネシア（バリ島）・マレーシア・フィリピン eSIM 高速4G LTE 簡単アクティベーション ホットスポット可 複数端末接続 旅行・出張に最適""]}"
amazon_jp,vn,ベトナム eSIM | 7日間5GB| 高速データ 5G/4G | QRコード 当日発行可 メール登録で即納品即利用可 | LINEサポート | データ通信専用(電話番号なし)| 日本で事前設定OK | テザリング可能 | パスポート情報不要・実名登録なし,1120,14,,,,,391,7일,7일,30일,local,lte_4g_only,,,"{""viettel"": true, ""vinaphone"": null, ""mobifone"": true, ""vietnamobile"": true}","{""skt"": null, ""kt"": null, ""lgu"": null}",5GB,https://www.amazon.co.jp/7%E6%97%A5%E9%96%935GB-%E3%83%A1%E3%83%BC%E3%83%AB%E7%99%BB%E9%8C%B2%E3%81%A7%E5%8D%B3%E7%B4%8D%E5%93%81%E5%8D%B3%E5%88%A9%E7%94%A8%E5%8F%AF-LINE%E3%82%B5%E3%83%9D%E3%83%BC%E3%83%88-%E6%97%A5%E6%9C%AC%E3%81%A7%E4%BA%8B%E5%89%8D%E8%A8%AD%E5%AE%9AOK-%E3%83%91%E3%82%B9%E3%83%9D%E3%83%BC%E3%83%88%E6%83%85%E5%A0%B1%E4%B8%8D%E8%A6%81%E3%83%BB%E5%AE%9F%E5%90%8D%E7%99%BB%E9%8C%B2%E3%81%AA%E3%81%97/dp/B0GRQGF8MZ,B0GRQGF8MZ,B0GRQGF8MZ,TORAのストアを表示,TORAのストアを表示,"{""price_jpy"": [""価格 ￥1,120 ￥660 配送料 ￥1,418 ￥1,423""], ""usage_validity"": [""ベトナム eSIM | 7日間5GB| 高速データ 5G/4G | QRコード 当日発行可 メール登録で即納品即利用可 | LINEサポート | データ通信専用(電話番号なし)| 日本で事前設定OK | テザリング可能 | パスポート情報不要・実名登録なし""], ""activation_validity"": [""【ベトナムSIMカード】7日間 ビナフォン正規品 データ無制限(速度低下なし) 受信専用番号付き 有効期限 / ご購入日より30日以内""], ""data_amount"": [""🐯データ通信🐯 5G/4G/LTE対応の高速データが【7日間5GB】使えます。※超過後は期間終了まで低速(128kbps)使い放題""], ""network_type"": [""🔺注意事項🔺 利用期限は台湾時間を基準とし、利用開始時間によらず、現地回線に接続した日から、購入プラン日数の23:59(台湾時間)までの暦日制となります。※台湾時間の0時は、日本時間の深夜1時"", ""🐯かんたん発行🐯購入後、専用URLまたはLINE内の【eSIM発行手続き】から「注文番号」と「メール登録」で当日発行(24時間対応)・即時利用できます。 LINE：＠toraesim（ ID検索）※検索窓には「@（アットマーク）」も入れて下さい 🐯かんたん設定🐯 eSIM対応の端末でQRコードを読み込んで設定完了。出発前に、日本国内でeSIM設定ができます。"", ""score: local=12, roaming=0""], ""network_generation"": [""product_info_cellular_4g_lte: source:product_info_cellular: 携帯電話技術 LTE""], ""carrier_support_local"": [""MobiFone: 【Almond eSIM】 ベトナム esim 高速データ通信 完全無制限 純正Mobifoneキャリア 当日発行可能 出発前日本テスト用eSIM500MB LINEで24時間サポート 4G-LTE対応 プリペイド ESIMプラン Vietnam ハノイ ホーチミン simカード (5日間データ無制"", ""Vietnamobile: 【Almond SIM】 ベトナム 7日間 完全無制限 電話番号付き｜純正Vietnamobile キャリア ｜ホーチミン・ハノイなど 対応｜LINEで24時間サポート｜4G-LTE対応 プリペイドsim ｜Vietnam simカード (物理sim/7日間)"", ""Viettel: 【Viettel純正品】ベトナム eSIM 5日間【高速データ1日5GB (合計最大25GB) 】5G-4G-LTE/テザリング 【データのみ】 プリペイド SIM Vietnam esim 5days"", ""MobiFone: 【esim】4日間 ベトナム esim 完全無制限 【Mobifone正規回線】 高速データ使い放題 当日発行可能・メールで即時受取 ベトナムesim 24時間LINEサポート ベトナム sim"", ""Vietnamobile: 【ベトナム SIMカード】20日間 Vietnamobile ベトナムプリペイドSIM 5GB/日利用可能 4G/3G対応 データ通信専用 ベトナム simカード (20日間 1枚)"", ""Viettel: 【Viettel純正品】ベトナム eSIM 7日間【高速データ1日5GB (合計最大35GB) 】5G-4G-LTE/テザリング 【データのみ】 プリペイド SIM Vietnam esim 7days"", ""Vietnamobile: ベトナム SIMカード｜Vietnamobile 正規品｜20日間・毎日5GB 4G・3G接続 ｜24時間LINEサポート ベトナム プリペイドSIM ベトナム sim (10日間)"", ""MobiFone, Vietnamobile: Amazon.co.jp: ベトナム eSIM | 7日間5GB| 高速データ 5G/4G | QRコード 当日発行可 メール登録で即納品即利用可 | LINEサポート | データ通信専用(電話番号なし)| 日本で事前設定OK | テザリング可能 | パスポート情報不要・実名登録なし : 家電＆カメ""], ""review_count"": [""detail_page: 14""], ""bestseller_rank"": [""Amazon 売れ筋ランキング 家電＆カメラ - 32,516位 ( 家電＆カメラの売れ筋ランキングを見る ) プリペイドSIMカード - 391位""], ""title"": [""ベトナム eSIM | 7日間5GB| 高速データ 5G/4G | QRコード 当日発行可 メール登録で即納品即利用可 | LINEサポート | データ通信専用(電話番号なし)| 日本で事前設定OK | テザリング可能 | パスポート情報不要・実名登録なし""]}"
amazon_jp,vn,【ベトナム eSIM 】出発前24時間内通信テストOK｜到着後すぐ使える｜QRコード即発行｜SIM交換不要｜高速データ通信専用｜お急ぎのご相談は（LINEで受付中）24時間オンラインサポート｜旅行・出張・留学｜Tiktok&GPT利用可 way2esim (4日間 5GB),850,3,,,,,,4일,4일,90일,local,unknown,,,"{""viettel"": true, ""vinaphone"": null, ""mobifone"": true, ""vietnamobile"": null}","{""skt"": null, ""kt"": null, ""lgu"": null}",5GB,https://www.amazon.co.jp/%E3%80%90%E3%83%99%E3%83%88%E3%83%8A%E3%83%A0-eSIM-GPT%E5%88%A9%E7%94%A8%E5%8F%AF-way2esim/dp/B0H25P1NXR,B0H25P1NXR,B0H25P1NXR,eSIM株式会社,way2esimのストアを表示,"{""price_jpy"": [""￥850""], ""usage_validity"": [""【ベトナム eSIM 】出発前24時間内通信テストOK｜到着後すぐ使える｜QRコード即発行｜SIM交換不要｜高速データ通信専用｜お急ぎのご相談は（LINEで受付中）24時間オンラインサポート｜旅行・出張・留学｜Tiktok&GPT利用可 way2esim (4日間 5GB)""], ""activation_validity"": [""⚠️注意：① eSIM情報メール受信後90日以内にご利用ください。期限を過ぎると使用できなくなります。② 日本でテストデータ量＋ベトナムで使用できるデータ量＝5GB""], ""data_amount"": [""⚠️注意：① eSIM情報メール受信後90日以内にご利用ください。期限を過ぎると使用できなくなります。② 日本でテストデータ量＋ベトナムで使用できるデータ量＝5GB""], ""network_type"": [""【ベトナムeSIM】 5日間 高速データ無制限 電話番号付き 通話・SMS受信のみ可能 お急ぎの方即日対応(LINE相談受付中) 有効期限 / ご購入日より30日以内 ベトナムSIMカードタイプではありません"", ""【電話番号付き SMS 電話受信可】 SIMカード ベトナム ベトナムSIM ベトナム用SIM データ無制限 10日間 安心サポート 高速データ通信 返金保証 テザリング 海外SIM プリペイドSIM SIMフリー 留学 海外出張 海外旅行 ワーホリ"", ""score: local=6, roaming=0""], ""network_generation"": [""fallback_5g: source:meta_description: Amazon.co.jp: 【ベトナム eSIM 】出発前24時間内通信テストOK｜到着後すぐ使える｜QRコード即発行｜SIM交換不要｜高速データ通信専用｜お急ぎのご相談は（LINEで受付中）24時間オンラインサポート｜旅行・出張・留学｜Tiktok&GPT利用可 way2esim (4日間 5GB) : 家"", ""fallback_4g_lte: source:image_alt: 【Almond eSIM】 ベトナム esim 高速データ通信 完全無制限 純正Mobifoneキャリア 当日発行可能 出発前日本テスト用eSIM500MB LINEで24時間サポート 4G-LTE対応 プリペイド ESIMプラン Vietnam ハ"", ""fallback_only_network_generation_signal""], ""carrier_support_local"": [""MobiFone: 【Almond eSIM】 ベトナム esim 高速データ通信 完全無制限 純正Mobifoneキャリア 当日発行可能 出発前日本テスト用eSIM500MB LINEで24時間サポート 4G-LTE対応 プリペイド ESIMプラン Vietnam ハ"", ""Viettel: 【Viettel純正品】ベトナム eSIM 7日間【高速データ1日5GB (合計最大35GB) 】5G-4G-LTE/テザリング 【データのみ】 プリペイド SIM Vietnam esim 7days""], ""review_count"": [""detail_page: (3)""], ""title"": [""【ベトナム eSIM 】出発前24時間内通信テストOK｜到着後すぐ使える｜QRコード即発行｜SIM交換不要｜高速データ通信専用｜お急ぎのご相談は（LINEで受付中）24時間オンラインサポート｜旅行・出張・留学｜Tiktok&GPT利用可 way2esim (4日間 5GB)""]}"
amazon_jp,vn,【ベトナム eSIM】高速データ無制限｜ Mobifone回線&5G高速通信&無料着信｜当日利用可能&90日間有効｜24時間安心＆丁寧サポート way2esim (7日間 無制限),1480,23,,,,,1304,90일,90일,90일,local,lte_4g_only,,,"{""viettel"": null, ""vinaphone"": null, ""mobifone"": true, ""vietnamobile"": true}","{""skt"": null, ""kt"": null, ""lgu"": null}",unlimited,https://www.amazon.co.jp/eSIM%E3%80%91%E9%AB%98%E9%80%9F%E3%83%87%E3%83%BC%E3%82%BF%E7%84%A1%E5%88%B6%E9%99%90%EF%BD%9C-Mobifone%E5%9B%9E%E7%B7%9A-%E7%84%A1%E6%96%99%E7%9D%80%E4%BF%A1%EF%BD%9C%E5%BD%93%E6%97%A5%E5%88%A9%E7%94%A8%E5%8F%AF%E8%83%BD-90%E6%97%A5%E9%96%93%E6%9C%89%E5%8A%B9%EF%BD%9C24%E6%99%82%E9%96%93%E5%AE%89%E5%BF%83%EF%BC%86%E4%B8%81%E5%AF%A7%E3%82%B5%E3%83%9D%E3%83%BC%E3%83%88-way2esim/dp/B0GGQ73S73,B0GGQ73S73,B0GGQ73S73,eSIM株式会社,way2esimのストアを表示,"{""price_jpy"": [""￥1,480""], ""usage_validity"": [""【ベトナム eSIM】高速データ無制限｜ Mobifone回線&5G高速通信&無料着信｜当日利用可能&90日間有効｜24時間安心＆丁寧サポート way2esim (7日間 無制限)""], ""activation_validity"": [""注意事項①：eSIM情報メール受信後90日以内にご利用ください。Mobifone回線の仕様により、eSIMはご利用開始時刻の24時間前までにご予約いただく必要がございます。スムーズにご利用いただくため、事前のお手続きをおすすめいたします。""], ""data_amount"": [""【高速無制限データ＆速度制限なし】：このベトナムeSIMは、高速データ通信が無制限利用可能です。""], ""network_type"": [""【ベトナム eSIM】高速データ通信 純正Mobifoneキャリア 無料着信・SMS受信対応 電話番号付き 当日発行可能&180日間有効 LINEで24時間サポート ハノイsimカード 旅行出張 way2esim (5日間)"", ""【ベトナム eSIM】高速データ通信 純正Mobifoneキャリア 無料着信・SMS受信対応 電話番号付き 当日発行可能&180日間有効 LINEで24時間サポート ハノイsimカード 旅行出張 way2esim (7日間)"", ""score: local=6, roaming=0""], ""network_generation"": [""product_info_cellular_4g_lte: source:product_info_cellular: 携帯電話技術 LTE""], ""carrier_support_local"": [""MobiFone: 注意事項①：eSIM情報メール受信後90日以内にご利用ください。Mobifone回線の仕様により、eSIMはご利用開始時刻の24時間前までにご予約いただく必要がございます。スムーズにご利用いただくため、事前のお手続きをおすすめいたします。"", ""MobiFone: サービスプロバイダ Mobifone"", ""MobiFone: Amazon.co.jp: 【ベトナム eSIM】高速データ無制限｜ Mobifone回線&5G高速通信&無料着信｜当日利用可能&90日間有効｜24時間安心＆丁寧サポート way2esim (7日間 無制限) : 家電＆カメラ"", ""MobiFone: 【ベトナム eSIM】高速データ無制限｜ Mobifone回線&amp;5G高速通信&amp;無料着信｜当日利用可能&amp;90日間有効｜24時間安心＆丁寧サポート way2esim (7日間 無制限)"", ""MobiFone: 【ベトナム eSIM】高速データ通信 純正Mobifoneキャリア 無料着信・SMS受信対応 電話番号付き 当日発行可能&180日間有効 LINEで24時間サポート ハノイsimカード 旅行出張 way2esim (5日間)"", ""Vietnamobile: 【ベトナム SIMカード】20日間 Vietnamobile ベトナムプリペイドSIM 5GB/日利用可能 4G/3G対応 データ通信専用 ベトナム simカード (20日間 1枚)"", ""MobiFone: 【ベトナム eSIM】高速データ無制限｜ Mobifone回線&5G高速通信&無料着信｜当日利用可能&90日間有効｜24時間安心＆丁寧サポート way2esim (7日間 無制限)"", ""MobiFone: 【ベトナム eSIM】高速データ通信 純正Mobifoneキャリア 無料着信・SMS受信対応 電話番号付き 当日発行可能&180日間有効 LINEで24時間サポート ハノイsimカード 旅行出張 way2esim (7日間)"", ""MobiFone: 【ベトナム eSIM】高速データ無制限｜ Mobifone回線&5G高速通信&無料着信｜当日利用可能&90日間有効｜24時間安心＆丁寧サポート way2esim (7日間 無制限)"", ""MobiFone: Amazon.co.jp: 【ベトナム eSIM】高速データ無制限｜ Mobifone回線&5G高速通信&無料着信｜当日利用可能&90日間有効｜24時間安心＆丁寧サポート way2esim (7日間 無制限) : 家電＆カメラ 次に移動 メインコンテンツ この商品について この商品について この商品""], ""review_count"": [""detail_page: (23)""], ""bestseller_rank"": [""Amazon 売れ筋ランキング 家電＆カメラ - 147,139位 ( 家電＆カメラの売れ筋ランキングを見る ) プリペイドSIMカード - 1,304位""], ""title"": [""【ベトナム eSIM】高速データ無制限｜ Mobifone回線&5G高速通信&無料着信｜当日利用可能&90日間有効｜24時間安心＆丁寧サポート way2esim (7日間 無制限)""]}"
amazon_jp,vn,【ベトナム eSIM】1日間 0.5GB/毎日（一日間 コスパ重視） DeSiM正規卸 | LINE相談受付中｜データのみ | simフリー端末のみ対応 説明書付 イーシム DeSiM,830,2,,,,,1883,1일,1일,3일,unknown,unknown,,,"{""viettel"": null, ""vinaphone"": null, ""mobifone"": true, ""vietnamobile"": true}","{""skt"": null, ""kt"": null, ""lgu"": null}",unlimited,https://www.amazon.co.jp/eSIM%E3%80%911%E6%97%A5%E9%96%93-0-5GB-LINE%E7%9B%B8%E8%AB%87%E5%8F%97%E4%BB%98%E4%B8%AD%EF%BD%9C%E3%83%87%E3%83%BC%E3%82%BF%E3%81%AE%E3%81%BF-sim%E3%83%95%E3%83%AA%E3%83%BC%E7%AB%AF%E6%9C%AB%E3%81%AE%E3%81%BF%E5%AF%BE%E5%BF%9C-DeSiM/dp/B0DGQP9FTN,B0DGQP9FTN,B0DGQP9FTN,DeSiM,DeSiMのストアを表示,"{""price_jpy"": [""￥830""], ""usage_validity"": [""【ベトナム eSIM】1日間 0.5GB/毎日（一日間 コスパ重視） DeSiM正規卸 | LINE相談受付中｜データのみ | simフリー端末のみ対応 説明書付 イーシム DeSiM""], ""activation_validity"": [""【SKTelecoｍ公式認証】 韓国eSIM 3日間 (72時間) 電話番号付き 超高速データ無制限 最初の5分発信無料(韓国国内) お急ぎの方即時発行可(LINE相談受付中) 有効期限／ご購入日より120日以内 現地空港サポート(SKTelecomローミングセンター) SKテレコム正規品 韓国SIMカードタイプではありません""], ""data_amount"": [""商品の説明 購入前の注意事項 【注意事項】 注意事項①：電話番号は付与されませんので、ご注意ください。 注意事項②：SIMロックフリー端末、もしくはSIMフリー端末専用のサービスです。必ず、ご利用端末がeSIM対応かどうかご確認ください。 注意事項③：2021年10月1日以前にSIMロック解除をキャリア店頭またはインターネットでされた「Android端末」は""], ""network_type"": [""local_signal: 商品の説明 購入前の注意事項 【注意事項】 注意事項①：電話番号は付与されませんので、ご注意ください。 注意事項②：SIMロックフリー端末、もしくはSIMフリー端末専用のサービスです。必ず、ご利用端末がeSIM対応かどうかご確認ください。 注意事項③：2021年10月1日以前にSIMロック解除をキャリア店頭またはインターネットでされた「Android端末」は"", ""roaming_signal: 商品の説明 購入前の注意事項 【注意事項】 注意事項①：電話番号は付与されませんので、ご注意ください。 注意事項②：SIMロックフリー端末、もしくはSIMフリー端末専用のサービスです。必ず、ご利用端末がeSIM対応かどうかご確認ください。 注意事項③：2021年10月1日以前にSIMロック解除をキャリア店頭またはインターネットでされた「Android端末」は"", ""insufficient_or_conflicting_signals(local=12, roaming=3)""], ""network_generation"": [""fallback_5g: source:meta_description: Amazon.co.jp: 【ベトナム eSIM】1日間 0.5GB/毎日（一日間 コスパ重視） DeSiM正規卸 | LINE相談受付中｜データのみ | simフリー端末のみ対応 説明書付 イーシム DeSiM : 家電＆カメラ"", ""fallback_4g_lte: source:image_alt: ベトナムeSIM - プリペイド1GB 5G/4Gデータ、10日間用 - 簡単QRコードセットアップ - 契約なし、ローミングなし - 短期旅行と長期旅行に最適"", ""fallback_only_network_generation_signal""], ""carrier_support_local"": [""MobiFone: 【Almond eSIM】 ベトナム 7日間 完全無制限 純正Mobifoneキャリア 当日発行可能 LINEで24時間サポート 出発前の接続テスト用 日本国内500MB eSIM付 4G-LTE対応 プリペイド ESIMプラン Vietnam ハノイ ホーチミン esimカード (esim/7日間"", ""Vietnamobile: お得な2枚セット Vietnamobile ベトナムプリペイドSIM 4G・3G 20日利用 データ容量80GB"", ""Vietnamobile: 【Almond SIM】 ベトナム 5日間 完全無制限 電話番号付き｜純正Vietnamobile キャリア ｜ホーチミン・ハノイなど 対応｜LINEで24時間サポート｜4G-LTE対応 プリペイドsim ｜Vietnam simカード (物理sim/5日間)"", ""MobiFone: 【Almond eSIM】 ベトナム 5日間 完全無制限 純正Mobifoneキャリア 当日発行可能 LINEで24時間サポート 出発前の接続テスト用 日本国内500MB eSIM付 4G-LTE対応 プリペイド ESIMプラン Vietnam ハノイ ホーチミン esimカード (esim/5日間""], ""review_count"": [""detail_page: 2""], ""bestseller_rank"": [""Amazon 売れ筋ランキング 家電＆カメラ - 234,498位 ( 家電＆カメラの売れ筋ランキングを見る ) プリペイドSIMカード - 1,883位""], ""title"": [""【ベトナム eSIM】1日間 0.5GB/毎日（一日間 コスパ重視） DeSiM正規卸 | LINE相談受付中｜データのみ | simフリー端末のみ対応 説明書付 イーシム DeSiM""]}"
amazon_jp,vn,東南アジア simカード6ヵ国、7日間5GB ベトナム、タイ、フィリピン、インドネシア、シンガポール、マレーシア simカード、プリペイド データ、4G高速データネットワークアジアSIM、データ通信専用、簡単アクティベーション、ホットスポットサポート,1399,17,,,,,712,7일,7일,30일,roaming,lte_4g_only,,,"{""viettel"": null, ""vinaphone"": null, ""mobifone"": null, ""vietnamobile"": null}","{""skt"": null, ""kt"": null, ""lgu"": null}",5GB,https://www.amazon.co.jp/%E6%9D%B1%E5%8D%97%E3%82%A2%E3%82%B8%E3%82%A2-sim%E3%82%AB%E3%83%BC%E3%83%896%E3%83%B5%E5%9B%BD%E3%80%817%E6%97%A5%E9%96%935GB-%E3%83%99%E3%83%88%E3%83%8A%E3%83%A0%E3%80%81%E3%82%BF%E3%82%A4%E3%80%81%E3%83%95%E3%82%A3%E3%83%AA%E3%83%94%E3%83%B3%E3%80%81%E3%82%A4%E3%83%B3%E3%83%89%E3%83%8D%E3%82%B7%E3%82%A2%E3%80%81%E3%82%B7%E3%83%B3%E3%82%AC%E3%83%9D%E3%83%BC%E3%83%AB%E3%80%81%E3%83%9E%E3%83%AC%E3%83%BC%E3%82%B7%E3%82%A2-sim%E3%82%AB%E3%83%BC%E3%83%89%E3%80%81%E3%83%97%E3%83%AA%E3%83%9A%E3%82%A4%E3%83%89/dp/B0FJMCXMRL,B0FJMCXMRL,B0FJMCXMRL,umacaroon,ブランド: ＵＲＯＺＥＴＴＡ,"{""price_jpy"": [""￥1,399""], ""usage_validity"": [""東南アジア simカード6ヵ国、7日間5GB ベトナム、タイ、フィリピン、インドネシア、シンガポール、マレーシア simカード、プリペイド データ、4G高速データネットワークアジアSIM、データ通信専用、簡単アクティベーション、ホットスポットサポート""], ""activation_validity"": [""【ベトナムSIMカード】7日間 ビナフォン正規品 データ無制限(速度低下なし) 受信専用番号付き 有効期限 / ご購入日より30日以内""], ""data_amount"": [""7日間で5GB 東南アジア simカード：ベトナム・タイ・フィリピン・インドネシア・シンガポール・マレーシア、5GBの高速4G LTE通信が7日間利用可能（データ超過後は有効期間中ずっと低速無制限）。ホットスポット機能でスマートフォンやタブレットなど複数端末の同時接続が可能！通信が安定しているので、旅行や出張時の短期利用に最適です。""], ""network_type"": [""インドネシア旅行SIMカード - 5G/4G LTE高速データ - プリペイド＆ローミング禁止 - 5日間1GB - 観光客やビジネス旅行者のための簡単な有効化"", ""アジア旅行SIMカード、15日間-2GB毎日の高速データ、20分の通話＆10のテキスト、シンガポール、マレーシア、タイ＆インドをカバー、プリペイド - ローミングなし - 簡単なセットアップ"", ""score: local=0, roaming=4""], ""network_generation"": [""product_info_cellular_4g_lte: source:product_info_cellular: 携帯電話技術 LTE""], ""review_count"": [""detail_page: (17)""], ""bestseller_rank"": [""Amazon 売れ筋ランキング 家電＆カメラ - 69,620位 ( 家電＆カメラの売れ筋ランキングを見る ) プリペイドSIMカード - 712位""], ""title"": [""東南アジア simカード6ヵ国、7日間5GB ベトナム、タイ、フィリピン、インドネシア、シンガポール、マレーシア simカード、プリペイド データ、4G高速データネットワークアジアSIM、データ通信専用、簡単アクティベーション、ホットスポットサポート""]}"
amazon_jp,vn,【ベトナム eSIM】 YOHO MOBILE | 5日間 毎日5GB | 高速データ通信 | 説明書付き | 簡単設定 | 24時間LINEサポート,980,40,,,,,1845,5일,5일,30일,unknown,lte_4g_only,,,"{""viettel"": true, ""vinaphone"": null, ""mobifone"": null, ""vietnamobile"": true}","{""skt"": null, ""kt"": null, ""lgu"": null}",5GB/day,https://www.amazon.co.jp/%E3%80%90%E3%83%99%E3%83%88%E3%83%8A%E3%83%A0-YOHO-MOBILE-%E9%AB%98%E9%80%9F%E3%83%87%E3%83%BC%E3%82%BF%E9%80%9A%E4%BF%A1-24%E6%99%82%E9%96%93LINE%E3%82%B5%E3%83%9D%E3%83%BC%E3%83%88/dp/B0GKC6YGCH,B0GKC6YGCH,B0GKC6YGCH,Yoho Mobile Pte Ltd,ブランド: YOHO MOBILE,"{""price_jpy"": [""￥980""], ""usage_validity"": [""【ベトナム eSIM】 YOHO MOBILE | 5日間 毎日5GB | 高速データ通信 | 説明書付き | 簡単設定 | 24時間LINEサポート""], ""activation_validity"": [""【📅 有効期限について】 お客様が安心して準備できるよう、eSIMの有効期限はご購入日より30日間です。ご利用になる直前のタイミングでQRコードを発行し、余裕を持ってご設定ください。""], ""data_amount"": [""型番 5日間｜毎日5GB""], ""network_type"": [""no_local_or_roaming_keyword_matched""], ""network_generation"": [""product_info_cellular_4g_lte: source:product_info_cellular: 携帯電話技術 LTE""], ""carrier_support_local"": [""Vietnamobile: 【ベトナム SIMカード】20日間 Vietnamobile ベトナムプリペイドSIM 5GB/日利用可能 4G/3G対応 データ通信専用 ベトナム simカード (20日間 1枚)"", ""Viettel: 【Viettel純正品】ベトナム eSIM 5日間【高速データ1日5GB (合計最大25GB) 】5G-4G-LTE/テザリング 【データのみ】 プリペイド SIM Vietnam esim 5days"", ""Viettel: 【Viettel純正品】ベトナム eSIM 5日間【高速データ1日5GB (合計最大25GB) 】5G-4G-LTE/テザリング 【データのみ】 プリペイド SIM Vietnam esim 5days""], ""review_count"": [""detail_page: 40""], ""bestseller_rank"": [""Amazon 売れ筋ランキング 家電＆カメラ - 228,688位 ( 家電＆カメラの売れ筋ランキングを見る ) プリペイドSIMカード - 1,845位""], ""title"": [""【ベトナム eSIM】 YOHO MOBILE | 5日間 毎日5GB | 高速データ通信 | 説明書付き | 簡単設定 | 24時間LINEサポート""]}"
amazon_jp,vn,"【東南アジアeSIM】5日間5GB｜11地域対応（シンガポール,タイ,マレーシア,インドネシア,ベトナム,台湾・香港・マカオ,韓国,オーストラリア,ニュージーランド）｜5G/4G対応 高速データ通信｜即日メール配信 ｜使用ガイド付き｜テザリング対応｜365日LINEサポート｜QRコードで簡単設定 SIMカード不要 (5日間5GB)",999,6,,,,,1268,4일,4일,5일,unknown,5g_capable,,,"{""viettel"": null, ""vinaphone"": null, ""mobifone"": null, ""vietnamobile"": null}","{""skt"": null, ""kt"": null, ""lgu"": null}",1GB/day,https://www.amazon.co.jp/4G%E5%AF%BE%E5%BF%9C-%E9%AB%98%E9%80%9F%E3%83%87%E3%83%BC%E3%82%BF%E9%80%9A%E4%BF%A1%EF%BD%9C%E5%8D%B3%E6%97%A5%E7%99%BA%E8%A1%8C-SIM%E3%82%AB%E3%83%BC%E3%83%89%E4%B8%8D%E8%A6%81-5%E6%97%A5%E9%96%935GB/dp/B0FHBCLY5K,B0FHBCLY5K,B0FHBCLY5K,トリリオン・コネクト,Billion Connectのストアを表示,"{""price_jpy"": [""￥999""], ""usage_validity"": [""【プランの利用日数の計算方法】 eSIMの有効期間は、アクティベートした時点から起算され、24時間単位で計算されます。 （例：10月1日10:00に3日間のプランをアクティベートした場合、有効期限は10月4日10:00までとなります。）""], ""activation_validity"": [""【東南アジアeSIM】5日間5GB｜11地域対応（シンガポール,タイ,マレーシア,インドネシア,ベトナム,台湾・香港・マカオ,韓国,オーストラリア,ニュージーランド）｜5G/4G対応 高速データ通信｜即日メール配信 ｜使用ガイド付き｜テザリング対応｜365日LINEサポート｜QRコードで簡単設定 SIMカード不要 (5日間5GB)""], ""data_amount"": [""【5日間5GB｜5G/4G対応】 この東南アジアeSIMなら、5日間毎日1GBの高速データ通信が楽しめます！毎日の1GBを使い切った後は、速度が384kbpsに制限されますが、 LINE、WhatsApp、Messengerなどのアプリでの文字チャット、メール送受信、地図の閲覧やナビゲーションは引き続きご利用いただけます。""], ""network_type"": [""local_signal: 【チョコSIM 定額（Sプラン）】【中国の電話番号付きでアプリや施設サービスのSMS認証が可能】【データ容量】合計500MB/月【音声】合計20分間/月 データ/音声/SMS付きSIMカード 中国SIM マカオSIM China unicom ※こちらのSIMカードは契約後、毎月の基本料が発生いたします。※2024年11月1日から台湾でのご利用はできなくなり"", ""roaming_signal: マレーシア旅行用SIMカード - 5G/4G LTE高速データ - プリペイド＆ローミングなし、7日間合計3GB - 観光客やビジネス旅行者向けの簡単アクティベーション"", ""insufficient_or_conflicting_signals(local=6, roaming=5)""], ""network_generation"": [""product_info_cellular_5g: source:product_info_cellular: 携帯電話技術 5G""], ""review_count"": [""detail_page: (6)""], ""bestseller_rank"": [""Amazon 売れ筋ランキング 家電＆カメラ - 143,796位 ( 家電＆カメラの売れ筋ランキングを見る ) プリペイドSIMカード - 1,268位""], ""title"": [""【東南アジアeSIM】5日間5GB｜11地域対応（シンガポール,タイ,マレーシア,インドネシア,ベトナム,台湾・香港・マカオ,韓国,オーストラリア,ニュージーランド）｜5G/4G対応 高速データ通信｜即日メール配信 ｜使用ガイド付き｜テザリング対応｜365日LINEサポート｜QRコードで簡単設定 SIMカード不要 (5日間5GB)""]}"
amazon_jp,vn,【ベトナム eSIM】5日間 完全無制限（四泊五日 使い放題） DeSiM正規卸 |LINE相談受付中 |データ通信専用（電話番号なし） simフリー端末のみ対応 説明書付 イーシム DeSiM,2030,5,,,,,826,5일,5일,30일,unknown,lte_4g_only,,,"{""viettel"": true, ""vinaphone"": null, ""mobifone"": true, ""vietnamobile"": true}","{""skt"": null, ""kt"": null, ""lgu"": null}",unlimited,https://www.amazon.co.jp/eSIM%E3%80%915%E6%97%A5%E9%96%93-%E5%AE%8C%E5%85%A8%E7%84%A1%E5%88%B6%E9%99%90%EF%BC%88%E5%9B%9B%E6%B3%8A%E4%BA%94%E6%97%A5-LINE%E7%9B%B8%E8%AB%87%E5%8F%97%E4%BB%98%E4%B8%AD-%E3%83%87%E3%83%BC%E3%82%BF%E9%80%9A%E4%BF%A1%E5%B0%82%E7%94%A8%EF%BC%88%E9%9B%BB%E8%A9%B1%E7%95%AA%E5%8F%B7%E3%81%AA%E3%81%97%EF%BC%89-sim%E3%83%95%E3%83%AA%E3%83%BC%E7%AB%AF%E6%9C%AB%E3%81%AE%E3%81%BF%E5%AF%BE%E5%BF%9C/dp/B0D5VMG27X,B0D5VMG27X,B0D5VMG27X,DeSiM,DeSiMのストアを表示,"{""price_jpy"": [""￥2,030""], ""usage_validity"": [""【ベトナム eSIM】5日間 完全無制限（四泊五日 使い放題） DeSiM正規卸 |LINE相談受付中 |データ通信専用（電話番号なし） simフリー端末のみ対応 説明書付 イーシム DeSiM""], ""activation_validity"": [""【ベトナムSIMカード】7日間 ビナフォン正規品 データ無制限(速度低下なし) 受信専用番号付き 有効期限 / ご購入日より30日以内""], ""data_amount"": [""商品の説明 購入前の注意事項 【注意事項】 注意事項①：電話番号は付与されませんので、ご注意ください。 注意事項②：SIMロックフリー端末、もしくはSIMフリー端末専用のサービスです。必ず、ご利用端末がeSIM対応かどうかご確認ください。 注意事項③：2021年10月1日以前にSIMロック解除をキャリア店頭またはインターネットでされた「Android端末」は""], ""network_type"": [""local_signal: 商品の説明 購入前の注意事項 【注意事項】 注意事項①：電話番号は付与されませんので、ご注意ください。 注意事項②：SIMロックフリー端末、もしくはSIMフリー端末専用のサービスです。必ず、ご利用端末がeSIM対応かどうかご確認ください。 注意事項③：2021年10月1日以前にSIMロック解除をキャリア店頭またはインターネットでされた「Android端末」は"", ""roaming_signal: 商品の説明 購入前の注意事項 【注意事項】 注意事項①：電話番号は付与されませんので、ご注意ください。 注意事項②：SIMロックフリー端末、もしくはSIMフリー端末専用のサービスです。必ず、ご利用端末がeSIM対応かどうかご確認ください。 注意事項③：2021年10月1日以前にSIMロック解除をキャリア店頭またはインターネットでされた「Android端末」は"", ""insufficient_or_conflicting_signals(local=9, roaming=6)""], ""network_generation"": [""product_info_cellular_4g_lte: source:product_info_cellular: 携帯電話技術 LTE""], ""carrier_support_local"": [""Viettel: サービスプロバイダ Viettel"", ""Vietnamobile: 【ベトナム SIMカード】20日間 Vietnamobile ベトナムプリペイドSIM 5GB/日利用可能 4G/3G対応 データ通信専用 ベトナム simカード (20日間 1枚)"", ""MobiFone: 【ベトナム eSIM】4日間 完全無制限 純正Mobifoneキャリア｜配送待ち不要・QRコード即時送付｜高速データ通信 使い放題 ｜24時間LINEサポート ベトナム sim ベトナムeSIM""], ""review_count"": [""detail_page: (5)""], ""bestseller_rank"": [""Amazon 売れ筋ランキング 家電＆カメラ - 86,533位 ( 家電＆カメラの売れ筋ランキングを見る ) プリペイドSIMカード - 826位""], ""title"": [""【ベトナム eSIM】5日間 完全無制限（四泊五日 使い放題） DeSiM正規卸 |LINE相談受付中 |データ通信専用（電話番号なし） simフリー端末のみ対応 説明書付 イーシム DeSiM""]}"
amazon_jp,vn,東南アジア5か国周遊 eSIM 3日間 高速データ1GB/日 低速無制限 利用国：シンガポール マレーシア タイ インドネシア ベトナム 4G/5G対応 データ通信専用 東南アジアsim 説明書付 (3日間),730,58,,,,,895,3일,3일,90일,unknown,5g_capable,,,"{""viettel"": null, ""vinaphone"": null, ""mobifone"": null, ""vietnamobile"": null}","{""skt"": null, ""kt"": null, ""lgu"": null}",1GB/day,https://www.amazon.co.jp/%E6%9D%B1%E5%8D%97%E3%82%A2%E3%82%B8%E3%82%A25%E3%81%8B%E5%9B%BD%E5%91%A8%E9%81%8A-3%E6%97%A5%E9%96%93-%E9%AB%98%E9%80%9F%E3%83%87%E3%83%BC%E3%82%BF1GB-%E5%88%A9%E7%94%A8%E5%9B%BD%EF%BC%9A%E3%82%B7%E3%83%B3%E3%82%AC%E3%83%9D%E3%83%BC%E3%83%AB-%E6%9D%B1%E5%8D%97%E3%82%A2%E3%82%B8%E3%82%A2sim/dp/B0FRS94NG1,B0FRS94NG1,B0FRS94NG1,mewmewホーム eSIM,ＭＥＷＭＥＷホームのストアを表示,"{""price_jpy"": [""￥730""], ""usage_validity"": [""東南アジア5か国周遊 eSIM 3日間 高速データ1GB/日 低速無制限 利用国：シンガポール マレーシア タイ インドネシア ベトナム 4G/5G対応 データ通信専用 東南アジアsim 説明書付 (3日間)""], ""activation_validity"": [""【有効期限】メール受信から90日以内にご利用ください。""], ""data_amount"": [""【データ容量】高速データ通信が1日あたり1GB利用可能です。超過後は最大384kbpsで通信は途切れることなくご利用可能です。""], ""network_type"": [""no_local_or_roaming_keyword_matched""], ""network_generation"": [""title_5g: source:title: 東南アジア5か国周遊 eSIM 3日間 高速データ1GB/日 低速無制限 利用国：シンガポール マレーシア タイ インドネシア ベトナム 4G/5G対応 データ通信専用 東南アジアsim 説明書付 (3日間)""], ""review_count"": [""detail_page: 58""], ""bestseller_rank"": [""Amazon 売れ筋ランキング 家電＆カメラ - 92,922位 ( 家電＆カメラの売れ筋ランキングを見る ) プリペイドSIMカード - 895位""], ""title"": [""東南アジア5か国周遊 eSIM 3日間 高速データ1GB/日 低速無制限 利用国：シンガポール マレーシア タイ インドネシア ベトナム 4G/5G対応 データ通信専用 東南アジアsim 説明書付 (3日間)""]}"
amazon_jp,vn,【東南アジアeSIM】5日間5GB高速データ｜シンガポール、マレーシア、タイ、ベトナム、インドネシアをカバー｜5G/4G LTE対応|TikTok/ChatGPT/Google 利用可能 |5G / 4G対応 | 使用 QRコード即日メール送付| 簡単インストール| LINEによる安心のカスタマーサポート対応| タイsim シンガポール sim ベトナム sim,999,3,,,,,1576,5일,5일,90일,unknown,5g_capable,,,"{""viettel"": null, ""vinaphone"": null, ""mobifone"": null, ""vietnamobile"": null}","{""skt"": null, ""kt"": null, ""lgu"": null}",5GB,https://www.amazon.co.jp/7%E6%97%A5%E9%96%93%E7%84%A1%E5%88%B6%E9%99%90%E3%83%87%E3%83%BC%E3%82%BF-%E3%82%BF%E3%82%A4%E3%81%AE%E5%A4%A7%E6%89%8B%E9%80%9A%E4%BF%A1%E3%82%AD%E3%83%A3%E3%83%AA%E3%82%A2-QR%E3%82%B3%E3%83%BC%E3%83%89%E5%8D%B3%E6%97%A5%E3%83%A1%E3%83%BC%E3%83%AB%E9%80%81%E4%BB%98-LINE%E3%81%AB%E3%82%88%E3%82%8B%E5%AE%89%E5%BF%83%E3%81%AE%E3%82%AB%E3%82%B9%E3%82%BF%E3%83%9E%E3%83%BC%E3%82%B5%E3%83%9D%E3%83%BC%E3%83%88%E5%AF%BE%E5%BF%9C-%E6%9D%B1%E5%8D%97%E3%82%A2%E3%82%B8%E3%82%A24%E3%82%AB%E5%9B%BD5%E6%97%A5%E9%96%935GB/dp/B0FRMYS2G8,B0FRMYS2G8,B0FRMYS2G8,トリリオン・コネクト,Billion Connectのストアを表示,"{""price_jpy"": [""￥999""], ""usage_validity"": [""【東南アジアeSIM】5日間5GB高速データ｜シンガポール、マレーシア、タイ、ベトナム、インドネシアをカバー｜5G/4G LTE対応|TikTok/ChatGPT/Google 利用可能 |5G / 4G対応 | 使用 QRコード即日メール送付| 簡単インストール| LINEによる安心のカスタマーサポート対応| タイsim シンガポール sim ベトナム s""], ""activation_validity"": [""【eSIMの有効期限】 受け取り後90日以内にアクティベートしてください。有効期限の前日までにアクティベートされていない場合、eSIMは無効となりご利用いただけません。""], ""data_amount"": [""【5日間5GB｜5G/4G対応】 東南アジアe-SIMで、5日間5GBの高速データ通信がご利用いただけます！5GBを使い切った後も、通信速度は384kbpsに制限されますが、 LINE・WhatsApp・Messengerなどの文字チャット、メール送受信、地図の閲覧・ナビゲーションは引き続きご利用いただけます。""], ""network_type"": [""local_signal: 【SKTelecoｍ公式認証】 韓国eSIM 3日間 (72時間) 電話番号付き 超高速データ無制限 最初の5分発信無料(韓国国内) お急ぎの方即時発行可(LINE相談受付中) 有効期限／ご購入日より120日以内 現地空港サポート(SKTelecomローミングセンター) SKテレコム正規品 韓国SIMカードタイプではありません"", ""roaming_signal: マレーシア旅行用SIMカード - 5G/4G LTE高速データ - プリペイド＆ローミングなし、7日間合計3GB - 観光客やビジネス旅行者向けの簡単アクティベーション"", ""insufficient_or_conflicting_signals(local=3, roaming=2)""], ""network_generation"": [""product_info_cellular_5g: source:product_info_cellular: 携帯電話技術 5G""], ""review_count"": [""detail_page: (3)""], ""bestseller_rank"": [""Amazon 売れ筋ランキング 家電＆カメラ - 189,505位 ( 家電＆カメラの売れ筋ランキングを見る ) プリペイドSIMカード - 1,576位""], ""title"": [""【東南アジアeSIM】5日間5GB高速データ｜シンガポール、マレーシア、タイ、ベトナム、インドネシアをカバー｜5G/4G LTE対応|TikTok/ChatGPT/Google 利用可能 |5G / 4G対応 | 使用 QRコード即日メール送付| 簡単インストール| LINEによる安心のカスタマーサポート対応| タイsim シンガポール sim ベトナム sim""]}"
amazon_jp,vn,ベトナム eSIM｜10日間完全無制限｜高速データ通信｜Mobifone純正キャリア｜当日発行・LINE24時間サポート｜4G-LTE対応 プリペイド eSIM (10日間),1650,14,,,,,780,10일,10일,90일,unknown,lte_4g_only,,,"{""viettel"": true, ""vinaphone"": null, ""mobifone"": true, ""vietnamobile"": true}","{""skt"": null, ""kt"": null, ""lgu"": null}",unlimited,https://www.amazon.co.jp/%E3%83%99%E3%83%88%E3%83%8A%E3%83%A0-eSIM%EF%BD%9C10%E6%97%A5%E9%96%93%E5%AE%8C%E5%85%A8%E7%84%A1%E5%88%B6%E9%99%90%EF%BD%9C%E9%AB%98%E9%80%9F%E3%83%87%E3%83%BC%E3%82%BF%E9%80%9A%E4%BF%A1%EF%BD%9CMobifone%E7%B4%94%E6%AD%A3%E3%82%AD%E3%83%A3%E3%83%AA%E3%82%A2%EF%BD%9C%E5%BD%93%E6%97%A5%E7%99%BA%E8%A1%8C%E3%83%BBLINE24%E6%99%82%E9%96%93%E3%82%B5%E3%83%9D%E3%83%BC%E3%83%88%EF%BD%9C4G-LTE%E5%AF%BE%E5%BF%9C-%E3%83%97%E3%83%AA%E3%83%9A%E3%82%A4%E3%83%89-eSIM-10%E6%97%A5%E9%96%93/dp/B0G1N4JNXW,B0G1N4JNXW,B0G1N4JNXW,SYE店舗,ブランド: ノーブランド品,"{""price_jpy"": [""￥1,650""], ""usage_validity"": [""ベトナム eSIM｜10日間完全無制限｜高速データ通信｜Mobifone純正キャリア｜当日発行・LINE24時間サポート｜4G-LTE対応 プリペイド eSIM (10日間)""], ""activation_validity"": [""【有効期限】eSIMの有効期限は、eSIMのQRコードを受け取った日から90日間です。""], ""data_amount"": [""【高速通信】毎日高速データ通信が無制限利用可能です！""], ""network_type"": [""local_signal: 【現地キャリア】ネットワーク事業者はmobifoneで、ベトナムで広範囲にわたる信号と安定したネットワーク、高速な通信速度を提供します。"", ""roaming_signal: 【注意事項】 ①本製品は SIMロック解除済み かつ eSIM対応スマートフォン のみでご利用いただけます。 ②ご利用日当日にスマートフォンをネットワークへ接続し、送付された eSIMのQRコードをスキャン して追加してください。目的地到着後、そのeSIMを選択し「ローミングをオン」にすると通信が可能になります。 ③eSIMを一度削除すると 再インストールは"", ""insufficient_or_conflicting_signals(local=6, roaming=2)""], ""network_generation"": [""product_info_cellular_4g_lte: source:product_info_cellular: 携帯電話技術 LTE""], ""carrier_support_local"": [""MobiFone: 【現地キャリア】ネットワーク事業者はmobifoneで、ベトナムで広範囲にわたる信号と安定したネットワーク、高速な通信速度を提供します。"", ""MobiFone: サービスプロバイダ Mobifone"", ""MobiFone: Amazon.co.jp: ベトナム eSIM｜10日間完全無制限｜高速データ通信｜Mobifone純正キャリア｜当日発行・LINE24時間サポート｜4G-LTE対応 プリペイド eSIM (10日間) : 家電＆カメラ"", ""MobiFone: ベトナム eSIM｜10日間完全無制限｜高速データ通信｜Mobifone純正キャリア｜当日発行・LINE24時間サポート｜4G-LTE対応 プリペイド eSIM (10日間)"", ""MobiFone: 【Almond eSIM】 ベトナム 7日間 完全無制限 純正Mobifoneキャリア 当日発行可能 LINEで24時間サポート 出発前の接続テスト用 日本国内500MB eSIM付 4G-LTE対応 プリペイド ESIMプラン Vietnam ハノイ ホーチミン esimカード (esim/7日間"", ""Viettel: 【Viettel純正品】ベトナム eSIM 7日間【高速データ1日5GB (合計最大35GB) 】5G-4G-LTE/テザリング 【データのみ】 プリペイド SIM Vietnam esim 7days"", ""Vietnamobile: 【ベトナム SIMカード】20日間 Vietnamobile ベトナムプリペイドSIM 5GB/日利用可能 4G/3G対応 データ通信専用 ベトナム simカード (20日間 1枚)"", ""MobiFone: ベトナム eSIM｜10日間完全無制限｜高速データ通信｜Mobifone純正キャリア｜当日発行・LINE24時間サポート｜4G-LTE対応 プリペイド eSIM (10日間)"", ""MobiFone: 【Almond eSIM】 ベトナム 7日間 完全無制限 純正Mobifoneキャリア 当日発行可能 LINEで24時間サポート 出発前の接続テスト用 日本国内500MB eSIM付 4G-LTE対応 プリペイド ESIMプラン Vietnam ハノイ ホーチミン esimカード (esim/7日間"", ""Viettel: 【Viettel純正品】ベトナム eSIM 5日間【高速データ1日5GB (合計最大25GB) 】5G-4G-LTE/テザリング 【データのみ】 プリペイド SIM Vietnam esim 5days"", ""MobiFone: ベトナム eSIM｜10日間完全無制限｜高速データ通信｜Mobifone純正キャリア｜当日発行・LINE24時間サポート｜4G-LTE対応 プリペイド eSIM (10日間)"", ""MobiFone: Amazon.co.jp: ベトナム eSIM｜10日間完全無制限｜高速データ通信｜Mobifone純正キャリア｜当日発行・LINE24時間サポート｜4G-LTE対応 プリペイド eSIM (10日間) : 家電＆カメラ 次に移動 メインコンテンツ この商品について この商品について この商品につい""], ""review_count"": [""detail_page: 14""], ""bestseller_rank"": [""Amazon 売れ筋ランキング 家電＆カメラ - 78,414位 ( 家電＆カメラの売れ筋ランキングを見る ) プリペイドSIMカード - 780位""], ""title"": [""ベトナム eSIM｜10日間完全無制限｜高速データ通信｜Mobifone純正キャリア｜当日発行・LINE24時間サポート｜4G-LTE対応 プリペイド eSIM (10日間)""]}"
amazon_jp,vn,【Almond eSIM】アジア10か国 eSIM 8日間5GB 高速データ通信 シンガポール、タイ、マレーシア、インドネシア、フィリピン、カンボジア、ベトナム、ラオス、スリランカ、マカオ 当日発行可能 LINEで24時間サポート プリペイド ESIMプラン (8日間5GB高速データ),1785,38,,,,,251,5일,5일,8일,roaming,lte_4g_only,,,"{""viettel"": null, ""vinaphone"": null, ""mobifone"": null, ""vietnamobile"": null}","{""skt"": null, ""kt"": null, ""lgu"": null}",5GB,https://www.amazon.co.jp/%E3%80%90Almond-eSIM%E3%80%91%E3%82%A2%E3%82%B8%E3%82%A210%E3%81%8B%E5%9B%BD-%E3%82%B7%E3%83%B3%E3%82%AC%E3%83%9D%E3%83%BC%E3%83%AB%E3%80%81%E3%82%BF%E3%82%A4%E3%80%81%E3%83%9E%E3%83%AC%E3%83%BC%E3%82%B7%E3%82%A2%E3%80%81%E3%82%A4%E3%83%B3%E3%83%89%E3%83%8D%E3%82%B7%E3%82%A2%E3%80%81%E3%83%95%E3%82%A3%E3%83%AA%E3%83%94%E3%83%B3%E3%80%81%E3%82%AB%E3%83%B3%E3%83%9C%E3%82%B8%E3%82%A2%E3%80%81%E3%83%99%E3%83%88%E3%83%8A%E3%83%A0%E3%80%81%E3%83%A9%E3%82%AA%E3%82%B9%E3%80%81%E3%82%B9%E3%83%AA%E3%83%A9%E3%83%B3%E3%82%AB%E3%80%81%E3%83%9E%E3%82%AB%E3%82%AA-LINE%E3%81%A724%E6%99%82%E9%96%93%E3%82%B5%E3%83%9D%E3%83%BC%E3%83%88-8%E6%97%A5%E9%96%935GB%E9%AB%98%E9%80%9F%E3%83%87%E3%83%BC%E3%82%BF/dp/B0FKKSTR2R,B0FKKSTR2R,B0FKKSTR2R,株式会社ビッグコネクト,bigconnectのストアを表示,"{""price_jpy"": [""￥1,785""], ""usage_validity"": [""インドネシア旅行SIMカード - 5G/4G LTE高速データ - プリペイド＆ローミング禁止 - 5日間1GB - 観光客やビジネス旅行者のための簡単な有効化""], ""activation_validity"": [""【Almond eSIM】アジア10か国 eSIM 8日間5GB 高速データ通信 シンガポール、タイ、マレーシア、インドネシア、フィリピン、カンボジア、ベトナム、ラオス、スリランカ、マカオ 当日発行可能 LINEで24時間サポート プリペイド ESIMプラン (8日間5GB高速データ)""], ""data_amount"": [""【データプラン】データ通信専用のeSIMです。シンガポール、タイ、マレーシア、インドネシア、フィリピン、カンボジア、ベトナム、ラオス、スリランカ、マカオを含む利用可能なプリペイドeSIMカード。利用開始日から8日間で5GB まで4G/5G高速通信が使用可能（5GB 超過後は128kbpsを下回らない速度に低速化）。""], ""network_type"": [""インドネシア旅行SIMカード - 5G/4G LTE高速データ - プリペイド＆ローミング禁止 - 5日間1GB - 観光客やビジネス旅行者のための簡単な有効化"", ""インドネシア旅行SIMカード - 5G/4G LTE高速データ - プリペイド＆ローミング禁止 - 5日間1GB - 観光客やビジネス旅行者のための簡単な有効化"", ""score: local=0, roaming=2""], ""network_generation"": [""product_info_cellular_4g_lte: source:product_info_cellular: 携帯電話技術 LTE""], ""review_count"": [""detail_page: (38)""], ""bestseller_rank"": [""Amazon 売れ筋ランキング 家電＆カメラ - 20,302位 ( 家電＆カメラの売れ筋ランキングを見る ) プリペイドSIMカード - 251位""], ""title"": [""【Almond eSIM】アジア10か国 eSIM 8日間5GB 高速データ通信 シンガポール、タイ、マレーシア、インドネシア、フィリピン、カンボジア、ベトナム、ラオス、スリランカ、マカオ 当日発行可能 LINEで24時間サポート プリペイド ESIMプラン (8日間5GB高速データ)""]}"
amazon_jp,vn,【日本・ベトナム eSIM】5日間 10GB 高速データ通信｜テザリング対応｜即日発行・すぐ使える｜契約不要・本人確認不要 日本eSIM ベトナムeSIM (5日間 5GB),1180,2,,,,,,5일,5일,90일,unknown,5g_capable,,,"{""viettel"": null, ""vinaphone"": null, ""mobifone"": true, ""vietnamobile"": null}","{""skt"": null, ""kt"": null, ""lgu"": null}",10GB,https://www.amazon.co.jp/%E3%80%90%E6%97%A5%E6%9C%AC%E3%83%BB%E3%83%99%E3%83%88%E3%83%8A%E3%83%A0-eSIM%E3%80%915%E6%97%A5%E9%96%93-%E9%AB%98%E9%80%9F%E3%83%87%E3%83%BC%E3%82%BF%E9%80%9A%E4%BF%A1%EF%BD%9C%E3%83%86%E3%82%B6%E3%83%AA%E3%83%B3%E3%82%B0%E5%AF%BE%E5%BF%9C%EF%BD%9C%E5%8D%B3%E6%97%A5%E7%99%BA%E8%A1%8C%E3%83%BB%E3%81%99%E3%81%90%E4%BD%BF%E3%81%88%E3%82%8B%EF%BD%9C%E5%A5%91%E7%B4%84%E4%B8%8D%E8%A6%81%E3%83%BB%E6%9C%AC%E4%BA%BA%E7%A2%BA%E8%AA%8D%E4%B8%8D%E8%A6%81-%E6%97%A5%E6%9C%ACeSIM-%E3%83%99%E3%83%88%E3%83%8A%E3%83%A0eSIM/dp/B0H3KJ5GM4,B0H3KJ5GM4,B0H3KJ5GM4,Global eSIMshop,ブランド: PLUG TO GO,"{""price_jpy"": [""￥1,180""], ""usage_validity"": [""【日本・ベトナム eSIM】5日間 10GB 高速データ通信｜テザリング対応｜即日発行・すぐ使える｜契約不要・本人確認不要 日本eSIM ベトナムeSIM (5日間 5GB)""], ""activation_validity"": [""【有効期限】メール受信から90日以内にご利用ください。出発直前の購入でも安心してご利用いただけます。""], ""data_amount"": [""【日本・ベトナム対応】5日間・10GBの高速データ通信に対応した周遊eSIM。5G/4G LTE対応、テザリング対応。本人確認・契約不要で購入後すぐに利用可能。現地到着後すぐに使えるため、旅行・出張に最適。TikTok・YouTube・ChatGPT対応。""], ""network_type"": [""no_local_or_roaming_keyword_matched""], ""network_generation"": [""product_info_cellular_5g: source:product_info_cellular: 携帯電話技術 5G/4G-LTE""], ""carrier_support_local"": [""MobiFone: 【Almond eSIM】 ベトナム 7日間 完全無制限 純正Mobifoneキャリア 当日発行可能 LINEで24時間サポート 出発前の接続テスト用 日本国内500MB eSIM付 4G-LTE対応 プリペイド ESIMプラン Vietnam ハノイ ホーチミン esimカード (esim/7日間"", ""MobiFone: 【Almond eSIM】 ベトナム esim 高速データ通信 完全無制限 純正Mobifoneキャリア 当日発行可能 出発前日本テスト用eSIM500MB LINEで24時間サポート 4G-LTE対応 プリペイド ESIMプラン Vietnam ハ"", ""MobiFone: 【Almond eSIM】 ベトナム 7日間 完全無制限 純正Mobifoneキャリア 当日発行可能 LINEで24時間サポート 出発前の接続テスト用 日本国内500MB eSIM付 4G-LTE対応 プリペイド ESIMプラン Vietnam ハノイ ホーチミン esimカード (esim/7日間""], ""review_count"": [""detail_page: (2)""], ""title"": [""【日本・ベトナム eSIM】5日間 10GB 高速データ通信｜テザリング対応｜即日発行・すぐ使える｜契約不要・本人確認不要 日本eSIM ベトナムeSIM (5日間 5GB)""]}"
amazon_jp,vn,【ベトナムeSIM】5日間完全無制限（使い放題） LINE相談受付中｜データ通信専用（電話番号なし） | simフリー端末のみ対応 説明書付 イーシム simless,1710,1,,,,,750,5일,5일,30일,local,lte_4g_only,,,"{""viettel"": true, ""vinaphone"": null, ""mobifone"": true, ""vietnamobile"": true}","{""skt"": null, ""kt"": null, ""lgu"": null}",unlimited,https://www.amazon.co.jp/%E3%80%90%E3%83%99%E3%83%88%E3%83%8A%E3%83%A0eSIM%E3%80%915%E6%97%A5%E9%96%93%E5%AE%8C%E5%85%A8%E7%84%A1%E5%88%B6%E9%99%90%EF%BC%88%E4%BD%BF%E3%81%84%E6%94%BE%E9%A1%8C%EF%BC%89-LINE%E7%9B%B8%E8%AB%87%E5%8F%97%E4%BB%98%E4%B8%AD%EF%BD%9C%E3%83%87%E3%83%BC%E3%82%BF%E9%80%9A%E4%BF%A1%E5%B0%82%E7%94%A8%EF%BC%88%E9%9B%BB%E8%A9%B1%E7%95%AA%E5%8F%B7%E3%81%AA%E3%81%97%EF%BC%89-sim%E3%83%95%E3%83%AA%E3%83%BC%E7%AB%AF%E6%9C%AB%E3%81%AE%E3%81%BF%E5%AF%BE%E5%BF%9C-%E8%AA%AC%E6%98%8E%E6%9B%B8%E4%BB%98-simless/dp/B0DXC9CR7M,B0DXC9CR7M,B0DXC9CR7M,DeSiM,DeSiMのストアを表示,"{""price_jpy"": [""￥1,710""], ""usage_validity"": [""【ベトナムeSIM】5日間完全無制限（使い放題） LINE相談受付中｜データ通信専用（電話番号なし） | simフリー端末のみ対応 説明書付 イーシム simless""], ""activation_validity"": [""【ベトナムSIMカード】7日間 ビナフォン正規品 データ無制限(速度低下なし) 受信専用番号付き 有効期限 / ご購入日より30日以内""], ""data_amount"": [""【ベトナムeSIM】5日間完全無制限（使い放題） LINE相談受付中｜データ通信専用（電話番号なし） | simフリー端末のみ対応 説明書付 イーシム simless""], ""network_type"": [""【チョコSIM 定額（Sプラン）】【中国の電話番号付きでアプリや施設サービスのSMS認証が可能】【データ容量】合計500MB/月【音声】合計20分間/月 データ/音声/SMS付きSIMカード 中国SIM マカオSIM China unicom ※こちらのSIMカードは契約後、毎月の基本料が発生いたします。※2024年11月1日から台湾でのご利用はできなくなり"", ""【SKTelecoｍ公式認証】 韓国eSIM 3日間 (72時間) 電話番号付き 超高速データ無制限 最初の5分発信無料(韓国国内) お急ぎの方即時発行可(LINE相談受付中) 有効期限／ご購入日より120日以内 現地空港サポート(SKTelecomローミングセンター) SKテレコム正規品 韓国SIMカードタイプではありません"", ""score: local=6, roaming=0""], ""network_generation"": [""product_info_cellular_4g_lte: source:product_info_cellular: 携帯電話技術 LTE""], ""carrier_support_local"": [""Vietnamobile: 【ベトナム SIMカード】20日間 Vietnamobile ベトナムプリペイドSIM 5GB/日利用可能 4G/3G対応 データ通信専用 ベトナム simカード (20日間 1枚)"", ""MobiFone: 【ベトナム eSIM】4日間 完全無制限 純正Mobifoneキャリア｜配送待ち不要・QRコード即時送付｜高速データ通信 使い放題 ｜24時間LINEサポート ベトナム sim ベトナムeSIM"", ""Viettel: 【Viettel純正品】ベトナム eSIM 5日間【高速データ1日5GB (合計最大25GB) 】5G-4G-LTE/テザリング 【データのみ】 プリペイド SIM Vietnam esim 5days""], ""review_count"": [""detail_page: (1)""], ""bestseller_rank"": [""Amazon 売れ筋ランキング 家電＆カメラ - 74,545位 ( 家電＆カメラの売れ筋ランキングを見る ) プリペイドSIMカード - 750位""], ""title"": [""【ベトナムeSIM】5日間完全無制限（使い放題） LINE相談受付中｜データ通信専用（電話番号なし） | simフリー端末のみ対応 説明書付 イーシム simless""]}"
amazon_jp,vn,[ ベトナム eSIM ] オンライン最短即日発行（メール受取）｜選べる容量・日数｜即利用OK｜安心24時間日本語サポート｜低速無制限付き (7Days-Daily 1GB),1720,3,,,,,1402,5일,5일,90일,unknown,5g_capable,,,"{""viettel"": null, ""vinaphone"": null, ""mobifone"": true, ""vietnamobile"": true}","{""skt"": null, ""kt"": null, ""lgu"": null}",unlimited,https://www.amazon.co.jp/%E3%83%99%E3%83%88%E3%83%8A%E3%83%A0-eSIM-%E3%82%AA%E3%83%B3%E3%83%A9%E3%82%A4%E3%83%B3%E6%9C%80%E7%9F%AD%E5%8D%B3%E6%97%A5%E7%99%BA%E8%A1%8C%EF%BC%88%E3%83%A1%E3%83%BC%E3%83%AB%E5%8F%97%E5%8F%96%EF%BC%89%EF%BD%9C%E9%81%B8%E3%81%B9%E3%82%8B%E5%AE%B9%E9%87%8F%E3%83%BB%E6%97%A5%E6%95%B0%EF%BD%9C%E5%8D%B3%E5%88%A9%E7%94%A8OK%EF%BD%9C%E5%AE%89%E5%BF%8324%E6%99%82%E9%96%93%E6%97%A5%E6%9C%AC%E8%AA%9E%E3%82%B5%E3%83%9D%E3%83%BC%E3%83%88%EF%BD%9C%E4%BD%8E%E9%80%9F%E7%84%A1%E5%88%B6%E9%99%90%E4%BB%98%E3%81%8D-7Days-Daily-1GB/dp/B0FHCQWYX7,B0FHCQWYX7,B0FHCQWYX7,イン・プラス株式会社,PREPAID DATA SIMのストアを表示,"{""price_jpy"": [""￥1,720""], ""usage_validity"": [""【ベトナムeSIM 】5日間 高速データ無制限 4G/5G簡単設定 データ通信専用 日本語説明書付き esim対応端末のみ プリペイドeSIM べトナム""], ""activation_validity"": [""引換コードに有効期限はありません。eSIM発行後は90日以内に利用開始してください。""], ""data_amount"": [""Amazon.co.jp: [ ベトナム eSIM ] オンライン最短即日発行（メール受取）｜選べる容量・日数｜即利用OK｜安心24時間日本語サポート｜低速無制限付き (7Days-Daily 1GB) : 家電＆カメラ""], ""network_type"": [""local_signal: 【韓国SIMカード】 10日間 (240時間) 電話番号付き テザリング対応 手続き不要 超高速データ無制限（低速なし） 最初の5分発信無料(韓国国内) SKテレコム正規 SIMフリー端末のみ対応 韓国 simカード"", ""roaming_signal: サービスプロバイダ グローバルローミングサービス"", ""insufficient_or_conflicting_signals(local=12, roaming=2)""], ""network_generation"": [""product_info_cellular_5g: source:product_info_cellular: 携帯電話技術 4g/5g"", ""product_info_cellular_4g_lte_signal_present_but_5g_capable_takes_precedence""], ""carrier_support_local"": [""MobiFone: 【esim】4日間 ベトナム esim 完全無制限 【Mobifone正規回線】 高速データ使い放題 当日発行可能・メールで即時受取 ベトナムesim 24時間LINEサポート ベトナム sim"", ""Vietnamobile: ベトナム SIMカード｜Vietnamobile 正規品｜20日間・毎日5GB 4G・3G接続 ｜24時間LINEサポート ベトナム プリペイドSIM ベトナム sim (5日間)""], ""review_count"": [""detail_page: (3)""], ""bestseller_rank"": [""Amazon 売れ筋ランキング 家電＆カメラ - 159,985位 ( 家電＆カメラの売れ筋ランキングを見る ) プリペイドSIMカード - 1,402位""], ""title"": [""[ ベトナム eSIM ] オンライン最短即日発行（メール受取）｜選べる容量・日数｜即利用OK｜安心24時間日本語サポート｜低速無制限付き (7Days-Daily 1GB)""]}"
amazon_jp,vn,ベトナムeSIM 7日間 無制限 プリペイドsim ベトナムsim 5G/4G回線 データ通信専用 esim対応simフリー端末のみ対応,1880,1,,,,,1470,7일,7일,30일,unknown,lte_4g_only,,,"{""viettel"": true, ""vinaphone"": null, ""mobifone"": true, ""vietnamobile"": true}","{""skt"": null, ""kt"": null, ""lgu"": null}",unlimited,https://www.amazon.co.jp/%E3%83%99%E3%83%88%E3%83%8A%E3%83%A0eSIM-%E7%84%A1%E5%88%B6%E9%99%90-%E3%83%97%E3%83%AA%E3%83%9A%E3%82%A4%E3%83%89sim-%E3%83%99%E3%83%88%E3%83%8A%E3%83%A0sim-esim%E5%AF%BE%E5%BF%9Csim%E3%83%95%E3%83%AA%E3%83%BC%E7%AB%AF%E6%9C%AB%E3%81%AE%E3%81%BF%E5%AF%BE%E5%BF%9C/dp/B0GNYR7PYN,B0GNYR7PYN,B0GNYR7PYN,株式会社DHA Corporation,DHA SIMのストアを表示,"{""price_jpy"": [""￥1,880""], ""usage_validity"": [""ベトナムeSIM 7日間 無制限 プリペイドsim ベトナムsim 5G/4G回線 データ通信専用 esim対応simフリー端末のみ対応""], ""activation_validity"": [""【ベトナムSIMカード】7日間 ビナフォン正規品 データ無制限(速度低下なし) 受信専用番号付き 有効期限 / ご購入日より30日以内""], ""data_amount"": [""【ベトナム大手キャリアの通信網を使用】ベトナムで7日間／無制限の5G/4G高速データ通信をご利用できます。【対応SIMサイズ】 eSIM 【製品パッケージ】アクティベーションコード／設定マニュアル""], ""network_type"": [""local_signal: 【ベトナムeSIM】 7日間 高速データ無制限 電話番号付き 通話・SMS受信のみ可能 お急ぎの方即日対応(LINE相談受付中) 有効期限 / ご購入日より30日以内 ベトナムSIMカードタイプではありません"", ""roaming_signal: ベトナムeSIM - プリペイド1GB 5G/4Gデータ、10日間用 - 簡単QRコードセットアップ - 契約なし、ローミングなし - 短期旅行と長期旅行に最適"", ""insufficient_or_conflicting_signals(local=3, roaming=2)""], ""network_generation"": [""product_info_cellular_4g_lte: source:product_info_cellular: 携帯電話技術 LTE, CDMA""], ""carrier_support_local"": [""Vietnamobile: Vietnamobile ベトナムSIM｜利用期間20日間｜毎日5GB 高速データ通信｜4G/3G対応｜プリペイドSIMカード｜ベトナム旅行・出張向け 24時間サポート (5日間｜eSIM)"", ""Vietnamobile: ベトナム SIMカード｜Vietnamobile 正規品｜20日間・毎日5GB 4G・3G接続 ｜24時間LINEサポート ベトナム プリペイドSIM ベトナム sim (5日間)"", ""MobiFone: 【Almond eSIM】 ベトナム esim 7日間 高速データ通信 完全無制限 純正Mobifoneキャリア 当日発行可能 出発前日本テスト用eSIM500MB LINEで24時間サポート 4G-LTE対応 プリペイド ESIMプラン Vietn"", ""Viettel: 【Viettel純正品】ベトナム eSIM 5日間【高速データ1日5GB (合計最大25GB) 】5G-4G-LTE/テザリング 【データのみ】 プリペイド SIM Vietnam esim 5days"", ""MobiFone: 【Almond eSIM】 ベトナム 7日間 完全無制限 純正Mobifoneキャリア 当日発行可能 LINEで24時間サポート 出発前の接続テスト用 日本国内500MB eSIM付 4G-LTE対応 プリペイド ESIMプラン Vietnam ハノ"", ""Vietnamobile: Vietnamobile ベトナムSIM｜利用期間20日間｜毎日5GB 高速データ通信｜4G/3G対応｜プリペイドSIMカード｜ベトナム旅行・出張向け 24時間サポート (5日間｜eSIM)"", ""Vietnamobile: 【ベトナム SIMカード】20日間 Vietnamobile ベトナムプリペイドSIM 5GB/日利用可能 4G/3G対応 データ通信専用 ベトナム simカード (20日間 1枚)""], ""review_count"": [""detail_page: (1)""], ""bestseller_rank"": [""Amazon 売れ筋ランキング 家電＆カメラ - 171,588位 ( 家電＆カメラの売れ筋ランキングを見る ) プリペイドSIMカード - 1,470位""], ""title"": [""ベトナムeSIM 7日間 無制限 プリペイドsim ベトナムsim 5G/4G回線 データ通信専用 esim対応simフリー端末のみ対応""]}"
amazon_jp,vn,【ベトナム物理SIM】4日間 高速(4G)データ無制限・CHATGPT利用可能・実名登録不要,1250,2,,,,,1730,4일,4일,7일,roaming,lte_4g_only,,,"{""viettel"": true, ""vinaphone"": true, ""mobifone"": null, ""vietnamobile"": true}","{""skt"": null, ""kt"": null, ""lgu"": null}",unlimited,https://www.amazon.co.jp/ROAMING-SAVER-%E3%80%90%E3%83%99%E3%83%88%E3%83%8A%E3%83%A0%E7%89%A9%E7%90%86SIM%E3%80%914%E6%97%A5%E9%96%93-%E9%AB%98%E9%80%9F-%E3%83%87%E3%83%BC%E3%82%BF%E7%84%A1%E5%88%B6%E9%99%90%E3%83%BBCHATGPT%E5%88%A9%E7%94%A8%E5%8F%AF%E8%83%BD%E3%83%BB%E5%AE%9F%E5%90%8D%E7%99%BB%E9%8C%B2%E4%B8%8D%E8%A6%81/dp/B0GHMM1GR6,B0GHMM1GR6,B0GHMM1GR6,RoamingSaver,ブランド: ROAMING SAVER,"{""price_jpy"": [""￥1,250""], ""usage_validity"": [""【ベトナム物理SIM】4日間 高速(4G)データ無制限・CHATGPT利用可能・実名登録不要""], ""activation_validity"": [""【ベトナムSIMカード】 7日間 ビナフォン正規 高速データ無制限(速度低下なし) 受信専用番号付き 有効期限 / ご購入日より30日以内 (7日／SIMカード)""], ""data_amount"": [""☎利用期間・通信量☎4日間、高速（4G）データ無制限！""], ""network_type"": [""メーカー名 ROAMING SAVER"", ""メーカー名 ROAMING SAVER"", ""score: local=0, roaming=3""], ""network_generation"": [""product_info_cellular_4g_lte: source:product_info_cellular: 携帯電話技術 4G/LTE""], ""carrier_support_local"": [""VinaPhone: サービスプロバイダ Vinaphone"", ""Vietnamobile: Vietnamobile ベトナムSIM｜利用期間20日間｜毎日5GB 高速データ通信｜4G/3G対応｜プリペイドSIMカード｜ベトナム旅行・出張向け 24時間サポート (20日間)"", ""Viettel: 【Viettel純正品】ベトナム eSIM 7日間【高速データ1日5GB (合計最大35GB) 】5G-4G-LTE/テザリング 【データのみ】 プリペイド SIM Vietnam esim 7days"", ""Vietnamobile: ベトナム SIMカード｜Vietnamobile 正規品｜20日間・毎日5GB 4G・3G接続 ｜24時間LINEサポート ベトナム プリペイドSIM ベトナム sim (5日間)"", ""VinaPhone: Amazon.co.jp: 【ベトナム物理SIM】4日間 高速(4G)データ無制限・CHATGPT利用可能・実名登録不要 : 家電＆カメラ 次に移動 メインコンテンツ この商品について この商品について この商品について 購入オプション 類似商品と比較する ビデオ レビュー キーボードショートカット""], ""review_count"": [""detail_page: (2)""], ""bestseller_rank"": [""Amazon 売れ筋ランキング 家電＆カメラ - 209,774位 ( 家電＆カメラの売れ筋ランキングを見る ) プリペイドSIMカード - 1,730位""], ""title"": [""【ベトナム物理SIM】4日間 高速(4G)データ無制限・CHATGPT利用可能・実名登録不要""]}"
amazon_jp,vn,Mobifone ベトナム eSIM 利用期間5日 毎日4GB利用可能 4G・3G 接続 ベトナム受信専用番号付き（通話・SMSの受信可能）｜データ通信SIM 当日発行可能 24時間安心サポート (5日間),990,1,,,,,1161,5일,5일,90일,local,lte_4g_only,,,"{""viettel"": null, ""vinaphone"": null, ""mobifone"": true, ""vietnamobile"": true}","{""skt"": null, ""kt"": null, ""lgu"": null}",unlimited,https://www.amazon.co.jp/Mobifone-%E6%AF%8E%E6%97%A54GB%E5%88%A9%E7%94%A8%E5%8F%AF%E8%83%BD-%E3%83%99%E3%83%88%E3%83%8A%E3%83%A0%E5%8F%97%E4%BF%A1%E5%B0%82%E7%94%A8%E7%95%AA%E5%8F%B7%E4%BB%98%E3%81%8D%EF%BC%88%E9%80%9A%E8%A9%B1%E3%83%BBSMS%E3%81%AE%E5%8F%97%E4%BF%A1%E5%8F%AF%E8%83%BD%EF%BC%89%EF%BD%9C%E3%83%87%E3%83%BC%E3%82%BF%E9%80%9A%E4%BF%A1SIM-24%E6%99%82%E9%96%93%E5%AE%89%E5%BF%83%E3%82%B5%E3%83%9D%E3%83%BC%E3%83%88-5%E6%97%A5%E9%96%93/dp/B0DDKWQW2C,B0DDKWQW2C,B0DDKWQW2C,Global eSIMshop,ブランド: PLUG TO GO,"{""price_jpy"": [""￥990""], ""usage_validity"": [""Mobifone ベトナム eSIM 利用期間5日 毎日4GB利用可能 4G・3G 接続 ベトナム受信専用番号付き（通話・SMSの受信可能）｜データ通信SIM 当日発行可能 24時間安心サポート (5日間)""], ""activation_validity"": [""【有効期限】メールで納品後、90日以内にご利用ください。""], ""data_amount"": [""【高速データ通信】データは無制限ですが、1日の使用量が4GBに達すると、通信速度が最大128kbpsに制限されます。翌日の現地時間0時に制限が解除されます。 ※使用量は現地時間の00:00から23:59までカウントされます。""], ""network_type"": [""【チョコSIM 定額（Sプラン）】【中国の電話番号付きでアプリや施設サービスのSMS認証が可能】【データ容量】合計500MB/月【音声】合計20分間/月 データ/音声/SMS付きSIMカード 中国SIM マカオSIM China unicom ※こちらのSIMカードは契約後、毎月の基本料が発生いたします。※2024年11月1日から台湾でのご利用はできなくなり"", ""【SKTelecoｍ公式認証】 韓国eSIM 3日間 (72時間) 電話番号付き 超高速データ無制限 最初の5分発信無料(韓国国内) お急ぎの方即時発行可(LINE相談受付中) 有効期限／ご購入日より120日以内 現地空港サポート(SKTelecomローミングセンター) SKテレコム正規品 韓国SIMカードタイプではありません"", ""score: local=6, roaming=0""], ""network_generation"": [""product_info_cellular_4g_lte: source:product_info_cellular: 携帯電話技術 4G-LTE""], ""carrier_support_local"": [""MobiFone: ⭐【eSIM取得方法】ご購入後、http://jp.www.mewfi.com/esim にアクセスし必要事項を入力➡メールアドレスにPDFの説明書とeSIMのQRコードが届きます！ ⭐【当日利用可能】急ぎでご利用の際は、当社のLINEまでご連絡ください。LINE ID: @014hhnww。初めて"", ""MobiFone: サービスプロバイダ Mobifone"", ""MobiFone: Amazon.co.jp: Mobifone ベトナム eSIM 利用期間5日 毎日4GB利用可能 4G・3G 接続 ベトナム受信専用番号付き（通話・SMSの受信可能）｜データ通信SIM 当日発行可能 24時間安心サポート (5日間) : 家電＆カメラ"", ""MobiFone: Mobifone ベトナム eSIM 利用期間5日 毎日4GB利用可能 4G・3G 接続 ベトナム受信専用番号付き（通話・SMSの受信可能）｜データ通信SIM 当日発行可能 24時間安心サポート (5日間)"", ""Vietnamobile: Vietnamobile ベトナムSIM｜利用期間20日間｜毎日5GB 高速データ通信｜4G/3G対応｜プリペイドSIMカード｜ベトナム旅行・出張向け 24時間サポート (20日間)"", ""Vietnamobile: 【ベトナム SIMカード】20日間 Vietnamobile ベトナムプリペイドSIM 5GB/日利用可能 4G/3G対応 データ通信専用 ベトナム simカード (20日間 1枚)"", ""Vietnamobile: 【ベトナム SIMカード】20日間 Vietnamobile ベトナムプリペイドSIM 5GB/日利用可能 4G/3G対応 データ通信専用 ベトナム simカード (20日間 1枚)"", ""MobiFone: Mobifone ベトナム eSIM 利用期間5日 毎日4GB利用可能 4G・3G 接続 ベトナム受信専用番号付き（通話・SMSの受信可能）｜データ通信SIM 当日発行可能 24時間安心サポート (5日間)"", ""MobiFone: 【ベトナム eSIM】 (5日間) プリペイド eSIM 高速データ通信無制限 純正Mobifoneキャリア 当日発行可能 説明書付き LINEで24時間サポート 4G/5G-LTE対応 ハノイsimカードway2esim"", ""Vietnamobile: Vietnamobile ベトナムSIM｜利用期間20日間｜毎日5GB 高速データ通信｜4G/3G対応｜プリペイドSIMカード｜ベトナム旅行・出張向け 24時間サポート (20日間)"", ""MobiFone: Mobifone ベトナム eSIM 利用期間5日 毎日4GB利用可能 4G・3G 接続 ベトナム受信専用番号付き（通話・SMSの受信可能）｜データ通信SIM 当日発行可能 24時間安心サポート (5日間)"", ""MobiFone: Amazon.co.jp: Mobifone ベトナム eSIM 利用期間5日 毎日4GB利用可能 4G・3G 接続 ベトナム受信専用番号付き（通話・SMSの受信可能）｜データ通信SIM 当日発行可能 24時間安心サポート (5日間) : 家電＆カメラ 次に移動 メインコンテンツ この商品について ""], ""review_count"": [""detail_page: (1)""], ""bestseller_rank"": [""Amazon 売れ筋ランキング 家電＆カメラ - 129,657位 ( 家電＆カメラの売れ筋ランキングを見る ) プリペイドSIMカード - 1,161位""], ""title"": [""Mobifone ベトナム eSIM 利用期間5日 毎日4GB利用可能 4G・3G 接続 ベトナム受信専用番号付き（通話・SMSの受信可能）｜データ通信SIM 当日発行可能 24時間安心サポート (5日間)""]}"
amazon_jp,vn,【東南アジアeSIM】7日間5GB高速データ｜シンガポール、マレーシア、タイ、ベトナム、インドネシアをカバー｜5G/4G LTE対応｜テザリング対応｜即日メール配信｜LINEカスタマーサポート｜QRコードで簡単設定｜東南アジアSIM カード e-sim (7日間5GB),1099,3,,,,,1991,7일,7일,90일,roaming,5g_capable,,,"{""viettel"": null, ""vinaphone"": null, ""mobifone"": null, ""vietnamobile"": null}","{""skt"": null, ""kt"": null, ""lgu"": null}",5GB,https://www.amazon.co.jp/%E3%80%90%E6%9D%B1%E5%8D%97%E3%82%A2%E3%82%B8%E3%82%A2eSIM%E3%80%917%E6%97%A5%E9%96%935GB%E9%AB%98%E9%80%9F%E3%83%87%E3%83%BC%E3%82%BF%EF%BD%9C%E3%82%B7%E3%83%B3%E3%82%AC%E3%83%9D%E3%83%BC%E3%83%AB%E3%80%81%E3%83%9E%E3%83%AC%E3%83%BC%E3%82%B7%E3%82%A2%E3%80%81%E3%82%BF%E3%82%A4%E3%80%81%E3%83%99%E3%83%88%E3%83%8A%E3%83%A0%E3%80%81%E3%82%A4%E3%83%B3%E3%83%89%E3%83%8D%E3%82%B7%E3%82%A2%E3%82%92%E3%82%AB%E3%83%90%E3%83%BC%EF%BD%9C5G-%E3%82%AB%E3%83%BC%E3%83%89-sim-7%E6%97%A5%E9%96%935GB/dp/B0FRN1HJ8Y,B0FRN1HJ8Y,B0FRN1HJ8Y,トリリオン・コネクト,Billion Connectのストアを表示,"{""price_jpy"": [""￥1,099""], ""usage_validity"": [""【東南アジアeSIM】7日間5GB高速データ｜シンガポール、マレーシア、タイ、ベトナム、インドネシアをカバー｜5G/4G LTE対応｜テザリング対応｜即日メール配信｜LINEカスタマーサポート｜QRコードで簡単設定｜東南アジアSIM カード e-sim (7日間5GB)""], ""activation_validity"": [""【eSIMの有効期限】 受け取り後90日以内にアクティベートしてください。有効期限の前日までにアクティベートされていない場合、eSIMは無効となりご利用いただけません。""], ""data_amount"": [""【7日間5GB｜5G/4G対応】 東南アジアe-SIMで、7日間5GBの高速データ通信がご利用いただけます！5GBを使い切った後も、通信速度は384kbpsに制限されますが、 LINE・WhatsApp・Messengerなどの文字チャット、メール送受信、地図の閲覧・ナビゲーションは引き続きご利用いただけます。""], ""network_type"": [""マレーシア旅行用SIMカード - 5G/4G LTE高速データ - プリペイド＆ローミングなし、7日間合計3GB - 観光客やビジネス旅行者向けの簡単アクティベーション"", ""アジア旅行SIMカード、15日間-2GB毎日の高速データ、20分の通話＆10のテキスト、シンガポール、マレーシア、タイ＆インドをカバー、プリペイド - ローミングなし - 簡単なセットアップ"", ""score: local=0, roaming=6""], ""network_generation"": [""product_info_cellular_5g: source:product_info_cellular: 携帯電話技術 5G""], ""review_count"": [""detail_page: (3)""], ""bestseller_rank"": [""Amazon 売れ筋ランキング 家電＆カメラ - 253,690位 ( 家電＆カメラの売れ筋ランキングを見る ) プリペイドSIMカード - 1,991位""], ""title"": [""【東南アジアeSIM】7日間5GB高速データ｜シンガポール、マレーシア、タイ、ベトナム、インドネシアをカバー｜5G/4G LTE対応｜テザリング対応｜即日メール配信｜LINEカスタマーサポート｜QRコードで簡単設定｜東南アジアSIM カード e-sim (7日間5GB)""]}"
amazon_jp,vn,【Simmy公式】タイ eSIM 4日間 返金交換無料 データ無制限 困ったらLINEで相談OK,690,3400,,,100,,9,4일,4일,,unknown,5g_capable,,,"{""viettel"": null, ""vinaphone"": null, ""mobifone"": null, ""vietnamobile"": null}","{""skt"": null, ""kt"": null, ""lgu"": null}",unlimited,https://www.amazon.co.jp/%E3%80%90Simmy%E5%85%AC%E5%BC%8F%E3%80%91%E3%82%BF%E3%82%A4-eSIM-%E8%BF%94%E9%87%91%E4%BA%A4%E6%8F%9B%E7%84%A1%E6%96%99-%E3%83%87%E3%83%BC%E3%82%BF%E7%84%A1%E5%88%B6%E9%99%90-%E5%9B%B0%E3%81%A3%E3%81%9F%E3%82%89LINE%E3%81%A7%E7%9B%B8%E8%AB%87OK/dp/B0GZKSKF2J,B0GZKSKF2J,B0GZKSKF2J,Simmy: The Easiest eSIM App,ブランド: Simmy,"{""price_jpy"": [""￥690""], ""usage_validity"": [""【Simmy公式】タイ eSIM 4日間 返金交換無料 データ無制限 困ったらLINEで相談OK""], ""data_amount"": [""Amazon.co.jp: 【Simmy公式】タイ eSIM 4日間 返金交換無料 データ無制限 困ったらLINEで相談OK | 海外旅行 出張 留学 / iPhone android 対応 / テザリング 5G 対応 / 海外に着いてから日数カウント / QRコードを読み込むだけ 設定ガイド付き / 24時間365日サポート / 初めてのイーシムでも安心 ""], ""network_type"": [""no_local_or_roaming_keyword_matched""], ""network_generation"": [""product_info_cellular_5g: source:product_info_cellular: 携帯電話技術 5G, 4G, LTE""], ""monthly_sold_count"": [""Amazon.co.jp: 【Simmy公式】タイ eSIM 4日間 返金交換無料 データ無制限 困ったらLINEで相談OK | 海外旅行 出張 留学 / iPhone android 対応 / テザリング 5G 対応 / 海外に着いてから日数カウント / QRコードを読み込むだけ 設定ガイド付き / 24時間365日サポート / 初めてのイーシムでも安心 ""], ""review_count"": [""detail_page: 「ちゃんと使えるか不安…」 そんな声に応え続けてきたeSIMです。 Simmyは、累計販売数7.5万人以上、130カ国のユーザーに利用され、 アプリストア評価3,400件超の実績があります。 海外旅行のプロが常駐し、24時間365日サポート。 LINE・公式チャット対応なので、トラブル時もすぐ相談できます！ アプリから残量チェック＆容量追加も可能。 旅行中の""], ""bestseller_rank"": [""Amazon 売れ筋ランキング 家電＆カメラ - 5,982位 ( 家電＆カメラの売れ筋ランキングを見る ) 定期契約SIMカード - 9位 プリペイドSIMカード - 74位""], ""title"": [""【Simmy公式】タイ eSIM 4日間 返金交換無料 データ無制限 困ったらLINEで相談OK""]}"
amazon_jp,vn,【ベトナムeSIM】5日間データ無制限 4G LTE高速ネットワーク QR コードをスキャンして簡単登録 デザリング対応 ベトナムの複数の通信事業者のネットワーク対応 データ通信のみ,1880,17,,,,,612,5일,5일,7일,unknown,lte_4g_only,,,"{""viettel"": true, ""vinaphone"": null, ""mobifone"": true, ""vietnamobile"": true}","{""skt"": null, ""kt"": null, ""lgu"": null}",unlimited,https://www.amazon.co.jp/%E3%80%90%E3%83%99%E3%83%88%E3%83%8A%E3%83%A0eSIM%E3%80%915%E6%97%A5%E9%96%93%E3%83%87%E3%83%BC%E3%82%BF%E7%84%A1%E5%88%B6%E9%99%90-LTE%E9%AB%98%E9%80%9F%E3%83%8D%E3%83%83%E3%83%88%E3%83%AF%E3%83%BC%E3%82%AF-%E3%82%B3%E3%83%BC%E3%83%89%E3%82%92%E3%82%B9%E3%82%AD%E3%83%A3%E3%83%B3%E3%81%97%E3%81%A6%E7%B0%A1%E5%8D%98%E7%99%BB%E9%8C%B2-%E3%83%87%E3%82%B6%E3%83%AA%E3%83%B3%E3%82%B0%E5%AF%BE%E5%BF%9C-%E3%83%99%E3%83%88%E3%83%8A%E3%83%A0%E3%81%AE%E8%A4%87%E6%95%B0%E3%81%AE%E9%80%9A%E4%BF%A1%E4%BA%8B%E6%A5%AD%E8%80%85%E3%81%AE%E3%83%8D%E3%83%83%E3%83%88%E3%83%AF%E3%83%BC%E3%82%AF%E5%AF%BE%E5%BF%9C/dp/B0DX278ZPK,B0DX278ZPK,B0DX278ZPK,【StarwayチャージWiFi公式】,ノーブランド品のストアを表示,"{""price_jpy"": [""￥1,880""], ""usage_validity"": [""【ベトナムeSIM】5日間データ無制限 4G LTE高速ネットワーク QR コードをスキャンして簡単登録 デザリング対応 ベトナムの複数の通信事業者のネットワーク対応 データ通信のみ""], ""activation_validity"": [""【ベトナムSIMカード】 7日間 ビナフォン正規 高速データ無制限(速度低下なし) 受信専用番号付き 有効期限 / ご購入日より30日以内 (7日／SIMカード)""], ""data_amount"": [""ベトナムeSIMカード：5日間無制限、高速4G LTEネットワークにより、安定した通信環境を提供します。テザリングにも対応しており、高速データ容量を使い切った後も、最大256Kbpsの低速通信に自動的に切り替わるため、通信が完全に停止することはありません。旅行や短期出張など、限られた滞在期間に適した通信プランで、移動中や業務利用においても安心してご利用いただ""], ""network_type"": [""local_signal: 【Almond SIM】 ベトナム 5日間 完全無制限 電話番号付き｜純正Vietnamobile キャリア ｜ホーチミン・ハノイなど 対応｜LINEで24時間サポート｜4G-LTE対応 プリペイドsim ｜Vietnam simカード (物理sim/5日間)"", ""roaming_signal: 簡単セットアップ：ご購入後、操作マニュアルを郵送にてお届けします。3ステップでご利用を開始できます。①QRコードを読み取る ②eSIMをアクティベートする ③データローミングを有効化する。物理SIMカードの受け取りや差し替え作業は不要なため、最短5分で設定が完了します。 契約手続きやチャージ、複雑な操作は必要ありません。"", ""insufficient_or_conflicting_signals(local=9, roaming=6)""], ""network_generation"": [""product_info_cellular_4g_lte: source:product_info_cellular: 携帯電話技術 LTE""], ""carrier_support_local"": [""MobiFone: 【Almond eSIM】 ベトナム 7日間 完全無制限 純正Mobifoneキャリア 当日発行可能 LINEで24時間サポート 出発前の接続テスト用 日本国内500MB eSIM付 4G-LTE対応 プリペイド ESIMプラン Vietnam ハノイ ホーチミン esimカード (esim/7日間"", ""MobiFone: 【ベトナム eSIM】高速データ無制限｜ Mobifone回線&5G高速通信&無料着信｜当日利用可能&90日間有効｜24時間安心＆丁寧サポート way2esim (7日間 無制限)"", ""Vietnamobile: 【Almond SIM】 ベトナム 5日間 完全無制限 電話番号付き｜純正Vietnamobile キャリア ｜ホーチミン・ハノイなど 対応｜LINEで24時間サポート｜4G-LTE対応 プリペイドsim ｜Vietnam simカード (物理sim/5日間)"", ""MobiFone: 【Almond eSIM】 ベトナム 7日間 完全無制限 純正Mobifoneキャリア 当日発行可能 LINEで24時間サポート 出発前の接続テスト用 日本国内500MB eSIM付 4G-LTE対応 プリペイド ESIMプラン Vietnam ハノイ ホーチミン esimカード (esim/7日間"", ""Viettel: 【Viettel純正品】ベトナム eSIM 7日間【高速データ1日5GB (合計最大35GB) 】5G-4G-LTE/テザリング 【データのみ】 プリペイド SIM Vietnam esim 7days""], ""review_count"": [""detail_page: (17)""], ""bestseller_rank"": [""Amazon 売れ筋ランキング 家電＆カメラ - 56,929位 ( 家電＆カメラの売れ筋ランキングを見る ) プリペイドSIMカード - 612位""], ""title"": [""【ベトナムeSIM】5日間データ無制限 4G LTE高速ネットワーク QR コードをスキャンして簡単登録 デザリング対応 ベトナムの複数の通信事業者のネットワーク対応 データ通信のみ""]}"
amazon_jp,vn,【ベトナム eSIM】5日間 5GB（四泊五日 コスパ重視） DeSiM正規卸 | LINE相談受付中｜データのみ | simフリー端末のみ対応 説明書付 イーシム DeSiM,1860,1,,,,,1813,5일,5일,7일,local,lte_4g_only,,,"{""viettel"": true, ""vinaphone"": null, ""mobifone"": true, ""vietnamobile"": null}","{""skt"": null, ""kt"": null, ""lgu"": null}",unlimited,https://www.amazon.co.jp/eSIM%E3%80%915%E6%97%A5%E9%96%93-5GB%EF%BC%88%E5%9B%9B%E6%B3%8A%E4%BA%94%E6%97%A5-LINE%E7%9B%B8%E8%AB%87%E5%8F%97%E4%BB%98%E4%B8%AD%EF%BD%9C%E3%83%87%E3%83%BC%E3%82%BF%E3%81%AE%E3%81%BF-sim%E3%83%95%E3%83%AA%E3%83%BC%E7%AB%AF%E6%9C%AB%E3%81%AE%E3%81%BF%E5%AF%BE%E5%BF%9C-DeSiM/dp/B0DGQPLGVB,B0DGQPLGVB,B0DGQPLGVB,DeSiM,DeSiMのストアを表示,"{""price_jpy"": [""￥1,860""], ""usage_validity"": [""【ベトナム eSIM】5日間 5GB（四泊五日 コスパ重視） DeSiM正規卸 | LINE相談受付中｜データのみ | simフリー端末のみ対応 説明書付 イーシム DeSiM""], ""activation_validity"": [""【ベトナムSIMカード】 7日間 ビナフォン正規 高速データ無制限(速度低下なし) 受信専用番号付き 有効期限 / ご購入日より30日以内 (7日／SIMカード)""], ""data_amount"": [""商品の説明 購入前の注意事項 【注意事項】 注意事項①：電話番号は付与されませんので、ご注意ください。 注意事項②：SIMロックフリー端末、もしくはSIMフリー端末専用のサービスです。必ず、ご利用端末がeSIM対応かどうかご確認ください。 注意事項③：2021年10月1日以前にSIMロック解除をキャリア店頭またはインターネットでされた「Android端末」は""], ""network_type"": [""商品の説明 購入前の注意事項 【注意事項】 注意事項①：電話番号は付与されませんので、ご注意ください。 注意事項②：SIMロックフリー端末、もしくはSIMフリー端末専用のサービスです。必ず、ご利用端末がeSIM対応かどうかご確認ください。 注意事項③：2021年10月1日以前にSIMロック解除をキャリア店頭またはインターネットでされた「Android端末」は"", ""【チョコSIM 定額（Sプラン）】【中国の電話番号付きでアプリや施設サービスのSMS認証が可能】【データ容量】合計500MB/月【音声】合計20分間/月 データ/音声/SMS付きSIMカード 中国SIM マカオSIM China unicom ※こちらのSIMカードは契約後、毎月の基本料が発生いたします。※2024年11月1日から台湾でのご利用はできなくなり"", ""score: local=9, roaming=1""], ""network_generation"": [""product_info_cellular_4g_lte: source:product_info_cellular: 携帯電話技術 LTE""], ""carrier_support_local"": [""Viettel: 【Viettel純正品】ベトナム eSIM 7日間【高速データ1日5GB (合計最大35GB) 】5G-4G-LTE/テザリング 【データのみ】 プリペイド SIM Vietnam esim 7days"", ""Viettel: 【Viettel純正品】ベトナム eSIM 5日間【高速データ1日5GB (合計最大25GB) 】5G-4G-LTE/テザリング 【データのみ】 プリペイド SIM Vietnam esim 5days"", ""Viettel: 【Viettel純正品】ベトナム eSIM 7日間【高速データ1日5GB (合計最大35GB) 】5G-4G-LTE/テザリング 【データのみ】 プリペイド SIM Vietnam esim 7days"", ""MobiFone: 【ベトナム eSIM】 (5日間) プリペイド eSIM 高速データ通信無制限 純正Mobifoneキャリア 当日発行可能 説明書付き LINEで24時間サポート 4G/5G-LTE対応 ハノイsimカードway2esim""], ""review_count"": [""detail_page: (1)""], ""bestseller_rank"": [""Amazon 売れ筋ランキング 家電＆カメラ - 223,026位 ( 家電＆カメラの売れ筋ランキングを見る ) プリペイドSIMカード - 1,813位""], ""title"": [""【ベトナム eSIM】5日間 5GB（四泊五日 コスパ重視） DeSiM正規卸 | LINE相談受付中｜データのみ | simフリー端末のみ対応 説明書付 イーシム DeSiM""]}"
amazon_jp,vn,【ベトナム eSIM】30日間 10GB（二十九泊三十日 コスパ重視） DeSiM正規卸 | LINE相談受付中｜データのみ | simフリー端末のみ対応 説明書付 イーシム,2830,14,,,,,2457,7일,7일,30일,local,unknown,,,"{""viettel"": null, ""vinaphone"": null, ""mobifone"": null, ""vietnamobile"": true}","{""skt"": null, ""kt"": null, ""lgu"": null}",unlimited,https://www.amazon.co.jp/eSIM%E3%80%9130%E6%97%A5%E9%96%93-10GB%EF%BC%88%E4%BA%8C%E5%8D%81%E4%B9%9D%E6%B3%8A%E4%B8%89%E5%8D%81%E6%97%A5-DeSiM%E6%AD%A3%E8%A6%8F%E5%8D%B8-LINE%E7%9B%B8%E8%AB%87%E5%8F%97%E4%BB%98%E4%B8%AD%EF%BD%9C%E3%83%87%E3%83%BC%E3%82%BF%E3%81%AE%E3%81%BF-sim%E3%83%95%E3%83%AA%E3%83%BC%E7%AB%AF%E6%9C%AB%E3%81%AE%E3%81%BF%E5%AF%BE%E5%BF%9C/dp/B0DGQQ62SW,B0DGQQ62SW,B0DGQQ62SW,DeSiM,DeSiMのストアを表示,"{""price_jpy"": [""￥2,830""], ""usage_validity"": [""【ベトナムSIMカード】 7日間 ビナフォン正規 高速データ無制限(速度低下なし) 受信専用番号付き 有効期限 / ご購入日より30日以内 (7日／SIMカード)""], ""activation_validity"": [""【ベトナム eSIM】30日間 10GB（二十九泊三十日 コスパ重視） DeSiM正規卸 | LINE相談受付中｜データのみ | simフリー端末のみ対応 説明書付 イーシム""], ""data_amount"": [""商品の説明 購入前の注意事項 【注意事項】 注意事項①：電話番号は付与されませんので、ご注意ください。 注意事項②：SIMロックフリー端末、もしくはSIMフリー端末専用のサービスです。必ず、ご利用端末がeSIM対応かどうかご確認ください。 注意事項③：2021年10月1日以前にSIMロック解除をキャリア店頭またはインターネットでされた「Android端末」は""], ""network_type"": [""商品の説明 購入前の注意事項 【注意事項】 注意事項①：電話番号は付与されませんので、ご注意ください。 注意事項②：SIMロックフリー端末、もしくはSIMフリー端末専用のサービスです。必ず、ご利用端末がeSIM対応かどうかご確認ください。 注意事項③：2021年10月1日以前にSIMロック解除をキャリア店頭またはインターネットでされた「Android端末」は"", ""【チョコSIM 定額（Sプラン）】【中国の電話番号付きでアプリや施設サービスのSMS認証が可能】【データ容量】合計500MB/月【音声】合計20分間/月 データ/音声/SMS付きSIMカード 中国SIM マカオSIM China unicom ※こちらのSIMカードは契約後、毎月の基本料が発生いたします。※2024年11月1日から台湾でのご利用はできなくなり"", ""score: local=9, roaming=1""], ""network_generation"": [""fallback_5g: source:image_alt: 【Simmy公式】ベトナム eSIM 6日間 返金交換無料 データ無制限 困ったらLINEで相談OK | 海外旅行 出張 留学 / iPhone android 対応 / テザリング 5G 対応 / 海外に着いてから日数カウント / QRコードを読み込むだけ 設定ガイド付き / 24時間365日サポート / 初めてのイーシ"", ""fallback_4g_lte: source:image_alt: 【ベトナムeSIM 】15日間 高速データ無制限 4G/5G簡単設定 データ通信専用 日本語説明書付き esim対応端末のみ プリペイドeSIM べトナム (15日間)"", ""fallback_only_network_generation_signal""], ""carrier_support_local"": [""Vietnamobile: 【ベトナム SIMカード】20日間 Vietnamobile ベトナムプリペイドSIM 5GB/日利用可能 4G/3G対応 データ通信専用 ベトナム simカード (20日間 1枚)""], ""review_count"": [""detail_page: 14""], ""bestseller_rank"": [""Amazon 売れ筋ランキング 家電＆カメラ - 337,446位 ( 家電＆カメラの売れ筋ランキングを見る ) プリペイドSIMカード - 2,457位""], ""title"": [""【ベトナム eSIM】30日間 10GB（二十九泊三十日 コスパ重視） DeSiM正規卸 | LINE相談受付中｜データのみ | simフリー端末のみ対応 説明書付 イーシム""]}"
amazon_jp,vn,アジア10ヶ国eSIM 8日 データ容量5GB ローミングeSIM 5G/4G対応 LINEで24時間サポート プリペイド SIM/利用可能国：マカオ・マレーシア・インドネシア・シンガポール・タイ・フィリピン・ベトナム等 ＭＥＷＭＥＷホーム (８日間 5GB),1780,10,,,,,501,5일,5일,8일,roaming,lte_4g_only,,,"{""viettel"": null, ""vinaphone"": null, ""mobifone"": null, ""vietnamobile"": null}","{""skt"": null, ""kt"": null, ""lgu"": null}",5GB,https://www.amazon.co.jp/LINE%E3%81%A724%E6%99%82%E9%96%93%E3%82%B5%E3%83%9D%E3%83%BC%E3%83%88-%E5%88%A9%E7%94%A8%E5%8F%AF%E8%83%BD%E5%9B%BD%EF%BC%9A%E3%83%9E%E3%82%AB%E3%82%AA%E3%83%BB%E3%83%9E%E3%83%AC%E3%83%BC%E3%82%B7%E3%82%A2%E3%83%BB%E3%82%A4%E3%83%B3%E3%83%89%E3%83%8D%E3%82%B7%E3%82%A2%E3%83%BB%E3%82%B7%E3%83%B3%E3%82%AC%E3%83%9D%E3%83%BC%E3%83%AB%E3%83%BB%E3%82%BF%E3%82%A4%E3%83%BB%E3%83%95%E3%82%A3%E3%83%AA%E3%83%94%E3%83%B3%E3%83%BB%E3%83%99%E3%83%88%E3%83%8A%E3%83%A0%E7%AD%89-%EF%BC%AD%EF%BC%A5%EF%BC%B7%EF%BC%AD%EF%BC%A5%EF%BC%B7%E3%83%9B%E3%83%BC%E3%83%A0-%EF%BC%98%E6%97%A5%E9%96%93-5GB/dp/B0FKSCNDJD,B0FKSCNDJD,B0FKSCNDJD,mewmewホーム eSIM,ＭＥＷＭＥＷホームのストアを表示,"{""price_jpy"": [""￥1,780""], ""usage_validity"": [""インドネシア旅行SIMカード - 5G/4G LTE高速データ - プリペイド＆ローミング禁止 - 5日間1GB - 観光客やビジネス旅行者のための簡単な有効化""], ""activation_validity"": [""アジア10ヶ国eSIM 8日 データ容量5GB ローミングeSIM 5G/4G対応 LINEで24時間サポート プリペイド SIM/利用可能国：マカオ・マレーシア・インドネシア・シンガポール・タイ・フィリピン・ベトナム等 ＭＥＷＭＥＷホーム (８日間 5GB)""], ""data_amount"": [""アジア周遊中、この1枚のeSIMだけでOK！面倒な交換の必要がなく、とても便利です。・利用期間：8日間・データ容量：5GB（高速通信）・容量超過後：256Kbpsで無制限に利用可能（通信が止まることはありません）・データ通信専用 (通話・SMS利用は出来ません)""], ""network_type"": [""アジア10ヶ国eSIM 8日 データ容量5GB ローミングeSIM 5G/4G対応 LINEで24時間サポート プリペイド SIM/利用可能国：マカオ・マレーシア・インドネシア・シンガポール・タイ・フィリピン・ベトナム等 ＭＥＷＭＥＷホーム (８日間 5GB)"", ""Amazon.co.jp: アジア10ヶ国eSIM 8日 データ容量5GB ローミングeSIM 5G/4G対応 LINEで24時間サポート プリペイド SIM/利用可能国：マカオ・マレーシア・インドネシア・シンガポール・タイ・フィリピン・ベトナム等 ＭＥＷＭＥＷホーム (８日間 5GB) : 家電＆カメラ"", ""score: local=0, roaming=10""], ""network_generation"": [""product_info_cellular_4g_lte: source:product_info_cellular: 携帯電話技術 LTE""], ""review_count"": [""detail_page: (10)""], ""bestseller_rank"": [""Amazon 売れ筋ランキング 家電＆カメラ - 43,380位 ( 家電＆カメラの売れ筋ランキングを見る ) プリペイドSIMカード - 501位""], ""title"": [""アジア10ヶ国eSIM 8日 データ容量5GB ローミングeSIM 5G/4G対応 LINEで24時間サポート プリペイド SIM/利用可能国：マカオ・マレーシア・インドネシア・シンガポール・タイ・フィリピン・ベトナム等 ＭＥＷＭＥＷホーム (８日間 5GB)""]}"
amazon_jp,vn,ベトナムSIMカード 8日間 使い放題 4G/5G簡単設定 Mobifone回線で安定通信 日本語説明書付き SIMフリー対応 Vietnam プリペイドSIMカード ベトナム sim (8日間),1490,1,,,,,1527,7일,7일,8일,local,5g_capable,,,"{""viettel"": null, ""vinaphone"": null, ""mobifone"": true, ""vietnamobile"": true}","{""skt"": null, ""kt"": null, ""lgu"": null}",unlimited,https://www.amazon.co.jp/%E3%83%99%E3%83%88%E3%83%8A%E3%83%A0SIM%E3%82%AB%E3%83%BC%E3%83%89-8%E6%97%A5%E9%96%93-Mobifone%E5%9B%9E%E7%B7%9A%E3%81%A7%E5%AE%89%E5%AE%9A%E9%80%9A%E4%BF%A1-%E6%97%A5%E6%9C%AC%E8%AA%9E%E8%AA%AC%E6%98%8E%E6%9B%B8%E4%BB%98%E3%81%8D-%E3%83%97%E3%83%AA%E3%83%9A%E3%82%A4%E3%83%89SIM%E3%82%AB%E3%83%BC%E3%83%89/dp/B0F5BCTBBF,B0F5BCTBBF,B0F5BCTBBF,mewmewホーム eSIM,ＭＥＷＭＥＷホームのストアを表示,"{""price_jpy"": [""￥1,490""], ""usage_validity"": [""【ベトナムSIMカード】 7日間 ビナフォン正規 高速データ無制限(速度低下なし) 受信専用番号付き 有効期限 / ご購入日より30日以内 (7日／SIMカード)""], ""activation_validity"": [""ベトナムSIMカード 8日間 使い放題 4G/5G簡単設定 Mobifone回線で安定通信 日本語説明書付き SIMフリー対応 Vietnam プリペイドSIMカード ベトナム sim (8日間)""], ""data_amount"": [""【データ通信無制限＆高速回線】ベトナム全土で5G/4G高速データ通信が6GBまで利用可能！6ギガを超えても、通信速度128Kbps で止まることなくご利用できます。""], ""network_type"": [""【チョコSIM 定額（Sプラン）】【中国の電話番号付きでアプリや施設サービスのSMS認証が可能】【データ容量】合計500MB/月【音声】合計20分間/月 データ/音声/SMS付きSIMカード 中国SIM マカオSIM China unicom ※こちらのSIMカードは契約後、毎月の基本料が発生いたします。※2024年11月1日から台湾でのご利用はできなくなり"", ""【SKTelecoｍ公式認証】 韓国eSIM 3日間 (72時間) 電話番号付き 超高速データ無制限 最初の5分発信無料(韓国国内) お急ぎの方即時発行可(LINE相談受付中) 有効期限／ご購入日より120日以内 現地空港サポート(SKTelecomローミングセンター) SKテレコム正規品 韓国SIMカードタイプではありません"", ""score: local=6, roaming=0""], ""network_generation"": [""product_info_cellular_5g: source:product_info_cellular: 携帯電話技術 LTE, 5G"", ""product_info_cellular_4g_lte_signal_present_but_5g_capable_takes_precedence""], ""carrier_support_local"": [""MobiFone: ・データ容量: 無制限 （高速データ6GBまで） ・回線: Mobifone ・SIMサイズ: 3in1（標準SIM / マイクロSIM / ナノSIM） ・サポート: 24時間日本語カスタマーサービス ベトナム旅行を快適にする「ベトナム物理カード（SIMカード）」！データ無制限で、動画やSNSも思"", ""MobiFone: サービスプロバイダ Mobifone"", ""MobiFone: Amazon.co.jp: ベトナムSIMカード 8日間 使い放題 4G/5G簡単設定 Mobifone回線で安定通信 日本語説明書付き SIMフリー対応 Vietnam プリペイドSIMカード ベトナム sim (8日間) : 家電＆カメラ"", ""MobiFone: ベトナムSIMカード 8日間 使い放題 4G/5G簡単設定 Mobifone回線で安定通信 日本語説明書付き SIMフリー対応 Vietnam プリペイドSIMカード ベトナム sim (8日間)"", ""Vietnamobile: ベトナム SIMカード｜Vietnamobile 正規品｜20日間・毎日5GB 4G・3G接続 ｜24時間LINEサポート ベトナム プリペイドSIM ベトナム sim (eSIM｜20日間)"", ""Vietnamobile: 【ベトナム SIMカード】20日間 Vietnamobile ベトナムプリペイドSIM 5GB/日利用可能 4G/3G対応 データ通信専用 ベトナム simカード (20日間 1枚)"", ""MobiFone: ベトナムSIMカード 8日間 使い放題 4G/5G簡単設定 Mobifone回線で安定通信 日本語説明書付き SIMフリー対応 Vietnam プリペイドSIMカード ベトナム sim (8日間)"", ""MobiFone: ベトナムSIMカード 8日間 使い放題 4G/5G簡単設定 Mobifone回線で安定通信 日本語説明書付き SIMフリー対応 Vietnam プリペイドSIMカード ベトナム sim (8日間)"", ""MobiFone: Amazon.co.jp: ベトナムSIMカード 8日間 使い放題 4G/5G簡単設定 Mobifone回線で安定通信 日本語説明書付き SIMフリー対応 Vietnam プリペイドSIMカード ベトナム sim (8日間) : 家電＆カメラ 次に移動 メインコンテンツ この商品について この商品に""], ""review_count"": [""detail_page: (1)""], ""bestseller_rank"": [""Amazon 売れ筋ランキング 家電＆カメラ - 180,798位 ( 家電＆カメラの売れ筋ランキングを見る ) プリペイドSIMカード - 1,527位""], ""title"": [""ベトナムSIMカード 8日間 使い放題 4G/5G簡単設定 Mobifone回線で安定通信 日本語説明書付き SIMフリー対応 Vietnam プリペイドSIMカード ベトナム sim (8日間)""]}"
amazon_jp,vn,"ベトナム観光SIM - 1GB無制限の高速データ - 3日有効期 - プリペイド,追加料金なし - ロック解除された携帯電話とホットスポットで動作",1089,4,,,,,2943,3일,3일,7일,unknown,lte_4g_only,,,"{""viettel"": true, ""vinaphone"": null, ""mobifone"": null, ""vietnamobile"": true}","{""skt"": null, ""kt"": null, ""lgu"": null}",1GB,https://www.amazon.co.jp/%E3%83%99%E3%83%88%E3%83%8A%E3%83%A0%E8%A6%B3%E5%85%89SIM-1GB%E7%84%A1%E5%88%B6%E9%99%90%E3%81%AE%E9%AB%98%E9%80%9F%E3%83%87%E3%83%BC%E3%82%BF-3%E6%97%A5%E6%9C%89%E5%8A%B9%E6%9C%9F-%E8%BF%BD%E5%8A%A0%E6%96%99%E9%87%91%E3%81%AA%E3%81%97-%E3%83%AD%E3%83%83%E3%82%AF%E8%A7%A3%E9%99%A4%E3%81%95%E3%82%8C%E3%81%9F%E6%90%BA%E5%B8%AF%E9%9B%BB%E8%A9%B1%E3%81%A8%E3%83%9B%E3%83%83%E3%83%88%E3%82%B9%E3%83%9D%E3%83%83%E3%83%88%E3%81%A7%E5%8B%95%E4%BD%9C/dp/B0F3CX3XY6,B0F3CX3XY6,B0F3CX3XY6,Mossroam,mossroamのストアを表示,"{""price_jpy"": [""￥1,089""], ""usage_validity"": [""ベトナム観光SIM - 1GB無制限の高速データ - 3日有効期 - プリペイド,追加料金なし - ロック解除された携帯電話とホットスポットで動作""], ""activation_validity"": [""【ベトナムSIMカード】 7日間 ビナフォン正規 高速データ無制限(速度低下なし) 受信専用番号付き 有効期限 / ご購入日より30日以内 (7日／SIMカード)""], ""data_amount"": [""型番 1GB Day pass,3 Days""], ""network_type"": [""local_signal: 【Almond SIM】 ベトナム 5日間 完全無制限 電話番号付き｜純正Vietnamobile キャリア ｜ホーチミン・ハノイなど 対応｜LINEで24時間サポート｜4G-LTE対応 プリペイドsim ｜Vietnam simカード (物理sim/5日間)"", ""roaming_signal: ご注文前に、お使いのデバイスが対応していることを確認してください。 お使いの携帯電話に物理カードを挿入できることを確認してください。挿入できない場合は、eSIMプランのいずれかをお選びください。 データ使用量プランには2種類あり、お客様の状況に合ったプランをお選びいただけます。 パッケージを受け取った後、3 in 1カードが届きます。 Mossroam Da"", ""insufficient_or_conflicting_signals(local=9, roaming=3)""], ""network_generation"": [""product_info_cellular_4g_lte: source:product_info_cellular: 携帯電話技術 LTE""], ""carrier_support_local"": [""Vietnamobile: 【Almond SIM】 ベトナム 5日間 完全無制限 電話番号付き｜純正Vietnamobile キャリア ｜ホーチミン・ハノイなど 対応｜LINEで24時間サポート｜4G-LTE対応 プリペイドsim ｜Vietnam simカード (物理sim/5日間)"", ""Viettel: 【Viettel純正品】ベトナム eSIM 5日間【高速データ1日5GB (合計最大25GB) 】5G-4G-LTE/テザリング 【データのみ】 プリペイド SIM Vietnam esim 5days"", ""Viettel: 【Viettel純正品】ベトナム eSIM 5日間【高速データ1日5GB (合計最大25GB) 】5G-4G-LTE/テザリング 【データのみ】 プリペイド SIM Vietnam esim 5days"", ""Vietnamobile: 【Almond SIM】 ベトナム 5日間 完全無制限 電話番号付き｜純正Vietnamobile キャリア ｜ホーチミン・ハノイなど 対応｜LINEで24時間サポート｜4G-LTE対応 プリペイドsim ｜Vietnam simカード (物理sim/5日間)"", ""Vietnamobile: 【Almond SIM】 ベトナム 5日間 完全無制限 電話番号付き｜純正Vietnamobile キャリア ｜ホーチミン・ハノイなど 対応｜LINEで24時間サポート｜4G-LTE対応 プリペイドsim ｜Vietnam simカード (物理sim/5日間)"", ""Viettel: 【Viettel純正品】ベトナム eSIM 7日間【高速データ1日5GB (合計最大35GB) 】5G-4G-LTE/テザリング 【データのみ】 プリペイド SIM Vietnam esim 7days""], ""review_count"": [""detail_page: (4)""], ""bestseller_rank"": [""Amazon 売れ筋ランキング 家電＆カメラ - 447,663位 ( 家電＆カメラの売れ筋ランキングを見る ) プリペイドSIMカード - 2,943位""], ""title"": [""ベトナム観光SIM - 1GB無制限の高速データ - 3日有効期 - プリペイド,追加料金なし - ロック解除された携帯電話とホットスポットで動作""]}"
amazon_jp,vn,【タイSIMカード】7日間 データ無制限 Thailand SIM 5G/4G対応 通話着信・SMS受信対応 開通予約不要 SIMフリー端末対応 SIMピン付き (SIM | 7日間),1290,155,,,200,,28,7일,7일,31일,local,5g_capable,,,"{""viettel"": null, ""vinaphone"": null, ""mobifone"": null, ""vietnamobile"": null}","{""skt"": null, ""kt"": null, ""lgu"": null}",unlimited,https://www.amazon.co.jp/SIM%E3%82%AB%E3%83%BC%E3%83%89%E3%80%917%E6%97%A5%E9%96%93-Thailand-SIM-%E6%97%A5%E6%9C%AC%E8%AA%9E%E3%83%9E%E3%83%8B%E3%83%A5%E3%82%A2%E3%83%AB%E4%BB%98%E3%81%8D-7%E6%97%A5%E9%96%93/dp/B0F3D54HDR,B0F3D54HDR,B0F3D54HDR,mewmewホーム eSIM,ＭＥＷＭＥＷホームのストアを表示,"{""price_jpy"": [""￥1,290""], ""usage_validity"": [""【タイSIMカード】7日間 データ無制限 Thailand SIM 5G/4G対応 通話着信・SMS受信対応 開通予約不要 SIMフリー端末対応 SIMピン付き (SIM | 7日間)""], ""activation_validity"": [""【有効期限】SIMカードの有効期限は2027年1月31日まで。(定期更新)""], ""data_amount"": [""【7日間データ使い放題】SIMカードを端末に挿入するだけで簡単に利用開始できます。面倒な設定はほとんど不要なので、初めて海外SIMを利用する方にもおすすめです。高速4G/5G通信に対応し、旅行中の地図検索・SNS・動画視聴・メッセージアプリなどを快適にご利用いただけます。""], ""network_type"": [""【タイeSIM】7日間 データ無制限 高速4G/5G対応｜QRコード簡単設定｜現地キャリア回線｜テザリング対応｜データ通信専用｜タイesim (7日間)"", ""【タイeSIM】7日間 データ無制限 高速4G/5G対応｜QRコード簡単設定｜現地キャリア回線｜テザリング対応｜データ通信専用｜タイesim (7日間)"", ""score: local=18, roaming=0""], ""network_generation"": [""product_info_cellular_5g: source:product_info_cellular: 携帯電話技術 5G，4G""], ""monthly_sold_count"": [""Amazon.co.jp: 【タイSIMカード】7日間 データ無制限 Thailand SIM 5G/4G対応 通話着信・SMS受信対応 開通予約不要 SIMフリー端末対応 SIMピン付き (SIM | 7日間) : 家電＆カメラ 次に移動 メインコンテンツ この商品について この商品について この商品について 購入オプション 類似商品と比較する ビデオ レ""], ""review_count"": [""detail_page: (155)""], ""bestseller_rank"": [""Amazon 売れ筋ランキング 家電＆カメラ - 3,287位 ( 家電＆カメラの売れ筋ランキングを見る ) プリペイドSIMカード - 28位""], ""title"": [""【タイSIMカード】7日間 データ無制限 Thailand SIM 5G/4G対応 通話着信・SMS受信対応 開通予約不要 SIMフリー端末対応 SIMピン付き (SIM | 7日間)""]}"
amazon_jp,vn,【東南アジア6か国】SIM カード 5 日間無制限データ シンガポール、マレーシア、タイ、インドネシア、フィリピン、ベトナム向けプリペイド SIM 4G/5G 高速無制限データ 東南アジア旅行 SIM カード 簡単アクティベーション デザリング対応 データ通信のみ,2980,13,,,,,1412,5일,5일,,roaming,lte_4g_only,,,"{""viettel"": null, ""vinaphone"": null, ""mobifone"": null, ""vietnamobile"": null}","{""skt"": null, ""kt"": null, ""lgu"": null}",10GB/day,https://www.amazon.co.jp/%E3%80%90%E6%9D%B1%E5%8D%97%E3%82%A2%E3%82%B8%E3%82%A26%E3%81%8B%E5%9B%BD%E3%80%91SIM-%E6%97%A5%E9%96%93%E7%84%A1%E5%88%B6%E9%99%90%E3%83%87%E3%83%BC%E3%82%BF-%E3%82%B7%E3%83%B3%E3%82%AC%E3%83%9D%E3%83%BC%E3%83%AB%E3%80%81%E3%83%9E%E3%83%AC%E3%83%BC%E3%82%B7%E3%82%A2%E3%80%81%E3%82%BF%E3%82%A4%E3%80%81%E3%82%A4%E3%83%B3%E3%83%89%E3%83%8D%E3%82%B7%E3%82%A2%E3%80%81%E3%83%95%E3%82%A3%E3%83%AA%E3%83%94%E3%83%B3%E3%80%81%E3%83%99%E3%83%88%E3%83%8A%E3%83%A0%E5%90%91%E3%81%91%E3%83%97%E3%83%AA%E3%83%9A%E3%82%A4%E3%83%89-%E9%AB%98%E9%80%9F%E7%84%A1%E5%88%B6%E9%99%90%E3%83%87%E3%83%BC%E3%82%BF-%E7%B0%A1%E5%8D%98%E3%82%A2%E3%82%AF%E3%83%86%E3%82%A3%E3%83%99%E3%83%BC%E3%82%B7%E3%83%A7%E3%83%B3/dp/B0FJRPG5J3,B0FJRPG5J3,B0FJRPG5J3,【StarwayチャージWiFi公式】,Starwayのストアを表示,"{""price_jpy"": [""￥2,980""], ""usage_validity"": [""【東南アジア6か国】SIM カード 5 日間無制限データ シンガポール、マレーシア、タイ、インドネシア、フィリピン、ベトナム向けプリペイド SIM 4G/5G 高速無制限データ 東南アジア旅行 SIM カード 簡単アクティベーション デザリング対応 データ通信のみ""], ""data_amount"": [""【プリペイドデータSIM】この東南アジア向けSIMカードで、複数の信頼性の高いネットワークで高速4Gデータ通信をお楽しみください。1日あたり10GBのデータ通信量を超えると、低速の256Kbpsデータ使い放題に切り替わります。""], ""network_type"": [""【ご利用方法】お手持ちの端末にSIMカードを挿入し、APN設定を確認の上、データローミングを有効にしてください。データ通信専用のため、音声通話・SMSはご利用いただけません（電話番号なし）。"", ""アジア旅行SIMカード、15日間-2GB毎日の高速データ、20分の通話＆10のテキスト、シンガポール、マレーシア、タイ＆インドをカバー、プリペイド - ローミングなし - 簡単なセットアップ"", ""score: local=0, roaming=8""], ""network_generation"": [""product_info_cellular_4g_lte: source:product_info_cellular: 携帯電話技術 LTE""], ""review_count"": [""detail_page: (13)""], ""bestseller_rank"": [""Amazon 売れ筋ランキング 家電＆カメラ - 160,932位 ( 家電＆カメラの売れ筋ランキングを見る ) プリペイドSIMカード - 1,412位""], ""title"": [""【東南アジア6か国】SIM カード 5 日間無制限データ シンガポール、マレーシア、タイ、インドネシア、フィリピン、ベトナム向けプリペイド SIM 4G/5G 高速無制限データ 東南アジア旅行 SIM カード 簡単アクティベーション デザリング対応 データ通信のみ""]}"
amazon_jp,vn,2個入【Google公式認証！純正アプリ対応】エアタグ Android airtag アンドロイド gps 子供 スマートタグ gpsタグ 小型gps 紛失防止タグ air tag スマートトラッカー 見守りgps 月額なし gpsトラッカー 忘れ物防止 タグ 子ども 位置情報 財布 猫 高齢者 airタグ 自転車 盗難防止 車 母の日 父の日 敬老の日 プレゼント (Android専用),3799,1099,,,,,8,30일,30일,,unknown,unknown,,,"{""viettel"": null, ""vinaphone"": null, ""mobifone"": null, ""vietnamobile"": null}","{""skt"": null, ""kt"": null, ""lgu"": null}",unlimited,https://www.amazon.co.jp/2%E5%80%8B%E5%85%A5%E3%80%90Google%E5%85%AC%E5%BC%8F%E8%AA%8D%E8%A8%BC%EF%BC%81%E7%B4%94%E6%AD%A3%E3%82%A2%E3%83%97%E3%83%AA%E5%AF%BE%E5%BF%9C%E3%80%91%E3%82%A8%E3%82%A2%E3%82%BF%E3%82%B0-Android-%E3%82%B9%E3%83%9E%E3%83%BC%E3%83%88%E3%83%88%E3%83%A9%E3%83%83%E3%82%AB%E3%83%BC-gps%E3%83%88%E3%83%A9%E3%83%83%E3%82%AB%E3%83%BC-Android%E5%B0%82%E7%94%A8/dp/B0F5WN6HVZ,B0F5WN6HVZ,B0F5WN6HVZ,Dyoac.ストア,Dyoacのストアを表示,"{""price_jpy"": [""￥3,799""], ""usage_validity"": [""保証内容 💖【万全のアフターサービス】30日間無料返品保証+1年間メーカー保証付き！開封後や30日の返品期限を過ぎた場合でも、気軽にご連絡ください。, 📨【お問合せ方法】取扱説明書記載のメールアドレスにご連絡いただくか、「注文履歴」→「該当する注文を探す」→「注文に関する問題」→「出品者に問い合わせる」からご連絡ください。2日以内に返信がない場合は迷惑メール""], ""data_amount"": [""Amazon.co.jp: 2個入【Google公式認証！純正アプリ対応】エアタグ Android airtag アンドロイド gps 子供 スマートタグ gpsタグ 小型gps 紛失防止タグ air tag スマートトラッカー 見守りgps 月額なし gpsトラッカー 忘れ物防止 タグ 子ども 位置情報 財布 猫 高齢者 airタグ 自転車 盗難防止 車 ""], ""network_type"": [""no_local_or_roaming_keyword_matched""], ""network_generation"": [""no_lte_4g_or_5g_keyword_matched""], ""review_count"": [""detail_page: (1,099)""], ""bestseller_rank"": [""Amazon 売れ筋ランキング 家電＆カメラ - 351位 ( 家電＆カメラの売れ筋ランキングを見る ) スマートトラッカー - 8位""], ""title"": [""2個入【Google公式認証！純正アプリ対応】エアタグ Android airtag アンドロイド gps 子供 スマートタグ gpsタグ 小型gps 紛失防止タグ air tag スマートトラッカー 見守りgps 月額なし gpsトラッカー 忘れ物防止 タグ 子ども 位置情報 財布 猫 高齢者 airタグ 自転車 盗難防止 車 母の日 父の日 敬老の日 プレゼント (Android専用)""]}"
amazon_jp,vn,【コード入力で事務手数料不要】 UQ mobile ウェルカムパッケージ/[SIMカード/eSIM共通]/iPhone 17e iPhone 17 シリーズ iPhone Air動作確認済み/[iPhone/Android対応]/au回線,350,1762,,,,,3,30일,30일,31일,unknown,unknown,,,"{""viettel"": null, ""vinaphone"": null, ""mobifone"": null, ""vietnamobile"": null}","{""skt"": null, ""kt"": null, ""lgu"": null}",35GB,https://www.amazon.co.jp/dp/B07YBZ3D22,B07YBZ3D22,B07YBZ3D22,"Amazon.com Sales, Inc.",UQ mobileのストアを表示,"{""price_jpy"": [""￥350""], ""usage_validity"": [""商品紹介 本商品をご利用いただいた場合、UQ mobileご契約時の事務手数料が不要です。 本商品ご購入後に届く当社が定めるコード（エントリーコード）を、専用のURLで利用していただく必要があります。 エントリーコード 本商品ご購入後にエントリーコードをお届けします。エントリーコードの有効期限は最短3か月間～最長6か月間で、ご購入の時期によって異なります。 ""], ""activation_validity"": [""商品紹介 本商品をご利用いただいた場合、UQ mobileご契約時の事務手数料が不要です。 本商品ご購入後に届く当社が定めるコード（エントリーコード）を、専用のURLで利用していただく必要があります。 エントリーコード 本商品ご購入後にエントリーコードをお届けします。エントリーコードの有効期限は最短3か月間～最長6か月間で、ご購入の時期によって異なります。 ""], ""data_amount"": [""商品紹介 本商品をご利用いただいた場合、UQ mobileご契約時の事務手数料が不要です。 本商品ご購入後に届く当社が定めるコード（エントリーコード）を、専用のURLで利用していただく必要があります。 エントリーコード 本商品ご購入後にエントリーコードをお届けします。エントリーコードの有効期限は最短3か月間～最長6か月間で、ご購入の時期によって異なります。 ""], ""network_type"": [""no_local_or_roaming_keyword_matched""], ""network_generation"": [""fallback_5g: source:image_alt: 【eSIM用】Y!mobile(ワイモバイル) 事務手数料3,850円が無料になるエントリーコード ダウンロード版 5G対応 格安SIM"", ""fallback_4g_lte: source:image_alt: 【リチャージSIM】日本 10GB 180日 物理SIMカード 契約不要 月額0円 ギガ リチャージで繰り返し利用可能 4G_LTE/5G docomo/NTTドコモ データSIM プリペイド 格安 SIM 【物理SIM-10GB/180日】"", ""fallback_only_network_generation_signal""], ""review_count"": [""detail_page: (1,762)""], ""bestseller_rank"": [""Amazon 売れ筋ランキング: PCソフト - 29位 ( PCソフトの売れ筋ランキングを見る ) 携帯電話ソフト - 3位 定期契約SIMカード - 7位""], ""title"": [""【コード入力で事務手数料不要】 UQ mobile ウェルカムパッケージ/[SIMカード/eSIM共通]/iPhone 17e iPhone 17 シリーズ iPhone Air動作確認済み/[iPhone/Android対応]/au回線""]}"
amazon_jp,vn,東南アジア6か国 eSIM｜9日間 1GB/日 高速データ＋低速無制限｜シンガポール・マレーシア・タイ・ベトナム・インドネシア対応｜即日メール発行・すぐ使える・24時間LINEサポート｜東南アジア sim (9日間),1680,1,,,,,1780,9일,9일,90일,unknown,lte_4g_only,,,"{""viettel"": null, ""vinaphone"": null, ""mobifone"": null, ""vietnamobile"": null}","{""skt"": null, ""kt"": null, ""lgu"": null}",1GB,https://www.amazon.co.jp/%E6%9D%B1%E5%8D%97%E3%82%A2%E3%82%B8%E3%82%A26%E3%81%8B%E5%9B%BD-eSIM%EF%BD%9C9%E6%97%A5%E9%96%93-1GB-9%E6%97%A5%E9%96%93/dp/B0FR3CMF49,B0FR3CMF49,B0FR3CMF49,Global Simcard,アーモンド　ＳＩｍ　ｃａｒｄのストアを表示,"{""price_jpy"": [""￥1,680""], ""usage_validity"": [""東南アジア6か国 eSIM｜9日間 1GB/日 高速データ＋低速無制限｜シンガポール・マレーシア・タイ・ベトナム・インドネシア対応｜即日メール発行・すぐ使える・24時間LINEサポート｜東南アジア sim (9日間)""], ""activation_validity"": [""⭐【有効期限】メール受信から90日以内にご利用ください。出発直前の購入でも安心してご利用いただけます。""], ""data_amount"": [""⭐【データ容量】1日の使用量が1GBに達すると最大128kbpsの低速通信に切り替わりますが、無制限でご利用可能。""], ""network_type"": [""no_local_or_roaming_keyword_matched""], ""network_generation"": [""product_info_cellular_4g_lte: source:product_info_cellular: 携帯電話技術 LTE""], ""review_count"": [""detail_page: 1""], ""bestseller_rank"": [""Amazon 売れ筋ランキング 家電＆カメラ - 218,336位 ( 家電＆カメラの売れ筋ランキングを見る ) プリペイドSIMカード - 1,780位""], ""title"": [""東南アジア6か国 eSIM｜9日間 1GB/日 高速データ＋低速無制限｜シンガポール・マレーシア・タイ・ベトナム・インドネシア対応｜即日メール発行・すぐ使える・24時間LINEサポート｜東南アジア sim (9日間)""]}"
