site,country,title,price_jpy,review_count,seller_badge,search_position,monthly_sold_count,is_bestseller,bestseller_rank,validity,usage_validity,activation_validity,network_type,network_generation,network_generation_inferred,network_generation_confidence,carrier_support_local,carrier_support_kr,data_amount,product_url,asin,site_product_id,seller,brand,evidence
qoo10_jp,hk,香港eSIM マカオeSIM 安心の日本企業 4日間 無制限 低速なし 日本人スタッフによるLINEサポート(お急ぎの方相談可) 最短即日発行 有効期限90日 パスポート番号不要 データ通信専用,1190,37,Power seller,3,,,,4일,4일,90일,local,unknown,,,"{""cmhk"": null, ""csl"": null, ""smartone"": null, ""three_hk"": null}","{""skt"": null, ""kt"": null, ""lgu"": null}",unlimited,https://www.qoo10.jp/item/%e9%a6%99%e6%b8%afESIM-%e3%83%9e%e3%82%ab%e3%82%aaESIM-%e5%ae%89%e5%bf%83%e3%81%ae%e6%97%a5%e6%9c%ac%e4%bc%81%e6%a5%ad-4%e6%97%a5%e9%96%93-%e7%84%a1%e5%88%b6%e9%99%90-%e4%bd%8e%e9%80%9f%e3%81%aa%e3%81%97-%e6%97%a5%e6%9c%ac%e4%ba%ba%e3%82%b9%e3%82%bf%e3%83%83%e3%83%95%e3%81%ab%e3%82%88%e3%82%8bLINE%e3%82%b5%e3%83%9d%e3%83%bc%e3%83%88-%e3%81%8a%e6%80%a5%e3%81%8e%e3%81%ae%e6%96%b9%e7%9b%b8%e8%ab%87%e5%8f%af/1115538983,,1115538983,いーしむさん,,"{""title"": [""香港eSIM マカオeSIM 安心の日本企業 4日間 無制限 低速なし 日本人スタッフによるLINEサポート(お急ぎの方相談可) 最短即日発行 有効期限90日 パスポート番号不要 データ通信専用""], ""price_jpy"": [""販売価格 1,190円""], ""usage_validity"": [""香港eSIM マカオeSIM 安心の日本企業 4日間 無制限 低速なし 日本人スタッフによるLINEサポート(お急ぎの方相談可) 最短即日発行 有効期限90日 パスポート番号不要 データ通信専用""], ""activation_validity"": [""香港eSIM マカオeSIM 安心の日本企業 4日間 無制限 低速なし 日本人スタッフによるLINEサポート(お急ぎの方相談可) 最短即日発行 有効期限90日 パスポート番号不要 データ通信専用""], ""data_amount"": [""香港eSIM マカオeSIM 安心の日本企業 4日間 無制限 低速なし 日本人スタッフによるLINEサポート(お急ぎの方相談可) 最短即日発行 有効期限90日 パスポート番号不要 データ通信専用""], ""network_type"": [""qoo10_local_signal: 【SKTelecoｍ公式認証】韓国eSIM 3日間(72時間) 電話番号付き 超高速データ無制限 最初の5分発信無料(韓国国内) LINE即日発行 ご購入日より120日以内 韓国SIM 1,980円 1,620円 4.9 (37,975) 1,296 円 メガ割時""], ""network_generation"": [""no_lte_4g_or_5g_keyword_matched""], ""seller"": [""いーしむさん""], ""review_count"": [""search_result: 37""], ""seller_badge"": [""search_result: Power seller""]}"
qoo10_jp,hk,【香港 eSIM データ無制限】香港 eSIM 正規eSIM 超高速 1日間 データ無制限 eSIM 1日間 無制限 QRコードで 香港 esim 1日間 esim 香港,460,10,Power seller,4,,,,1일,1일,3일,local,unknown,,,"{""cmhk"": null, ""csl"": null, ""smartone"": null, ""three_hk"": null}","{""skt"": null, ""kt"": null, ""lgu"": null}",unlimited,https://www.qoo10.jp/item/%e9%a6%99%e6%b8%af-ESIM-%e3%83%87%e3%83%bc%e3%82%bf%e7%84%a1%e5%88%b6%e9%99%90-%e9%a6%99%e6%b8%af-ESIM-%e6%ad%a3%e8%a6%8fESIM-%e8%b6%85%e9%ab%98%e9%80%9f-1%e6%97%a5%e9%96%93-%e3%83%87%e3%83%bc%e3%82%bf%e7%84%a1%e5%88%b6%e9%99%90-ESIM-1%e6%97%a5%e9%96%93-%e7%84%a1%e5%88%b6%e9%99%90-QR%e3%82%b3%e3%83%bc%e3%83%89%e3%81%a7/1180496571,,1180496571,正規eSIM 即時対応 100万枚突破 ...,,"{""title"": [""【香港 eSIM データ無制限】香港 eSIM 正規eSIM 超高速 1日間 データ無制限 eSIM 1日間 無制限 QRコードで 香港 esim 1日間 esim 香港""], ""option_candidates"": [""1日 香港（超高速無制限のトラフィック） - 数量 : 999866""], ""representative_option"": [""1日 香港（超高速無制限のトラフィック） - 数量 : 999866"", ""title_match_score=8""], ""price_jpy"": [""販売価格 460円 + option surcharge 0"", ""1日 香港（超高速無制限のトラフィック） - 数量 : 999866""], ""usage_validity"": [""1日 香港（超高速無制限のトラフィック） - 数量 : 999866""], ""activation_validity"": [""【フィリピンeSIM】3日間(72時間) データ通信無制限 オンラインサービスにて即日送信(LINE相談受付中) 有効期限 / ご購入日より90日以内 フィリピンSIM セブ島 1,550円 4.6 (25) 1,240 円 メガ割時""], ""data_amount"": [""1日 香港（超高速無制限のトラフィック） - 数量 : 999866""], ""network_type"": [""qoo10_local_signal: 【SKTelecoｍ公式認証】韓国eSIM 3日間(72時間) 電話番号付き 超高速データ無制限 最初の5分発信無料(韓国国内) LINE即日発行 ご購入日より120日以内 韓国SIM 1,980円 1,620円 4.9 (37,975) 1,296 円 メガ割時""], ""network_generation"": [""no_lte_4g_or_5g_keyword_matched""], ""seller"": [""正規eSIM 即時対応 100万枚突破 ...""], ""review_count"": [""search_result: 10""], ""seller_badge"": [""search_result: Power seller""]}"
qoo10_jp,hk,中国・香港・マカオeSIM 5G対応 データ無制限 4日間（96時間） あんしん通信保証付 メールですぐに受け取り可能 ご購入日より90日以内に要開通,1580,,Good seller,6,,,,4일,4일,4일,local,5g_capable,,,"{""cmhk"": null, ""csl"": null, ""smartone"": null, ""three_hk"": null}","{""skt"": null, ""kt"": null, ""lgu"": null}",unlimited,https://www.qoo10.jp/item/%e3%82%a4%e3%83%a2%e3%83%88%e3%81%aeESIM-%e4%b8%ad%e5%9b%bd%e3%83%bb%e9%a6%99%e6%b8%af%e3%83%bb%e3%83%9e%e3%82%ab%e3%82%aaESIM-5G%e5%af%be%e5%bf%9c-%e3%83%87%e3%83%bc%e3%82%bf%e7%84%a1%e5%88%b6%e9%99%90-4%e6%97%a5%e9%96%93%ef%bc%8896%e6%99%82%e9%96%93%ef%bc%89-%e3%81%82%e3%82%93%e3%81%97%e3%82%93%e9%80%9a%e4%bf%a1%e4%bf%9d%e8%a8%bc%e4%bb%98-%e3%83%a1%e3%83%bc%e3%83%ab%e3%81%a7%e3%81%99%e3%81%90%e3%81%ab%e5%8f%97%e3%81%91%e5%8f%96%e3%82%8a%e5%8f%af%e8%83%bd-%e3%81%94%e8%b3%bc%e5%85%a5%e6%97%a5%e3%82%88%e3%82%8a90%e6%97%a5%e4%bb%a5/1214236058,,1214236058,イモトのeSIM クーポン,,"{""title"": [""中国・香港・マカオeSIM 5G対応 データ無制限 4日間（96時間） あんしん通信保証付 メールですぐに受け取り可能 ご購入日より90日以内に要開通""], ""price_jpy"": [""販売価格 1,580円""], ""usage_validity"": [""中国・香港・マカオeSIM 5G対応 データ無制限 4日間（96時間） あんしん通信保証付 メールですぐに受け取り可能 ご購入日より90日以内に要開通""], ""activation_validity"": [""中国・香港・マカオeSIM 5G対応 データ無制限 4日間（96時間） あんしん通信保証付 メールですぐに受け取り可能 ご購入日より90日以内に要開通""], ""data_amount"": [""中国・香港・マカオeSIM 5G対応 データ無制限 4日間（96時間） あんしん通信保証付 メールですぐに受け取り可能 ご購入日より90日以内に要開通""], ""network_type"": [""qoo10_local_signal: 【SKTelecoｍ公式認証】韓国eSIM 3日間(72時間) 電話番号付き 超高速データ無制限 最初の5分発信無料(韓国国内) LINE即日発行 ご購入日より120日以内 韓国SIM 1,980円 1,620円 4.9 (37,975) 1,296 円 メガ割時""], ""network_generation"": [""title_5g: source:title: 中国・香港・マカオeSIM 5G対応 データ無制限 4日間（96時間） あんしん通信保証付 メールですぐに受け取り可能 ご購入日より90日以内に要開通""], ""seller"": [""イモトのeSIM クーポン""], ""seller_badge"": [""search_result: Good seller""]}"
qoo10_jp,hk,中国・香港・マカオeSIM 5G対応 データ無制限 5日間（120時間） あんしん通信保証付 メールですぐに受け取り可能 ご購入日より90日以内に要開通,1880,,Good seller,9,,,,5일,5일,5일,local,5g_capable,,,"{""cmhk"": null, ""csl"": null, ""smartone"": null, ""three_hk"": null}","{""skt"": null, ""kt"": null, ""lgu"": null}",unlimited,https://www.qoo10.jp/item/%e3%82%a4%e3%83%a2%e3%83%88%e3%81%aeESIM-%e4%b8%ad%e5%9b%bd%e3%83%bb%e9%a6%99%e6%b8%af%e3%83%bb%e3%83%9e%e3%82%ab%e3%82%aaESIM-5G%e5%af%be%e5%bf%9c-%e3%83%87%e3%83%bc%e3%82%bf%e7%84%a1%e5%88%b6%e9%99%90-5%e6%97%a5%e9%96%93%ef%bc%88120%e6%99%82%e9%96%93%ef%bc%89-%e3%81%82%e3%82%93%e3%81%97%e3%82%93%e9%80%9a%e4%bf%a1%e4%bf%9d%e8%a8%bc%e4%bb%98-%e3%83%a1%e3%83%bc%e3%83%ab%e3%81%a7%e3%81%99%e3%81%90%e3%81%ab%e5%8f%97%e3%81%91%e5%8f%96%e3%82%8a%e5%8f%af%e8%83%bd/1214231576,,1214231576,イモトのeSIM クーポン,,"{""title"": [""中国・香港・マカオeSIM 5G対応 データ無制限 5日間（120時間） あんしん通信保証付 メールですぐに受け取り可能 ご購入日より90日以内に要開通""], ""price_jpy"": [""販売価格 1,880円""], ""usage_validity"": [""中国・香港・マカオeSIM 5G対応 データ無制限 5日間（120時間） あんしん通信保証付 メールですぐに受け取り可能 ご購入日より90日以内に要開通""], ""activation_validity"": [""中国・香港・マカオeSIM 5G対応 データ無制限 5日間（120時間） あんしん通信保証付 メールですぐに受け取り可能 ご購入日より90日以内に要開通""], ""data_amount"": [""中国・香港・マカオeSIM 5G対応 データ無制限 5日間（120時間） あんしん通信保証付 メールですぐに受け取り可能 ご購入日より90日以内に要開通""], ""network_type"": [""qoo10_local_signal: 【SKTelecoｍ公式認証】韓国eSIM 3日間(72時間) 電話番号付き 超高速データ無制限 最初の5分発信無料(韓国国内) LINE即日発行 ご購入日より120日以内 韓国SIM 1,980円 1,620円 4.9 (37,975) 1,296 円 メガ割時""], ""network_generation"": [""title_5g: source:title: 中国・香港・マカオeSIM 5G対応 データ無制限 5日間（120時間） あんしん通信保証付 メールですぐに受け取り可能 ご購入日より90日以内に要開通""], ""seller"": [""イモトのeSIM クーポン""], ""seller_badge"": [""search_result: Good seller""]}"
qoo10_jp,hk,中国・香港・マカオeSIM 5G対応 データ無制限 3日間（72時間） あんしん通信保証付 メールですぐに受け取り可能 ご購入日より90日以内に要開通,1380,1,Good seller,10,,,,3일,3일,3일,local,5g_capable,,,"{""cmhk"": null, ""csl"": null, ""smartone"": null, ""three_hk"": null}","{""skt"": null, ""kt"": null, ""lgu"": null}",unlimited,https://www.qoo10.jp/item/%e3%82%a4%e3%83%a2%e3%83%88%e3%81%aeESIM-%e4%b8%ad%e5%9b%bd%e3%83%bb%e9%a6%99%e6%b8%af%e3%83%bb%e3%83%9e%e3%82%ab%e3%82%aaESIM-5G%e5%af%be%e5%bf%9c-%e3%83%87%e3%83%bc%e3%82%bf%e7%84%a1%e5%88%b6%e9%99%90-3%e6%97%a5%e9%96%93%ef%bc%8872%e6%99%82%e9%96%93%ef%bc%89-%e3%81%82%e3%82%93%e3%81%97%e3%82%93%e9%80%9a%e4%bf%a1%e4%bf%9d%e8%a8%bc%e4%bb%98-%e3%83%a1%e3%83%bc%e3%83%ab%e3%81%a7%e3%81%99%e3%81%90%e3%81%ab%e5%8f%97%e3%81%91%e5%8f%96%e3%82%8a%e5%8f%af%e8%83%bd-%e3%81%94%e8%b3%bc%e5%85%a5%e6%97%a5%e3%82%88%e3%82%8a90%e6%97%a5%e4%bb%a5/1214231516,,1214231516,イモトのeSIM クーポン,,"{""title"": [""中国・香港・マカオeSIM 5G対応 データ無制限 3日間（72時間） あんしん通信保証付 メールですぐに受け取り可能 ご購入日より90日以内に要開通""], ""price_jpy"": [""販売価格 1,380円""], ""usage_validity"": [""中国・香港・マカオeSIM 5G対応 データ無制限 3日間（72時間） あんしん通信保証付 メールですぐに受け取り可能 ご購入日より90日以内に要開通""], ""activation_validity"": [""中国・香港・マカオeSIM 5G対応 データ無制限 3日間（72時間） あんしん通信保証付 メールですぐに受け取り可能 ご購入日より90日以内に要開通""], ""data_amount"": [""中国・香港・マカオeSIM 5G対応 データ無制限 3日間（72時間） あんしん通信保証付 メールですぐに受け取り可能 ご購入日より90日以内に要開通""], ""network_type"": [""qoo10_local_signal: 【SKTelecoｍ公式認証】韓国eSIM 3日間(72時間) 電話番号付き 超高速データ無制限 最初の5分発信無料(韓国国内) LINE即日発行 ご購入日より120日以内 韓国SIM 1,980円 1,620円 4.9 (37,975) 1,296 円 メガ割時""], ""network_generation"": [""title_5g: source:title: 中国・香港・マカオeSIM 5G対応 データ無制限 3日間（72時間） あんしん通信保証付 メールですぐに受け取り可能 ご購入日より90日以内に要開通""], ""seller"": [""イモトのeSIM クーポン""], ""review_count"": [""search_result: 1""], ""seller_badge"": [""search_result: Good seller""]}"
qoo10_jp,hk,香港eSIM マカオeSIM 安心の日本企業 5日間 無制限 低速なし 日本人スタッフによるLINEサポート(お急ぎの方相談可) 最短即日発行 有効期限90日 パスポート番号不要 データ通信専用,1260,9,Power seller,11,,,,5일,5일,90일,local,unknown,,,"{""cmhk"": null, ""csl"": null, ""smartone"": null, ""three_hk"": null}","{""skt"": null, ""kt"": null, ""lgu"": null}",unlimited,https://www.qoo10.jp/item/%e9%a6%99%e6%b8%afESIM-%e3%83%9e%e3%82%ab%e3%82%aaESIM-%e5%ae%89%e5%bf%83%e3%81%ae%e6%97%a5%e6%9c%ac%e4%bc%81%e6%a5%ad-5%e6%97%a5%e9%96%93-%e7%84%a1%e5%88%b6%e9%99%90-%e4%bd%8e%e9%80%9f%e3%81%aa%e3%81%97-%e6%97%a5%e6%9c%ac%e4%ba%ba%e3%82%b9%e3%82%bf%e3%83%83%e3%83%95%e3%81%ab%e3%82%88%e3%82%8bLINE%e3%82%b5%e3%83%9d%e3%83%bc%e3%83%88-%e3%81%8a%e6%80%a5%e3%81%8e%e3%81%ae%e6%96%b9%e7%9b%b8%e8%ab%87%e5%8f%af/1117854536,,1117854536,いーしむさん,,"{""title"": [""香港eSIM マカオeSIM 安心の日本企業 5日間 無制限 低速なし 日本人スタッフによるLINEサポート(お急ぎの方相談可) 最短即日発行 有効期限90日 パスポート番号不要 データ通信専用""], ""price_jpy"": [""販売価格 1,260円""], ""usage_validity"": [""香港eSIM マカオeSIM 安心の日本企業 5日間 無制限 低速なし 日本人スタッフによるLINEサポート(お急ぎの方相談可) 最短即日発行 有効期限90日 パスポート番号不要 データ通信専用""], ""activation_validity"": [""香港eSIM マカオeSIM 安心の日本企業 5日間 無制限 低速なし 日本人スタッフによるLINEサポート(お急ぎの方相談可) 最短即日発行 有効期限90日 パスポート番号不要 データ通信専用""], ""data_amount"": [""香港eSIM マカオeSIM 安心の日本企業 5日間 無制限 低速なし 日本人スタッフによるLINEサポート(お急ぎの方相談可) 最短即日発行 有効期限90日 パスポート番号不要 データ通信専用""], ""network_type"": [""qoo10_local_signal: 【SKTelecoｍ公式認証】韓国eSIM 3日間(72時間) 電話番号付き 超高速データ無制限 最初の5分発信無料(韓国国内) LINE即日発行 ご購入日より120日以内 韓国SIM 1,980円 1,620円 4.9 (37,975) 1,296 円 メガ割時""], ""network_generation"": [""no_lte_4g_or_5g_keyword_matched""], ""seller"": [""いーしむさん""], ""review_count"": [""search_result: 9""], ""seller_badge"": [""search_result: Power seller""]}"
qoo10_jp,hk,【共通して用 中国/香港/マカオ】 eSIM 正規eSIM 超高速3-10日間 データ無制限 無制限 QRコードで eSIM 3日間 eSIM 5日間 eSIM 7日間 eSIM,1080,2,Power seller,12,,,,3일,3일,3일,local,unknown,,,"{""cmhk"": null, ""csl"": null, ""smartone"": null, ""three_hk"": null}","{""skt"": null, ""kt"": null, ""lgu"": null}",unlimited,https://www.qoo10.jp/item/%e5%85%b1%e9%80%9a%e3%81%97%e3%81%a6%e7%94%a8-%e4%b8%ad%e5%9b%bd-%e9%a6%99%e6%b8%af-%e3%83%9e%e3%82%ab%e3%82%aa-ESIM-%e6%ad%a3%e8%a6%8fESIM-%e8%b6%85%e9%ab%98%e9%80%9f3-10%e6%97%a5%e9%96%93-%e3%83%87%e3%83%bc%e3%82%bf%e7%84%a1%e5%88%b6%e9%99%90-%e7%84%a1%e5%88%b6%e9%99%90-QR%e3%82%b3%e3%83%bc%e3%83%89%e3%81%a7-ESIM/1190348510,,1190348510,正規eSIM 即時対応 100万枚突破 ...,,"{""title"": [""【共通して用 中国/香港/マカオ】 eSIM 正規eSIM 超高速3-10日間 データ無制限 無制限 QRコードで eSIM 3日間 eSIM 5日間 eSIM 7日間 eSIM""], ""price_jpy"": [""販売価格 1,080円""], ""usage_validity"": [""【共通して用 中国/香港/マカオ】 eSIM 正規eSIM 超高速3-10日間 データ無制限 無制限 QRコードで eSIM 3日間 eSIM 5日間 eSIM 7日間 eSIM""], ""activation_validity"": [""【フィリピンeSIM】3日間(72時間) データ通信無制限 オンラインサービスにて即日送信(LINE相談受付中) 有効期限 / ご購入日より90日以内 フィリピンSIM セブ島 1,550円 4.6 (25) 1,240 円 メガ割時""], ""data_amount"": [""【共通して用 中国/香港/マカオ】 eSIM 正規eSIM 超高速3-10日間 データ無制限 無制限 QRコードで eSIM 3日間 eSIM 5日間 eSIM 7日間 eSIM""], ""network_type"": [""qoo10_local_signal: 【SKTelecoｍ公式認証】韓国eSIM 3日間(72時間) 電話番号付き 超高速データ無制限 最初の5分発信無料(韓国国内) LINE即日発行 ご購入日より120日以内 韓国SIM 1,980円 1,620円 4.9 (37,975) 1,296 円 メガ割時""], ""network_generation"": [""no_lte_4g_or_5g_keyword_matched""], ""seller"": [""正規eSIM 即時対応 100万枚突破 ...""], ""review_count"": [""search_result: 2""], ""seller_badge"": [""search_result: Power seller""]}"
qoo10_jp,hk,中国・香港・マカオeSIM 5G対応 データ無制限 10日間（240時間） あんしん通信保証付 メールですぐに受け取り可能 ご購入日より90日以内に要開通,3780,,Good seller,13,,,,10일,10일,10일,local,5g_capable,,,"{""cmhk"": null, ""csl"": null, ""smartone"": null, ""three_hk"": null}","{""skt"": null, ""kt"": null, ""lgu"": null}",unlimited,https://www.qoo10.jp/item/%e3%82%a4%e3%83%a2%e3%83%88%e3%81%aeESIM-%e4%b8%ad%e5%9b%bd%e3%83%bb%e9%a6%99%e6%b8%af%e3%83%bb%e3%83%9e%e3%82%ab%e3%82%aaESIM-5G%e5%af%be%e5%bf%9c-%e3%83%87%e3%83%bc%e3%82%bf%e7%84%a1%e5%88%b6%e9%99%90-10%e6%97%a5%e9%96%93%ef%bc%88240%e6%99%82%e9%96%93%ef%bc%89-%e3%81%82%e3%82%93%e3%81%97%e3%82%93%e9%80%9a%e4%bf%a1%e4%bf%9d%e8%a8%bc%e4%bb%98-%e3%83%a1%e3%83%bc%e3%83%ab%e3%81%a7%e3%81%99%e3%81%90%e3%81%ab%e5%8f%97%e3%81%91%e5%8f%96%e3%82%8a%e5%8f%af%e8%83%bd/1214238666,,1214238666,イモトのeSIM クーポン,,"{""title"": [""中国・香港・マカオeSIM 5G対応 データ無制限 10日間（240時間） あんしん通信保証付 メールですぐに受け取り可能 ご購入日より90日以内に要開通""], ""price_jpy"": [""販売価格 3,780円""], ""usage_validity"": [""中国・香港・マカオeSIM 5G対応 データ無制限 10日間（240時間） あんしん通信保証付 メールですぐに受け取り可能 ご購入日より90日以内に要開通""], ""activation_validity"": [""中国・香港・マカオeSIM 5G対応 データ無制限 10日間（240時間） あんしん通信保証付 メールですぐに受け取り可能 ご購入日より90日以内に要開通""], ""data_amount"": [""中国・香港・マカオeSIM 5G対応 データ無制限 10日間（240時間） あんしん通信保証付 メールですぐに受け取り可能 ご購入日より90日以内に要開通""], ""network_type"": [""qoo10_local_signal: 【SKTelecoｍ公式認証】韓国eSIM 3日間(72時間) 電話番号付き 超高速データ無制限 最初の5分発信無料(韓国国内) LINE即日発行 ご購入日より120日以内 韓国SIM 1,980円 1,620円 4.9 (37,975) 1,296 円 メガ割時""], ""network_generation"": [""title_5g: source:title: 中国・香港・マカオeSIM 5G対応 データ無制限 10日間（240時間） あんしん通信保証付 メールですぐに受け取り可能 ご購入日より90日以内に要開通""], ""seller"": [""イモトのeSIM クーポン""], ""seller_badge"": [""search_result: Good seller""]}"
qoo10_jp,hk,中国・香港・マカオeSIM 5G対応 データ無制限 15日間（360時間）あんしん通信保証付 メールですぐに受け取り可能 ご購入日より90日以内に要開通,5180,,Good seller,14,,,,15일,15일,15일,local,5g_capable,,,"{""cmhk"": null, ""csl"": null, ""smartone"": null, ""three_hk"": null}","{""skt"": null, ""kt"": null, ""lgu"": null}",unlimited,https://www.qoo10.jp/item/%e3%82%a4%e3%83%a2%e3%83%88%e3%81%aeESIM-%e4%b8%ad%e5%9b%bd%e3%83%bb%e9%a6%99%e6%b8%af%e3%83%bb%e3%83%9e%e3%82%ab%e3%82%aaESIM-5G%e5%af%be%e5%bf%9c-%e3%83%87%e3%83%bc%e3%82%bf%e7%84%a1%e5%88%b6%e9%99%90-15%e6%97%a5%e9%96%93%ef%bc%88360%e6%99%82%e9%96%93%ef%bc%89%e3%81%82%e3%82%93%e3%81%97%e3%82%93%e9%80%9a%e4%bf%a1%e4%bf%9d%e8%a8%bc%e4%bb%98-%e3%83%a1%e3%83%bc%e3%83%ab%e3%81%a7%e3%81%99%e3%81%90%e3%81%ab%e5%8f%97%e3%81%91%e5%8f%96%e3%82%8a%e5%8f%af%e8%83%bd/1214240170,,1214240170,イモトのeSIM クーポン,,"{""title"": [""中国・香港・マカオeSIM 5G対応 データ無制限 15日間（360時間）あんしん通信保証付 メールですぐに受け取り可能 ご購入日より90日以内に要開通""], ""price_jpy"": [""販売価格 5,180円""], ""usage_validity"": [""中国・香港・マカオeSIM 5G対応 データ無制限 15日間（360時間）あんしん通信保証付 メールですぐに受け取り可能 ご購入日より90日以内に要開通""], ""activation_validity"": [""中国・香港・マカオeSIM 5G対応 データ無制限 15日間（360時間）あんしん通信保証付 メールですぐに受け取り可能 ご購入日より90日以内に要開通""], ""data_amount"": [""中国・香港・マカオeSIM 5G対応 データ無制限 15日間（360時間）あんしん通信保証付 メールですぐに受け取り可能 ご購入日より90日以内に要開通""], ""network_type"": [""qoo10_local_signal: 【SKTelecoｍ公式認証】韓国eSIM 3日間(72時間) 電話番号付き 超高速データ無制限 最初の5分発信無料(韓国国内) LINE即日発行 ご購入日より120日以内 韓国SIM 1,980円 1,620円 4.9 (37,975) 1,296 円 メガ割時""], ""network_generation"": [""title_5g: source:title: 中国・香港・マカオeSIM 5G対応 データ無制限 15日間（360時間）あんしん通信保証付 メールですぐに受け取り可能 ご購入日より90日以内に要開通""], ""seller"": [""イモトのeSIM クーポン""], ""seller_badge"": [""search_result: Good seller""]}"
qoo10_jp,hk,中国・香港・マカオeSIM 5G対応 データ無制限 30日間（720時間） あんしん通信保証付 メールですぐに受け取り可能 ご購入日より90日以内に要開通,9800,,Good seller,15,,,,30일,30일,30일,local,5g_capable,,,"{""cmhk"": null, ""csl"": null, ""smartone"": null, ""three_hk"": null}","{""skt"": null, ""kt"": null, ""lgu"": null}",unlimited,https://www.qoo10.jp/item/%e3%82%a4%e3%83%a2%e3%83%88%e3%81%aeESIM-%e4%b8%ad%e5%9b%bd%e3%83%bb%e9%a6%99%e6%b8%af%e3%83%bb%e3%83%9e%e3%82%ab%e3%82%aaESIM-5G%e5%af%be%e5%bf%9c-%e3%83%87%e3%83%bc%e3%82%bf%e7%84%a1%e5%88%b6%e9%99%90-30%e6%97%a5%e9%96%93%ef%bc%88720%e6%99%82%e9%96%93%ef%bc%89-%e3%81%82%e3%82%93%e3%81%97%e3%82%93%e9%80%9a%e4%bf%a1%e4%bf%9d%e8%a8%bc%e4%bb%98-%e3%83%a1%e3%83%bc%e3%83%ab%e3%81%a7%e3%81%99%e3%81%90%e3%81%ab%e5%8f%97%e3%81%91%e5%8f%96%e3%82%8a%e5%8f%af%e8%83%bd/1214240482,,1214240482,イモトのeSIM クーポン,,"{""title"": [""中国・香港・マカオeSIM 5G対応 データ無制限 30日間（720時間） あんしん通信保証付 メールですぐに受け取り可能 ご購入日より90日以内に要開通""], ""price_jpy"": [""販売価格 9,800円""], ""usage_validity"": [""中国・香港・マカオeSIM 5G対応 データ無制限 30日間（720時間） あんしん通信保証付 メールですぐに受け取り可能 ご購入日より90日以内に要開通""], ""activation_validity"": [""中国・香港・マカオeSIM 5G対応 データ無制限 30日間（720時間） あんしん通信保証付 メールですぐに受け取り可能 ご購入日より90日以内に要開通""], ""data_amount"": [""中国・香港・マカオeSIM 5G対応 データ無制限 30日間（720時間） あんしん通信保証付 メールですぐに受け取り可能 ご購入日より90日以内に要開通""], ""network_type"": [""qoo10_local_signal: 【SKTelecoｍ公式認証】韓国eSIM 3日間(72時間) 電話番号付き 超高速データ無制限 最初の5分発信無料(韓国国内) LINE即日発行 ご購入日より120日以内 韓国SIM 1,980円 1,620円 4.9 (37,975) 1,296 円 メガ割時""], ""network_generation"": [""title_5g: source:title: 中国・香港・マカオeSIM 5G対応 データ無制限 30日間（720時間） あんしん通信保証付 メールですぐに受け取り可能 ご購入日より90日以内に要開通""], ""seller"": [""イモトのeSIM クーポン""], ""seller_badge"": [""search_result: Good seller""]}"
qoo10_jp,hk,中国・香港・マカオeSIM 5G対応 データ無制限 20日間（480時間） あんしん通信保証付 メールですぐに受け取り可能 ご購入日より90日以内に要開通,6600,,Good seller,16,,,,20일,20일,20일,local,5g_capable,,,"{""cmhk"": null, ""csl"": null, ""smartone"": null, ""three_hk"": null}","{""skt"": null, ""kt"": null, ""lgu"": null}",unlimited,https://www.qoo10.jp/item/%e3%82%a4%e3%83%a2%e3%83%88%e3%81%aeESIM-%e4%b8%ad%e5%9b%bd%e3%83%bb%e9%a6%99%e6%b8%af%e3%83%bb%e3%83%9e%e3%82%ab%e3%82%aaESIM-5G%e5%af%be%e5%bf%9c-%e3%83%87%e3%83%bc%e3%82%bf%e7%84%a1%e5%88%b6%e9%99%90-20%e6%97%a5%e9%96%93%ef%bc%88480%e6%99%82%e9%96%93%ef%bc%89-%e3%81%82%e3%82%93%e3%81%97%e3%82%93%e9%80%9a%e4%bf%a1%e4%bf%9d%e8%a8%bc%e4%bb%98-%e3%83%a1%e3%83%bc%e3%83%ab%e3%81%a7%e3%81%99%e3%81%90%e3%81%ab%e5%8f%97%e3%81%91%e5%8f%96%e3%82%8a%e5%8f%af%e8%83%bd/1214240218,,1214240218,イモトのeSIM クーポン,,"{""title"": [""中国・香港・マカオeSIM 5G対応 データ無制限 20日間（480時間） あんしん通信保証付 メールですぐに受け取り可能 ご購入日より90日以内に要開通""], ""price_jpy"": [""販売価格 6,600円""], ""usage_validity"": [""中国・香港・マカオeSIM 5G対応 データ無制限 20日間（480時間） あんしん通信保証付 メールですぐに受け取り可能 ご購入日より90日以内に要開通""], ""activation_validity"": [""中国・香港・マカオeSIM 5G対応 データ無制限 20日間（480時間） あんしん通信保証付 メールですぐに受け取り可能 ご購入日より90日以内に要開通""], ""data_amount"": [""中国・香港・マカオeSIM 5G対応 データ無制限 20日間（480時間） あんしん通信保証付 メールですぐに受け取り可能 ご購入日より90日以内に要開通""], ""network_type"": [""qoo10_local_signal: 【SKTelecoｍ公式認証】韓国eSIM 3日間(72時間) 電話番号付き 超高速データ無制限 最初の5分発信無料(韓国国内) LINE即日発行 ご購入日より120日以内 韓国SIM 1,980円 1,620円 4.9 (37,975) 1,296 円 メガ割時""], ""network_generation"": [""title_5g: source:title: 中国・香港・マカオeSIM 5G対応 データ無制限 20日間（480時間） あんしん通信保証付 メールですぐに受け取り可能 ご購入日より90日以内に要開通""], ""seller"": [""イモトのeSIM クーポン""], ""seller_badge"": [""search_result: Good seller""]}"
qoo10_jp,hk,中国・香港・マカオeSIM 5G対応 データ無制限 8日間（192時間） あんしん通信保証付 メールですぐに受け取り可能 ご購入日より90日以内に要開通,3080,,Good seller,17,,,,8일,8일,8일,local,5g_capable,,,"{""cmhk"": null, ""csl"": null, ""smartone"": null, ""three_hk"": null}","{""skt"": null, ""kt"": null, ""lgu"": null}",unlimited,https://www.qoo10.jp/item/%e3%82%a4%e3%83%a2%e3%83%88%e3%81%aeESIM-%e4%b8%ad%e5%9b%bd%e3%83%bb%e9%a6%99%e6%b8%af%e3%83%bb%e3%83%9e%e3%82%ab%e3%82%aaESIM-5G%e5%af%be%e5%bf%9c-%e3%83%87%e3%83%bc%e3%82%bf%e7%84%a1%e5%88%b6%e9%99%90-8%e6%97%a5%e9%96%93%ef%bc%88192%e6%99%82%e9%96%93%ef%bc%89-%e3%81%82%e3%82%93%e3%81%97%e3%82%93%e9%80%9a%e4%bf%a1%e4%bf%9d%e8%a8%bc%e4%bb%98-%e3%83%a1%e3%83%bc%e3%83%ab%e3%81%a7%e3%81%99%e3%81%90%e3%81%ab%e5%8f%97%e3%81%91%e5%8f%96%e3%82%8a%e5%8f%af%e8%83%bd/1214238527,,1214238527,イモトのeSIM クーポン,,"{""title"": [""中国・香港・マカオeSIM 5G対応 データ無制限 8日間（192時間） あんしん通信保証付 メールですぐに受け取り可能 ご購入日より90日以内に要開通""], ""price_jpy"": [""販売価格 3,080円""], ""usage_validity"": [""中国・香港・マカオeSIM 5G対応 データ無制限 8日間（192時間） あんしん通信保証付 メールですぐに受け取り可能 ご購入日より90日以内に要開通""], ""activation_validity"": [""中国・香港・マカオeSIM 5G対応 データ無制限 8日間（192時間） あんしん通信保証付 メールですぐに受け取り可能 ご購入日より90日以内に要開通""], ""data_amount"": [""中国・香港・マカオeSIM 5G対応 データ無制限 8日間（192時間） あんしん通信保証付 メールですぐに受け取り可能 ご購入日より90日以内に要開通""], ""network_type"": [""qoo10_local_signal: 【SKTelecoｍ公式認証】韓国eSIM 3日間(72時間) 電話番号付き 超高速データ無制限 最初の5分発信無料(韓国国内) LINE即日発行 ご購入日より120日以内 韓国SIM 1,980円 1,620円 4.9 (37,975) 1,296 円 メガ割時""], ""network_generation"": [""title_5g: source:title: 中国・香港・マカオeSIM 5G対応 データ無制限 8日間（192時間） あんしん通信保証付 メールですぐに受け取り可能 ご購入日より90日以内に要開通""], ""seller"": [""イモトのeSIM クーポン""], ""seller_badge"": [""search_result: Good seller""]}"
qoo10_jp,hk,中国・香港・マカオeSIM 5G対応 データ無制限 7日間（168時間） あんしん通信保証付 メールですぐに受け取り可能 ご購入日より90日以内に要開通,2680,1,Good seller,18,,,,7일,7일,7일,local,5g_capable,,,"{""cmhk"": null, ""csl"": null, ""smartone"": null, ""three_hk"": null}","{""skt"": null, ""kt"": null, ""lgu"": null}",unlimited,https://www.qoo10.jp/item/%e3%82%a4%e3%83%a2%e3%83%88%e3%81%aeESIM-%e4%b8%ad%e5%9b%bd%e3%83%bb%e9%a6%99%e6%b8%af%e3%83%bb%e3%83%9e%e3%82%ab%e3%82%aaESIM-5G%e5%af%be%e5%bf%9c-%e3%83%87%e3%83%bc%e3%82%bf%e7%84%a1%e5%88%b6%e9%99%90-7%e6%97%a5%e9%96%93%ef%bc%88168%e6%99%82%e9%96%93%ef%bc%89-%e3%81%82%e3%82%93%e3%81%97%e3%82%93%e9%80%9a%e4%bf%a1%e4%bf%9d%e8%a8%bc%e4%bb%98-%e3%83%a1%e3%83%bc%e3%83%ab%e3%81%a7%e3%81%99%e3%81%90%e3%81%ab%e5%8f%97%e3%81%91%e5%8f%96%e3%82%8a%e5%8f%af%e8%83%bd/1214237949,,1214237949,イモトのeSIM クーポン,,"{""title"": [""中国・香港・マカオeSIM 5G対応 データ無制限 7日間（168時間） あんしん通信保証付 メールですぐに受け取り可能 ご購入日より90日以内に要開通""], ""price_jpy"": [""販売価格 2,680円""], ""usage_validity"": [""中国・香港・マカオeSIM 5G対応 データ無制限 7日間（168時間） あんしん通信保証付 メールですぐに受け取り可能 ご購入日より90日以内に要開通""], ""activation_validity"": [""中国・香港・マカオeSIM 5G対応 データ無制限 7日間（168時間） あんしん通信保証付 メールですぐに受け取り可能 ご購入日より90日以内に要開通""], ""data_amount"": [""中国・香港・マカオeSIM 5G対応 データ無制限 7日間（168時間） あんしん通信保証付 メールですぐに受け取り可能 ご購入日より90日以内に要開通""], ""network_type"": [""qoo10_local_signal: 【SKTelecoｍ公式認証】韓国eSIM 3日間(72時間) 電話番号付き 超高速データ無制限 最初の5分発信無料(韓国国内) LINE即日発行 ご購入日より120日以内 韓国SIM 1,980円 1,620円 4.9 (37,975) 1,296 円 メガ割時""], ""network_generation"": [""title_5g: source:title: 中国・香港・マカオeSIM 5G対応 データ無制限 7日間（168時間） あんしん通信保証付 メールですぐに受け取り可能 ご購入日より90日以内に要開通""], ""seller"": [""イモトのeSIM クーポン""], ""review_count"": [""search_result: 1""], ""seller_badge"": [""search_result: Good seller""]}"
qoo10_jp,hk,中国・香港・マカオeSIM 5G対応 データ無制限 2日間（48時間） あんしん通信保証付 メールですぐに受け取り可能 ご購入日より90日以内に要開通,1280,,Good seller,20,,,,2일,2일,2일,local,5g_capable,,,"{""cmhk"": null, ""csl"": null, ""smartone"": null, ""three_hk"": null}","{""skt"": null, ""kt"": null, ""lgu"": null}",unlimited,https://www.qoo10.jp/item/%e3%82%a4%e3%83%a2%e3%83%88%e3%81%aeESIM-%e4%b8%ad%e5%9b%bd%e3%83%bb%e9%a6%99%e6%b8%af%e3%83%bb%e3%83%9e%e3%82%ab%e3%82%aaESIM-5G%e5%af%be%e5%bf%9c-%e3%83%87%e3%83%bc%e3%82%bf%e7%84%a1%e5%88%b6%e9%99%90-2%e6%97%a5%e9%96%93%ef%bc%8848%e6%99%82%e9%96%93%ef%bc%89-%e3%81%82%e3%82%93%e3%81%97%e3%82%93%e9%80%9a%e4%bf%a1%e4%bf%9d%e8%a8%bc%e4%bb%98-%e3%83%a1%e3%83%bc%e3%83%ab%e3%81%a7%e3%81%99%e3%81%90%e3%81%ab%e5%8f%97%e3%81%91%e5%8f%96%e3%82%8a%e5%8f%af%e8%83%bd-%e3%81%94%e8%b3%bc%e5%85%a5%e6%97%a5%e3%82%88%e3%82%8a90%e6%97%a5%e4%bb%a5/1213612675,,1213612675,イモトのeSIM クーポン,,"{""title"": [""中国・香港・マカオeSIM 5G対応 データ無制限 2日間（48時間） あんしん通信保証付 メールですぐに受け取り可能 ご購入日より90日以内に要開通""], ""price_jpy"": [""販売価格 1,280円""], ""usage_validity"": [""中国・香港・マカオeSIM 5G対応 データ無制限 2日間（48時間） あんしん通信保証付 メールですぐに受け取り可能 ご購入日より90日以内に要開通""], ""activation_validity"": [""中国・香港・マカオeSIM 5G対応 データ無制限 2日間（48時間） あんしん通信保証付 メールですぐに受け取り可能 ご購入日より90日以内に要開通""], ""data_amount"": [""中国・香港・マカオeSIM 5G対応 データ無制限 2日間（48時間） あんしん通信保証付 メールですぐに受け取り可能 ご購入日より90日以内に要開通""], ""network_type"": [""qoo10_local_signal: 【SKTelecoｍ公式認証】韓国eSIM 3日間(72時間) 電話番号付き 超高速データ無制限 最初の5分発信無料(韓国国内) LINE即日発行 ご購入日より120日以内 韓国SIM 1,980円 1,620円 4.9 (37,975) 1,296 円 メガ割時""], ""network_generation"": [""title_5g: source:title: 中国・香港・マカオeSIM 5G対応 データ無制限 2日間（48時間） あんしん通信保証付 メールですぐに受け取り可能 ご購入日より90日以内に要開通""], ""seller"": [""イモトのeSIM クーポン""], ""seller_badge"": [""search_result: Good seller""]}"
qoo10_jp,hk,【香港・マカオeSIM】30日間 完全無制限 高速データ通信 データ使い放題 低速なし プリペイド イーシム テザリング 最短3分QRコード発行 即日発行 簡単設定 香港マカオ周遊 旅行 出張 留学,9680,,General seller,21,,,,3일,3일,30일,local,unknown,,,"{""cmhk"": null, ""csl"": null, ""smartone"": null, ""three_hk"": null}","{""skt"": null, ""kt"": null, ""lgu"": null}",unlimited,https://www.qoo10.jp/item/%e3%82%a4%e3%83%b3%e3%82%b9%e3%82%bf%e3%83%b3%e3%83%88SIM-%e9%a6%99%e6%b8%af%e3%83%bb%e3%83%9e%e3%82%ab%e3%82%aaESIM-30%e6%97%a5%e9%96%93-%e5%ae%8c%e5%85%a8%e7%84%a1%e5%88%b6%e9%99%90-%e9%ab%98%e9%80%9f%e3%83%87%e3%83%bc%e3%82%bf%e9%80%9a%e4%bf%a1-%e3%83%87%e3%83%bc%e3%82%bf%e4%bd%bf%e3%81%84%e6%94%be%e9%a1%8c-%e4%bd%8e%e9%80%9f%e3%81%aa%e3%81%97-%e3%83%97%e3%83%aa%e3%83%9a%e3%82%a4%e3%83%89-%e3%82%a4%e3%83%bc%e3%82%b7%e3%83%a0-%e3%83%86%e3%82%b6%e3%83%aa%e3%83%b3%e3%82%b0/1214765953,,1214765953,インスタントSIM,,"{""title"": [""【香港・マカオeSIM】30日間 完全無制限 高速データ通信 データ使い放題 低速なし プリペイド イーシム テザリング 最短3分QRコード発行 即日発行 簡単設定 香港マカオ周遊 旅行 出張 留学""], ""price_jpy"": [""販売価格 9,680円""], ""usage_validity"": [""【フィリピンeSIM】3日間(72時間) データ通信無制限 オンラインサービスにて即日送信(LINE相談受付中) 有効期限 / ご購入日より90日以内 フィリピンSIM セブ島 1,550円 4.6 (25) 1,240 円 メガ割時""], ""activation_validity"": [""【香港・マカオeSIM】30日間 完全無制限 高速データ通信 データ使い放題 低速なし プリペイド イーシム テザリング 最短3分QRコード発行 即日発行 簡単設定 香港マカオ周遊 旅行 出張 留学""], ""data_amount"": [""【香港・マカオeSIM】30日間 完全無制限 高速データ通信 データ使い放題 低速なし プリペイド イーシム テザリング 最短3分QRコード発行 即日発行 簡単設定 香港マカオ周遊 旅行 出張 留学""], ""network_type"": [""qoo10_local_signal: 【SKTelecoｍ公式認証】韓国eSIM 3日間(72時間) 電話番号付き 超高速データ無制限 最初の5分発信無料(韓国国内) LINE即日発行 ご購入日より120日以内 韓国SIM 1,980円 1,620円 4.9 (37,975) 1,296 円 メガ割時""], ""network_generation"": [""no_lte_4g_or_5g_keyword_matched""], ""seller"": [""インスタントSIM""], ""seller_badge"": [""search_result: General seller""]}"
qoo10_jp,hk,【香港・マカオeSIM】20日間 完全無制限 高速データ通信 データ使い放題 低速なし プリペイド イーシム テザリング 最短3分QRコード発行 即日発行 簡単設定 香港マカオ周遊 旅行 出張 留学,6980,,General seller,22,,,,3일,3일,20일,local,unknown,,,"{""cmhk"": null, ""csl"": null, ""smartone"": null, ""three_hk"": null}","{""skt"": null, ""kt"": null, ""lgu"": null}",unlimited,https://www.qoo10.jp/item/%e3%82%a4%e3%83%b3%e3%82%b9%e3%82%bf%e3%83%b3%e3%83%88SIM-%e9%a6%99%e6%b8%af%e3%83%bb%e3%83%9e%e3%82%ab%e3%82%aaESIM-20%e6%97%a5%e9%96%93-%e5%ae%8c%e5%85%a8%e7%84%a1%e5%88%b6%e9%99%90-%e9%ab%98%e9%80%9f%e3%83%87%e3%83%bc%e3%82%bf%e9%80%9a%e4%bf%a1-%e3%83%87%e3%83%bc%e3%82%bf%e4%bd%bf%e3%81%84%e6%94%be%e9%a1%8c-%e4%bd%8e%e9%80%9f%e3%81%aa%e3%81%97-%e3%83%97%e3%83%aa%e3%83%9a%e3%82%a4%e3%83%89-%e3%82%a4%e3%83%bc%e3%82%b7%e3%83%a0-%e3%83%86%e3%82%b6%e3%83%aa%e3%83%b3%e3%82%b0/1214765362,,1214765362,インスタントSIM,,"{""title"": [""【香港・マカオeSIM】20日間 完全無制限 高速データ通信 データ使い放題 低速なし プリペイド イーシム テザリング 最短3分QRコード発行 即日発行 簡単設定 香港マカオ周遊 旅行 出張 留学""], ""price_jpy"": [""販売価格 6,980円""], ""usage_validity"": [""【フィリピンeSIM】3日間(72時間) データ通信無制限 オンラインサービスにて即日送信(LINE相談受付中) 有効期限 / ご購入日より90日以内 フィリピンSIM セブ島 1,550円 4.6 (25) 1,240 円 メガ割時""], ""activation_validity"": [""【香港・マカオeSIM】20日間 完全無制限 高速データ通信 データ使い放題 低速なし プリペイド イーシム テザリング 最短3分QRコード発行 即日発行 簡単設定 香港マカオ周遊 旅行 出張 留学""], ""data_amount"": [""【香港・マカオeSIM】20日間 完全無制限 高速データ通信 データ使い放題 低速なし プリペイド イーシム テザリング 最短3分QRコード発行 即日発行 簡単設定 香港マカオ周遊 旅行 出張 留学""], ""network_type"": [""qoo10_local_signal: 【SKTelecoｍ公式認証】韓国eSIM 3日間(72時間) 電話番号付き 超高速データ無制限 最初の5分発信無料(韓国国内) LINE即日発行 ご購入日より120日以内 韓国SIM 1,980円 1,620円 4.9 (37,975) 1,296 円 メガ割時""], ""network_generation"": [""no_lte_4g_or_5g_keyword_matched""], ""seller"": [""インスタントSIM""], ""seller_badge"": [""search_result: General seller""]}"
qoo10_jp,hk,【香港・マカオeSIM】15日間 完全無制限 高速データ通信 データ使い放題 低速なし プリペイド イーシム テザリング 最短3分QRコード発行 即日発行 簡単設定 香港マカオ周遊 旅行 出張 留学,5680,,General seller,23,,,,3일,3일,15일,local,unknown,,,"{""cmhk"": null, ""csl"": null, ""smartone"": null, ""three_hk"": null}","{""skt"": null, ""kt"": null, ""lgu"": null}",unlimited,https://www.qoo10.jp/item/%e3%82%a4%e3%83%b3%e3%82%b9%e3%82%bf%e3%83%b3%e3%83%88SIM-%e9%a6%99%e6%b8%af%e3%83%bb%e3%83%9e%e3%82%ab%e3%82%aaESIM-15%e6%97%a5%e9%96%93-%e5%ae%8c%e5%85%a8%e7%84%a1%e5%88%b6%e9%99%90-%e9%ab%98%e9%80%9f%e3%83%87%e3%83%bc%e3%82%bf%e9%80%9a%e4%bf%a1-%e3%83%87%e3%83%bc%e3%82%bf%e4%bd%bf%e3%81%84%e6%94%be%e9%a1%8c-%e4%bd%8e%e9%80%9f%e3%81%aa%e3%81%97-%e3%83%97%e3%83%aa%e3%83%9a%e3%82%a4%e3%83%89-%e3%82%a4%e3%83%bc%e3%82%b7%e3%83%a0-%e3%83%86%e3%82%b6%e3%83%aa%e3%83%b3%e3%82%b0/1214764637,,1214764637,インスタントSIM,,"{""title"": [""【香港・マカオeSIM】15日間 完全無制限 高速データ通信 データ使い放題 低速なし プリペイド イーシム テザリング 最短3分QRコード発行 即日発行 簡単設定 香港マカオ周遊 旅行 出張 留学""], ""price_jpy"": [""販売価格 5,680円""], ""usage_validity"": [""【フィリピンeSIM】3日間(72時間) データ通信無制限 オンラインサービスにて即日送信(LINE相談受付中) 有効期限 / ご購入日より90日以内 フィリピンSIM セブ島 1,550円 4.6 (25) 1,240 円 メガ割時""], ""activation_validity"": [""【香港・マカオeSIM】15日間 完全無制限 高速データ通信 データ使い放題 低速なし プリペイド イーシム テザリング 最短3分QRコード発行 即日発行 簡単設定 香港マカオ周遊 旅行 出張 留学""], ""data_amount"": [""【香港・マカオeSIM】15日間 完全無制限 高速データ通信 データ使い放題 低速なし プリペイド イーシム テザリング 最短3分QRコード発行 即日発行 簡単設定 香港マカオ周遊 旅行 出張 留学""], ""network_type"": [""qoo10_local_signal: 【SKTelecoｍ公式認証】韓国eSIM 3日間(72時間) 電話番号付き 超高速データ無制限 最初の5分発信無料(韓国国内) LINE即日発行 ご購入日より120日以内 韓国SIM 1,980円 1,620円 4.9 (37,975) 1,296 円 メガ割時""], ""network_generation"": [""no_lte_4g_or_5g_keyword_matched""], ""seller"": [""インスタントSIM""], ""seller_badge"": [""search_result: General seller""]}"
qoo10_jp,hk,【香港・マカオeSIM】10日間 完全無制限 高速データ通信 データ使い放題 低速なし プリペイド イーシム テザリング 最短3分QRコード発行 即日発行 簡単設定 香港マカオ周遊 旅行 出張 留学,3980,,General seller,24,,,,3일,3일,10일,local,unknown,,,"{""cmhk"": null, ""csl"": null, ""smartone"": null, ""three_hk"": null}","{""skt"": null, ""kt"": null, ""lgu"": null}",unlimited,https://www.qoo10.jp/item/%e3%82%a4%e3%83%b3%e3%82%b9%e3%82%bf%e3%83%b3%e3%83%88SIM-%e9%a6%99%e6%b8%af%e3%83%bb%e3%83%9e%e3%82%ab%e3%82%aaESIM-10%e6%97%a5%e9%96%93-%e5%ae%8c%e5%85%a8%e7%84%a1%e5%88%b6%e9%99%90-%e9%ab%98%e9%80%9f%e3%83%87%e3%83%bc%e3%82%bf%e9%80%9a%e4%bf%a1-%e3%83%87%e3%83%bc%e3%82%bf%e4%bd%bf%e3%81%84%e6%94%be%e9%a1%8c-%e4%bd%8e%e9%80%9f%e3%81%aa%e3%81%97-%e3%83%97%e3%83%aa%e3%83%9a%e3%82%a4%e3%83%89-%e3%82%a4%e3%83%bc%e3%82%b7%e3%83%a0-%e3%83%86%e3%82%b6%e3%83%aa%e3%83%b3%e3%82%b0/1214764314,,1214764314,インスタントSIM,,"{""title"": [""【香港・マカオeSIM】10日間 完全無制限 高速データ通信 データ使い放題 低速なし プリペイド イーシム テザリング 最短3分QRコード発行 即日発行 簡単設定 香港マカオ周遊 旅行 出張 留学""], ""price_jpy"": [""販売価格 3,980円""], ""usage_validity"": [""【フィリピンeSIM】3日間(72時間) データ通信無制限 オンラインサービスにて即日送信(LINE相談受付中) 有効期限 / ご購入日より90日以内 フィリピンSIM セブ島 1,550円 4.6 (25) 1,240 円 メガ割時""], ""activation_validity"": [""【香港・マカオeSIM】10日間 完全無制限 高速データ通信 データ使い放題 低速なし プリペイド イーシム テザリング 最短3分QRコード発行 即日発行 簡単設定 香港マカオ周遊 旅行 出張 留学""], ""data_amount"": [""【香港・マカオeSIM】10日間 完全無制限 高速データ通信 データ使い放題 低速なし プリペイド イーシム テザリング 最短3分QRコード発行 即日発行 簡単設定 香港マカオ周遊 旅行 出張 留学""], ""network_type"": [""qoo10_local_signal: 【SKTelecoｍ公式認証】韓国eSIM 3日間(72時間) 電話番号付き 超高速データ無制限 最初の5分発信無料(韓国国内) LINE即日発行 ご購入日より120日以内 韓国SIM 1,980円 1,620円 4.9 (37,975) 1,296 円 メガ割時""], ""network_generation"": [""no_lte_4g_or_5g_keyword_matched""], ""seller"": [""インスタントSIM""], ""seller_badge"": [""search_result: General seller""]}"
qoo10_jp,hk,【香港・マカオeSIM】7日間 完全無制限 高速データ通信 データ使い放題 低速なし プリペイド イーシム テザリング 最短3分QRコード発行 即日発行 簡単設定 香港マカオ周遊 旅行 出張 留学,3280,,General seller,26,,,,3일,3일,7일,local,unknown,,,"{""cmhk"": null, ""csl"": null, ""smartone"": null, ""three_hk"": null}","{""skt"": null, ""kt"": null, ""lgu"": null}",unlimited,https://www.qoo10.jp/item/%e3%82%a4%e3%83%b3%e3%82%b9%e3%82%bf%e3%83%b3%e3%83%88SIM-%e9%a6%99%e6%b8%af%e3%83%bb%e3%83%9e%e3%82%ab%e3%82%aaESIM-7%e6%97%a5%e9%96%93-%e5%ae%8c%e5%85%a8%e7%84%a1%e5%88%b6%e9%99%90-%e9%ab%98%e9%80%9f%e3%83%87%e3%83%bc%e3%82%bf%e9%80%9a%e4%bf%a1-%e3%83%87%e3%83%bc%e3%82%bf%e4%bd%bf%e3%81%84%e6%94%be%e9%a1%8c-%e4%bd%8e%e9%80%9f%e3%81%aa%e3%81%97-%e3%83%97%e3%83%aa%e3%83%9a%e3%82%a4%e3%83%89-%e3%82%a4%e3%83%bc%e3%82%b7%e3%83%a0-%e3%83%86%e3%82%b6%e3%83%aa%e3%83%b3%e3%82%b0-%e6%9c%80%e7%9f%ad3%e5%88%86QR%e3%82%b3%e3%83%bc%e3%83%89%e7%99%ba%e8%a1%8c/1214747094,,1214747094,インスタントSIM,,"{""title"": [""【香港・マカオeSIM】7日間 完全無制限 高速データ通信 データ使い放題 低速なし プリペイド イーシム テザリング 最短3分QRコード発行 即日発行 簡単設定 香港マカオ周遊 旅行 出張 留学""], ""price_jpy"": [""販売価格 3,280円""], ""usage_validity"": [""【フィリピンeSIM】3日間(72時間) データ通信無制限 オンラインサービスにて即日送信(LINE相談受付中) 有効期限 / ご購入日より90日以内 フィリピンSIM セブ島 1,550円 4.6 (25) 1,240 円 メガ割時""], ""activation_validity"": [""【香港・マカオeSIM】7日間 完全無制限 高速データ通信 データ使い放題 低速なし プリペイド イーシム テザリング 最短3分QRコード発行 即日発行 簡単設定 香港マカオ周遊 旅行 出張 留学""], ""data_amount"": [""【香港・マカオeSIM】7日間 完全無制限 高速データ通信 データ使い放題 低速なし プリペイド イーシム テザリング 最短3分QRコード発行 即日発行 簡単設定 香港マカオ周遊 旅行 出張 留学""], ""network_type"": [""qoo10_local_signal: 【SKTelecoｍ公式認証】韓国eSIM 3日間(72時間) 電話番号付き 超高速データ無制限 最初の5分発信無料(韓国国内) LINE即日発行 ご購入日より120日以内 韓国SIM 1,980円 1,620円 4.9 (37,975) 1,296 円 メガ割時""], ""network_generation"": [""no_lte_4g_or_5g_keyword_matched""], ""seller"": [""インスタントSIM""], ""seller_badge"": [""search_result: General seller""]}"
qoo10_jp,hk,【香港・マカオeSIM】5日間 完全無制限 高速データ通信 データ使い放題 低速なし プリペイド イーシム テザリング 最短3分QRコード発行 即日発行 簡単設定 香港マカオ周遊 旅行 出張 留学,2580,,General seller,27,,,,3일,3일,5일,local,unknown,,,"{""cmhk"": null, ""csl"": null, ""smartone"": null, ""three_hk"": null}","{""skt"": null, ""kt"": null, ""lgu"": null}",unlimited,https://www.qoo10.jp/item/%e3%82%a4%e3%83%b3%e3%82%b9%e3%82%bf%e3%83%b3%e3%83%88SIM-%e9%a6%99%e6%b8%af%e3%83%bb%e3%83%9e%e3%82%ab%e3%82%aaESIM-5%e6%97%a5%e9%96%93-%e5%ae%8c%e5%85%a8%e7%84%a1%e5%88%b6%e9%99%90-%e9%ab%98%e9%80%9f%e3%83%87%e3%83%bc%e3%82%bf%e9%80%9a%e4%bf%a1-%e3%83%87%e3%83%bc%e3%82%bf%e4%bd%bf%e3%81%84%e6%94%be%e9%a1%8c-%e4%bd%8e%e9%80%9f%e3%81%aa%e3%81%97-%e3%83%97%e3%83%aa%e3%83%9a%e3%82%a4%e3%83%89-%e3%82%a4%e3%83%bc%e3%82%b7%e3%83%a0-%e3%83%86%e3%82%b6%e3%83%aa%e3%83%b3%e3%82%b0-%e6%9c%80%e7%9f%ad3%e5%88%86QR%e3%82%b3%e3%83%bc%e3%83%89%e7%99%ba%e8%a1%8c/1214746186,,1214746186,インスタントSIM,,"{""title"": [""【香港・マカオeSIM】5日間 完全無制限 高速データ通信 データ使い放題 低速なし プリペイド イーシム テザリング 最短3分QRコード発行 即日発行 簡単設定 香港マカオ周遊 旅行 出張 留学""], ""price_jpy"": [""販売価格 2,580円""], ""usage_validity"": [""【フィリピンeSIM】3日間(72時間) データ通信無制限 オンラインサービスにて即日送信(LINE相談受付中) 有効期限 / ご購入日より90日以内 フィリピンSIM セブ島 1,550円 4.6 (25) 1,240 円 メガ割時""], ""activation_validity"": [""【香港・マカオeSIM】5日間 完全無制限 高速データ通信 データ使い放題 低速なし プリペイド イーシム テザリング 最短3分QRコード発行 即日発行 簡単設定 香港マカオ周遊 旅行 出張 留学""], ""data_amount"": [""【香港・マカオeSIM】5日間 完全無制限 高速データ通信 データ使い放題 低速なし プリペイド イーシム テザリング 最短3分QRコード発行 即日発行 簡単設定 香港マカオ周遊 旅行 出張 留学""], ""network_type"": [""qoo10_local_signal: 【SKTelecoｍ公式認証】韓国eSIM 3日間(72時間) 電話番号付き 超高速データ無制限 最初の5分発信無料(韓国国内) LINE即日発行 ご購入日より120日以内 韓国SIM 1,980円 1,620円 4.9 (37,975) 1,296 円 メガ割時""], ""network_generation"": [""no_lte_4g_or_5g_keyword_matched""], ""seller"": [""インスタントSIM""], ""seller_badge"": [""search_result: General seller""]}"
qoo10_jp,hk,【香港・マカオeSIM】3日間 完全無制限 高速データ通信 データ使い放題 低速なし プリペイド イーシム テザリング 最短3分QRコード発行 即日発行 簡単設定 香港マカオ周遊 旅行 出張 留学,2080,,General seller,28,,,,3일,3일,3일,local,unknown,,,"{""cmhk"": null, ""csl"": null, ""smartone"": null, ""three_hk"": null}","{""skt"": null, ""kt"": null, ""lgu"": null}",unlimited,https://www.qoo10.jp/item/%e3%82%a4%e3%83%b3%e3%82%b9%e3%82%bf%e3%83%b3%e3%83%88SIM-%e9%a6%99%e6%b8%af%e3%83%bb%e3%83%9e%e3%82%ab%e3%82%aaESIM-3%e6%97%a5%e9%96%93-%e5%ae%8c%e5%85%a8%e7%84%a1%e5%88%b6%e9%99%90-%e9%ab%98%e9%80%9f%e3%83%87%e3%83%bc%e3%82%bf%e9%80%9a%e4%bf%a1-%e3%83%87%e3%83%bc%e3%82%bf%e4%bd%bf%e3%81%84%e6%94%be%e9%a1%8c-%e4%bd%8e%e9%80%9f%e3%81%aa%e3%81%97-%e3%83%97%e3%83%aa%e3%83%9a%e3%82%a4%e3%83%89-%e3%82%a4%e3%83%bc%e3%82%b7%e3%83%a0-%e3%83%86%e3%82%b6%e3%83%aa%e3%83%b3%e3%82%b0-%e6%9c%80%e7%9f%ad3%e5%88%86QR%e3%82%b3%e3%83%bc%e3%83%89%e7%99%ba%e8%a1%8c/1214743144,,1214743144,インスタントSIM,,"{""title"": [""【香港・マカオeSIM】3日間 完全無制限 高速データ通信 データ使い放題 低速なし プリペイド イーシム テザリング 最短3分QRコード発行 即日発行 簡単設定 香港マカオ周遊 旅行 出張 留学""], ""price_jpy"": [""販売価格 2,080円""], ""usage_validity"": [""【香港・マカオeSIM】3日間 完全無制限 高速データ通信 データ使い放題 低速なし プリペイド イーシム テザリング 最短3分QRコード発行 即日発行 簡単設定 香港マカオ周遊 旅行 出張 留学""], ""activation_validity"": [""【フィリピンeSIM】3日間(72時間) データ通信無制限 オンラインサービスにて即日送信(LINE相談受付中) 有効期限 / ご購入日より90日以内 フィリピンSIM セブ島 1,550円 4.6 (25) 1,240 円 メガ割時""], ""data_amount"": [""【香港・マカオeSIM】3日間 完全無制限 高速データ通信 データ使い放題 低速なし プリペイド イーシム テザリング 最短3分QRコード発行 即日発行 簡単設定 香港マカオ周遊 旅行 出張 留学""], ""network_type"": [""qoo10_local_signal: 【SKTelecoｍ公式認証】韓国eSIM 3日間(72時間) 電話番号付き 超高速データ無制限 最初の5分発信無料(韓国国内) LINE即日発行 ご購入日より120日以内 韓国SIM 1,980円 1,620円 4.9 (37,975) 1,296 円 メガ割時""], ""network_generation"": [""no_lte_4g_or_5g_keyword_matched""], ""seller"": [""インスタントSIM""], ""seller_badge"": [""search_result: General seller""]}"
qoo10_jp,hk,【香港・マカオeSIM】2日間 完全無制限 高速データ通信 データ使い放題 低速なし プリペイド イーシム テザリング 最短3分QRコード発行 即日発行 簡単設定 香港マカオ周遊 旅行 出張 留学,1880,,General seller,29,,,,2일,2일,3일,local,unknown,,,"{""cmhk"": null, ""csl"": null, ""smartone"": null, ""three_hk"": null}","{""skt"": null, ""kt"": null, ""lgu"": null}",unlimited,https://www.qoo10.jp/item/%e3%82%a4%e3%83%b3%e3%82%b9%e3%82%bf%e3%83%b3%e3%83%88SIM-%e9%a6%99%e6%b8%af%e3%83%bb%e3%83%9e%e3%82%ab%e3%82%aaESIM-2%e6%97%a5%e9%96%93-%e5%ae%8c%e5%85%a8%e7%84%a1%e5%88%b6%e9%99%90-%e9%ab%98%e9%80%9f%e3%83%87%e3%83%bc%e3%82%bf%e9%80%9a%e4%bf%a1-%e3%83%87%e3%83%bc%e3%82%bf%e4%bd%bf%e3%81%84%e6%94%be%e9%a1%8c-%e4%bd%8e%e9%80%9f%e3%81%aa%e3%81%97-%e3%83%97%e3%83%aa%e3%83%9a%e3%82%a4%e3%83%89-%e3%82%a4%e3%83%bc%e3%82%b7%e3%83%a0-%e3%83%86%e3%82%b6%e3%83%aa%e3%83%b3%e3%82%b0-%e6%9c%80%e7%9f%ad3%e5%88%86QR%e3%82%b3%e3%83%bc%e3%83%89%e7%99%ba%e8%a1%8c/1214735355,,1214735355,インスタントSIM,,"{""title"": [""【香港・マカオeSIM】2日間 完全無制限 高速データ通信 データ使い放題 低速なし プリペイド イーシム テザリング 最短3分QRコード発行 即日発行 簡単設定 香港マカオ周遊 旅行 出張 留学""], ""price_jpy"": [""販売価格 1,880円""], ""usage_validity"": [""【香港・マカオeSIM】2日間 完全無制限 高速データ通信 データ使い放題 低速なし プリペイド イーシム テザリング 最短3分QRコード発行 即日発行 簡単設定 香港マカオ周遊 旅行 出張 留学""], ""activation_validity"": [""【フィリピンeSIM】3日間(72時間) データ通信無制限 オンラインサービスにて即日送信(LINE相談受付中) 有効期限 / ご購入日より90日以内 フィリピンSIM セブ島 1,550円 4.6 (25) 1,240 円 メガ割時""], ""data_amount"": [""【香港・マカオeSIM】2日間 完全無制限 高速データ通信 データ使い放題 低速なし プリペイド イーシム テザリング 最短3分QRコード発行 即日発行 簡単設定 香港マカオ周遊 旅行 出張 留学""], ""network_type"": [""qoo10_local_signal: 【SKTelecoｍ公式認証】韓国eSIM 3日間(72時間) 電話番号付き 超高速データ無制限 最初の5分発信無料(韓国国内) LINE即日発行 ご購入日より120日以内 韓国SIM 1,980円 1,620円 4.9 (37,975) 1,296 円 メガ割時""], ""network_generation"": [""no_lte_4g_or_5g_keyword_matched""], ""seller"": [""インスタントSIM""], ""seller_badge"": [""search_result: General seller""]}"
qoo10_jp,hk,【香港・マカオeSIM】1日間 完全無制限 高速データ通信 データ使い放題 低速なし プリペイド イーシム テザリング 最短3分QRコード発行 即日発行 簡単設定 香港マカオ周遊 旅行 出張 留学,1280,,General seller,30,,,,1일,1일,3일,local,unknown,,,"{""cmhk"": null, ""csl"": null, ""smartone"": null, ""three_hk"": null}","{""skt"": null, ""kt"": null, ""lgu"": null}",unlimited,https://www.qoo10.jp/item/%e3%82%a4%e3%83%b3%e3%82%b9%e3%82%bf%e3%83%b3%e3%83%88SIM-%e9%a6%99%e6%b8%af%e3%83%bb%e3%83%9e%e3%82%ab%e3%82%aaESIM-1%e6%97%a5%e9%96%93-%e5%ae%8c%e5%85%a8%e7%84%a1%e5%88%b6%e9%99%90-%e9%ab%98%e9%80%9f%e3%83%87%e3%83%bc%e3%82%bf%e9%80%9a%e4%bf%a1-%e3%83%87%e3%83%bc%e3%82%bf%e4%bd%bf%e3%81%84%e6%94%be%e9%a1%8c-%e4%bd%8e%e9%80%9f%e3%81%aa%e3%81%97-%e3%83%97%e3%83%aa%e3%83%9a%e3%82%a4%e3%83%89-%e3%82%a4%e3%83%bc%e3%82%b7%e3%83%a0-%e3%83%86%e3%82%b6%e3%83%aa%e3%83%b3%e3%82%b0-%e6%9c%80%e7%9f%ad3%e5%88%86QR%e3%82%b3%e3%83%bc%e3%83%89%e7%99%ba%e8%a1%8c/1214688363,,1214688363,インスタントSIM,,"{""title"": [""【香港・マカオeSIM】1日間 完全無制限 高速データ通信 データ使い放題 低速なし プリペイド イーシム テザリング 最短3分QRコード発行 即日発行 簡単設定 香港マカオ周遊 旅行 出張 留学""], ""price_jpy"": [""販売価格 1,280円""], ""usage_validity"": [""【香港・マカオeSIM】1日間 完全無制限 高速データ通信 データ使い放題 低速なし プリペイド イーシム テザリング 最短3分QRコード発行 即日発行 簡単設定 香港マカオ周遊 旅行 出張 留学""], ""activation_validity"": [""【フィリピンeSIM】3日間(72時間) データ通信無制限 オンラインサービスにて即日送信(LINE相談受付中) 有効期限 / ご購入日より90日以内 フィリピンSIM セブ島 1,550円 4.6 (25) 1,240 円 メガ割時""], ""data_amount"": [""【香港・マカオeSIM】1日間 完全無制限 高速データ通信 データ使い放題 低速なし プリペイド イーシム テザリング 最短3分QRコード発行 即日発行 簡単設定 香港マカオ周遊 旅行 出張 留学""], ""network_type"": [""qoo10_local_signal: 【SKTelecoｍ公式認証】韓国eSIM 3日間(72時間) 電話番号付き 超高速データ無制限 最初の5分発信無料(韓国国内) LINE即日発行 ご購入日より120日以内 韓国SIM 1,980円 1,620円 4.9 (37,975) 1,296 円 メガ割時""], ""network_generation"": [""no_lte_4g_or_5g_keyword_matched""], ""seller"": [""インスタントSIM""], ""seller_badge"": [""search_result: General seller""]}"
qoo10_jp,hk,【香港 eSIM】30日間 完全無制限 高速データ通信 データ使い放題 低速なし プリペイド イーシム テザリング 最短3分QRコード発行 即日発行 簡単設定 香港旅行 出張 留学,9680,,General seller,31,,,,3일,3일,30일,local,unknown,,,"{""cmhk"": null, ""csl"": null, ""smartone"": null, ""three_hk"": null}","{""skt"": null, ""kt"": null, ""lgu"": null}",unlimited,https://www.qoo10.jp/item/%e3%82%a4%e3%83%b3%e3%82%b9%e3%82%bf%e3%83%b3%e3%83%88SIM-%e9%a6%99%e6%b8%af-ESIM-30%e6%97%a5%e9%96%93-%e5%ae%8c%e5%85%a8%e7%84%a1%e5%88%b6%e9%99%90-%e9%ab%98%e9%80%9f%e3%83%87%e3%83%bc%e3%82%bf%e9%80%9a%e4%bf%a1-%e3%83%87%e3%83%bc%e3%82%bf%e4%bd%bf%e3%81%84%e6%94%be%e9%a1%8c-%e4%bd%8e%e9%80%9f%e3%81%aa%e3%81%97-%e3%83%97%e3%83%aa%e3%83%9a%e3%82%a4%e3%83%89-%e3%82%a4%e3%83%bc%e3%82%b7%e3%83%a0-%e3%83%86%e3%82%b6%e3%83%aa%e3%83%b3%e3%82%b0-%e6%9c%80%e7%9f%ad3%e5%88%86QR%e3%82%b3%e3%83%bc%e3%83%89%e7%99%ba%e8%a1%8c/1214688024,,1214688024,インスタントSIM,,"{""title"": [""【香港 eSIM】30日間 完全無制限 高速データ通信 データ使い放題 低速なし プリペイド イーシム テザリング 最短3分QRコード発行 即日発行 簡単設定 香港旅行 出張 留学""], ""price_jpy"": [""販売価格 9,680円""], ""usage_validity"": [""【フィリピンeSIM】3日間(72時間) データ通信無制限 オンラインサービスにて即日送信(LINE相談受付中) 有効期限 / ご購入日より90日以内 フィリピンSIM セブ島 1,550円 4.6 (25) 1,240 円 メガ割時""], ""activation_validity"": [""【香港 eSIM】30日間 完全無制限 高速データ通信 データ使い放題 低速なし プリペイド イーシム テザリング 最短3分QRコード発行 即日発行 簡単設定 香港旅行 出張 留学""], ""data_amount"": [""【香港 eSIM】30日間 完全無制限 高速データ通信 データ使い放題 低速なし プリペイド イーシム テザリング 最短3分QRコード発行 即日発行 簡単設定 香港旅行 出張 留学""], ""network_type"": [""qoo10_local_signal: 【SKTelecoｍ公式認証】韓国eSIM 3日間(72時間) 電話番号付き 超高速データ無制限 最初の5分発信無料(韓国国内) LINE即日発行 ご購入日より120日以内 韓国SIM 1,980円 1,620円 4.9 (37,975) 1,296 円 メガ割時""], ""network_generation"": [""no_lte_4g_or_5g_keyword_matched""], ""seller"": [""インスタントSIM""], ""seller_badge"": [""search_result: General seller""]}"
qoo10_jp,hk,【香港 eSIM】20日間 完全無制限 高速データ通信 データ使い放題 低速なし プリペイド イーシム テザリング 最短3分QRコード発行 即日発行 簡単設定 香港旅行 出張 留学,6980,,General seller,32,,,,3일,3일,20일,local,unknown,,,"{""cmhk"": null, ""csl"": null, ""smartone"": null, ""three_hk"": null}","{""skt"": null, ""kt"": null, ""lgu"": null}",unlimited,https://www.qoo10.jp/item/%e3%82%a4%e3%83%b3%e3%82%b9%e3%82%bf%e3%83%b3%e3%83%88SIM-%e9%a6%99%e6%b8%af-ESIM-20%e6%97%a5%e9%96%93-%e5%ae%8c%e5%85%a8%e7%84%a1%e5%88%b6%e9%99%90-%e9%ab%98%e9%80%9f%e3%83%87%e3%83%bc%e3%82%bf%e9%80%9a%e4%bf%a1-%e3%83%87%e3%83%bc%e3%82%bf%e4%bd%bf%e3%81%84%e6%94%be%e9%a1%8c-%e4%bd%8e%e9%80%9f%e3%81%aa%e3%81%97-%e3%83%97%e3%83%aa%e3%83%9a%e3%82%a4%e3%83%89-%e3%82%a4%e3%83%bc%e3%82%b7%e3%83%a0-%e3%83%86%e3%82%b6%e3%83%aa%e3%83%b3%e3%82%b0-%e6%9c%80%e7%9f%ad3%e5%88%86QR%e3%82%b3%e3%83%bc%e3%83%89%e7%99%ba%e8%a1%8c/1214688002,,1214688002,インスタントSIM,,"{""title"": [""【香港 eSIM】20日間 完全無制限 高速データ通信 データ使い放題 低速なし プリペイド イーシム テザリング 最短3分QRコード発行 即日発行 簡単設定 香港旅行 出張 留学""], ""price_jpy"": [""販売価格 6,980円""], ""usage_validity"": [""【フィリピンeSIM】3日間(72時間) データ通信無制限 オンラインサービスにて即日送信(LINE相談受付中) 有効期限 / ご購入日より90日以内 フィリピンSIM セブ島 1,550円 4.6 (25) 1,240 円 メガ割時""], ""activation_validity"": [""【香港 eSIM】20日間 完全無制限 高速データ通信 データ使い放題 低速なし プリペイド イーシム テザリング 最短3分QRコード発行 即日発行 簡単設定 香港旅行 出張 留学""], ""data_amount"": [""【香港 eSIM】20日間 完全無制限 高速データ通信 データ使い放題 低速なし プリペイド イーシム テザリング 最短3分QRコード発行 即日発行 簡単設定 香港旅行 出張 留学""], ""network_type"": [""qoo10_local_signal: 【SKTelecoｍ公式認証】韓国eSIM 3日間(72時間) 電話番号付き 超高速データ無制限 最初の5分発信無料(韓国国内) LINE即日発行 ご購入日より120日以内 韓国SIM 1,980円 1,620円 4.9 (37,975) 1,296 円 メガ割時""], ""network_generation"": [""no_lte_4g_or_5g_keyword_matched""], ""seller"": [""インスタントSIM""], ""seller_badge"": [""search_result: General seller""]}"
qoo10_jp,hk,【香港 eSIM】15日間 完全無制限 高速データ通信 データ使い放題 低速なし プリペイド イーシム テザリング 最短3分QRコード発行 即日発行 簡単設定 香港旅行 出張 留学,5680,,General seller,33,,,,3일,3일,15일,local,unknown,,,"{""cmhk"": null, ""csl"": null, ""smartone"": null, ""three_hk"": null}","{""skt"": null, ""kt"": null, ""lgu"": null}",unlimited,https://www.qoo10.jp/item/%e3%82%a4%e3%83%b3%e3%82%b9%e3%82%bf%e3%83%b3%e3%83%88SIM-%e9%a6%99%e6%b8%af-ESIM-15%e6%97%a5%e9%96%93-%e5%ae%8c%e5%85%a8%e7%84%a1%e5%88%b6%e9%99%90-%e9%ab%98%e9%80%9f%e3%83%87%e3%83%bc%e3%82%bf%e9%80%9a%e4%bf%a1-%e3%83%87%e3%83%bc%e3%82%bf%e4%bd%bf%e3%81%84%e6%94%be%e9%a1%8c-%e4%bd%8e%e9%80%9f%e3%81%aa%e3%81%97-%e3%83%97%e3%83%aa%e3%83%9a%e3%82%a4%e3%83%89-%e3%82%a4%e3%83%bc%e3%82%b7%e3%83%a0-%e3%83%86%e3%82%b6%e3%83%aa%e3%83%b3%e3%82%b0-%e6%9c%80%e7%9f%ad3%e5%88%86QR%e3%82%b3%e3%83%bc%e3%83%89%e7%99%ba%e8%a1%8c/1214687942,,1214687942,インスタントSIM,,"{""title"": [""【香港 eSIM】15日間 完全無制限 高速データ通信 データ使い放題 低速なし プリペイド イーシム テザリング 最短3分QRコード発行 即日発行 簡単設定 香港旅行 出張 留学""], ""price_jpy"": [""販売価格 5,680円""], ""usage_validity"": [""【フィリピンeSIM】3日間(72時間) データ通信無制限 オンラインサービスにて即日送信(LINE相談受付中) 有効期限 / ご購入日より90日以内 フィリピンSIM セブ島 1,550円 4.6 (25) 1,240 円 メガ割時""], ""activation_validity"": [""【香港 eSIM】15日間 完全無制限 高速データ通信 データ使い放題 低速なし プリペイド イーシム テザリング 最短3分QRコード発行 即日発行 簡単設定 香港旅行 出張 留学""], ""data_amount"": [""【香港 eSIM】15日間 完全無制限 高速データ通信 データ使い放題 低速なし プリペイド イーシム テザリング 最短3分QRコード発行 即日発行 簡単設定 香港旅行 出張 留学""], ""network_type"": [""qoo10_local_signal: 【SKTelecoｍ公式認証】韓国eSIM 3日間(72時間) 電話番号付き 超高速データ無制限 最初の5分発信無料(韓国国内) LINE即日発行 ご購入日より120日以内 韓国SIM 1,980円 1,620円 4.9 (37,975) 1,296 円 メガ割時""], ""network_generation"": [""no_lte_4g_or_5g_keyword_matched""], ""seller"": [""インスタントSIM""], ""seller_badge"": [""search_result: General seller""]}"
qoo10_jp,hk,【香港 eSIM】10日間 完全無制限 高速データ通信 データ使い放題 低速なし プリペイド イーシム テザリング 最短3分QRコード発行 即日発行 簡単設定 香港旅行 出張 留学,3980,,General seller,34,,,,3일,3일,10일,local,unknown,,,"{""cmhk"": null, ""csl"": null, ""smartone"": null, ""three_hk"": null}","{""skt"": null, ""kt"": null, ""lgu"": null}",unlimited,https://www.qoo10.jp/item/%e3%82%a4%e3%83%b3%e3%82%b9%e3%82%bf%e3%83%b3%e3%83%88SIM-%e9%a6%99%e6%b8%af-ESIM-10%e6%97%a5%e9%96%93-%e5%ae%8c%e5%85%a8%e7%84%a1%e5%88%b6%e9%99%90-%e9%ab%98%e9%80%9f%e3%83%87%e3%83%bc%e3%82%bf%e9%80%9a%e4%bf%a1-%e3%83%87%e3%83%bc%e3%82%bf%e4%bd%bf%e3%81%84%e6%94%be%e9%a1%8c-%e4%bd%8e%e9%80%9f%e3%81%aa%e3%81%97-%e3%83%97%e3%83%aa%e3%83%9a%e3%82%a4%e3%83%89-%e3%82%a4%e3%83%bc%e3%82%b7%e3%83%a0-%e3%83%86%e3%82%b6%e3%83%aa%e3%83%b3%e3%82%b0-%e6%9c%80%e7%9f%ad3%e5%88%86QR%e3%82%b3%e3%83%bc%e3%83%89%e7%99%ba%e8%a1%8c/1214687925,,1214687925,インスタントSIM,,"{""title"": [""【香港 eSIM】10日間 完全無制限 高速データ通信 データ使い放題 低速なし プリペイド イーシム テザリング 最短3分QRコード発行 即日発行 簡単設定 香港旅行 出張 留学""], ""price_jpy"": [""販売価格 3,980円""], ""usage_validity"": [""【フィリピンeSIM】3日間(72時間) データ通信無制限 オンラインサービスにて即日送信(LINE相談受付中) 有効期限 / ご購入日より90日以内 フィリピンSIM セブ島 1,550円 4.6 (25) 1,240 円 メガ割時""], ""activation_validity"": [""【香港 eSIM】10日間 完全無制限 高速データ通信 データ使い放題 低速なし プリペイド イーシム テザリング 最短3分QRコード発行 即日発行 簡単設定 香港旅行 出張 留学""], ""data_amount"": [""【香港 eSIM】10日間 完全無制限 高速データ通信 データ使い放題 低速なし プリペイド イーシム テザリング 最短3分QRコード発行 即日発行 簡単設定 香港旅行 出張 留学""], ""network_type"": [""qoo10_local_signal: 【SKTelecoｍ公式認証】韓国eSIM 3日間(72時間) 電話番号付き 超高速データ無制限 最初の5分発信無料(韓国国内) LINE即日発行 ご購入日より120日以内 韓国SIM 1,980円 1,620円 4.9 (37,975) 1,296 円 メガ割時""], ""network_generation"": [""no_lte_4g_or_5g_keyword_matched""], ""seller"": [""インスタントSIM""], ""seller_badge"": [""search_result: General seller""]}"
qoo10_jp,hk,【香港 eSIM】7日間 完全無制限 高速データ通信 データ使い放題 低速なし プリペイド イーシム テザリング 最短3分QRコード発行 即日発行 簡単設定 香港旅行 出張 留学,3280,,General seller,35,,,,3일,3일,7일,local,unknown,,,"{""cmhk"": null, ""csl"": null, ""smartone"": null, ""three_hk"": null}","{""skt"": null, ""kt"": null, ""lgu"": null}",unlimited,https://www.qoo10.jp/item/%e3%82%a4%e3%83%b3%e3%82%b9%e3%82%bf%e3%83%b3%e3%83%88SIM-%e9%a6%99%e6%b8%af-ESIM-7%e6%97%a5%e9%96%93-%e5%ae%8c%e5%85%a8%e7%84%a1%e5%88%b6%e9%99%90-%e9%ab%98%e9%80%9f%e3%83%87%e3%83%bc%e3%82%bf%e9%80%9a%e4%bf%a1-%e3%83%87%e3%83%bc%e3%82%bf%e4%bd%bf%e3%81%84%e6%94%be%e9%a1%8c-%e4%bd%8e%e9%80%9f%e3%81%aa%e3%81%97-%e3%83%97%e3%83%aa%e3%83%9a%e3%82%a4%e3%83%89-%e3%82%a4%e3%83%bc%e3%82%b7%e3%83%a0-%e3%83%86%e3%82%b6%e3%83%aa%e3%83%b3%e3%82%b0-%e6%9c%80%e7%9f%ad3%e5%88%86QR%e3%82%b3%e3%83%bc%e3%83%89%e7%99%ba%e8%a1%8c/1214687846,,1214687846,インスタントSIM,,"{""title"": [""【香港 eSIM】7日間 完全無制限 高速データ通信 データ使い放題 低速なし プリペイド イーシム テザリング 最短3分QRコード発行 即日発行 簡単設定 香港旅行 出張 留学""], ""price_jpy"": [""販売価格 3,280円""], ""usage_validity"": [""【フィリピンeSIM】3日間(72時間) データ通信無制限 オンラインサービスにて即日送信(LINE相談受付中) 有効期限 / ご購入日より90日以内 フィリピンSIM セブ島 1,550円 4.6 (25) 1,240 円 メガ割時""], ""activation_validity"": [""【香港 eSIM】7日間 完全無制限 高速データ通信 データ使い放題 低速なし プリペイド イーシム テザリング 最短3分QRコード発行 即日発行 簡単設定 香港旅行 出張 留学""], ""data_amount"": [""【香港 eSIM】7日間 完全無制限 高速データ通信 データ使い放題 低速なし プリペイド イーシム テザリング 最短3分QRコード発行 即日発行 簡単設定 香港旅行 出張 留学""], ""network_type"": [""qoo10_local_signal: 【SKTelecoｍ公式認証】韓国eSIM 3日間(72時間) 電話番号付き 超高速データ無制限 最初の5分発信無料(韓国国内) LINE即日発行 ご購入日より120日以内 韓国SIM 1,980円 1,620円 4.9 (37,975) 1,296 円 メガ割時""], ""network_generation"": [""no_lte_4g_or_5g_keyword_matched""], ""seller"": [""インスタントSIM""], ""seller_badge"": [""search_result: General seller""]}"
qoo10_jp,hk,【香港 eSIM】5日間 完全無制限 高速データ通信 データ使い放題 低速なし プリペイド イーシム テザリング 最短3分QRコード発行 即日発行 簡単設定 香港旅行 出張 留学,2580,,General seller,36,,,,3일,3일,5일,local,unknown,,,"{""cmhk"": null, ""csl"": null, ""smartone"": null, ""three_hk"": null}","{""skt"": null, ""kt"": null, ""lgu"": null}",unlimited,https://www.qoo10.jp/item/%e3%82%a4%e3%83%b3%e3%82%b9%e3%82%bf%e3%83%b3%e3%83%88SIM-%e9%a6%99%e6%b8%af-ESIM-5%e6%97%a5%e9%96%93-%e5%ae%8c%e5%85%a8%e7%84%a1%e5%88%b6%e9%99%90-%e9%ab%98%e9%80%9f%e3%83%87%e3%83%bc%e3%82%bf%e9%80%9a%e4%bf%a1-%e3%83%87%e3%83%bc%e3%82%bf%e4%bd%bf%e3%81%84%e6%94%be%e9%a1%8c-%e4%bd%8e%e9%80%9f%e3%81%aa%e3%81%97-%e3%83%97%e3%83%aa%e3%83%9a%e3%82%a4%e3%83%89-%e3%82%a4%e3%83%bc%e3%82%b7%e3%83%a0-%e3%83%86%e3%82%b6%e3%83%aa%e3%83%b3%e3%82%b0-%e6%9c%80%e7%9f%ad3%e5%88%86QR%e3%82%b3%e3%83%bc%e3%83%89%e7%99%ba%e8%a1%8c/1214687832,,1214687832,インスタントSIM,,"{""title"": [""【香港 eSIM】5日間 完全無制限 高速データ通信 データ使い放題 低速なし プリペイド イーシム テザリング 最短3分QRコード発行 即日発行 簡単設定 香港旅行 出張 留学""], ""price_jpy"": [""販売価格 2,580円""], ""usage_validity"": [""【フィリピンeSIM】3日間(72時間) データ通信無制限 オンラインサービスにて即日送信(LINE相談受付中) 有効期限 / ご購入日より90日以内 フィリピンSIM セブ島 1,550円 4.6 (25) 1,240 円 メガ割時""], ""activation_validity"": [""【香港 eSIM】5日間 完全無制限 高速データ通信 データ使い放題 低速なし プリペイド イーシム テザリング 最短3分QRコード発行 即日発行 簡単設定 香港旅行 出張 留学""], ""data_amount"": [""【香港 eSIM】5日間 完全無制限 高速データ通信 データ使い放題 低速なし プリペイド イーシム テザリング 最短3分QRコード発行 即日発行 簡単設定 香港旅行 出張 留学""], ""network_type"": [""qoo10_local_signal: 【SKTelecoｍ公式認証】韓国eSIM 3日間(72時間) 電話番号付き 超高速データ無制限 最初の5分発信無料(韓国国内) LINE即日発行 ご購入日より120日以内 韓国SIM 1,980円 1,620円 4.9 (37,975) 1,296 円 メガ割時""], ""network_generation"": [""no_lte_4g_or_5g_keyword_matched""], ""seller"": [""インスタントSIM""], ""seller_badge"": [""search_result: General seller""]}"
qoo10_jp,hk,【香港 eSIM】3日間 完全無制限 高速データ通信 データ使い放題 低速なし プリペイド イーシム テザリング 最短3分QRコード発行 即日発行 簡単設定 香港旅行 出張 留学,2080,,General seller,37,,,,3일,3일,3일,local,unknown,,,"{""cmhk"": null, ""csl"": null, ""smartone"": null, ""three_hk"": null}","{""skt"": null, ""kt"": null, ""lgu"": null}",unlimited,https://www.qoo10.jp/item/%e3%82%a4%e3%83%b3%e3%82%b9%e3%82%bf%e3%83%b3%e3%83%88SIM-%e9%a6%99%e6%b8%af-ESIM-3%e6%97%a5%e9%96%93-%e5%ae%8c%e5%85%a8%e7%84%a1%e5%88%b6%e9%99%90-%e9%ab%98%e9%80%9f%e3%83%87%e3%83%bc%e3%82%bf%e9%80%9a%e4%bf%a1-%e3%83%87%e3%83%bc%e3%82%bf%e4%bd%bf%e3%81%84%e6%94%be%e9%a1%8c-%e4%bd%8e%e9%80%9f%e3%81%aa%e3%81%97-%e3%83%97%e3%83%aa%e3%83%9a%e3%82%a4%e3%83%89-%e3%82%a4%e3%83%bc%e3%82%b7%e3%83%a0-%e3%83%86%e3%82%b6%e3%83%aa%e3%83%b3%e3%82%b0-%e6%9c%80%e7%9f%ad3%e5%88%86QR%e3%82%b3%e3%83%bc%e3%83%89%e7%99%ba%e8%a1%8c/1214687816,,1214687816,インスタントSIM,,"{""title"": [""【香港 eSIM】3日間 完全無制限 高速データ通信 データ使い放題 低速なし プリペイド イーシム テザリング 最短3分QRコード発行 即日発行 簡単設定 香港旅行 出張 留学""], ""price_jpy"": [""販売価格 2,080円""], ""usage_validity"": [""【香港 eSIM】3日間 完全無制限 高速データ通信 データ使い放題 低速なし プリペイド イーシム テザリング 最短3分QRコード発行 即日発行 簡単設定 香港旅行 出張 留学""], ""activation_validity"": [""【フィリピンeSIM】3日間(72時間) データ通信無制限 オンラインサービスにて即日送信(LINE相談受付中) 有効期限 / ご購入日より90日以内 フィリピンSIM セブ島 1,550円 4.6 (25) 1,240 円 メガ割時""], ""data_amount"": [""【香港 eSIM】3日間 完全無制限 高速データ通信 データ使い放題 低速なし プリペイド イーシム テザリング 最短3分QRコード発行 即日発行 簡単設定 香港旅行 出張 留学""], ""network_type"": [""qoo10_local_signal: 【SKTelecoｍ公式認証】韓国eSIM 3日間(72時間) 電話番号付き 超高速データ無制限 最初の5分発信無料(韓国国内) LINE即日発行 ご購入日より120日以内 韓国SIM 1,980円 1,620円 4.9 (37,975) 1,296 円 メガ割時""], ""network_generation"": [""no_lte_4g_or_5g_keyword_matched""], ""seller"": [""インスタントSIM""], ""seller_badge"": [""search_result: General seller""]}"
qoo10_jp,hk,【香港 eSIM】2日間 完全無制限 高速データ通信 データ使い放題 低速なし プリペイド イーシム テザリング 最短3分QRコード発行 即日発行 簡単設定 香港旅行 出張 留学,1880,,General seller,38,,,,2일,2일,3일,local,unknown,,,"{""cmhk"": null, ""csl"": null, ""smartone"": null, ""three_hk"": null}","{""skt"": null, ""kt"": null, ""lgu"": null}",unlimited,https://www.qoo10.jp/item/%e3%82%a4%e3%83%b3%e3%82%b9%e3%82%bf%e3%83%b3%e3%83%88SIM-%e9%a6%99%e6%b8%af-ESIM-2%e6%97%a5%e9%96%93-%e5%ae%8c%e5%85%a8%e7%84%a1%e5%88%b6%e9%99%90-%e9%ab%98%e9%80%9f%e3%83%87%e3%83%bc%e3%82%bf%e9%80%9a%e4%bf%a1-%e3%83%87%e3%83%bc%e3%82%bf%e4%bd%bf%e3%81%84%e6%94%be%e9%a1%8c-%e4%bd%8e%e9%80%9f%e3%81%aa%e3%81%97-%e3%83%97%e3%83%aa%e3%83%9a%e3%82%a4%e3%83%89-%e3%82%a4%e3%83%bc%e3%82%b7%e3%83%a0-%e3%83%86%e3%82%b6%e3%83%aa%e3%83%b3%e3%82%b0-%e6%9c%80%e7%9f%ad3%e5%88%86QR%e3%82%b3%e3%83%bc%e3%83%89%e7%99%ba%e8%a1%8c/1214687785,,1214687785,インスタントSIM,,"{""title"": [""【香港 eSIM】2日間 完全無制限 高速データ通信 データ使い放題 低速なし プリペイド イーシム テザリング 最短3分QRコード発行 即日発行 簡単設定 香港旅行 出張 留学""], ""price_jpy"": [""販売価格 1,880円""], ""usage_validity"": [""【香港 eSIM】2日間 完全無制限 高速データ通信 データ使い放題 低速なし プリペイド イーシム テザリング 最短3分QRコード発行 即日発行 簡単設定 香港旅行 出張 留学""], ""activation_validity"": [""【フィリピンeSIM】3日間(72時間) データ通信無制限 オンラインサービスにて即日送信(LINE相談受付中) 有効期限 / ご購入日より90日以内 フィリピンSIM セブ島 1,550円 4.6 (25) 1,240 円 メガ割時""], ""data_amount"": [""【香港 eSIM】2日間 完全無制限 高速データ通信 データ使い放題 低速なし プリペイド イーシム テザリング 最短3分QRコード発行 即日発行 簡単設定 香港旅行 出張 留学""], ""network_type"": [""qoo10_local_signal: 【SKTelecoｍ公式認証】韓国eSIM 3日間(72時間) 電話番号付き 超高速データ無制限 最初の5分発信無料(韓国国内) LINE即日発行 ご購入日より120日以内 韓国SIM 1,980円 1,620円 4.9 (37,975) 1,296 円 メガ割時""], ""network_generation"": [""no_lte_4g_or_5g_keyword_matched""], ""seller"": [""インスタントSIM""], ""seller_badge"": [""search_result: General seller""]}"
qoo10_jp,hk,【香港 eSIM】1日間 完全無制限 高速データ通信 データ使い放題 低速なし プリペイド イーシム テザリング 最短3分QRコード発行 即日発行 簡単設定 香港旅行 出張 留学,1280,,General seller,39,,,,1일,1일,3일,local,unknown,,,"{""cmhk"": null, ""csl"": null, ""smartone"": null, ""three_hk"": null}","{""skt"": null, ""kt"": null, ""lgu"": null}",unlimited,https://www.qoo10.jp/item/%e3%82%a4%e3%83%b3%e3%82%b9%e3%82%bf%e3%83%b3%e3%83%88SIM-%e9%a6%99%e6%b8%af-ESIM-1%e6%97%a5%e9%96%93-%e5%ae%8c%e5%85%a8%e7%84%a1%e5%88%b6%e9%99%90-%e9%ab%98%e9%80%9f%e3%83%87%e3%83%bc%e3%82%bf%e9%80%9a%e4%bf%a1-%e3%83%87%e3%83%bc%e3%82%bf%e4%bd%bf%e3%81%84%e6%94%be%e9%a1%8c-%e4%bd%8e%e9%80%9f%e3%81%aa%e3%81%97-%e3%83%97%e3%83%aa%e3%83%9a%e3%82%a4%e3%83%89-%e3%82%a4%e3%83%bc%e3%82%b7%e3%83%a0-%e3%83%86%e3%82%b6%e3%83%aa%e3%83%b3%e3%82%b0-%e6%9c%80%e7%9f%ad3%e5%88%86QR%e3%82%b3%e3%83%bc%e3%83%89%e7%99%ba%e8%a1%8c/1214687723,,1214687723,インスタントSIM,,"{""title"": [""【香港 eSIM】1日間 完全無制限 高速データ通信 データ使い放題 低速なし プリペイド イーシム テザリング 最短3分QRコード発行 即日発行 簡単設定 香港旅行 出張 留学""], ""price_jpy"": [""販売価格 1,280円""], ""usage_validity"": [""【香港 eSIM】1日間 完全無制限 高速データ通信 データ使い放題 低速なし プリペイド イーシム テザリング 最短3分QRコード発行 即日発行 簡単設定 香港旅行 出張 留学""], ""activation_validity"": [""【フィリピンeSIM】3日間(72時間) データ通信無制限 オンラインサービスにて即日送信(LINE相談受付中) 有効期限 / ご購入日より90日以内 フィリピンSIM セブ島 1,550円 4.6 (25) 1,240 円 メガ割時""], ""data_amount"": [""【香港 eSIM】1日間 完全無制限 高速データ通信 データ使い放題 低速なし プリペイド イーシム テザリング 最短3分QRコード発行 即日発行 簡単設定 香港旅行 出張 留学""], ""network_type"": [""qoo10_local_signal: 【SKTelecoｍ公式認証】韓国eSIM 3日間(72時間) 電話番号付き 超高速データ無制限 最初の5分発信無料(韓国国内) LINE即日発行 ご購入日より120日以内 韓国SIM 1,980円 1,620円 4.9 (37,975) 1,296 円 メガ割時""], ""network_generation"": [""no_lte_4g_or_5g_keyword_matched""], ""seller"": [""インスタントSIM""], ""seller_badge"": [""search_result: General seller""]}"
qoo10_jp,hk,【香港・マカオ eSIM】利用日数を簡単設定共通して用いられるeSIM 10 日間 超高速データ無制限オンラインサービスにて納品 簡単登録 eSIM,4590,,General seller,48,,,,10일,10일,10일,local,unknown,,,"{""cmhk"": null, ""csl"": null, ""smartone"": null, ""three_hk"": null}","{""skt"": null, ""kt"": null, ""lgu"": null}",unlimited,https://www.qoo10.jp/item/%e9%a6%99%e6%b8%af%e3%83%bb%e3%83%9e%e3%82%ab%e3%82%aa-ESIM-%e5%88%a9%e7%94%a8%e6%97%a5%e6%95%b0%e3%82%92%e7%b0%a1%e5%8d%98%e8%a8%ad%e5%ae%9a%e5%85%b1%e9%80%9a%e3%81%97%e3%81%a6%e7%94%a8%e3%81%84%e3%82%89%e3%82%8c%e3%82%8bESIM-10-%e6%97%a5%e9%96%93-%e8%b6%85%e9%ab%98%e9%80%9f%e3%83%87%e3%83%bc%e3%82%bf%e7%84%a1%e5%88%b6%e9%99%90%e3%82%aa%e3%83%b3%e3%83%a9%e3%82%a4%e3%83%b3%e3%82%b5%e3%83%bc%e3%83%93%e3%82%b9%e3%81%ab%e3%81%a6%e7%b4%8d%e5%93%81/1172157631,,1172157631,Travel クーポン,,"{""title"": [""【香港・マカオ eSIM】利用日数を簡単設定共通して用いられるeSIM 10 日間 超高速データ無制限オンラインサービスにて納品 簡単登録 eSIM""], ""option_candidates"": [""10日(超高速無限データ)""], ""representative_option"": [""10日(超高速無限データ)"", ""title_match_score=8""], ""price_jpy"": [""販売価格 4,590円 + option surcharge 0"", ""10日(超高速無限データ)""], ""usage_validity"": [""10日(超高速無限データ)""], ""activation_validity"": [""【香港・マカオ eSIM】利用日数を簡単設定共通して用いられるeSIM 10 日間 超高速データ無制限オンラインサービスにて納品 簡単登録 eSIM""], ""data_amount"": [""10日(超高速無限データ)""], ""network_type"": [""qoo10_local_signal: 【SKTelecoｍ公式認証】韓国eSIM 3日間(72時間) 電話番号付き 超高速データ無制限 最初の5分発信無料(韓国国内) LINE即日発行 ご購入日より120日以内 韓国SIM 1,980円 1,620円 4.9 (37,975) 1,296 円 メガ割時""], ""network_generation"": [""no_lte_4g_or_5g_keyword_matched""], ""seller"": [""Travel クーポン""], ""seller_badge"": [""search_result: General seller""]}"
qoo10_jp,hk,【香港・マカオ eSIM】利用日数を簡単設定共通して用いられるeSIM 20 日間 超高速データ無制限オンラインサービスにて納品 簡単登録 eSIM,10999,,General seller,49,,,,20일,20일,20일,local,unknown,,,"{""cmhk"": null, ""csl"": null, ""smartone"": null, ""three_hk"": null}","{""skt"": null, ""kt"": null, ""lgu"": null}",unlimited,https://www.qoo10.jp/item/%e9%a6%99%e6%b8%af%e3%83%bb%e3%83%9e%e3%82%ab%e3%82%aa-ESIM-%e5%88%a9%e7%94%a8%e6%97%a5%e6%95%b0%e3%82%92%e7%b0%a1%e5%8d%98%e8%a8%ad%e5%ae%9a%e5%85%b1%e9%80%9a%e3%81%97%e3%81%a6%e7%94%a8%e3%81%84%e3%82%89%e3%82%8c%e3%82%8bESIM-20-%e6%97%a5%e9%96%93-%e8%b6%85%e9%ab%98%e9%80%9f%e3%83%87%e3%83%bc%e3%82%bf%e7%84%a1%e5%88%b6%e9%99%90%e3%82%aa%e3%83%b3%e3%83%a9%e3%82%a4%e3%83%b3%e3%82%b5%e3%83%bc%e3%83%93%e3%82%b9%e3%81%ab%e3%81%a6%e7%b4%8d%e5%93%81/1172146441,,1172146441,Travel クーポン,,"{""title"": [""【香港・マカオ eSIM】利用日数を簡単設定共通して用いられるeSIM 20 日間 超高速データ無制限オンラインサービスにて納品 簡単登録 eSIM""], ""option_candidates"": [""20日(超高速無限データ)""], ""representative_option"": [""20日(超高速無限データ)"", ""title_match_score=8""], ""price_jpy"": [""販売価格 10,999円 + option surcharge 0"", ""20日(超高速無限データ)""], ""usage_validity"": [""20日(超高速無限データ)""], ""activation_validity"": [""【香港・マカオ eSIM】利用日数を簡単設定共通して用いられるeSIM 20 日間 超高速データ無制限オンラインサービスにて納品 簡単登録 eSIM""], ""data_amount"": [""20日(超高速無限データ)""], ""network_type"": [""qoo10_local_signal: 【SKTelecoｍ公式認証】韓国eSIM 3日間(72時間) 電話番号付き 超高速データ無制限 最初の5分発信無料(韓国国内) LINE即日発行 ご購入日より120日以内 韓国SIM 1,980円 1,620円 4.9 (37,975) 1,296 円 メガ割時""], ""network_generation"": [""no_lte_4g_or_5g_keyword_matched""], ""seller"": [""Travel クーポン""], ""seller_badge"": [""search_result: General seller""]}"
qoo10_jp,hk,【香港・マカオ eSIM】利用日数を簡単設定共通して用いられるeSIM 30 日間 超高速データ無制限オンラインサービスにて納品 簡単登録 eSIM,12990,,General seller,50,,,,30일,30일,30일,local,unknown,,,"{""cmhk"": null, ""csl"": null, ""smartone"": null, ""three_hk"": null}","{""skt"": null, ""kt"": null, ""lgu"": null}",unlimited,https://www.qoo10.jp/item/%e9%a6%99%e6%b8%af%e3%83%bb%e3%83%9e%e3%82%ab%e3%82%aa-ESIM-%e5%88%a9%e7%94%a8%e6%97%a5%e6%95%b0%e3%82%92%e7%b0%a1%e5%8d%98%e8%a8%ad%e5%ae%9a%e5%85%b1%e9%80%9a%e3%81%97%e3%81%a6%e7%94%a8%e3%81%84%e3%82%89%e3%82%8c%e3%82%8bESIM-30-%e6%97%a5%e9%96%93-%e8%b6%85%e9%ab%98%e9%80%9f%e3%83%87%e3%83%bc%e3%82%bf%e7%84%a1%e5%88%b6%e9%99%90%e3%82%aa%e3%83%b3%e3%83%a9%e3%82%a4%e3%83%b3%e3%82%b5%e3%83%bc%e3%83%93%e3%82%b9%e3%81%ab%e3%81%a6%e7%b4%8d%e5%93%81/1121900394,,1121900394,Travel クーポン,,"{""title"": [""【香港・マカオ eSIM】利用日数を簡単設定共通して用いられるeSIM 30 日間 超高速データ無制限オンラインサービスにて納品 簡単登録 eSIM""], ""option_candidates"": [""30日(超高速無限データ)""], ""representative_option"": [""30日(超高速無限データ)"", ""title_match_score=8""], ""price_jpy"": [""販売価格 12,990円 + option surcharge 0"", ""30日(超高速無限データ)""], ""usage_validity"": [""30日(超高速無限データ)""], ""activation_validity"": [""【香港・マカオ eSIM】利用日数を簡単設定共通して用いられるeSIM 30 日間 超高速データ無制限オンラインサービスにて納品 簡単登録 eSIM""], ""data_amount"": [""30日(超高速無限データ)""], ""network_type"": [""qoo10_local_signal: 【SKTelecoｍ公式認証】韓国eSIM 3日間(72時間) 電話番号付き 超高速データ無制限 最初の5分発信無料(韓国国内) LINE即日発行 ご購入日より120日以内 韓国SIM 1,980円 1,620円 4.9 (37,975) 1,296 円 メガ割時""], ""network_generation"": [""no_lte_4g_or_5g_keyword_matched""], ""seller"": [""Travel クーポン""], ""seller_badge"": [""search_result: General seller""]}"
qoo10_jp,hk,【香港・マカオ eSIM】利用日数を簡単設定共通して用いられるeSIM 15 日間 超高速データ無制限オンラインサービスにて納品 簡単登録 eSIM,7296,,General seller,51,,,,15일,15일,15일,local,unknown,,,"{""cmhk"": null, ""csl"": null, ""smartone"": null, ""three_hk"": null}","{""skt"": null, ""kt"": null, ""lgu"": null}",unlimited,https://www.qoo10.jp/item/%e9%a6%99%e6%b8%af%e3%83%bb%e3%83%9e%e3%82%ab%e3%82%aa-ESIM-%e5%88%a9%e7%94%a8%e6%97%a5%e6%95%b0%e3%82%92%e7%b0%a1%e5%8d%98%e8%a8%ad%e5%ae%9a%e5%85%b1%e9%80%9a%e3%81%97%e3%81%a6%e7%94%a8%e3%81%84%e3%82%89%e3%82%8c%e3%82%8bESIM-15-%e6%97%a5%e9%96%93-%e8%b6%85%e9%ab%98%e9%80%9f%e3%83%87%e3%83%bc%e3%82%bf%e7%84%a1%e5%88%b6%e9%99%90%e3%82%aa%e3%83%b3%e3%83%a9%e3%82%a4%e3%83%b3%e3%82%b5%e3%83%bc%e3%83%93%e3%82%b9%e3%81%ab%e3%81%a6%e7%b4%8d%e5%93%81/1121898165,,1121898165,Travel クーポン,,"{""title"": [""【香港・マカオ eSIM】利用日数を簡単設定共通して用いられるeSIM 15 日間 超高速データ無制限オンラインサービスにて納品 簡単登録 eSIM""], ""option_candidates"": [""15日(超高速無限データ)""], ""representative_option"": [""15日(超高速無限データ)"", ""title_match_score=8""], ""price_jpy"": [""販売価格 7,296円 + option surcharge 0"", ""15日(超高速無限データ)""], ""usage_validity"": [""15日(超高速無限データ)""], ""activation_validity"": [""【香港・マカオ eSIM】利用日数を簡単設定共通して用いられるeSIM 15 日間 超高速データ無制限オンラインサービスにて納品 簡単登録 eSIM""], ""data_amount"": [""15日(超高速無限データ)""], ""network_type"": [""qoo10_local_signal: 【SKTelecoｍ公式認証】韓国eSIM 3日間(72時間) 電話番号付き 超高速データ無制限 最初の5分発信無料(韓国国内) LINE即日発行 ご購入日より120日以内 韓国SIM 1,980円 1,620円 4.9 (37,975) 1,296 円 メガ割時""], ""network_generation"": [""no_lte_4g_or_5g_keyword_matched""], ""seller"": [""Travel クーポン""], ""seller_badge"": [""search_result: General seller""]}"
qoo10_jp,hk,【香港・マカオ eSIM】利用日数を簡単設定共通して用いられるeSIM 7 日間 超高速データ無制限オンラインサービスにて納品 簡単登録 eSIM,3399,,General seller,52,,,,7일,7일,7일,local,unknown,,,"{""cmhk"": null, ""csl"": null, ""smartone"": null, ""three_hk"": null}","{""skt"": null, ""kt"": null, ""lgu"": null}",unlimited,https://www.qoo10.jp/item/%e9%a6%99%e6%b8%af%e3%83%bb%e3%83%9e%e3%82%ab%e3%82%aa-ESIM-%e5%88%a9%e7%94%a8%e6%97%a5%e6%95%b0%e3%82%92%e7%b0%a1%e5%8d%98%e8%a8%ad%e5%ae%9a%e5%85%b1%e9%80%9a%e3%81%97%e3%81%a6%e7%94%a8%e3%81%84%e3%82%89%e3%82%8c%e3%82%8bESIM-7-%e6%97%a5%e9%96%93-%e8%b6%85%e9%ab%98%e9%80%9f%e3%83%87%e3%83%bc%e3%82%bf%e7%84%a1%e5%88%b6%e9%99%90%e3%82%aa%e3%83%b3%e3%83%a9%e3%82%a4%e3%83%b3%e3%82%b5%e3%83%bc%e3%83%93%e3%82%b9%e3%81%ab%e3%81%a6%e7%b4%8d%e5%93%81/1121896129,,1121896129,Travel クーポン,,"{""title"": [""【香港・マカオ eSIM】利用日数を簡単設定共通して用いられるeSIM 7 日間 超高速データ無制限オンラインサービスにて納品 簡単登録 eSIM""], ""option_candidates"": [""7日(超高速無限データ)""], ""representative_option"": [""7日(超高速無限データ)"", ""title_match_score=8""], ""price_jpy"": [""販売価格 3,399円 + option surcharge 0"", ""7日(超高速無限データ)""], ""usage_validity"": [""7日(超高速無限データ)""], ""activation_validity"": [""【香港・マカオ eSIM】利用日数を簡単設定共通して用いられるeSIM 7 日間 超高速データ無制限オンラインサービスにて納品 簡単登録 eSIM""], ""data_amount"": [""7日(超高速無限データ)""], ""network_type"": [""qoo10_local_signal: 【SKTelecoｍ公式認証】韓国eSIM 3日間(72時間) 電話番号付き 超高速データ無制限 最初の5分発信無料(韓国国内) LINE即日発行 ご購入日より120日以内 韓国SIM 1,980円 1,620円 4.9 (37,975) 1,296 円 メガ割時""], ""network_generation"": [""no_lte_4g_or_5g_keyword_matched""], ""seller"": [""Travel クーポン""], ""seller_badge"": [""search_result: General seller""]}"
qoo10_jp,hk,【香港・マカオ eSIM】利用日数を簡単設定共通して用いられるeSIM 1日間 超高速データ無制限オンラインサービスにて納品 簡単登録 eSIM,799,2,General seller,53,,,,1일,1일,3일,local,unknown,,,"{""cmhk"": null, ""csl"": null, ""smartone"": null, ""three_hk"": null}","{""skt"": null, ""kt"": null, ""lgu"": null}",unlimited,https://www.qoo10.jp/item/%e9%a6%99%e6%b8%af%e3%83%bb%e3%83%9e%e3%82%ab%e3%82%aa-ESIM-%e5%88%a9%e7%94%a8%e6%97%a5%e6%95%b0%e3%82%92%e7%b0%a1%e5%8d%98%e8%a8%ad%e5%ae%9a%e5%85%b1%e9%80%9a%e3%81%97%e3%81%a6%e7%94%a8%e3%81%84%e3%82%89%e3%82%8c%e3%82%8bESIM-1%e6%97%a5%e9%96%93-%e8%b6%85%e9%ab%98%e9%80%9f%e3%83%87%e3%83%bc%e3%82%bf%e7%84%a1%e5%88%b6%e9%99%90%e3%82%aa%e3%83%b3%e3%83%a9%e3%82%a4%e3%83%b3%e3%82%b5%e3%83%bc%e3%83%93%e3%82%b9%e3%81%ab%e3%81%a6%e7%b4%8d%e5%93%81/1121894328,,1121894328,Travel クーポン,,"{""title"": [""【香港・マカオ eSIM】利用日数を簡単設定共通して用いられるeSIM 1日間 超高速データ無制限オンラインサービスにて納品 簡単登録 eSIM""], ""option_candidates"": [""1日(超高速無限データ)""], ""representative_option"": [""1日(超高速無限データ)"", ""title_match_score=8""], ""price_jpy"": [""販売価格 799円 + option surcharge 0"", ""1日(超高速無限データ)""], ""usage_validity"": [""1日(超高速無限データ)""], ""activation_validity"": [""【フィリピンeSIM】3日間(72時間) データ通信無制限 オンラインサービスにて即日送信(LINE相談受付中) 有効期限 / ご購入日より90日以内 フィリピンSIM セブ島 1,550円 4.6 (25) 1,240 円 メガ割時""], ""data_amount"": [""1日(超高速無限データ)""], ""network_type"": [""qoo10_local_signal: 【SKTelecoｍ公式認証】韓国eSIM 3日間(72時間) 電話番号付き 超高速データ無制限 最初の5分発信無料(韓国国内) LINE即日発行 ご購入日より120日以内 韓国SIM 1,980円 1,620円 4.9 (37,975) 1,296 円 メガ割時""], ""network_generation"": [""no_lte_4g_or_5g_keyword_matched""], ""seller"": [""Travel クーポン""], ""review_count"": [""search_result: 2""], ""seller_badge"": [""search_result: General seller""]}"
qoo10_jp,hk,【香港・マカオ eSIM】利用日数を簡単設定共通して用いられるeSIM3-4-5-7日間 超高速データ無制限オンラインサービスにて納品 簡単登録 eSIM,2190,5,General seller,54,,,,7일,7일,5일,local,unknown,,,"{""cmhk"": null, ""csl"": null, ""smartone"": null, ""three_hk"": null}","{""skt"": null, ""kt"": null, ""lgu"": null}",unlimited,https://www.qoo10.jp/item/%e9%a6%99%e6%b8%af%e3%83%bb%e3%83%9e%e3%82%ab%e3%82%aa-ESIM-%e5%88%a9%e7%94%a8%e6%97%a5%e6%95%b0%e3%82%92%e7%b0%a1%e5%8d%98%e8%a8%ad%e5%ae%9a%e5%85%b1%e9%80%9a%e3%81%97%e3%81%a6%e7%94%a8%e3%81%84%e3%82%89%e3%82%8c%e3%82%8bESIM3-4-5-7%e6%97%a5%e9%96%93-%e8%b6%85%e9%ab%98%e9%80%9f%e3%83%87%e3%83%bc%e3%82%bf%e7%84%a1%e5%88%b6%e9%99%90%e3%82%aa%e3%83%b3%e3%83%a9%e3%82%a4%e3%83%b3%e3%82%b5%e3%83%bc%e3%83%93%e3%82%b9%e3%81%ab%e3%81%a6%e7%b4%8d%e5%93%81/1121892610,,1121892610,Travel クーポン,,"{""title"": [""【香港・マカオ eSIM】利用日数を簡単設定共通して用いられるeSIM3-4-5-7日間 超高速データ無制限オンラインサービスにて納品 簡単登録 eSIM""], ""option_candidates"": [""3日(超高速無限データ)"", ""4日(超高速無限データ)"", ""5日(超高速無限データ)""], ""representative_option"": [""7日(超高速無限データ)"", ""title_match_score=8""], ""price_jpy"": [""販売価格 2,190円 + option surcharge 0"", ""7日(超高速無限データ)""], ""usage_validity"": [""7日(超高速無限データ)""], ""activation_validity"": [""【香港・マカオ eSIM】利用日数を簡単設定共通して用いられるeSIM3-4-5-7日間 超高速データ無制限オンラインサービスにて納品 簡単登録 eSIM""], ""data_amount"": [""7日(超高速無限データ)""], ""network_type"": [""qoo10_local_signal: 【SKTelecoｍ公式認証】韓国eSIM 3日間(72時間) 電話番号付き 超高速データ無制限 最初の5分発信無料(韓国国内) LINE即日発行 ご購入日より120日以内 韓国SIM 1,980円 1,620円 4.9 (37,975) 1,296 円 メガ割時""], ""network_generation"": [""no_lte_4g_or_5g_keyword_matched""], ""seller"": [""Travel クーポン""], ""review_count"": [""search_result: 5""], ""seller_badge"": [""search_result: General seller""]}"
qoo10_jp,hk,香港eSIM 安心の日本企業 3日間 無制限 低速なし 日本人スタッフによるLINEサポート(お急ぎの方相談可) 最短即日発行 有効期限90日 パスポート番号不要 データ通信専用,940,87,Power seller,55,,,,3일,3일,90일,local,unknown,,,"{""cmhk"": null, ""csl"": null, ""smartone"": null, ""three_hk"": null}","{""skt"": null, ""kt"": null, ""lgu"": null}",unlimited,https://www.qoo10.jp/item/%e9%a6%99%e6%b8%afESIM-%e5%ae%89%e5%bf%83%e3%81%ae%e6%97%a5%e6%9c%ac%e4%bc%81%e6%a5%ad-3%e6%97%a5%e9%96%93-%e7%84%a1%e5%88%b6%e9%99%90-%e4%bd%8e%e9%80%9f%e3%81%aa%e3%81%97-%e6%97%a5%e6%9c%ac%e4%ba%ba%e3%82%b9%e3%82%bf%e3%83%83%e3%83%95%e3%81%ab%e3%82%88%e3%82%8bLINE%e3%82%b5%e3%83%9d%e3%83%bc%e3%83%88-%e3%81%8a%e6%80%a5%e3%81%8e%e3%81%ae%e6%96%b9%e7%9b%b8%e8%ab%87%e5%8f%af-%e6%9c%80%e7%9f%ad%e5%8d%b3%e6%97%a5%e7%99%ba%e8%a1%8c/1117387192,,1117387192,いーしむさん,,"{""title"": [""香港eSIM 安心の日本企業 3日間 無制限 低速なし 日本人スタッフによるLINEサポート(お急ぎの方相談可) 最短即日発行 有効期限90日 パスポート番号不要 データ通信専用""], ""price_jpy"": [""販売価格 940円""], ""usage_validity"": [""香港eSIM 安心の日本企業 3日間 無制限 低速なし 日本人スタッフによるLINEサポート(お急ぎの方相談可) 最短即日発行 有効期限90日 パスポート番号不要 データ通信専用""], ""activation_validity"": [""香港eSIM 安心の日本企業 3日間 無制限 低速なし 日本人スタッフによるLINEサポート(お急ぎの方相談可) 最短即日発行 有効期限90日 パスポート番号不要 データ通信専用""], ""data_amount"": [""香港eSIM 安心の日本企業 3日間 無制限 低速なし 日本人スタッフによるLINEサポート(お急ぎの方相談可) 最短即日発行 有効期限90日 パスポート番号不要 データ通信専用""], ""network_type"": [""qoo10_local_signal: 【SKTelecoｍ公式認証】韓国eSIM 3日間(72時間) 電話番号付き 超高速データ無制限 最初の5分発信無料(韓国国内) LINE即日発行 ご購入日より120日以内 韓国SIM 1,980円 1,620円 4.9 (37,975) 1,296 円 メガ割時""], ""network_generation"": [""no_lte_4g_or_5g_keyword_matched""], ""seller"": [""いーしむさん""], ""review_count"": [""search_result: 87""], ""seller_badge"": [""search_result: Power seller""]}"
qoo10_jp,hk,【香港 eSIM データ無制限】香港 eSIM 正規eSIM 超高速 2日間 データ無制限 eSIM 2日間 無制限 QRコードで 台湾 esim 2日間 esim 香港,850,1,Power seller,56,,,,2일,2일,3일,local,unknown,,,"{""cmhk"": null, ""csl"": null, ""smartone"": null, ""three_hk"": null}","{""skt"": null, ""kt"": null, ""lgu"": null}",unlimited,https://www.qoo10.jp/item/%e9%a6%99%e6%b8%af-ESIM-%e3%83%87%e3%83%bc%e3%82%bf%e7%84%a1%e5%88%b6%e9%99%90-%e9%a6%99%e6%b8%af-ESIM-%e6%ad%a3%e8%a6%8fESIM-%e8%b6%85%e9%ab%98%e9%80%9f-2%e6%97%a5%e9%96%93-%e3%83%87%e3%83%bc%e3%82%bf%e7%84%a1%e5%88%b6%e9%99%90-ESIM-2%e6%97%a5%e9%96%93-%e7%84%a1%e5%88%b6%e9%99%90-QR%e3%82%b3%e3%83%bc%e3%83%89%e3%81%a7/1203771359,,1203771359,正規eSIM 即時対応 60万枚突破 �...,,"{""title"": [""【香港 eSIM データ無制限】香港 eSIM 正規eSIM 超高速 2日間 データ無制限 eSIM 2日間 無制限 QRコードで 台湾 esim 2日間 esim 香港""], ""price_jpy"": [""販売価格 850円""], ""usage_validity"": [""【香港 eSIM データ無制限】香港 eSIM 正規eSIM 超高速 2日間 データ無制限 eSIM 2日間 無制限 QRコードで 台湾 esim 2日間 esim 香港""], ""activation_validity"": [""【フィリピンeSIM】3日間(72時間) データ通信無制限 オンラインサービスにて即日送信(LINE相談受付中) 有効期限 / ご購入日より90日以内 フィリピンSIM セブ島 1,550円 4.6 (25) 1,240 円 メガ割時""], ""data_amount"": [""【香港 eSIM データ無制限】香港 eSIM 正規eSIM 超高速 2日間 データ無制限 eSIM 2日間 無制限 QRコードで 台湾 esim 2日間 esim 香港""], ""network_type"": [""qoo10_local_signal: 【SKTelecoｍ公式認証】韓国eSIM 3日間(72時間) 電話番号付き 超高速データ無制限 最初の5分発信無料(韓国国内) LINE即日発行 ご購入日より120日以内 韓国SIM 1,980円 1,620円 4.9 (37,975) 1,296 円 メガ割時""], ""network_generation"": [""no_lte_4g_or_5g_keyword_matched""], ""seller"": [""正規eSIM 即時対応 60万枚突破 �...""], ""review_count"": [""search_result: 1""], ""seller_badge"": [""search_result: Power seller""]}"
qoo10_jp,hk,香港eSIM マカオeSIM 安心の日本企業 3日間 無制限 低速なし 日本人スタッフによるLINEサポート(お急ぎの方相談可) 最短即日発行 有効期限90日 パスポート番号不要 データ通信専用,910,25,Power seller,57,,,,3일,3일,90일,local,unknown,,,"{""cmhk"": null, ""csl"": null, ""smartone"": null, ""three_hk"": null}","{""skt"": null, ""kt"": null, ""lgu"": null}",unlimited,https://www.qoo10.jp/item/%e9%a6%99%e6%b8%afESIM-%e3%83%9e%e3%82%ab%e3%82%aaESIM-%e5%ae%89%e5%bf%83%e3%81%ae%e6%97%a5%e6%9c%ac%e4%bc%81%e6%a5%ad-3%e6%97%a5%e9%96%93-%e7%84%a1%e5%88%b6%e9%99%90-%e4%bd%8e%e9%80%9f%e3%81%aa%e3%81%97-%e6%97%a5%e6%9c%ac%e4%ba%ba%e3%82%b9%e3%82%bf%e3%83%83%e3%83%95%e3%81%ab%e3%82%88%e3%82%8bLINE%e3%82%b5%e3%83%9d%e3%83%bc%e3%83%88-%e3%81%8a%e6%80%a5%e3%81%8e%e3%81%ae%e6%96%b9%e7%9b%b8%e8%ab%87%e5%8f%af/1117853212,,1117853212,いーしむさん,,"{""title"": [""香港eSIM マカオeSIM 安心の日本企業 3日間 無制限 低速なし 日本人スタッフによるLINEサポート(お急ぎの方相談可) 最短即日発行 有効期限90日 パスポート番号不要 データ通信専用""], ""price_jpy"": [""販売価格 910円""], ""usage_validity"": [""香港eSIM マカオeSIM 安心の日本企業 3日間 無制限 低速なし 日本人スタッフによるLINEサポート(お急ぎの方相談可) 最短即日発行 有効期限90日 パスポート番号不要 データ通信専用""], ""activation_validity"": [""香港eSIM マカオeSIM 安心の日本企業 3日間 無制限 低速なし 日本人スタッフによるLINEサポート(お急ぎの方相談可) 最短即日発行 有効期限90日 パスポート番号不要 データ通信専用""], ""data_amount"": [""香港eSIM マカオeSIM 安心の日本企業 3日間 無制限 低速なし 日本人スタッフによるLINEサポート(お急ぎの方相談可) 最短即日発行 有効期限90日 パスポート番号不要 データ通信専用""], ""network_type"": [""qoo10_local_signal: 【SKTelecoｍ公式認証】韓国eSIM 3日間(72時間) 電話番号付き 超高速データ無制限 最初の5分発信無料(韓国国内) LINE即日発行 ご購入日より120日以内 韓国SIM 1,980円 1,620円 4.9 (37,975) 1,296 円 メガ割時""], ""network_generation"": [""no_lte_4g_or_5g_keyword_matched""], ""seller"": [""いーしむさん""], ""review_count"": [""search_result: 25""], ""seller_badge"": [""search_result: Power seller""]}"
qoo10_jp,hk,【共通して用 中国/香港/マカオ】 eSIM 正規eSIM 超高速3-10日間 データ無制限 無制限 QRコードで eSIM 3日間 eSIM 5日間 eSIM 7日間 eSIM,1100,,Power seller,58,,,,3일,3일,3일,local,unknown,,,"{""cmhk"": null, ""csl"": null, ""smartone"": null, ""three_hk"": null}","{""skt"": null, ""kt"": null, ""lgu"": null}",unlimited,https://www.qoo10.jp/item/%e5%85%b1%e9%80%9a%e3%81%97%e3%81%a6%e7%94%a8-%e4%b8%ad%e5%9b%bd-%e9%a6%99%e6%b8%af-%e3%83%9e%e3%82%ab%e3%82%aa-ESIM-%e6%ad%a3%e8%a6%8fESIM-%e8%b6%85%e9%ab%98%e9%80%9f3-10%e6%97%a5%e9%96%93-%e3%83%87%e3%83%bc%e3%82%bf%e7%84%a1%e5%88%b6%e9%99%90-%e7%84%a1%e5%88%b6%e9%99%90-QR%e3%82%b3%e3%83%bc%e3%83%89%e3%81%a7-ESIM/1187988413,,1187988413,正規eSIM 即時対応 100万枚突破 ...,,"{""title"": [""【共通して用 中国/香港/マカオ】 eSIM 正規eSIM 超高速3-10日間 データ無制限 無制限 QRコードで eSIM 3日間 eSIM 5日間 eSIM 7日間 eSIM""], ""price_jpy"": [""販売価格 1,100円""], ""usage_validity"": [""【共通して用 中国/香港/マカオ】 eSIM 正規eSIM 超高速3-10日間 データ無制限 無制限 QRコードで eSIM 3日間 eSIM 5日間 eSIM 7日間 eSIM""], ""activation_validity"": [""【フィリピンeSIM】3日間(72時間) データ通信無制限 オンラインサービスにて即日送信(LINE相談受付中) 有効期限 / ご購入日より90日以内 フィリピンSIM セブ島 1,550円 4.6 (25) 1,240 円 メガ割時""], ""data_amount"": [""【共通して用 中国/香港/マカオ】 eSIM 正規eSIM 超高速3-10日間 データ無制限 無制限 QRコードで eSIM 3日間 eSIM 5日間 eSIM 7日間 eSIM""], ""network_type"": [""qoo10_local_signal: 【SKTelecoｍ公式認証】韓国eSIM 3日間(72時間) 電話番号付き 超高速データ無制限 最初の5分発信無料(韓国国内) LINE即日発行 ご購入日より120日以内 韓国SIM 1,980円 1,620円 4.9 (37,975) 1,296 円 メガ割時""], ""network_generation"": [""no_lte_4g_or_5g_keyword_matched""], ""seller"": [""正規eSIM 即時対応 100万枚突破 ...""], ""seller_badge"": [""search_result: Power seller""]}"
qoo10_jp,hk,香港 eSIM マカオ eSIM 正規eSIM 超高速6-10日 データ無制限 香港eSIM 6-10日間 無制限 QRコードで esim香港 8日間 9日間 10日間 6日間 7日 簡単登録eSIM,2750,,Power seller,59,,,,10일,10일,6일,local,unknown,,,"{""cmhk"": null, ""csl"": null, ""smartone"": null, ""three_hk"": null}","{""skt"": null, ""kt"": null, ""lgu"": null}",unlimited,https://www.qoo10.jp/item/%e9%a6%99%e6%b8%af-ESIM-%e3%83%9e%e3%82%ab%e3%82%aa-ESIM-%e6%ad%a3%e8%a6%8fESIM-%e8%b6%85%e9%ab%98%e9%80%9f6-10%e6%97%a5-%e3%83%87%e3%83%bc%e3%82%bf%e7%84%a1%e5%88%b6%e9%99%90-%e9%a6%99%e6%b8%afESIM-6-10%e6%97%a5%e9%96%93-%e7%84%a1%e5%88%b6%e9%99%90-QR%e3%82%b3%e3%83%bc%e3%83%89%e3%81%a7/1187988048,,1187988048,正規eSIM 即時対応 180万枚突破 ...,,"{""title"": [""香港 eSIM マカオ eSIM 正規eSIM 超高速6-10日 データ無制限 香港eSIM 6-10日間 無制限 QRコードで esim香港 8日間 9日間 10日間 6日間 7日 簡単登録eSIM""], ""option_candidates"": [""6日 香港 マカオ（超高速無制限のトラフィック） - 数量 : 999998"", ""7日 香港 マカオ（超高速無制限のトラフィック）(+150円) - 数量 : 999999"", ""8日 香港 マカオ（超高速無制限のトラフィック）(+700円) - 数量 : 999999""], ""representative_option"": [""10日 香港 マカオ （超高速無制限のトラフィック）(+900円) - 数量 : 999998"", ""title_match_score=8""], ""price_jpy"": [""販売価格 1,850円 + option surcharge 900"", ""10日 香港 マカオ （超高速無制限のトラフィック）(+900円) - 数量 : 999998""], ""usage_validity"": [""10日 香港 マカオ （超高速無制限のトラフィック）(+900円) - 数量 : 999998""], ""activation_validity"": [""香港 eSIM マカオ eSIM 正規eSIM 超高速6-10日 データ無制限 香港eSIM 6-10日間 無制限 QRコードで esim香港 8日間 9日間 10日間 6日間 7日 簡単登録eSIM""], ""data_amount"": [""10日 香港 マカオ （超高速無制限のトラフィック）(+900円) - 数量 : 999998""], ""network_type"": [""qoo10_local_signal: 【SKTelecoｍ公式認証】韓国eSIM 3日間(72時間) 電話番号付き 超高速データ無制限 最初の5分発信無料(韓国国内) LINE即日発行 ご購入日より120日以内 韓国SIM 1,980円 1,620円 4.9 (37,975) 1,296 円 メガ割時""], ""network_generation"": [""no_lte_4g_or_5g_keyword_matched""], ""seller"": [""正規eSIM 即時対応 180万枚突破 ...""], ""seller_badge"": [""search_result: Power seller""]}"
qoo10_jp,hk,【共通して用 中国/香港/マカオ】 eSIM 正規eSIM 超高速3-7日間 データ無制限 無制限 QRコードで eSIM 3日間 eSIM 5日間 eSIM 7日間 eSIM,1100,,Power seller,60,,,,3일,3일,3일,local,unknown,,,"{""cmhk"": null, ""csl"": null, ""smartone"": null, ""three_hk"": null}","{""skt"": null, ""kt"": null, ""lgu"": null}",unlimited,https://www.qoo10.jp/item/%e5%85%b1%e9%80%9a%e3%81%97%e3%81%a6%e7%94%a8-%e4%b8%ad%e5%9b%bd-%e9%a6%99%e6%b8%af-%e3%83%9e%e3%82%ab%e3%82%aa-ESIM-%e6%ad%a3%e8%a6%8fESIM-%e8%b6%85%e9%ab%98%e9%80%9f3-7%e6%97%a5%e9%96%93-%e3%83%87%e3%83%bc%e3%82%bf%e7%84%a1%e5%88%b6%e9%99%90-%e7%84%a1%e5%88%b6%e9%99%90-QR%e3%82%b3%e3%83%bc%e3%83%89%e3%81%a7-ESIM/1187736370,,1187736370,正規eSIM 即時対応 100万枚突破 ...,,"{""title"": [""【共通して用 中国/香港/マカオ】 eSIM 正規eSIM 超高速3-7日間 データ無制限 無制限 QRコードで eSIM 3日間 eSIM 5日間 eSIM 7日間 eSIM""], ""price_jpy"": [""販売価格 1,100円""], ""usage_validity"": [""【共通して用 中国/香港/マカオ】 eSIM 正規eSIM 超高速3-7日間 データ無制限 無制限 QRコードで eSIM 3日間 eSIM 5日間 eSIM 7日間 eSIM""], ""activation_validity"": [""【フィリピンeSIM】3日間(72時間) データ通信無制限 オンラインサービスにて即日送信(LINE相談受付中) 有効期限 / ご購入日より90日以内 フィリピンSIM セブ島 1,550円 4.6 (25) 1,240 円 メガ割時""], ""data_amount"": [""【共通して用 中国/香港/マカオ】 eSIM 正規eSIM 超高速3-7日間 データ無制限 無制限 QRコードで eSIM 3日間 eSIM 5日間 eSIM 7日間 eSIM""], ""network_type"": [""qoo10_local_signal: 【SKTelecoｍ公式認証】韓国eSIM 3日間(72時間) 電話番号付き 超高速データ無制限 最初の5分発信無料(韓国国内) LINE即日発行 ご購入日より120日以内 韓国SIM 1,980円 1,620円 4.9 (37,975) 1,296 円 メガ割時""], ""network_generation"": [""no_lte_4g_or_5g_keyword_matched""], ""seller"": [""正規eSIM 即時対応 100万枚突破 ...""], ""seller_badge"": [""search_result: Power seller""]}"
qoo10_jp,hk,【共通して用 中国/香港/マカオ】 eSIM 正規eSIM 超高速6-10日間 データ無制限 無制限 QRコードで eSIM 8日間 eSIM 6日間 eSIM 7日間 eSIM 9日間 eSIM,2200,,Power seller,61,,,,3일,3일,6일,local,unknown,,,"{""cmhk"": null, ""csl"": null, ""smartone"": null, ""three_hk"": null}","{""skt"": null, ""kt"": null, ""lgu"": null}",unlimited,https://www.qoo10.jp/item/%e5%85%b1%e9%80%9a%e3%81%97%e3%81%a6%e7%94%a8-%e4%b8%ad%e5%9b%bd-%e9%a6%99%e6%b8%af-%e3%83%9e%e3%82%ab%e3%82%aa-ESIM-%e6%ad%a3%e8%a6%8fESIM-%e8%b6%85%e9%ab%98%e9%80%9f6-10%e6%97%a5%e9%96%93-%e3%83%87%e3%83%bc%e3%82%bf%e7%84%a1%e5%88%b6%e9%99%90-%e7%84%a1%e5%88%b6%e9%99%90-QR%e3%82%b3%e3%83%bc%e3%83%89%e3%81%a7-ESIM/1187735321,,1187735321,正規eSIM 即時対応 100万枚突破 ...,,"{""title"": [""【共通して用 中国/香港/マカオ】 eSIM 正規eSIM 超高速6-10日間 データ無制限 無制限 QRコードで eSIM 8日間 eSIM 6日間 eSIM 7日間 eSIM 9日間 eSIM""], ""price_jpy"": [""販売価格 2,200円""], ""usage_validity"": [""【フィリピンeSIM】3日間(72時間) データ通信無制限 オンラインサービスにて即日送信(LINE相談受付中) 有効期限 / ご購入日より90日以内 フィリピンSIM セブ島 1,550円 4.6 (25) 1,240 円 メガ割時""], ""activation_validity"": [""【共通して用 中国/香港/マカオ】 eSIM 正規eSIM 超高速6-10日間 データ無制限 無制限 QRコードで eSIM 8日間 eSIM 6日間 eSIM 7日間 eSIM 9日間 eSIM""], ""data_amount"": [""【共通して用 中国/香港/マカオ】 eSIM 正規eSIM 超高速6-10日間 データ無制限 無制限 QRコードで eSIM 8日間 eSIM 6日間 eSIM 7日間 eSIM 9日間 eSIM""], ""network_type"": [""qoo10_local_signal: 【SKTelecoｍ公式認証】韓国eSIM 3日間(72時間) 電話番号付き 超高速データ無制限 最初の5分発信無料(韓国国内) LINE即日発行 ご購入日より120日以内 韓国SIM 1,980円 1,620円 4.9 (37,975) 1,296 円 メガ割時""], ""network_generation"": [""no_lte_4g_or_5g_keyword_matched""], ""seller"": [""正規eSIM 即時対応 100万枚突破 ...""], ""seller_badge"": [""search_result: Power seller""]}"
qoo10_jp,hk,香港 eSIM マカオ eSIM 正規eSIM 超高速6-10日 データ無制限 香港eSIM 6-10日間 無制限 QRコードで esim香港 8日間 10日間 9日間 6日間 7日 簡単登録eSIM,2750,,Power seller,62,,,,10일,10일,6일,local,unknown,,,"{""cmhk"": null, ""csl"": null, ""smartone"": null, ""three_hk"": null}","{""skt"": null, ""kt"": null, ""lgu"": null}",unlimited,https://www.qoo10.jp/item/%e9%a6%99%e6%b8%af-ESIM-%e3%83%9e%e3%82%ab%e3%82%aa-ESIM-%e6%ad%a3%e8%a6%8fESIM-%e8%b6%85%e9%ab%98%e9%80%9f6-10%e6%97%a5-%e3%83%87%e3%83%bc%e3%82%bf%e7%84%a1%e5%88%b6%e9%99%90-%e9%a6%99%e6%b8%afESIM-6-10%e6%97%a5%e9%96%93-%e7%84%a1%e5%88%b6%e9%99%90-QR%e3%82%b3%e3%83%bc%e3%83%89%e3%81%a7/1187699965,,1187699965,正規eSIM 即時対応 180万枚突破 ...,,"{""title"": [""香港 eSIM マカオ eSIM 正規eSIM 超高速6-10日 データ無制限 香港eSIM 6-10日間 無制限 QRコードで esim香港 8日間 10日間 9日間 6日間 7日 簡単登録eSIM""], ""option_candidates"": [""6日 香港 マカオ（超高速無制限のトラフィック） - 数量 : 999999"", ""7日 香港 マカオ（超高速無制限のトラフィック）(+150円) - 数量 : 999999"", ""8日 香港 マカオ（超高速無制限のトラフィック）(+700円) - 数量 : 999998""], ""representative_option"": [""10日 香港 マカオ （超高速無制限のトラフィック）(+900円) - 数量 : 999999"", ""title_match_score=8""], ""price_jpy"": [""販売価格 1,850円 + option surcharge 900"", ""10日 香港 マカオ （超高速無制限のトラフィック）(+900円) - 数量 : 999999""], ""usage_validity"": [""10日 香港 マカオ （超高速無制限のトラフィック）(+900円) - 数量 : 999999""], ""activation_validity"": [""香港 eSIM マカオ eSIM 正規eSIM 超高速6-10日 データ無制限 香港eSIM 6-10日間 無制限 QRコードで esim香港 8日間 10日間 9日間 6日間 7日 簡単登録eSIM""], ""data_amount"": [""10日 香港 マカオ （超高速無制限のトラフィック）(+900円) - 数量 : 999999""], ""network_type"": [""qoo10_local_signal: 【SKTelecoｍ公式認証】韓国eSIM 3日間(72時間) 電話番号付き 超高速データ無制限 最初の5分発信無料(韓国国内) LINE即日発行 ご購入日より120日以内 韓国SIM 1,980円 1,620円 4.9 (37,975) 1,296 円 メガ割時""], ""network_generation"": [""no_lte_4g_or_5g_keyword_matched""], ""seller"": [""正規eSIM 即時対応 180万枚突破 ...""], ""seller_badge"": [""search_result: Power seller""]}"
qoo10_jp,hk,香港 eSIM マカオ eSIM 正規eSIM 超高速6-10日 データ無制限 香港eSIM 6-10日間 無制限 QRコードで esim香港 8日間 9日間 10日間 6日間 7日 簡単登録eSIM,2750,,Power seller,63,,,,10일,10일,6일,local,unknown,,,"{""cmhk"": null, ""csl"": null, ""smartone"": null, ""three_hk"": null}","{""skt"": null, ""kt"": null, ""lgu"": null}",unlimited,https://www.qoo10.jp/item/%e9%a6%99%e6%b8%af-ESIM-%e3%83%9e%e3%82%ab%e3%82%aa-ESIM-%e6%ad%a3%e8%a6%8fESIM-%e8%b6%85%e9%ab%98%e9%80%9f6-10%e6%97%a5-%e3%83%87%e3%83%bc%e3%82%bf%e7%84%a1%e5%88%b6%e9%99%90-%e9%a6%99%e6%b8%afESIM-6-10%e6%97%a5%e9%96%93-%e7%84%a1%e5%88%b6%e9%99%90-QR%e3%82%b3%e3%83%bc%e3%83%89%e3%81%a7/1187699958,,1187699958,正規eSIM 即時対応 180万枚突破 ...,,"{""title"": [""香港 eSIM マカオ eSIM 正規eSIM 超高速6-10日 データ無制限 香港eSIM 6-10日間 無制限 QRコードで esim香港 8日間 9日間 10日間 6日間 7日 簡単登録eSIM""], ""option_candidates"": [""6日 香港 マカオ（超高速無制限のトラフィック） - 数量 : 999993"", ""7日 香港 マカオ（超高速無制限のトラフィック）(+150円) - 数量 : 999995"", ""8日 香港 マカオ（超高速無制限のトラフィック）(+700円) - 数量 : 999998""], ""representative_option"": [""10日 香港 マカオ （超高速無制限のトラフィック）(+900円) - 数量 : 999999"", ""title_match_score=8""], ""price_jpy"": [""販売価格 1,850円 + option surcharge 900"", ""10日 香港 マカオ （超高速無制限のトラフィック）(+900円) - 数量 : 999999""], ""usage_validity"": [""10日 香港 マカオ （超高速無制限のトラフィック）(+900円) - 数量 : 999999""], ""activation_validity"": [""香港 eSIM マカオ eSIM 正規eSIM 超高速6-10日 データ無制限 香港eSIM 6-10日間 無制限 QRコードで esim香港 8日間 9日間 10日間 6日間 7日 簡単登録eSIM""], ""data_amount"": [""10日 香港 マカオ （超高速無制限のトラフィック）(+900円) - 数量 : 999999""], ""network_type"": [""qoo10_local_signal: 【SKTelecoｍ公式認証】韓国eSIM 3日間(72時間) 電話番号付き 超高速データ無制限 最初の5分発信無料(韓国国内) LINE即日発行 ご購入日より120日以内 韓国SIM 1,980円 1,620円 4.9 (37,975) 1,296 円 メガ割時""], ""network_generation"": [""no_lte_4g_or_5g_keyword_matched""], ""seller"": [""正規eSIM 即時対応 180万枚突破 ...""], ""seller_badge"": [""search_result: Power seller""]}"
qoo10_jp,hk,【共通して用 中国/香港/マカオ】 eSIM 正規eSIM 超高速2日間 データ無制限 無制限 QRコードで eSIM 2日間 eSIM中国 eSIM 中国 中国eSIM 中国 eSIM,990,,Power seller,64,,,,2일,2일,3일,local,unknown,,,"{""cmhk"": null, ""csl"": null, ""smartone"": null, ""three_hk"": null}","{""skt"": null, ""kt"": null, ""lgu"": null}",unlimited,https://www.qoo10.jp/item/%e5%85%b1%e9%80%9a%e3%81%97%e3%81%a6%e7%94%a8-%e4%b8%ad%e5%9b%bd-%e9%a6%99%e6%b8%af-%e3%83%9e%e3%82%ab%e3%82%aa-ESIM-%e6%ad%a3%e8%a6%8fESIM-%e8%b6%85%e9%ab%98%e9%80%9f2%e6%97%a5%e9%96%93-%e3%83%87%e3%83%bc%e3%82%bf%e7%84%a1%e5%88%b6%e9%99%90-%e7%84%a1%e5%88%b6%e9%99%90-QR%e3%82%b3%e3%83%bc%e3%83%89%e3%81%a7-ESIM-2%e6%97%a5%e9%96%93/1187433027,,1187433027,正規eSIM 即時対応 100万枚突破 ...,,"{""title"": [""【共通して用 中国/香港/マカオ】 eSIM 正規eSIM 超高速2日間 データ無制限 無制限 QRコードで eSIM 2日間 eSIM中国 eSIM 中国 中国eSIM 中国 eSIM""], ""price_jpy"": [""販売価格 990円""], ""usage_validity"": [""【共通して用 中国/香港/マカオ】 eSIM 正規eSIM 超高速2日間 データ無制限 無制限 QRコードで eSIM 2日間 eSIM中国 eSIM 中国 中国eSIM 中国 eSIM""], ""activation_validity"": [""【フィリピンeSIM】3日間(72時間) データ通信無制限 オンラインサービスにて即日送信(LINE相談受付中) 有効期限 / ご購入日より90日以内 フィリピンSIM セブ島 1,550円 4.6 (25) 1,240 円 メガ割時""], ""data_amount"": [""【共通して用 中国/香港/マカオ】 eSIM 正規eSIM 超高速2日間 データ無制限 無制限 QRコードで eSIM 2日間 eSIM中国 eSIM 中国 中国eSIM 中国 eSIM""], ""network_type"": [""qoo10_local_signal: 【SKTelecoｍ公式認証】韓国eSIM 3日間(72時間) 電話番号付き 超高速データ無制限 最初の5分発信無料(韓国国内) LINE即日発行 ご購入日より120日以内 韓国SIM 1,980円 1,620円 4.9 (37,975) 1,296 円 メガ割時""], ""network_generation"": [""no_lte_4g_or_5g_keyword_matched""], ""seller"": [""正規eSIM 即時対応 100万枚突破 ...""], ""seller_badge"": [""search_result: Power seller""]}"
qoo10_jp,hk,【共通して用 中国/香港/マカオ】 eSIM 正規eSIM 超高速7日間 データ無制限 無制限 QRコードで eSIM 7日間 eSIM中国 eSIM 中国 中国eSIM 中国 eSIM,1990,,Power seller,65,,,,3일,3일,7일,local,unknown,,,"{""cmhk"": null, ""csl"": null, ""smartone"": null, ""three_hk"": null}","{""skt"": null, ""kt"": null, ""lgu"": null}",unlimited,https://www.qoo10.jp/item/%e5%85%b1%e9%80%9a%e3%81%97%e3%81%a6%e7%94%a8-%e4%b8%ad%e5%9b%bd-%e9%a6%99%e6%b8%af-%e3%83%9e%e3%82%ab%e3%82%aa-ESIM-%e6%ad%a3%e8%a6%8fESIM-%e8%b6%85%e9%ab%98%e9%80%9f7%e6%97%a5%e9%96%93-%e3%83%87%e3%83%bc%e3%82%bf%e7%84%a1%e5%88%b6%e9%99%90-%e7%84%a1%e5%88%b6%e9%99%90-QR%e3%82%b3%e3%83%bc%e3%83%89%e3%81%a7-ESIM-7%e6%97%a5%e9%96%93/1187431126,,1187431126,正規eSIM 即時対応 100万枚突破 ...,,"{""title"": [""【共通して用 中国/香港/マカオ】 eSIM 正規eSIM 超高速7日間 データ無制限 無制限 QRコードで eSIM 7日間 eSIM中国 eSIM 中国 中国eSIM 中国 eSIM""], ""price_jpy"": [""販売価格 1,990円""], ""usage_validity"": [""【フィリピンeSIM】3日間(72時間) データ通信無制限 オンラインサービスにて即日送信(LINE相談受付中) 有効期限 / ご購入日より90日以内 フィリピンSIM セブ島 1,550円 4.6 (25) 1,240 円 メガ割時""], ""activation_validity"": [""【共通して用 中国/香港/マカオ】 eSIM 正規eSIM 超高速7日間 データ無制限 無制限 QRコードで eSIM 7日間 eSIM中国 eSIM 中国 中国eSIM 中国 eSIM""], ""data_amount"": [""【共通して用 中国/香港/マカオ】 eSIM 正規eSIM 超高速7日間 データ無制限 無制限 QRコードで eSIM 7日間 eSIM中国 eSIM 中国 中国eSIM 中国 eSIM""], ""network_type"": [""qoo10_local_signal: 【SKTelecoｍ公式認証】韓国eSIM 3日間(72時間) 電話番号付き 超高速データ無制限 最初の5分発信無料(韓国国内) LINE即日発行 ご購入日より120日以内 韓国SIM 1,980円 1,620円 4.9 (37,975) 1,296 円 メガ割時""], ""network_generation"": [""no_lte_4g_or_5g_keyword_matched""], ""seller"": [""正規eSIM 即時対応 100万枚突破 ...""], ""seller_badge"": [""search_result: Power seller""]}"
qoo10_jp,hk,【共通して用 中国/香港/マカオ】 eSIM 正規eSIM 超高速6日間 データ無制限 無制限 QRコードで eSIM 6日間 eSIM中国 eSIM 中国 中国eSIM 中国 eSIM,1890,,Power seller,66,,,,3일,3일,6일,local,unknown,,,"{""cmhk"": null, ""csl"": null, ""smartone"": null, ""three_hk"": null}","{""skt"": null, ""kt"": null, ""lgu"": null}",unlimited,https://www.qoo10.jp/item/%e5%85%b1%e9%80%9a%e3%81%97%e3%81%a6%e7%94%a8-%e4%b8%ad%e5%9b%bd-%e9%a6%99%e6%b8%af-%e3%83%9e%e3%82%ab%e3%82%aa-ESIM-%e6%ad%a3%e8%a6%8fESIM-%e8%b6%85%e9%ab%98%e9%80%9f6%e6%97%a5%e9%96%93-%e3%83%87%e3%83%bc%e3%82%bf%e7%84%a1%e5%88%b6%e9%99%90-%e7%84%a1%e5%88%b6%e9%99%90-QR%e3%82%b3%e3%83%bc%e3%83%89%e3%81%a7-ESIM-6%e6%97%a5%e9%96%93/1187431036,,1187431036,正規eSIM 即時対応 100万枚突破 ...,,"{""title"": [""【共通して用 中国/香港/マカオ】 eSIM 正規eSIM 超高速6日間 データ無制限 無制限 QRコードで eSIM 6日間 eSIM中国 eSIM 中国 中国eSIM 中国 eSIM""], ""price_jpy"": [""販売価格 1,890円""], ""usage_validity"": [""【フィリピンeSIM】3日間(72時間) データ通信無制限 オンラインサービスにて即日送信(LINE相談受付中) 有効期限 / ご購入日より90日以内 フィリピンSIM セブ島 1,550円 4.6 (25) 1,240 円 メガ割時""], ""activation_validity"": [""【共通して用 中国/香港/マカオ】 eSIM 正規eSIM 超高速6日間 データ無制限 無制限 QRコードで eSIM 6日間 eSIM中国 eSIM 中国 中国eSIM 中国 eSIM""], ""data_amount"": [""【共通して用 中国/香港/マカオ】 eSIM 正規eSIM 超高速6日間 データ無制限 無制限 QRコードで eSIM 6日間 eSIM中国 eSIM 中国 中国eSIM 中国 eSIM""], ""network_type"": [""qoo10_local_signal: 【SKTelecoｍ公式認証】韓国eSIM 3日間(72時間) 電話番号付き 超高速データ無制限 最初の5分発信無料(韓国国内) LINE即日発行 ご購入日より120日以内 韓国SIM 1,980円 1,620円 4.9 (37,975) 1,296 円 メガ割時""], ""network_generation"": [""no_lte_4g_or_5g_keyword_matched""], ""seller"": [""正規eSIM 即時対応 100万枚突破 ...""], ""seller_badge"": [""search_result: Power seller""]}"
qoo10_jp,hk,【共通して用 中国/香港/マカオ】 eSIM 正規eSIM 超高速5日間 データ無制限 無制限 QRコードで eSIM 5日間 eSIM中国 eSIM 中国 中国eSIM 中国 eSIM,1490,,Power seller,67,,,,3일,3일,5일,local,unknown,,,"{""cmhk"": null, ""csl"": null, ""smartone"": null, ""three_hk"": null}","{""skt"": null, ""kt"": null, ""lgu"": null}",unlimited,https://www.qoo10.jp/item/%e5%85%b1%e9%80%9a%e3%81%97%e3%81%a6%e7%94%a8-%e4%b8%ad%e5%9b%bd-%e9%a6%99%e6%b8%af-%e3%83%9e%e3%82%ab%e3%82%aa-ESIM-%e6%ad%a3%e8%a6%8fESIM-%e8%b6%85%e9%ab%98%e9%80%9f5%e6%97%a5%e9%96%93-%e3%83%87%e3%83%bc%e3%82%bf%e7%84%a1%e5%88%b6%e9%99%90-%e7%84%a1%e5%88%b6%e9%99%90-QR%e3%82%b3%e3%83%bc%e3%83%89%e3%81%a7-ESIM-5%e6%97%a5%e9%96%93/1187430921,,1187430921,正規eSIM 即時対応 100万枚突破 ...,,"{""title"": [""【共通して用 中国/香港/マカオ】 eSIM 正規eSIM 超高速5日間 データ無制限 無制限 QRコードで eSIM 5日間 eSIM中国 eSIM 中国 中国eSIM 中国 eSIM""], ""price_jpy"": [""販売価格 1,490円""], ""usage_validity"": [""【フィリピンeSIM】3日間(72時間) データ通信無制限 オンラインサービスにて即日送信(LINE相談受付中) 有効期限 / ご購入日より90日以内 フィリピンSIM セブ島 1,550円 4.6 (25) 1,240 円 メガ割時""], ""activation_validity"": [""【共通して用 中国/香港/マカオ】 eSIM 正規eSIM 超高速5日間 データ無制限 無制限 QRコードで eSIM 5日間 eSIM中国 eSIM 中国 中国eSIM 中国 eSIM""], ""data_amount"": [""【共通して用 中国/香港/マカオ】 eSIM 正規eSIM 超高速5日間 データ無制限 無制限 QRコードで eSIM 5日間 eSIM中国 eSIM 中国 中国eSIM 中国 eSIM""], ""network_type"": [""qoo10_local_signal: 【SKTelecoｍ公式認証】韓国eSIM 3日間(72時間) 電話番号付き 超高速データ無制限 最初の5分発信無料(韓国国内) LINE即日発行 ご購入日より120日以内 韓国SIM 1,980円 1,620円 4.9 (37,975) 1,296 円 メガ割時""], ""network_generation"": [""no_lte_4g_or_5g_keyword_matched""], ""seller"": [""正規eSIM 即時対応 100万枚突破 ...""], ""seller_badge"": [""search_result: Power seller""]}"
qoo10_jp,hk,【共通して用 中国/香港/マカオ】 eSIM 正規eSIM 超高速3日間 データ無制限 無制限 QRコードで eSIM 3日間 eSIM中国 eSIM 中国 中国eSIM 中国 eSIM,1100,,Power seller,68,,,,3일,3일,3일,local,unknown,,,"{""cmhk"": null, ""csl"": null, ""smartone"": null, ""three_hk"": null}","{""skt"": null, ""kt"": null, ""lgu"": null}",unlimited,https://www.qoo10.jp/item/%e5%85%b1%e9%80%9a%e3%81%97%e3%81%a6%e7%94%a8-%e4%b8%ad%e5%9b%bd-%e9%a6%99%e6%b8%af-%e3%83%9e%e3%82%ab%e3%82%aa-ESIM-%e6%ad%a3%e8%a6%8fESIM-%e8%b6%85%e9%ab%98%e9%80%9f3%e6%97%a5%e9%96%93-%e3%83%87%e3%83%bc%e3%82%bf%e7%84%a1%e5%88%b6%e9%99%90-%e7%84%a1%e5%88%b6%e9%99%90-QR%e3%82%b3%e3%83%bc%e3%83%89%e3%81%a7-ESIM-3%e6%97%a5%e9%96%93/1187430358,,1187430358,正規eSIM 即時対応 100万枚突破 ...,,"{""title"": [""【共通して用 中国/香港/マカオ】 eSIM 正規eSIM 超高速3日間 データ無制限 無制限 QRコードで eSIM 3日間 eSIM中国 eSIM 中国 中国eSIM 中国 eSIM""], ""price_jpy"": [""販売価格 1,100円""], ""usage_validity"": [""【共通して用 中国/香港/マカオ】 eSIM 正規eSIM 超高速3日間 データ無制限 無制限 QRコードで eSIM 3日間 eSIM中国 eSIM 中国 中国eSIM 中国 eSIM""], ""activation_validity"": [""【フィリピンeSIM】3日間(72時間) データ通信無制限 オンラインサービスにて即日送信(LINE相談受付中) 有効期限 / ご購入日より90日以内 フィリピンSIM セブ島 1,550円 4.6 (25) 1,240 円 メガ割時""], ""data_amount"": [""【共通して用 中国/香港/マカオ】 eSIM 正規eSIM 超高速3日間 データ無制限 無制限 QRコードで eSIM 3日間 eSIM中国 eSIM 中国 中国eSIM 中国 eSIM""], ""network_type"": [""qoo10_local_signal: 【SKTelecoｍ公式認証】韓国eSIM 3日間(72時間) 電話番号付き 超高速データ無制限 最初の5分発信無料(韓国国内) LINE即日発行 ご購入日より120日以内 韓国SIM 1,980円 1,620円 4.9 (37,975) 1,296 円 メガ割時""], ""network_generation"": [""no_lte_4g_or_5g_keyword_matched""], ""seller"": [""正規eSIM 即時対応 100万枚突破 ...""], ""seller_badge"": [""search_result: Power seller""]}"
qoo10_jp,hk,香港eSIM 安心の日本企業 6日間 無制限 低速なし 日本人スタッフによるLINEサポート(お急ぎの方相談可) 最短即日発行 有効期限90日 パスポート番号不要 データ通信専用,1860,,Power seller,69,,,,6일,6일,90일,local,unknown,,,"{""cmhk"": null, ""csl"": null, ""smartone"": null, ""three_hk"": null}","{""skt"": null, ""kt"": null, ""lgu"": null}",unlimited,https://www.qoo10.jp/item/%e9%a6%99%e6%b8%afESIM-%e5%ae%89%e5%bf%83%e3%81%ae%e6%97%a5%e6%9c%ac%e4%bc%81%e6%a5%ad-6%e6%97%a5%e9%96%93-%e7%84%a1%e5%88%b6%e9%99%90-%e4%bd%8e%e9%80%9f%e3%81%aa%e3%81%97-%e6%97%a5%e6%9c%ac%e4%ba%ba%e3%82%b9%e3%82%bf%e3%83%83%e3%83%95%e3%81%ab%e3%82%88%e3%82%8bLINE%e3%82%b5%e3%83%9d%e3%83%bc%e3%83%88-%e3%81%8a%e6%80%a5%e3%81%8e%e3%81%ae%e6%96%b9%e7%9b%b8%e8%ab%87%e5%8f%af-%e6%9c%80%e7%9f%ad%e5%8d%b3%e6%97%a5%e7%99%ba%e8%a1%8c/1140351653,,1140351653,いーしむさん,,"{""title"": [""香港eSIM 安心の日本企業 6日間 無制限 低速なし 日本人スタッフによるLINEサポート(お急ぎの方相談可) 最短即日発行 有効期限90日 パスポート番号不要 データ通信専用""], ""price_jpy"": [""販売価格 1,860円""], ""usage_validity"": [""香港eSIM 安心の日本企業 6日間 無制限 低速なし 日本人スタッフによるLINEサポート(お急ぎの方相談可) 最短即日発行 有効期限90日 パスポート番号不要 データ通信専用""], ""activation_validity"": [""香港eSIM 安心の日本企業 6日間 無制限 低速なし 日本人スタッフによるLINEサポート(お急ぎの方相談可) 最短即日発行 有効期限90日 パスポート番号不要 データ通信専用""], ""data_amount"": [""香港eSIM 安心の日本企業 6日間 無制限 低速なし 日本人スタッフによるLINEサポート(お急ぎの方相談可) 最短即日発行 有効期限90日 パスポート番号不要 データ通信専用""], ""network_type"": [""qoo10_local_signal: 【SKTelecoｍ公式認証】韓国eSIM 3日間(72時間) 電話番号付き 超高速データ無制限 最初の5分発信無料(韓国国内) LINE即日発行 ご購入日より120日以内 韓国SIM 1,980円 1,620円 4.9 (37,975) 1,296 円 メガ割時""], ""network_generation"": [""no_lte_4g_or_5g_keyword_matched""], ""seller"": [""いーしむさん""], ""seller_badge"": [""search_result: Power seller""]}"
qoo10_jp,hk,香港eSIM 安心の日本企業 30日間 無制限 低速なし 日本人スタッフによるLINEサポート(お急ぎの方相談可) 最短即日発行 有効期限90日 パスポート番号不要 データ通信専用,8914,,Power seller,71,,,,30일,30일,90일,local,unknown,,,"{""cmhk"": null, ""csl"": null, ""smartone"": null, ""three_hk"": null}","{""skt"": null, ""kt"": null, ""lgu"": null}",unlimited,https://www.qoo10.jp/item/%e9%a6%99%e6%b8%afESIM-%e5%ae%89%e5%bf%83%e3%81%ae%e6%97%a5%e6%9c%ac%e4%bc%81%e6%a5%ad-30%e6%97%a5%e9%96%93-%e7%84%a1%e5%88%b6%e9%99%90-%e4%bd%8e%e9%80%9f%e3%81%aa%e3%81%97-%e6%97%a5%e6%9c%ac%e4%ba%ba%e3%82%b9%e3%82%bf%e3%83%83%e3%83%95%e3%81%ab%e3%82%88%e3%82%8bLINE%e3%82%b5%e3%83%9d%e3%83%bc%e3%83%88-%e3%81%8a%e6%80%a5%e3%81%8e%e3%81%ae%e6%96%b9%e7%9b%b8%e8%ab%87%e5%8f%af-%e6%9c%80%e7%9f%ad%e5%8d%b3%e6%97%a5%e7%99%ba%e8%a1%8c/1117391022,,1117391022,いーしむさん,,"{""title"": [""香港eSIM 安心の日本企業 30日間 無制限 低速なし 日本人スタッフによるLINEサポート(お急ぎの方相談可) 最短即日発行 有効期限90日 パスポート番号不要 データ通信専用""], ""price_jpy"": [""販売価格 8,914円""], ""usage_validity"": [""香港eSIM 安心の日本企業 30日間 無制限 低速なし 日本人スタッフによるLINEサポート(お急ぎの方相談可) 最短即日発行 有効期限90日 パスポート番号不要 データ通信専用""], ""activation_validity"": [""香港eSIM 安心の日本企業 30日間 無制限 低速なし 日本人スタッフによるLINEサポート(お急ぎの方相談可) 最短即日発行 有効期限90日 パスポート番号不要 データ通信専用""], ""data_amount"": [""香港eSIM 安心の日本企業 30日間 無制限 低速なし 日本人スタッフによるLINEサポート(お急ぎの方相談可) 最短即日発行 有効期限90日 パスポート番号不要 データ通信専用""], ""network_type"": [""qoo10_local_signal: 【SKTelecoｍ公式認証】韓国eSIM 3日間(72時間) 電話番号付き 超高速データ無制限 最初の5分発信無料(韓国国内) LINE即日発行 ご購入日より120日以内 韓国SIM 1,980円 1,620円 4.9 (37,975) 1,296 円 メガ割時""], ""network_generation"": [""no_lte_4g_or_5g_keyword_matched""], ""seller"": [""いーしむさん""], ""seller_badge"": [""search_result: Power seller""]}"
qoo10_jp,hk,【香港・マカオ eSIM】5日間（120時間）データ無制限 即日利用可能 オンラインサービスにてeSIMお届け お急ぎの方はLINEへ！有効期限：ご購入日から90日 SIM,1850,,Good seller,72,,,,5일,5일,5일,local,unknown,,,"{""cmhk"": null, ""csl"": null, ""smartone"": null, ""three_hk"": null}","{""skt"": null, ""kt"": null, ""lgu"": null}",unlimited,https://www.qoo10.jp/item/%e9%a6%99%e6%b8%af%e3%83%bb%e3%83%9e%e3%82%ab%e3%82%aa-ESIM-5%e6%97%a5%e9%96%93%ef%bc%88120%e6%99%82%e9%96%93%ef%bc%89%e3%83%87%e3%83%bc%e3%82%bf%e7%84%a1%e5%88%b6%e9%99%90-%e5%8d%b3%e6%97%a5%e5%88%a9%e7%94%a8%e5%8f%af%e8%83%bd-%e3%82%aa%e3%83%b3%e3%83%a9%e3%82%a4%e3%83%b3%e3%82%b5%e3%83%bc%e3%83%93%e3%82%b9%e3%81%ab%e3%81%a6ESIM%e3%81%8a%e5%b1%8a%e3%81%91-%e3%81%8a%e6%80%a5%e3%81%8e%e3%81%ae%e6%96%b9%e3%81%afLINE%e3%81%b8%ef%bc%81%e6%9c%89%e5%8a%b9%e6%9c%9f/1209769915,,1209769915,onishi-store,,"{""title"": [""【香港・マカオ eSIM】5日間（120時間）データ無制限 即日利用可能 オンラインサービスにてeSIMお届け お急ぎの方はLINEへ！有効期限：ご購入日から90日 SIM""], ""price_jpy"": [""販売価格 1,850円""], ""usage_validity"": [""【香港・マカオ eSIM】5日間（120時間）データ無制限 即日利用可能 オンラインサービスにてeSIMお届け お急ぎの方はLINEへ！有効期限：ご購入日から90日 SIM""], ""activation_validity"": [""【香港・マカオ eSIM】5日間（120時間）データ無制限 即日利用可能 オンラインサービスにてeSIMお届け お急ぎの方はLINEへ！有効期限：ご購入日から90日 SIM""], ""data_amount"": [""【香港・マカオ eSIM】5日間（120時間）データ無制限 即日利用可能 オンラインサービスにてeSIMお届け お急ぎの方はLINEへ！有効期限：ご購入日から90日 SIM""], ""network_type"": [""qoo10_local_signal: 【SKTelecoｍ公式認証】韓国eSIM 3日間(72時間) 電話番号付き 超高速データ無制限 最初の5分発信無料(韓国国内) LINE即日発行 ご購入日より120日以内 韓国SIM 1,980円 1,620円 4.9 (37,975) 1,296 円 メガ割時""], ""network_generation"": [""no_lte_4g_or_5g_keyword_matched""], ""seller"": [""onishi-store""], ""seller_badge"": [""search_result: Good seller""]}"
qoo10_jp,hk,【香港 eSIM データ無制限】香港 eSIM 正規eSIM 超高速 1日間 データ無制限 eSIM 1日間 無制限 QRコードで 台湾 esim 1日間 esim 香港,460,,Power seller,75,,,,1일,1일,3일,local,unknown,,,"{""cmhk"": null, ""csl"": null, ""smartone"": null, ""three_hk"": null}","{""skt"": null, ""kt"": null, ""lgu"": null}",unlimited,https://www.qoo10.jp/item/%e9%a6%99%e6%b8%af-ESIM-%e3%83%87%e3%83%bc%e3%82%bf%e7%84%a1%e5%88%b6%e9%99%90-%e9%a6%99%e6%b8%af-ESIM-%e6%ad%a3%e8%a6%8fESIM-%e8%b6%85%e9%ab%98%e9%80%9f-1%e6%97%a5%e9%96%93-%e3%83%87%e3%83%bc%e3%82%bf%e7%84%a1%e5%88%b6%e9%99%90-ESIM-1%e6%97%a5%e9%96%93-%e7%84%a1%e5%88%b6%e9%99%90-QR%e3%82%b3%e3%83%bc%e3%83%89%e3%81%a7/1204252316,,1204252316,正規eSIM 即時対応 60万枚突破 �...,,"{""title"": [""【香港 eSIM データ無制限】香港 eSIM 正規eSIM 超高速 1日間 データ無制限 eSIM 1日間 無制限 QRコードで 台湾 esim 1日間 esim 香港""], ""price_jpy"": [""販売価格 460円""], ""usage_validity"": [""【香港 eSIM データ無制限】香港 eSIM 正規eSIM 超高速 1日間 データ無制限 eSIM 1日間 無制限 QRコードで 台湾 esim 1日間 esim 香港""], ""activation_validity"": [""【フィリピンeSIM】3日間(72時間) データ通信無制限 オンラインサービスにて即日送信(LINE相談受付中) 有効期限 / ご購入日より90日以内 フィリピンSIM セブ島 1,550円 4.6 (25) 1,240 円 メガ割時""], ""data_amount"": [""【香港 eSIM データ無制限】香港 eSIM 正規eSIM 超高速 1日間 データ無制限 eSIM 1日間 無制限 QRコードで 台湾 esim 1日間 esim 香港""], ""network_type"": [""qoo10_local_signal: 【SKTelecoｍ公式認証】韓国eSIM 3日間(72時間) 電話番号付き 超高速データ無制限 最初の5分発信無料(韓国国内) LINE即日発行 ご購入日より120日以内 韓国SIM 1,980円 1,620円 4.9 (37,975) 1,296 円 メガ割時""], ""network_generation"": [""no_lte_4g_or_5g_keyword_matched""], ""seller"": [""正規eSIM 即時対応 60万枚突破 �...""], ""seller_badge"": [""search_result: Power seller""]}"
qoo10_jp,hk,【香港 eSIM データ無制限】香港 eSIM 正規eSIM 超高速 3日間 データ無制限 eSIM 3日間 無制限 QRコードで 台湾 esim 3日間 esim 香港,950,,Power seller,76,,,,3일,3일,3일,local,unknown,,,"{""cmhk"": null, ""csl"": null, ""smartone"": null, ""three_hk"": null}","{""skt"": null, ""kt"": null, ""lgu"": null}",unlimited,https://www.qoo10.jp/item/%e9%a6%99%e6%b8%af-ESIM-%e3%83%87%e3%83%bc%e3%82%bf%e7%84%a1%e5%88%b6%e9%99%90-%e9%a6%99%e6%b8%af-ESIM-%e6%ad%a3%e8%a6%8fESIM-%e8%b6%85%e9%ab%98%e9%80%9f-3%e6%97%a5%e9%96%93-%e3%83%87%e3%83%bc%e3%82%bf%e7%84%a1%e5%88%b6%e9%99%90-ESIM-3%e6%97%a5%e9%96%93-%e7%84%a1%e5%88%b6%e9%99%90-QR%e3%82%b3%e3%83%bc%e3%83%89%e3%81%a7/1203771350,,1203771350,正規eSIM 即時対応 60万枚突破 �...,,"{""title"": [""【香港 eSIM データ無制限】香港 eSIM 正規eSIM 超高速 3日間 データ無制限 eSIM 3日間 無制限 QRコードで 台湾 esim 3日間 esim 香港""], ""price_jpy"": [""販売価格 950円""], ""usage_validity"": [""【香港 eSIM データ無制限】香港 eSIM 正規eSIM 超高速 3日間 データ無制限 eSIM 3日間 無制限 QRコードで 台湾 esim 3日間 esim 香港""], ""activation_validity"": [""【フィリピンeSIM】3日間(72時間) データ通信無制限 オンラインサービスにて即日送信(LINE相談受付中) 有効期限 / ご購入日より90日以内 フィリピンSIM セブ島 1,550円 4.6 (25) 1,240 円 メガ割時""], ""data_amount"": [""【香港 eSIM データ無制限】香港 eSIM 正規eSIM 超高速 3日間 データ無制限 eSIM 3日間 無制限 QRコードで 台湾 esim 3日間 esim 香港""], ""network_type"": [""qoo10_local_signal: 【SKTelecoｍ公式認証】韓国eSIM 3日間(72時間) 電話番号付き 超高速データ無制限 最初の5分発信無料(韓国国内) LINE即日発行 ご購入日より120日以内 韓国SIM 1,980円 1,620円 4.9 (37,975) 1,296 円 メガ割時""], ""network_generation"": [""no_lte_4g_or_5g_keyword_matched""], ""seller"": [""正規eSIM 即時対応 60万枚突破 �...""], ""seller_badge"": [""search_result: Power seller""]}"
qoo10_jp,hk,【香港 eSIM データ無制限】香港 eSIM 正規eSIM 超高速 4日間 データ無制限 eSIM 4日間 無制限 QRコードで 台湾 esim 4日間 esim 香港,1100,,Power seller,77,,,,3일,3일,4일,local,unknown,,,"{""cmhk"": null, ""csl"": null, ""smartone"": null, ""three_hk"": null}","{""skt"": null, ""kt"": null, ""lgu"": null}",unlimited,https://www.qoo10.jp/item/%e9%a6%99%e6%b8%af-ESIM-%e3%83%87%e3%83%bc%e3%82%bf%e7%84%a1%e5%88%b6%e9%99%90-%e9%a6%99%e6%b8%af-ESIM-%e6%ad%a3%e8%a6%8fESIM-%e8%b6%85%e9%ab%98%e9%80%9f-4%e6%97%a5%e9%96%93-%e3%83%87%e3%83%bc%e3%82%bf%e7%84%a1%e5%88%b6%e9%99%90-ESIM-4%e6%97%a5%e9%96%93-%e7%84%a1%e5%88%b6%e9%99%90-QR%e3%82%b3%e3%83%bc%e3%83%89%e3%81%a7/1203771335,,1203771335,正規eSIM 即時対応 60万枚突破 �...,,"{""title"": [""【香港 eSIM データ無制限】香港 eSIM 正規eSIM 超高速 4日間 データ無制限 eSIM 4日間 無制限 QRコードで 台湾 esim 4日間 esim 香港""], ""price_jpy"": [""販売価格 1,100円""], ""usage_validity"": [""【フィリピンeSIM】3日間(72時間) データ通信無制限 オンラインサービスにて即日送信(LINE相談受付中) 有効期限 / ご購入日より90日以内 フィリピンSIM セブ島 1,550円 4.6 (25) 1,240 円 メガ割時""], ""activation_validity"": [""【香港 eSIM データ無制限】香港 eSIM 正規eSIM 超高速 4日間 データ無制限 eSIM 4日間 無制限 QRコードで 台湾 esim 4日間 esim 香港""], ""data_amount"": [""【香港 eSIM データ無制限】香港 eSIM 正規eSIM 超高速 4日間 データ無制限 eSIM 4日間 無制限 QRコードで 台湾 esim 4日間 esim 香港""], ""network_type"": [""qoo10_local_signal: 【SKTelecoｍ公式認証】韓国eSIM 3日間(72時間) 電話番号付き 超高速データ無制限 最初の5分発信無料(韓国国内) LINE即日発行 ご購入日より120日以内 韓国SIM 1,980円 1,620円 4.9 (37,975) 1,296 円 メガ割時""], ""network_generation"": [""no_lte_4g_or_5g_keyword_matched""], ""seller"": [""正規eSIM 即時対応 60万枚突破 �...""], ""seller_badge"": [""search_result: Power seller""]}"
qoo10_jp,hk,【香港 eSIM データ無制限】香港 eSIM 正規eSIM 超高速 5日間 データ無制限 eSIM 5日間 無制限 QRコードで 台湾 esim 5日間 esim 香港,1300,,Power seller,78,,,,3일,3일,5일,local,unknown,,,"{""cmhk"": null, ""csl"": null, ""smartone"": null, ""three_hk"": null}","{""skt"": null, ""kt"": null, ""lgu"": null}",unlimited,https://www.qoo10.jp/item/%e9%a6%99%e6%b8%af-ESIM-%e3%83%87%e3%83%bc%e3%82%bf%e7%84%a1%e5%88%b6%e9%99%90-%e9%a6%99%e6%b8%af-ESIM-%e6%ad%a3%e8%a6%8fESIM-%e8%b6%85%e9%ab%98%e9%80%9f-5%e6%97%a5%e9%96%93-%e3%83%87%e3%83%bc%e3%82%bf%e7%84%a1%e5%88%b6%e9%99%90-ESIM-5%e6%97%a5%e9%96%93-%e7%84%a1%e5%88%b6%e9%99%90-QR%e3%82%b3%e3%83%bc%e3%83%89%e3%81%a7/1203771326,,1203771326,正規eSIM 即時対応 60万枚突破 �...,,"{""title"": [""【香港 eSIM データ無制限】香港 eSIM 正規eSIM 超高速 5日間 データ無制限 eSIM 5日間 無制限 QRコードで 台湾 esim 5日間 esim 香港""], ""price_jpy"": [""販売価格 1,300円""], ""usage_validity"": [""【フィリピンeSIM】3日間(72時間) データ通信無制限 オンラインサービスにて即日送信(LINE相談受付中) 有効期限 / ご購入日より90日以内 フィリピンSIM セブ島 1,550円 4.6 (25) 1,240 円 メガ割時""], ""activation_validity"": [""【香港 eSIM データ無制限】香港 eSIM 正規eSIM 超高速 5日間 データ無制限 eSIM 5日間 無制限 QRコードで 台湾 esim 5日間 esim 香港""], ""data_amount"": [""【香港 eSIM データ無制限】香港 eSIM 正規eSIM 超高速 5日間 データ無制限 eSIM 5日間 無制限 QRコードで 台湾 esim 5日間 esim 香港""], ""network_type"": [""qoo10_local_signal: 【SKTelecoｍ公式認証】韓国eSIM 3日間(72時間) 電話番号付き 超高速データ無制限 最初の5分発信無料(韓国国内) LINE即日発行 ご購入日より120日以内 韓国SIM 1,980円 1,620円 4.9 (37,975) 1,296 円 メガ割時""], ""network_generation"": [""no_lte_4g_or_5g_keyword_matched""], ""seller"": [""正規eSIM 即時対応 60万枚突破 �...""], ""seller_badge"": [""search_result: Power seller""]}"
qoo10_jp,hk,【香港 eSIM データ無制限】香港 eSIM 正規eSIM 超高速 6日間 データ無制限 eSIM 6日間 無制限 QRコードで 台湾 esim 6日間 esim 香港,1650,,Power seller,79,,,,3일,3일,6일,local,unknown,,,"{""cmhk"": null, ""csl"": null, ""smartone"": null, ""three_hk"": null}","{""skt"": null, ""kt"": null, ""lgu"": null}",unlimited,https://www.qoo10.jp/item/%e9%a6%99%e6%b8%af-ESIM-%e3%83%87%e3%83%bc%e3%82%bf%e7%84%a1%e5%88%b6%e9%99%90-%e9%a6%99%e6%b8%af-ESIM-%e6%ad%a3%e8%a6%8fESIM-%e8%b6%85%e9%ab%98%e9%80%9f-6%e6%97%a5%e9%96%93-%e3%83%87%e3%83%bc%e3%82%bf%e7%84%a1%e5%88%b6%e9%99%90-ESIM-6%e6%97%a5%e9%96%93-%e7%84%a1%e5%88%b6%e9%99%90-QR%e3%82%b3%e3%83%bc%e3%83%89%e3%81%a7/1203771276,,1203771276,正規eSIM 即時対応 60万枚突破 �...,,"{""title"": [""【香港 eSIM データ無制限】香港 eSIM 正規eSIM 超高速 6日間 データ無制限 eSIM 6日間 無制限 QRコードで 台湾 esim 6日間 esim 香港""], ""price_jpy"": [""販売価格 1,650円""], ""usage_validity"": [""【フィリピンeSIM】3日間(72時間) データ通信無制限 オンラインサービスにて即日送信(LINE相談受付中) 有効期限 / ご購入日より90日以内 フィリピンSIM セブ島 1,550円 4.6 (25) 1,240 円 メガ割時""], ""activation_validity"": [""【香港 eSIM データ無制限】香港 eSIM 正規eSIM 超高速 6日間 データ無制限 eSIM 6日間 無制限 QRコードで 台湾 esim 6日間 esim 香港""], ""data_amount"": [""【香港 eSIM データ無制限】香港 eSIM 正規eSIM 超高速 6日間 データ無制限 eSIM 6日間 無制限 QRコードで 台湾 esim 6日間 esim 香港""], ""network_type"": [""qoo10_local_signal: 【SKTelecoｍ公式認証】韓国eSIM 3日間(72時間) 電話番号付き 超高速データ無制限 最初の5分発信無料(韓国国内) LINE即日発行 ご購入日より120日以内 韓国SIM 1,980円 1,620円 4.9 (37,975) 1,296 円 メガ割時""], ""network_generation"": [""no_lte_4g_or_5g_keyword_matched""], ""seller"": [""正規eSIM 即時対応 60万枚突破 �...""], ""seller_badge"": [""search_result: Power seller""]}"
qoo10_jp,hk,【香港 eSIM データ無制限】香港 eSIM 正規eSIM 超高速 7日間 データ無制限 eSIM 7日間 無制限 QRコードで 台湾 esim 7日間 esim 香港,1750,,Power seller,80,,,,3일,3일,7일,local,unknown,,,"{""cmhk"": null, ""csl"": null, ""smartone"": null, ""three_hk"": null}","{""skt"": null, ""kt"": null, ""lgu"": null}",unlimited,https://www.qoo10.jp/item/%e9%a6%99%e6%b8%af-ESIM-%e3%83%87%e3%83%bc%e3%82%bf%e7%84%a1%e5%88%b6%e9%99%90-%e9%a6%99%e6%b8%af-ESIM-%e6%ad%a3%e8%a6%8fESIM-%e8%b6%85%e9%ab%98%e9%80%9f-7%e6%97%a5%e9%96%93-%e3%83%87%e3%83%bc%e3%82%bf%e7%84%a1%e5%88%b6%e9%99%90-ESIM-7%e6%97%a5%e9%96%93-%e7%84%a1%e5%88%b6%e9%99%90-QR%e3%82%b3%e3%83%bc%e3%83%89%e3%81%a7/1203589777,,1203589777,正規eSIM 即時対応 60万枚突破 �...,,"{""title"": [""【香港 eSIM データ無制限】香港 eSIM 正規eSIM 超高速 7日間 データ無制限 eSIM 7日間 無制限 QRコードで 台湾 esim 7日間 esim 香港""], ""price_jpy"": [""販売価格 1,750円""], ""usage_validity"": [""【フィリピンeSIM】3日間(72時間) データ通信無制限 オンラインサービスにて即日送信(LINE相談受付中) 有効期限 / ご購入日より90日以内 フィリピンSIM セブ島 1,550円 4.6 (25) 1,240 円 メガ割時""], ""activation_validity"": [""【香港 eSIM データ無制限】香港 eSIM 正規eSIM 超高速 7日間 データ無制限 eSIM 7日間 無制限 QRコードで 台湾 esim 7日間 esim 香港""], ""data_amount"": [""【香港 eSIM データ無制限】香港 eSIM 正規eSIM 超高速 7日間 データ無制限 eSIM 7日間 無制限 QRコードで 台湾 esim 7日間 esim 香港""], ""network_type"": [""qoo10_local_signal: 【SKTelecoｍ公式認証】韓国eSIM 3日間(72時間) 電話番号付き 超高速データ無制限 最初の5分発信無料(韓国国内) LINE即日発行 ご購入日より120日以内 韓国SIM 1,980円 1,620円 4.9 (37,975) 1,296 円 メガ割時""], ""network_generation"": [""no_lte_4g_or_5g_keyword_matched""], ""seller"": [""正規eSIM 即時対応 60万枚突破 �...""], ""seller_badge"": [""search_result: Power seller""]}"
qoo10_jp,hk,【香港 eSIM データ無制限】香港 eSIM 正規eSIM 超高速 3日間 データ無制限 eSIM 3日間 無制限 QRコードで 台湾 esim 3日間 esim 香港,840,,Power seller,82,,,,3일,3일,3일,local,unknown,,,"{""cmhk"": null, ""csl"": null, ""smartone"": null, ""three_hk"": null}","{""skt"": null, ""kt"": null, ""lgu"": null}",unlimited,https://www.qoo10.jp/item/%e9%a6%99%e6%b8%af-ESIM-%e3%83%87%e3%83%bc%e3%82%bf%e7%84%a1%e5%88%b6%e9%99%90-%e9%a6%99%e6%b8%af-ESIM-%e6%ad%a3%e8%a6%8fESIM-%e8%b6%85%e9%ab%98%e9%80%9f-3%e6%97%a5%e9%96%93-%e3%83%87%e3%83%bc%e3%82%bf%e7%84%a1%e5%88%b6%e9%99%90-ESIM-3%e6%97%a5%e9%96%93-%e7%84%a1%e5%88%b6%e9%99%90-QR%e3%82%b3%e3%83%bc%e3%83%89%e3%81%a7/1195603024,,1195603024,正規eSIM 即時対応 60万枚突破 �...,,"{""title"": [""【香港 eSIM データ無制限】香港 eSIM 正規eSIM 超高速 3日間 データ無制限 eSIM 3日間 無制限 QRコードで 台湾 esim 3日間 esim 香港""], ""price_jpy"": [""販売価格 840円""], ""usage_validity"": [""【香港 eSIM データ無制限】香港 eSIM 正規eSIM 超高速 3日間 データ無制限 eSIM 3日間 無制限 QRコードで 台湾 esim 3日間 esim 香港""], ""activation_validity"": [""【フィリピンeSIM】3日間(72時間) データ通信無制限 オンラインサービスにて即日送信(LINE相談受付中) 有効期限 / ご購入日より90日以内 フィリピンSIM セブ島 1,550円 4.6 (25) 1,240 円 メガ割時""], ""data_amount"": [""【香港 eSIM データ無制限】香港 eSIM 正規eSIM 超高速 3日間 データ無制限 eSIM 3日間 無制限 QRコードで 台湾 esim 3日間 esim 香港""], ""network_type"": [""qoo10_local_signal: 【SKTelecoｍ公式認証】韓国eSIM 3日間(72時間) 電話番号付き 超高速データ無制限 最初の5分発信無料(韓国国内) LINE即日発行 ご購入日より120日以内 韓国SIM 1,980円 1,620円 4.9 (37,975) 1,296 円 メガ割時""], ""network_generation"": [""no_lte_4g_or_5g_keyword_matched""], ""seller"": [""正規eSIM 即時対応 60万枚突破 �...""], ""seller_badge"": [""search_result: Power seller""]}"
qoo10_jp,hk,【香港 eSIM データ無制限】香港 eSIM 正規 eSIM 超高速 3日間 データ無制限 eSIM 3日間 無制限 QRコードで 台湾 esim 3日間 esim 香港 esim,840,,Power seller,83,,,,3일,3일,3일,local,unknown,,,"{""cmhk"": null, ""csl"": null, ""smartone"": null, ""three_hk"": null}","{""skt"": null, ""kt"": null, ""lgu"": null}",unlimited,https://www.qoo10.jp/item/%e9%a6%99%e6%b8%af-ESIM-%e3%83%87%e3%83%bc%e3%82%bf%e7%84%a1%e5%88%b6%e9%99%90-%e9%a6%99%e6%b8%af-ESIM-%e6%ad%a3%e8%a6%8f-ESIM-%e8%b6%85%e9%ab%98%e9%80%9f-3%e6%97%a5%e9%96%93-%e3%83%87%e3%83%bc%e3%82%bf%e7%84%a1%e5%88%b6%e9%99%90-ESIM-3%e6%97%a5%e9%96%93-%e7%84%a1%e5%88%b6%e9%99%90-QR%e3%82%b3%e3%83%bc%e3%83%89%e3%81%a7/1195376942,,1195376942,正規eSIM 即時対応 60万枚突破 �...,,"{""title"": [""【香港 eSIM データ無制限】香港 eSIM 正規 eSIM 超高速 3日間 データ無制限 eSIM 3日間 無制限 QRコードで 台湾 esim 3日間 esim 香港 esim""], ""price_jpy"": [""販売価格 840円""], ""usage_validity"": [""【香港 eSIM データ無制限】香港 eSIM 正規 eSIM 超高速 3日間 データ無制限 eSIM 3日間 無制限 QRコードで 台湾 esim 3日間 esim 香港 esim""], ""activation_validity"": [""【フィリピンeSIM】3日間(72時間) データ通信無制限 オンラインサービスにて即日送信(LINE相談受付中) 有効期限 / ご購入日より90日以内 フィリピンSIM セブ島 1,550円 4.6 (25) 1,240 円 メガ割時""], ""data_amount"": [""【香港 eSIM データ無制限】香港 eSIM 正規 eSIM 超高速 3日間 データ無制限 eSIM 3日間 無制限 QRコードで 台湾 esim 3日間 esim 香港 esim""], ""network_type"": [""qoo10_local_signal: 【SKTelecoｍ公式認証】韓国eSIM 3日間(72時間) 電話番号付き 超高速データ無制限 最初の5分発信無料(韓国国内) LINE即日発行 ご購入日より120日以内 韓国SIM 1,980円 1,620円 4.9 (37,975) 1,296 円 メガ割時""], ""network_generation"": [""no_lte_4g_or_5g_keyword_matched""], ""seller"": [""正規eSIM 即時対応 60万枚突破 �...""], ""seller_badge"": [""search_result: Power seller""]}"
qoo10_jp,hk,【台湾 香港 マカオ eSIM データ無制限】3-10日間 eSIM 正規 eSIM 超高速 データ無制限 eSIM 無制限 QRコードで 台湾 esim esim 香港 マカオ esim,840,,Power seller,89,,,,3일,3일,3일,local,unknown,,,"{""cmhk"": null, ""csl"": null, ""smartone"": null, ""three_hk"": null}","{""skt"": null, ""kt"": null, ""lgu"": null}",unlimited,https://www.qoo10.jp/item/%e5%8f%b0%e6%b9%be-%e9%a6%99%e6%b8%af-%e3%83%9e%e3%82%ab%e3%82%aa-ESIM-%e3%83%87%e3%83%bc%e3%82%bf%e7%84%a1%e5%88%b6%e9%99%90-3-10%e6%97%a5%e9%96%93-ESIM-%e6%ad%a3%e8%a6%8f-ESIM-%e8%b6%85%e9%ab%98%e9%80%9f-%e3%83%87%e3%83%bc%e3%82%bf%e7%84%a1%e5%88%b6%e9%99%90-ESIM-%e7%84%a1%e5%88%b6%e9%99%90/1191146738,,1191146738,正規eSIM 即時対応 100万枚突破 ...,,"{""title"": [""【台湾 香港 マカオ eSIM データ無制限】3-10日間 eSIM 正規 eSIM 超高速 データ無制限 eSIM 無制限 QRコードで 台湾 esim esim 香港 マカオ esim""], ""price_jpy"": [""販売価格 840円""], ""usage_validity"": [""【台湾 香港 マカオ eSIM データ無制限】3-10日間 eSIM 正規 eSIM 超高速 データ無制限 eSIM 無制限 QRコードで 台湾 esim esim 香港 マカオ esim""], ""activation_validity"": [""【フィリピンeSIM】3日間(72時間) データ通信無制限 オンラインサービスにて即日送信(LINE相談受付中) 有効期限 / ご購入日より90日以内 フィリピンSIM セブ島 1,550円 4.6 (25) 1,240 円 メガ割時""], ""data_amount"": [""【台湾 香港 マカオ eSIM データ無制限】3-10日間 eSIM 正規 eSIM 超高速 データ無制限 eSIM 無制限 QRコードで 台湾 esim esim 香港 マカオ esim""], ""network_type"": [""qoo10_local_signal: 【SKTelecoｍ公式認証】韓国eSIM 3日間(72時間) 電話番号付き 超高速データ無制限 最初の5分発信無料(韓国国内) LINE即日発行 ご購入日より120日以内 韓国SIM 1,980円 1,620円 4.9 (37,975) 1,296 円 メガ割時""], ""network_generation"": [""no_lte_4g_or_5g_keyword_matched""], ""seller"": [""正規eSIM 即時対応 100万枚突破 ...""], ""seller_badge"": [""search_result: Power seller""]}"
qoo10_jp,hk,【台湾 香港 マカオ eSIM データ無制限】6-10日間 eSIM 正規eSIM データ無制限 超高速 eSIM 無制限 QRコードで 台湾 esim esim 香港 マカオ esim,1800,,Power seller,90,,,,3일,3일,6일,local,unknown,,,"{""cmhk"": null, ""csl"": null, ""smartone"": null, ""three_hk"": null}","{""skt"": null, ""kt"": null, ""lgu"": null}",unlimited,https://www.qoo10.jp/item/%e5%8f%b0%e6%b9%be-%e9%a6%99%e6%b8%af-%e3%83%9e%e3%82%ab%e3%82%aa-ESIM-%e3%83%87%e3%83%bc%e3%82%bf%e7%84%a1%e5%88%b6%e9%99%90-6-10%e6%97%a5%e9%96%93-ESIM-%e6%ad%a3%e8%a6%8fESIM-%e3%83%87%e3%83%bc%e3%82%bf%e7%84%a1%e5%88%b6%e9%99%90-%e8%b6%85%e9%ab%98%e9%80%9f-ESIM-%e7%84%a1%e5%88%b6%e9%99%90/1191146703,,1191146703,正規eSIM 即時対応 100万枚突破 ...,,"{""title"": [""【台湾 香港 マカオ eSIM データ無制限】6-10日間 eSIM 正規eSIM データ無制限 超高速 eSIM 無制限 QRコードで 台湾 esim esim 香港 マカオ esim""], ""price_jpy"": [""販売価格 1,800円""], ""usage_validity"": [""【フィリピンeSIM】3日間(72時間) データ通信無制限 オンラインサービスにて即日送信(LINE相談受付中) 有効期限 / ご購入日より90日以内 フィリピンSIM セブ島 1,550円 4.6 (25) 1,240 円 メガ割時""], ""activation_validity"": [""【台湾 香港 マカオ eSIM データ無制限】6-10日間 eSIM 正規eSIM データ無制限 超高速 eSIM 無制限 QRコードで 台湾 esim esim 香港 マカオ esim""], ""data_amount"": [""【台湾 香港 マカオ eSIM データ無制限】6-10日間 eSIM 正規eSIM データ無制限 超高速 eSIM 無制限 QRコードで 台湾 esim esim 香港 マカオ esim""], ""network_type"": [""qoo10_local_signal: 【SKTelecoｍ公式認証】韓国eSIM 3日間(72時間) 電話番号付き 超高速データ無制限 最初の5分発信無料(韓国国内) LINE即日発行 ご購入日より120日以内 韓国SIM 1,980円 1,620円 4.9 (37,975) 1,296 円 メガ割時""], ""network_generation"": [""no_lte_4g_or_5g_keyword_matched""], ""seller"": [""正規eSIM 即時対応 100万枚突破 ...""], ""seller_badge"": [""search_result: Power seller""]}"
qoo10_jp,hk,【台湾 香港 マカオ eSIM データ無制限】6-10日間 eSIM 正規eSIM 超高速 データ無制限 eSIM 無制限 QRコードで 台湾 esim esim 香港 マカオ esim,1800,2,Power seller,91,,,,3일,3일,6일,local,unknown,,,"{""cmhk"": null, ""csl"": null, ""smartone"": null, ""three_hk"": null}","{""skt"": null, ""kt"": null, ""lgu"": null}",unlimited,https://www.qoo10.jp/item/%e5%8f%b0%e6%b9%be-%e9%a6%99%e6%b8%af-%e3%83%9e%e3%82%ab%e3%82%aa-ESIM-%e3%83%87%e3%83%bc%e3%82%bf%e7%84%a1%e5%88%b6%e9%99%90-6-10%e6%97%a5%e9%96%93-ESIM-%e6%ad%a3%e8%a6%8fESIM-%e8%b6%85%e9%ab%98%e9%80%9f-%e3%83%87%e3%83%bc%e3%82%bf%e7%84%a1%e5%88%b6%e9%99%90-ESIM-%e7%84%a1%e5%88%b6%e9%99%90/1191146588,,1191146588,正規eSIM 即時対応 100万枚突破 ...,,"{""title"": [""【台湾 香港 マカオ eSIM データ無制限】6-10日間 eSIM 正規eSIM 超高速 データ無制限 eSIM 無制限 QRコードで 台湾 esim esim 香港 マカオ esim""], ""price_jpy"": [""販売価格 1,800円""], ""usage_validity"": [""【フィリピンeSIM】3日間(72時間) データ通信無制限 オンラインサービスにて即日送信(LINE相談受付中) 有効期限 / ご購入日より90日以内 フィリピンSIM セブ島 1,550円 4.6 (25) 1,240 円 メガ割時""], ""activation_validity"": [""【台湾 香港 マカオ eSIM データ無制限】6-10日間 eSIM 正規eSIM 超高速 データ無制限 eSIM 無制限 QRコードで 台湾 esim esim 香港 マカオ esim""], ""data_amount"": [""【台湾 香港 マカオ eSIM データ無制限】6-10日間 eSIM 正規eSIM 超高速 データ無制限 eSIM 無制限 QRコードで 台湾 esim esim 香港 マカオ esim""], ""network_type"": [""qoo10_local_signal: 【SKTelecoｍ公式認証】韓国eSIM 3日間(72時間) 電話番号付き 超高速データ無制限 最初の5分発信無料(韓国国内) LINE即日発行 ご購入日より120日以内 韓国SIM 1,980円 1,620円 4.9 (37,975) 1,296 円 メガ割時""], ""network_generation"": [""no_lte_4g_or_5g_keyword_matched""], ""seller"": [""正規eSIM 即時対応 100万枚突破 ...""], ""review_count"": [""search_result: 2""], ""seller_badge"": [""search_result: Power seller""]}"
qoo10_jp,hk,【台湾 香港 マカオ eSIM データ無制限】3-10日間 eSIM 正規eSIM 超高速 データ無制限 eSIM 無制限 QRコードで 台湾 esim esim 香港 マカオ esim,840,1,Power seller,92,,,,3일,3일,3일,local,unknown,,,"{""cmhk"": null, ""csl"": null, ""smartone"": null, ""three_hk"": null}","{""skt"": null, ""kt"": null, ""lgu"": null}",unlimited,https://www.qoo10.jp/item/%e5%8f%b0%e6%b9%be-%e9%a6%99%e6%b8%af-%e3%83%9e%e3%82%ab%e3%82%aa-ESIM-%e3%83%87%e3%83%bc%e3%82%bf%e7%84%a1%e5%88%b6%e9%99%90-3-10%e6%97%a5%e9%96%93-ESIM-%e6%ad%a3%e8%a6%8fESIM-%e8%b6%85%e9%ab%98%e9%80%9f-%e3%83%87%e3%83%bc%e3%82%bf%e7%84%a1%e5%88%b6%e9%99%90-ESIM-%e7%84%a1%e5%88%b6%e9%99%90/1191146521,,1191146521,正規eSIM 即時対応 100万枚突破 ...,,"{""title"": [""【台湾 香港 マカオ eSIM データ無制限】3-10日間 eSIM 正規eSIM 超高速 データ無制限 eSIM 無制限 QRコードで 台湾 esim esim 香港 マカオ esim""], ""price_jpy"": [""販売価格 840円""], ""usage_validity"": [""【台湾 香港 マカオ eSIM データ無制限】3-10日間 eSIM 正規eSIM 超高速 データ無制限 eSIM 無制限 QRコードで 台湾 esim esim 香港 マカオ esim""], ""activation_validity"": [""【フィリピンeSIM】3日間(72時間) データ通信無制限 オンラインサービスにて即日送信(LINE相談受付中) 有効期限 / ご購入日より90日以内 フィリピンSIM セブ島 1,550円 4.6 (25) 1,240 円 メガ割時""], ""data_amount"": [""【台湾 香港 マカオ eSIM データ無制限】3-10日間 eSIM 正規eSIM 超高速 データ無制限 eSIM 無制限 QRコードで 台湾 esim esim 香港 マカオ esim""], ""network_type"": [""qoo10_local_signal: 【SKTelecoｍ公式認証】韓国eSIM 3日間(72時間) 電話番号付き 超高速データ無制限 最初の5分発信無料(韓国国内) LINE即日発行 ご購入日より120日以内 韓国SIM 1,980円 1,620円 4.9 (37,975) 1,296 円 メガ割時""], ""network_generation"": [""no_lte_4g_or_5g_keyword_matched""], ""seller"": [""正規eSIM 即時対応 100万枚突破 ...""], ""review_count"": [""search_result: 1""], ""seller_badge"": [""search_result: Power seller""]}"
qoo10_jp,hk,香港 eSIM マカオ eSIM 正規eSIM 超高速6-10日 データ無制限 香港eSIM 6-10日間 無制限 QRコードで esim香港 8日間 9日間 10日間 6日間 7日 簡単登録eSIM,2750,,Power seller,93,,,,10일,10일,6일,local,unknown,,,"{""cmhk"": null, ""csl"": null, ""smartone"": null, ""three_hk"": null}","{""skt"": null, ""kt"": null, ""lgu"": null}",unlimited,https://www.qoo10.jp/item/%e9%a6%99%e6%b8%af-ESIM-%e3%83%9e%e3%82%ab%e3%82%aa-ESIM-%e6%ad%a3%e8%a6%8fESIM-%e8%b6%85%e9%ab%98%e9%80%9f6-10%e6%97%a5-%e3%83%87%e3%83%bc%e3%82%bf%e7%84%a1%e5%88%b6%e9%99%90-%e9%a6%99%e6%b8%afESIM-6-10%e6%97%a5%e9%96%93-%e7%84%a1%e5%88%b6%e9%99%90-QR%e3%82%b3%e3%83%bc%e3%83%89%e3%81%a7/1191140590,,1191140590,正規eSIM 即時対応 180万枚突破 ...,,"{""title"": [""香港 eSIM マカオ eSIM 正規eSIM 超高速6-10日 データ無制限 香港eSIM 6-10日間 無制限 QRコードで esim香港 8日間 9日間 10日間 6日間 7日 簡単登録eSIM""], ""option_candidates"": [""6日 香港 マカオ（超高速無制限のトラフィック） - 数量 : 999999"", ""7日 香港 マカオ（超高速無制限のトラフィック）(+150円) - 数量 : 999999"", ""8日 香港 マカオ（超高速無制限のトラフィック）(+700円) - 数量 : 999999""], ""representative_option"": [""10日 香港 マカオ （超高速無制限のトラフィック）(+900円) - 数量 : 999999"", ""title_match_score=8""], ""price_jpy"": [""販売価格 1,850円 + option surcharge 900"", ""10日 香港 マカオ （超高速無制限のトラフィック）(+900円) - 数量 : 999999""], ""usage_validity"": [""10日 香港 マカオ （超高速無制限のトラフィック）(+900円) - 数量 : 999999""], ""activation_validity"": [""香港 eSIM マカオ eSIM 正規eSIM 超高速6-10日 データ無制限 香港eSIM 6-10日間 無制限 QRコードで esim香港 8日間 9日間 10日間 6日間 7日 簡単登録eSIM""], ""data_amount"": [""10日 香港 マカオ （超高速無制限のトラフィック）(+900円) - 数量 : 999999""], ""network_type"": [""qoo10_local_signal: 【SKTelecoｍ公式認証】韓国eSIM 3日間(72時間) 電話番号付き 超高速データ無制限 最初の5分発信無料(韓国国内) LINE即日発行 ご購入日より120日以内 韓国SIM 1,980円 1,620円 4.9 (37,975) 1,296 円 メガ割時""], ""network_generation"": [""no_lte_4g_or_5g_keyword_matched""], ""seller"": [""正規eSIM 即時対応 180万枚突破 ...""], ""seller_badge"": [""search_result: Power seller""]}"
qoo10_jp,hk,【共通して用 中国/香港/マカオ】 eSIM 正規eSIM 超高速3-10日間 データ無制限 無制限 QRコードで eSIM 3日間 eSIM 5日間 eSIM 4日間 eSIM,1100,,Power seller,94,,,,3일,3일,3일,local,unknown,,,"{""cmhk"": null, ""csl"": null, ""smartone"": null, ""three_hk"": null}","{""skt"": null, ""kt"": null, ""lgu"": null}",unlimited,https://www.qoo10.jp/item/%e5%85%b1%e9%80%9a%e3%81%97%e3%81%a6%e7%94%a8-%e4%b8%ad%e5%9b%bd-%e9%a6%99%e6%b8%af-%e3%83%9e%e3%82%ab%e3%82%aa-ESIM-%e6%ad%a3%e8%a6%8fESIM-%e8%b6%85%e9%ab%98%e9%80%9f3-10%e6%97%a5%e9%96%93-%e3%83%87%e3%83%bc%e3%82%bf%e7%84%a1%e5%88%b6%e9%99%90-%e7%84%a1%e5%88%b6%e9%99%90-QR%e3%82%b3%e3%83%bc%e3%83%89%e3%81%a7-ESIM/1190348579,,1190348579,正規eSIM 即時対応 100万枚突破 ...,,"{""title"": [""【共通して用 中国/香港/マカオ】 eSIM 正規eSIM 超高速3-10日間 データ無制限 無制限 QRコードで eSIM 3日間 eSIM 5日間 eSIM 4日間 eSIM""], ""price_jpy"": [""販売価格 1,100円""], ""usage_validity"": [""【共通して用 中国/香港/マカオ】 eSIM 正規eSIM 超高速3-10日間 データ無制限 無制限 QRコードで eSIM 3日間 eSIM 5日間 eSIM 4日間 eSIM""], ""activation_validity"": [""【フィリピンeSIM】3日間(72時間) データ通信無制限 オンラインサービスにて即日送信(LINE相談受付中) 有効期限 / ご購入日より90日以内 フィリピンSIM セブ島 1,550円 4.6 (25) 1,240 円 メガ割時""], ""data_amount"": [""【共通して用 中国/香港/マカオ】 eSIM 正規eSIM 超高速3-10日間 データ無制限 無制限 QRコードで eSIM 3日間 eSIM 5日間 eSIM 4日間 eSIM""], ""network_type"": [""qoo10_local_signal: 【SKTelecoｍ公式認証】韓国eSIM 3日間(72時間) 電話番号付き 超高速データ無制限 最初の5分発信無料(韓国国内) LINE即日発行 ご購入日より120日以内 韓国SIM 1,980円 1,620円 4.9 (37,975) 1,296 円 メガ割時""], ""network_generation"": [""no_lte_4g_or_5g_keyword_matched""], ""seller"": [""正規eSIM 即時対応 100万枚突破 ...""], ""seller_badge"": [""search_result: Power seller""]}"
qoo10_jp,hk,【共通して用 中国/香港/マカオ】 eSIM 正規eSIM 超高速6-10日間 データ無制限 無制限 QRコードで eSIM 8日間 eSIM 6日間 eSIM 7日間 eSIM 10日間 eSIM,2200,,Power seller,96,,,,3일,3일,6일,local,unknown,,,"{""cmhk"": null, ""csl"": null, ""smartone"": null, ""three_hk"": null}","{""skt"": null, ""kt"": null, ""lgu"": null}",unlimited,https://www.qoo10.jp/item/%e5%85%b1%e9%80%9a%e3%81%97%e3%81%a6%e7%94%a8-%e4%b8%ad%e5%9b%bd-%e9%a6%99%e6%b8%af-%e3%83%9e%e3%82%ab%e3%82%aa-ESIM-%e6%ad%a3%e8%a6%8fESIM-%e8%b6%85%e9%ab%98%e9%80%9f6-10%e6%97%a5%e9%96%93-%e3%83%87%e3%83%bc%e3%82%bf%e7%84%a1%e5%88%b6%e9%99%90-%e7%84%a1%e5%88%b6%e9%99%90-QR%e3%82%b3%e3%83%bc%e3%83%89%e3%81%a7-ESIM/1187988437,,1187988437,正規eSIM 即時対応 100万枚突破 ...,,"{""title"": [""【共通して用 中国/香港/マカオ】 eSIM 正規eSIM 超高速6-10日間 データ無制限 無制限 QRコードで eSIM 8日間 eSIM 6日間 eSIM 7日間 eSIM 10日間 eSIM""], ""price_jpy"": [""販売価格 2,200円""], ""usage_validity"": [""【フィリピンeSIM】3日間(72時間) データ通信無制限 オンラインサービスにて即日送信(LINE相談受付中) 有効期限 / ご購入日より90日以内 フィリピンSIM セブ島 1,550円 4.6 (25) 1,240 円 メガ割時""], ""activation_validity"": [""【共通して用 中国/香港/マカオ】 eSIM 正規eSIM 超高速6-10日間 データ無制限 無制限 QRコードで eSIM 8日間 eSIM 6日間 eSIM 7日間 eSIM 10日間 eSIM""], ""data_amount"": [""【共通して用 中国/香港/マカオ】 eSIM 正規eSIM 超高速6-10日間 データ無制限 無制限 QRコードで eSIM 8日間 eSIM 6日間 eSIM 7日間 eSIM 10日間 eSIM""], ""network_type"": [""qoo10_local_signal: 【SKTelecoｍ公式認証】韓国eSIM 3日間(72時間) 電話番号付き 超高速データ無制限 最初の5分発信無料(韓国国内) LINE即日発行 ご購入日より120日以内 韓国SIM 1,980円 1,620円 4.9 (37,975) 1,296 円 メガ割時""], ""network_generation"": [""no_lte_4g_or_5g_keyword_matched""], ""seller"": [""正規eSIM 即時対応 100万枚突破 ...""], ""seller_badge"": [""search_result: Power seller""]}"
qoo10_jp,hk,【共通して用 中国/香港/マカオ】 eSIM 正規eSIM 超高速6-10日間 データ無制限 無制限 QRコードで eSIM 8日間 eSIM 6日間 eSIM 7日間 eSIM 9日間 eSIM,2200,,Power seller,98,,,,3일,3일,6일,local,unknown,,,"{""cmhk"": null, ""csl"": null, ""smartone"": null, ""three_hk"": null}","{""skt"": null, ""kt"": null, ""lgu"": null}",unlimited,https://www.qoo10.jp/item/%e5%85%b1%e9%80%9a%e3%81%97%e3%81%a6%e7%94%a8-%e4%b8%ad%e5%9b%bd-%e9%a6%99%e6%b8%af-%e3%83%9e%e3%82%ab%e3%82%aa-ESIM-%e6%ad%a3%e8%a6%8fESIM-%e8%b6%85%e9%ab%98%e9%80%9f6-10%e6%97%a5%e9%96%93-%e3%83%87%e3%83%bc%e3%82%bf%e7%84%a1%e5%88%b6%e9%99%90-%e7%84%a1%e5%88%b6%e9%99%90-QR%e3%82%b3%e3%83%bc%e3%83%89%e3%81%a7-ESIM/1187795700,,1187795700,正規eSIM 即時対応 100万枚突破 ...,,"{""title"": [""【共通して用 中国/香港/マカオ】 eSIM 正規eSIM 超高速6-10日間 データ無制限 無制限 QRコードで eSIM 8日間 eSIM 6日間 eSIM 7日間 eSIM 9日間 eSIM""], ""price_jpy"": [""販売価格 2,200円""], ""usage_validity"": [""【フィリピンeSIM】3日間(72時間) データ通信無制限 オンラインサービスにて即日送信(LINE相談受付中) 有効期限 / ご購入日より90日以内 フィリピンSIM セブ島 1,550円 4.6 (25) 1,240 円 メガ割時""], ""activation_validity"": [""【共通して用 中国/香港/マカオ】 eSIM 正規eSIM 超高速6-10日間 データ無制限 無制限 QRコードで eSIM 8日間 eSIM 6日間 eSIM 7日間 eSIM 9日間 eSIM""], ""data_amount"": [""【共通して用 中国/香港/マカオ】 eSIM 正規eSIM 超高速6-10日間 データ無制限 無制限 QRコードで eSIM 8日間 eSIM 6日間 eSIM 7日間 eSIM 9日間 eSIM""], ""network_type"": [""qoo10_local_signal: 【SKTelecoｍ公式認証】韓国eSIM 3日間(72時間) 電話番号付き 超高速データ無制限 最初の5分発信無料(韓国国内) LINE即日発行 ご購入日より120日以内 韓国SIM 1,980円 1,620円 4.9 (37,975) 1,296 円 メガ割時""], ""network_generation"": [""no_lte_4g_or_5g_keyword_matched""], ""seller"": [""正規eSIM 即時対応 100万枚突破 ...""], ""seller_badge"": [""search_result: Power seller""]}"
qoo10_jp,hk,【共通して用 中国/香港/マカオ】 eSIM 正規eSIM 超高速3-10日間 データ無制限 無制限 QRコードで eSIM 3日間 eSIM 5日間 eSIM 7日間 eSIM,1100,,Power seller,99,,,,3일,3일,3일,local,unknown,,,"{""cmhk"": null, ""csl"": null, ""smartone"": null, ""three_hk"": null}","{""skt"": null, ""kt"": null, ""lgu"": null}",unlimited,https://www.qoo10.jp/item/%e5%85%b1%e9%80%9a%e3%81%97%e3%81%a6%e7%94%a8-%e4%b8%ad%e5%9b%bd-%e9%a6%99%e6%b8%af-%e3%83%9e%e3%82%ab%e3%82%aa-ESIM-%e6%ad%a3%e8%a6%8fESIM-%e8%b6%85%e9%ab%98%e9%80%9f3-10%e6%97%a5%e9%96%93-%e3%83%87%e3%83%bc%e3%82%bf%e7%84%a1%e5%88%b6%e9%99%90-%e7%84%a1%e5%88%b6%e9%99%90-QR%e3%82%b3%e3%83%bc%e3%83%89%e3%81%a7-ESIM/1187795690,,1187795690,正規eSIM 即時対応 100万枚突破 ...,,"{""title"": [""【共通して用 中国/香港/マカオ】 eSIM 正規eSIM 超高速3-10日間 データ無制限 無制限 QRコードで eSIM 3日間 eSIM 5日間 eSIM 7日間 eSIM""], ""price_jpy"": [""販売価格 1,100円""], ""usage_validity"": [""【共通して用 中国/香港/マカオ】 eSIM 正規eSIM 超高速3-10日間 データ無制限 無制限 QRコードで eSIM 3日間 eSIM 5日間 eSIM 7日間 eSIM""], ""activation_validity"": [""【フィリピンeSIM】3日間(72時間) データ通信無制限 オンラインサービスにて即日送信(LINE相談受付中) 有効期限 / ご購入日より90日以内 フィリピンSIM セブ島 1,550円 4.6 (25) 1,240 円 メガ割時""], ""data_amount"": [""【共通して用 中国/香港/マカオ】 eSIM 正規eSIM 超高速3-10日間 データ無制限 無制限 QRコードで eSIM 3日間 eSIM 5日間 eSIM 7日間 eSIM""], ""network_type"": [""qoo10_local_signal: 【SKTelecoｍ公式認証】韓国eSIM 3日間(72時間) 電話番号付き 超高速データ無制限 最初の5分発信無料(韓国国内) LINE即日発行 ご購入日より120日以内 韓国SIM 1,980円 1,620円 4.9 (37,975) 1,296 円 メガ割時""], ""network_generation"": [""no_lte_4g_or_5g_keyword_matched""], ""seller"": [""正規eSIM 即時対応 100万枚突破 ...""], ""seller_badge"": [""search_result: Power seller""]}"
qoo10_jp,hk,香港 eSIM マカオ eSIM 正規eSIM 超高速6-10日 データ無制限 香港eSIM 6-10日間 無制限 QRコードで esim香港 8日間 9日間 10日間 6日間 7日 簡単登録eSIM,2750,,Power seller,100,,,,10일,10일,6일,local,unknown,,,"{""cmhk"": null, ""csl"": null, ""smartone"": null, ""three_hk"": null}","{""skt"": null, ""kt"": null, ""lgu"": null}",unlimited,https://www.qoo10.jp/item/%e9%a6%99%e6%b8%af-ESIM-%e3%83%9e%e3%82%ab%e3%82%aa-ESIM-%e6%ad%a3%e8%a6%8fESIM-%e8%b6%85%e9%ab%98%e9%80%9f6-10%e6%97%a5-%e3%83%87%e3%83%bc%e3%82%bf%e7%84%a1%e5%88%b6%e9%99%90-%e9%a6%99%e6%b8%afESIM-6-10%e6%97%a5%e9%96%93-%e7%84%a1%e5%88%b6%e9%99%90-QR%e3%82%b3%e3%83%bc%e3%83%89%e3%81%a7/1187795681,,1187795681,正規eSIM 即時対応 180万枚突破 ...,,"{""title"": [""香港 eSIM マカオ eSIM 正規eSIM 超高速6-10日 データ無制限 香港eSIM 6-10日間 無制限 QRコードで esim香港 8日間 9日間 10日間 6日間 7日 簡単登録eSIM""], ""option_candidates"": [""6日 香港 マカオ（超高速無制限のトラフィック） - 数量 : 999999"", ""7日 香港 マカオ（超高速無制限のトラフィック）(+150円) - 数量 : 999999"", ""8日 香港 マカオ（超高速無制限のトラフィック）(+700円) - 数量 : 999999""], ""representative_option"": [""10日 香港 マカオ （超高速無制限のトラフィック）(+900円) - 数量 : 999999"", ""title_match_score=8""], ""price_jpy"": [""販売価格 1,850円 + option surcharge 900"", ""10日 香港 マカオ （超高速無制限のトラフィック）(+900円) - 数量 : 999999""], ""usage_validity"": [""10日 香港 マカオ （超高速無制限のトラフィック）(+900円) - 数量 : 999999""], ""activation_validity"": [""香港 eSIM マカオ eSIM 正規eSIM 超高速6-10日 データ無制限 香港eSIM 6-10日間 無制限 QRコードで esim香港 8日間 9日間 10日間 6日間 7日 簡単登録eSIM""], ""data_amount"": [""10日 香港 マカオ （超高速無制限のトラフィック）(+900円) - 数量 : 999999""], ""network_type"": [""qoo10_local_signal: 【SKTelecoｍ公式認証】韓国eSIM 3日間(72時間) 電話番号付き 超高速データ無制限 最初の5分発信無料(韓国国内) LINE即日発行 ご購入日より120日以内 韓国SIM 1,980円 1,620円 4.9 (37,975) 1,296 円 メガ割時""], ""network_generation"": [""no_lte_4g_or_5g_keyword_matched""], ""seller"": [""正規eSIM 即時対応 180万枚突破 ...""], ""seller_badge"": [""search_result: Power seller""]}"
