site,country,title,price_jpy,review_count,seller_badge,search_position,monthly_sold_count,is_bestseller,bestseller_rank,validity,usage_validity,activation_validity,network_type,network_generation,network_generation_inferred,network_generation_confidence,carrier_support_local,carrier_support_kr,data_amount,product_url,asin,site_product_id,seller,brand,evidence
amazon_jp,hk,【Almond eSIM】香港 マカオ eSIMプラン 4日間 完全無制限 4G-LTE 高速データ 使い放題 当日発行可能 出発前日本テスト用eSIM500MB 香港 マカオ プリペイドSIM 香港 esim 香港 マカオsim (4日間完全無制限),1681,308,,,50,,25,4일,4일,4일,local,lte_4g_only,,,"{""cmhk"": null, ""csl"": null, ""smartone"": true, ""three_hk"": null}","{""skt"": null, ""kt"": null, ""lgu"": null}",unlimited,https://www.amazon.co.jp/ESIM%E3%83%97%E3%83%A9%E3%83%B3-4G-LTE-%E5%BD%93%E6%97%A5%E7%99%BA%E8%A1%8C%E5%8F%AF%E8%83%BD-%E3%83%97%E3%83%AA%E3%83%9A%E3%82%A4%E3%83%89SIM-4%E6%97%A5%E9%96%93%E5%AE%8C%E5%85%A8%E7%84%A1%E5%88%B6%E9%99%90/dp/B0CPXWSV5K,B0CPXWSV5K,B0CPXWSV5K,株式会社ビッグコネクト,bigconnectのストアを表示,"{""price_jpy"": [""￥1,681""], ""usage_validity"": [""【Almond eSIM】香港 マカオ eSIMプラン 4日間 完全無制限 4G-LTE 高速データ 使い放題 当日発行可能 出発前日本テスト用eSIM500MB 香港 マカオ プリペイドSIM 香港 esim 香港 マカオsim (4日間完全無制限)""], ""activation_validity"": [""【Almond eSIM】香港 マカオ eSIMプラン 4日間 完全無制限 4G-LTE 高速データ 使い放題 当日発行可能 出発前日本テスト用eSIM500MB 香港 マカオ プリペイドSIM 香港 esim 香港 マカオsim (4日間完全無制限)""], ""data_amount"": [""【高速データ完全無制限】 通信専用eSIMになります。※データ容量無制限。高速データ使い放題。有効期限は、メールでのQRコード発行後1カ月です。""], ""network_type"": [""【現地キャリア利用】香港 マカオで使用できるeSIM、香港 マカオ渡航スケジュールに対応する手軽なeSIMカード。キャリア：香港：Smartone、HKT、3 マカオ:CTM ，香港 マカオでは信号が広く、ネットワークが安定し、速度が速いです。eSIMのsimカードはプリペイドsimカードと違って、挿入作業不要(iPhone・androidともeSIMのQR"", ""【チョコSIM 定額（Sプラン）】【中国の電話番号付きでアプリや施設サービスのSMS認証が可能】【データ容量】合計500MB/月【音声】合計20分間/月 データ/音声/SMS付きSIMカード 中国SIM マカオSIM China unicom ※こちらのSIMカードは契約後、毎月の基本料が発生いたします。※2024年11月1日から台湾でのご利用はできなくなり"", ""score: local=9, roaming=0""], ""network_generation"": [""product_info_cellular_4g_lte: source:product_info_cellular: 携帯電話技術 LTE""], ""carrier_support_local"": [""SmarTone: 【現地キャリア利用】香港 マカオで使用できるeSIM、香港 マカオ渡航スケジュールに対応する手軽なeSIMカード。キャリア：香港：Smartone、HKT、3 マカオ:CTM ，香港 マカオでは信号が広く、ネットワークが安定し、速度が速いです。eSIMのsimカードはプリペイドsimカードと違って、"", ""SmarTone: サービスプロバイダ Smartone, HKT, 3, CTM""], ""monthly_sold_count"": [""Amazon.co.jp: 【Almond eSIM】香港 マカオ eSIMプラン 4日間 完全無制限 4G-LTE 高速データ 使い放題 当日発行可能 出発前日本テスト用eSIM500MB 香港 マカオ プリペイドSIM 香港 esim 香港 マカオsim (4日間完全無制限) : 家電＆カメラ 次に移動 メインコンテンツ この商品について この商品につい""], ""review_count"": [""detail_page: (308)""], ""bestseller_rank"": [""Amazon 売れ筋ランキング 家電＆カメラ - 2,557位 ( 家電＆カメラの売れ筋ランキングを見る ) プリペイドSIMカード - 25位""], ""title"": [""【Almond eSIM】香港 マカオ eSIMプラン 4日間 完全無制限 4G-LTE 高速データ 使い放題 当日発行可能 出発前日本テスト用eSIM500MB 香港 マカオ プリペイドSIM 香港 esim 香港 マカオsim (4日間完全無制限)""]}"
amazon_jp,hk,【Almond eSIM】香港 マカオ eSIMプラン 3日間 完全無制限 4G-LTE 高速データ 使い放題 当日発行可能 出発前日本テスト用eSIM500MB 香港 マカオ プリペイドSIM 香港 esim 香港 マカオsim (3日間完全無制限),1405,308,,,100,,25,3일,3일,3일,local,5g_capable,,,"{""cmhk"": null, ""csl"": null, ""smartone"": true, ""three_hk"": null}","{""skt"": null, ""kt"": null, ""lgu"": null}",unlimited,https://www.amazon.co.jp/ESIM%E3%83%97%E3%83%A9%E3%83%B3-4G-LTE-%E5%BD%93%E6%97%A5%E7%99%BA%E8%A1%8C%E5%8F%AF%E8%83%BD-%E3%83%97%E3%83%AA%E3%83%9A%E3%82%A4%E3%83%89SIM-3%E6%97%A5%E9%96%93%E5%AE%8C%E5%85%A8%E7%84%A1%E5%88%B6%E9%99%90/dp/B0CPXYL72J,B0CPXYL72J,B0CPXYL72J,株式会社ビッグコネクト,bigconnectのストアを表示,"{""price_jpy"": [""￥1,405""], ""usage_validity"": [""【Almond eSIM】香港 マカオ eSIMプラン 3日間 完全無制限 4G-LTE 高速データ 使い放題 当日発行可能 出発前日本テスト用eSIM500MB 香港 マカオ プリペイドSIM 香港 esim 香港 マカオsim (3日間完全無制限)""], ""activation_validity"": [""【SKTelecoｍ公式認証】 韓国eSIM 3日間 (72時間) 電話番号付き 超高速データ無制限 最初の5分発信無料(韓国国内) お急ぎの方即時発行可(LINE相談受付中) 有効期限／ご購入日より120日以内 現地空港サポート(SKTelecomローミングセンター) SKテレコム正規品 韓国SIMカードタイプではありません""], ""data_amount"": [""【高速データ完全無制限】 通信専用eSIMになります。※データ容量無制限。高速データ使い放題。有効期限は、メールでのQRコード発行後1カ月です。""], ""network_type"": [""【現地キャリア利用】香港 マカオで使用できるeSIM、香港 マカオ渡航スケジュールに対応する手軽なeSIMカード。キャリア：香港：Smartone、HKT、3 マカオ:CTM ，香港 マカオでは信号が広く、ネットワークが安定し、速度が速いです。eSIMのsimカードはプリペイドsimカードと違って、挿入作業不要(iPhone・androidともeSIMのQR"", ""【チョコSIM 定額（Sプラン）】【中国の電話番号付きでアプリや施設サービスのSMS認証が可能】【データ容量】合計500MB/月【音声】合計20分間/月 データ/音声/SMS付きSIMカード 中国SIM マカオSIM China unicom ※こちらのSIMカードは契約後、毎月の基本料が発生いたします。※2024年11月1日から台湾でのご利用はできなくなり"", ""score: local=9, roaming=0""], ""network_generation"": [""product_info_cellular_5g: source:product_info_cellular: 携帯電話技術 5G LTE""], ""carrier_support_local"": [""SmarTone: 【現地キャリア利用】香港 マカオで使用できるeSIM、香港 マカオ渡航スケジュールに対応する手軽なeSIMカード。キャリア：香港：Smartone、HKT、3 マカオ:CTM ，香港 マカオでは信号が広く、ネットワークが安定し、速度が速いです。eSIMのsimカードはプリペイドsimカードと違って、"", ""SmarTone: サービスプロバイダ Smartone, HKT, 3, CTM""], ""monthly_sold_count"": [""Amazon.co.jp: 【Almond eSIM】香港 マカオ eSIMプラン 3日間 完全無制限 4G-LTE 高速データ 使い放題 当日発行可能 出発前日本テスト用eSIM500MB 香港 マカオ プリペイドSIM 香港 esim 香港 マカオsim (3日間完全無制限) : 家電＆カメラ 次に移動 メインコンテンツ この商品について この商品につい""], ""review_count"": [""detail_page: (308)""], ""bestseller_rank"": [""Amazon 売れ筋ランキング 家電＆カメラ - 2,557位 ( 家電＆カメラの売れ筋ランキングを見る ) プリペイドSIMカード - 25位""], ""title"": [""【Almond eSIM】香港 マカオ eSIMプラン 3日間 完全無制限 4G-LTE 高速データ 使い放題 当日発行可能 出発前日本テスト用eSIM500MB 香港 マカオ プリペイドSIM 香港 esim 香港 マカオsim (3日間完全無制限)""]}"
amazon_jp,hk,【中国・香港・マカオeSIM】5日間 高速データ通信無制限 低速制限なし 即日発行 実名登録不要 VPN不要 QR簡単設定 マグロeSIM,2180,211,,,100,,28,5일,5일,5일,unknown,lte_4g_only,,,"{""cmhk"": null, ""csl"": null, ""smartone"": null, ""three_hk"": null}","{""skt"": null, ""kt"": null, ""lgu"": null}",unlimited,https://www.amazon.co.jp/eSIM%E3%80%915%E6%97%A5%E9%96%93-%E4%B8%AD%E5%9B%BD%E3%83%8D%E3%83%83%E3%83%88%E8%A6%8F%E5%88%B6%E5%AF%BE%E8%B1%A1%E5%A4%96-Line%E3%80%81Youtube%E3%80%81Google%E3%81%AA%E3%81%A9VPN%E3%81%AA%E3%81%97%E3%81%A7%E5%88%A9%E7%94%A8%E5%8F%AF%E8%83%BD-%E6%80%A5%E3%81%8E%E3%81%AE%E6%96%B9LINE%E3%82%B5%E3%83%9D%E3%83%BC%E3%83%88%E3%81%82%E3%82%8A-%E3%83%9E%E3%82%B0%E3%83%ADeSIM/dp/B0DRVDQ1WP,B0DRVDQ1WP,B0DRVDQ1WP,マグロeSIM,マグロeSIMのストアを表示,"{""price_jpy"": [""￥2,180""], ""usage_validity"": [""【中国・香港・マカオeSIM】5日間 高速データ通信無制限 低速制限なし 即日発行 実名登録不要 VPN不要 QR簡単設定 マグロeSIM""], ""activation_validity"": [""【中国・香港・マカオeSIM】5日間 高速データ通信無制限 低速制限なし 即日発行 実名登録不要 VPN不要 QR簡単設定 マグロeSIM""], ""data_amount"": [""【特徴①】本商品は、高速データ通信が無制限に使用可能です。さらに、日本国内で使用できる500MBのデータも含まれており、詳しい情報は、予約後にお送りするメールの説明書をご確認ください。""], ""network_type"": [""local_signal: 【チョコSIM 定額（Sプラン）】【中国の電話番号付きでアプリや施設サービスのSMS認証が可能】【データ容量】合計500MB/月【音声】合計20分間/月 データ/音声/SMS付きSIMカード 中国SIM マカオSIM China unicom ※こちらのSIMカードは契約後、毎月の基本料が発生いたします。※2024年11月1日から台湾でのご利用はできなくなり"", ""roaming_signal: 商品の説明 購入前にご注意！ 注意事項①：ご購入後、商品画像に記載されたURLにアクセスし必要事項を入力→メールアドレスにPDFの説明書とeSIMのQRコードが届きます！ 注意事項②：SIMロックフリー端末、もしくはSIMフリー端末専用のサービスです。必ず、ご利用端末がeSIM対応かどうかご確認ください。 注意事項③：eSIM対応端末のみ利用可能。※通信キャ"", ""insufficient_or_conflicting_signals(local=6, roaming=3)""], ""network_generation"": [""product_info_cellular_4g_lte: source:product_info_cellular: 携帯電話技術 LTE""], ""monthly_sold_count"": [""Amazon.co.jp: 【中国・香港・マカオeSIM】5日間 高速データ通信無制限 低速制限なし 即日発行 実名登録不要 VPN不要 QR簡単設定 マグロeSIM | Google・YouTube・LINEなど海外サービスを快適に利用可能 メール納品 設定ガイド付き LINE日本語サポート テザリング対応 : 家電＆カメラ 次に移動 メインコンテンツ こ""], ""review_count"": [""detail_page: (211)""], ""bestseller_rank"": [""Amazon 売れ筋ランキング 家電＆カメラ - 3,017位 ( 家電＆カメラの売れ筋ランキングを見る ) プリペイドSIMカード - 28位""], ""title"": [""【中国・香港・マカオeSIM】5日間 高速データ通信無制限 低速制限なし 即日発行 実名登録不要 VPN不要 QR簡単設定 マグロeSIM""]}"
amazon_jp,hk,【中国・香港・マカオeSIM】4日間 高速データ通信無制限 低速制限なし 即日発行 実名登録不要 VPN不要 QR簡単設定 マグロeSIM,1880,211,,,100,,28,4일,4일,4일,unknown,lte_4g_only,,,"{""cmhk"": null, ""csl"": null, ""smartone"": null, ""three_hk"": null}","{""skt"": null, ""kt"": null, ""lgu"": null}",unlimited,https://www.amazon.co.jp/%E3%80%90%E4%B8%AD%E5%9B%BD%E3%83%BB%E9%A6%99%E6%B8%AF%E3%83%BB%E3%83%9E%E3%82%AB%E3%82%AAeSIM%E3%80%914%E6%97%A5%E9%96%93-%E9%AB%98%E9%80%9F%E3%83%87%E3%83%BC%E3%82%BF%E9%80%9A%E4%BF%A1%E7%84%A1%E5%88%B6%E9%99%90-%E4%BD%8E%E9%80%9F%E5%88%B6%E9%99%90%E3%81%AA%E3%81%97-%E5%AE%9F%E5%90%8D%E7%99%BB%E9%8C%B2%E4%B8%8D%E8%A6%81-%E3%83%9E%E3%82%B0%E3%83%ADeSIM/dp/B0FH9K13N7,B0FH9K13N7,B0FH9K13N7,マグロeSIM,マグロeSIMのストアを表示,"{""price_jpy"": [""￥1,880""], ""usage_validity"": [""【中国・香港・マカオeSIM】4日間 高速データ通信無制限 低速制限なし 即日発行 実名登録不要 VPN不要 QR簡単設定 マグロeSIM""], ""activation_validity"": [""【中国・香港・マカオeSIM】4日間 高速データ通信無制限 低速制限なし 即日発行 実名登録不要 VPN不要 QR簡単設定 マグロeSIM""], ""data_amount"": [""【特徴①】本商品は、高速データ通信が無制限に使用可能です。さらに、日本国内で使用できる500MBのデータも含まれており、詳しい情報は、予約後にお送りするメールの説明書をご確認ください。""], ""network_type"": [""local_signal: 【T-Mobile純正品】eSIM版 アメリカ ハワイ SIM 7日間【使い放題】【電話番号付き】5G/4G-LTE 高速データ通信/通話/SMS/テザリング 【アメリカ ハワイ 無制限】 プリペイド SIMカード T-Mobile esim 7days"", ""roaming_signal: 商品の説明 購入前にご注意！ 注意事項①：ご購入後、商品画像に記載されたURLにアクセスし必要事項を入力→メールアドレスにPDFの説明書とeSIMのQRコードが届きます！ 注意事項②：SIMロックフリー端末、もしくはSIMフリー端末専用のサービスです。必ず、ご利用端末がeSIM対応かどうかご確認ください。 注意事項③：eSIM対応端末のみ利用可能。※通信キャ"", ""insufficient_or_conflicting_signals(local=9, roaming=3)""], ""network_generation"": [""product_info_cellular_4g_lte: source:product_info_cellular: 携帯電話技術 LTE""], ""monthly_sold_count"": [""Amazon.co.jp: 【中国・香港・マカオeSIM】4日間 高速データ通信無制限 低速制限なし 即日発行 実名登録不要 VPN不要 QR簡単設定 マグロeSIM | Google・YouTube・LINEなど海外サービスを快適に利用可能 メール納品 設定ガイド付き LINE日本語サポート テザリング対応 : 家電＆カメラ 次に移動 メインコンテンツ こ""], ""review_count"": [""detail_page: (211)""], ""bestseller_rank"": [""Amazon 売れ筋ランキング 家電＆カメラ - 3,017位 ( 家電＆カメラの売れ筋ランキングを見る ) プリペイドSIMカード - 28位""], ""title"": [""【中国・香港・マカオeSIM】4日間 高速データ通信無制限 低速制限なし 即日発行 実名登録不要 VPN不要 QR簡単設定 マグロeSIM""]}"
amazon_jp,hk,【Almond eSIM】香港 マカオ eSIMプラン 5日間 完全無制限 4G-LTE 高速データ 使い放題 当日発行可能 出発前日本テスト用eSIM500MB 香港 マカオ プリペイドSIM 香港 esim 香港 マカオsim (5日間完全無制限),1880,308,,,50,,25,5일,5일,5일,local,5g_capable,,,"{""cmhk"": null, ""csl"": null, ""smartone"": true, ""three_hk"": null}","{""skt"": null, ""kt"": null, ""lgu"": null}",unlimited,https://www.amazon.co.jp/ESIM%E3%83%97%E3%83%A9%E3%83%B3-4G-LTE-%E5%BD%93%E6%97%A5%E7%99%BA%E8%A1%8C%E5%8F%AF%E8%83%BD-%E3%83%97%E3%83%AA%E3%83%9A%E3%82%A4%E3%83%89SIM-5%E6%97%A5%E9%96%93%E5%AE%8C%E5%85%A8%E7%84%A1%E5%88%B6%E9%99%90/dp/B0CPY278Q9,B0CPY278Q9,B0CPY278Q9,株式会社ビッグコネクト,bigconnectのストアを表示,"{""price_jpy"": [""￥1,880""], ""usage_validity"": [""【Almond eSIM】香港 マカオ eSIMプラン 5日間 完全無制限 4G-LTE 高速データ 使い放題 当日発行可能 出発前日本テスト用eSIM500MB 香港 マカオ プリペイドSIM 香港 esim 香港 マカオsim (5日間完全無制限)""], ""activation_validity"": [""【Almond eSIM】香港 マカオ eSIMプラン 5日間 完全無制限 4G-LTE 高速データ 使い放題 当日発行可能 出発前日本テスト用eSIM500MB 香港 マカオ プリペイドSIM 香港 esim 香港 マカオsim (5日間完全無制限)""], ""data_amount"": [""【高速データ完全無制限】 通信専用eSIMになります。※データ容量無制限。高速データ使い放題。有効期限は、メールでのQRコード発行後1カ月です。""], ""network_type"": [""【現地キャリア利用】香港 マカオで使用できるeSIM、香港 マカオ渡航スケジュールに対応する手軽なeSIMカード。キャリア：香港：Smartone、HKT、3 マカオ:CTM ，香港 マカオでは信号が広く、ネットワークが安定し、速度が速いです。eSIMのsimカードはプリペイドsimカードと違って、挿入作業不要(iPhone・androidともeSIMのQR"", ""【SKTelecoｍ公式認証】 韓国eSIM 3日間 (72時間) 電話番号付き 超高速データ無制限 最初の5分発信無料(韓国国内) お急ぎの方即時発行可(LINE相談受付中) 有効期限／ご購入日より120日以内 現地空港サポート(SKTelecomローミングセンター) SKテレコム正規品 韓国SIMカードタイプではありません"", ""score: local=6, roaming=0""], ""network_generation"": [""product_info_cellular_5g: source:product_info_cellular: 携帯電話技術 5G LTE""], ""carrier_support_local"": [""SmarTone: 【現地キャリア利用】香港 マカオで使用できるeSIM、香港 マカオ渡航スケジュールに対応する手軽なeSIMカード。キャリア：香港：Smartone、HKT、3 マカオ:CTM ，香港 マカオでは信号が広く、ネットワークが安定し、速度が速いです。eSIMのsimカードはプリペイドsimカードと違って、"", ""SmarTone: サービスプロバイダ Smartone, HKT, 3, CTM""], ""monthly_sold_count"": [""Amazon.co.jp: 【Almond eSIM】香港 マカオ eSIMプラン 5日間 完全無制限 4G-LTE 高速データ 使い放題 当日発行可能 出発前日本テスト用eSIM500MB 香港 マカオ プリペイドSIM 香港 esim 香港 マカオsim (5日間完全無制限) : 家電＆カメラ 次に移動 メインコンテンツ この商品について この商品につい""], ""review_count"": [""detail_page: (308)""], ""bestseller_rank"": [""Amazon 売れ筋ランキング 家電＆カメラ - 2,557位 ( 家電＆カメラの売れ筋ランキングを見る ) プリペイドSIMカード - 25位""], ""title"": [""【Almond eSIM】香港 マカオ eSIMプラン 5日間 完全無制限 4G-LTE 高速データ 使い放題 当日発行可能 出発前日本テスト用eSIM500MB 香港 マカオ プリペイドSIM 香港 esim 香港 マカオsim (5日間完全無制限)""]}"
amazon_jp,hk,【香港・マカオeSIM】4日間完全無制限（使い放題） LINE相談受付中｜データ通信専用（電話番号なし） | simフリー端末のみ対応 説明書付 イーシム simless,1630,16,,,50,,216,4일,4일,4일,local,lte_4g_only,,,"{""cmhk"": null, ""csl"": null, ""smartone"": null, ""three_hk"": null}","{""skt"": null, ""kt"": null, ""lgu"": null}",unlimited,https://www.amazon.co.jp/%E3%80%90%E9%A6%99%E6%B8%AF%E3%83%BB%E3%83%9E%E3%82%AB%E3%82%AAeSIM%E3%80%914%E6%97%A5%E9%96%93%E5%AE%8C%E5%85%A8%E7%84%A1%E5%88%B6%E9%99%90%EF%BC%88%E4%BD%BF%E3%81%84%E6%94%BE%E9%A1%8C%EF%BC%89-LINE%E7%9B%B8%E8%AB%87%E5%8F%97%E4%BB%98%E4%B8%AD%EF%BD%9C%E3%83%87%E3%83%BC%E3%82%BF%E9%80%9A%E4%BF%A1%E5%B0%82%E7%94%A8%EF%BC%88%E9%9B%BB%E8%A9%B1%E7%95%AA%E5%8F%B7%E3%81%AA%E3%81%97%EF%BC%89-sim%E3%83%95%E3%83%AA%E3%83%BC%E7%AB%AF%E6%9C%AB%E3%81%AE%E3%81%BF%E5%AF%BE%E5%BF%9C-%E8%AA%AC%E6%98%8E%E6%9B%B8%E4%BB%98-simless/dp/B0DV5PQ8MB,B0DV5PQ8MB,B0DV5PQ8MB,DeSiM,DeSiMのストアを表示,"{""price_jpy"": [""￥1,630""], ""usage_validity"": [""【香港・マカオeSIM】4日間完全無制限（使い放題） LINE相談受付中｜データ通信専用（電話番号なし） | simフリー端末のみ対応 説明書付 イーシム simless""], ""activation_validity"": [""【香港・マカオeSIM】4日間完全無制限（使い放題） LINE相談受付中｜データ通信専用（電話番号なし） | simフリー端末のみ対応 説明書付 イーシム simless""], ""data_amount"": [""商品の説明 購入前の注意事項 【注意事項】 注意事項①：電話番号は付与されませんので、ご注意ください。 注意事項②：SIMロックフリー端末、もしくはSIMフリー端末専用のサービスです。必ず、ご利用端末がeSIM対応かどうかご確認ください。 注意事項③：2021年10月1日以前にSIMロック解除をキャリア店頭またはインターネットでされた「Android端末」は""], ""network_type"": [""商品の説明 購入前の注意事項 【注意事項】 注意事項①：電話番号は付与されませんので、ご注意ください。 注意事項②：SIMロックフリー端末、もしくはSIMフリー端末専用のサービスです。必ず、ご利用端末がeSIM対応かどうかご確認ください。 注意事項③：2021年10月1日以前にSIMロック解除をキャリア店頭またはインターネットでされた「Android端末」は"", ""【T-Mobile純正品】eSIM版 アメリカ ハワイ SIM 7日間【使い放題】【電話番号付き】5G/4G-LTE 高速データ通信/通話/SMS/テザリング 【アメリカ ハワイ 無制限】 プリペイド SIMカード T-Mobile esim 7days"", ""score: local=12, roaming=1""], ""network_generation"": [""product_info_cellular_4g_lte: source:product_info_cellular: 携帯電話技術 LTE""], ""monthly_sold_count"": [""Amazon.co.jp: 【香港・マカオeSIM】4日間完全無制限（使い放題） LINE相談受付中｜データ通信専用（電話番号なし） | simフリー端末のみ対応 説明書付 イーシム simless : 家電＆カメラ 次に移動 メインコンテンツ この商品について この商品について この商品について 購入オプション 類似商品と比較する ビデオ レビュー キーボ""], ""review_count"": [""detail_page: (16)""], ""bestseller_rank"": [""Amazon 売れ筋ランキング 家電＆カメラ - 18,914位 ( 家電＆カメラの売れ筋ランキングを見る ) プリペイドSIMカード - 216位""], ""title"": [""【香港・マカオeSIM】4日間完全無制限（使い放題） LINE相談受付中｜データ通信専用（電話番号なし） | simフリー端末のみ対応 説明書付 イーシム simless""]}"
amazon_jp,hk,【中国・香港・マカオeSIM】3日間 高速データ通信無制限 低速制限なし 即日発行 実名登録不要 VPN不要 QR簡単設定 マグロeSIM,1580,211,,,,,28,3일,3일,3일,unknown,lte_4g_only,,,"{""cmhk"": null, ""csl"": null, ""smartone"": null, ""three_hk"": null}","{""skt"": null, ""kt"": null, ""lgu"": null}",unlimited,https://www.amazon.co.jp/eSIM%E3%80%913%E6%97%A5%E9%96%93-%E4%B8%AD%E5%9B%BD%E3%83%8D%E3%83%83%E3%83%88%E8%A6%8F%E5%88%B6%E5%AF%BE%E8%B1%A1%E5%A4%96-Line%E3%80%81Youtube%E3%80%81Google%E3%81%AA%E3%81%A9VPN%E3%81%AA%E3%81%97%E3%81%A7%E5%88%A9%E7%94%A8%E5%8F%AF%E8%83%BD-%E6%80%A5%E3%81%8E%E3%81%AE%E6%96%B9LINE%E3%82%B5%E3%83%9D%E3%83%BC%E3%83%88%E3%81%82%E3%82%8A-%E3%83%9E%E3%82%B0%E3%83%ADeSIM/dp/B0DRVGJDB7,B0DRVGJDB7,B0DRVGJDB7,マグロeSIM,マグロeSIMのストアを表示,"{""price_jpy"": [""￥1,580""], ""usage_validity"": [""【中国・香港・マカオeSIM】3日間 高速データ通信無制限 低速制限なし 即日発行 実名登録不要 VPN不要 QR簡単設定 マグロeSIM""], ""activation_validity"": [""【中国・香港・マカオeSIM】3日間 高速データ通信無制限 低速制限なし 即日発行 実名登録不要 VPN不要 QR簡単設定 マグロeSIM""], ""data_amount"": [""【特徴①】本商品は、高速データ通信が無制限に使用可能です。さらに、日本国内で使用できる500MBのデータも含まれており、詳しい情報は、予約後にお送りするメールの説明書をご確認ください。""], ""network_type"": [""local_signal: 【チョコSIM 定額（Sプラン）】【中国の電話番号付きでアプリや施設サービスのSMS認証が可能】【データ容量】合計500MB/月【音声】合計20分間/月 データ/音声/SMS付きSIMカード 中国SIM マカオSIM China unicom ※こちらのSIMカードは契約後、毎月の基本料が発生いたします。※2024年11月1日から台湾でのご利用はできなくなり"", ""roaming_signal: 商品の説明 購入前にご注意！ 注意事項①：ご購入後、商品画像に記載されたURLにアクセスし必要事項を入力→メールアドレスにPDFの説明書とeSIMのQRコードが届きます！ 注意事項②：SIMロックフリー端末、もしくはSIMフリー端末専用のサービスです。必ず、ご利用端末がeSIM対応かどうかご確認ください。 注意事項③：eSIM対応端末のみ利用可能。※通信キャ"", ""insufficient_or_conflicting_signals(local=6, roaming=3)""], ""network_generation"": [""product_info_cellular_4g_lte: source:product_info_cellular: 携帯電話技術 LTE""], ""review_count"": [""detail_page: (211)""], ""bestseller_rank"": [""Amazon 売れ筋ランキング 家電＆カメラ - 3,017位 ( 家電＆カメラの売れ筋ランキングを見る ) プリペイドSIMカード - 28位""], ""title"": [""【中国・香港・マカオeSIM】3日間 高速データ通信無制限 低速制限なし 即日発行 実名登録不要 VPN不要 QR簡単設定 マグロeSIM""]}"
amazon_jp,hk,【Simmy公式】香港 eSIM 3日間 返金交換無料 データ無制限 困ったらLINEで相談OK,790,3400,,,,,119,3일,3일,7일,unknown,5g_capable,,,"{""cmhk"": null, ""csl"": null, ""smartone"": null, ""three_hk"": null}","{""skt"": null, ""kt"": null, ""lgu"": null}",unlimited,https://www.amazon.co.jp/%E3%80%90Simmy%E5%85%AC%E5%BC%8F%E3%80%91%E9%A6%99%E6%B8%AF-eSIM-%E8%BF%94%E9%87%91%E4%BA%A4%E6%8F%9B%E7%84%A1%E6%96%99-%E3%83%87%E3%83%BC%E3%82%BF%E7%84%A1%E5%88%B6%E9%99%90-%E5%9B%B0%E3%81%A3%E3%81%9F%E3%82%89LINE%E3%81%A7%E7%9B%B8%E8%AB%87OK/dp/B0F898QD3V,B0F898QD3V,B0F898QD3V,Simmy: The Easiest eSIM App,ブランド: Simmy,"{""price_jpy"": [""￥790""], ""usage_validity"": [""【Simmy公式】香港 eSIM 3日間 返金交換無料 データ無制限 困ったらLINEで相談OK""], ""activation_validity"": [""大中華区SIMカード-中国、香港、マカオ、台湾向けプリペイドデータプラン｜2 GB毎日データ、7日有効期限｜高速4/5 G LTE｜旅行者に最適""], ""data_amount"": [""Amazon.co.jp: 【Simmy公式】香港 eSIM 3日間 返金交換無料 データ無制限 困ったらLINEで相談OK | 海外旅行・出張・留学、iPhone・Android対応、テザリング可能、5G対応、使う日から日数カウントスタート、届いたQRを読むだけ・設定ガイド付き、24時間365日サポート・公式チャットも対応、初めてのeSIMでも安心 : 家""], ""network_type"": [""no_local_or_roaming_keyword_matched""], ""network_generation"": [""product_info_cellular_5g: source:product_info_cellular: 携帯電話技術 5G, 4G, LTE""], ""review_count"": [""detail_page: 「ちゃんと使えるか不安…」 そんな声に応え続けてきたeSIMです。 Simmyは、累計販売数7.5万人以上、130カ国のユーザーに利用され、 アプリストア評価3,400件超の実績があります。 海外旅行のプロが常駐し、24時間365日サポート。 LINE・公式チャット対応なので、トラブル時もすぐ相談できます！ アプリから残量チェック＆容量追加も可能。 旅行中の""], ""bestseller_rank"": [""Amazon 売れ筋ランキング 家電＆カメラ - 10,835位 ( 家電＆カメラの売れ筋ランキングを見る ) プリペイドSIMカード - 119位""], ""title"": [""【Simmy公式】香港 eSIM 3日間 返金交換無料 データ無制限 困ったらLINEで相談OK""]}"
amazon_jp,hk,【中国 香港 マカオeSIM】4日間 高速データ通信 低速なし 完全無制限 実名登録不要 中国ネット規制対象外 使い放題｜Google LINE YouTubeなどVPNなしで利用可能｜中国 simカード 香港sim マカオsim マカオeSIM プリペイド SIM eSIM｜旅行・出張・留学｜安心サポート 5G 4G-LTE対応 当日発行可能,1250,101,,,,,96,4일,4일,4일,unknown,5g_capable,,,"{""cmhk"": null, ""csl"": null, ""smartone"": true, ""three_hk"": true}","{""skt"": null, ""kt"": null, ""lgu"": null}",unlimited,https://www.amazon.co.jp/%E3%83%9E%E3%82%AB%E3%82%AAeSIM%E3%80%914%E6%97%A5%E9%96%93-%E4%B8%AD%E5%9B%BD%E3%83%8D%E3%83%83%E3%83%88%E8%A6%8F%E5%88%B6%E5%AF%BE%E8%B1%A1%E5%A4%96-%E4%BD%BF%E3%81%84%E6%94%BE%E9%A1%8C%EF%BD%9CGoogle-YouTube%E3%81%AA%E3%81%A9VPN%E3%81%AA%E3%81%97%E3%81%A7%E5%88%A9%E7%94%A8%E5%8F%AF%E8%83%BD%EF%BD%9C%E4%B8%AD%E5%9B%BD-eSIM%EF%BD%9C%E6%97%85%E8%A1%8C%E3%83%BB%E5%87%BA%E5%BC%B5%E3%83%BB%E7%95%99%E5%AD%A6%EF%BD%9C%E5%AE%89%E5%BF%83%E3%82%B5%E3%83%9D%E3%83%BC%E3%83%88/dp/B0FDG6B86T,B0FDG6B86T,B0FDG6B86T,Global Travel SIM Card,onetoneのストアを表示,"{""price_jpy"": [""￥1,250""], ""usage_validity"": [""【中国 香港 マカオeSIM】4日間 高速データ通信 低速なし 完全無制限 実名登録不要 中国ネット規制対象外 使い放題｜Google LINE YouTubeなどVPNなしで利用可能｜中国 simカード 香港sim マカオsim マカオeSIM プリペイド SIM eSIM｜旅行・出張・留学｜安心サポート 5G 4G-LTE対応 当日発行可能""], ""activation_validity"": [""【中国 香港 マカオeSIM】4日間 高速データ通信 低速なし 完全無制限 実名登録不要 中国ネット規制対象外 使い放題｜Google LINE YouTubeなどVPNなしで利用可能｜中国 simカード 香港sim マカオsim マカオeSIM プリペイド SIM eSIM｜旅行・出張・留学｜安心サポート 5G 4G-LTE対応 当日発行可能""], ""data_amount"": [""Amazon.co.jp: 【中国 香港 マカオeSIM】4日間 高速データ通信 低速なし 完全無制限 実名登録不要 中国ネット規制対象外 使い放題｜Google LINE YouTubeなどVPNなしで利用可能｜中国 simカード 香港sim マカオsim マカオeSIM プリペイド SIM eSIM｜旅行・出張・留学｜安心サポート 5G 4G-LTE対応""], ""network_type"": [""local_signal: 【チョコSIM 定額（Sプラン）】【中国の電話番号付きでアプリや施設サービスのSMS認証が可能】【データ容量】合計500MB/月【音声】合計20分間/月 データ/音声/SMS付きSIMカード 中国SIM マカオSIM China unicom ※こちらのSIMカードは契約後、毎月の基本料が発生いたします。※2024年11月1日から台湾でのご利用はできなくなり"", ""roaming_signal: 商品の説明 注意事項： 1. eSIMが提供する機能とサービス 現在のeSIMはデータ通信のみサポートしており、音声通話およびSMS機能はサポートしていません。 2. スマートフォンがeSIMをサポートしているかどうかの確認方法 「通話」画面で`*#06#`を入力すると、EID情報が表示されます。これはスマートフォンがeSIMのインストールをサポートしている"", ""insufficient_or_conflicting_signals(local=6, roaming=3)""], ""network_generation"": [""product_info_cellular_5g: source:product_info_cellular: 携帯電話技術 5G, 4G LTE""], ""carrier_support_local"": [""SmarTone, 3HK: サービスプロバイダ China Unicom/smartone/3HK""], ""review_count"": [""detail_page: (101)""], ""bestseller_rank"": [""Amazon 売れ筋ランキング 家電＆カメラ - 9,219位 ( 家電＆カメラの売れ筋ランキングを見る ) プリペイドSIMカード - 96位""], ""title"": [""【中国 香港 マカオeSIM】4日間 高速データ通信 低速なし 完全無制限 実名登録不要 中国ネット規制対象外 使い放題｜Google LINE YouTubeなどVPNなしで利用可能｜中国 simカード 香港sim マカオsim マカオeSIM プリペイド SIM eSIM｜旅行・出張・留学｜安心サポート 5G 4G-LTE対応 当日発行可能""]}"
amazon_jp,hk,中国・香港・マカオ eSIM｜8日間 10GB 高速データ通信｜本人確認不要・当日利用可能｜LINE・YouTube・Google利用可 ｜24時間サポート 中国 esim 香港 esim,1380,10,,,,,567,8일,8일,90일,unknown,5g_capable,,,"{""cmhk"": null, ""csl"": null, ""smartone"": null, ""three_hk"": true}","{""skt"": null, ""kt"": null, ""lgu"": null}",unlimited,https://www.amazon.co.jp/%E4%B8%AD%E5%9B%BD%E3%83%BB%E9%A6%99%E6%B8%AF%E3%83%BB%E3%83%9E%E3%82%AB%E3%82%AA-eSIM%EF%BD%9C8%E6%97%A5%E9%96%93-10GB-%E9%AB%98%E9%80%9F%E3%83%87%E3%83%BC%E3%82%BF%E9%80%9A%E4%BF%A1%EF%BD%9C%E6%9C%AC%E4%BA%BA%E7%A2%BA%E8%AA%8D%E4%B8%8D%E8%A6%81%E3%83%BB%E5%BD%93%E6%97%A5%E5%88%A9%E7%94%A8%E5%8F%AF%E8%83%BD%EF%BD%9CLINE%E3%83%BBYouTube%E3%83%BBGoogle%E5%88%A9%E7%94%A8%E5%8F%AF-%EF%BD%9C24%E6%99%82%E9%96%93%E3%82%B5%E3%83%9D%E3%83%BC%E3%83%88/dp/B0GVSZGFWL,B0GVSZGFWL,B0GVSZGFWL,Global eSIMshop,ブランド: PLUG TO GO,"{""price_jpy"": [""￥1,380""], ""usage_validity"": [""中国・香港・マカオ eSIM｜8日間 10GB 高速データ通信｜本人確認不要・当日利用可能｜LINE・YouTube・Google利用可 ｜24時間サポート 中国 esim 香港 esim""], ""activation_validity"": [""【有効期限】QRコードは90日以内に有効です。日本でQRコードをスキャンして事前設定が可能。""], ""data_amount"": [""【高速データ無制限】中国本土・香港・マカオ対応のデータ通信専用eSIM。現地大手キャリア回線で安定・快適に利用可能。高速データ無制限＆本人確認不要。中国のネット規制を回避し、Google・LINE・YouTubeなどもVPN不要で利用可能です。""], ""network_type"": [""no_local_or_roaming_keyword_matched""], ""network_generation"": [""product_info_cellular_5g: source:product_info_cellular: 携帯電話技術 5G/4G""], ""carrier_support_local"": [""3HK: サービスプロバイダ China Telecom/3HK/CTM"", ""3HK: Amazon.co.jp: 中国・香港・マカオ eSIM｜8日間 10GB 高速データ通信｜本人確認不要・当日利用可能｜LINE・YouTube・Google利用可 ｜24時間サポート 中国 esim 香港 esim : 家電＆カメラ 次に移動 メインコンテンツ この商品について この商品について ""], ""review_count"": [""detail_page: (10)""], ""bestseller_rank"": [""Amazon 売れ筋ランキング 家電＆カメラ - 53,118位 ( 家電＆カメラの売れ筋ランキングを見る ) プリペイドSIMカード - 567位""], ""title"": [""中国・香港・マカオ eSIM｜8日間 10GB 高速データ通信｜本人確認不要・当日利用可能｜LINE・YouTube・Google利用可 ｜24時間サポート 中国 esim 香港 esim""]}"
amazon_jp,hk,【中国 香港 マカオSIM】5日間 高速データ無制限使い放題 本人確認不要 TikTok利用可能 データ通信専用,1980,43,,,,,161,5일,5일,5일,unknown,5g_capable,,,"{""cmhk"": null, ""csl"": null, ""smartone"": null, ""three_hk"": null}","{""skt"": null, ""kt"": null, ""lgu"": null}",unlimited,https://www.amazon.co.jp/%E3%83%9E%E3%82%AB%E3%82%AASIM%E3%80%915%E6%97%A5%E9%96%93-%E9%AB%98%E9%80%9F%E3%83%87%E3%83%BC%E3%82%BF%E7%84%A1%E5%88%B6%E9%99%90%E4%BD%BF%E3%81%84%E6%94%BE%E9%A1%8C-TikTok%E5%88%A9%E7%94%A8%E5%8F%AF%E8%83%BD-%E3%83%97%E3%83%AA%E3%83%9A%E3%82%A4%E3%83%89SIM%E3%82%AB%E3%83%BC%E3%83%89-mewfi/dp/B0FN3YH7JL,B0FN3YH7JL,B0FN3YH7JL,Mewfi 正規販売店,mewfiのストアを表示,"{""price_jpy"": [""￥1,980""], ""usage_validity"": [""【中国 香港 マカオSIM】5日間 高速データ無制限使い放題 本人確認不要 TikTok利用可能 データ通信専用""], ""activation_validity"": [""【中国 香港 マカオSIM】5日間 高速データ無制限使い放題 本人確認不要 TikTok利用可能 データ通信専用""], ""data_amount"": [""【高速データ通信】中国・香港・マカオ全域で高速データ通信が無制限にご利用いただけます。面倒な契約や本人確認は一切不要です。""], ""network_type"": [""local_signal: 【ベトナムSIMカード】4日間 高速データ通信 無制限(速度低下なし) データ通信専用 4G/5G対応 ベトナム現地通信回線 mewfi"", ""roaming_signal: 【ご利用方法】ご利用前に簡単な予約手続きを行うだけでOK。現地に到着後、SIMカードを挿入し、ローミングを有効にすれば自動的にインターネットに接続されます。"", ""insufficient_or_conflicting_signals(local=6, roaming=2)""], ""network_generation"": [""product_info_cellular_5g: source:product_info_cellular: 携帯電話技術 LTE, 5G"", ""product_info_cellular_4g_lte_signal_present_but_5g_capable_takes_precedence""], ""review_count"": [""detail_page: (43)""], ""bestseller_rank"": [""Amazon 売れ筋ランキング 家電＆カメラ - 14,835位 ( 家電＆カメラの売れ筋ランキングを見る ) プリペイドSIMカード - 161位""], ""title"": [""【中国 香港 マカオSIM】5日間 高速データ無制限使い放題 本人確認不要 TikTok利用可能 データ通信専用""]}"
amazon_jp,hk,【中国 香港 マカオ eSIM】8日間 無制限 実名登録不要 高速データ通信 低速なし 中国ネット規制対象外 Line、Youtube、GoogleなどVPNなしで利用可能 QRコード設定 メール登録で納品 即日発行対応 急ぎの方LINEサポートあり 中国esim 香港esim マカオesim マグロeSIM,2980,10,,,,,806,8일,8일,8일,unknown,lte_4g_only,,,"{""cmhk"": null, ""csl"": null, ""smartone"": null, ""three_hk"": null}","{""skt"": null, ""kt"": null, ""lgu"": null}",unlimited,https://www.amazon.co.jp/eSIM%E3%80%918%E6%97%A5%E9%96%93-%E4%B8%AD%E5%9B%BD%E3%83%8D%E3%83%83%E3%83%88%E8%A6%8F%E5%88%B6%E5%AF%BE%E8%B1%A1%E5%A4%96-Line%E3%80%81Youtube%E3%80%81Google%E3%81%AA%E3%81%A9VPN%E3%81%AA%E3%81%97%E3%81%A7%E5%88%A9%E7%94%A8%E5%8F%AF%E8%83%BD-%E6%80%A5%E3%81%8E%E3%81%AE%E6%96%B9LINE%E3%82%B5%E3%83%9D%E3%83%BC%E3%83%88%E3%81%82%E3%82%8A-%E3%83%9E%E3%82%B0%E3%83%ADeSIM/dp/B0DW7B8F45,B0DW7B8F45,B0DW7B8F45,マグロeSIM,マグロeSIMのストアを表示,"{""price_jpy"": [""￥2,980""], ""usage_validity"": [""【中国 香港 マカオ eSIM】8日間 無制限 実名登録不要 高速データ通信 低速なし 中国ネット規制対象外 Line、Youtube、GoogleなどVPNなしで利用可能 QRコード設定 メール登録で納品 即日発行対応 急ぎの方LINEサポートあり 中国esim 香港esim マカオesim マグロeSIM""], ""activation_validity"": [""【中国 香港 マカオ eSIM】8日間 無制限 実名登録不要 高速データ通信 低速なし 中国ネット規制対象外 Line、Youtube、GoogleなどVPNなしで利用可能 QRコード設定 メール登録で納品 即日発行対応 急ぎの方LINEサポートあり 中国esim 香港esim マカオesim マグロeSIM""], ""data_amount"": [""【高速データ】高速データ通信が無制限に使用可能です。""], ""network_type"": [""local_signal: サービスプロバイダ 中国のローカルネットワークオペレーター"", ""roaming_signal: 商品の説明 購入前にご注意！ 注意事項①：ご購入後、商品画像に記載されたURLにアクセスし必要事項を入力→メールアドレスにPDFの説明書とeSIMのQRコードが届きます！ 注意事項②：SIMロックフリー端末、もしくはSIMフリー端末専用のサービスです。必ず、ご利用端末がeSIM対応かどうかご確認ください。 注意事項③：eSIM対応端末のみ利用可能。※通信キャ"", ""insufficient_or_conflicting_signals(local=8, roaming=3)""], ""network_generation"": [""product_info_cellular_4g_lte: source:product_info_cellular: 携帯電話技術 LTE""], ""review_count"": [""detail_page: (10)""], ""bestseller_rank"": [""Amazon 売れ筋ランキング 家電＆カメラ - 85,092位 ( 家電＆カメラの売れ筋ランキングを見る ) プリペイドSIMカード - 806位""], ""title"": [""【中国 香港 マカオ eSIM】8日間 無制限 実名登録不要 高速データ通信 低速なし 中国ネット規制対象外 Line、Youtube、GoogleなどVPNなしで利用可能 QRコード設定 メール登録で納品 即日発行対応 急ぎの方LINEサポートあり 中国esim 香港esim マカオesim マグロeSIM""]}"
amazon_jp,hk,【中国 香港 マカオ eSIM】5日間 無制限 実名登録不要 高速データ通信 低速なし 中国ネット規制対象外 Line、Youtube、GoogleなどVPNなしで利用可能 QRコード設定 メール登録で納品 即日発行対応 急ぎの方LINEサポートあり 中国esim 香港esim マカオesim,1880,22,,,,,361,5일,5일,5일,roaming,lte_4g_only,,,"{""cmhk"": null, ""csl"": null, ""smartone"": null, ""three_hk"": null}","{""skt"": null, ""kt"": null, ""lgu"": null}",unlimited,https://www.amazon.co.jp/eSIM%E3%80%915%E6%97%A5%E9%96%93-%E4%B8%AD%E5%9B%BD%E3%83%8D%E3%83%83%E3%83%88%E8%A6%8F%E5%88%B6%E5%AF%BE%E8%B1%A1%E5%A4%96-Line%E3%80%81Youtube%E3%80%81Google%E3%81%AA%E3%81%A9VPN%E3%81%AA%E3%81%97%E3%81%A7%E5%88%A9%E7%94%A8%E5%8F%AF%E8%83%BD-%E3%83%A1%E3%83%BC%E3%83%AB%E7%99%BB%E9%8C%B2%E3%81%A7%E7%B4%8D%E5%93%81-%E6%80%A5%E3%81%8E%E3%81%AE%E6%96%B9LINE%E3%82%B5%E3%83%9D%E3%83%BC%E3%83%88%E3%81%82%E3%82%8A/dp/B0FBVRLKHL,B0FBVRLKHL,B0FBVRLKHL,マグロeSIM,マグロeSIMのストアを表示,"{""price_jpy"": [""￥1,880""], ""usage_validity"": [""【中国 香港 マカオ eSIM】5日間 無制限 実名登録不要 高速データ通信 低速なし 中国ネット規制対象外 Line、Youtube、GoogleなどVPNなしで利用可能 QRコード設定 メール登録で納品 即日発行対応 急ぎの方LINEサポートあり 中国esim 香港esim マカオesim""], ""activation_validity"": [""【中国 香港 マカオ eSIM】5日間 無制限 実名登録不要 高速データ通信 低速なし 中国ネット規制対象外 Line、Youtube、GoogleなどVPNなしで利用可能 QRコード設定 メール登録で納品 即日発行対応 急ぎの方LINEサポートあり 中国esim 香港esim マカオesim""], ""data_amount"": [""【高速データ】高速データ通信が無制限に使用可能です。""], ""network_type"": [""商品の説明 購入前にご注意！ 注意事項①：ご購入後、商品画像に記載されたURLにアクセスし必要事項を入力→メールアドレスにPDFの説明書とeSIMのQRコードが届きます！ 注意事項②：SIMロックフリー端末、もしくはSIMフリー端末専用のサービスです。必ず、ご利用端末がeSIM対応かどうかご確認ください。 注意事項③：eSIM対応端末のみ利用可能。※通信キャ"", ""score: local=0, roaming=3""], ""network_generation"": [""product_info_cellular_4g_lte: source:product_info_cellular: 携帯電話技術 LTE""], ""review_count"": [""detail_page: (22)""], ""bestseller_rank"": [""Amazon 売れ筋ランキング 家電＆カメラ - 33,270位 ( 家電＆カメラの売れ筋ランキングを見る ) プリペイドSIMカード - 361位""], ""title"": [""【中国 香港 マカオ eSIM】5日間 無制限 実名登録不要 高速データ通信 低速なし 中国ネット規制対象外 Line、Youtube、GoogleなどVPNなしで利用可能 QRコード設定 メール登録で納品 即日発行対応 急ぎの方LINEサポートあり 中国esim 香港esim マカオesim""]}"
amazon_jp,hk,【香港 マカオ eSIM】5日間 無制限 実名登録不要 高速データ通信 低速なし 中国ネット規制対象外 Line、Youtube、GoogleなどVPNなしで利用可能 QRコード設定 メール登録で納品 即日発行対応 急ぎの方LINEサポートあり 中国esim 香港esim マカオesim マグロeSIM,1880,1,,,,,100,5일,5일,5일,unknown,lte_4g_only,,,"{""cmhk"": null, ""csl"": null, ""smartone"": null, ""three_hk"": null}","{""skt"": null, ""kt"": null, ""lgu"": null}",unlimited,https://www.amazon.co.jp/eSIM%E3%80%915%E6%97%A5%E9%96%93-%E4%B8%AD%E5%9B%BD%E3%83%8D%E3%83%83%E3%83%88%E8%A6%8F%E5%88%B6%E5%AF%BE%E8%B1%A1%E5%A4%96-Line%E3%80%81Youtube%E3%80%81Google%E3%81%AA%E3%81%A9VPN%E3%81%AA%E3%81%97%E3%81%A7%E5%88%A9%E7%94%A8%E5%8F%AF%E8%83%BD-%E6%80%A5%E3%81%8E%E3%81%AE%E6%96%B9LINE%E3%82%B5%E3%83%9D%E3%83%BC%E3%83%88%E3%81%82%E3%82%8A-%E3%83%9E%E3%82%B0%E3%83%ADeSIM/dp/B0DYDMR9WF,B0DYDMR9WF,B0DYDMR9WF,マグロeSIM,マグロeSIMのストアを表示,"{""price_jpy"": [""￥1,880""], ""usage_validity"": [""【香港 マカオ eSIM】5日間 無制限 実名登録不要 高速データ通信 低速なし 中国ネット規制対象外 Line、Youtube、GoogleなどVPNなしで利用可能 QRコード設定 メール登録で納品 即日発行対応 急ぎの方LINEサポートあり 中国esim 香港esim マカオesim マグロeSIM""], ""activation_validity"": [""【香港 マカオ eSIM】5日間 無制限 実名登録不要 高速データ通信 低速なし 中国ネット規制対象外 Line、Youtube、GoogleなどVPNなしで利用可能 QRコード設定 メール登録で納品 即日発行対応 急ぎの方LINEサポートあり 中国esim 香港esim マカオesim マグロeSIM""], ""data_amount"": [""【高速データ】高速データ通信が無制限に使用可能です。""], ""network_type"": [""local_signal: 【SKTelecoｍ公式認証】 韓国eSIM 3日間 (72時間) 電話番号付き 超高速データ無制限 最初の5分発信無料(韓国国内) お急ぎの方即時発行可(LINE相談受付中) 有効期限／ご購入日より120日以内 現地空港サポート(SKTelecomローミングセンター) SKテレコム正規品 韓国SIMカードタイプではありません"", ""roaming_signal: 商品の説明 購入前にご注意！ 注意事項①：ご購入後、商品画像に記載されたURLにアクセスし必要事項を入力→メールアドレスにPDFの説明書とeSIMのQRコードが届きます！ 注意事項②：SIMロックフリー端末、もしくはSIMフリー端末専用のサービスです。必ず、ご利用端末がeSIM対応かどうかご確認ください。 注意事項③：eSIM対応端末のみ利用可能。※通信キャ"", ""insufficient_or_conflicting_signals(local=3, roaming=3)""], ""network_generation"": [""product_info_cellular_4g_lte: source:product_info_cellular: 携帯電話技術 LTE""], ""review_count"": [""detail_page: (1)""], ""bestseller_rank"": [""Amazon 売れ筋ランキング 家電＆カメラ - 271,684位 ( 家電＆カメラの売れ筋ランキングを見る ) 定期契約SIMカード - 100位""], ""title"": [""【香港 マカオ eSIM】5日間 無制限 実名登録不要 高速データ通信 低速なし 中国ネット規制対象外 Line、Youtube、GoogleなどVPNなしで利用可能 QRコード設定 メール登録で納品 即日発行対応 急ぎの方LINEサポートあり 中国esim 香港esim マカオesim マグロeSIM""]}"
amazon_jp,hk,【中国 マカオ 香港 eSIM】8日間無制限 実名登録不要 QRコード設定 メール登録で納品 即日発行対応 急ぎの方LINEサポート 高速データ通信 低速なし 中国ネット規制対象外 Line、Youtube、GoogleなどVPNなしで利用可能 中国sim 香港sim マカオsim (8日間),2550,49,,,,,1990,8일,8일,90일,unknown,lte_4g_only,,,"{""cmhk"": null, ""csl"": null, ""smartone"": null, ""three_hk"": true}","{""skt"": null, ""kt"": null, ""lgu"": null}",unlimited,https://www.amazon.co.jp/eSIM%E3%80%918%E6%97%A5%E9%96%93%E7%84%A1%E5%88%B6%E9%99%90-%E6%80%A5%E3%81%8E%E3%81%AE%E6%96%B9LINE%E3%82%B5%E3%83%9D%E3%83%BC%E3%83%88-%E4%B8%AD%E5%9B%BD%E3%83%8D%E3%83%83%E3%83%88%E8%A6%8F%E5%88%B6%E5%AF%BE%E8%B1%A1%E5%A4%96-Line%E3%80%81Youtube%E3%80%81Google%E3%81%AA%E3%81%A9VPN%E3%81%AA%E3%81%97%E3%81%A7%E5%88%A9%E7%94%A8%E5%8F%AF%E8%83%BD-8%E6%97%A5%E9%96%93/dp/B0FQNH95JK,B0FQNH95JK,B0FQNH95JK,SYE店舗,ブランド: ノーブランド品,"{""price_jpy"": [""￥2,550""], ""usage_validity"": [""【中国 マカオ 香港 eSIM】8日間無制限 実名登録不要 QRコード設定 メール登録で納品 即日発行対応 急ぎの方LINEサポート 高速データ通信 低速なし 中国ネット規制対象外 Line、Youtube、GoogleなどVPNなしで利用可能 中国sim 香港sim マカオsim (8日間)""], ""activation_validity"": [""【有効期限】eSIM QRコードを受け取ってから90日間です""], ""data_amount"": [""✈️【高速データ通信】中国本土・香港・マカオで利用可能。無制限に使用可能です。旅行や出張先でも、高速インターネットでスムーズに使用！香港で5G通信可能。 ✈️【当日 納品可能】eSIMをご購入後、商品画像に記載された方法に従ってeSIM情報を取得して下さい。最短当日にご利用可能です。""], ""network_type"": [""【eSIM】【チャージで延長も可能】中国電話番号付き（30分/SMS30通）！シーズンSIM（中国本土・香港・日本・韓国で利用可能）90日間6GBデータ高速通信 プリペイドSIMカード 面倒な契約不要 (eSIMダウンロード版) ※台湾での利用はでき"", ""score: local=3, roaming=1"", ""local_claim_refers_to:cn""], ""network_generation"": [""product_info_cellular_4g_lte: source:product_info_cellular: 携帯電話技術 LTE""], ""carrier_support_local"": [""3HK: 【中国 香港 eSIM】大容量 2GB/日・高速データ 低速無制限 即日発行可能 China Unicom/3HK キャリア 4G-LTE対応 データ通信専用 中国・ 香港 プリペイド simカード (1日間)""], ""review_count"": [""detail_page: 49""], ""bestseller_rank"": [""Amazon 売れ筋ランキング 家電＆カメラ - 262,885位 ( 家電＆カメラの売れ筋ランキングを見る ) プリペイドSIMカード - 1,990位""], ""title"": [""【中国 マカオ 香港 eSIM】8日間無制限 実名登録不要 QRコード設定 メール登録で納品 即日発行対応 急ぎの方LINEサポート 高速データ通信 低速なし 中国ネット規制対象外 Line、Youtube、GoogleなどVPNなしで利用可能 中国sim 香港sim マカオsim (8日間)""]}"
amazon_jp,hk,【中国・香港・マカオ eSIM】3日間 5GB（二泊三日 コスパ重視） DeSiM正規卸 |LINE相談受付中 |データ通信専用（電話番号なし） simフリー端末のみ対応 説明書付 イーシム,2150,1,,,,,1863,3일,3일,7일,unknown,lte_4g_only,,,"{""cmhk"": null, ""csl"": null, ""smartone"": null, ""three_hk"": null}","{""skt"": null, ""kt"": null, ""lgu"": null}",unlimited,https://www.amazon.co.jp/%E3%80%90%E4%B8%AD%E5%9B%BD%E3%83%BB%E9%A6%99%E6%B8%AF%E3%83%BB%E3%83%9E%E3%82%AB%E3%82%AA-eSIM%E3%80%913%E6%97%A5%E9%96%93-LINE%E7%9B%B8%E8%AB%87%E5%8F%97%E4%BB%98%E4%B8%AD-%E3%83%87%E3%83%BC%E3%82%BF%E9%80%9A%E4%BF%A1%E5%B0%82%E7%94%A8%EF%BC%88%E9%9B%BB%E8%A9%B1%E7%95%AA%E5%8F%B7%E3%81%AA%E3%81%97%EF%BC%89-sim%E3%83%95%E3%83%AA%E3%83%BC%E7%AB%AF%E6%9C%AB%E3%81%AE%E3%81%BF%E5%AF%BE%E5%BF%9C/dp/B0D5W9QYZX,B0D5W9QYZX,B0D5W9QYZX,DeSiM,DeSiMのストアを表示,"{""price_jpy"": [""￥2,150""], ""usage_validity"": [""【中国・香港・マカオ eSIM】3日間 5GB（二泊三日 コスパ重視） DeSiM正規卸 |LINE相談受付中 |データ通信専用（電話番号なし） simフリー端末のみ対応 説明書付 イーシム""], ""activation_validity"": [""商品の説明 購入前の注意事項 【注意事項】 注意事項①：本商品はデータ通信専用です（通話はご利用いただけません）。ご注意ください。 注意事項②：SIMロックフリー端末、もしくはSIMフリー端末専用のサービスです。必ず、ご利用端末がeSIM対応かどうかご確認ください。 注意事項③：2021年10月1日以前にSIMロック解除をキャリア店頭またはインターネットでさ""], ""data_amount"": [""商品の説明 購入前の注意事項 【注意事項】 注意事項①：本商品はデータ通信専用です（通話はご利用いただけません）。ご注意ください。 注意事項②：SIMロックフリー端末、もしくはSIMフリー端末専用のサービスです。必ず、ご利用端末がeSIM対応かどうかご確認ください。 注意事項③：2021年10月1日以前にSIMロック解除をキャリア店頭またはインターネットでさ""], ""network_type"": [""商品の説明 購入前の注意事項 【注意事項】 注意事項①：本商品はデータ通信専用です（通話はご利用いただけません）。ご注意ください。 注意事項②：SIMロックフリー端末、もしくはSIMフリー端末専用のサービスです。必ず、ご利用端末がeSIM対応かどうかご確認ください。 注意事項③：2021年10月1日以前にSIMロック解除をキャリア店頭またはインターネットでさ"", ""【T-Mobile純正品】eSIM版 アメリカ ハワイ SIM 7日間【使い放題】【電話番号付き】5G/4G-LTE 高速データ通信/通話/SMS/テザリング 【アメリカ ハワイ 無制限】 プリペイド SIMカード T-Mobile esim 7days"", ""score: local=12, roaming=1"", ""local_claim_refers_to:cn""], ""network_generation"": [""product_info_cellular_4g_lte: source:product_info_cellular: 携帯電話技術 LTE""], ""review_count"": [""detail_page: (1)""], ""bestseller_rank"": [""Amazon 売れ筋ランキング 家電＆カメラ - 242,510位 ( 家電＆カメラの売れ筋ランキングを見る ) プリペイドSIMカード - 1,863位""], ""title"": [""【中国・香港・マカオ eSIM】3日間 5GB（二泊三日 コスパ重視） DeSiM正規卸 |LINE相談受付中 |データ通信専用（電話番号なし） simフリー端末のみ対応 説明書付 イーシム""]}"
amazon_jp,hk,【Almond eSIM】中国本土 eSIM 7日間10GB 高速データ 香港 マカオにも利用可能 中国ネット規制対象外 中国でもGoogle、LINE、YouTubeなど利用可能 出発前の接続テスト用 日本国内500MB eSIM付 24時間安心サポート 5G 4G-LTE対応 プリペイド eSIMカード China esimカード (7日間10GB高速データ),1580,118,,,200,,27,7일,7일,7일,roaming,lte_4g_only,,,"{""cmhk"": null, ""csl"": null, ""smartone"": null, ""three_hk"": true}","{""skt"": null, ""kt"": null, ""lgu"": null}",10GB,https://www.amazon.co.jp/eSIM%E3%80%91%E4%B8%AD%E5%9B%BD%E6%9C%AC%E5%9C%9F-%E4%B8%AD%E5%9B%BD%E3%83%8D%E3%83%83%E3%83%88%E8%A6%8F%E5%88%B6%E5%AF%BE%E8%B1%A1%E5%A4%96-%E4%B8%AD%E5%9B%BD%E3%81%A7%E3%82%82Google%E3%80%81LINE%E3%80%81YouTube%E3%81%AA%E3%81%A9%E5%88%A9%E7%94%A8%E5%8F%AF%E8%83%BD-24%E6%99%82%E9%96%93%E5%AE%89%E5%BF%83%E3%82%B5%E3%83%9D%E3%83%BC%E3%83%88-7%E6%97%A5%E9%96%9310GB%E9%AB%98%E9%80%9F%E3%83%87%E3%83%BC%E3%82%BF/dp/B0FT2SMGHG,B0FT2SMGHG,B0FT2SMGHG,株式会社ビッグコネクト,bigconnectのストアを表示,"{""price_jpy"": [""￥1,580""], ""usage_validity"": [""【Almond eSIM】中国本土 eSIM 7日間10GB 高速データ 香港 マカオにも利用可能 中国ネット規制対象外 中国でもGoogle、LINE、YouTubeなど利用可能 出発前の接続テスト用 日本国内500MB eSIM付 24時間安心サポート 5G 4G-LTE対応 プリペイド eSIMカード China esimカード (7日間10GB高速デ""], ""activation_validity"": [""大中華区SIMカード-中国、香港、マカオ、台湾向けプリペイドデータプラン｜2 GB毎日データ、7日有効期限｜高速4/5 G LTE｜旅行者に最適""], ""data_amount"": [""【データプラン】データ通信専用のeSIMです。中国大陸、香港、マカオを含む利用可能なプリペイドeSIMカード。利用開始日から7日間10GB まで4G/5G高速通信が使用可能。中国ネット規制対象外 中国でもGoogle、LINE、YouTubeなどVPNなしで利用可能、本人確認やSIMカード認証は不要です。""], ""network_type"": [""【中国ネット制限なし】中国本土での利用の場合は香港ローミング接続を行います。これにより中国政府のネット規制対象外となり、Google、Facebook、Twitter、Instagram等に接続可能です。中華圏渡航スケジュールに対応する手軽なプリペイドSIMカード。キャリア：中国：China Telecom 香港：3HK マカオ: CTM。"", ""商品の説明 中国本土でも、いつものネットを。 中国本土・香港・マカオで利用できるデータ通信専用eSIMです。中国本土では香港ローミング接続を利用し、VPNなしで外部サービスへアクセスできます。 中国本土でも、いつものサービスへ Google、LINE、YouTube、Instagram、Facebook、Yahoo!などに、専用VPNアプリの追加設定なしでア"", ""score: local=0, roaming=6""], ""network_generation"": [""product_info_cellular_4g_lte: source:product_info_cellular: 携帯電話技術 LTE""], ""carrier_support_local"": [""3HK: 【中国ネット制限なし】中国本土での利用の場合は香港ローミング接続を行います。これにより中国政府のネット規制対象外となり、Google、Facebook、Twitter、Instagram等に接続可能です。中華圏渡航スケジュールに対応する手軽なプリペイドSIMカード。キャリア：中国：China Tel"", ""3HK: 商品の説明 中国本土でも、いつものネットを。 中国本土・香港・マカオで利用できるデータ通信専用eSIMです。中国本土では香港ローミング接続を利用し、VPNなしで外部サービスへアクセスできます。 中国本土でも、いつものサービスへ Google、LINE、YouTube、Instagram、Facebo"", ""3HK: サービスプロバイダ China Telecom, 3HK, CTM"", ""3HK: 中国本土ではChina Telecom、香港では3HK、マカオではCTMのネットワークを利用します。中国本土では香港ローミング接続を行います。"", ""3HK: 中国本土ではChina Telecom、香港では3HK、マカオではCTMのネットワークを利用します。中国本土では香港ローミング接続を行います。""], ""monthly_sold_count"": [""Amazon.co.jp: 【Almond eSIM】中国本土 eSIM 7日間10GB 高速データ 香港 マカオにも利用可能 中国ネット規制対象外 中国でもGoogle、LINE、YouTubeなど利用可能 出発前の接続テスト用 日本国内500MB eSIM付 24時間安心サポート 5G 4G-LTE対応 プリペイド eSIMカード China esimカ""], ""review_count"": [""detail_page: (118)""], ""bestseller_rank"": [""Amazon 売れ筋ランキング 家電＆カメラ - 2,945位 ( 家電＆カメラの売れ筋ランキングを見る ) プリペイドSIMカード - 27位""], ""title"": [""【Almond eSIM】中国本土 eSIM 7日間10GB 高速データ 香港 マカオにも利用可能 中国ネット規制対象外 中国でもGoogle、LINE、YouTubeなど利用可能 出発前の接続テスト用 日本国内500MB eSIM付 24時間安心サポート 5G 4G-LTE対応 プリペイド eSIMカード China esimカード (7日間10GB高速データ)""]}"
amazon_jp,hk,【中国 SIMカード】7日間 10GB高速データ＋低速無制限｜中国・香港・マカオ対応｜Google・LINE・YouTube利用可能｜プリペイドSIM｜24時間LINEサポート 中国sim 香港sim,1121,55,,,50,,88,7일,7일,7일,unknown,5g_capable,,,"{""cmhk"": null, ""csl"": null, ""smartone"": null, ""three_hk"": true}","{""skt"": null, ""kt"": null, ""lgu"": null}",10GB,https://www.amazon.co.jp/%E3%80%90%E4%B8%AD%E5%9B%BD-SIM%E3%82%AB%E3%83%BC%E3%83%89%E3%80%917%E6%97%A5%E9%96%93-10GB%E9%AB%98%E9%80%9F%E3%83%87%E3%83%BC%E3%82%BF%EF%BC%8B%E4%BD%8E%E9%80%9F%E7%84%A1%E5%88%B6%E9%99%90%EF%BD%9C%E4%B8%AD%E5%9B%BD%E3%83%BB%E9%A6%99%E6%B8%AF%E3%83%BB%E3%83%9E%E3%82%AB%E3%82%AA%E5%AF%BE%E5%BF%9C%EF%BD%9CGoogle%E3%83%BBLINE%E3%83%BBYouTube%E5%88%A9%E7%94%A8%E5%8F%AF%E8%83%BD%EF%BD%9C%E3%83%97%E3%83%AA%E3%83%9A%E3%82%A4%E3%83%89SIM%EF%BD%9C24%E6%99%82%E9%96%93LINE%E3%82%B5%E3%83%9D%E3%83%BC%E3%83%88-%E4%B8%AD%E5%9B%BDsim-%E9%A6%99%E6%B8%AFsim/dp/B0FPR78JW4,B0FPR78JW4,B0FPR78JW4,Global Simcard,アーモンド　ＳＩｍ　ｃａｒｄのストアを表示,"{""price_jpy"": [""￥1,121""], ""usage_validity"": [""【中国 SIMカード】7日間 10GB高速データ＋低速無制限｜中国・香港・マカオ対応｜Google・LINE・YouTube利用可能｜プリペイドSIM｜24時間LINEサポート 中国sim 香港sim""], ""activation_validity"": [""⭐【高速データ通信】中国本土・香港・マカオ対応。7日間で合計10GBまで4G/5G高速通信が利用可能。超過後も128kbpsで通信継続でき、低速無制限で安心。 ⭐【中国ネット制限なし】香港ローミング接続で中国政府の規制対象外。Google、LINE、YouTube、SNSなど主要アプリがVPN不要で利用可能。本人確認も不要です。 ⭐【有効期限】未使用なら購入""], ""data_amount"": [""⭐【高速データ通信】中国本土・香港・マカオ対応。7日間で合計10GBの4G/5G高速データ通信が利用可能。10GB超過後も最大128kbpsで通信でき、低速無制限でご利用いただけます。""], ""network_type"": [""roaming_signal: ⭐【高速データ通信】中国本土・香港・マカオ対応。7日間で合計10GBまで4G/5G高速通信が利用可能。超過後も128kbpsで通信継続でき、低速無制限で安心。 ⭐【中国ネット制限なし】香港ローミング接続で中国政府の規制対象外。Google、LINE、YouTube、SNSなど主要アプリがVPN不要で利用可能。本人確認も不要です。 ⭐【有効期限】未使用なら購入"", ""insufficient_or_conflicting_signals(local=0, roaming=1)""], ""network_generation"": [""product_info_cellular_5g: source:product_info_cellular: 携帯電話技術 5G/4G-LTE""], ""carrier_support_local"": [""3HK: ⭐【対応端末・対応キャリア】SIMフリー／SIMロック解除済みスマートフォン専用。中国本土：中国電信（China Telecom）、香港：3HK、マカオ：CTMなど現地ネットワークに対応。※一部機種ではご利用いただけない場合があります。キャリア版Galaxy端末は非対応のためご注意ください。タブレッ"", ""3HK: ⭐【高速データ通信】中国本土・香港・マカオ対応。7日間で合計10GBまで4G/5G高速通信が利用可能。超過後も128kbpsで通信継続でき、低速無制限で安心。 ⭐【中国ネット制限なし】香港ローミング接続で中国政府の規制対象外。Google、LINE、YouTube、SNSなど主要アプリがVPN不要で"", ""3HK: サービスプロバイダ China Telecom/3HK /CTM""], ""monthly_sold_count"": [""Amazon.co.jp: 【中国 SIMカード】7日間 10GB高速データ＋低速無制限｜中国・香港・マカオ対応｜Google・LINE・YouTube利用可能｜プリペイドSIM｜24時間LINEサポート 中国sim 香港sim : 家電＆カメラ 次に移動 メインコンテンツ この商品について この商品について この商品について 購入オプション 類似商品と比較""], ""review_count"": [""detail_page: (55)""], ""bestseller_rank"": [""Amazon 売れ筋ランキング 家電＆カメラ - 8,590位 ( 家電＆カメラの売れ筋ランキングを見る ) プリペイドSIMカード - 88位""], ""title"": [""【中国 SIMカード】7日間 10GB高速データ＋低速無制限｜中国・香港・マカオ対応｜Google・LINE・YouTube利用可能｜プリペイドSIM｜24時間LINEサポート 中国sim 香港sim""]}"
amazon_jp,hk,【Almond SIM】中国本土 simcard 7日間10GB高速データ 低速データ無制限 香港 マカオにも利用可能 中国ネット規制対象外 中国でもGoogle、LINE、YouTubeなど利用可能 24時間安心サポート 5G 4G-LTE対応 プリペイド SIMカード China simカード (7日間10GB高速データ),1244,74,,,,,142,7일,7일,7일,unknown,5g_capable,,,"{""cmhk"": null, ""csl"": null, ""smartone"": null, ""three_hk"": true}","{""skt"": null, ""kt"": null, ""lgu"": null}",7GB,https://www.amazon.co.jp/7GB%EF%BC%8B3GB%E9%AB%98%E9%80%9F%E3%83%87%E3%83%BC%E3%82%BF-%E4%B8%AD%E5%9B%BD%E3%83%8D%E3%83%83%E3%83%88%E8%A6%8F%E5%88%B6%E5%AF%BE%E8%B1%A1%E5%A4%96-%E4%B8%AD%E5%9B%BD%E3%81%A7%E3%82%82Google%E3%80%81LINE%E3%80%81YouTube%E3%81%AA%E3%81%A9%E5%88%A9%E7%94%A8%E5%8F%AF%E8%83%BD-24%E6%99%82%E9%96%93%E5%AE%89%E5%BF%83%E3%82%B5%E3%83%9D%E3%83%BC%E3%83%88-7%E6%97%A5%E9%96%9310GB%E9%AB%98%E9%80%9F%E3%83%87%E3%83%BC%E3%82%BF/dp/B0FKLK7L35,B0FKLK7L35,B0FKLK7L35,株式会社ビッグコネクト,bigconnectのストアを表示,"{""price_jpy"": [""￥1,244""], ""usage_validity"": [""【Almond SIM】中国本土 simcard 7日間10GB高速データ 低速データ無制限 香港 マカオにも利用可能 中国ネット規制対象外 中国でもGoogle、LINE、YouTubeなど利用可能 24時間安心サポート 5G 4G-LTE対応 プリペイド SIMカード China simカード (7日間10GB高速データ)""], ""activation_validity"": [""大中華区SIMカード-中国、香港、マカオ、台湾向けプリペイドデータプラン｜2 GB毎日データ、7日有効期限｜高速4/5 G LTE｜旅行者に最適""], ""data_amount"": [""【データプラン】データ通信専用のプリペイドSIMカードです。中国大陸・香港・マカオでご利用いただけます。基本プランは7GBですが、現在キャンペーンにつき高速データ通信3GBを追加プレゼントし、合計10GBの高速データ通信をご利用いただけます。利用開始日から7日間、4G/5G高速通信に対応し、10GB超過後は128kbpsを下回らない速度に低速化されます。中国""], ""network_type"": [""roaming_signal: 【中国ネット制限なし】中国本土での利用の場合は香港ローミング接続を行います。これにより中国政府のネット規制対象外となり、Google、Facebook、Twitter、Instagram等に接続可能です。中華圏渡航スケジュールに対応する手軽なプリペイドSIMカード。キャリア：中国：China Telecom 香港：3HK マカオ: CTM。"", ""insufficient_or_conflicting_signals(local=0, roaming=1)""], ""network_generation"": [""product_info_cellular_5g: source:product_info_cellular: 携帯電話技術 5G 4G-Lte""], ""carrier_support_local"": [""3HK: 【中国ネット制限なし】中国本土での利用の場合は香港ローミング接続を行います。これにより中国政府のネット規制対象外となり、Google、Facebook、Twitter、Instagram等に接続可能です。中華圏渡航スケジュールに対応する手軽なプリペイドSIMカード。キャリア：中国：China Tel"", ""3HK: サービスプロバイダ 中国：China Telecom 香港：3HK マカオ: CTM""], ""review_count"": [""detail_page: (74)""], ""bestseller_rank"": [""Amazon 売れ筋ランキング 家電＆カメラ - 13,092位 ( 家電＆カメラの売れ筋ランキングを見る ) プリペイドSIMカード - 142位""], ""title"": [""【Almond SIM】中国本土 simcard 7日間10GB高速データ 低速データ無制限 香港 マカオにも利用可能 中国ネット規制対象外 中国でもGoogle、LINE、YouTubeなど利用可能 24時間安心サポート 5G 4G-LTE対応 プリペイド SIMカード China simカード (7日間10GB高速データ)""]}"
amazon_jp,hk,【Almond SIM】中国本土・香港・マカオ対応 プリペイドSIMカード 7日間 10GB高速データ＋無制限低速データ 中国ネット規制対象外 Google/LINE/YouTube利用可 24時間多言語サポート 5G/4G対応 (7日間10GB高速データ),1380,20,,,,,170,7일,7일,7일,unknown,5g_capable,,,"{""cmhk"": null, ""csl"": null, ""smartone"": null, ""three_hk"": true}","{""skt"": null, ""kt"": null, ""lgu"": null}",10GB,https://www.amazon.co.jp/SIM%E3%80%91%E4%B8%AD%E5%9B%BD%E6%9C%AC%E5%9C%9F%E3%83%BB%E9%A6%99%E6%B8%AF%E3%83%BB%E3%83%9E%E3%82%AB%E3%82%AA%E5%AF%BE%E5%BF%9C-%E3%83%97%E3%83%AA%E3%83%9A%E3%82%A4%E3%83%89SIM%E3%82%AB%E3%83%BC%E3%83%89-10GB%E9%AB%98%E9%80%9F%E3%83%87%E3%83%BC%E3%82%BF%EF%BC%8B%E7%84%A1%E5%88%B6%E9%99%90%E4%BD%8E%E9%80%9F%E3%83%87%E3%83%BC%E3%82%BF-24%E6%99%82%E9%96%93%E5%A4%9A%E8%A8%80%E8%AA%9E%E3%82%B5%E3%83%9D%E3%83%BC%E3%83%88-7%E6%97%A5%E9%96%9310GB%E9%AB%98%E9%80%9F%E3%83%87%E3%83%BC%E3%82%BF/dp/B0FT7DH8PW,B0FT7DH8PW,B0FT7DH8PW,株式会社ビッグコネクト,bigconnectのストアを表示,"{""price_jpy"": [""￥1,380""], ""usage_validity"": [""【Almond SIM】中国本土・香港・マカオ対応 プリペイドSIMカード 7日間 10GB高速データ＋無制限低速データ 中国ネット規制対象外 Google/LINE/YouTube利用可 24時間多言語サポート 5G/4G対応 (7日間10GB高速データ)""], ""activation_validity"": [""大中華区SIMカード-中国、香港、マカオ、台湾向けプリペイドデータプラン｜2 GB毎日データ、7日有効期限｜高速4/5 G LTE｜旅行者に最適""], ""data_amount"": [""【データプラン】 データ通信専用プリペイドSIM。中国大陸・香港・マカオで利用可能。利用開始から7日間で合計10GBの高速データ通信が可能。10GBを超過した場合も、128kbps以下にならない低速通信が無制限でご利用いただけます。本人確認やSIM登録は不要です。""], ""network_type"": [""roaming_signal: 【中国ネット規制なし】 中国本土では香港回線をローミング利用するため、中国政府のネット規制対象外となります。これにより、Google、LINE、Facebook、Twitter、YouTube、InstagramなどのサービスをVPN不要でご利用いただけます。キャリア：中国：中国電信（China Telecom）／香港：3HK／マカオ：CTM。"", ""insufficient_or_conflicting_signals(local=0, roaming=1)""], ""network_generation"": [""product_info_cellular_5g: source:product_info_cellular: 携帯電話技術 5G 4G-Lte""], ""carrier_support_local"": [""3HK: 【中国ネット規制なし】 中国本土では香港回線をローミング利用するため、中国政府のネット規制対象外となります。これにより、Google、LINE、Facebook、Twitter、YouTube、InstagramなどのサービスをVPN不要でご利用いただけます。キャリア：中国：中国電信（China T"", ""3HK: サービスプロバイダ 中国：China Telecom 香港：3HK マカオ: CTM""], ""review_count"": [""detail_page: (20)""], ""bestseller_rank"": [""Amazon 売れ筋ランキング 家電＆カメラ - 15,548位 ( 家電＆カメラの売れ筋ランキングを見る ) プリペイドSIMカード - 170位""], ""title"": [""【Almond SIM】中国本土・香港・マカオ対応 プリペイドSIMカード 7日間 10GB高速データ＋無制限低速データ 中国ネット規制対象外 Google/LINE/YouTube利用可 24時間多言語サポート 5G/4G対応 (7日間10GB高速データ)""]}"
amazon_jp,hk,中国eSIM｜4日間 高速データ無制限｜中国本土・香港・マカオ対応｜VPN付き LINE・YouTube・Google利用可｜4G/5G 即日発行可能,1850,49,,,100,,38,4일,4일,4일,unknown,5g_capable,,,"{""cmhk"": null, ""csl"": true, ""smartone"": null, ""three_hk"": null}","{""skt"": null, ""kt"": null, ""lgu"": null}",unlimited,https://www.amazon.co.jp/%E4%B8%AD%E5%9B%BDeSIM%EF%BD%9C%E4%B8%AD%E5%9B%BD%E6%9C%AC%E5%9C%9F%E3%83%BB%E9%A6%99%E6%B8%AF%E3%83%BB%E3%83%9E%E3%82%AB%E3%82%AA%E5%AF%BE%E5%BF%9C%EF%BD%9C4%E6%97%A5%E9%96%93-%E9%AB%98%E9%80%9F%E3%83%87%E3%83%BC%E3%82%BF%E7%84%A1%E5%88%B6%E9%99%90%EF%BD%9CVPN%E4%BB%98%E3%81%8D-LINE%E3%83%BBYouTube%E3%83%BBGoogle%E5%88%A9%E7%94%A8%E5%8F%AF%EF%BD%9C4G-%E5%8D%B3%E6%97%A5%E7%99%BA%E8%A1%8C%E5%8F%AF%E8%83%BD%EF%BC%88eSIM-4%E6%97%A5%E9%96%93%EF%BC%89/dp/B0CXXGTT6J,B0CXXGTT6J,B0CXXGTT6J,mewmewホーム eSIM,ＭＥＷＭＥＷホームのストアを表示,"{""price_jpy"": [""￥1,850""], ""usage_validity"": [""中国eSIM｜4日間 高速データ無制限｜中国本土・香港・マカオ対応｜VPN付き LINE・YouTube・Google利用可｜4G/5G 即日発行可能""], ""activation_validity"": [""中国eSIM｜4日間 高速データ無制限｜中国本土・香港・マカオ対応｜VPN付き LINE・YouTube・Google利用可｜4G/5G 即日発行可能""], ""data_amount"": [""【無制限・高速データ通信】中国本土・マカオ：中華電信 香港：CSL 5G /4G/LTEに対応し、高速データ通信は完全無制限となります。""], ""network_type"": [""local_signal: 【チョコSIM 定額（Sプラン）】【中国の電話番号付きでアプリや施設サービスのSMS認証が可能】【データ容量】合計500MB/月【音声】合計20分間/月 データ/音声/SMS付きSIMカード 中国SIM マカオSIM China unicom ※こちらのSIMカードは契約後、毎月の基本料が発生いたします。※2024年11月1日から台湾でのご利用はできなくなり"", ""roaming_signal: 【設定簡単】日本国内で事前にeSIMの設定が可能です。現地に到着後、モバイルデータ通信をeSIMに切り替え、データローミングをオンにするだけで利用可能。"", ""insufficient_or_conflicting_signals(local=6, roaming=3)""], ""network_generation"": [""product_info_cellular_5g: source:product_info_cellular: 携帯電話技術 5G,4G""], ""carrier_support_local"": [""CSL: 【無制限・高速データ通信】中国本土・マカオ：中華電信 香港：CSL 5G /4G/LTEに対応し、高速データ通信は完全無制限となります。"", ""CSL: サービスプロバイダ 中華電信,CSL""], ""monthly_sold_count"": [""Amazon.co.jp: 中国eSIM｜4日間 高速データ無制限｜中国本土・香港・マカオ対応｜VPN付き LINE・YouTube・Google利用可｜4G/5G 即日発行可能 : 家電＆カメラ 次に移動 メインコンテンツ この商品について この商品について この商品について 購入オプション 類似商品と比較する ビデオ レビュー キーボードショートカット ""], ""review_count"": [""detail_page: (49)""], ""bestseller_rank"": [""Amazon 売れ筋ランキング 家電＆カメラ - 3,767位 ( 家電＆カメラの売れ筋ランキングを見る ) プリペイドSIMカード - 38位""], ""title"": [""中国eSIM｜4日間 高速データ無制限｜中国本土・香港・マカオ対応｜VPN付き LINE・YouTube・Google利用可｜4G/5G 即日発行可能""]}"
amazon_jp,hk,【香港・マカオ eSIM】3日間完全無制限 （低速なし）DeSiM正規卸 | LINE相談受付中 |データ通信専用（電話番号なし） simフリー端末のみ対応 説明書付 イーシム(eSIM|3日完全無制限香港ﾏｶｵ) DeSiM,2120,53,,,,,122,3일,3일,3일,local,lte_4g_only,,,"{""cmhk"": null, ""csl"": null, ""smartone"": null, ""three_hk"": null}","{""skt"": null, ""kt"": null, ""lgu"": null}",unlimited,https://www.amazon.co.jp/eSIM%E3%80%913%E6%97%A5%E9%96%93%E5%AE%8C%E5%85%A8%E7%84%A1%E5%88%B6%E9%99%90-%EF%BC%88%E4%BD%8E%E9%80%9F%E3%81%AA%E3%81%97%EF%BC%89DeSiM%E6%AD%A3%E8%A6%8F%E5%8D%B8-%E3%83%87%E3%83%BC%E3%82%BF%E9%80%9A%E4%BF%A1%E5%B0%82%E7%94%A8%EF%BC%88%E9%9B%BB%E8%A9%B1%E7%95%AA%E5%8F%B7%E3%81%AA%E3%81%97%EF%BC%89-sim%E3%83%95%E3%83%AA%E3%83%BC%E7%AB%AF%E6%9C%AB%E3%81%AE%E3%81%BF%E5%AF%BE%E5%BF%9C-eSIM/dp/B0CTR26B2R,B0CTR26B2R,B0CTR26B2R,DeSiM,DeSiMのストアを表示,"{""price_jpy"": [""￥2,120""], ""usage_validity"": [""【香港・マカオ eSIM】3日間完全無制限 （低速なし）DeSiM正規卸 | LINE相談受付中 |データ通信専用（電話番号なし） simフリー端末のみ対応 説明書付 イーシム(eSIM|3日完全無制限香港ﾏｶｵ) DeSiM""], ""activation_validity"": [""【SKTelecoｍ公式認証】 韓国eSIM 3日間 (72時間) 電話番号付き 超高速データ無制限 最初の5分発信無料(韓国国内) お急ぎの方即時発行可(LINE相談受付中) 有効期限／ご購入日より120日以内 現地空港サポート(SKTelecomローミングセンター) SKテレコム正規品 韓国SIMカードタイプではありません""], ""data_amount"": [""商品の説明 購入前の注意事項 【注意事項】 注意事項①：電話番号は付与されませんので、ご注意ください。 注意事項②：SIMロックフリー端末、もしくはSIMフリー端末専用のサービスです。必ず、ご利用端末がeSIM対応かどうかご確認ください。 注意事項③：2021年10月1日以前にSIMロック解除をキャリア店頭またはインターネットでされた「Android端末」は""], ""network_type"": [""商品の説明 購入前の注意事項 【注意事項】 注意事項①：電話番号は付与されませんので、ご注意ください。 注意事項②：SIMロックフリー端末、もしくはSIMフリー端末専用のサービスです。必ず、ご利用端末がeSIM対応かどうかご確認ください。 注意事項③：2021年10月1日以前にSIMロック解除をキャリア店頭またはインターネットでされた「Android端末」は"", ""【T-Mobile純正品】eSIM版 アメリカ ハワイ SIM 7日間【使い放題】【電話番号付き】5G/4G-LTE 高速データ通信/通話/SMS/テザリング 【アメリカ ハワイ 無制限】 プリペイド SIMカード T-Mobile esim 7days"", ""score: local=12, roaming=1""], ""network_generation"": [""product_info_cellular_4g_lte: source:product_info_cellular: 携帯電話技術 LTE""], ""review_count"": [""detail_page: (53)""], ""bestseller_rank"": [""Amazon 売れ筋ランキング 家電＆カメラ - 11,370位 ( 家電＆カメラの売れ筋ランキングを見る ) プリペイドSIMカード - 122位""], ""title"": [""【香港・マカオ eSIM】3日間完全無制限 （低速なし）DeSiM正規卸 | LINE相談受付中 |データ通信専用（電話番号なし） simフリー端末のみ対応 説明書付 イーシム(eSIM|3日完全無制限香港ﾏｶｵ) DeSiM""]}"
amazon_jp,hk,【中国 香港 マカオSIM】5日間 10GB高速データ通信 低速使い放題 TikTok利用可能 データ通信専用,1680,13,,,,,471,5일,5일,5일,unknown,5g_capable,,,"{""cmhk"": null, ""csl"": null, ""smartone"": null, ""three_hk"": null}","{""skt"": null, ""kt"": null, ""lgu"": null}",10GB,https://www.amazon.co.jp/%E3%83%9E%E3%82%AB%E3%82%AASIM%E3%80%915%E6%97%A5%E9%96%93-10GB%E9%AB%98%E9%80%9F%E3%83%87%E3%83%BC%E3%82%BF%E9%80%9A%E4%BF%A1-TikTok%E5%88%A9%E7%94%A8%E5%8F%AF%E8%83%BD-%E3%83%97%E3%83%AA%E3%83%9A%E3%82%A4%E3%83%89SIM%E3%82%AB%E3%83%BC%E3%83%89-mewfi/dp/B0FKM2946G,B0FKM2946G,B0FKM2946G,Mewfi 正規販売店,mewfiのストアを表示,"{""price_jpy"": [""￥1,680""], ""usage_validity"": [""【中国 香港 マカオSIM】5日間 10GB高速データ通信 低速使い放題 TikTok利用可能 データ通信専用""], ""activation_validity"": [""【中国 香港 マカオSIM】5日間 10GB高速データ通信 低速使い放題 TikTok利用可能 データ通信専用""], ""data_amount"": [""【高速データ通信】中国本土・香港・マカオで利用可能な5日間有効のプリペイドSIMカードです。期間中は合計10GBまで高速通信が可能で、上限を超えた後も128kbpsの低速通信で継続利用が可能です。""], ""network_type"": [""【ベトナムSIMカード】4日間 高速データ通信 無制限(速度低下なし) データ通信専用 4G/5G対応 ベトナム現地通信回線 mewfi"", ""【ベトナムSIMカード】4日間 高速データ通信 無制限(速度低下なし) データ通信専用 4G/5G対応 ベトナム現地通信回線 mewfi"", ""score: local=6, roaming=1"", ""local_claim_refers_to:cn""], ""network_generation"": [""product_info_cellular_5g: source:product_info_cellular: 携帯電話技術 4G/5G"", ""product_info_cellular_4g_lte_signal_present_but_5g_capable_takes_precedence""], ""review_count"": [""detail_page: (13)""], ""bestseller_rank"": [""Amazon 売れ筋ランキング 家電＆カメラ - 43,622位 ( 家電＆カメラの売れ筋ランキングを見る ) プリペイドSIMカード - 471位""], ""title"": [""【中国 香港 マカオSIM】5日間 10GB高速データ通信 低速使い放題 TikTok利用可能 データ通信専用""]}"
amazon_jp,hk,中国・香港・マカオ用 プリペイドSIMカード｜5日間 10GB 高速データ｜4G/LTE SIMフリー端末用｜LINE・Instagram・GoogleがVPNなしで利用可能｜SIMピン付き・LINE 24時間サポート (5日間 | 10GB),1480,5,,,,,322,5일,5일,5일,unknown,lte_4g_only,,,"{""cmhk"": null, ""csl"": true, ""smartone"": null, ""three_hk"": null}","{""skt"": null, ""kt"": null, ""lgu"": null}",unlimited,https://www.amazon.co.jp/%E4%B8%AD%E5%9B%BD%E3%83%BB%E9%A6%99%E6%B8%AF%E3%83%BB%E3%83%9E%E3%82%AB%E3%82%AA%E7%94%A8-%E3%83%97%E3%83%AA%E3%83%9A%E3%82%A4%E3%83%89SIM%E3%82%AB%E3%83%BC%E3%83%89%EF%BD%9C5%E6%97%A5%E9%96%93-10GB-SIM%E3%83%95%E3%83%AA%E3%83%BC%E7%AB%AF%E6%9C%AB%E7%94%A8%EF%BD%9CLINE%E3%83%BBInstagram%E3%83%BBGoogle%E3%81%8CVPN%E3%81%AA%E3%81%97%E3%81%A7%E5%88%A9%E7%94%A8%E5%8F%AF%E8%83%BD%EF%BD%9CSIM%E3%83%94%E3%83%B3%E4%BB%98%E3%81%8D%E3%83%BBLINE-5%E6%97%A5%E9%96%93/dp/B0FNRFF5JS,B0FNRFF5JS,B0FNRFF5JS,mewmewホーム eSIM,ＭＥＷＭＥＷホームのストアを表示,"{""price_jpy"": [""￥1,480""], ""usage_validity"": [""中国・香港・マカオ用 プリペイドSIMカード｜5日間 10GB 高速データ｜4G/LTE SIMフリー端末用｜LINE・Instagram・GoogleがVPNなしで利用可能｜SIMピン付き・LINE 24時間サポート (5日間 | 10GB)""], ""activation_validity"": [""中国・香港・マカオ用 プリペイドSIMカード｜5日間 10GB 高速データ｜4G/LTE SIMフリー端末用｜LINE・Instagram・GoogleがVPNなしで利用可能｜SIMピン付き・LINE 24時間サポート (5日間 | 10GB)""], ""data_amount"": [""【高速データ通信＋低速使い放題】中国本土・マカオは中華電信、香港はCSL回線を利用。5G/4G/LTE対応で、プランには高速データ（10GB）が含まれています。高速分を使い切った後も、低速データ通信を無制限でご利用いただけるので、地図検索やメッセージのやり取りなど基本的な利用は安心です。""], ""network_type"": [""【T-Mobile純正品】eSIM版 アメリカ ハワイ SIM 7日間【使い放題】【電話番号付き】5G/4G-LTE 高速データ通信/通話/SMS/テザリング 【アメリカ ハワイ 無制限】 プリペイド SIMカード T-Mobile esim 7days"", ""score: local=3, roaming=0"", ""local_claim_refers_to:cn""], ""network_generation"": [""product_info_cellular_4g_lte: source:product_info_cellular: 携帯電話技術 4G-LTE""], ""carrier_support_local"": [""CSL: 【高速データ通信＋低速使い放題】中国本土・マカオは中華電信、香港はCSL回線を利用。5G/4G/LTE対応で、プランには高速データ（10GB）が含まれています。高速分を使い切った後も、低速データ通信を無制限でご利用いただけるので、地図検索やメッセージのやり取りなど基本的な利用は安心です。"", ""CSL: サービスプロバイダ 中国本土・マカオ：中華電信 香港：CSL"", ""CSL: Amazon.co.jp: 中国・香港・マカオ用 プリペイドSIMカード｜5日間 10GB 高速データ｜4G/LTE SIMフリー端末用｜LINE・Instagram・GoogleがVPNなしで利用可能｜SIMピン付き・LINE 24時間サポート (5日間 | 10GB) : 家電＆カメラ 次に移動""], ""review_count"": [""detail_page: (5)""], ""bestseller_rank"": [""Amazon 売れ筋ランキング 家電＆カメラ - 28,546位 ( 家電＆カメラの売れ筋ランキングを見る ) プリペイドSIMカード - 322位""], ""title"": [""中国・香港・マカオ用 プリペイドSIMカード｜5日間 10GB 高速データ｜4G/LTE SIMフリー端末用｜LINE・Instagram・GoogleがVPNなしで利用可能｜SIMピン付き・LINE 24時間サポート (5日間 | 10GB)""]}"
amazon_jp,hk,【Almond eSIM】中国 香港 マカオ eSIM 3日間3GB 高速データ通信 当日発行可能 中国ネット規制対象外 中国でもGoogle、LINE、YouTubeなどVPNなしで利用可能 24時間サポート 4G-LTE対応 プリペイド ESIMプラン China HONGKONG Macou simカード (3日間3GB),880,10,,,,,42,3일,3일,7일,unknown,5g_capable,,,"{""cmhk"": null, ""csl"": null, ""smartone"": null, ""three_hk"": null}","{""skt"": null, ""kt"": null, ""lgu"": null}",3GB,https://www.amazon.co.jp/3%E6%97%A5%E9%96%933GB-%E4%B8%AD%E5%9B%BD%E3%83%8D%E3%83%83%E3%83%88%E8%A6%8F%E5%88%B6%E5%AF%BE%E8%B1%A1%E5%A4%96-%E4%B8%AD%E5%9B%BD%E3%81%A7%E3%82%82Google%E3%80%81LINE%E3%80%81YouTube%E3%81%AA%E3%81%A9VPN%E3%81%AA%E3%81%97%E3%81%A7%E5%88%A9%E7%94%A8%E5%8F%AF%E8%83%BD-24%E6%99%82%E9%96%93%E3%82%B5%E3%83%9D%E3%83%BC%E3%83%88-4G-LTE%E5%AF%BE%E5%BF%9C/dp/B0F1TC4TD5,B0F1TC4TD5,B0F1TC4TD5,株式会社ビッグコネクト,bigconnectのストアを表示,"{""price_jpy"": [""￥880""], ""usage_validity"": [""【Almond eSIM】中国 香港 マカオ eSIM 3日間3GB 高速データ通信 当日発行可能 中国ネット規制対象外 中国でもGoogle、LINE、YouTubeなどVPNなしで利用可能 24時間サポート 4G-LTE対応 プリペイド ESIMプラン China HONGKONG Macou simカード (3日間3GB)""], ""activation_validity"": [""大中華区SIMカード-中国、香港、マカオ、台湾向けプリペイドデータプラン｜2 GB毎日データ、7日有効期限｜高速4/5 G LTE｜旅行者に最適""], ""data_amount"": [""【データプラン】データ通信専用のeSIMです。中国大陸、香港、マカオを含む利用可能なeSIMカード。※データ容量：3日間3GB高速データ。3GBを超えると、通信が止まります。中国ネット規制対象外 中国でもGoogle、LINE、YouTubeなどVPNなしで利用可能、本人確認やSIMカード認証は不要。""], ""network_type"": [""【チョコSIM 定額（Sプラン）】【中国の電話番号付きでアプリや施設サービスのSMS認証が可能】【データ容量】合計500MB/月【音声】合計20分間/月 データ/音声/SMS付きSIMカード 中国SIM マカオSIM China unicom ※こちらのSIMカードは契約後、毎月の基本料が発生いたします。※2024年11月1日から台湾でのご利用はできなくなり"", ""【SKTelecoｍ公式認証】 韓国eSIM 3日間 (72時間) 電話番号付き 超高速データ無制限 最初の5分発信無料(韓国国内) お急ぎの方即時発行可(LINE相談受付中) 有効期限／ご購入日より120日以内 現地空港サポート(SKTelecomローミングセンター) SKテレコム正規品 韓国SIMカードタイプではありません"", ""score: local=6, roaming=0"", ""local_claim_refers_to:cn""], ""network_generation"": [""product_info_cellular_5g: source:product_info_cellular: 携帯電話技術 LTE 5G"", ""product_info_cellular_4g_lte_signal_present_but_5g_capable_takes_precedence""], ""review_count"": [""detail_page: (10)""], ""bestseller_rank"": [""Amazon 売れ筋ランキング 家電＆カメラ - 53,774位 ( 家電＆カメラの売れ筋ランキングを見る ) 定期契約SIMカード - 42位""], ""title"": [""【Almond eSIM】中国 香港 マカオ eSIM 3日間3GB 高速データ通信 当日発行可能 中国ネット規制対象外 中国でもGoogle、LINE、YouTubeなどVPNなしで利用可能 24時間サポート 4G-LTE対応 プリペイド ESIMプラン China HONGKONG Macou simカード (3日間3GB)""]}"
amazon_jp,hk,【香港eSIM】マカオeSIM 3日間 高速データ通信無制限 出発前のお試しに便利 日本国内500MB付き データ通信専用,1480,42,,,,,404,3일,3일,7일,unknown,lte_4g_only,,,"{""cmhk"": null, ""csl"": null, ""smartone"": null, ""three_hk"": null}","{""skt"": null, ""kt"": null, ""lgu"": null}",unlimited,https://www.amazon.co.jp/%E3%80%90%E9%A6%99%E6%B8%AFeSIM%E3%80%91%E3%83%9E%E3%82%AB%E3%82%AAeSIM-3%E6%97%A5%E9%96%93-%E9%AB%98%E9%80%9F%E3%83%87%E3%83%BC%E3%82%BF%E9%80%9A%E4%BF%A1%E7%84%A1%E5%88%B6%E9%99%90%E4%BD%BF%E3%81%84%E6%94%BE%E9%A1%8C-%E7%B7%8A%E6%80%A5%E5%88%A9%E7%94%A8%EF%BC%88Line%E3%81%BE%E3%81%A7%E9%80%A3%E7%B5%A1%EF%BC%89Hong-mewfi/dp/B0CPYCDVGY,B0CPYCDVGY,B0CPYCDVGY,Mewfi 正規販売店,mewfiのストアを表示,"{""price_jpy"": [""￥1,480""], ""usage_validity"": [""【香港eSIM】マカオeSIM 3日間 高速データ通信無制限 出発前のお試しに便利 日本国内500MB付き データ通信専用""], ""activation_validity"": [""大中華区SIMカード-中国、香港、マカオ、台湾向けプリペイドデータプラン｜2 GB毎日データ、7日有効期限｜高速4/5 G LTE｜旅行者に最適""], ""data_amount"": [""【高速データ通信】このeSIMカードは、香港、マカオで利用でき、高速かつ安定した無制限のデータ通信を提供します。ネットワーク速度が速く、安定性に優れています。マカオに到着後、必ずeSIMのローミングを有効にしてください。""], ""network_type"": [""local_signal: 【SKTelecoｍ公式認証】 韓国eSIM 3日間 (72時間) 電話番号付き 超高速データ無制限 最初の5分発信無料(韓国国内) お急ぎの方即時発行可(LINE相談受付中) 有効期限／ご購入日より120日以内 現地空港サポート(SKTelecomローミングセンター) SKテレコム正規品 韓国SIMカードタイプではありません"", ""roaming_signal: 【高速データ通信】このeSIMカードは、香港、マカオで利用でき、高速かつ安定した無制限のデータ通信を提供します。ネットワーク速度が速く、安定性に優れています。マカオに到着後、必ずeSIMのローミングを有効にしてください。"", ""insufficient_or_conflicting_signals(local=3, roaming=5)""], ""network_generation"": [""product_info_cellular_4g_lte: source:product_info_cellular: 携帯電話技術 LTE""], ""review_count"": [""detail_page: (42)""], ""bestseller_rank"": [""Amazon 売れ筋ランキング 家電＆カメラ - 37,070位 ( 家電＆カメラの売れ筋ランキングを見る ) プリペイドSIMカード - 404位""], ""title"": [""【香港eSIM】マカオeSIM 3日間 高速データ通信無制限 出発前のお試しに便利 日本国内500MB付き データ通信専用""]}"
amazon_jp,hk,【中国 香港 マカオeSIM】5日間 5GB高速データ通信 TikTok利用可能 データ通信専用,1180,11,,,,,315,5일,5일,90일,unknown,lte_4g_only,,,"{""cmhk"": null, ""csl"": null, ""smartone"": null, ""three_hk"": null}","{""skt"": null, ""kt"": null, ""lgu"": null}",5GB,https://www.amazon.co.jp/%E3%83%9E%E3%82%AB%E3%82%AAeSIM%E3%80%915%E6%97%A5%E9%96%93-5GB%E9%AB%98%E9%80%9F%E3%83%87%E3%83%BC%E3%82%BF%E9%80%9A%E4%BF%A1-%E3%83%87%E3%83%BC%E3%82%BF%E9%80%9A%E4%BF%A1%E5%B0%82%E7%94%A8%EF%BC%88%E9%9B%BB%E8%A9%B1%E7%95%AA%E5%8F%B7%E3%81%AA%E3%81%97%EF%BC%89%E5%8D%B3%E6%97%A5%E7%99%BA%E8%A1%8C%E5%8F%AF%E8%83%BD-%E4%B8%AD%E5%9B%BD%E6%9C%AC%E5%9C%9F%E3%83%BB%E9%A6%99%E6%B8%AF%E3%83%BB%E3%83%9E%E3%82%AB%E3%82%AA%E5%AF%BE%E5%BF%9CeSIM-mewfi/dp/B0FKMKD4VW,B0FKMKD4VW,B0FKMKD4VW,Mewfi 正規販売店,mewfiのストアを表示,"{""price_jpy"": [""￥1,180""], ""usage_validity"": [""【中国 香港 マカオeSIM】5日間 5GB高速データ通信 TikTok利用可能 データ通信専用""], ""activation_validity"": [""【有効期限】eSIM情報を記載したメールを受信した日から90日間が有効期限となります。期限内にご利用ください。""], ""data_amount"": [""【高速データ通信】中国本土・香港・マカオで利用可能なeSIMです。5日間の有効期間中に5GBの高速データ通信をご利用いただけます。5GBを超過すると通信は自動的に停止します。""], ""network_type"": [""roaming_signal: 【対応端末】eSIM対応かつSIMロックのかかっていないスマートフォンでのみご利用いただけます。日本国内で事前にQRコードを読み込んでインストール可能で、現地に到着後に本eSIMを選択し、ローミングを有効にすると自動的にネットワークに接続されます。"", ""insufficient_or_conflicting_signals(local=0, roaming=1)""], ""network_generation"": [""product_info_cellular_4g_lte: source:product_info_cellular: 携帯電話技術 LTE""], ""review_count"": [""detail_page: (11)""], ""bestseller_rank"": [""Amazon 売れ筋ランキング 家電＆カメラ - 27,980位 ( 家電＆カメラの売れ筋ランキングを見る ) プリペイドSIMカード - 315位""], ""title"": [""【中国 香港 マカオeSIM】5日間 5GB高速データ通信 TikTok利用可能 データ通信専用""]}"
amazon_jp,hk,【中国 香港 マカオeSIM】4日間 高速データ通信使い放題 4G/5G対応 データ通信専用,1880,36,,,,,296,4일,4일,7일,unknown,5g_capable,,,"{""cmhk"": null, ""csl"": null, ""smartone"": null, ""three_hk"": null}","{""skt"": null, ""kt"": null, ""lgu"": null}",unlimited,https://www.amazon.co.jp/%E3%83%9E%E3%82%AB%E3%82%AAeSIM%E3%80%914%E6%97%A5%E9%96%93-%E9%AB%98%E9%80%9F%E3%83%87%E3%83%BC%E3%82%BF%E9%80%9A%E4%BF%A1%E4%BD%BF%E3%81%84%E6%94%BE%E9%A1%8C-%E3%83%87%E3%83%BC%E3%82%BF%E9%80%9A%E4%BF%A1%E5%B0%82%E7%94%A8%EF%BC%88%E9%9B%BB%E8%A9%B1%E7%95%AA%E5%8F%B7%E3%81%AA%E3%81%97%EF%BC%89%E5%BD%93%E6%97%A5%E4%BA%88%E7%B4%84%E5%8F%AF-eSIM%E6%83%85%E5%A0%B1%E3%81%99%E3%81%90%E5%8F%97%E5%8F%96%E5%8F%AF-mewfi/dp/B0F6SXP3RV,B0F6SXP3RV,B0F6SXP3RV,Mewfi 正規販売店,mewfiのストアを表示,"{""price_jpy"": [""￥1,880""], ""usage_validity"": [""【中国 香港 マカオeSIM】4日間 高速データ通信使い放題 4G/5G対応 データ通信専用""], ""activation_validity"": [""大中華区SIMカード-中国、香港、マカオ、台湾向けプリペイドデータプラン｜2 GB毎日データ、7日有効期限｜高速4/5 G LTE｜旅行者に最適""], ""data_amount"": [""【中国 香港 マカオeSIM】4日間 高速データ通信使い放題 4G/5G対応 データ通信専用 | 当日予約可 eSIM情報すぐ受取可 詳しい説明書付き 中国eSIM 香港eSIM マカオeSIM mewfiがプリペイド電話カードストアでいつでもお買い得。当日お急ぎ便対象商品は、当日お届け可能です。アマゾン配送商品は、通常配送無料（一部除く）。""], ""network_type"": [""【チョコSIM 定額（Sプラン）】【中国の電話番号付きでアプリや施設サービスのSMS認証が可能】【データ容量】合計500MB/月【音声】合計20分間/月 データ/音声/SMS付きSIMカード 中国SIM マカオSIM China unicom ※こちらのSIMカードは契約後、毎月の基本料が発生いたします。※2024年11月1日から台湾でのご利用はできなくなり"", ""【SKTelecoｍ公式認証】 韓国eSIM 3日間 (72時間) 電話番号付き 超高速データ無制限 最初の5分発信無料(韓国国内) お急ぎの方即時発行可(LINE相談受付中) 有効期限／ご購入日より120日以内 現地空港サポート(SKTelecomローミングセンター) SKテレコム正規品 韓国SIMカードタイプではありません"", ""score: local=6, roaming=0"", ""local_claim_refers_to:cn""], ""network_generation"": [""product_info_cellular_5g: source:product_info_cellular: 携帯電話技術 5G""], ""review_count"": [""detail_page: (36)""], ""bestseller_rank"": [""Amazon 売れ筋ランキング 家電＆カメラ - 26,663位 ( 家電＆カメラの売れ筋ランキングを見る ) プリペイドSIMカード - 296位""], ""title"": [""【中国 香港 マカオeSIM】4日間 高速データ通信使い放題 4G/5G対応 データ通信専用""]}"
amazon_jp,hk,中国 香港 マカオ SIMカード 4日間 データ使い放題 4GBまで高速 Jet Sim 物理SIM 無制限 4日 ジェットシム,1380,16,,,,,187,4일,4일,7일,unknown,5g_capable,,,"{""cmhk"": null, ""csl"": null, ""smartone"": null, ""three_hk"": true}","{""skt"": null, ""kt"": null, ""lgu"": null}",1GB/day,https://www.amazon.co.jp/SIM%E3%82%AB%E3%83%BC%E3%83%89-4%E6%97%A5%E9%96%93-%E3%83%87%E3%83%BC%E3%82%BF%E4%BD%BF%E3%81%84%E6%94%BE%E9%A1%8C-4GB%E3%81%BE%E3%81%A7%E9%AB%98%E9%80%9F-%E3%82%B8%E3%82%A7%E3%83%83%E3%83%88%E3%82%B7%E3%83%A0/dp/B0DMVRQ875,B0DMVRQ875,B0DMVRQ875,ジェスロモバイル,JETSIMのストアを表示,"{""price_jpy"": [""￥1,380""], ""usage_validity"": [""中国 香港 マカオ SIMカード 4日間 データ使い放題 4GBまで高速 Jet Sim 物理SIM 無制限 4日 ジェットシム""], ""activation_validity"": [""大中華区SIMカード-中国、香港、マカオ、台湾向けプリペイドデータプラン｜2 GB毎日データ、7日有効期限｜高速4/5 G LTE｜旅行者に最適""], ""data_amount"": [""【データ無制限】中国・香港・マカオで4日間 5G/4G-LTE 高速データ4GB、その後2G速度で使い放題。テザリング対応。高速データ1日1GBまで。""], ""network_type"": [""【SKTelecoｍ公式認証】 韓国eSIM 3日間 (72時間) 電話番号付き 超高速データ無制限 最初の5分発信無料(韓国国内) お急ぎの方即時発行可(LINE相談受付中) 有効期限／ご購入日より120日以内 現地空港サポート(SKTelecomローミングセンター) SKテレコム正規品 韓国SIMカードタイプではありません"", ""score: local=3, roaming=0"", ""local_claim_refers_to:cn""], ""network_generation"": [""product_info_cellular_5g: source:product_info_cellular: 携帯電話技術 LTE, 5G"", ""product_info_cellular_4g_lte_signal_present_but_5g_capable_takes_precedence""], ""carrier_support_local"": [""3HK: 【高品質回線】 大手通信キャリア回線を使用。広範囲で安定した快適な通信を提供。中国：中国聯通（China Unicom）回線。香港：3HK回線。マカオ：CTM回線。"", ""3HK: サービスプロバイダ 中国聯通、3HK、CTM""], ""review_count"": [""detail_page: (16)""], ""bestseller_rank"": [""Amazon 売れ筋ランキング 家電＆カメラ - 17,042位 ( 家電＆カメラの売れ筋ランキングを見る ) プリペイドSIMカード - 187位""], ""title"": [""中国 香港 マカオ SIMカード 4日間 データ使い放題 4GBまで高速 Jet Sim 物理SIM 無制限 4日 ジェットシム""]}"
amazon_jp,hk,【中国 sim】5日間 完全無制限・高速データ通信｜中国・香港・マカオ対応｜中国本土でもGoogle・LINE・YouTube利用可能｜24時間サポート｜中国本土 プリペイドSIM 中国本土・香港・マカオ SIMカード (5日間｜無制限),2180,7,,,,,298,5일,5일,30일,roaming,5g_capable,,,"{""cmhk"": null, ""csl"": null, ""smartone"": null, ""three_hk"": true}","{""skt"": null, ""kt"": null, ""lgu"": null}",unlimited,https://www.amazon.co.jp/sim%E3%80%915%E6%97%A5%E9%96%93-%E5%AE%8C%E5%85%A8%E7%84%A1%E5%88%B6%E9%99%90%E3%83%BB%E9%AB%98%E9%80%9F%E3%83%87%E3%83%BC%E3%82%BF%E9%80%9A%E4%BF%A1%EF%BD%9C%E4%B8%AD%E5%9B%BD%E3%83%BB%E9%A6%99%E6%B8%AF%E3%83%BB%E3%83%9E%E3%82%AB%E3%82%AA%E5%AF%BE%E5%BF%9C%EF%BD%9C%E4%B8%AD%E5%9B%BD%E6%9C%AC%E5%9C%9F%E3%81%A7%E3%82%82Google%E3%83%BBLINE%E3%83%BBYouTube%E5%88%A9%E7%94%A8%E5%8F%AF%E8%83%BD%EF%BD%9C24%E6%99%82%E9%96%93%E3%82%B5%E3%83%9D%E3%83%BC%E3%83%88%EF%BD%9C%E4%B8%AD%E5%9B%BD%E6%9C%AC%E5%9C%9F-%E3%83%97%E3%83%AA%E3%83%9A%E3%82%A4%E3%83%89SIM-%E4%B8%AD%E5%9B%BD%E6%9C%AC%E5%9C%9F%E3%83%BB%E9%A6%99%E6%B8%AF%E3%83%BB%E3%83%9E%E3%82%AB%E3%82%AA-5%E6%97%A5%E9%96%93%EF%BD%9C%E7%84%A1%E5%88%B6%E9%99%90/dp/B0FPXBWGKK,B0FPXBWGKK,B0FPXBWGKK,Global Simcard,アーモンド　ＳＩｍ　ｃａｒｄのストアを表示,"{""price_jpy"": [""￥2,180""], ""usage_validity"": [""【中国 sim】5日間 完全無制限・高速データ通信｜中国・香港・マカオ対応｜中国本土でもGoogle・LINE・YouTube利用可能｜24時間サポート｜中国本土 プリペイドSIM 中国本土・香港・マカオ SIMカード (5日間｜無制限)""], ""activation_validity"": [""🔷【高速データ通信】データ専用のプリペイドSIM。容量無制限で高速データを完全使い放題！本人確認やSIMカード認証は不要で、利用期間は1～30日間から自由に選べます。 🔷【中国ネット制限なし】香港ローミング接続で中国政府の規制対象外。Google、LINE、YouTube、Facebook、Instagramなど主要アプリがVPN不要でそのまま利用可能。本人""], ""data_amount"": [""🔷【高速データ通信】データ専用のプリペイドSIM。容量無制限で高速データを完全使い放題！本人確認やSIMカード認証は不要で、利用期間は1～30日間から自由に選べます。""], ""network_type"": [""🔷【中国ネット制限なし】香港ローミング接続で中国政府の規制対象外。Google、LINE、YouTube、Facebook、Instagramなど主要アプリがVPN不要でそのまま利用可能。本人確認も不要です。"", ""🔷【高速データ通信】データ専用のプリペイドSIM。容量無制限で高速データを完全使い放題！本人確認やSIMカード認証は不要で、利用期間は1～30日間から自由に選べます。 🔷【中国ネット制限なし】香港ローミング接続で中国政府の規制対象外。Google、LINE、YouTube、Facebook、Instagramなど主要アプリがVPN不要でそのまま利用可能。本人"", ""score: local=0, roaming=2""], ""network_generation"": [""product_info_cellular_5g: source:product_info_cellular: 携帯電話技術 5G/4G-LTE""], ""carrier_support_local"": [""3HK: 🔷【対応キャリア】中国本土：中国電信（China Telecom）、香港：3HK、マカオ：CTM。中華圏への渡航に幅広く対応。"", ""3HK: 🔷【高速データ通信】データ専用のプリペイドSIM。容量無制限で高速データを完全使い放題！本人確認やSIMカード認証は不要で、利用期間は1～30日間から自由に選べます。 🔷【中国ネット制限なし】香港ローミング接続で中国政府の規制対象外。Google、LINE、YouTube、Facebook、Inst"", ""3HK: サービスプロバイダ China Telecom/3HK /CTM"", ""3HK: Amazon.co.jp: 【中国 sim】5日間 完全無制限・高速データ通信｜中国・香港・マカオ対応｜中国本土でもGoogle・LINE・YouTube利用可能｜24時間サポート｜中国本土 プリペイドSIM 中国本土・香港・マカオ SIMカード (5日間｜無制限) : 家電＆カメラ 次に移動 メイ""], ""review_count"": [""detail_page: (7)""], ""bestseller_rank"": [""Amazon 売れ筋ランキング 家電＆カメラ - 26,869位 ( 家電＆カメラの売れ筋ランキングを見る ) プリペイドSIMカード - 298位""], ""title"": [""【中国 sim】5日間 完全無制限・高速データ通信｜中国・香港・マカオ対応｜中国本土でもGoogle・LINE・YouTube利用可能｜24時間サポート｜中国本土 プリペイドSIM 中国本土・香港・マカオ SIMカード (5日間｜無制限)""]}"
amazon_jp,hk,【Almond SIM】中国本土・香港・マカオ対応 プリペイドSIM 10日間 高速データ10GB 中国ネット規制対象外 VPN不要 Google・LINE・YouTube利用可能 5G/4G LTE対応 データ通信専用 24時間日本語サポート [並行輸入品],1880,8,,,,,405,10일,10일,10일,unknown,5g_capable,,,"{""cmhk"": null, ""csl"": null, ""smartone"": null, ""three_hk"": true}","{""skt"": null, ""kt"": null, ""lgu"": null}",10GB,https://www.amazon.co.jp/SIM%E3%80%91%E4%B8%AD%E5%9B%BD%E6%9C%AC%E5%9C%9F%E3%83%BB%E9%A6%99%E6%B8%AF%E3%83%BB%E3%83%9E%E3%82%AB%E3%82%AA%E5%AF%BE%E5%BF%9C-%E9%AB%98%E9%80%9F%E3%83%87%E3%83%BC%E3%82%BF10GB-%E4%B8%AD%E5%9B%BD%E3%83%8D%E3%83%83%E3%83%88%E8%A6%8F%E5%88%B6%E5%AF%BE%E8%B1%A1%E5%A4%96-Google%E3%83%BBLINE%E3%83%BBYouTube%E5%88%A9%E7%94%A8%E5%8F%AF%E8%83%BD-24%E6%99%82%E9%96%93%E6%97%A5%E6%9C%AC%E8%AA%9E%E3%82%B5%E3%83%9D%E3%83%BC%E3%83%88/dp/B0HJPDDW9Y,B0HJPDDW9Y,B0HJPDDW9Y,株式会社ビッグコネクト,bigconnectのストアを表示,"{""price_jpy"": [""￥1,880""], ""usage_validity"": [""【Almond SIM】中国本土・香港・マカオ対応 プリペイドSIM 10日間 高速データ10GB 中国ネット規制対象外 VPN不要 Google・LINE・YouTube利用可能 5G/4G LTE対応 データ通信専用 24時間日本語サポート [並行輸入品]""], ""activation_validity"": [""【Almond SIM】中国本土・香港・マカオ対応 プリペイドSIM 10日間 高速データ10GB 中国ネット規制対象外 VPN不要 Google・LINE・YouTube利用可能 5G/4G LTE対応 データ通信専用 24時間日本語サポート [並行輸入品]""], ""data_amount"": [""【中国・香港・マカオ対応】 中国本土・香港・マカオの3地域で利用できるデータ通信専用の物理SIMカードです。利用開始日から10日間、合計10GBの5G/4G LTE高速データ通信を利用できます。10GBを使い切った後は最大128kbpsに低速化しますが、利用期間終了まで通信できます。テザリングにも対応しています。""], ""network_type"": [""roaming_signal: 【中国本土でもVPN不要】 中国本土では香港ローミング回線を利用するため、Google、LINE、YouTube、Facebook、Instagram、XなどのサービスをVPNなしで利用できます。面倒な本人確認や現地でのSIMカード登録手続きも不要です。【対応端末条件】商品を利用出来るのはSIMフリーのスマートフォンとなりますので、 SIMロックされている機"", ""insufficient_or_conflicting_signals(local=0, roaming=1)""], ""network_generation"": [""product_info_cellular_5g: source:product_info_cellular: 携帯電話技術 5G 4G-Lte""], ""carrier_support_local"": [""3HK: 【対応通信会社・利用期間】SIMカード有効期限：ご購入してから1年間有効。 接続先通信会社は、中国本土ではChina Telecom、香港では3HK、マカオではCTMです。利用日数は現地時間の0:00～23:59を1日として計算します。利用開始時刻にかかわらず、最初に通信した日が1日目となります。5"", ""3HK: サービスプロバイダ 中国：China Telecom 香港：3HK マカオ: CTM""], ""review_count"": [""detail_page: (8)""], ""bestseller_rank"": [""Amazon 売れ筋ランキング 家電＆カメラ - 37,168位 ( 家電＆カメラの売れ筋ランキングを見る ) プリペイドSIMカード - 405位""], ""title"": [""【Almond SIM】中国本土・香港・マカオ対応 プリペイドSIM 10日間 高速データ10GB 中国ネット規制対象外 VPN不要 Google・LINE・YouTube利用可能 5G/4G LTE対応 データ通信専用 24時間日本語サポート [並行輸入品]""]}"
amazon_jp,hk,【Almond eSIM】中国 香港 マカオ 大中華 esim 7日間 高速データ通信 完全無制限 当日発行可能 中国ネット規制対象外 中国でもGoogle、LINE、YouTubeなどVPNなしで利用可能 24時間サポート 4G-LTE対応 プリペイド ESIMプラン China HONGKONG MACAO simカード (7日間完全無制限),2680,14,,,,,500,7일,7일,7일,unknown,lte_4g_only,,,"{""cmhk"": null, ""csl"": null, ""smartone"": null, ""three_hk"": null}","{""skt"": null, ""kt"": null, ""lgu"": null}",unlimited,https://www.amazon.co.jp/%E4%B8%AD%E5%9B%BD%E3%83%8D%E3%83%83%E3%83%88%E8%A6%8F%E5%88%B6%E5%AF%BE%E8%B1%A1%E5%A4%96-%E4%B8%AD%E5%9B%BD%E3%81%A7%E3%82%82Google%E3%80%81LINE%E3%80%81YouTube%E3%81%AA%E3%81%A9VPN%E3%81%AA%E3%81%97%E3%81%A7%E5%88%A9%E7%94%A8%E5%8F%AF%E8%83%BD-24%E6%99%82%E9%96%93%E3%82%B5%E3%83%9D%E3%83%BC%E3%83%88-4G-LTE%E5%AF%BE%E5%BF%9C-7%E6%97%A5%E9%96%93%E5%AE%8C%E5%85%A8%E7%84%A1%E5%88%B6%E9%99%90/dp/B0DR872CKP,B0DR872CKP,B0DR872CKP,株式会社ビッグコネクト,bigconnectのストアを表示,"{""price_jpy"": [""￥2,680""], ""usage_validity"": [""【Almond eSIM】中国 香港 マカオ 大中華 esim 7日間 高速データ通信 完全無制限 当日発行可能 中国ネット規制対象外 中国でもGoogle、LINE、YouTubeなどVPNなしで利用可能 24時間サポート 4G-LTE対応 プリペイド ESIMプラン China HONGKONG MACAO simカード (7日間完全無制限)""], ""activation_validity"": [""【Almond eSIM】中国 香港 マカオ 大中華 esim 7日間 高速データ通信 完全無制限 当日発行可能 中国ネット規制対象外 中国でもGoogle、LINE、YouTubeなどVPNなしで利用可能 24時間サポート 4G-LTE対応 プリペイド ESIMプラン China HONGKONG MACAO simカード (7日間完全無制限)""], ""data_amount"": [""【データプラン】データ通信専用のeSIMです。※高速データ容量は無制限。完全使い放題プラン、中国ネット規制対象外 中国でもGoogle、LINE、YouTubeなどVPNなしで利用可能、本人確認やSIMカード認証は不要で、当日に発行が可能です。""], ""network_type"": [""local_signal: 【チョコSIM 定額（Sプラン）】【中国の電話番号付きでアプリや施設サービスのSMS認証が可能】【データ容量】合計500MB/月【音声】合計20分間/月 データ/音声/SMS付きSIMカード 中国SIM マカオSIM China unicom ※こちらのSIMカードは契約後、毎月の基本料が発生いたします。※2024年11月1日から台湾でのご利用はできなくなり"", ""roaming_signal: 経験から３地域のローミングが快適なeSIMです。"", ""insufficient_or_conflicting_signals(local=6, roaming=3)""], ""network_generation"": [""product_info_cellular_4g_lte: source:product_info_cellular: 携帯電話技術 LTE""], ""review_count"": [""detail_page: (14)""], ""bestseller_rank"": [""Amazon 売れ筋ランキング 家電＆カメラ - 47,103位 ( 家電＆カメラの売れ筋ランキングを見る ) プリペイドSIMカード - 500位""], ""title"": [""【Almond eSIM】中国 香港 マカオ 大中華 esim 7日間 高速データ通信 完全無制限 当日発行可能 中国ネット規制対象外 中国でもGoogle、LINE、YouTubeなどVPNなしで利用可能 24時間サポート 4G-LTE対応 プリペイド ESIMプラン China HONGKONG MACAO simカード (7日間完全無制限)""]}"
amazon_jp,hk,【中国SIMカード】7日間 5GB高速データ通信＋低速無制限｜中国・香港・マカオ対応｜中国本土でもGoogle・LINE・YouTube利用可能｜24時間サポート｜中国本土 プリペイドSIM 中国 sim (7日間｜5GB),1080,2,,,,,475,7일,7일,7일,roaming,5g_capable,,,"{""cmhk"": null, ""csl"": null, ""smartone"": null, ""three_hk"": true}","{""skt"": null, ""kt"": null, ""lgu"": null}",5GB,https://www.amazon.co.jp/%E3%80%90%E4%B8%AD%E5%9B%BDSIM%E3%82%AB%E3%83%BC%E3%83%89%E3%80%917%E6%97%A5%E9%96%93-5GB%E9%AB%98%E9%80%9F%E3%83%87%E3%83%BC%E3%82%BF%E9%80%9A%E4%BF%A1%EF%BC%8B%E4%BD%8E%E9%80%9F%E7%84%A1%E5%88%B6%E9%99%90%EF%BD%9C%E4%B8%AD%E5%9B%BD%E3%83%BB%E9%A6%99%E6%B8%AF%E3%83%BB%E3%83%9E%E3%82%AB%E3%82%AA%E5%AF%BE%E5%BF%9C%EF%BD%9C%E4%B8%AD%E5%9B%BD%E6%9C%AC%E5%9C%9F%E3%81%A7%E3%82%82Google%E3%83%BBLINE%E3%83%BBYouTube%E5%88%A9%E7%94%A8%E5%8F%AF%E8%83%BD%EF%BD%9C24%E6%99%82%E9%96%93%E3%82%B5%E3%83%9D%E3%83%BC%E3%83%88%EF%BD%9C%E4%B8%AD%E5%9B%BD%E6%9C%AC%E5%9C%9F-%E3%83%97%E3%83%AA%E3%83%9A%E3%82%A4%E3%83%89SIM-sim-7%E6%97%A5%E9%96%93%EF%BD%9C5GB/dp/B0FPR8JCB1,B0FPR8JCB1,B0FPR8JCB1,Global Simcard,アーモンド　ＳＩｍ　ｃａｒｄのストアを表示,"{""price_jpy"": [""￥1,080""], ""usage_validity"": [""【中国SIMカード】7日間 5GB高速データ通信＋低速無制限｜中国・香港・マカオ対応｜中国本土でもGoogle・LINE・YouTube利用可能｜24時間サポート｜中国本土 プリペイドSIM 中国 sim (7日間｜5GB)""], ""activation_validity"": [""⭐【高速データ通信】中国本土・香港・マカオ対応。7日間で合計5GBまで4G/5G高速通信が利用可能。超過後も128kbpsで通信継続でき、低速無制限で安心。 ⭐【中国ネット制限なし】香港ローミング接続で中国政府の規制対象外。Google、LINE、YouTube、SNSなど主要アプリがVPN不要で利用可能。本人確認も不要です。 ⭐【有効期限】未使用なら購入か""], ""data_amount"": [""⭐【高速データ通信】中国本土・香港・マカオ対応。7日間で合計5GBまで4G/5G高速通信が利用可能。超過後も128kbpsで通信継続でき、低速無制限で安心。""], ""network_type"": [""⭐【中国ネット制限なし】香港ローミング接続で中国政府の規制対象外。Google、LINE、YouTube、SNSなど主要アプリがVPN不要で利用可能。本人確認も不要です。"", ""⭐【高速データ通信】中国本土・香港・マカオ対応。7日間で合計5GBまで4G/5G高速通信が利用可能。超過後も128kbpsで通信継続でき、低速無制限で安心。 ⭐【中国ネット制限なし】香港ローミング接続で中国政府の規制対象外。Google、LINE、YouTube、SNSなど主要アプリがVPN不要で利用可能。本人確認も不要です。 ⭐【有効期限】未使用なら購入か"", ""score: local=0, roaming=3""], ""network_generation"": [""product_info_cellular_5g: source:product_info_cellular: 携帯電話技術 5G/4G-LTE""], ""carrier_support_local"": [""3HK: ⭐【対応キャリア】中国本土：中国電信（China Telecom）、香港：3HK、マカオ：CTM。中華圏への渡航に幅広く対応。"", ""3HK: ⭐【高速データ通信】中国本土・香港・マカオ対応。7日間で合計5GBまで4G/5G高速通信が利用可能。超過後も128kbpsで通信継続でき、低速無制限で安心。 ⭐【中国ネット制限なし】香港ローミング接続で中国政府の規制対象外。Google、LINE、YouTube、SNSなど主要アプリがVPN不要で利"", ""3HK: サービスプロバイダ China Telecom/3HK /CTM"", ""3HK: Amazon.co.jp: 【中国SIMカード】7日間 5GB高速データ通信＋低速無制限｜中国・香港・マカオ対応｜中国本土でもGoogle・LINE・YouTube利用可能｜24時間サポート｜中国本土 プリペイドSIM 中国 sim (7日間｜5GB) : 家電＆カメラ 次に移動 メインコンテンツ ""], ""review_count"": [""detail_page: (2)""], ""bestseller_rank"": [""Amazon 売れ筋ランキング 家電＆カメラ - 44,292位 ( 家電＆カメラの売れ筋ランキングを見る ) プリペイドSIMカード - 475位""], ""title"": [""【中国SIMカード】7日間 5GB高速データ通信＋低速無制限｜中国・香港・マカオ対応｜中国本土でもGoogle・LINE・YouTube利用可能｜24時間サポート｜中国本土 プリペイドSIM 中国 sim (7日間｜5GB)""]}"
amazon_jp,hk,【Almond SIM】中国本土 simcard 4日間 高速データ通信 完全無制限 香港 マカオにも利用可能 1-30日間選択可能 中国ネット規制対象外 中国でもGoogle、LINE、YouTubeなど利用可能 24時間安心サポート 5G 4G-LTE対応 プリペイド SIMカード China simカード (4日間/無制限),1880,2,,,,,233,4일,4일,,unknown,5g_capable,,,"{""cmhk"": null, ""csl"": null, ""smartone"": null, ""three_hk"": true}","{""skt"": null, ""kt"": null, ""lgu"": null}",unlimited,https://www.amazon.co.jp/4%E6%97%A5%E9%96%93-1-30%E6%97%A5%E9%96%93%E9%81%B8%E6%8A%9E%E5%8F%AF%E8%83%BD-%E4%B8%AD%E5%9B%BD%E3%83%8D%E3%83%83%E3%83%88%E8%A6%8F%E5%88%B6%E5%AF%BE%E8%B1%A1%E5%A4%96-%E4%B8%AD%E5%9B%BD%E3%81%A7%E3%82%82Google%E3%80%81LINE%E3%80%81YouTube%E3%81%AA%E3%81%A9%E5%88%A9%E7%94%A8%E5%8F%AF%E8%83%BD-%E7%84%A1%E5%88%B6%E9%99%90/dp/B0FMQQRC3N,B0FMQQRC3N,B0FMQQRC3N,株式会社ビッグコネクト,bigconnectのストアを表示,"{""price_jpy"": [""￥1,880""], ""usage_validity"": [""【Almond SIM】中国本土 simcard 4日間 高速データ通信 完全無制限 香港 マカオにも利用可能 1-30日間選択可能 中国ネット規制対象外 中国でもGoogle、LINE、YouTubeなど利用可能 24時間安心サポート 5G 4G-LTE対応 プリペイド SIMカード China simカード (4日間/無制限)""], ""data_amount"": [""【データプラン】データ通信専用のSIMです。※高速データ容量は無制限。完全使い放題プラン、中国ネット規制対象外 中国でもGoogle、LINE、YouTubeなどVPNなしで利用可能、本人確認やSIMカード認証は不要で、1-30日間選択可能。""], ""network_type"": [""roaming_signal: 【中国ネット制限なし】中国本土での利用の場合は香港ローミング接続を行います。これにより中国政府のネット規制対象外となり、Google、Facebook、Twitter、Instagram等に接続可能です。中華圏渡航スケジュールに対応する手軽なプリペイドSIMカード。キャリア：中国：China Telecom 香港：3HK マカオ: CTM。"", ""insufficient_or_conflicting_signals(local=0, roaming=1)""], ""network_generation"": [""product_info_cellular_5g: source:product_info_cellular: 携帯電話技術 5G 4G-Lte""], ""carrier_support_local"": [""3HK: 【中国ネット制限なし】中国本土での利用の場合は香港ローミング接続を行います。これにより中国政府のネット規制対象外となり、Google、Facebook、Twitter、Instagram等に接続可能です。中華圏渡航スケジュールに対応する手軽なプリペイドSIMカード。キャリア：中国：China Tel"", ""3HK: サービスプロバイダ 中国：China Telecom 香港：3HK マカオ: CTM""], ""review_count"": [""detail_page: (2)""], ""bestseller_rank"": [""Amazon 売れ筋ランキング 家電＆カメラ - 20,128位 ( 家電＆カメラの売れ筋ランキングを見る ) プリペイドSIMカード - 233位""], ""title"": [""【Almond SIM】中国本土 simcard 4日間 高速データ通信 完全無制限 香港 マカオにも利用可能 1-30日間選択可能 中国ネット規制対象外 中国でもGoogle、LINE、YouTubeなど利用可能 24時間安心サポート 5G 4G-LTE対応 プリペイド SIMカード China simカード (4日間/無制限)""]}"
amazon_jp,hk,【香港 eSIM 】マカオeSIM 3日間 高速データ無制限 データ使い放題 香港SIM データ通信専用 マカオSIM 当日利用可能 24時間オンラインサポート お急ぎのご相談は（LINEで受付中です） Hong Kong SIM way2esim,1380,2,,,,,995,3일,3일,30일,unknown,lte_4g_only,,,"{""cmhk"": null, ""csl"": null, ""smartone"": null, ""three_hk"": null}","{""skt"": null, ""kt"": null, ""lgu"": null}",unlimited,https://www.amazon.co.jp/%E3%80%91%E3%83%9E%E3%82%AB%E3%82%AAeSIM-3%E6%97%A5%E9%96%93-24%E6%99%82%E9%96%93%E3%82%AA%E3%83%B3%E3%83%A9%E3%82%A4%E3%83%B3%E3%82%B5%E3%83%9D%E3%83%BC%E3%83%88-%E3%81%8A%E6%80%A5%E3%81%8E%E3%81%AE%E3%81%94%E7%9B%B8%E8%AB%87%E3%81%AF%EF%BC%88LINE%E3%81%A7%E5%8F%97%E4%BB%98%E4%B8%AD%E3%81%A7%E3%81%99%EF%BC%89-way2esim/dp/B0DLG1M8YF,B0DLG1M8YF,B0DLG1M8YF,eSIM株式会社,way2esimのストアを表示,"{""price_jpy"": [""￥1,380""], ""usage_validity"": [""【香港 eSIM 】マカオeSIM 3日間 高速データ無制限 データ使い放題 香港SIM データ通信専用 マカオSIM 当日利用可能 24時間オンラインサポート お急ぎのご相談は（LINEで受付中です） Hong Kong SIM way2esim""], ""activation_validity"": [""注意：① 香港・マカオeSIM情報メール受信後30日以内にご利用ください。期限を過ぎると使用できなくなります。② マカオ到着後は、必ずこのeSIMのローミングをオンにしてください。オンにしないとご利用いただけません。""], ""data_amount"": [""高速データ無制限：香港・マカオeSIMは、高速データを無制限でご利用いただけます。この香港・マカオeSIMはデータ通信専用で、電話番号は含まれておりません。SNSやウェブ閲覧など、さまざまなインターネットサービスを快適にご利用いただけます。""], ""network_type"": [""roaming_signal: 注意：① 香港・マカオeSIM情報メール受信後30日以内にご利用ください。期限を過ぎると使用できなくなります。② マカオ到着後は、必ずこのeSIMのローミングをオンにしてください。オンにしないとご利用いただけません。"", ""insufficient_or_conflicting_signals(local=0, roaming=1)""], ""network_generation"": [""product_info_cellular_4g_lte: source:product_info_cellular: 携帯電話技術 LTE""], ""review_count"": [""detail_page: (2)""], ""bestseller_rank"": [""Amazon 売れ筋ランキング 家電＆カメラ - 109,734位 ( 家電＆カメラの売れ筋ランキングを見る ) プリペイドSIMカード - 995位""], ""title"": [""【香港 eSIM 】マカオeSIM 3日間 高速データ無制限 データ使い放題 香港SIM データ通信専用 マカオSIM 当日利用可能 24時間オンラインサポート お急ぎのご相談は（LINEで受付中です） Hong Kong SIM way2esim""]}"
amazon_jp,hk,香港・マカオ eSIM 1日間 (24時間) 無制限データ｜公式キャリア回線｜本人確認不要｜5G/4G 高速通信｜プリペイドeSIM 香港eSIM マカオeSIM (1日間),750,20,,,,,529,1일,1일,1일,unknown,5g_capable,,,"{""cmhk"": true, ""csl"": true, ""smartone"": null, ""three_hk"": true}","{""skt"": null, ""kt"": null, ""lgu"": null}",unlimited,https://www.amazon.co.jp/%E9%A6%99%E6%B8%AF%E3%83%BB%E3%83%9E%E3%82%AB%E3%82%AA-%E7%84%A1%E5%88%B6%E9%99%90%E3%83%87%E3%83%BC%E3%82%BF%EF%BD%9C%E5%85%AC%E5%BC%8F%E3%82%AD%E3%83%A3%E3%83%AA%E3%82%A2%E5%9B%9E%E7%B7%9A%EF%BD%9C%E6%9C%AC%E4%BA%BA%E7%A2%BA%E8%AA%8D%E4%B8%8D%E8%A6%81%EF%BD%9C5G-%E9%AB%98%E9%80%9F%E9%80%9A%E4%BF%A1%EF%BD%9C%E3%83%97%E3%83%AA%E3%83%9A%E3%82%A4%E3%83%89eSIM-%E9%A6%99%E6%B8%AFeSIM-%E3%83%9E%E3%82%AB%E3%82%AAeSIM/dp/B0GSTQMHQJ,B0GSTQMHQJ,B0GSTQMHQJ,mewmewホーム eSIM,ＭＥＷＭＥＷホームのストアを表示,"{""price_jpy"": [""￥750""], ""usage_validity"": [""香港・マカオ eSIM 1日間 (24時間) 無制限データ｜公式キャリア回線｜本人確認不要｜5G/4G 高速通信｜プリペイドeSIM 香港eSIM マカオeSIM (1日間)""], ""activation_validity"": [""【有効期限】QRコードは90日以内に有効です。日本国内でQRコードをスキャンして事前設定が可能。プランの日数は、24時間を1日としてカウントされます。""], ""data_amount"": [""【データ通信無制限】香港/マカオで利用可能なデータ通信専用のプリペイドeSIMです。現地大手キャリア回線を利用しており、広いエリアで安定した高速データ通信をご利用いただけます。高速データ通信は無制限、本人確認不要。旅行・短期滞在・ビジネス出張など、さまざまなシーンにおすすめのeSIMです。""], ""network_type"": [""no_local_or_roaming_keyword_matched""], ""network_generation"": [""product_info_cellular_5g: source:product_info_cellular: 携帯電話技術 LTE, 5G"", ""product_info_cellular_4g_lte_signal_present_but_5g_capable_takes_precedence""], ""carrier_support_local"": [""CMHK, CSL: サービスプロバイダ CSL, China Mobile Hong Kong, China Telecom Macau"", ""3HK: 【中国 香港 eSIM】大容量 2GB/日・高速データ 低速無制限 即日発行可能 China Unicom/3HK キャリア 4G-LTE対応 データ通信専用 中国・ 香港 プリペイド simカード (1日間)"", ""CMHK, CSL: Amazon.co.jp: 香港・マカオ eSIM 1日間 (24時間) 無制限データ｜公式キャリア回線｜本人確認不要｜5G/4G 高速通信｜プリペイドeSIM 香港eSIM マカオeSIM (1日間) : 家電＆カメラ 次に移動 メインコンテンツ この商品について この商品について この商品につい""], ""review_count"": [""detail_page: (20)""], ""bestseller_rank"": [""Amazon 売れ筋ランキング 家電＆カメラ - 49,336位 ( 家電＆カメラの売れ筋ランキングを見る ) プリペイドSIMカード - 529位""], ""title"": [""香港・マカオ eSIM 1日間 (24時間) 無制限データ｜公式キャリア回線｜本人確認不要｜5G/4G 高速通信｜プリペイドeSIM 香港eSIM マカオeSIM (1日間)""]}"
amazon_jp,hk,【香港 マカオeSIM】3日間 高速データ通信 無制限 データ通信専用 5G / 4G対応,1480,12,,,,,688,3일,3일,90일,unknown,5g_capable,,,"{""cmhk"": null, ""csl"": null, ""smartone"": null, ""three_hk"": null}","{""skt"": null, ""kt"": null, ""lgu"": null}",unlimited,https://www.amazon.co.jp/%E3%80%90%E9%A6%99%E6%B8%AF-%E3%83%9E%E3%82%AB%E3%82%AAeSIM%E3%80%913%E6%97%A5%E9%96%93-%E9%AB%98%E9%80%9F%E3%83%87%E3%83%BC%E3%82%BF%E9%80%9A%E4%BF%A1-%E3%83%87%E3%83%BC%E3%82%BF%E9%80%9A%E4%BF%A1%E5%B0%82%E7%94%A8-4G%E5%AF%BE%E5%BF%9C/dp/B0GTYRCM6T,B0GTYRCM6T,B0GTYRCM6T,Mewfi 正規販売店,mewfiのストアを表示,"{""price_jpy"": [""￥1,480""], ""usage_validity"": [""【香港 マカオeSIM】3日間 高速データ通信 無制限 データ通信専用 5G / 4G対応""], ""activation_validity"": [""【有効期限】eSIM情報が記載されたメールの受信日から90日以内にご利用ください。""], ""data_amount"": [""【香港 マカオeSIM】利用期間中、高速データ通信を無制限でご利用いただけます。1日ごとのデータ容量上限はありません。""], ""network_type"": [""local_signal: 【T-Mobile純正品】eSIM版 アメリカ ハワイ SIM 7日間【使い放題】【電話番号付き】5G/4G-LTE 高速データ通信/通話/SMS/テザリング 【アメリカ ハワイ 無制限】 プリペイド SIMカード T-Mobile esim 7days"", ""roaming_signal: 【注意】香港・マカオでご利用の際は、端末のデータローミングをオンにしてください。"", ""insufficient_or_conflicting_signals(local=3, roaming=3)""], ""network_generation"": [""product_info_cellular_5g: source:product_info_cellular: 携帯電話技術 LTE, 5G"", ""product_info_cellular_4g_lte_signal_present_but_5g_capable_takes_precedence""], ""review_count"": [""detail_page: (12)""], ""bestseller_rank"": [""Amazon 売れ筋ランキング 家電＆カメラ - 68,640位 ( 家電＆カメラの売れ筋ランキングを見る ) プリペイドSIMカード - 688位""], ""title"": [""【香港 マカオeSIM】3日間 高速データ通信 無制限 データ通信専用 5G / 4G対応""]}"
amazon_jp,hk,【香港・マカオ eSIM】4日間 完全無制限｜高速データ使い放題｜即日発行・すぐに利用可能,1780,2,,,,,502,4일,4일,4일,unknown,5g_capable,,,"{""cmhk"": null, ""csl"": null, ""smartone"": true, ""three_hk"": null}","{""skt"": null, ""kt"": null, ""lgu"": null}",unlimited,https://www.amazon.co.jp/%E3%82%A2%E3%83%BC%E3%83%A2%E3%83%B3%E3%83%89-%EF%BC%B3%EF%BC%A9%EF%BD%8D-%EF%BD%83%EF%BD%81%EF%BD%92%EF%BD%84-%E3%80%90%E9%A6%99%E6%B8%AF%E3%83%BB%E3%83%9E%E3%82%AB%E3%82%AA-eSIM%E3%80%914%E6%97%A5%E9%96%93-%E5%AE%8C%E5%85%A8%E7%84%A1%E5%88%B6%E9%99%90%EF%BD%9C%E9%AB%98%E9%80%9F%E3%83%87%E3%83%BC%E3%82%BF%E4%BD%BF%E3%81%84%E6%94%BE%E9%A1%8C%EF%BD%9C%E5%8D%B3%E6%97%A5%E7%99%BA%E8%A1%8C%E3%83%BB%E3%81%99%E3%81%90%E3%81%AB%E5%88%A9%E7%94%A8%E5%8F%AF%E8%83%BD/dp/B0HJV3M2W9,B0HJV3M2W9,B0HJV3M2W9,Global Simcard,アーモンド　ＳＩｍ　ｃａｒｄのストアを表示,"{""price_jpy"": [""￥1,780""], ""usage_validity"": [""【香港・マカオ eSIM】4日間 完全無制限｜高速データ使い放題｜即日発行・すぐに利用可能""], ""activation_validity"": [""【香港・マカオ eSIM】4日間 完全無制限｜高速データ使い放題｜即日発行・すぐに利用可能""], ""data_amount"": [""【高速データ無制限】香港・マカオの2地域で使えるデータ通信専用eSIMです。香港ではSmarTone・HKT・3、マカオではCTMのネットワークに対応。高速データ通信を容量制限なくご利用いただけます。TikTok・ChatGPTにも対応し、本人確認・契約不要。旅行や出張にも便利です。""], ""network_type"": [""no_local_or_roaming_keyword_matched""], ""network_generation"": [""product_info_cellular_5g: source:product_info_cellular: 携帯電話技術 5G 4G LTE""], ""carrier_support_local"": [""SmarTone: 【高速データ無制限】香港・マカオの2地域で使えるデータ通信専用eSIMです。香港ではSmarTone・HKT・3、マカオではCTMのネットワークに対応。高速データ通信を容量制限なくご利用いただけます。TikTok・ChatGPTにも対応し、本人確認・契約不要。旅行や出張にも便利です。"", ""SmarTone: サービスプロバイダ Smartone/HKT/3/CTM"", ""SmarTone: Amazon.co.jp: 【香港・マカオ eSIM】4日間 完全無制限｜高速データ使い放題｜即日発行・すぐに利用可能 | 最短5分発行・すぐ利用可能｜本人確認・開通予約不要｜日本国内500MBテストeSIM付き｜5G/4G LTE対応｜テザリング対応｜24時間多言語サポート｜データ通信専用｜グアム""], ""review_count"": [""detail_page: 2""], ""bestseller_rank"": [""Amazon 売れ筋ランキング 家電＆カメラ - 47,287位 ( 家電＆カメラの売れ筋ランキングを見る ) プリペイドSIMカード - 502位""], ""title"": [""【香港・マカオ eSIM】4日間 完全無制限｜高速データ使い放題｜即日発行・すぐに利用可能""]}"
amazon_jp,hk,【Almond SIM】台湾プリペイドSIMカード｜4日間 完全データ無制限 使い放題｜5G/4G-LTE 高速通信｜台北・高雄など 対応｜24時間安心サポート (4日間（24時間×4）),1500,55,,,100,,39,4일,4일,4일,unknown,5g_capable,,,"{""cmhk"": null, ""csl"": null, ""smartone"": null, ""three_hk"": null}","{""skt"": null, ""kt"": null, ""lgu"": null}",unlimited,https://www.amazon.co.jp/SIM%E3%80%91%E5%8F%B0%E6%B9%BE%E3%83%97%E3%83%AA%E3%83%9A%E3%82%A4%E3%83%89SIM%E3%82%AB%E3%83%BC%E3%83%89%EF%BD%9C4%E6%97%A5%E9%96%93-%E5%AE%8C%E5%85%A8%E3%83%87%E3%83%BC%E3%82%BF%E7%84%A1%E5%88%B6%E9%99%90-%E9%AB%98%E9%80%9F%E9%80%9A%E4%BF%A1%EF%BD%9C%E5%8F%B0%E5%8C%97%E3%83%BB%E9%AB%98%E9%9B%84%E3%81%AA%E3%81%A9-%E5%AF%BE%E5%BF%9C%EF%BD%9C24%E6%99%82%E9%96%93%E5%AE%89%E5%BF%83%E3%82%B5%E3%83%9D%E3%83%BC%E3%83%88-4%E6%97%A5%E9%96%93%EF%BC%8824%E6%99%82%E9%96%93%C3%974%EF%BC%89/dp/B0GPVSPCXV,B0GPVSPCXV,B0GPVSPCXV,株式会社ビッグコネクト,bigconnectのストアを表示,"{""price_jpy"": [""￥1,500""], ""usage_validity"": [""【Almond SIM】台湾プリペイドSIMカード｜4日間 完全データ無制限 使い放題｜5G/4G-LTE 高速通信｜台北・高雄など 対応｜24時間安心サポート (4日間（24時間×4）)""], ""activation_validity"": [""【Almond SIM】台湾プリペイドSIMカード｜4日間 完全データ無制限 使い放題｜5G/4G-LTE 高速通信｜台北・高雄など 対応｜24時間安心サポート (4日間（24時間×4）)""], ""data_amount"": [""【データプラン】データ通信専用のSIMです。台湾で利用可能なプリペイドSIMカード。※高速データ容量は無制限。完全使い放題プラン、本人確認やSIMカード認証は不要です。本SIMカードは3 in 1サイズに対応しております。切り取り用のガイドに沿って、ご利用端末のSIMサイズに合わせて押し出してご使用ください""], ""network_type"": [""no_local_or_roaming_keyword_matched""], ""network_generation"": [""product_info_cellular_5g: source:product_info_cellular: 携帯電話技術 5G 4G-Lte""], ""monthly_sold_count"": [""Amazon.co.jp: 【Almond SIM】台湾プリペイドSIMカード｜4日間 完全データ無制限 使い放題｜5G/4G-LTE 高速通信｜台北・高雄など 対応｜24時間安心サポート (4日間（24時間×4）) : 家電＆カメラ 次に移動 メインコンテンツ この商品について この商品について この商品について 購入オプション 類似商品と比較する ビデオ""], ""review_count"": [""detail_page: (55)""], ""bestseller_rank"": [""Amazon 売れ筋ランキング 家電＆カメラ - 3,827位 ( 家電＆カメラの売れ筋ランキングを見る ) プリペイドSIMカード - 39位""], ""title"": [""【Almond SIM】台湾プリペイドSIMカード｜4日間 完全データ無制限 使い放題｜5G/4G-LTE 高速通信｜台北・高雄など 対応｜24時間安心サポート (4日間（24時間×4）)""]}"
amazon_jp,hk,【香港 eSIM】マカオeSIM 高速データ無制限&データ通信専用 香港SIM マカオSIM 当日利用可能&90日間有効 24時間オンラインサポート お急ぎのご相談は（LINEで受付中です） Hong Kong＆Macao SIM way2esim (1日間),680,6,,,,,1577,1일,1일,,local,lte_4g_only,,,"{""cmhk"": null, ""csl"": null, ""smartone"": null, ""three_hk"": null}","{""skt"": null, ""kt"": null, ""lgu"": null}",unlimited,https://www.amazon.co.jp/eSIM%E3%80%91%E3%83%9E%E3%82%AB%E3%82%AAeSIM-24%E6%99%82%E9%96%93%E3%82%AA%E3%83%B3%E3%83%A9%E3%82%A4%E3%83%B3%E3%82%B5%E3%83%9D%E3%83%BC%E3%83%88-%E3%81%8A%E6%80%A5%E3%81%8E%E3%81%AE%E3%81%94%E7%9B%B8%E8%AB%87%E3%81%AF%EF%BC%88LINE%E3%81%A7%E5%8F%97%E4%BB%98%E4%B8%AD%E3%81%A7%E3%81%99%EF%BC%89-Kong%EF%BC%86Macao-way2esim/dp/B0GVYCM94W,B0GVYCM94W,B0GVYCM94W,eSIM株式会社,way2esimのストアを表示,"{""price_jpy"": [""￥680""], ""usage_validity"": [""【香港 eSIM】マカオeSIM 高速データ無制限&データ通信専用 香港SIM マカオSIM 当日利用可能&90日間有効 24時間オンラインサポート お急ぎのご相談は（LINEで受付中です） Hong Kong＆Macao SIM way2esim (1日間)""], ""data_amount"": [""【高速データ無制限】：香港・マカオeSIMは、高速データを無制限でご利用いただけます。この香港・マカオeSIMはデータ通信専用で、電話番号は含まれておりません。SNSやウェブ閲覧など、さまざまなインターネットサービスを快適にご利用いただけます。""], ""network_type"": [""【Almond SIM】 ベトナム 7日間 完全無制限 電話番号付き｜純正Vietnamobile キャリア ｜ホーチミン・ハノイなど 対応｜LINEで24時間サポート｜4G-LTE対応 プリペイドsim ｜Vietnam simカード (物理sim/7日間)"", ""score: local=3, roaming=0""], ""network_generation"": [""product_info_cellular_4g_lte: source:product_info_cellular: 携帯電話技術 LTE""], ""review_count"": [""detail_page: (6)""], ""bestseller_rank"": [""Amazon 売れ筋ランキング 家電＆カメラ - 196,445位 ( 家電＆カメラの売れ筋ランキングを見る ) プリペイドSIMカード - 1,577位""], ""title"": [""【香港 eSIM】マカオeSIM 高速データ無制限&データ通信専用 香港SIM マカオSIM 当日利用可能&90日間有効 24時間オンラインサポート お急ぎのご相談は（LINEで受付中です） Hong Kong＆Macao SIM way2esim (1日間)""]}"
amazon_jp,hk,【中国 香港 マカオeSIM】4日間 高速データ通信 無制限 データ通信専用（電話番号なし）5G / 4G対応,1780,15,,,,,1078,4일,4일,90일,unknown,5g_capable,,,"{""cmhk"": null, ""csl"": null, ""smartone"": null, ""three_hk"": null}","{""skt"": null, ""kt"": null, ""lgu"": null}",unlimited,https://www.amazon.co.jp/%E3%80%90%E4%B8%AD%E5%9B%BD-%E3%83%9E%E3%82%AB%E3%82%AAeSIM%E3%80%914%E6%97%A5%E9%96%93-%E9%AB%98%E9%80%9F%E3%83%87%E3%83%BC%E3%82%BF%E9%80%9A%E4%BF%A1-%E3%83%87%E3%83%BC%E3%82%BF%E9%80%9A%E4%BF%A1%E5%B0%82%E7%94%A8%EF%BC%88%E9%9B%BB%E8%A9%B1%E7%95%AA%E5%8F%B7%E3%81%AA%E3%81%97%EF%BC%895G-4G%E5%AF%BE%E5%BF%9C/dp/B0GVJHHHCM,B0GVJHHHCM,B0GVJHHHCM,Mewfi 正規販売店,mewfiのストアを表示,"{""price_jpy"": [""￥1,780""], ""usage_validity"": [""【中国 香港 マカオeSIM】4日間 高速データ通信 無制限 データ通信専用（電話番号なし）5G / 4G対応""], ""activation_validity"": [""【有効期限】eSIM情報が記載されたメールの受信日から90日以内にご利用ください。""], ""data_amount"": [""【中国 香港 マカオeSIM】利用期間中、高速データ通信を無制限でご利用いただけます。1日ごとのデータ容量上限はありません。""], ""network_type"": [""local_signal: 【T-Mobile純正品】eSIM版 アメリカ ハワイ SIM 7日間【使い放題】【電話番号付き】5G/4G-LTE 高速データ通信/通話/SMS/テザリング 【アメリカ ハワイ 無制限】 プリペイド SIMカード T-Mobile esim 7days"", ""roaming_signal: 【注意事項】eSIM対応のSIMフリー端末、またはSIMロック解除済みのスマートフォン専用です。中国・香港・マカオでご利用の際は、端末のデータローミングをオンにしてください。"", ""insufficient_or_conflicting_signals(local=3, roaming=3)""], ""network_generation"": [""product_info_cellular_5g: source:product_info_cellular: 携帯電話技術 LTE, 5G"", ""product_info_cellular_4g_lte_signal_present_but_5g_capable_takes_precedence""], ""review_count"": [""detail_page: (15)""], ""bestseller_rank"": [""Amazon 売れ筋ランキング 家電＆カメラ - 123,734位 ( 家電＆カメラの売れ筋ランキングを見る ) プリペイドSIMカード - 1,078位""], ""title"": [""【中国 香港 マカオeSIM】4日間 高速データ通信 無制限 データ通信専用（電話番号なし）5G / 4G対応""]}"
amazon_jp,hk,【中国本土eSIM】香港とマカオでも利用可能 5日間 5GB 定番プラン データ通信専用（電話番号なし） 5G/4G-LTE対応 中国でもGoogle、LINE、YouTubeをVPNなしで利用可能 説明書付き LINEで24時間サポート 香港 マカオ 中国SIM MEWMEWホーム (5日間 5GB),1080,9,,,,,974,5일,5일,7일,unknown,5g_capable,,,"{""cmhk"": null, ""csl"": null, ""smartone"": null, ""three_hk"": null}","{""skt"": null, ""kt"": null, ""lgu"": null}",5GB,https://www.amazon.co.jp/%E3%80%90%E4%B8%AD%E5%9B%BD%E6%9C%AC%E5%9C%9FeSIM%E3%80%91%E9%A6%99%E6%B8%AF%E3%81%A8%E3%83%9E%E3%82%AB%E3%82%AA%E3%81%A7%E3%82%82%E5%88%A9%E7%94%A8%E5%8F%AF%E8%83%BD-5%E6%97%A5%E9%96%93-5GB-%E3%83%87%E3%83%BC%E3%82%BF%E9%80%9A%E4%BF%A1%E5%B0%82%E7%94%A8%EF%BC%88%E9%9B%BB%E8%A9%B1%E7%95%AA%E5%8F%B7%E3%81%AA%E3%81%97%EF%BC%89-%E4%B8%AD%E5%9B%BD%E3%81%A7%E3%82%82Google%E3%80%81LINE%E3%80%81YouTube%E3%82%92VPN%E3%81%AA%E3%81%97%E3%81%A7%E5%88%A9%E7%94%A8%E5%8F%AF%E8%83%BD/dp/B0F1ZZLG69,B0F1ZZLG69,B0F1ZZLG69,mewmewホーム eSIM,ＭＥＷＭＥＷホームのストアを表示,"{""price_jpy"": [""￥1,080""], ""usage_validity"": [""【中国本土eSIM】香港とマカオでも利用可能 5日間 5GB 定番プラン データ通信専用（電話番号なし） 5G/4G-LTE対応 中国でもGoogle、LINE、YouTubeをVPNなしで利用可能 説明書付き LINEで24時間サポート 香港 マカオ 中国SIM MEWMEWホーム (5日間 5GB)""], ""activation_validity"": [""大中華区SIMカード-中国、香港、マカオ、台湾向けプリペイドデータプラン｜2 GB毎日データ、7日有効期限｜高速4/5 G LTE｜旅行者に最適""], ""data_amount"": [""型番 5日間 5GB""], ""network_type"": [""【T-Mobile純正品】eSIM版 アメリカ ハワイ SIM 7日間【使い放題】【電話番号付き】5G/4G-LTE 高速データ通信/通話/SMS/テザリング 【アメリカ ハワイ 無制限】 プリペイド SIMカード T-Mobile esim 7days"", ""【チョコSIM 定額（Sプラン）】【中国の電話番号付きでアプリや施設サービスのSMS認証が可能】【データ容量】合計500MB/月【音声】合計20分間/月 データ/音声/SMS付きSIMカード 中国SIM マカオSIM China unicom ※こちらのSIMカードは契約後、毎月の基本料が発生いたします。※2024年11月1日から台湾でのご利用はできなくなり"", ""score: local=9, roaming=0"", ""local_claim_refers_to:cn""], ""network_generation"": [""product_info_cellular_5g: source:product_info_cellular: 携帯電話技術 LTE, 5G"", ""product_info_cellular_4g_lte_signal_present_but_5g_capable_takes_precedence""], ""review_count"": [""detail_page: (9)""], ""bestseller_rank"": [""Amazon 売れ筋ランキング 家電＆カメラ - 107,315位 ( 家電＆カメラの売れ筋ランキングを見る ) プリペイドSIMカード - 974位""], ""title"": [""【中国本土eSIM】香港とマカオでも利用可能 5日間 5GB 定番プラン データ通信専用（電話番号なし） 5G/4G-LTE対応 中国でもGoogle、LINE、YouTubeをVPNなしで利用可能 説明書付き LINEで24時間サポート 香港 マカオ 中国SIM MEWMEWホーム (5日間 5GB)""]}"
amazon_jp,hk,【中国 香港 eSIM】大容量 2GB/日・高速データ 低速無制限 即日発行可能 China Unicom/3HK キャリア 4G-LTE対応 データ通信専用 中国・ 香港 プリペイド simカード (1日間),680,4,,,,,555,1일,1일,30일,unknown,lte_4g_only,,,"{""cmhk"": null, ""csl"": null, ""smartone"": null, ""three_hk"": true}","{""skt"": null, ""kt"": null, ""lgu"": null}",unlimited,https://www.amazon.co.jp/eSIM%E3%80%91%E5%A4%A7%E5%AE%B9%E9%87%8F-%E6%97%A5%E3%83%BB%E9%AB%98%E9%80%9F%E3%83%87%E3%83%BC%E3%82%BF-4G-LTE%E5%AF%BE%E5%BF%9C-%E3%83%87%E3%83%BC%E3%82%BF%E9%80%9A%E4%BF%A1%E5%B0%82%E7%94%A8-1%E6%97%A5%E9%96%93/dp/B0D78YFGCP,B0D78YFGCP,B0D78YFGCP,Global Simcard,アーモンド　ＳＩｍ　ｃａｒｄのストアを表示,"{""price_jpy"": [""￥680""], ""usage_validity"": [""【中国 香港 eSIM】大容量 2GB/日・高速データ 低速無制限 即日発行可能 China Unicom/3HK キャリア 4G-LTE対応 データ通信専用 中国・ 香港 プリペイド simカード (1日間)""], ""activation_validity"": [""【有効期限】メールで納品後、30日以内にご利用ください""], ""data_amount"": [""【大容量プラン】通信専用のeSIMですデータは無制限ですが、1日の使用量が2GBに達すると通信速度が最大256Kbpsに制限されます制限は現地時間の翌日0時に解除されます現地時間の00:00-23：59区切りで、カウントされます""], ""network_type"": [""local_signal: 【チョコSIM 定額（Sプラン）】【中国の電話番号付きでアプリや施設サービスのSMS認証が可能】【データ容量】合計500MB/月【音声】合計20分間/月 データ/音声/SMS付きSIMカード 中国SIM マカオSIM China unicom ※こちらのSIMカードは契約後、毎月の基本料が発生いたします。※2024年11月1日から台湾でのご利用はできなくなり"", ""roaming_signal: 【中国ネット制限なし】中国本土での利用の場合はローミング接続を行いますこれにより中国政府のネット規制対象外となり、Google、Facebook、Twitter、Instagram等に接続可能です"", ""insufficient_or_conflicting_signals(local=6, roaming=3)""], ""network_generation"": [""product_info_cellular_4g_lte: source:product_info_cellular: 携帯電話技術 4G-LTE""], ""carrier_support_local"": [""3HK: 【キャリア】 中国：China Telecom 香港：3HK データ通信専用eSIMになります"", ""3HK: 【eSIM取得方法】ご購入後、://jp..mewfi/esim にアクセスし必要事項を入力➡メールアドレスには、説明書のPDFと設定用のQRコードが届きます 🔺お急ぎの方は、お支払い完了後にカスタマーサポート（LINE ID: @014hhnww）にご連絡ください通常、当日中にQRコードを発行でき"", ""3HK: サービスプロバイダ China Unicom/3HK"", ""3HK: Amazon.co.jp: 【中国 香港 eSIM】大容量 2GB/日・高速データ 低速無制限 即日発行可能 China Unicom/3HK キャリア 4G-LTE対応 データ通信専用 中国・ 香港 プリペイド simカード (1日間) : 家電＆カメラ"", ""3HK: 【中国 香港 eSIM】大容量 2GB/日・高速データ 低速無制限 即日発行可能 China Unicom/3HK キャリア 4G-LTE対応 データ通信専用 中国・ 香港 プリペイド simカード (1日間)"", ""3HK: 【中国 香港 eSIM】大容量 2GB/日・高速データ 低速無制限 即日発行可能 China Unicom/3HK キャリア 4G-LTE対応 データ通信専用 中国・ 香港 プリペイド simカード (1日間)"", ""3HK: 【中国 香港 eSIM】大容量 2GB/日・高速データ 低速無制限 即日発行可能 China Unicom/3HK キャリア 4G-LTE対応 データ通信専用 中国・ 香港 プリペイド simカード (1日間)"", ""3HK: Amazon.co.jp: 【中国 香港 eSIM】大容量 2GB/日・高速データ 低速無制限 即日発行可能 China Unicom/3HK キャリア 4G-LTE対応 データ通信専用 中国・ 香港 プリペイド simカード (1日間) : 家電＆カメラ 次に移動 メインコンテンツ この商品につい""], ""review_count"": [""detail_page: (4)""], ""bestseller_rank"": [""Amazon 売れ筋ランキング 家電＆カメラ - 51,073位 ( 家電＆カメラの売れ筋ランキングを見る ) プリペイドSIMカード - 555位""], ""title"": [""【中国 香港 eSIM】大容量 2GB/日・高速データ 低速無制限 即日発行可能 China Unicom/3HK キャリア 4G-LTE対応 データ通信専用 中国・ 香港 プリペイド simカード (1日間)""]}"
amazon_jp,hk,台湾 TAIWAN ESIMプラン 4日間 完全無制限 4G-LTE 高速データ 使い放題 当日発行可能 出発前日本テスト用eSIM500MB 台北 高雄 プリペイドSIM 桃園 esim taiwan sim (4日間完全無制限),1595,254,,,200,,23,4일,4일,30일,local,lte_4g_only,,,"{""cmhk"": null, ""csl"": null, ""smartone"": null, ""three_hk"": null}","{""skt"": null, ""kt"": null, ""lgu"": null}",unlimited,https://www.amazon.co.jp/TAIWAN-ESIM%E3%83%97%E3%83%A9%E3%83%B3-4G-LTE-%E3%83%97%E3%83%AA%E3%83%9A%E3%82%A4%E3%83%89SIM-4%E6%97%A5%E9%96%93%E5%AE%8C%E5%85%A8%E7%84%A1%E5%88%B6%E9%99%90/dp/B0CY1JXCZ7,B0CY1JXCZ7,B0CY1JXCZ7,株式会社ビッグコネクト,bigconnectのストアを表示,"{""price_jpy"": [""￥1,595""], ""usage_validity"": [""台湾 TAIWAN ESIMプラン 4日間 完全無制限 4G-LTE 高速データ 使い放題 当日発行可能 出発前日本テスト用eSIM500MB 台北 高雄 プリペイドSIM 桃園 esim taiwan sim (4日間完全無制限)""], ""activation_validity"": [""【SimCardの有効期限】メールで納品した30日以内にご利用始めてください。該当の商品はEsimcardになります、物理SIMカードを装着するのではなく、スマートフォンやタブレット等の端末内にあらかじめ埋め込まれたチップに、インターネット経由でデータプランを書き込むことができます。物理のSIMが入っていません。""], ""data_amount"": [""【高速データ完全無制限】 通信専用Esimになります。※データ容量無制限。高速データ使い放題※現地時間の00:00-23：59区切りで、カウントされます。""], ""network_type"": [""【現地キャリア利用】台湾で使用できるeSIM、TAIWAN渡航スケジュールに対応する手軽なeSIMカード。キャリア：中華電信 、台湾では信号が広く、ネットワークが安定し、速度が速いです。eSIMのsimカードはプリペイドsimカードと違って、挿入作業不要(iPhone・androidともeSIMのQRコードを読み取って設定後すぐに使えます。）"", ""【T-Mobile純正品】eSIM版 アメリカ ハワイ SIM 7日間【使い放題】【電話番号付き】5G/4G-LTE 高速データ通信/通話/SMS/テザリング 【アメリカ ハワイ 無制限】 プリペイド SIMカード T-Mobile esim 7days"", ""score: local=12, roaming=0""], ""network_generation"": [""product_info_cellular_4g_lte: source:product_info_cellular: 携帯電話技術 LTE""], ""monthly_sold_count"": [""Amazon.co.jp: 台湾 TAIWAN ESIMプラン 4日間 完全無制限 4G-LTE 高速データ 使い放題 当日発行可能 出発前日本テスト用eSIM500MB 台北 高雄 プリペイドSIM 桃園 esim taiwan sim (4日間完全無制限) : 家電＆カメラ 次に移動 メインコンテンツ この商品について この商品について この商品について""], ""review_count"": [""detail_page: (254)""], ""bestseller_rank"": [""Amazon 売れ筋ランキング 家電＆カメラ - 2,410位 ( 家電＆カメラの売れ筋ランキングを見る ) プリペイドSIMカード - 23位""], ""title"": [""台湾 TAIWAN ESIMプラン 4日間 完全無制限 4G-LTE 高速データ 使い放題 当日発行可能 出発前日本テスト用eSIM500MB 台北 高雄 プリペイドSIM 桃園 esim taiwan sim (4日間完全無制限)""]}"
amazon_jp,hk,香港 eSIM | 4日間 | 高速データ無制限使い放題 5G/4G | QRコード 当日発行可 メール登録で即納品即利用可 | LINEサポート | データ通信専用(電話番号なし)| 日本で事前設定OK | テザリング可能 | パスポート情報不要・実名登録なし,1250,211,,,,,547,4일,4일,7일,unknown,5g_capable,,,"{""cmhk"": null, ""csl"": null, ""smartone"": null, ""three_hk"": null}","{""skt"": null, ""kt"": null, ""lgu"": null}",unlimited,https://www.amazon.co.jp/4%E6%97%A5%E9%96%93-%E9%AB%98%E9%80%9F%E3%83%87%E3%83%BC%E3%82%BF%E7%84%A1%E5%88%B6%E9%99%90%E4%BD%BF%E3%81%84%E6%94%BE%E9%A1%8C-%E3%83%A1%E3%83%BC%E3%83%AB%E7%99%BB%E9%8C%B2%E3%81%A7%E5%8D%B3%E7%B4%8D%E5%93%81%E5%8D%B3%E5%88%A9%E7%94%A8%E5%8F%AF-%E6%97%A5%E6%9C%AC%E3%81%A7%E4%BA%8B%E5%89%8D%E8%A8%AD%E5%AE%9AOK-%E3%83%91%E3%82%B9%E3%83%9D%E3%83%BC%E3%83%88%E6%83%85%E5%A0%B1%E4%B8%8D%E8%A6%81%E3%83%BB%E5%AE%9F%E5%90%8D%E7%99%BB%E9%8C%B2%E3%81%AA%E3%81%97/dp/B0F3JXJ58N,B0F3JXJ58N,B0F3JXJ58N,TORA eSIM,TORAのストアを表示,"{""price_jpy"": [""￥1,250""], ""usage_validity"": [""香港 eSIM | 4日間 | 高速データ無制限使い放題 5G/4G | QRコード 当日発行可 メール登録で即納品即利用可 | LINEサポート | データ通信専用(電話番号なし)| 日本で事前設定OK | テザリング可能 | パスポート情報不要・実名登録なし""], ""activation_validity"": [""大中華区SIMカード-中国、香港、マカオ、台湾向けプリペイドデータプラン｜2 GB毎日データ、7日有効期限｜高速4/5 G LTE｜旅行者に最適""], ""data_amount"": [""🐯データ通信🐯 5G/4G/LTE対応の高速データが【無制限】使えます。""], ""network_type"": [""local_signal: 🔺注意事項🔺 利用期限は台湾時間を基準とし、利用開始時間によらず、現地回線に接続した日から、購入プラン日数の23:59(台湾時間)までの暦日制となります。※台湾時間の0時は、日本時間の深夜1時"", ""roaming_signal: 商品の説明 ご利用前に必ずご確認ください！ この商品はeSIMです、物理SIMではありません。eSIM非対応の端末ではご利用できません。 以下の手順でお使いの端末が「eSIM対応端末」と「SIMロックされていない」をご確認ください。 ① eSIM対応端末の確認方法 スマホのダイヤル発信画面で「*#06#」をダイヤルし、デバイス情報に「EID」表示されればご利"", ""insufficient_or_conflicting_signals(local=12, roaming=3)""], ""network_generation"": [""product_info_cellular_5g: source:product_info_cellular: 携帯電話技術 5G,4G LTE""], ""review_count"": [""detail_page: 211""], ""bestseller_rank"": [""Amazon 売れ筋ランキング 家電＆カメラ - 27,827位 ( 家電＆カメラの売れ筋ランキングを見る ) プリペイドSIMカード - 547位""], ""title"": [""香港 eSIM | 4日間 | 高速データ無制限使い放題 5G/4G | QRコード 当日発行可 メール登録で即納品即利用可 | LINEサポート | データ通信専用(電話番号なし)| 日本で事前設定OK | テザリング可能 | パスポート情報不要・実名登録なし""]}"
amazon_jp,hk,中国本土・香港・マカオ SIMカード 4日間 (96時間) 高速データ無制限 SIMピン付き 4G/LTE SIMフリー対応 プリペイドSIMカード LINEで24時間サポート 中国sim (4日間),1680,1,,,,,693,4일,4일,14일,unknown,5g_capable,,,"{""cmhk"": null, ""csl"": true, ""smartone"": null, ""three_hk"": null}","{""skt"": null, ""kt"": null, ""lgu"": null}",unlimited,https://www.amazon.co.jp/%E4%B8%AD%E5%9B%BD%E6%9C%AC%E5%9C%9F%E3%83%BB%E9%A6%99%E6%B8%AF%E3%83%BB%E3%83%9E%E3%82%AB%E3%82%AA-4%E6%97%A5%E9%96%93-%E9%AB%98%E9%80%9F%E3%83%87%E3%83%BC%E3%82%BF%E7%84%A1%E5%88%B6%E9%99%90-%E3%83%97%E3%83%AA%E3%83%9A%E3%82%A4%E3%83%89SIM%E3%82%AB%E3%83%BC%E3%83%89-LINE%E3%81%A724%E6%99%82%E9%96%93%E3%82%B5%E3%83%9D%E3%83%BC%E3%83%88/dp/B0FMJ5N65C,B0FMJ5N65C,B0FMJ5N65C,mewmewホーム eSIM,ＭＥＷＭＥＷホームのストアを表示,"{""price_jpy"": [""￥1,680""], ""usage_validity"": [""中国本土・香港・マカオ SIMカード 4日間 (96時間) 高速データ無制限 SIMピン付き 4G/LTE SIMフリー対応 プリペイドSIMカード LINEで24時間サポート 中国sim (4日間)""], ""activation_validity"": [""【有効期限：2027年5月14日まで】利用予定日を開通予約した後、SIMカードを端末に挿入するだけで簡単アクティベート！有効期限内ならいつでも使えます。プランの日数は24時間を一日とカウントされます。""], ""data_amount"": [""【無制限・高速データ通信】中国本土・マカオ：中華電信 香港：CSL 5G /4G/LTEに対応し、高速データ通信は完全無制限となります。高画質動画の視聴、地図検索、写真や動画のシェアなど、快適なインターネット環境を提供します。中国本土でLINE 、Google Map、Facebook、Twitter、Instagramに接続可能です。""], ""network_type"": [""no_local_or_roaming_keyword_matched""], ""network_generation"": [""product_info_cellular_5g: source:product_info_cellular: 携帯電話技術 4G, 5G"", ""product_info_cellular_4g_lte_signal_present_but_5g_capable_takes_precedence""], ""carrier_support_local"": [""CSL: 【無制限・高速データ通信】中国本土・マカオ：中華電信 香港：CSL 5G /4G/LTEに対応し、高速データ通信は完全無制限となります。高画質動画の視聴、地図検索、写真や動画のシェアなど、快適なインターネット環境を提供します。中国本土でLINE 、Google Map、Facebook、Twitte"", ""CSL: サービスプロバイダ 中華電信, CSL"", ""CSL: Amazon.co.jp: 中国本土・香港・マカオ SIMカード 4日間 (96時間) 高速データ無制限 SIMピン付き 4G/LTE SIMフリー対応 プリペイドSIMカード LINEで24時間サポート 中国sim (4日間) : 家電＆カメラ 次に移動 メインコンテンツ この商品について この商""], ""review_count"": [""detail_page: (1)""], ""bestseller_rank"": [""Amazon 売れ筋ランキング 家電＆カメラ - 68,891位 ( 家電＆カメラの売れ筋ランキングを見る ) プリペイドSIMカード - 693位""], ""title"": [""中国本土・香港・マカオ SIMカード 4日間 (96時間) 高速データ無制限 SIMピン付き 4G/LTE SIMフリー対応 プリペイドSIMカード LINEで24時間サポート 中国sim (4日間)""]}"
amazon_jp,hk,香港・マカオ eSIM | 7日間 | 高速データ無制限使い放題 5G/4G | QRコード 当日発行可 メール登録で即納品即利用可 | LINEサポート | データ通信専用(電話番号なし)| 日本で事前設定OK | テザリング可能 | パスポート情報不要・実名登録なし,1499,211,,,,,263,7일,7일,7일,unknown,5g_capable,,,"{""cmhk"": null, ""csl"": null, ""smartone"": null, ""three_hk"": null}","{""skt"": null, ""kt"": null, ""lgu"": null}",unlimited,https://www.amazon.co.jp/7%E6%97%A5%E9%96%93-%E9%AB%98%E9%80%9F%E3%83%87%E3%83%BC%E3%82%BF%E5%AE%8C%E5%85%A8%E7%84%A1%E5%88%B6%E9%99%90%E4%BD%BF%E3%81%84%E6%94%BE%E9%A1%8C-%E3%83%A1%E3%83%BC%E3%83%AB%E7%99%BB%E9%8C%B2%E3%81%A7%E5%8D%B3%E7%B4%8D%E5%93%81%E5%8D%B3%E5%88%A9%E7%94%A8%E5%8F%AF-%E3%83%87%E3%83%BC%E3%82%BF%E9%80%9A%E4%BF%A1%E5%B0%82%E7%94%A8%EF%BC%88%E9%9B%BB%E8%A9%B1%E7%95%AA%E5%8F%B7%E3%81%AA%E3%81%97%EF%BC%89-sim%E3%83%95%E3%83%AA%E3%83%BC%E7%AB%AF%E6%9C%AB%E3%81%AE%E3%81%BF%E5%AF%BE%E5%BF%9C/dp/B0DC5MQNZK,B0DC5MQNZK,B0DC5MQNZK,TORA eSIM,TORAのストアを表示,"{""price_jpy"": [""￥1,499""], ""usage_validity"": [""香港・マカオ eSIM | 7日間 | 高速データ無制限使い放題 5G/4G | QRコード 当日発行可 メール登録で即納品即利用可 | LINEサポート | データ通信専用(電話番号なし)| 日本で事前設定OK | テザリング可能 | パスポート情報不要・実名登録なし""], ""activation_validity"": [""大中華区SIMカード-中国、香港、マカオ、台湾向けプリペイドデータプラン｜2 GB毎日データ、7日有効期限｜高速4/5 G LTE｜旅行者に最適""], ""data_amount"": [""🐯データ通信🐯 5G/4G/LTE対応の高速データが【無制限】使えます。""], ""network_type"": [""local_signal: 🔺注意事項🔺 利用期限は台湾時間を基準とし、利用開始時間によらず、現地回線に接続した日から、購入プラン日数の23:59(台湾時間)までの暦日制となります。※台湾時間の0時は、日本時間の深夜1時"", ""roaming_signal: 商品の説明 ご利用前に必ずご確認ください！ この商品はeSIMです、物理SIMではありません。eSIM非対応の端末ではご利用できません。 以下の手順でお使いの端末が「eSIM対応端末」と「SIMロックされていない」をご確認ください。 ① eSIM対応端末の確認方法 スマホのダイヤル発信画面で「*#06#」をダイヤルし、デバイス情報に「EID」表示されればご利"", ""insufficient_or_conflicting_signals(local=9, roaming=3)""], ""network_generation"": [""product_info_cellular_5g: source:product_info_cellular: 携帯電話技術 LTE, 5G"", ""product_info_cellular_4g_lte_signal_present_but_5g_capable_takes_precedence""], ""review_count"": [""detail_page: 211""], ""bestseller_rank"": [""Amazon 売れ筋ランキング 家電＆カメラ - 23,220位 ( 家電＆カメラの売れ筋ランキングを見る ) プリペイドSIMカード - 263位""], ""title"": [""香港・マカオ eSIM | 7日間 | 高速データ無制限使い放題 5G/4G | QRコード 当日発行可 メール登録で即納品即利用可 | LINEサポート | データ通信専用(電話番号なし)| 日本で事前設定OK | テザリング可能 | パスポート情報不要・実名登録なし""]}"
amazon_jp,hk,【東南アジア４カ国 eSIM】5日完全無制限 | シンガポール・マレーシア・タイ・インドネシアの4ヵ国利用可能 | DeSiM正規卸 | LINE相談受付中 |データ通信専用（電話番号なし） simフリー端末のみ対応 説明書付 ｜ イーシム (eSIM | 5日完全無制限),2390,53,,,100,,62,5일,5일,10일,local,lte_4g_only,,,"{""cmhk"": null, ""csl"": null, ""smartone"": null, ""three_hk"": null}","{""skt"": null, ""kt"": null, ""lgu"": null}",unlimited,https://www.amazon.co.jp/eSIM%E3%80%915%E6%97%A5%E5%AE%8C%E5%85%A8%E7%84%A1%E5%88%B6%E9%99%90-%E3%82%B7%E3%83%B3%E3%82%AC%E3%83%9D%E3%83%BC%E3%83%AB%E3%83%BB%E3%83%9E%E3%83%AC%E3%83%BC%E3%82%B7%E3%82%A2%E3%83%BB%E3%82%BF%E3%82%A4%E3%83%BB%E3%82%A4%E3%83%B3%E3%83%89%E3%83%8D%E3%82%B7%E3%82%A2%E3%81%AE4%E3%83%B5%E5%9B%BD%E5%88%A9%E7%94%A8%E5%8F%AF%E8%83%BD-%E3%83%87%E3%83%BC%E3%82%BF%E9%80%9A%E4%BF%A1%E5%B0%82%E7%94%A8%EF%BC%88%E9%9B%BB%E8%A9%B1%E7%95%AA%E5%8F%B7%E3%81%AA%E3%81%97%EF%BC%89-eSIM-5%E6%97%A5%E5%AE%8C%E5%85%A8%E7%84%A1%E5%88%B6%E9%99%90/dp/B0CZ12135D,B0CZ12135D,B0CZ12135D,DeSiM,DeSiMのストアを表示,"{""price_jpy"": [""￥2,390""], ""usage_validity"": [""【東南アジア４カ国 eSIM】5日完全無制限 | シンガポール・マレーシア・タイ・インドネシアの4ヵ国利用可能 | DeSiM正規卸 | LINE相談受付中 |データ通信専用（電話番号なし） simフリー端末のみ対応 説明書付 ｜ イーシム (eSIM | 5日完全無制限)""], ""activation_validity"": [""商品の説明 購入前の注意事項 【注意事項】 注意事項①：電 話番号は付与されませんので、ご注意ください。 注意事項②：SIMロックフリー端末、もしくはSIMフリー端末専用のサービスです。必ず、ご利用端末がeSIM対応かどうかご確認ください。 注意事項③：2021年10月1日以前にSIMロック解除をキャリア店頭またはインターネットでされた「Android端末」""], ""data_amount"": [""商品の説明 購入前の注意事項 【注意事項】 注意事項①：電 話番号は付与されませんので、ご注意ください。 注意事項②：SIMロックフリー端末、もしくはSIMフリー端末専用のサービスです。必ず、ご利用端末がeSIM対応かどうかご確認ください。 注意事項③：2021年10月1日以前にSIMロック解除をキャリア店頭またはインターネットでされた「Android端末」""], ""network_type"": [""商品の説明 購入前の注意事項 【注意事項】 注意事項①：電 話番号は付与されませんので、ご注意ください。 注意事項②：SIMロックフリー端末、もしくはSIMフリー端末専用のサービスです。必ず、ご利用端末がeSIM対応かどうかご確認ください。 注意事項③：2021年10月1日以前にSIMロック解除をキャリア店頭またはインターネットでされた「Android端末」"", ""【チョコSIM 定額（Sプラン）】【中国の電話番号付きでアプリや施設サービスのSMS認証が可能】【データ容量】合計500MB/月【音声】合計20分間/月 データ/音声/SMS付きSIMカード 中国SIM マカオSIM China unicom ※こちらのSIMカードは契約後、毎月の基本料が発生いたします。※2024年11月1日から台湾でのご利用はできなくなり"", ""score: local=9, roaming=1""], ""network_generation"": [""product_info_cellular_4g_lte: source:product_info_cellular: 携帯電話技術 LTE""], ""monthly_sold_count"": [""Amazon.co.jp: 【東南アジア４カ国 eSIM】5日完全無制限 | シンガポール・マレーシア・タイ・インドネシアの4ヵ国利用可能 | DeSiM正規卸 | LINE相談受付中 |データ通信専用（電話番号なし） simフリー端末のみ対応 説明書付 ｜ イーシム (eSIM | 5日完全無制限) : 家電＆カメラ 次に移動 メインコンテンツ この商品に""], ""review_count"": [""detail_page: (53)""], ""bestseller_rank"": [""Amazon 売れ筋ランキング 家電＆カメラ - 6,067位 ( 家電＆カメラの売れ筋ランキングを見る ) プリペイドSIMカード - 62位""], ""title"": [""【東南アジア４カ国 eSIM】5日完全無制限 | シンガポール・マレーシア・タイ・インドネシアの4ヵ国利用可能 | DeSiM正規卸 | LINE相談受付中 |データ通信専用（電話番号なし） simフリー端末のみ対応 説明書付 ｜ イーシム (eSIM | 5日完全無制限)""]}"
amazon_jp,hk,【中国・香港・マカオeSIM】15日間 15GB プリペイドeSIM VPN不要 LINE・Google利用可 テザリング可 高速データ 5G/4G-LTE JETSIM,2980,53,,,,,384,15일,15일,30일,unknown,lte_4g_only,,,"{""cmhk"": null, ""csl"": null, ""smartone"": null, ""three_hk"": true}","{""skt"": null, ""kt"": null, ""lgu"": null}",1GB/day,https://www.amazon.co.jp/%E3%83%9E%E3%82%AB%E3%82%AAeSIM%E3%80%9115%E6%97%A5%E9%96%93-%E3%83%87%E3%83%BC%E3%82%BFSIM-%E3%83%97%E3%83%AA%E3%83%9A%E3%82%A4%E3%83%89SIM-%E3%82%B8%E3%82%A7%E3%83%83%E3%83%88%E3%83%A2%E3%83%90%E3%82%A4%E3%83%AB-%E3%83%86%E3%82%B6%E3%83%AA%E3%83%B3%E3%82%B0%E5%8F%AF/dp/B0DDBTHR44,B0DDBTHR44,B0DDBTHR44,ジェスロモバイル,JETSIMのストアを表示,"{""price_jpy"": [""￥2,980""], ""usage_validity"": [""【中国・香港・マカオeSIM】15日間 15GB プリペイドeSIM VPN不要 LINE・Google利用可 テザリング可 高速データ 5G/4G-LTE JETSIM""], ""activation_validity"": [""商品の説明 購入後すぐにeSIMを使えますか？ はい、すぐにご利用いただけます。スムーズにご利用いただくために、申請フォームのご提出をお願いいたします。 eSIMのアクティベーションは必要ですか？ アクティベーションは不要です。eSIMをスマートフォンに追加すれば、現地に到着次第、自動的に接続されます！ 複数の国で利用できるプランは国をまたいで移動する際も、""], ""data_amount"": [""【データ無制限】中国・香港・マカオで15日間 5G/4G-LTE 高速データ15GB、その後2G速度で使い放題。テザリング対応。高速データ1日1GBまで。""], ""network_type"": [""【チョコSIM 定額（Sプラン）】【中国の電話番号付きでアプリや施設サービスのSMS認証が可能】【データ容量】合計500MB/月【音声】合計20分間/月 データ/音声/SMS付きSIMカード 中国SIM マカオSIM China unicom ※こちらのSIMカードは契約後、毎月の基本料が発生いたします。※2024年11月1日から台湾でのご利用はできなくなり"", ""【SKTelecoｍ公式認証】 韓国eSIM 3日間 (72時間) 電話番号付き 超高速データ無制限 最初の5分発信無料(韓国国内) お急ぎの方即時発行可(LINE相談受付中) 有効期限／ご購入日より120日以内 現地空港サポート(SKTelecomローミングセンター) SKテレコム正規品 韓国SIMカードタイプではありません"", ""score: local=6, roaming=0"", ""local_claim_refers_to:cn""], ""network_generation"": [""product_info_cellular_4g_lte: source:product_info_cellular: 携帯電話技術 LTE""], ""carrier_support_local"": [""3HK: 【高品質回線】 大手通信キャリア回線を使用。広範囲で安定した快適な通信を提供。中国：中国聯通（China Unicom）回線。香港：3HK回線。マカオ：CTM回線。""], ""review_count"": [""detail_page: 53""], ""bestseller_rank"": [""Amazon 売れ筋ランキング 家電＆カメラ - 34,852位 ( 家電＆カメラの売れ筋ランキングを見る ) プリペイドSIMカード - 384位""], ""title"": [""【中国・香港・マカオeSIM】15日間 15GB プリペイドeSIM VPN不要 LINE・Google利用可 テザリング可 高速データ 5G/4G-LTE JETSIM""]}"
amazon_jp,hk,中国・香港・マカオ・台湾対応 eSIM 7日間 10GB【当日発行・メール送信】高速5G/4G LTE・テザリング可能 簡単QRコード設定 LINE相談受付中 データ通信専用（音声通話なし）SIMカード不要・契約不要,1899,10,,,,,2095,7일,7일,7일,unknown,5g_capable,,,"{""cmhk"": null, ""csl"": null, ""smartone"": null, ""three_hk"": null}","{""skt"": null, ""kt"": null, ""lgu"": null}",10GB,https://www.amazon.co.jp/%E4%B8%AD%E5%9B%BD%E3%83%BB%E9%A6%99%E6%B8%AF%E3%83%BB%E3%83%9E%E3%82%AB%E3%82%AA%E5%AF%BE%E5%BF%9C-10GB%E3%80%90%E5%BD%93%E6%97%A5%E7%99%BA%E8%A1%8C%E3%83%BB%E3%83%A1%E3%83%BC%E3%83%AB%E9%80%81%E4%BF%A1%E3%80%91%E9%AB%98%E9%80%9F5G-LTE%E3%83%BB%E3%83%86%E3%82%B6%E3%83%AA%E3%83%B3%E3%82%B0%E5%8F%AF%E8%83%BD-%E7%B0%A1%E5%8D%98QR%E3%82%B3%E3%83%BC%E3%83%89%E8%A8%AD%E5%AE%9A-%E3%83%87%E3%83%BC%E3%82%BF%E9%80%9A%E4%BF%A1%E5%B0%82%E7%94%A8%EF%BC%88%E9%9F%B3%E5%A3%B0%E9%80%9A%E8%A9%B1%E3%81%AA%E3%81%97%EF%BC%89SIM%E3%82%AB%E3%83%BC%E3%83%89%E4%B8%8D%E8%A6%81%E3%83%BB%E5%A5%91%E7%B4%84%E4%B8%8D%E8%A6%81/dp/B0FT7ZG12X,B0FT7ZG12X,B0FT7ZG12X,umacaroon,ブランド: ＵＲＯＺＥＴＴＡ,"{""price_jpy"": [""￥1,899""], ""usage_validity"": [""中国・香港・マカオ・台湾対応 eSIM 7日間 10GB【当日発行・メール送信】高速5G/4G LTE・テザリング可能 簡単QRコード設定 LINE相談受付中 データ通信専用（音声通話なし）SIMカード不要・契約不要""], ""activation_validity"": [""中国・香港・マカオ・台湾対応 eSIM 7日間 10GB【当日発行・メール送信】高速5G/4G LTE・テザリング可能 簡単QRコード設定 LINE相談受付中 データ通信専用（音声通話なし）SIMカード不要・契約不要""], ""data_amount"": [""【中国本土・香港・マカオ・台湾eSIMカード】アクティベート後、7日間で10GBの高速4G LTE通信をご利用いただけます。ホットスポット機能により複数端末の接続も可能です。QRコードから事前インストールが行えます。現地到着後、データローミングをオンにするだけで、すぐにインターネットをご利用いただけます。 *ご注意：有効期間は現地ネットワークに初回接続した時""], ""network_type"": [""local_signal: 【VPN不要で、安定・高速な4G通信環境】中国本土・香港・マカオで、台湾高速かつ安定した5G/4Gネットワークをご利用いただけます。Google Maps、LINE、Instagram、YouTube、ChatGPT（※TikTokは非対応）などの主要アプリやウェブサイトに、現地回線の制限を受けることなく簡単にアクセス可能。ビジネス出張でも観光でも、途切れな"", ""roaming_signal: 【中国本土・香港・マカオ・台湾eSIMカード】アクティベート後、7日間で10GBの高速4G LTE通信をご利用いただけます。ホットスポット機能により複数端末の接続も可能です。QRコードから事前インストールが行えます。現地到着後、データローミングをオンにするだけで、すぐにインターネットをご利用いただけます。 *ご注意：有効期間は現地ネットワークに初回接続した時"", ""insufficient_or_conflicting_signals(local=3, roaming=6)""], ""network_generation"": [""product_info_cellular_5g: source:product_info_cellular: 携帯電話技術 5G/4G LTE""], ""review_count"": [""detail_page: (10)""], ""bestseller_rank"": [""Amazon 売れ筋ランキング 家電＆カメラ - 263,889位 ( 家電＆カメラの売れ筋ランキングを見る ) プリペイドSIMカード - 2,095位""], ""title"": [""中国・香港・マカオ・台湾対応 eSIM 7日間 10GB【当日発行・メール送信】高速5G/4G LTE・テザリング可能 簡単QRコード設定 LINE相談受付中 データ通信専用（音声通話なし）SIMカード不要・契約不要""]}"
amazon_jp,hk,【香港・マカオ eSIM】5日間 高速無制限 データ通信専用（電話番号なし） 5G/4G-LTE対応 当日発行可能 説明書付き LINEで24時間サポート 香港SIM マカオSIM MEWMEWホーム (5日間),1880,6,,,,,748,5일,5일,5일,local,5g_capable,,,"{""cmhk"": null, ""csl"": null, ""smartone"": null, ""three_hk"": null}","{""skt"": null, ""kt"": null, ""lgu"": null}",unlimited,https://www.amazon.co.jp/eSIM%E3%80%915%E6%97%A5%E9%96%93-%E3%83%87%E3%83%BC%E3%82%BF%E9%80%9A%E4%BF%A1%E5%B0%82%E7%94%A8%EF%BC%88%E9%9B%BB%E8%A9%B1%E7%95%AA%E5%8F%B7%E3%81%AA%E3%81%97%EF%BC%89-LINE%E3%81%A724%E6%99%82%E9%96%93%E3%82%B5%E3%83%9D%E3%83%BC%E3%83%88-MEWMEW%E3%83%9B%E3%83%BC%E3%83%A0-5%E6%97%A5%E9%96%93/dp/B0F212285X,B0F212285X,B0F212285X,mewmewホーム eSIM,ＭＥＷＭＥＷホームのストアを表示,"{""price_jpy"": [""￥1,880""], ""usage_validity"": [""【香港・マカオ eSIM】5日間 高速無制限 データ通信専用（電話番号なし） 5G/4G-LTE対応 当日発行可能 説明書付き LINEで24時間サポート 香港SIM マカオSIM MEWMEWホーム (5日間)""], ""activation_validity"": [""【香港・マカオ eSIM】5日間 高速無制限 データ通信専用（電話番号なし） 5G/4G-LTE対応 当日発行可能 説明書付き LINEで24時間サポート 香港SIM マカオSIM MEWMEWホーム (5日間)""], ""data_amount"": [""【高速データ無制限】香港・マカオで高速データ通信が完全無制限で利用可能です。高画質動画の視聴、地図検索、写真や動画のシェアなど、快適なインターネット環境を提供します。""], ""network_type"": [""【チョコSIM 定額（Sプラン）】【中国の電話番号付きでアプリや施設サービスのSMS認証が可能】【データ容量】合計500MB/月【音声】合計20分間/月 データ/音声/SMS付きSIMカード 中国SIM マカオSIM China unicom ※こちらのSIMカードは契約後、毎月の基本料が発生いたします。※2024年11月1日から台湾でのご利用はできなくなり"", ""【SKTelecoｍ公式認証】 韓国eSIM 3日間 (72時間) 電話番号付き 超高速データ無制限 最初の5分発信無料(韓国国内) お急ぎの方即時発行可(LINE相談受付中) 有効期限／ご購入日より120日以内 現地空港サポート(SKTelecomローミングセンター) SKテレコム正規品 韓国SIMカードタイプではありません"", ""score: local=6, roaming=0""], ""network_generation"": [""product_info_cellular_5g: source:product_info_cellular: 携帯電話技術 LTE, 5G"", ""product_info_cellular_4g_lte_signal_present_but_5g_capable_takes_precedence""], ""review_count"": [""detail_page: (6)""], ""bestseller_rank"": [""Amazon 売れ筋ランキング 家電＆カメラ - 75,705位 ( 家電＆カメラの売れ筋ランキングを見る ) プリペイドSIMカード - 748位""], ""title"": [""【香港・マカオ eSIM】5日間 高速無制限 データ通信専用（電話番号なし） 5G/4G-LTE対応 当日発行可能 説明書付き LINEで24時間サポート 香港SIM マカオSIM MEWMEWホーム (5日間)""]}"
amazon_jp,hk,【香港・マカオ eSIM】4日間 3GB（コスパ重視） DeSiM正規卸 | LINE相談受付中 | データ通信専用（電話番号なし） | simフリー端末のみ対応 説明書付 イーシム DeSiM,1250,7,,,,,1120,4일,4일,4일,local,lte_4g_only,,,"{""cmhk"": null, ""csl"": null, ""smartone"": null, ""three_hk"": null}","{""skt"": null, ""kt"": null, ""lgu"": null}",3GB,https://www.amazon.co.jp/3GB%EF%BC%88%E3%82%B3%E3%82%B9%E3%83%91%E9%87%8D%E8%A6%96%EF%BC%89-LINE%E7%9B%B8%E8%AB%87%E5%8F%97%E4%BB%98%E4%B8%AD%EF%BD%9C%E5%BD%93%E6%97%A5%E7%99%BA%E8%A1%8C%E5%8F%AF%E8%83%BD-%E3%83%87%E3%83%BC%E3%82%BF%E9%80%9A%E4%BF%A1%E5%B0%82%E7%94%A8%EF%BC%88%E9%9B%BB%E8%A9%B1%E7%95%AA%E5%8F%B7%E3%81%AA%E3%81%97%EF%BC%89-sim%E3%83%95%E3%83%AA%E3%83%BC%E7%AB%AF%E6%9C%AB%E3%81%AE%E3%81%BF%E5%AF%BE%E5%BF%9C-DeSiM/dp/B0F1DYXVWP,B0F1DYXVWP,B0F1DYXVWP,DeSiM,DeSiMのストアを表示,"{""price_jpy"": [""￥1,250""], ""usage_validity"": [""【香港・マカオ eSIM】4日間 3GB（コスパ重視） DeSiM正規卸 | LINE相談受付中 | データ通信専用（電話番号なし） | simフリー端末のみ対応 説明書付 イーシム DeSiM""], ""activation_validity"": [""【香港・マカオ eSIM】4日間 3GB（コスパ重視） DeSiM正規卸 | LINE相談受付中 | データ通信専用（電話番号なし） | simフリー端末のみ対応 説明書付 イーシム DeSiM""], ""data_amount"": [""【香港・マカオ eSIM】4日間 3GB（コスパ重視） DeSiM正規卸 | LINE相談受付中｜ データ通信専用（電話番号なし） | simフリー端末のみ対応 説明書付 イーシム DeSiM""], ""network_type"": [""【T-Mobile純正品】eSIM版 アメリカ ハワイ SIM 7日間【使い放題】【電話番号付き】5G/4G-LTE 高速データ通信/通話/SMS/テザリング 【アメリカ ハワイ 無制限】 プリペイド SIMカード T-Mobile esim 7days"", ""【チョコSIM 定額（Sプラン）】【中国の電話番号付きでアプリや施設サービスのSMS認証が可能】【データ容量】合計500MB/月【音声】合計20分間/月 データ/音声/SMS付きSIMカード 中国SIM マカオSIM China unicom ※こちらのSIMカードは契約後、毎月の基本料が発生いたします。※2024年11月1日から台湾でのご利用はできなくなり"", ""score: local=9, roaming=0""], ""network_generation"": [""product_info_cellular_4g_lte: source:product_info_cellular: 携帯電話技術 LTE""], ""review_count"": [""detail_page: (7)""], ""bestseller_rank"": [""Amazon 売れ筋ランキング 家電＆カメラ - 129,508位 ( 家電＆カメラの売れ筋ランキングを見る ) プリペイドSIMカード - 1,120位""], ""title"": [""【香港・マカオ eSIM】4日間 3GB（コスパ重視） DeSiM正規卸 | LINE相談受付中 | データ通信専用（電話番号なし） | simフリー端末のみ対応 説明書付 イーシム DeSiM""]}"
amazon_jp,hk,中国本土・香港 周遊 eSIM | 10日間5GB | 高速データ 5G/4G | QRコード 当日発行 メール登録で即納品即利用 | 中国ネット規制対象外 | 中国でもGoogle、LINE、YouTubeなどVPNなしで利用可能 | LINEサポート | データ通信専用(電話番号なし)| 日本で事前設定OK | テザリング可能 | パスポート情報不要・実名登録なし,1399,49,,,,,251,10일,10일,10일,unknown,5g_capable,,,"{""cmhk"": null, ""csl"": null, ""smartone"": null, ""three_hk"": null}","{""skt"": null, ""kt"": null, ""lgu"": null}",5GB,https://www.amazon.co.jp/10%E6%97%A5%E9%96%935GB-%E3%83%A1%E3%83%BC%E3%83%AB%E7%99%BB%E9%8C%B2%E3%81%A7%E5%8D%B3%E7%B4%8D%E5%93%81%E5%8D%B3%E5%88%A9%E7%94%A8-%E4%B8%AD%E5%9B%BD%E3%83%8D%E3%83%83%E3%83%88%E8%A6%8F%E5%88%B6%E5%AF%BE%E8%B1%A1%E5%A4%96-%E4%B8%AD%E5%9B%BD%E3%81%A7%E3%82%82Google%E3%80%81LINE%E3%80%81YouTube%E3%81%AA%E3%81%A9VPN%E3%81%AA%E3%81%97%E3%81%A7%E5%88%A9%E7%94%A8%E5%8F%AF%E8%83%BD-%E3%83%91%E3%82%B9%E3%83%9D%E3%83%BC%E3%83%88%E6%83%85%E5%A0%B1%E4%B8%8D%E8%A6%81%E3%83%BB%E5%AE%9F%E5%90%8D%E7%99%BB%E9%8C%B2%E3%81%AA%E3%81%97/dp/B0F3PF5VGG,B0F3PF5VGG,B0F3PF5VGG,TORA eSIM,TORAのストアを表示,"{""price_jpy"": [""￥1,399""], ""usage_validity"": [""中国本土・香港 周遊 eSIM | 10日間5GB | 高速データ 5G/4G | QRコード 当日発行 メール登録で即納品即利用 | 中国ネット規制対象外 | 中国でもGoogle、LINE、YouTubeなどVPNなしで利用可能 | LINEサポート | データ通信専用(電話番号なし)| 日本で事前設定OK | テザリング可能 | パスポート情報不要・実""], ""activation_validity"": [""中国本土・香港 周遊 eSIM | 10日間5GB | 高速データ 5G/4G | QRコード 当日発行 メール登録で即納品即利用 | 中国ネット規制対象外 | 中国でもGoogle、LINE、YouTubeなどVPNなしで利用可能 | LINEサポート | データ通信専用(電話番号なし)| 日本で事前設定OK | テザリング可能 | パスポート情報不要・実""], ""data_amount"": [""🐯データ通信🐯 5G/4G/LTE対応の高速データが【10日間5GB】使えます。※超過後は期間終了まで低速(128kbps)使い放題""], ""network_type"": [""local_signal: 🔺注意事項🔺 利用期限は台湾時間を基準とし、利用開始時間によらず、現地回線に接続した日から、購入プラン日数の23:59(台湾時間)までの暦日制となります。※台湾時間の0時は、日本時間の深夜1時"", ""roaming_signal: 商品の説明 ご利用前に必ずご確認ください！ この商品はeSIMです、物理SIMではありません。eSIM非対応の端末ではご利用できません。 以下の手順でお使いの端末が「eSIM対応端末」と「SIMロックされていない」をご確認ください。 ① eSIM対応端末の確認方法 スマホのダイヤル発信画面で「*#06#」をダイヤルし、デバイス情報に「EID」表示されればご利"", ""insufficient_or_conflicting_signals(local=9, roaming=3)""], ""network_generation"": [""product_info_cellular_5g: source:product_info_cellular: 携帯電話技術 5G,4G LTE""], ""review_count"": [""detail_page: 49""], ""bestseller_rank"": [""Amazon 売れ筋ランキング 家電＆カメラ - 22,560位 ( 家電＆カメラの売れ筋ランキングを見る ) プリペイドSIMカード - 251位""], ""title"": [""中国本土・香港 周遊 eSIM | 10日間5GB | 高速データ 5G/4G | QRコード 当日発行 メール登録で即納品即利用 | 中国ネット規制対象外 | 中国でもGoogle、LINE、YouTubeなどVPNなしで利用可能 | LINEサポート | データ通信専用(電話番号なし)| 日本で事前設定OK | テザリング可能 | パスポート情報不要・実名登録なし""]}"
amazon_jp,hk,【Almond SIM】アジア周遊37地域 10日間6GB 中国・韓国・台湾・香港・シンガポール対応 プリペイドSIM 24時間日本語サポート [並行輸入品],3280,4,,,,,821,10일,10일,10일,unknown,5g_capable,,,"{""cmhk"": null, ""csl"": null, ""smartone"": null, ""three_hk"": null}","{""skt"": null, ""kt"": null, ""lgu"": null}",6GB,https://www.amazon.co.jp/%E3%80%90Almond-SIM%E3%80%91%E3%82%A2%E3%82%B8%E3%82%A2%E5%91%A8%E9%81%8A37%E5%9C%B0%E5%9F%9F-%E4%B8%AD%E5%9B%BD%E3%83%BB%E9%9F%93%E5%9B%BD%E3%83%BB%E5%8F%B0%E6%B9%BE%E3%83%BB%E9%A6%99%E6%B8%AF%E3%83%BB%E3%82%B7%E3%83%B3%E3%82%AC%E3%83%9D%E3%83%BC%E3%83%AB%E5%AF%BE%E5%BF%9C-%E3%83%97%E3%83%AA%E3%83%9A%E3%82%A4%E3%83%89SIM-24%E6%99%82%E9%96%93%E6%97%A5%E6%9C%AC%E8%AA%9E%E3%82%B5%E3%83%9D%E3%83%BC%E3%83%88/dp/B0HJPG9ZQ3,B0HJPG9ZQ3,B0HJPG9ZQ3,株式会社ビッグコネクト,bigconnectのストアを表示,"{""price_jpy"": [""￥3,280""], ""usage_validity"": [""【Almond SIM】アジア周遊37地域 10日間6GB 中国・韓国・台湾・香港・シンガポール対応 プリペイドSIM 24時間日本語サポート [並行輸入品]""], ""activation_validity"": [""【Almond SIM】アジア周遊37地域 10日間6GB 中国・韓国・台湾・香港・シンガポール対応 プリペイドSIM 24時間日本語サポート [並行輸入品]""], ""data_amount"": [""【高速データ通信6GB】 利用期間中、合計6GBまで高速データ通信をご利用いただけます。6GBを使い切った後も、利用期間終了まで最大128kbpsで通信可能です。追加チャージをしなくても継続してインターネットを利用できます。【対応端末条件】商品を利用出来るのはSIMフリーのスマートフォンとなりますので、 SIMロックされている機器はご利用できません。また、キ""], ""network_type"": [""roaming_signal: 【海外37地域】 アジア、中東、オセアニアなど37の国・地域で利用できるTrueMove Hの海外ローミング対応プリペイドSIMカードです。複数の国や地域を周遊する旅行、出張、留学にも便利です。"", ""insufficient_or_conflicting_signals(local=0, roaming=1)""], ""network_generation"": [""product_info_cellular_5g: source:product_info_cellular: 携帯電話技術 5G 4G-Lte""], ""review_count"": [""detail_page: (4)""], ""bestseller_rank"": [""Amazon 売れ筋ランキング 家電＆カメラ - 86,926位 ( 家電＆カメラの売れ筋ランキングを見る ) プリペイドSIMカード - 821位""], ""title"": [""【Almond SIM】アジア周遊37地域 10日間6GB 中国・韓国・台湾・香港・シンガポール対応 プリペイドSIM 24時間日本語サポート [並行輸入品]""]}"
amazon_jp,hk,【中国・香港・マカオ eSIM】プリペイド sim 高速データ無制限 低速なし 海外旅行 当日利用可能 説明書付 LINEで年中無休 24時間サポート 中国 sim 香港 sim マカオ sim way2esim (4日間 無制限),1780,29,,,,,1517,4일,4일,90일,unknown,lte_4g_only,,,"{""cmhk"": null, ""csl"": null, ""smartone"": null, ""three_hk"": null}","{""skt"": null, ""kt"": null, ""lgu"": null}",unlimited,https://www.amazon.co.jp/%E3%80%90%E4%B8%AD%E5%9B%BD%E3%83%BB%E9%A6%99%E6%B8%AF%E3%83%BB%E3%83%9E%E3%82%AB%E3%82%AA-%E9%AB%98%E9%80%9F%E3%83%87%E3%83%BC%E3%82%BF%E7%84%A1%E5%88%B6%E9%99%90-LINE%E3%81%A7%E5%B9%B4%E4%B8%AD%E7%84%A1%E4%BC%91-24%E6%99%82%E9%96%93%E3%82%B5%E3%83%9D%E3%83%BC%E3%83%88-way2esim/dp/B0GJD7RDKB,B0GJD7RDKB,B0GJD7RDKB,eSIM株式会社,way2esimのストアを表示,"{""price_jpy"": [""￥1,780""], ""usage_validity"": [""【中国・香港・マカオ eSIM】プリペイド sim 高速データ無制限 低速なし 海外旅行 当日利用可能 説明書付 LINEで年中無休 24時間サポート 中国 sim 香港 sim マカオ sim way2esim (4日間 無制限)""], ""activation_validity"": [""【有効期限】メールで納品した90日以内にご利用始めてください。旅行予定が未定でも、必要なタイミングでいつでも利用開始できます。""], ""data_amount"": [""【高速データ無制限】このeSIMは、中国本土、香港とマカオで回線に接続し、高速データを無制限でご利用いただけます。SNSやウェブの閲覧など、さまざまなインターネットサービスを高速かつ無制限でご利用いただけます。""], ""network_type"": [""no_local_or_roaming_keyword_matched""], ""network_generation"": [""product_info_cellular_4g_lte: source:product_info_cellular: 携帯電話技術 4G LTE""], ""review_count"": [""detail_page: (29)""], ""bestseller_rank"": [""Amazon 売れ筋ランキング 家電＆カメラ - 187,879位 ( 家電＆カメラの売れ筋ランキングを見る ) プリペイドSIMカード - 1,517位""], ""title"": [""【中国・香港・マカオ eSIM】プリペイド sim 高速データ無制限 低速なし 海外旅行 当日利用可能 説明書付 LINEで年中無休 24時間サポート 中国 sim 香港 sim マカオ sim way2esim (4日間 無制限)""]}"
amazon_jp,hk,【Almond eSIM】中国 esim 高速データ通信 完全無制限 当日発行可能 中国ネット規制対象外 中国でもGoogle、LINE、YouTubeなどVPNなしで利用可能 出発前の接続テスト用 日本国内500MB eSIM付 24時間サポート 4G-LTE対応 プリペイド ESIMプラン China 上海 北京 simカード(4日間完全無制限),1786,37,,,50,,,4일,4일,,unknown,lte_4g_only,,,"{""cmhk"": null, ""csl"": null, ""smartone"": null, ""three_hk"": null}","{""skt"": null, ""kt"": null, ""lgu"": null}",unlimited,https://www.amazon.co.jp/%E4%B8%AD%E5%9B%BD%E3%83%8D%E3%83%83%E3%83%88%E8%A6%8F%E5%88%B6%E5%AF%BE%E8%B1%A1%E5%A4%96-%E4%B8%AD%E5%9B%BD%E3%81%A7%E3%82%82Google%E3%80%81LINE%E3%80%81YouTube%E3%81%AA%E3%81%A9VPN%E3%81%AA%E3%81%97%E3%81%A7%E5%88%A9%E7%94%A8%E5%8F%AF%E8%83%BD-24%E6%99%82%E9%96%93%E3%82%B5%E3%83%9D%E3%83%BC%E3%83%88-4G-LTE%E5%AF%BE%E5%BF%9C-4%E6%97%A5%E9%96%93%E5%AE%8C%E5%85%A8%E7%84%A1%E5%88%B6%E9%99%90/dp/B0DR1NNK1R,B0DR1NNK1R,B0DR1NNK1R,株式会社ビッグコネクト,bigconnectのストアを表示,"{""price_jpy"": [""￥1,786""], ""usage_validity"": [""【Almond eSIM】中国 esim 高速データ通信 完全無制限 当日発行可能 中国ネット規制対象外 中国でもGoogle、LINE、YouTubeなどVPNなしで利用可能 出発前の接続テスト用 日本国内500MB eSIM付 24時間サポート 4G-LTE対応 プリペイド ESIMプラン China 上海 北京 simカード(4日間完全無制限)""], ""data_amount"": [""【データプラン】データ通信専用のeSIMです。※高速データ容量は無制限。完全使い放題プラン、中国ネット規制対象外 中国でもGoogle、LINE、YouTubeなどVPNなしで利用可能、本人確認やSIMカード認証は不要で、当日に発行が可能です。""], ""network_type"": [""no_local_or_roaming_keyword_matched""], ""network_generation"": [""title_4g_lte: source:title: 【Almond eSIM】中国 esim 高速データ通信 完全無制限 当日発行可能 中国ネット規制対象外 中国でもGoogle、LINE、YouTubeなどVPNなしで利用可能 出発前の接続テスト用 日本国内500MB eSIM付 24時間サポート 4G-LTE対応 プリペイド ESIMプラン China 上海 北京 simカード""], ""monthly_sold_count"": [""Amazon.co.jp: 【Almond eSIM】中国 esim 高速データ通信 完全無制限 当日発行可能 中国ネット規制対象外 中国でもGoogle、LINE、YouTubeなどVPNなしで利用可能 出発前の接続テスト用 日本国内500MB eSIM付 24時間サポート 4G-LTE対応 プリペイド ESIMプラン China 上海 北京 simカード""], ""review_count"": [""detail_page: (37)""], ""title"": [""【Almond eSIM】中国 esim 高速データ通信 完全無制限 当日発行可能 中国ネット規制対象外 中国でもGoogle、LINE、YouTubeなどVPNなしで利用可能 出発前の接続テスト用 日本国内500MB eSIM付 24時間サポート 4G-LTE対応 プリペイド ESIMプラン China 上海 北京 simカード(4日間完全無制限)""]}"
amazon_jp,hk,中国 sim｜10日間 10GB高速データ通信 低速無制限｜中国本土・香港・マカオ対応｜Google/LINE/YouTube利用可｜契約・本人確認不要｜24時間多言語サポート 香港 sim 中国 simカード,1380,7,,,,,833,10일,10일,10일,roaming,5g_capable,,,"{""cmhk"": null, ""csl"": null, ""smartone"": null, ""three_hk"": true}","{""skt"": null, ""kt"": null, ""lgu"": null}",10GB,https://www.amazon.co.jp/sim%EF%BD%9C7%E6%97%A5%E9%96%93-10GB%E9%AB%98%E9%80%9F%E3%83%87%E3%83%BC%E3%82%BF%E9%80%9A%E4%BF%A1-%E4%BD%8E%E9%80%9F%E7%84%A1%E5%88%B6%E9%99%90%EF%BD%9C%E4%B8%AD%E5%9B%BD%E6%9C%AC%E5%9C%9F%E3%83%BB%E9%A6%99%E6%B8%AF%E3%83%BB%E3%83%9E%E3%82%AB%E3%82%AA%E5%AF%BE%E5%BF%9C%EF%BD%9Csim%E3%82%AB%E3%83%BC%E3%83%89%EF%BD%9CGoogle-YouTube%E5%88%A9%E7%94%A8%E5%8F%AF%EF%BD%9C%E5%AE%9F%E5%90%8D%E7%99%BB%E9%8C%B2%E4%B8%8D%E8%A6%81%EF%BD%9C24%E6%99%82%E9%96%93%E5%A4%9A%E8%A8%80%E8%AA%9E%E3%82%B5%E3%83%9D%E3%83%BC%E3%83%88-10%E6%97%A5%E9%96%93%E3%83%BB10GB/dp/B0FTM63V5J,B0FTM63V5J,B0FTM63V5J,Global eSIMshop,ブランド: PLUG TO GO,"{""price_jpy"": [""￥1,380""], ""usage_validity"": [""中国 sim｜10日間 10GB高速データ通信 低速無制限｜中国本土・香港・マカオ対応｜Google/LINE/YouTube利用可｜契約・本人確認不要｜24時間多言語サポート 香港 sim 中国 simカード""], ""activation_validity"": [""中国 sim｜10日間 10GB高速データ通信 低速無制限｜中国本土・香港・マカオ対応｜Google/LINE/YouTube利用可｜契約・本人確認不要｜24時間多言語サポート 香港 sim 中国 simカード""], ""data_amount"": [""【高速データ】 データ通信専用プリペイドSIM。中国大陸・香港・マカオで利用可能。利用開始から7日間で合計10GBの高速データ通信が利用できます。10GBを超過した場合も、最大128kbpsの低速通信が無制限でご利用可能。本人確認やSIM登録は不要です。""], ""network_type"": [""【中国ネット規制なし】 中国本土では香港回線をローミング利用するため、中国政府のネット規制対象外。Google、LINE、Facebook、Twitter、YouTube、Instagramなど主要サービスがVPN不要でそのままご利用いただけます。"", ""【高速データ】 データ通信専用プリペイドSIM。中国大陸・香港・マカオで利用可能。利用開始から7日間で合計10GBの高速データ通信が利用できます。10GBを超過した場合も、最大128kbpsの低速通信が無制限でご利用可能。本人確認やSIM登録は不要です。 【中国ネット規制なし】 中国本土では香港回線をローミング利用するため、中国政府のネット規制対象外。Goo"", ""score: local=0, roaming=3""], ""network_generation"": [""product_info_cellular_5g: source:product_info_cellular: 携帯電話技術 5G/4G""], ""carrier_support_local"": [""3HK: 【対応端末】SIMフリー／SIMロック解除済みスマートフォン専用。タブレット・PC・Wi-Fiルーターではご利用いただけません。標準／micro／nano SIMサイズに対応。 キャリア：中国：中国電信（China Telecom）／香港：3HK／マカオ：CTM。"", ""3HK: 【高速データ】 データ通信専用プリペイドSIM。中国大陸・香港・マカオで利用可能。利用開始から7日間で合計10GBの高速データ通信が利用できます。10GBを超過した場合も、最大128kbpsの低速通信が無制限でご利用可能。本人確認やSIM登録は不要です。 【中国ネット規制なし】 中国本土では香港回線"", ""3HK: サービスプロバイダ China Telecom/3HK/CTM"", ""3HK: Amazon.co.jp: 中国 sim｜10日間 10GB高速データ通信 低速無制限｜中国本土・香港・マカオ対応｜Google/LINE/YouTube利用可｜契約・本人確認不要｜24時間多言語サポート 香港 sim 中国 simカード : 家電＆カメラ 次に移動 メインコンテンツ この商品につい""], ""review_count"": [""detail_page: (7)""], ""bestseller_rank"": [""Amazon 売れ筋ランキング 家電＆カメラ - 88,203位 ( 家電＆カメラの売れ筋ランキングを見る ) プリペイドSIMカード - 833位""], ""title"": [""中国 sim｜10日間 10GB高速データ通信 低速無制限｜中国本土・香港・マカオ対応｜Google/LINE/YouTube利用可｜契約・本人確認不要｜24時間多言語サポート 香港 sim 中国 simカード""]}"
amazon_jp,hk,中国 sim card 香港 マカオにも使える 高速データ通信 中国ネット規制対象外 中国でもGoogle、LINE、YouTubeなどVPNなしで利用可能 プリペイド SIMカード (8日間5GB),1480,65,,,,,648,8일,8일,8일,unknown,lte_4g_only,,,"{""cmhk"": null, ""csl"": null, ""smartone"": null, ""three_hk"": true}","{""skt"": null, ""kt"": null, ""lgu"": null}",5GB,https://www.amazon.co.jp/%E3%83%9E%E3%82%AB%E3%82%AA%E3%81%AB%E3%82%82%E4%BD%BF%E3%81%88%E3%82%8B-%E9%AB%98%E9%80%9F%E3%83%87%E3%83%BC%E3%82%BF%E9%80%9A%E4%BF%A1-%E4%B8%AD%E5%9B%BD%E3%83%8D%E3%83%83%E3%83%88%E8%A6%8F%E5%88%B6%E5%AF%BE%E8%B1%A1%E5%A4%96-%E4%B8%AD%E5%9B%BD%E3%81%A7%E3%82%82Google%E3%80%81LINE%E3%80%81YouTube%E3%81%AA%E3%81%A9VPN%E3%81%AA%E3%81%97%E3%81%A7%E5%88%A9%E7%94%A8%E5%8F%AF%E8%83%BD-8%E6%97%A5%E9%96%935GB/dp/B0CCXV4KMP,B0CCXV4KMP,B0CCXV4KMP,株式会社ビッグコネクト,bigconnectのストアを表示,"{""price_jpy"": [""￥1,480""], ""usage_validity"": [""中国 sim card 香港 マカオにも使える 高速データ通信 中国ネット規制対象外 中国でもGoogle、LINE、YouTubeなどVPNなしで利用可能 プリペイド SIMカード (8日間5GB)""], ""activation_validity"": [""中国 sim card 香港 マカオにも使える 高速データ通信 中国ネット規制対象外 中国でもGoogle、LINE、YouTubeなどVPNなしで利用可能 プリペイド SIMカード (8日間5GB)""], ""data_amount"": [""【安定した高速通信】中国 香港 マカオ で利用可能なプリペイドSIMカード。安定した4G-lte高速データ通信。※データ容量：8日間5GB高速定額4G‐LTEデータ。5GBを超えると、通信が止まります。""], ""network_type"": [""【チョコSIM 定額（Sプラン）】【中国の電話番号付きでアプリや施設サービスのSMS認証が可能】【データ容量】合計500MB/月【音声】合計20分間/月 データ/音声/SMS付きSIMカード 中国SIM マカオSIM China unicom ※こちらのSIMカードは契約後、毎月の基本料が発生いたします。※2024年11月1日から台湾でのご利用はできなくなり"", ""【SKTelecoｍ公式認証】 韓国eSIM 3日間 (72時間) 電話番号付き 超高速データ無制限 最初の5分発信無料(韓国国内) お急ぎの方即時発行可(LINE相談受付中) 有効期限／ご購入日より120日以内 現地空港サポート(SKTelecomローミングセンター) SKテレコム正規品 韓国SIMカードタイプではありません"", ""score: local=6, roaming=1"", ""local_claim_refers_to:cn""], ""network_generation"": [""product_info_cellular_4g_lte: source:product_info_cellular: 携帯電話技術 LTE""], ""carrier_support_local"": [""3HK: 【中国ネット制限なし】中国本土での利用の場合はローミング接続を行います。これにより中国政府のネット規制対象外となり、Google、Facebook、Twitter、Instagram等に接続可能です。中華圏渡航スケジュールに対応する手軽なプリペイドSIMカード。キャリア：中国：China Telec"", ""3HK: サービスプロバイダ 中国 Telecom, 香港 3HK, マカオ CTM""], ""review_count"": [""detail_page: (65)""], ""bestseller_rank"": [""Amazon 売れ筋ランキング 家電＆カメラ - 64,279位 ( 家電＆カメラの売れ筋ランキングを見る ) プリペイドSIMカード - 648位""], ""title"": [""中国 sim card 香港 マカオにも使える 高速データ通信 中国ネット規制対象外 中国でもGoogle、LINE、YouTubeなどVPNなしで利用可能 プリペイド SIMカード (8日間5GB)""]}"
amazon_jp,hk,【中国・香港・マカオ eSIM】4日間 高速完全無制限 実名認証不要 データ通信専用(電話番号なし) 5G/4G-LTE対応 中国でもGoogle、LINE、YouTubeなどVPNなしで利用可能 当日発行可能 説明書付 LINEで24時間サポート HONGKONG MACAU 中国sim MEWMEWホーム (4日間),1680,2,,,,,328,4일,4일,90일,unknown,lte_4g_only,,,"{""cmhk"": null, ""csl"": true, ""smartone"": null, ""three_hk"": null}","{""skt"": null, ""kt"": null, ""lgu"": null}",unlimited,https://www.amazon.co.jp/%E3%80%90%E4%B8%AD%E5%9B%BD%E3%83%BB%E9%A6%99%E6%B8%AF%E3%83%BB%E3%83%9E%E3%82%AB%E3%82%AA-%E4%B8%AD%E5%9B%BD%E3%81%A7%E3%82%82Google%E3%80%81LINE%E3%80%81YouTube%E3%81%AA%E3%81%A9VPN%E3%81%AA%E3%81%97%E3%81%A7%E5%88%A9%E7%94%A8%E5%8F%AF%E8%83%BD-LINE%E3%81%A724%E6%99%82%E9%96%93%E3%82%B5%E3%83%9D%E3%83%BC%E3%83%88-MEWMEW%E3%83%9B%E3%83%BC%E3%83%A0-4%E6%97%A5%E9%96%93/dp/B0DSJ8RXNM,B0DSJ8RXNM,B0DSJ8RXNM,mewmewホーム eSIM,ＭＥＷＭＥＷホームのストアを表示,"{""price_jpy"": [""￥1,680""], ""usage_validity"": [""【中国・香港・マカオ eSIM】4日間 高速完全無制限 実名認証不要 データ通信専用(電話番号なし) 5G/4G-LTE対応 中国でもGoogle、LINE、YouTubeなどVPNなしで利用可能 当日発行可能 説明書付 LINEで24時間サポート HONGKONG MACAU 中国sim MEWMEWホーム (4日間)""], ""activation_validity"": [""📍【有効期限】eSIMはQRコードを受け取ってから90日以内は有効になっています。eSIMプランの日数は24時間を一日とカウントされます。""], ""data_amount"": [""📍5G/4G/LTEに対応し、高速データ通信量は完全無制限となります。※データ通信専用、電話番号なし""], ""network_type"": [""📍【ローカル回線】中国本土とマカオ：中華電信 香港：CSL"", ""【チョコSIM 定額（Sプラン）】【中国の電話番号付きでアプリや施設サービスのSMS認証が可能】【データ容量】合計500MB/月【音声】合計20分間/月 データ/音声/SMS付きSIMカード 中国SIM マカオSIM China unicom ※こちらのSIMカードは契約後、毎月の基本料が発生いたします。※2024年11月1日から台湾でのご利用はできなくなり"", ""score: local=9, roaming=0"", ""local_claim_refers_to:cn""], ""network_generation"": [""product_info_cellular_4g_lte: source:product_info_cellular: 携帯電話技術 LTE""], ""carrier_support_local"": [""CSL: 📍【ローカル回線】中国本土とマカオ：中華電信 香港：CSL"", ""CSL: サービスプロバイダ 中華電信, CSL"", ""CSL: Amazon.co.jp: 【中国・香港・マカオ eSIM】4日間 高速完全無制限 実名認証不要 データ通信専用(電話番号なし) 5G/4G-LTE対応 中国でもGoogle、LINE、YouTubeなどVPNなしで利用可能 当日発行可能 説明書付 LINEで24時間サポート HONGKONG MA""], ""review_count"": [""detail_page: (2)""], ""bestseller_rank"": [""Amazon 売れ筋ランキング 家電＆カメラ - 29,083位 ( 家電＆カメラの売れ筋ランキングを見る ) プリペイドSIMカード - 328位""], ""title"": [""【中国・香港・マカオ eSIM】4日間 高速完全無制限 実名認証不要 データ通信専用(電話番号なし) 5G/4G-LTE対応 中国でもGoogle、LINE、YouTubeなどVPNなしで利用可能 当日発行可能 説明書付 LINEで24時間サポート HONGKONG MACAU 中国sim MEWMEWホーム (4日間)""]}"
amazon_jp,hk,【ジョイテル】【中国どこでもSIM】中国8日間大容量データ通信SIM｜VPNはもう要らない・中国でもLINEやインスタも利用できるから安心,1280,281,,,50,,104,8일,8일,,local,lte_4g_only,,,"{""cmhk"": null, ""csl"": null, ""smartone"": null, ""three_hk"": null}","{""skt"": null, ""kt"": null, ""lgu"": null}",5GB,https://www.amazon.co.jp/%E3%82%B8%E3%83%A7%E3%82%A4%E3%83%86%E3%83%AB-JSCH-0001-%E3%80%90%E4%B8%96%E7%95%8C%E7%9A%84SIM%E3%83%96%E3%83%A9%E3%83%B3%E3%83%89%E3%83%BB%E4%BF%A1%E9%A0%BC%E3%81%AEJOYTEL%E3%80%91%E4%B8%AD%E5%9B%BD8%E6%97%A5%E9%96%93%E5%A4%A7%E5%AE%B9%E9%87%8F%E3%83%87%E3%83%BC%E3%82%BF%E9%80%9A%E4%BF%A1SIM%EF%BD%9CVPN%E3%81%AF%E3%82%82%E3%81%86%E8%A6%81%E3%82%89%E3%81%AA%E3%81%84%E3%83%BB%E4%B8%AD%E5%9B%BD%E3%81%A7%E3%82%82LINE%E3%82%84%E3%82%A4%E3%83%B3%E3%82%B9%E3%82%BF%E3%82%82%E5%88%A9%E7%94%A8%E3%81%A7%E3%81%8D%E3%82%8B%E3%81%8B%E3%82%89%E5%AE%89%E5%BF%83/dp/B0BRSYLHPS,B0BRSYLHPS,B0BRSYLHPS,JOYTEL（ジョイテル株式会社）,ブランド: ジョイテル,"{""price_jpy"": [""￥1,280""], ""usage_validity"": [""【ジョイテル】【中国どこでもSIM】中国8日間大容量データ通信SIM｜VPNはもう要らない・中国でもLINEやインスタも利用できるから安心""], ""data_amount"": [""高速4G通信を大容量5GByte利用することが可能です。5GByteを超過すると速度制限、7GByteを超過すると通信停止となります。""], ""network_type"": [""【チョコSIM 定額（Sプラン）】【中国の電話番号付きでアプリや施設サービスのSMS認証が可能】【データ容量】合計500MB/月【音声】合計20分間/月 データ/音声/SMS付きSIMカード 中国SIM マカオSIM China unicom ※こちらのSIMカードは契約後、毎月の基本料が発生いたします。※2024年11月1日から台湾でのご利用はできなくなり"", ""score: local=3, roaming=1""], ""network_generation"": [""product_info_cellular_4g_lte: source:product_info_cellular: 携帯電話技術 4G/3G""], ""monthly_sold_count"": [""Amazon.co.jp: 【ジョイテル】【中国どこでもSIM】中国8日間大容量データ通信SIM｜VPNはもう要らない・中国でもLINEやインスタも利用できるから安心 : 家電＆カメラ 次に移動 メインコンテンツ この商品について この商品について この商品について 購入オプション 類似商品と比較する ビデオ レビュー キーボードショートカット 検索 Alt""], ""review_count"": [""detail_page: (281)""], ""bestseller_rank"": [""Amazon 売れ筋ランキング 家電＆カメラ - 9,821位 ( 家電＆カメラの売れ筋ランキングを見る ) プリペイドSIMカード - 104位""], ""title"": [""【ジョイテル】【中国どこでもSIM】中国8日間大容量データ通信SIM｜VPNはもう要らない・中国でもLINEやインスタも利用できるから安心""]}"
amazon_jp,hk,【中国本土・香港・マカオ SIMカード】10日間 高速データ10GB SIMピン付き 4G/LTE SIMフリー対応 プリペイドSIMカード LINEで24時間サポート 中国 sim,1880,2,,,,,1746,10일,10일,31일,unknown,5g_capable,,,"{""cmhk"": null, ""csl"": true, ""smartone"": null, ""three_hk"": null}","{""skt"": null, ""kt"": null, ""lgu"": null}",10GB,https://www.amazon.co.jp/%E3%80%90%E4%B8%AD%E5%9B%BD%E6%9C%AC%E5%9C%9F%E3%83%BB%E9%A6%99%E6%B8%AF%E3%83%BB%E3%83%9E%E3%82%AB%E3%82%AA-SIM%E3%82%AB%E3%83%BC%E3%83%89%E3%80%9110%E6%97%A5%E9%96%93-%E9%AB%98%E9%80%9F%E3%83%87%E3%83%BC%E3%82%BF10GB-%E3%83%97%E3%83%AA%E3%83%9A%E3%82%A4%E3%83%89SIM%E3%82%AB%E3%83%BC%E3%83%89-LINE%E3%81%A724%E6%99%82%E9%96%93%E3%82%B5%E3%83%9D%E3%83%BC%E3%83%88/dp/B0FFSLGBLW,B0FFSLGBLW,B0FFSLGBLW,mewmewホーム eSIM,ＭＥＷＭＥＷホームのストアを表示,"{""price_jpy"": [""￥1,880""], ""usage_validity"": [""【中国本土・香港・マカオ SIMカード】10日間 高速データ10GB SIMピン付き 4G/LTE SIMフリー対応 プリペイドSIMカード LINEで24時間サポート 中国 sim""], ""activation_validity"": [""【有効期限：2026年8月31日まで】利用予定日を開通予約した後、SIMカードを端末に挿入するだけで簡単アクティベート！有効期限内ならいつでも使えます。""], ""data_amount"": [""型番 SIM | 10日間 10GB""], ""network_type"": [""【チョコSIM 定額（Sプラン）】【中国の電話番号付きでアプリや施設サービスのSMS認証が可能】【データ容量】合計500MB/月【音声】合計20分間/月 データ/音声/SMS付きSIMカード 中国SIM マカオSIM China unicom ※こちらのSIMカードは契約後、毎月の基本料が発生いたします。※2024年11月1日から台湾でのご利用はできなくなり"", ""【SKTelecoｍ公式認証】 韓国eSIM 3日間 (72時間) 電話番号付き 超高速データ無制限 最初の5分発信無料(韓国国内) お急ぎの方即時発行可(LINE相談受付中) 有効期限／ご購入日より120日以内 現地空港サポート(SKTelecomローミングセンター) SKテレコム正規品 韓国SIMカードタイプではありません"", ""score: local=6, roaming=0"", ""local_claim_refers_to:cn""], ""network_generation"": [""product_info_cellular_5g: source:product_info_cellular: 携帯電話技術 LTE, 5G"", ""product_info_cellular_4g_lte_signal_present_but_5g_capable_takes_precedence""], ""carrier_support_local"": [""CSL: 【高速データ通信】中国本土・マカオ：中華電信 香港：CSL 高画質動画の視聴、地図検索、写真や動画のシェアなど、快適なインターネット環境を提供します。5G /4G/LTEに対応し、ご利用期間中に定額GB数に達すると、通信は止まる事無く低速でご利用は可能です。※プランの日数は24時間を一日とカウントさ"", ""CSL: サービスプロバイダ 中華電信, CSL"", ""CSL: Amazon.co.jp: 【中国本土・香港・マカオ SIMカード】10日間 高速データ10GB SIMピン付き 4G/LTE SIMフリー対応 プリペイドSIMカード LINEで24時間サポート 中国 sim : 家電＆カメラ 次に移動 メインコンテンツ この商品について この商品について この商""], ""review_count"": [""detail_page: (2)""], ""bestseller_rank"": [""Amazon 売れ筋ランキング 家電＆カメラ - 222,445位 ( 家電＆カメラの売れ筋ランキングを見る ) プリペイドSIMカード - 1,746位""], ""title"": [""【中国本土・香港・マカオ SIMカード】10日間 高速データ10GB SIMピン付き 4G/LTE SIMフリー対応 プリペイドSIMカード LINEで24時間サポート 中国 sim""]}"
amazon_jp,hk,【中国本土・香港eSIM】1日間完全無制限（使い放題） LINE相談受付中｜データ通信専用（電話番号なし） | simフリー端末のみ対応 説明書付 イーシム simless,1340,1,,,,,462,1일,1일,7일,unknown,lte_4g_only,,,"{""cmhk"": null, ""csl"": null, ""smartone"": null, ""three_hk"": null}","{""skt"": null, ""kt"": null, ""lgu"": null}",unlimited,https://www.amazon.co.jp/%E3%80%90%E4%B8%AD%E5%9B%BD%E6%9C%AC%E5%9C%9F%E3%83%BB%E9%A6%99%E6%B8%AFeSIM%E3%80%911%E6%97%A5%E9%96%93%E5%AE%8C%E5%85%A8%E7%84%A1%E5%88%B6%E9%99%90%EF%BC%88%E4%BD%BF%E3%81%84%E6%94%BE%E9%A1%8C%EF%BC%89-LINE%E7%9B%B8%E8%AB%87%E5%8F%97%E4%BB%98%E4%B8%AD%EF%BD%9C%E3%83%87%E3%83%BC%E3%82%BF%E9%80%9A%E4%BF%A1%E5%B0%82%E7%94%A8%EF%BC%88%E9%9B%BB%E8%A9%B1%E7%95%AA%E5%8F%B7%E3%81%AA%E3%81%97%EF%BC%89-sim%E3%83%95%E3%83%AA%E3%83%BC%E7%AB%AF%E6%9C%AB%E3%81%AE%E3%81%BF%E5%AF%BE%E5%BF%9C-%E8%AA%AC%E6%98%8E%E6%9B%B8%E4%BB%98-simless/dp/B0F11CRTBJ,B0F11CRTBJ,B0F11CRTBJ,DeSiM,DeSiMのストアを表示,"{""price_jpy"": [""￥1,340""], ""usage_validity"": [""【中国本土・香港eSIM】1日間完全無制限（使い放題） LINE相談受付中｜データ通信専用（電話番号なし） | simフリー端末のみ対応 説明書付 イーシム simless""], ""activation_validity"": [""商品の説明 購入前の注意事項 【注意事項】 注意事項①：本商品はデータ通信専用です（通話はご利用いただけません）。ご注意ください。 注意事項②：SIMロックフリー端末、もしくはSIMフリー端末専用のサービスです。必ず、ご利用端末がeSIM対応かどうかご確認ください。 注意事項③：2021年10月1日以前にSIMロック解除をキャリア店頭またはインターネットでさ""], ""data_amount"": [""商品の説明 購入前の注意事項 【注意事項】 注意事項①：本商品はデータ通信専用です（通話はご利用いただけません）。ご注意ください。 注意事項②：SIMロックフリー端末、もしくはSIMフリー端末専用のサービスです。必ず、ご利用端末がeSIM対応かどうかご確認ください。 注意事項③：2021年10月1日以前にSIMロック解除をキャリア店頭またはインターネットでさ""], ""network_type"": [""商品の説明 購入前の注意事項 【注意事項】 注意事項①：本商品はデータ通信専用です（通話はご利用いただけません）。ご注意ください。 注意事項②：SIMロックフリー端末、もしくはSIMフリー端末専用のサービスです。必ず、ご利用端末がeSIM対応かどうかご確認ください。 注意事項③：2021年10月1日以前にSIMロック解除をキャリア店頭またはインターネットでさ"", ""【チョコSIM 定額（Sプラン）】【中国の電話番号付きでアプリや施設サービスのSMS認証が可能】【データ容量】合計500MB/月【音声】合計20分間/月 データ/音声/SMS付きSIMカード 中国SIM マカオSIM China unicom ※こちらのSIMカードは契約後、毎月の基本料が発生いたします。※2024年11月1日から台湾でのご利用はできなくなり"", ""score: local=9, roaming=1"", ""local_claim_refers_to:cn""], ""network_generation"": [""product_info_cellular_4g_lte: source:product_info_cellular: 携帯電話技術 LTE""], ""review_count"": [""detail_page: (1)""], ""bestseller_rank"": [""Amazon 売れ筋ランキング 家電＆カメラ - 42,908位 ( 家電＆カメラの売れ筋ランキングを見る ) プリペイドSIMカード - 462位""], ""title"": [""【中国本土・香港eSIM】1日間完全無制限（使い放題） LINE相談受付中｜データ通信専用（電話番号なし） | simフリー端末のみ対応 説明書付 イーシム simless""]}"
amazon_jp,hk,【香港・マカオeSIM】5日間 3GB（コスパ重視） LINE相談受付中｜データ通信専用（電話番号なし） | simフリー端末のみ対応 説明書付 イーシム simless,850,1,,,,,1640,5일,5일,5일,local,lte_4g_only,,,"{""cmhk"": null, ""csl"": null, ""smartone"": null, ""three_hk"": null}","{""skt"": null, ""kt"": null, ""lgu"": null}",unlimited,https://www.amazon.co.jp/%E3%80%90%E9%A6%99%E6%B8%AF%E3%83%BB%E3%83%9E%E3%82%AB%E3%82%AAeSIM%E3%80%915%E6%97%A5%E9%96%93-3GB%EF%BC%88%E3%82%B3%E3%82%B9%E3%83%91%E9%87%8D%E8%A6%96%EF%BC%89-LINE%E7%9B%B8%E8%AB%87%E5%8F%97%E4%BB%98%E4%B8%AD%EF%BD%9C%E3%83%87%E3%83%BC%E3%82%BF%E9%80%9A%E4%BF%A1%E5%B0%82%E7%94%A8%EF%BC%88%E9%9B%BB%E8%A9%B1%E7%95%AA%E5%8F%B7%E3%81%AA%E3%81%97%EF%BC%89-sim%E3%83%95%E3%83%AA%E3%83%BC%E7%AB%AF%E6%9C%AB%E3%81%AE%E3%81%BF%E5%AF%BE%E5%BF%9C-simless/dp/B0DWLW1WK8,B0DWLW1WK8,B0DWLW1WK8,DeSiM,DeSiMのストアを表示,"{""price_jpy"": [""￥850""], ""usage_validity"": [""【香港・マカオeSIM】5日間 3GB（コスパ重視） LINE相談受付中｜データ通信専用（電話番号なし） | simフリー端末のみ対応 説明書付 イーシム simless""], ""activation_validity"": [""【香港・マカオeSIM】5日間 3GB（コスパ重視） LINE相談受付中｜データ通信専用（電話番号なし） | simフリー端末のみ対応 説明書付 イーシム simless""], ""data_amount"": [""商品の説明 購入前の注意事項 【注意事項】 注意事項①：電話番号は付与されませんので、ご注意ください。 注意事項②：SIMロックフリー端末、もしくはSIMフリー端末専用のサービスです。必ず、ご利用端末がeSIM対応かどうかご確認ください。 注意事項③：2021年10月1日以前にSIMロック解除をキャリア店頭またはインターネットでされた「Android端末」は""], ""network_type"": [""商品の説明 購入前の注意事項 【注意事項】 注意事項①：電話番号は付与されませんので、ご注意ください。 注意事項②：SIMロックフリー端末、もしくはSIMフリー端末専用のサービスです。必ず、ご利用端末がeSIM対応かどうかご確認ください。 注意事項③：2021年10月1日以前にSIMロック解除をキャリア店頭またはインターネットでされた「Android端末」は"", ""【チョコSIM 定額（Sプラン）】【中国の電話番号付きでアプリや施設サービスのSMS認証が可能】【データ容量】合計500MB/月【音声】合計20分間/月 データ/音声/SMS付きSIMカード 中国SIM マカオSIM China unicom ※こちらのSIMカードは契約後、毎月の基本料が発生いたします。※2024年11月1日から台湾でのご利用はできなくなり"", ""score: local=9, roaming=1""], ""network_generation"": [""product_info_cellular_4g_lte: source:product_info_cellular: 携帯電話技術 LTE""], ""review_count"": [""detail_page: 1""], ""bestseller_rank"": [""Amazon 売れ筋ランキング 家電＆カメラ - 205,949位 ( 家電＆カメラの売れ筋ランキングを見る ) プリペイドSIMカード - 1,640位""], ""title"": [""【香港・マカオeSIM】5日間 3GB（コスパ重視） LINE相談受付中｜データ通信専用（電話番号なし） | simフリー端末のみ対応 説明書付 イーシム simless""]}"
amazon_jp,hk,【中国eSIM】中国本土 香港 マカオ対応 5日間 無制限高速データ（低速なし）｜ 即日発行・すぐ使える｜Google、LINE、YouTubeなどVPNなしで利用可能・実名登録不要｜24時間LINEサポート 香港 sim 中国 sim,1880,5,,,,,2924,5일,5일,90일,roaming,5g_capable,,,"{""cmhk"": null, ""csl"": null, ""smartone"": null, ""three_hk"": true}","{""skt"": null, ""kt"": null, ""lgu"": null}",unlimited,https://www.amazon.co.jp/%E3%80%90%E4%B8%AD%E5%9B%BDeSIM%E3%80%91%E4%B8%AD%E5%9B%BD%E6%9C%AC%E5%9C%9F-%E3%83%9E%E3%82%AB%E3%82%AA%E5%AF%BE%E5%BF%9C-5%E6%97%A5%E9%96%93-%E7%84%A1%E5%88%B6%E9%99%90%E9%AB%98%E9%80%9F%E3%83%87%E3%83%BC%E3%82%BF%EF%BC%88%E4%BD%8E%E9%80%9F%E3%81%AA%E3%81%97%EF%BC%89%EF%BD%9C-%E5%8D%B3%E6%97%A5%E7%99%BA%E8%A1%8C%E3%83%BB%E3%81%99%E3%81%90%E4%BD%BF%E3%81%88%E3%82%8B%EF%BD%9CGoogle%E3%80%81LINE%E3%80%81YouTube%E3%81%AA%E3%81%A9VPN%E3%81%AA%E3%81%97%E3%81%A7%E5%88%A9%E7%94%A8%E5%8F%AF%E8%83%BD%E3%83%BB%E5%AE%9F%E5%90%8D%E7%99%BB%E9%8C%B2%E4%B8%8D%E8%A6%81%EF%BD%9C24%E6%99%82%E9%96%93LINE%E3%82%B5%E3%83%9D%E3%83%BC%E3%83%88/dp/B0FTSCX8ZP,B0FTSCX8ZP,B0FTSCX8ZP,Global eSIMshop,ブランド: PLUG TO GO,"{""price_jpy"": [""￥1,880""], ""usage_validity"": [""【中国eSIM】中国本土 香港 マカオ対応 5日間 無制限高速データ（低速なし）｜ 即日発行・すぐ使える｜Google、LINE、YouTubeなどVPNなしで利用可能・実名登録不要｜24時間LINEサポート 香港 sim 中国 sim""], ""activation_validity"": [""【有効期限】 eSIM QRコードの有効期限は受け取りから90日間です。""], ""data_amount"": [""【高速データ】データ通信専用のeSIMです。高速データ容量は無制限で完全使い放題。本人確認やSIMカード認証も不要で、1〜30日間の利用期間を選択できます。""], ""network_type"": [""【中国ネット規制なし】 中国本土では香港回線をローミング利用するため、中国政府のネット規制対象外。Google、LINE、Facebook、Twitter、YouTube、Instagramなど主要サービスがVPN不要でそのままご利用いただけます。"", ""Amazon.co.jp: 【中国eSIM】中国本土 香港 マカオ対応 5日間 無制限高速データ（低速なし）｜ 即日発行・すぐ使える｜Google、LINE、YouTubeなどVPNなしで利用可能・実名登録不要｜24時間LINEサポート 香港 sim 中国 sim : 家電＆カメラ 次に移動 メインコンテンツ この商品について この商品について この商品につ"", ""score: local=0, roaming=2""], ""network_generation"": [""product_info_cellular_5g: source:product_info_cellular: 携帯電話技術 5G/4G""], ""carrier_support_local"": [""3HK: サービスプロバイダ China Telecom/3HK/CTM"", ""3HK: Amazon.co.jp: 【中国eSIM】中国本土 香港 マカオ対応 5日間 無制限高速データ（低速なし）｜ 即日発行・すぐ使える｜Google、LINE、YouTubeなどVPNなしで利用可能・実名登録不要｜24時間LINEサポート 香港 sim 中国 sim : 家電＆カメラ 次に移動 メイン""], ""review_count"": [""detail_page: (5)""], ""bestseller_rank"": [""Amazon 売れ筋ランキング 家電＆カメラ - 454,646位 ( 家電＆カメラの売れ筋ランキングを見る ) プリペイドSIMカード - 2,924位""], ""title"": [""【中国eSIM】中国本土 香港 マカオ対応 5日間 無制限高速データ（低速なし）｜ 即日発行・すぐ使える｜Google、LINE、YouTubeなどVPNなしで利用可能・実名登録不要｜24時間LINEサポート 香港 sim 中国 sim""]}"
amazon_jp,hk,【香港・マカオ eSIM】5日間 完全無制限 （低速なし） 高速データ使い放題 当日発行可能 データ通信専用 香港 sim マカオ sim 説明書付 LINEで24時間サポート 香港 esim イーシム (eSIM|5日間無制限 香港マカオ),1650,211,,,,,1532,5일,5일,30일,local,lte_4g_only,,,"{""cmhk"": null, ""csl"": null, ""smartone"": true, ""three_hk"": true}","{""skt"": null, ""kt"": null, ""lgu"": null}",unlimited,https://www.amazon.co.jp/%E3%80%90%E9%A6%99%E6%B8%AF%E3%83%BB%E3%83%9E%E3%82%AB%E3%82%AA-eSIM%E3%80%915%E6%97%A5%E9%96%93-%E9%AB%98%E9%80%9F%E3%83%87%E3%83%BC%E3%82%BF%E4%BD%BF%E3%81%84%E6%94%BE%E9%A1%8C-LINE%E3%81%A724%E6%99%82%E9%96%93%E3%82%B5%E3%83%9D%E3%83%BC%E3%83%88-eSIM/dp/B0DSGBNDQT,B0DSGBNDQT,B0DSGBNDQT,Global eSIMshop,ブランド: PLUG TO GO,"{""price_jpy"": [""￥1,650""], ""usage_validity"": [""【香港・マカオ eSIM】5日間 完全無制限 （低速なし） 高速データ使い放題 当日発行可能 データ通信専用 香港 sim マカオ sim 説明書付 LINEで24時間サポート 香港 esim イーシム (eSIM|5日間無制限 香港マカオ)""], ""activation_validity"": [""【有効期限】メールで納品後、30日以内にご利用ください。""], ""data_amount"": [""【高速データ通信】完全無制限、低速度なし！！""], ""network_type"": [""【チョコSIM 定額（Sプラン）】【中国の電話番号付きでアプリや施設サービスのSMS認証が可能】【データ容量】合計500MB/月【音声】合計20分間/月 データ/音声/SMS付きSIMカード 中国SIM マカオSIM China unicom ※こちらのSIMカードは契約後、毎月の基本料が発生いたします。※2024年11月1日から台湾でのご利用はできなくなり"", ""【SKTelecoｍ公式認証】 韓国eSIM 3日間 (72時間) 電話番号付き 超高速データ無制限 最初の5分発信無料(韓国国内) お急ぎの方即時発行可(LINE相談受付中) 有効期限／ご購入日より120日以内 現地空港サポート(SKTelecomローミングセンター) SKテレコム正規品 韓国SIMカードタイプではありません"", ""score: local=6, roaming=0""], ""network_generation"": [""product_info_cellular_4g_lte: source:product_info_cellular: 携帯電話技術 4G-LTE""], ""carrier_support_local"": [""SmarTone, 3HK: サービスプロバイダ SmarTone、HKT、3HK"", ""SmarTone, 3HK: Amazon.co.jp: 【香港・マカオ eSIM】5日間 完全無制限 （低速なし） 高速データ使い放題 当日発行可能 データ通信専用 香港 sim マカオ sim 説明書付 LINEで24時間サポート 香港 esim イーシム (eSIM|5日間無制限 香港マカオ) : 家電＆カメラ 次に移動 ""], ""review_count"": [""detail_page: 211""], ""bestseller_rank"": [""Amazon 売れ筋ランキング 家電＆カメラ - 189,824位 ( 家電＆カメラの売れ筋ランキングを見る ) プリペイドSIMカード - 1,532位""], ""title"": [""【香港・マカオ eSIM】5日間 完全無制限 （低速なし） 高速データ使い放題 当日発行可能 データ通信専用 香港 sim マカオ sim 説明書付 LINEで24時間サポート 香港 esim イーシム (eSIM|5日間無制限 香港マカオ)""]}"
amazon_jp,hk,【中国チャージ式Sim】中国本土31省と中国 台湾 香港 マカオ 1GB 7日間 プリペイドSIMカード,780,3,,,,,999,7일,7일,360일,roaming,lte_4g_only,,,"{""cmhk"": null, ""csl"": null, ""smartone"": null, ""three_hk"": null}","{""skt"": null, ""kt"": null, ""lgu"": null}",1GB,https://www.amazon.co.jp/%E3%80%90%E4%B8%AD%E5%9B%BD%E3%83%81%E3%83%A3%E3%83%BC%E3%82%B8%E5%BC%8FSim%E3%80%91%E4%B8%AD%E5%9B%BD%E6%9C%AC%E5%9C%9F31%E7%9C%81%E3%81%A8%E4%B8%AD%E5%9B%BD-%E3%83%9E%E3%82%AB%E3%82%AA-1GB-7%E6%97%A5%E9%96%93-%E3%83%97%E3%83%AA%E3%83%9A%E3%82%A4%E3%83%89SIM%E3%82%AB%E3%83%BC%E3%83%89/dp/B0GVRHFPKS,B0GVRHFPKS,B0GVRHFPKS,EIOTCLUB Japan,ブランド: EIOTCLUB,"{""price_jpy"": [""￥780""], ""usage_validity"": [""【中国チャージ式Sim】中国本土31省と中国 台湾 香港 マカオ 1GB 7日間 プリペイドSIMカード""], ""activation_validity"": [""【チャージ可能】多様なチャージプランをご用意しており、お客様のニーズに合わせて自由にお選びいただけます。利用期限終了後も360日以内であれば再チャージにより繰り返し利用でき、チャージするたびにカードの有効期限も延長されます。※360日はデータ期間ではなく、終了後にチャージ可能な猶予期間を指します。""], ""data_amount"": [""【中国対応】中国本土31省と中国・台湾・香港・マカオで使える1GB（7日間）の高速データを内蔵。安定した通信を必要とする旅行者やビジネスパーソンに適です。どこへ行っても最高のエリアカバー率と強力な電波をお届けし、快適な通信環境を提供します。""], ""network_type"": [""商品の説明 【初期内蔵プラン詳細】 データ容量： 1GB 高速データ通信 利用期間： 7日間（アクティベーション完了日よりカウント開始） 【対応】中国本土（31省）および 港澳台エリアで使える 【リチャージについて】 データ容量を使い切った後、または利用期限が終了した後も、オンラインで簡単にチャージが可能です。お客様のニーズに合わせて、EIOTCLUBが提供"", ""score: local=0, roaming=3""], ""network_generation"": [""product_info_cellular_4g_lte: source:product_info_cellular: 携帯電話技術 LTE""], ""review_count"": [""detail_page: (3)""], ""bestseller_rank"": [""Amazon 売れ筋ランキング 家電＆カメラ - 110,279位 ( 家電＆カメラの売れ筋ランキングを見る ) プリペイドSIMカード - 999位""], ""title"": [""【中国チャージ式Sim】中国本土31省と中国 台湾 香港 マカオ 1GB 7日間 プリペイドSIMカード""]}"
amazon_jp,hk,アジア12か国 SIMカード 6日間 データ使い放題 6GBまで高速 Jet Sim 物理SIM 無制限 6日 ジェットシム タイ フィリピン ベトナム,1980,4,,,,,498,6일,6일,90일,unknown,lte_4g_only,,,"{""cmhk"": null, ""csl"": null, ""smartone"": null, ""three_hk"": null}","{""skt"": null, ""kt"": null, ""lgu"": null}",1GB/day,https://www.amazon.co.jp/%E3%82%A2%E3%82%B8%E3%82%A214%E3%81%8B%E5%9B%BD-SIM%E3%82%AB%E3%83%BC%E3%83%89-6%E6%97%A5%E9%96%93-%E3%83%87%E3%83%BC%E3%82%BF%E4%BD%BF%E3%81%84%E6%94%BE%E9%A1%8C-6GB%E3%81%BE%E3%81%A7%E9%AB%98%E9%80%9F/dp/B0DMF3QGTV,B0DMF3QGTV,B0DMF3QGTV,ジェスロモバイル,JETSIMのストアを表示,"{""price_jpy"": [""￥1,980""], ""usage_validity"": [""アジア12か国 SIMカード 6日間 データ使い放題 6GBまで高速 Jet Sim 物理SIM 無制限 6日 ジェットシム タイ フィリピン ベトナム""], ""activation_validity"": [""商品の説明 購入後すぐにSIMを使えますか？ はい、すぐにご利用いただけます。スムーズにご利用いただくために、申請フォームのご提出をお願いいたします。 アクティベーションは必要ですか？ アクティベーションは不要です。SIMをスマートフォンに挿入すれば、現地に到着次第、自動的に接続されます！ 複数の国で利用できるプランは国をまたいで移動する際も、同じSIMを使""], ""data_amount"": [""【データ無制限】 アジア12カ国6日間、5G/4G-LTE高速データ6GB。その後もデータ通信の利用が可能。テザリング対応。高速データ1日1GBまで。""], ""network_type"": [""【チョコSIM 定額（Sプラン）】【中国の電話番号付きでアプリや施設サービスのSMS認証が可能】【データ容量】合計500MB/月【音声】合計20分間/月 データ/音声/SMS付きSIMカード 中国SIM マカオSIM China unicom ※こちらのSIMカードは契約後、毎月の基本料が発生いたします。※2024年11月1日から台湾でのご利用はできなくなり"", ""【SKTelecoｍ公式認証】 韓国eSIM 3日間 (72時間) 電話番号付き 超高速データ無制限 最初の5分発信無料(韓国国内) お急ぎの方即時発行可(LINE相談受付中) 有効期限／ご購入日より120日以内 現地空港サポート(SKTelecomローミングセンター) SKテレコム正規品 韓国SIMカードタイプではありません"", ""score: local=6, roaming=0"", ""local_claim_refers_to:th""], ""network_generation"": [""product_info_cellular_4g_lte: source:product_info_cellular: 携帯電話技術 LTE""], ""review_count"": [""detail_page: (4)""], ""bestseller_rank"": [""Amazon 売れ筋ランキング 家電＆カメラ - 46,854位 ( 家電＆カメラの売れ筋ランキングを見る ) プリペイドSIMカード - 498位""], ""title"": [""アジア12か国 SIMカード 6日間 データ使い放題 6GBまで高速 Jet Sim 物理SIM 無制限 6日 ジェットシム タイ フィリピン ベトナム""]}"
amazon_jp,hk,"【東南アジアeSIM】7日間7GB｜11地域対応（シンガポール,タイ,マレーシア,インドネシア,ベトナム,台湾・香港・マカオ,韓国,オーストラリア,ニュージーランド）｜5G/4G対応 高速データ通信｜即日メール配信 ｜使用ガイド付き｜テザリング対応｜365日LINEサポート｜QRコードで簡単設定 SIMカード不要 (7日間7GB)",1299,8,,,,,731,7일,7일,7일,roaming,5g_capable,,,"{""cmhk"": null, ""csl"": null, ""smartone"": null, ""three_hk"": null}","{""skt"": null, ""kt"": null, ""lgu"": null}",1GB/day,https://www.amazon.co.jp/4G%E5%AF%BE%E5%BF%9C-%E9%AB%98%E9%80%9F%E3%83%87%E3%83%BC%E3%82%BF%E9%80%9A%E4%BF%A1%EF%BD%9C%E5%8D%B3%E6%97%A5%E7%99%BA%E8%A1%8C-SIM%E3%82%AB%E3%83%BC%E3%83%89%E4%B8%8D%E8%A6%81-7%E6%97%A5%E9%96%937GB/dp/B0FHBCSGM5,B0FHBCSGM5,B0FHBCSGM5,トリリオン・コネクト,Billion Connectのストアを表示,"{""price_jpy"": [""￥1,299""], ""usage_validity"": [""【東南アジアeSIM】7日間7GB｜11地域対応（シンガポール,タイ,マレーシア,インドネシア,ベトナム,台湾・香港・マカオ,韓国,オーストラリア,ニュージーランド）｜5G/4G対応 高速データ通信｜即日メール配信 ｜使用ガイド付き｜テザリング対応｜365日LINEサポート｜QRコードで簡単設定 SIMカード不要 (7日間7GB)""], ""activation_validity"": [""【東南アジアeSIM】7日間7GB｜11地域対応（シンガポール,タイ,マレーシア,インドネシア,ベトナム,台湾・香港・マカオ,韓国,オーストラリア,ニュージーランド）｜5G/4G対応 高速データ通信｜即日メール配信 ｜使用ガイド付き｜テザリング対応｜365日LINEサポート｜QRコードで簡単設定 SIMカード不要 (7日間7GB)""], ""data_amount"": [""【7日間7GB｜5G/4G対応】 この東南アジアeSIMなら、7日間毎日1GBの高速データ通信が楽しめます！毎日の1GBを使い切った後は、速度が384kbpsに制限されますが、 LINE、WhatsApp、Messengerなどのアプリでの文字チャット、メール送受信、地図の閲覧やナビゲーションは引き続きご利用いただけます。""], ""network_type"": [""インドネシア旅行SIMカード - 5G/4G LTE高速データ - プリペイド＆ローミング禁止 - 5日間1GB - 観光客やビジネス旅行者のための簡単な有効化"", ""マレーシア旅行用SIMカード - 5G/4G LTE高速データ - プリペイド＆ローミングなし、7日間合計3GB - 観光客やビジネス旅行者向けの簡単アクティベーション"", ""score: local=0, roaming=3""], ""network_generation"": [""product_info_cellular_5g: source:product_info_cellular: 携帯電話技術 5G""], ""review_count"": [""detail_page: (8)""], ""bestseller_rank"": [""Amazon 売れ筋ランキング 家電＆カメラ - 73,354位 ( 家電＆カメラの売れ筋ランキングを見る ) プリペイドSIMカード - 731位""], ""title"": [""【東南アジアeSIM】7日間7GB｜11地域対応（シンガポール,タイ,マレーシア,インドネシア,ベトナム,台湾・香港・マカオ,韓国,オーストラリア,ニュージーランド）｜5G/4G対応 高速データ通信｜即日メール配信 ｜使用ガイド付き｜テザリング対応｜365日LINEサポート｜QRコードで簡単設定 SIMカード不要 (7日間7GB)""]}"
amazon_jp,hk,アジア太平洋11カ国 シンガポール・タイ・ベトナム・マレーシア eSIM 5日間 データ使い放題 5GBまで高速 Jet Sim 無制限 5日 ジェットシム,1380,11,,,,,407,5일,5일,30일,unknown,5g_capable,,,"{""cmhk"": null, ""csl"": null, ""smartone"": null, ""three_hk"": null}","{""skt"": null, ""kt"": null, ""lgu"": null}",1GB/day,https://www.amazon.co.jp/%E3%82%B7%E3%83%B3%E3%82%AC%E3%83%9D%E3%83%BC%E3%83%AB%E3%83%BB%E3%83%9E%E3%83%AC%E3%83%BC%E3%82%B7%E3%82%A2%E3%83%BB%E3%82%A4%E3%83%B3%E3%83%89%E3%83%8D%E3%82%B7%E3%82%A2%E3%83%BB%E3%82%BF%E3%82%A4%E3%83%BB%E3%83%99%E3%83%88%E3%83%8A%E3%83%A0eSIM-5%E6%97%A5%E9%96%93-%E3%83%87%E3%83%BC%E3%82%BF%E4%BD%BF%E3%81%84%E6%94%BE%E9%A1%8C-5GB%E3%81%BE%E3%81%A7%E9%AB%98%E9%80%9F-%E3%82%B8%E3%82%A7%E3%83%83%E3%83%88%E3%82%B7%E3%83%A0/dp/B0DCFZ4Q1B,B0DCFZ4Q1B,B0DCFZ4Q1B,ジェスロモバイル,JETSIMのストアを表示,"{""price_jpy"": [""￥1,380""], ""usage_validity"": [""アジア太平洋11カ国 シンガポール・タイ・ベトナム・マレーシア eSIM 5日間 データ使い放題 5GBまで高速 Jet Sim 無制限 5日 ジェットシム""], ""activation_validity"": [""商品の説明 購入後すぐにeSIMを使えますか？ はい、すぐにご利用いただけます。スムーズにご利用いただくために、申請フォームのご提出をお願いいたします。 eSIMのアクティベーションは必要ですか？ アクティベーションは不要です。eSIMをスマートフォンに追加すれば、現地に到着次第、自動的に接続されます！ 複数の国で利用できるプランは国をまたいで移動する際も、""], ""data_amount"": [""【データ無制限】 アジア太平洋11カ国 シンガポール・タイ・ベトナム・マレーシア等で5日間、5G/4G-LTE高速データ5GB。その後もデータ通信の利用が可能。テザリング対応。高速データ1日1GBまで。""], ""network_type"": [""local_signal: 【T-Mobile純正品】eSIM版 アメリカ ハワイ SIM 7日間【使い放題】【電話番号付き】5G/4G-LTE 高速データ通信/通話/SMS/テザリング 【アメリカ ハワイ 無制限】 プリペイド SIMカード T-Mobile esim 7days"", ""roaming_signal: インドネシア旅行SIMカード - 5G/4G LTE高速データ - プリペイド＆ローミング禁止 - 5日間1GB - 観光客やビジネス旅行者のための簡単な有効化"", ""insufficient_or_conflicting_signals(local=9, roaming=2)""], ""network_generation"": [""product_info_cellular_5g: source:product_info_cellular: 携帯電話技術 5G/4G-LTE""], ""review_count"": [""detail_page: (11)""], ""bestseller_rank"": [""Amazon 売れ筋ランキング 家電＆カメラ - 37,393位 ( 家電＆カメラの売れ筋ランキングを見る ) プリペイドSIMカード - 407位""], ""title"": [""アジア太平洋11カ国 シンガポール・タイ・ベトナム・マレーシア eSIM 5日間 データ使い放題 5GBまで高速 Jet Sim 無制限 5日 ジェットシム""]}"
amazon_jp,hk,香港 マカオ simcard 3GB/日 大容量 高速データ通信 低速データ無制限 使い放題 プリペイド SIMカードsimcard 香港simcard マカオ simcard 香港sim マカオ sim (5日間),1530,22,,,,,680,5일,5일,7일,local,lte_4g_only,,,"{""cmhk"": null, ""csl"": null, ""smartone"": true, ""three_hk"": null}","{""skt"": null, ""kt"": null, ""lgu"": null}",unlimited,https://www.amazon.co.jp/simcard-%E4%BD%8E%E9%80%9F%E3%83%87%E3%83%BC%E3%82%BF%E7%84%A1%E5%88%B6%E9%99%90-SIM%E3%82%AB%E3%83%BC%E3%83%89simcard-%E9%A6%99%E6%B8%AFsimcard-5%E6%97%A5%E9%96%93/dp/B0CNCVSCSH,B0CNCVSCSH,B0CNCVSCSH,株式会社ビッグコネクト,bigconnectのストアを表示,"{""price_jpy"": [""￥1,530""], ""usage_validity"": [""香港 マカオ simcard 3GB/日 大容量 高速データ通信 低速データ無制限 使い放題 プリペイド SIMカードsimcard 香港simcard マカオ simcard 香港sim マカオ sim (5日間)""], ""activation_validity"": [""大中華区SIMカード-中国、香港、マカオ、台湾向けプリペイドデータプラン｜2 GB毎日データ、7日有効期限｜高速4/5 G LTE｜旅行者に最適""], ""data_amount"": [""【大容量高速通信】香港 マカオで利用可能なプリペイドSIMカード。安定した4G-lte高速データ通信。キャリア：香港：Smartone、HKT、3 マカオ:CTM 。※データ容量無制限。ただしデータ一日使用量が3GBに達すると最大通信速度が128kbpsに低下します。翌日の香港時間0時自動的にスピード制限を解除します。デザリングも使用できます。128kbps""], ""network_type"": [""【チョコSIM 定額（Sプラン）】【中国の電話番号付きでアプリや施設サービスのSMS認証が可能】【データ容量】合計500MB/月【音声】合計20分間/月 データ/音声/SMS付きSIMカード 中国SIM マカオSIM China unicom ※こちらのSIMカードは契約後、毎月の基本料が発生いたします。※2024年11月1日から台湾でのご利用はできなくなり"", ""【SKTelecoｍ公式認証】 韓国eSIM 3日間 (72時間) 電話番号付き 超高速データ無制限 最初の5分発信無料(韓国国内) お急ぎの方即時発行可(LINE相談受付中) 有効期限／ご購入日より120日以内 現地空港サポート(SKTelecomローミングセンター) SKテレコム正規品 韓国SIMカードタイプではありません"", ""score: local=6, roaming=0""], ""network_generation"": [""product_info_cellular_4g_lte: source:product_info_cellular: 携帯電話技術 4G LTE""], ""carrier_support_local"": [""SmarTone: 【大容量高速通信】香港 マカオで利用可能なプリペイドSIMカード。安定した4G-lte高速データ通信。キャリア：香港：Smartone、HKT、3 マカオ:CTM 。※データ容量無制限。ただしデータ一日使用量が3GBに達すると最大通信速度が128kbpsに低下します。翌日の香港時間0時自動的にスピー""], ""review_count"": [""detail_page: (22)""], ""bestseller_rank"": [""Amazon 売れ筋ランキング 家電＆カメラ - 67,173位 ( 家電＆カメラの売れ筋ランキングを見る ) プリペイドSIMカード - 680位""], ""title"": [""香港 マカオ simcard 3GB/日 大容量 高速データ通信 低速データ無制限 使い放題 プリペイド SIMカードsimcard 香港simcard マカオ simcard 香港sim マカオ sim (5日間)""]}"
amazon_jp,hk,アジア eSIM 10か国 8日間 10GB 日本対応 5G/4G データ通信専用 プリペイドSIM simフリー対応 QRコード発行 簡単設定 海外旅行 海外SIM 日本語サポート 韓国 台湾 中国 香港 マカオ シンガポール マレーシア タイ ベトナム | DHA SIM for ASIA,2370,3,,,,,294,8일,8일,,roaming,5g_capable,,,"{""cmhk"": true, ""csl"": null, ""smartone"": null, ""three_hk"": null}","{""skt"": null, ""kt"": null, ""lgu"": null}",10GB,https://www.amazon.co.jp/10GB-%E3%83%97%E3%83%AA%E3%83%9A%E3%82%A4%E3%83%89SIM-sim%E3%83%95%E3%83%AA%E3%83%BC%E5%AF%BE%E5%BF%9C-DHA-SIM/dp/B0H1VV78FV,B0H1VV78FV,B0H1VV78FV,株式会社DHA Corporation,DHA SIMのストアを表示,"{""price_jpy"": [""￥2,370""], ""usage_validity"": [""アジア eSIM 10か国 8日間 10GB 日本対応 5G/4G データ通信専用 プリペイドSIM simフリー対応 QRコード発行 簡単設定 海外旅行 海外SIM 日本語サポート 韓国 台湾 中国 香港 マカオ シンガポール マレーシア タイ ベトナム | DHA SIM for ASIA""], ""data_amount"": [""【対応エリア】アジア10か国対応【通信容量】10GB""], ""network_type"": [""カナダ旅行用SIMカード - 15日間1GBプリペイドデータ - 5G/4G LTEスピード - プラグアンドプレイ - ローミング無し、契約無し"", ""カナダ旅行用SIMカード - 15日間1GBプリペイドデータ - 5G/4G LTEスピード - プラグアンドプレイ - ローミング無し、契約無し"", ""score: local=1, roaming=2""], ""network_generation"": [""product_detail_5g: source:feature_bullets: 【利用期間】8日間【通信規格】5G / 4G LTE対応"", ""product_detail_5g: source:feature_bullets: \""【各国通信キャリア】 日本：KDDI 5G/4G、韓国：LG U+ 5G/4G/3G、台湾：Chunghwa 5G/4G/3G、中国：China Mobile 5G/4G/3G、香港：CMHK 4G/3G、マカオ：CTM 5G/4G/3G、シンガポール：Singtel 5G/4G/3G、マレーシア：Celco"", ""product_detail_4g_lte_signal_present_but_5g_capable_takes_precedence""], ""carrier_support_local"": [""CMHK: \""【各国通信キャリア】 日本：KDDI 5G/4G、韓国：LG U+ 5G/4G/3G、台湾：Chunghwa 5G/4G/3G、中国：China Mobile 5G/4G/3G、香港：CMHK 4G/3G、マカオ：CTM 5G/4G/3G、シンガポール：Singtel 5G/4G/3G、マレーシア""], ""review_count"": [""detail_page: 3""], ""bestseller_rank"": [""Amazon 売れ筋ランキング 家電＆カメラ - 26,620位 ( 家電＆カメラの売れ筋ランキングを見る ) プリペイドSIMカード - 294位""], ""title"": [""アジア eSIM 10か国 8日間 10GB 日本対応 5G/4G データ通信専用 プリペイドSIM simフリー対応 QRコード発行 簡単設定 海外旅行 海外SIM 日本語サポート 韓国 台湾 中国 香港 マカオ シンガポール マレーシア タイ ベトナム | DHA SIM for ASIA""]}"
amazon_jp,hk,【中国本土・香港eSIM】1日間 1GB/毎日（コスパ重視） LINE相談受付中｜データ通信専用（電話番号なし） | simフリー端末のみ対応 説明書付 イーシム simless,1110,211,,,,,1378,1일,1일,7일,unknown,lte_4g_only,,,"{""cmhk"": null, ""csl"": null, ""smartone"": null, ""three_hk"": null}","{""skt"": null, ""kt"": null, ""lgu"": null}",unlimited,https://www.amazon.co.jp/%E3%80%90%E4%B8%AD%E5%9B%BD%E6%9C%AC%E5%9C%9F%E3%83%BB%E9%A6%99%E6%B8%AFeSIM%E3%80%911%E6%97%A5%E9%96%93-1GB-%E6%AF%8E%E6%97%A5%EF%BC%88%E3%82%B3%E3%82%B9%E3%83%91%E9%87%8D%E8%A6%96%EF%BC%89-LINE%E7%9B%B8%E8%AB%87%E5%8F%97%E4%BB%98%E4%B8%AD%EF%BD%9C%E3%83%87%E3%83%BC%E3%82%BF%E9%80%9A%E4%BF%A1%E5%B0%82%E7%94%A8%EF%BC%88%E9%9B%BB%E8%A9%B1%E7%95%AA%E5%8F%B7%E3%81%AA%E3%81%97%EF%BC%89-sim%E3%83%95%E3%83%AA%E3%83%BC%E7%AB%AF%E6%9C%AB%E3%81%AE%E3%81%BF%E5%AF%BE%E5%BF%9C/dp/B0F11HDY8H,B0F11HDY8H,B0F11HDY8H,DeSiM,DeSiMのストアを表示,"{""price_jpy"": [""￥1,110""], ""usage_validity"": [""【中国本土・香港eSIM】1日間 1GB/毎日（コスパ重視） LINE相談受付中｜データ通信専用（電話番号なし） | simフリー端末のみ対応 説明書付 イーシム simless""], ""activation_validity"": [""商品の説明 購入前の注意事項 【注意事項】 注意事項①：本商品はデータ通信専用です（通話はご利用いただけません）。ご注意ください。 注意事項②：SIMロックフリー端末、もしくはSIMフリー端末専用のサービスです。必ず、ご利用端末がeSIM対応かどうかご確認ください。 注意事項③：2021年10月1日以前にSIMロック解除をキャリア店頭またはインターネットでさ""], ""data_amount"": [""商品の説明 購入前の注意事項 【注意事項】 注意事項①：本商品はデータ通信専用です（通話はご利用いただけません）。ご注意ください。 注意事項②：SIMロックフリー端末、もしくはSIMフリー端末専用のサービスです。必ず、ご利用端末がeSIM対応かどうかご確認ください。 注意事項③：2021年10月1日以前にSIMロック解除をキャリア店頭またはインターネットでさ""], ""network_type"": [""商品の説明 購入前の注意事項 【注意事項】 注意事項①：本商品はデータ通信専用です（通話はご利用いただけません）。ご注意ください。 注意事項②：SIMロックフリー端末、もしくはSIMフリー端末専用のサービスです。必ず、ご利用端末がeSIM対応かどうかご確認ください。 注意事項③：2021年10月1日以前にSIMロック解除をキャリア店頭またはインターネットでさ"", ""【チョコSIM 定額（Sプラン）】【中国の電話番号付きでアプリや施設サービスのSMS認証が可能】【データ容量】合計500MB/月【音声】合計20分間/月 データ/音声/SMS付きSIMカード 中国SIM マカオSIM China unicom ※こちらのSIMカードは契約後、毎月の基本料が発生いたします。※2024年11月1日から台湾でのご利用はできなくなり"", ""score: local=9, roaming=1"", ""local_claim_refers_to:cn""], ""network_generation"": [""product_info_cellular_4g_lte: source:product_info_cellular: 携帯電話技術 LTE""], ""review_count"": [""detail_page: 211""], ""bestseller_rank"": [""Amazon 売れ筋ランキング 家電＆カメラ - 168,265位 ( 家電＆カメラの売れ筋ランキングを見る ) プリペイドSIMカード - 1,378位""], ""title"": [""【中国本土・香港eSIM】1日間 1GB/毎日（コスパ重視） LINE相談受付中｜データ通信専用（電話番号なし） | simフリー端末のみ対応 説明書付 イーシム simless""]}"
amazon_jp,hk,【中国・香港・マカオeSIM】4日間完全無制限（三泊四日 使い放題） DeSiM正規卸 | LINE相談受付中｜データ通信専用（電話番号なし） | simフリー端末のみ対応 説明書付 イーシム DeSiM,4030,5,,,,,1282,4일,4일,7일,unknown,lte_4g_only,,,"{""cmhk"": null, ""csl"": null, ""smartone"": null, ""three_hk"": null}","{""skt"": null, ""kt"": null, ""lgu"": null}",unlimited,https://www.amazon.co.jp/%E3%80%90%E4%B8%AD%E5%9B%BD%E3%83%BB%E9%A6%99%E6%B8%AF%E3%83%BB%E3%83%9E%E3%82%AB%E3%82%AAeSIM%E3%80%914%E6%97%A5%E9%96%93%E5%AE%8C%E5%85%A8%E7%84%A1%E5%88%B6%E9%99%90%EF%BC%88%E4%B8%89%E6%B3%8A%E5%9B%9B%E6%97%A5-DeSiM%E6%AD%A3%E8%A6%8F%E5%8D%B8-LINE%E7%9B%B8%E8%AB%87%E5%8F%97%E4%BB%98%E4%B8%AD%EF%BD%9C%E3%83%87%E3%83%BC%E3%82%BF%E9%80%9A%E4%BF%A1%E5%B0%82%E7%94%A8%EF%BC%88%E9%9B%BB%E8%A9%B1%E7%95%AA%E5%8F%B7%E3%81%AA%E3%81%97%EF%BC%89-sim%E3%83%95%E3%83%AA%E3%83%BC%E7%AB%AF%E6%9C%AB%E3%81%AE%E3%81%BF%E5%AF%BE%E5%BF%9C-DeSiM/dp/B0DL4T8ZWP,B0DL4T8ZWP,B0DL4T8ZWP,DeSiM,DeSiMのストアを表示,"{""price_jpy"": [""￥4,030""], ""usage_validity"": [""【中国・香港・マカオeSIM】4日間完全無制限（三泊四日 使い放題） DeSiM正規卸 | LINE相談受付中｜データ通信専用（電話番号なし） | simフリー端末のみ対応 説明書付 イーシム DeSiM""], ""activation_validity"": [""商品の説明 購入前の注意事項 【注意事項】 注意事項①：本商品はデータ通信専用です（通話はご利用いただけません）。ご注意ください。 注意事項②：SIMロックフリー端末、もしくはSIMフリー端末専用のサービスです。必ず、ご利用端末がeSIM対応かどうかご確認ください。 注意事項③：2021年10月1日以前にSIMロック解除をキャリア店頭またはインターネットでさ""], ""data_amount"": [""商品の説明 購入前の注意事項 【注意事項】 注意事項①：本商品はデータ通信専用です（通話はご利用いただけません）。ご注意ください。 注意事項②：SIMロックフリー端末、もしくはSIMフリー端末専用のサービスです。必ず、ご利用端末がeSIM対応かどうかご確認ください。 注意事項③：2021年10月1日以前にSIMロック解除をキャリア店頭またはインターネットでさ""], ""network_type"": [""商品の説明 購入前の注意事項 【注意事項】 注意事項①：本商品はデータ通信専用です（通話はご利用いただけません）。ご注意ください。 注意事項②：SIMロックフリー端末、もしくはSIMフリー端末専用のサービスです。必ず、ご利用端末がeSIM対応かどうかご確認ください。 注意事項③：2021年10月1日以前にSIMロック解除をキャリア店頭またはインターネットでさ"", ""【チョコSIM 定額（Sプラン）】【中国の電話番号付きでアプリや施設サービスのSMS認証が可能】【データ容量】合計500MB/月【音声】合計20分間/月 データ/音声/SMS付きSIMカード 中国SIM マカオSIM China unicom ※こちらのSIMカードは契約後、毎月の基本料が発生いたします。※2024年11月1日から台湾でのご利用はできなくなり"", ""score: local=9, roaming=1"", ""local_claim_refers_to:cn""], ""network_generation"": [""product_info_cellular_4g_lte: source:product_info_cellular: 携帯電話技術 LTE""], ""review_count"": [""detail_page: (5)""], ""bestseller_rank"": [""Amazon 売れ筋ランキング 家電＆カメラ - 153,548位 ( 家電＆カメラの売れ筋ランキングを見る ) プリペイドSIMカード - 1,282位""], ""title"": [""【中国・香港・マカオeSIM】4日間完全無制限（三泊四日 使い放題） DeSiM正規卸 | LINE相談受付中｜データ通信専用（電話番号なし） | simフリー端末のみ対応 説明書付 イーシム DeSiM""]}"
amazon_jp,hk,【香港・マカオ eSIM】3日間 5GB（二泊三日 コスパ重視） DeSiM正規卸 | LINE相談受付中 |データ通信専用（電話番号なし） | simフリー端末のみ対応 説明書付 イーシム,1210,53,,,,,1112,3일,3일,5일,local,lte_4g_only,,,"{""cmhk"": null, ""csl"": null, ""smartone"": null, ""three_hk"": null}","{""skt"": null, ""kt"": null, ""lgu"": null}",unlimited,https://www.amazon.co.jp/eSIM%E3%80%913%E6%97%A5%E9%96%93-5GB%EF%BC%88%E4%BA%8C%E6%B3%8A%E4%B8%89%E6%97%A5-LINE%E7%9B%B8%E8%AB%87%E5%8F%97%E4%BB%98%E4%B8%AD%EF%BD%9C%E5%BD%93%E6%97%A5%E7%99%BA%E8%A1%8C%E5%8F%AF%E8%83%BD-%E3%83%87%E3%83%BC%E3%82%BF%E9%80%9A%E4%BF%A1%E5%B0%82%E7%94%A8%EF%BC%88%E9%9B%BB%E8%A9%B1%E7%95%AA%E5%8F%B7%E3%81%AA%E3%81%97%EF%BC%89-sim%E3%83%95%E3%83%AA%E3%83%BC%E7%AB%AF%E6%9C%AB%E3%81%AE%E3%81%BF%E5%AF%BE%E5%BF%9C/dp/B0DG57VZRP,B0DG57VZRP,B0DG57VZRP,DeSiM,DeSiMのストアを表示,"{""price_jpy"": [""￥1,210""], ""usage_validity"": [""【香港・マカオ eSIM】3日間 5GB（二泊三日 コスパ重視） DeSiM正規卸 | LINE相談受付中 |データ通信専用（電話番号なし） | simフリー端末のみ対応 説明書付 イーシム""], ""activation_validity"": [""【アメリカeSIM】5日間 高速データ無制限使い放題 当日利用可能&有効期限90日間 5G高速データ通信専用 (5日間) | 説明書付 LINEで年中無休&24時間サポート アメリカ sim ハワイsim プリペイドsim Tiktok&ChatGPT使用可能 America sim way2esim""], ""data_amount"": [""商品の説明 購入前の注意事項 【注意事項】 注意事項①：電話番号は付与されませんので、ご注意ください。 注意事項②：SIMロックフリー端末、もしくはSIMフリー端末専用のサービスです。必ず、ご利用端末がeSIM対応かどうかご確認ください。 注意事項③：2021年10月1日以前にSIMロック解除をキャリア店頭またはインターネットでされた「Android端末」は""], ""network_type"": [""商品の説明 購入前の注意事項 【注意事項】 注意事項①：電話番号は付与されませんので、ご注意ください。 注意事項②：SIMロックフリー端末、もしくはSIMフリー端末専用のサービスです。必ず、ご利用端末がeSIM対応かどうかご確認ください。 注意事項③：2021年10月1日以前にSIMロック解除をキャリア店頭またはインターネットでされた「Android端末」は"", ""【SKTelecoｍ公式認証】 韓国eSIM 3日間 (72時間) 電話番号付き 超高速データ無制限 最初の5分発信無料(韓国国内) お急ぎの方即時発行可(LINE相談受付中) 有効期限／ご購入日より120日以内 現地空港サポート(SKTelecomローミングセンター) SKテレコム正規品 韓国SIMカードタイプではありません"", ""score: local=6, roaming=1""], ""network_generation"": [""product_info_cellular_4g_lte: source:product_info_cellular: 携帯電話技術 LTE""], ""review_count"": [""detail_page: 53""], ""bestseller_rank"": [""Amazon 売れ筋ランキング 家電＆カメラ - 127,958位 ( 家電＆カメラの売れ筋ランキングを見る ) プリペイドSIMカード - 1,112位""], ""title"": [""【香港・マカオ eSIM】3日間 5GB（二泊三日 コスパ重視） DeSiM正規卸 | LINE相談受付中 |データ通信専用（電話番号なし） | simフリー端末のみ対応 説明書付 イーシム""]}"
amazon_jp,hk,【中国SIMカード】90日間 10GB高速データ通信＋低速無制限｜中国・香港・マカオ対応｜中国本土でもGoogle・LINE・YouTube利用可能｜24時間サポート｜中国本土 プリペイドSIM 中国 sim (90日間｜10GB),2680,211,,,,,1555,90일,90일,90일,roaming,5g_capable,,,"{""cmhk"": null, ""csl"": null, ""smartone"": null, ""three_hk"": true}","{""skt"": null, ""kt"": null, ""lgu"": null}",10GB,https://www.amazon.co.jp/%E3%80%90%E4%B8%AD%E5%9B%BDSIM%E3%82%AB%E3%83%BC%E3%83%89%E3%80%9190%E6%97%A5%E9%96%93-10GB%E9%AB%98%E9%80%9F%E3%83%87%E3%83%BC%E3%82%BF%E9%80%9A%E4%BF%A1%EF%BC%8B%E4%BD%8E%E9%80%9F%E7%84%A1%E5%88%B6%E9%99%90%EF%BD%9C%E4%B8%AD%E5%9B%BD%E3%83%BB%E9%A6%99%E6%B8%AF%E3%83%BB%E3%83%9E%E3%82%AB%E3%82%AA%E5%AF%BE%E5%BF%9C%EF%BD%9C%E4%B8%AD%E5%9B%BD%E6%9C%AC%E5%9C%9F%E3%81%A7%E3%82%82Google%E3%83%BBLINE%E3%83%BBYouTube%E5%88%A9%E7%94%A8%E5%8F%AF%E8%83%BD%EF%BD%9C24%E6%99%82%E9%96%93%E3%82%B5%E3%83%9D%E3%83%BC%E3%83%88%EF%BD%9C%E4%B8%AD%E5%9B%BD%E6%9C%AC%E5%9C%9F-%E3%83%97%E3%83%AA%E3%83%9A%E3%82%A4%E3%83%89SIM-sim-90%E6%97%A5%E9%96%93%EF%BD%9C10GB/dp/B0FPR4JQ1V,B0FPR4JQ1V,B0FPR4JQ1V,Global Simcard,アーモンド　ＳＩｍ　ｃａｒｄのストアを表示,"{""price_jpy"": [""￥2,680""], ""usage_validity"": [""【中国SIMカード】90日間 10GB高速データ通信＋低速無制限｜中国・香港・マカオ対応｜中国本土でもGoogle・LINE・YouTube利用可能｜24時間サポート｜中国本土 プリペイドSIM 中国 sim (90日間｜10GB)""], ""activation_validity"": [""⭐【高速データ通信】中国本土・香港・マカオ対応。90日間で合計10GBまで4G/5G高速通信が利用可能。超過後も128kbpsで通信継続でき、低速無制限で安心。 ⭐【中国ネット制限なし】香港ローミング接続で中国政府の規制対象外。Google、LINE、YouTube、SNSなど主要アプリがVPN不要で利用可能。本人確認も不要です。 ⭐【有効期限】未使用なら購""], ""data_amount"": [""⭐【高速データ通信】中国本土・香港・マカオ対応。90日間で合計10GBまで4G/5G高速通信が利用可能。超過後も128kbpsで通信継続でき、低速無制限で安心。""], ""network_type"": [""⭐【中国ネット制限なし】香港ローミング接続で中国政府の規制対象外。Google、LINE、YouTube、SNSなど主要アプリがVPN不要で利用可能。本人確認も不要です。"", ""⭐【高速データ通信】中国本土・香港・マカオ対応。90日間で合計10GBまで4G/5G高速通信が利用可能。超過後も128kbpsで通信継続でき、低速無制限で安心。 ⭐【中国ネット制限なし】香港ローミング接続で中国政府の規制対象外。Google、LINE、YouTube、SNSなど主要アプリがVPN不要で利用可能。本人確認も不要です。 ⭐【有効期限】未使用なら購"", ""score: local=0, roaming=3""], ""network_generation"": [""product_info_cellular_5g: source:product_info_cellular: 携帯電話技術 5G/4G-LTE""], ""carrier_support_local"": [""3HK: ⭐【対応キャリア】中国本土：中国電信（China Telecom）、香港：3HK、マカオ：CTM。中華圏への渡航に幅広く対応。"", ""3HK: ⭐【高速データ通信】中国本土・香港・マカオ対応。90日間で合計10GBまで4G/5G高速通信が利用可能。超過後も128kbpsで通信継続でき、低速無制限で安心。 ⭐【中国ネット制限なし】香港ローミング接続で中国政府の規制対象外。Google、LINE、YouTube、SNSなど主要アプリがVPN不要"", ""3HK: サービスプロバイダ China Telecom/3HK /CTM"", ""3HK: Amazon.co.jp: 【中国SIMカード】90日間 10GB高速データ通信＋低速無制限｜中国・香港・マカオ対応｜中国本土でもGoogle・LINE・YouTube利用可能｜24時間サポート｜中国本土 プリペイドSIM 中国 sim (90日間｜10GB) : 家電＆カメラ 次に移動 メインコン""], ""review_count"": [""detail_page: 211""], ""bestseller_rank"": [""Amazon 売れ筋ランキング 家電＆カメラ - 192,731位 ( 家電＆カメラの売れ筋ランキングを見る ) プリペイドSIMカード - 1,555位""], ""title"": [""【中国SIMカード】90日間 10GB高速データ通信＋低速無制限｜中国・香港・マカオ対応｜中国本土でもGoogle・LINE・YouTube利用可能｜24時間サポート｜中国本土 プリペイドSIM 中国 sim (90日間｜10GB)""]}"
amazon_jp,hk,中国 香港 マカオ eSIM 5日間 無制限 5G/4G 日本国内500MB付 データ通信専用 QRコード,1980,55,,,,,776,5일,5일,,unknown,5g_capable,,,"{""cmhk"": null, ""csl"": true, ""smartone"": null, ""three_hk"": null}","{""skt"": null, ""kt"": null, ""lgu"": null}",unlimited,https://www.amazon.co.jp/%E3%83%9E%E3%82%AB%E3%82%AA-eSIM-%E6%97%A5%E6%9C%AC%E5%9B%BD%E5%86%85500MB%E4%BB%98-%E3%83%87%E3%83%BC%E3%82%BF%E9%80%9A%E4%BF%A1%E5%B0%82%E7%94%A8-QR%E3%82%B3%E3%83%BC%E3%83%89/dp/B0HHMF9LBT,B0HHMF9LBT,B0HHMF9LBT,株式会社DHA Corporation,DHA SIMのストアを表示,"{""price_jpy"": [""￥1,980""], ""usage_validity"": [""中国 香港 マカオ eSIM 5日間 無制限 5G/4G 日本国内500MB付 データ通信専用 QRコード""], ""data_amount"": [""【5日間データ無制限】中国、香港、マカオで高速通信｜SNS※・地図・動画も利用可能 | ※ChatGPT / TikTokは利用不可となります。""], ""network_type"": [""no_local_or_roaming_keyword_matched""], ""network_generation"": [""product_info_cellular_5g: source:product_info_cellular: 携帯電話技術 5G / 4G LTE""], ""carrier_support_local"": [""CSL: サービスプロバイダ 中国：China Unicom / 香港：CSL / マカオ：CTM / 日本：KDDI""], ""review_count"": [""detail_page: 55""], ""bestseller_rank"": [""Amazon 売れ筋ランキング 家電＆カメラ - 79,235位 ( 家電＆カメラの売れ筋ランキングを見る ) プリペイドSIMカード - 776位""], ""title"": [""中国 香港 マカオ eSIM 5日間 無制限 5G/4G 日本国内500MB付 データ通信専用 QRコード""]}"
amazon_jp,hk,【Almond eSIM】香港 マカオ esim 10日間 高速データ通信 完全無制限 メールで納品 お急ぎの方当日発行可能（LINEで24時間相談可能） 24時間カスタマサポート 5G 4G-LTE対応 プリペイド ESIMプラン 香港 マカオesim sim (10日間使い放題),3680,16,,,,,136,10일,10일,30일,local,5g_capable,,,"{""cmhk"": null, ""csl"": null, ""smartone"": true, ""three_hk"": null}","{""skt"": null, ""kt"": null, ""lgu"": null}",unlimited,https://www.amazon.co.jp/%E3%80%90Almond-%E3%81%8A%E6%80%A5%E3%81%8E%E3%81%AE%E6%96%B9%E5%BD%93%E6%97%A5%E7%99%BA%E8%A1%8C%E5%8F%AF%E8%83%BD%EF%BC%88LINE%E3%81%A724%E6%99%82%E9%96%93%E7%9B%B8%E8%AB%87%E5%8F%AF%E8%83%BD%EF%BC%89-24%E6%99%82%E9%96%93%E3%82%AB%E3%82%B9%E3%82%BF%E3%83%9E%E3%82%B5%E3%83%9D%E3%83%BC%E3%83%88-4G-LTE%E5%AF%BE%E5%BF%9C-10%E6%97%A5%E9%96%93%E4%BD%BF%E3%81%84%E6%94%BE%E9%A1%8C/dp/B0CPY1Q6SW,B0CPY1Q6SW,B0CPY1Q6SW,株式会社ビッグコネクト,bigconnectのストアを表示,"{""price_jpy"": [""￥3,680""], ""usage_validity"": [""【Almond eSIM】香港 マカオ esim 10日間 高速データ通信 完全無制限 メールで納品 お急ぎの方当日発行可能（LINEで24時間相談可能） 24時間カスタマサポート 5G 4G-LTE対応 プリペイド ESIMプラン 香港 マカオesim sim (10日間使い放題)""], ""activation_validity"": [""【SimCardの有効期限】メールで納品した30日以内にご利用始めてください。該当の商品はEsimcardになります、物理SIMカードを装着するのではなく、スマートフォンやタブレット等の端末内にあらかじめ埋め込まれたチップに、インターネット経由でデータプランを書き込むことができます。物理のSIMが入っていません。""], ""data_amount"": [""【高速データ完全無制限】 通信専用Esimになります。※データ容量無制限。高速データ使い放題※現地時間の00:00-23：59区切りで、カウントされます。""], ""network_type"": [""【現地キャリア利用】香港 マカオで使用できるeSIM、香港 マカオ渡航スケジュールに対応する手軽なeSIMカード。キャリア：香港：Smartone、HKT、3 マカオ:CTM ，香港 マカオでは信号が広く、ネットワークが安定し、速度が速いです。eSIMのsimカードはプリペイドsimカードと違って、挿入作業不要(iPhone・androidともeSIMのQR"", ""【チョコSIM 定額（Sプラン）】【中国の電話番号付きでアプリや施設サービスのSMS認証が可能】【データ容量】合計500MB/月【音声】合計20分間/月 データ/音声/SMS付きSIMカード 中国SIM マカオSIM China unicom ※こちらのSIMカードは契約後、毎月の基本料が発生いたします。※2024年11月1日から台湾でのご利用はできなくなり"", ""score: local=9, roaming=0""], ""network_generation"": [""product_info_cellular_5g: source:product_info_cellular: 携帯電話技術 LTE, 5G"", ""product_info_cellular_4g_lte_signal_present_but_5g_capable_takes_precedence""], ""carrier_support_local"": [""SmarTone: 【現地キャリア利用】香港 マカオで使用できるeSIM、香港 マカオ渡航スケジュールに対応する手軽なeSIMカード。キャリア：香港：Smartone、HKT、3 マカオ:CTM ，香港 マカオでは信号が広く、ネットワークが安定し、速度が速いです。eSIMのsimカードはプリペイドsimカードと違って、"", ""SmarTone: サービスプロバイダ Smartone, HKT, 3, CTM""], ""review_count"": [""detail_page: 16""], ""bestseller_rank"": [""Amazon 売れ筋ランキング 家電＆カメラ - 71,420位 ( 家電＆カメラの売れ筋ランキングを見る ) 定期契約SIMカード - 136位""], ""title"": [""【Almond eSIM】香港 マカオ esim 10日間 高速データ通信 完全無制限 メールで納品 お急ぎの方当日発行可能（LINEで24時間相談可能） 24時間カスタマサポート 5G 4G-LTE対応 プリペイド ESIMプラン 香港 マカオesim sim (10日間使い放題)""]}"
amazon_jp,hk,【中国SIMカード】30日間 5GB高速データ＋低速無制限｜中国・香港・マカオ対応｜中国本土でもGoogle・LINE・YouTube利用可能｜24時間サポート｜中国本土 プリペイドSIM 中国 sim (30日間｜5GB),1480,211,,,,,1787,30일,30일,30일,roaming,5g_capable,,,"{""cmhk"": null, ""csl"": null, ""smartone"": null, ""three_hk"": true}","{""skt"": null, ""kt"": null, ""lgu"": null}",5GB,https://www.amazon.co.jp/%E3%80%90%E4%B8%AD%E5%9B%BDSIM%E3%82%AB%E3%83%BC%E3%83%89%E3%80%9130%E6%97%A5%E9%96%93-5GB%E9%AB%98%E9%80%9F%E3%83%87%E3%83%BC%E3%82%BF%EF%BC%8B%E4%BD%8E%E9%80%9F%E7%84%A1%E5%88%B6%E9%99%90%EF%BD%9C%E4%B8%AD%E5%9B%BD%E3%83%BB%E9%A6%99%E6%B8%AF%E3%83%BB%E3%83%9E%E3%82%AB%E3%82%AA%E5%AF%BE%E5%BF%9C%EF%BD%9C%E4%B8%AD%E5%9B%BD%E6%9C%AC%E5%9C%9F%E3%81%A7%E3%82%82Google%E3%83%BBLINE%E3%83%BBYouTube%E5%88%A9%E7%94%A8%E5%8F%AF%E8%83%BD%EF%BD%9C24%E6%99%82%E9%96%93%E3%82%B5%E3%83%9D%E3%83%BC%E3%83%88%EF%BD%9C%E4%B8%AD%E5%9B%BD%E6%9C%AC%E5%9C%9F-%E3%83%97%E3%83%AA%E3%83%9A%E3%82%A4%E3%83%89SIM-sim-30%E6%97%A5%E9%96%93%EF%BD%9C5GB/dp/B0FPR3TNGW,B0FPR3TNGW,B0FPR3TNGW,Global Simcard,アーモンド　ＳＩｍ　ｃａｒｄのストアを表示,"{""price_jpy"": [""￥1,480""], ""usage_validity"": [""【中国SIMカード】30日間 5GB高速データ＋低速無制限｜中国・香港・マカオ対応｜中国本土でもGoogle・LINE・YouTube利用可能｜24時間サポート｜中国本土 プリペイドSIM 中国 sim (30日間｜5GB)""], ""activation_validity"": [""⭐【高速データ通信】中国本土・香港・マカオ対応。30日間で合計5GBまで4G/5G高速通信が利用可能。超過後も128kbpsで通信継続でき、低速無制限で安心。 ⭐【中国ネット制限なし】香港ローミング接続で中国政府の規制対象外。Google、LINE、YouTube、SNSなど主要アプリがVPN不要で利用可能。本人確認も不要です。 ⭐【有効期限】未使用なら購入""], ""data_amount"": [""⭐【高速データ通信】中国本土・香港・マカオ対応。30日間で合計5GBまで4G/5G高速通信が利用可能。超過後も128kbpsで通信継続でき、低速無制限で安心。""], ""network_type"": [""⭐【中国ネット制限なし】香港ローミング接続で中国政府の規制対象外。Google、LINE、YouTube、SNSなど主要アプリがVPN不要で利用可能。本人確認も不要です。"", ""⭐【高速データ通信】中国本土・香港・マカオ対応。30日間で合計5GBまで4G/5G高速通信が利用可能。超過後も128kbpsで通信継続でき、低速無制限で安心。 ⭐【中国ネット制限なし】香港ローミング接続で中国政府の規制対象外。Google、LINE、YouTube、SNSなど主要アプリがVPN不要で利用可能。本人確認も不要です。 ⭐【有効期限】未使用なら購入"", ""score: local=0, roaming=3""], ""network_generation"": [""product_info_cellular_5g: source:product_info_cellular: 携帯電話技術 5G/4G-LTE""], ""carrier_support_local"": [""3HK: ⭐【対応キャリア】中国本土：中国電信（China Telecom）、香港：3HK、マカオ：CTM。中華圏への渡航に幅広く対応。"", ""3HK: ⭐【高速データ通信】中国本土・香港・マカオ対応。30日間で合計5GBまで4G/5G高速通信が利用可能。超過後も128kbpsで通信継続でき、低速無制限で安心。 ⭐【中国ネット制限なし】香港ローミング接続で中国政府の規制対象外。Google、LINE、YouTube、SNSなど主要アプリがVPN不要で"", ""3HK: サービスプロバイダ China Telecom/3HK /CTM"", ""3HK: Amazon.co.jp: 【中国SIMカード】30日間 5GB高速データ＋低速無制限｜中国・香港・マカオ対応｜中国本土でもGoogle・LINE・YouTube利用可能｜24時間サポート｜中国本土 プリペイドSIM 中国 sim (30日間｜5GB) : 家電＆カメラ 次に移動 メインコンテンツ ""], ""review_count"": [""detail_page: 211""], ""bestseller_rank"": [""Amazon 売れ筋ランキング 家電＆カメラ - 231,586位 ( 家電＆カメラの売れ筋ランキングを見る ) プリペイドSIMカード - 1,787位""], ""title"": [""【中国SIMカード】30日間 5GB高速データ＋低速無制限｜中国・香港・マカオ対応｜中国本土でもGoogle・LINE・YouTube利用可能｜24時間サポート｜中国本土 プリペイドSIM 中国 sim (30日間｜5GB)""]}"
amazon_jp,hk,中国・香港・マカオ・台湾対応 eSIM 7日間無制限【当日発行・メール送信】高速5G/4G LTE・テザリング可能 簡単QRコード設定 LINE相談受付中 データ通信専用（音声通話なし）SIMカード不要・契約不要,2699,3,,,,,1009,7일,7일,7일,unknown,5g_capable,,,"{""cmhk"": null, ""csl"": null, ""smartone"": null, ""three_hk"": null}","{""skt"": null, ""kt"": null, ""lgu"": null}",unlimited,https://www.amazon.co.jp/%E4%B8%AD%E5%9B%BD%E3%83%BB%E9%A6%99%E6%B8%AF%E3%83%BB%E3%83%9E%E3%82%AB%E3%82%AA%E3%83%BB%E5%8F%B0%E6%B9%BE%E5%AF%BE%E5%BF%9C-7%E6%97%A5%E9%96%93%E7%84%A1%E5%88%B6%E9%99%90%E3%80%90%E5%BD%93%E6%97%A5%E7%99%BA%E8%A1%8C%E3%83%BB%E3%83%A1%E3%83%BC%E3%83%AB%E9%80%81%E4%BF%A1%E3%80%91%E9%AB%98%E9%80%9F5G-LTE%E3%83%BB%E3%83%86%E3%82%B6%E3%83%AA%E3%83%B3%E3%82%B0%E5%8F%AF%E8%83%BD-%E7%B0%A1%E5%8D%98QR%E3%82%B3%E3%83%BC%E3%83%89%E8%A8%AD%E5%AE%9A-%E3%83%87%E3%83%BC%E3%82%BF%E9%80%9A%E4%BF%A1%E5%B0%82%E7%94%A8%EF%BC%88%E9%9F%B3%E5%A3%B0%E9%80%9A%E8%A9%B1%E3%81%AA%E3%81%97%EF%BC%89SIM%E3%82%AB%E3%83%BC%E3%83%89%E4%B8%8D%E8%A6%81%E3%83%BB%E5%A5%91%E7%B4%84%E4%B8%8D%E8%A6%81/dp/B0GT92LGD2,B0GT92LGD2,B0GT92LGD2,umacaroon,ブランド: UROZETTA,"{""price_jpy"": [""￥2,699""], ""usage_validity"": [""中国・香港・マカオ・台湾対応 eSIM 7日間無制限【当日発行・メール送信】高速5G/4G LTE・テザリング可能 簡単QRコード設定 LINE相談受付中 データ通信専用（音声通話なし）SIMカード不要・契約不要""], ""activation_validity"": [""大中華区SIMカード-中国、香港、マカオ、台湾向けプリペイドデータプラン｜2 GB毎日データ、7日有効期限｜高速4/5 G LTE｜旅行者に最適""], ""data_amount"": [""【中国本土・香港・マカオ・台湾eSIMカード】アクティベート後、7日間、高速4G LTE通信が無制限でご利用いただけます。ホットスポット機能により複数端末の接続も可能です。QRコードから事前インストールが行えます。現地到着後、データローミングをオンにするだけで、すぐにインターネットをご利用いただけます。 *ご注意：有効期間は現地ネットワークに初回接続した時点""], ""network_type"": [""local_signal: 【VPN不要で、安定・高速な4G通信環境】中国本土・香港・マカオで、台湾高速かつ安定した5G/4Gネットワークをご利用いただけます。Google Maps、LINE、Instagram、YouTube、ChatGPT（※TikTokは非対応）などの主要アプリやウェブサイトに、現地回線の制限を受けることなく簡単にアクセス可能。ビジネス出張でも観光でも、途切れな"", ""roaming_signal: 【中国本土・香港・マカオ・台湾eSIMカード】アクティベート後、7日間、高速4G LTE通信が無制限でご利用いただけます。ホットスポット機能により複数端末の接続も可能です。QRコードから事前インストールが行えます。現地到着後、データローミングをオンにするだけで、すぐにインターネットをご利用いただけます。 *ご注意：有効期間は現地ネットワークに初回接続した時点"", ""insufficient_or_conflicting_signals(local=6, roaming=6)""], ""network_generation"": [""product_info_cellular_5g: source:product_info_cellular: 携帯電話技術 5G/4G LTE""], ""review_count"": [""detail_page: 3""], ""bestseller_rank"": [""Amazon 売れ筋ランキング 家電＆カメラ - 111,865位 ( 家電＆カメラの売れ筋ランキングを見る ) プリペイドSIMカード - 1,009位""], ""title"": [""中国・香港・マカオ・台湾対応 eSIM 7日間無制限【当日発行・メール送信】高速5G/4G LTE・テザリング可能 簡単QRコード設定 LINE相談受付中 データ通信専用（音声通話なし）SIMカード不要・契約不要""]}"
amazon_jp,hk,香港 simカード 香港タイワンSIMカード 3/4/5日間プリペイドSIMカード データ通信無制限使い放題 (4日間),1075,1,,,,,1159,4일,4일,7일,local,lte_4g_only,,,"{""cmhk"": null, ""csl"": null, ""smartone"": null, ""three_hk"": null}","{""skt"": null, ""kt"": null, ""lgu"": null}",unlimited,https://www.amazon.co.jp/sim%E3%82%AB%E3%83%BC%E3%83%89-%E9%A6%99%E6%B8%AF%E3%82%BF%E3%82%A4%E3%83%AF%E3%83%B3SIM%E3%82%AB%E3%83%BC%E3%83%89-5%E6%97%A5%E9%96%93%E3%83%97%E3%83%AA%E3%83%9A%E3%82%A4%E3%83%89SIM%E3%82%AB%E3%83%BC%E3%83%89-%E3%83%87%E3%83%BC%E3%82%BF%E9%80%9A%E4%BF%A1%E7%84%A1%E5%88%B6%E9%99%90%E4%BD%BF%E3%81%84%E6%94%BE%E9%A1%8C-4%E6%97%A5%E9%96%93/dp/B0F7LPH6YY,B0F7LPH6YY,B0F7LPH6YY,Easy Go Technology,ブランド: Easygo Travel Everyday,"{""price_jpy"": [""￥1,075""], ""usage_validity"": [""香港 simカード 香港タイワンSIMカード 3/4/5日間プリペイドSIMカード データ通信無制限使い放題 (4日間)""], ""activation_validity"": [""大中華区SIMカード-中国、香港、マカオ、台湾向けプリペイドデータプラン｜2 GB毎日データ、7日有効期限｜高速4/5 G LTE｜旅行者に最適""], ""data_amount"": [""【データ通信無制限】 香港SIMカードは、5G LTE高速ネットワークで完全無制限のデータ通信を提供します（*一部地域では3G通信に切り替わる場合があります）。1日のデータ使用量が2GBに達すると、最大通信速度が256kbpsに低下しますが、翌日の香港現地時間午前0時に速度制限が自動解除されます。""], ""network_type"": [""【チョコSIM 定額（Sプラン）】【中国の電話番号付きでアプリや施設サービスのSMS認証が可能】【データ容量】合計500MB/月【音声】合計20分間/月 データ/音声/SMS付きSIMカード 中国SIM マカオSIM China unicom ※こちらのSIMカードは契約後、毎月の基本料が発生いたします。※2024年11月1日から台湾でのご利用はできなくなり"", ""【SKTelecoｍ公式認証】 韓国eSIM 3日間 (72時間) 電話番号付き 超高速データ無制限 最初の5分発信無料(韓国国内) お急ぎの方即時発行可(LINE相談受付中) 有効期限／ご購入日より120日以内 現地空港サポート(SKTelecomローミングセンター) SKテレコム正規品 韓国SIMカードタイプではありません"", ""score: local=6, roaming=0""], ""network_generation"": [""product_info_cellular_4g_lte: source:product_info_cellular: 携帯電話技術 LTE""], ""review_count"": [""detail_page: (1)""], ""bestseller_rank"": [""Amazon 売れ筋ランキング 家電＆カメラ - 137,282位 ( 家電＆カメラの売れ筋ランキングを見る ) プリペイドSIMカード - 1,159位""], ""title"": [""香港 simカード 香港タイワンSIMカード 3/4/5日間プリペイドSIMカード データ通信無制限使い放題 (4日間)""]}"
amazon_jp,hk,【香港・マカオ eSIM】5日間 5GB（四泊五日 コスパ重視） DeSiM正規卸 | LINE相談受付中 |データ通信専用（電話番号なし） | simフリー端末のみ対応 説明書付 イーシム,1280,1,,,,,856,5일,5일,5일,local,lte_4g_only,,,"{""cmhk"": null, ""csl"": null, ""smartone"": null, ""three_hk"": null}","{""skt"": null, ""kt"": null, ""lgu"": null}",unlimited,https://www.amazon.co.jp/eSIM%E3%80%915%E6%97%A5%E9%96%93-5GB%EF%BC%88%E5%9B%9B%E6%B3%8A%E4%BA%94%E6%97%A5-LINE%E7%9B%B8%E8%AB%87%E5%8F%97%E4%BB%98%E4%B8%AD%EF%BD%9C%E5%BD%93%E6%97%A5%E7%99%BA%E8%A1%8C%E5%8F%AF%E8%83%BD-%E3%83%87%E3%83%BC%E3%82%BF%E9%80%9A%E4%BF%A1%E5%B0%82%E7%94%A8%EF%BC%88%E9%9B%BB%E8%A9%B1%E7%95%AA%E5%8F%B7%E3%81%AA%E3%81%97%EF%BC%89-sim%E3%83%95%E3%83%AA%E3%83%BC%E7%AB%AF%E6%9C%AB%E3%81%AE%E3%81%BF%E5%AF%BE%E5%BF%9C/dp/B0DG4N7PJW,B0DG4N7PJW,B0DG4N7PJW,DeSiM,DeSiMのストアを表示,"{""price_jpy"": [""￥1,280""], ""usage_validity"": [""【香港・マカオ eSIM】5日間 5GB（四泊五日 コスパ重視） DeSiM正規卸 | LINE相談受付中 |データ通信専用（電話番号なし） | simフリー端末のみ対応 説明書付 イーシム""], ""activation_validity"": [""【アメリカeSIM】5日間 高速データ無制限使い放題 当日利用可能&有効期限90日間 5G高速データ通信専用 (5日間) | 説明書付 LINEで年中無休&24時間サポート アメリカ sim ハワイsim プリペイドsim Tiktok&ChatGPT使用可能 America sim way2esim""], ""data_amount"": [""商品の説明 購入前の注意事項 【注意事項】 注意事項①：電話番号は付与されませんので、ご注意ください。 注意事項②：SIMロックフリー端末、もしくはSIMフリー端末専用のサービスです。必ず、ご利用端末がeSIM対応かどうかご確認ください。 注意事項③：2021年10月1日以前にSIMロック解除をキャリア店頭またはインターネットでされた「Android端末」は""], ""network_type"": [""商品の説明 購入前の注意事項 【注意事項】 注意事項①：電話番号は付与されませんので、ご注意ください。 注意事項②：SIMロックフリー端末、もしくはSIMフリー端末専用のサービスです。必ず、ご利用端末がeSIM対応かどうかご確認ください。 注意事項③：2021年10月1日以前にSIMロック解除をキャリア店頭またはインターネットでされた「Android端末」は"", ""【チョコSIM 定額（Sプラン）】【中国の電話番号付きでアプリや施設サービスのSMS認証が可能】【データ容量】合計500MB/月【音声】合計20分間/月 データ/音声/SMS付きSIMカード 中国SIM マカオSIM China unicom ※こちらのSIMカードは契約後、毎月の基本料が発生いたします。※2024年11月1日から台湾でのご利用はできなくなり"", ""score: local=9, roaming=1""], ""network_generation"": [""product_info_cellular_4g_lte: source:product_info_cellular: 携帯電話技術 LTE""], ""review_count"": [""detail_page: (1)""], ""bestseller_rank"": [""Amazon 売れ筋ランキング 家電＆カメラ - 89,755位 ( 家電＆カメラの売れ筋ランキングを見る ) プリペイドSIMカード - 856位""], ""title"": [""【香港・マカオ eSIM】5日間 5GB（四泊五日 コスパ重視） DeSiM正規卸 | LINE相談受付中 |データ通信専用（電話番号なし） | simフリー端末のみ対応 説明書付 イーシム""]}"
amazon_jp,hk,中国・香港・マカオ・台湾対応 eSIM 4日間無制限【当日発行・メール送信】高速5G/4G LTE・テザリング可能 簡単QRコード設定 LINE相談受付中 データ通信専用（音声通話なし）SIMカード不要・契約不要,1599,211,,,,,1114,4일,4일,,unknown,5g_capable,,,"{""cmhk"": null, ""csl"": null, ""smartone"": null, ""three_hk"": null}","{""skt"": null, ""kt"": null, ""lgu"": null}",unlimited,https://www.amazon.co.jp/%E4%B8%AD%E5%9B%BD%E3%83%BB%E9%A6%99%E6%B8%AF%E3%83%BB%E3%83%9E%E3%82%AB%E3%82%AA%E3%83%BB%E5%8F%B0%E6%B9%BE%E5%AF%BE%E5%BF%9C-4%E6%97%A5%E9%96%93%E7%84%A1%E5%88%B6%E9%99%90%E3%80%90%E5%BD%93%E6%97%A5%E7%99%BA%E8%A1%8C%E3%83%BB%E3%83%A1%E3%83%BC%E3%83%AB%E9%80%81%E4%BF%A1%E3%80%91%E9%AB%98%E9%80%9F5G-LTE%E3%83%BB%E3%83%86%E3%82%B6%E3%83%AA%E3%83%B3%E3%82%B0%E5%8F%AF%E8%83%BD-%E7%B0%A1%E5%8D%98QR%E3%82%B3%E3%83%BC%E3%83%89%E8%A8%AD%E5%AE%9A-%E3%83%87%E3%83%BC%E3%82%BF%E9%80%9A%E4%BF%A1%E5%B0%82%E7%94%A8%EF%BC%88%E9%9F%B3%E5%A3%B0%E9%80%9A%E8%A9%B1%E3%81%AA%E3%81%97%EF%BC%89SIM%E3%82%AB%E3%83%BC%E3%83%89%E4%B8%8D%E8%A6%81%E3%83%BB%E5%A5%91%E7%B4%84%E4%B8%8D%E8%A6%81/dp/B0GSZRNFHZ,B0GSZRNFHZ,B0GSZRNFHZ,umacaroon,ブランド: UROZETTA,"{""price_jpy"": [""￥1,599""], ""usage_validity"": [""中国・香港・マカオ・台湾対応 eSIM 4日間無制限【当日発行・メール送信】高速5G/4G LTE・テザリング可能 簡単QRコード設定 LINE相談受付中 データ通信専用（音声通話なし）SIMカード不要・契約不要""], ""data_amount"": [""【中国本土・香港・マカオ・台湾eSIMカード】アクティベート後、4日間、高速4G LTE通信が無制限でご利用いただけます。ホットスポット機能により複数端末の接続も可能です。QRコードから事前インストールが行えます。現地到着後、データローミングをオンにするだけで、すぐにインターネットをご利用いただけます。 *ご注意：有効期間は現地ネットワークに初回接続した時点""], ""network_type"": [""local_signal: 【VPN不要で、安定・高速な4G通信環境】中国本土・香港・マカオで、台湾高速かつ安定した5G/4Gネットワークをご利用いただけます。Google Maps、LINE、Instagram、YouTube、ChatGPT（※TikTokは非対応）などの主要アプリやウェブサイトに、現地回線の制限を受けることなく簡単にアクセス可能。ビジネス出張でも観光でも、途切れな"", ""roaming_signal: 【中国本土・香港・マカオ・台湾eSIMカード】アクティベート後、4日間、高速4G LTE通信が無制限でご利用いただけます。ホットスポット機能により複数端末の接続も可能です。QRコードから事前インストールが行えます。現地到着後、データローミングをオンにするだけで、すぐにインターネットをご利用いただけます。 *ご注意：有効期間は現地ネットワークに初回接続した時点"", ""insufficient_or_conflicting_signals(local=6, roaming=6)""], ""network_generation"": [""product_detail_5g: source:feature_bullets: 【VPN不要で、安定・高速な4G通信環境】中国本土・香港・マカオで、台湾高速かつ安定した5G/4Gネットワークをご利用いただけます。Google Maps、LINE、Instagram、YouTube、ChatGPT（※TikTokは非対応）などの主要アプリやウェブサイトに、現地回線の制限を受けることなく簡単に"", ""product_detail_4g_lte_signal_present_but_5g_capable_takes_precedence""], ""review_count"": [""detail_page: 211""], ""bestseller_rank"": [""Amazon 売れ筋ランキング 家電＆カメラ - 128,561位 ( 家電＆カメラの売れ筋ランキングを見る ) プリペイドSIMカード - 1,114位""], ""title"": [""中国・香港・マカオ・台湾対応 eSIM 4日間無制限【当日発行・メール送信】高速5G/4G LTE・テザリング可能 簡単QRコード設定 LINE相談受付中 データ通信専用（音声通話なし）SIMカード不要・契約不要""]}"
amazon_jp,hk,【中国 SIM】5日間 高速データ完全無制限｜中国本土・香港・マカオ対応｜Google/LINE/YouTube利用可｜実名登録不要｜年中無休・24時間サポート｜中国本土 プリペイドsim 香港 sim 中国 simカード,2180,211,,,,,1834,5일,5일,5일,unknown,5g_capable,,,"{""cmhk"": null, ""csl"": null, ""smartone"": null, ""three_hk"": true}","{""skt"": null, ""kt"": null, ""lgu"": null}",unlimited,https://www.amazon.co.jp/SIM%E3%80%915%E6%97%A5%E9%96%93-%E9%AB%98%E9%80%9F%E3%83%87%E3%83%BC%E3%82%BF%E5%AE%8C%E5%85%A8%E7%84%A1%E5%88%B6%E9%99%90%EF%BD%9C%E4%B8%AD%E5%9B%BD%E6%9C%AC%E5%9C%9F%E3%83%BB%E9%A6%99%E6%B8%AF%E3%83%BB%E3%83%9E%E3%82%AB%E3%82%AA%E5%AF%BE%E5%BF%9C%EF%BD%9CGoogle-YouTube%E5%88%A9%E7%94%A8%E5%8F%AF%EF%BD%9C%E5%AE%9F%E5%90%8D%E7%99%BB%E9%8C%B2%E4%B8%8D%E8%A6%81%EF%BD%9C%E5%B9%B4%E4%B8%AD%E7%84%A1%E4%BC%91%E3%83%BB24%E6%99%82%E9%96%93%E3%82%B5%E3%83%9D%E3%83%BC%E3%83%88%EF%BD%9C%E4%B8%AD%E5%9B%BD%E6%9C%AC%E5%9C%9F-%E3%83%97%E3%83%AA%E3%83%9A%E3%82%A4%E3%83%89sim-5%E6%97%A5%E9%96%93%EF%BD%9C%E7%84%A1%E5%88%B6%E9%99%90/dp/B0FTM9LCHF,B0FTM9LCHF,B0FTM9LCHF,Global eSIMshop,ブランド: PLUG TO GO,"{""price_jpy"": [""￥2,180""], ""usage_validity"": [""【中国 SIM】5日間 高速データ完全無制限｜中国本土・香港・マカオ対応｜Google/LINE/YouTube利用可｜実名登録不要｜年中無休・24時間サポート｜中国本土 プリペイドsim 香港 sim 中国 simカード""], ""activation_validity"": [""【中国 SIM】5日間 高速データ完全無制限｜中国本土・香港・マカオ対応｜Google/LINE/YouTube利用可｜実名登録不要｜年中無休・24時間サポート｜中国本土 プリペイドsim 香港 sim 中国 simカード""], ""data_amount"": [""【高速データ】 データ通信専用のSIMです。※高速データ容量は無制限。完全使い放題プラン、中国ネット規制対象外 中国でもGoogle、LINE、YouTubeなどVPNなしで利用可能、本人確認やSIMカード認証は不要で、1-30日間選択可能。""], ""network_type"": [""local_signal: 【Almond SIM】 ベトナム 7日間 完全無制限 電話番号付き｜純正Vietnamobile キャリア ｜ホーチミン・ハノイなど 対応｜LINEで24時間サポート｜4G-LTE対応 プリペイドsim ｜Vietnam simカード (物理sim/7日間)"", ""roaming_signal: 【中国ネット規制なし】 中国本土では香港回線をローミング利用するため、中国政府のネット規制対象外。Google、LINE、Facebook、Twitter、YouTube、Instagramなど主要サービスがVPN不要でそのままご利用いただけます。"", ""insufficient_or_conflicting_signals(local=3, roaming=3)""], ""network_generation"": [""product_info_cellular_5g: source:product_info_cellular: 携帯電話技術 5G/4G""], ""carrier_support_local"": [""3HK: 【対応端末】SIMフリー／SIMロック解除済みスマートフォン専用。タブレット・PC・Wi-Fiルーターではご利用いただけません。標準／micro／nano SIMサイズに対応。 キャリア：中国：中国電信（China Telecom）／香港：3HK／マカオ：CTM。"", ""3HK: 【高速データ】 データ通信専用のSIMです。※高速データ容量は無制限。完全使い放題プラン、中国ネット規制対象外 中国でもGoogle、LINE、YouTubeなどVPNなしで利用可能、本人確認やSIMカード認証は不要で、1-30日間選択可能。 【中国ネット規制なし】 中国本土では香港回線をローミング"", ""3HK: サービスプロバイダ China Telecom/3HK/CTM"", ""3HK: Amazon.co.jp: 【中国 SIM】5日間 高速データ完全無制限｜中国本土・香港・マカオ対応｜Google/LINE/YouTube利用可｜実名登録不要｜年中無休・24時間サポート｜中国本土 プリペイドsim 香港 sim 中国 simカード : 家電＆カメラ 次に移動 メインコンテンツ こ""], ""review_count"": [""detail_page: 211""], ""bestseller_rank"": [""Amazon 売れ筋ランキング 家電＆カメラ - 238,487位 ( 家電＆カメラの売れ筋ランキングを見る ) プリペイドSIMカード - 1,834位""], ""title"": [""【中国 SIM】5日間 高速データ完全無制限｜中国本土・香港・マカオ対応｜Google/LINE/YouTube利用可｜実名登録不要｜年中無休・24時間サポート｜中国本土 プリペイドsim 香港 sim 中国 simカード""]}"
amazon_jp,hk,【香港・マカオeSIM】2日間 1GB/毎日（コスパ重視） LINE相談受付中｜データ通信専用（電話番号なし） | simフリー端末のみ対応 説明書付 イーシム simless,900,53,,,,,1099,2일,2일,7일,local,lte_4g_only,,,"{""cmhk"": null, ""csl"": null, ""smartone"": null, ""three_hk"": null}","{""skt"": null, ""kt"": null, ""lgu"": null}",unlimited,https://www.amazon.co.jp/%E3%80%90%E9%A6%99%E6%B8%AF%E3%83%BB%E3%83%9E%E3%82%AB%E3%82%AAeSIM%E3%80%912%E6%97%A5%E9%96%93-1GB-%E6%AF%8E%E6%97%A5%EF%BC%88%E3%82%B3%E3%82%B9%E3%83%91%E9%87%8D%E8%A6%96%EF%BC%89-LINE%E7%9B%B8%E8%AB%87%E5%8F%97%E4%BB%98%E4%B8%AD%EF%BD%9C%E3%83%87%E3%83%BC%E3%82%BF%E9%80%9A%E4%BF%A1%E5%B0%82%E7%94%A8%EF%BC%88%E9%9B%BB%E8%A9%B1%E7%95%AA%E5%8F%B7%E3%81%AA%E3%81%97%EF%BC%89-sim%E3%83%95%E3%83%AA%E3%83%BC%E7%AB%AF%E6%9C%AB%E3%81%AE%E3%81%BF%E5%AF%BE%E5%BF%9C/dp/B0DWKLPBPL,B0DWKLPBPL,B0DWKLPBPL,DeSiM,DeSiMのストアを表示,"{""price_jpy"": [""￥900""], ""usage_validity"": [""【香港・マカオeSIM】2日間 1GB/毎日（コスパ重視） LINE相談受付中｜データ通信専用（電話番号なし） | simフリー端末のみ対応 説明書付 イーシム simless""], ""activation_validity"": [""大中華区SIMカード-中国、香港、マカオ、台湾向けプリペイドデータプラン｜2 GB毎日データ、7日有効期限｜高速4/5 G LTE｜旅行者に最適""], ""data_amount"": [""商品の説明 購入前の注意事項 【注意事項】 注意事項①：電話番号は付与されませんので、ご注意ください。 注意事項②：SIMロックフリー端末、もしくはSIMフリー端末専用のサービスです。必ず、ご利用端末がeSIM対応かどうかご確認ください。 注意事項③：2021年10月1日以前にSIMロック解除をキャリア店頭またはインターネットでされた「Android端末」は""], ""network_type"": [""商品の説明 購入前の注意事項 【注意事項】 注意事項①：電話番号は付与されませんので、ご注意ください。 注意事項②：SIMロックフリー端末、もしくはSIMフリー端末専用のサービスです。必ず、ご利用端末がeSIM対応かどうかご確認ください。 注意事項③：2021年10月1日以前にSIMロック解除をキャリア店頭またはインターネットでされた「Android端末」は"", ""【チョコSIM 定額（Sプラン）】【中国の電話番号付きでアプリや施設サービスのSMS認証が可能】【データ容量】合計500MB/月【音声】合計20分間/月 データ/音声/SMS付きSIMカード 中国SIM マカオSIM China unicom ※こちらのSIMカードは契約後、毎月の基本料が発生いたします。※2024年11月1日から台湾でのご利用はできなくなり"", ""score: local=9, roaming=1""], ""network_generation"": [""product_info_cellular_4g_lte: source:product_info_cellular: 携帯電話技術 LTE""], ""review_count"": [""detail_page: 53""], ""bestseller_rank"": [""Amazon 売れ筋ランキング 家電＆カメラ - 126,547位 ( 家電＆カメラの売れ筋ランキングを見る ) プリペイドSIMカード - 1,099位""], ""title"": [""【香港・マカオeSIM】2日間 1GB/毎日（コスパ重視） LINE相談受付中｜データ通信専用（電話番号なし） | simフリー端末のみ対応 説明書付 イーシム simless""]}"
amazon_jp,hk,【Almond sim】ヨーロッパ simcard EU 30日間10GB イギリス フランス sim キャリア正規品 LINEで24時間サポート 高速データ通信 現地通話 SMS無制限 ヨーロッパ周遊 プリペイド simカード 72ヶ国対応 (30日間10GB),1950,204,,,,,175,30일,30일,30일,local,lte_4g_only,,,"{""cmhk"": null, ""csl"": null, ""smartone"": null, ""three_hk"": null}","{""skt"": null, ""kt"": null, ""lgu"": null}",10GB,https://www.amazon.co.jp/%E3%80%90Almond-sim%E3%80%91%E3%83%A8%E3%83%BC%E3%83%AD%E3%83%83%E3%83%91-simcard-30%E6%97%A5%E9%96%9310GB-LINE%E3%81%A724%E6%99%82%E9%96%93%E3%82%B5%E3%83%9D%E3%83%BC%E3%83%88/dp/B0D7LHGVY9,B0D7LHGVY9,B0D7LHGVY9,株式会社ビッグコネクト,bigconnectのストアを表示,"{""price_jpy"": [""￥1,950""], ""usage_validity"": [""【Almond sim】ヨーロッパ simcard EU 30日間10GB イギリス フランス sim キャリア正規品 LINEで24時間サポート 高速データ通信 現地通話 SMS無制限 ヨーロッパ周遊 プリペイド simカード 72ヶ国対応 (30日間10GB)""], ""activation_validity"": [""【有効期限】2027年12月31日。開通後30日間ご利用可能なので、ヨーロッパ渡航スケジュールにぴったりの手軽なプリペイドSIMカードです。【キャリア】Three正規品。ヨーロッパでは信号が広く、ネットワークが安定しており、高速な通信が可能です。""], ""data_amount"": [""【データ容量】イギリスでは30日間で10GB、ヨーロッパの他の72か国/地域では30日間で6GBまでご利用いただけます。通話とSMSは無制限です。※ヨーロッパのイギリス以外地域は電話またはメッセージ受信+44が必要です。""], ""network_type"": [""【ヨーロッパSIMカード】15日間 6ギガ 電話番号付き 国際電話(日本含む)30分無料 高速データ通信 有効期限 / ご購入日より120日以内 ヨーロッパSIM"", ""【チョコSIM 定額（Sプラン）】【中国の電話番号付きでアプリや施設サービスのSMS認証が可能】【データ容量】合計500MB/月【音声】合計20分間/月 データ/音声/SMS付きSIMカード 中国SIM マカオSIM China unicom ※こちらのSIMカードは契約後、毎月の基本料が発生いたします。※2024年11月1日から台湾でのご利用はできなくなり"", ""score: local=9, roaming=0""], ""network_generation"": [""product_info_cellular_4g_lte: source:product_info_cellular: 携帯電話技術 4G-LTE/3G""], ""review_count"": [""detail_page: (204)""], ""bestseller_rank"": [""Amazon 売れ筋ランキング 家電＆カメラ - 15,665位 ( 家電＆カメラの売れ筋ランキングを見る ) プリペイドSIMカード - 175位""], ""title"": [""【Almond sim】ヨーロッパ simcard EU 30日間10GB イギリス フランス sim キャリア正規品 LINEで24時間サポート 高速データ通信 現地通話 SMS無制限 ヨーロッパ周遊 プリペイド simカード 72ヶ国対応 (30日間10GB)""]}"
amazon_jp,hk,【中国 香港 マカオSIM】高速データ通信・定額プラン データ専用（電話番号なし） 中華圏 プリペイドSIMカード 中国ネット規制対象外 年中無休・24時間サポート 中華圏 SIM (8日間 | 5GB),1480,2,,,,,1625,8일,8일,8일,unknown,lte_4g_only,,,"{""cmhk"": null, ""csl"": null, ""smartone"": null, ""three_hk"": true}","{""skt"": null, ""kt"": null, ""lgu"": null}",5GB,https://www.amazon.co.jp/%E3%83%9E%E3%82%AB%E3%82%AASIM%E3%80%91%E9%AB%98%E9%80%9F%E3%83%87%E3%83%BC%E3%82%BF%E9%80%9A%E4%BF%A1%E3%83%BB%E5%AE%9A%E9%A1%8D%E3%83%97%E3%83%A9%E3%83%B3-%E3%83%87%E3%83%BC%E3%82%BF%E5%B0%82%E7%94%A8%EF%BC%88%E9%9B%BB%E8%A9%B1%E7%95%AA%E5%8F%B7%E3%81%AA%E3%81%97%EF%BC%89-%E5%B9%B4%E4%B8%AD%E7%84%A1%E4%BC%91%E3%83%BB24%E6%99%82%E9%96%93%E3%82%B5%E3%83%9D%E3%83%BC%E3%83%88-8%E6%97%A5%E9%96%93-5GB/dp/B0DHPQVVB8,B0DHPQVVB8,B0DHPQVVB8,Global Simcard,アーモンド　ＳＩｍ　ｃａｒｄのストアを表示,"{""price_jpy"": [""￥1,480""], ""usage_validity"": [""【中国 香港 マカオSIM】高速データ通信・定額プラン データ専用（電話番号なし） 中華圏 プリペイドSIMカード 中国ネット規制対象外 年中無休・24時間サポート 中華圏 SIM (8日間 | 5GB)""], ""activation_validity"": [""【中国 香港 マカオSIM】高速データ通信・定額プラン データ専用（電話番号なし） 中華圏 プリペイドSIMカード 中国ネット規制対象外 年中無休・24時間サポート 中華圏 SIM (8日間 | 5GB)""], ""data_amount"": [""型番 8日間 | 5GB""], ""network_type"": [""local_signal: 【チョコSIM 定額（Sプラン）】【中国の電話番号付きでアプリや施設サービスのSMS認証が可能】【データ容量】合計500MB/月【音声】合計20分間/月 データ/音声/SMS付きSIMカード 中国SIM マカオSIM China unicom ※こちらのSIMカードは契約後、毎月の基本料が発生いたします。※2024年11月1日から台湾でのご利用はできなくなり"", ""roaming_signal: 【中国ネット制限なし】中国本土で利用する際にはローミング接続を行い、中国政府のネット規制を回避して、Google、Facebook、Twitter、Instagramなどにアクセスできます。"", ""insufficient_or_conflicting_signals(local=6, roaming=3)""], ""network_generation"": [""product_info_cellular_4g_lte: source:product_info_cellular: 携帯電話技術 4G-LTE""], ""carrier_support_local"": [""3HK: 【キャリア】中国：China Telecom、香港：3HK、マカオ：CTM。中華圏への旅行に最適な、便利なプリペイドSIMカードをご用意しています。"", ""3HK: ⭐【データ容量】利用期間中に定額GB数を使い切った場合、通信は自動的に停止します。 ⭐【有効期限】ご購入後1年間有効です（未使用の場合）。観光や駐在などの際には、複数枚のご購入もおすすめです。 ⭐【中国ネット制限なし】中国本土で利用する際にはローミング接続を行い、中国政府のネット規制を回避して、Go"", ""3HK: サービスプロバイダ China Telecom、3HK、CTM"", ""3HK: Amazon.co.jp: 【中国 香港 マカオSIM】高速データ通信・定額プラン データ専用（電話番号なし） 中華圏 プリペイドSIMカード 中国ネット規制対象外 年中無休・24時間サポート 中華圏 SIM (8日間 | 5GB) : 家電＆カメラ 次に移動 メインコンテンツ この商品について こ""], ""review_count"": [""detail_page: (2)""], ""bestseller_rank"": [""Amazon 売れ筋ランキング 家電＆カメラ - 202,962位 ( 家電＆カメラの売れ筋ランキングを見る ) プリペイドSIMカード - 1,625位""], ""title"": [""【中国 香港 マカオSIM】高速データ通信・定額プラン データ専用（電話番号なし） 中華圏 プリペイドSIMカード 中国ネット規制対象外 年中無休・24時間サポート 中華圏 SIM (8日間 | 5GB)""]}"
amazon_jp,hk,アジア eSIM アジア周遊 28カ国 10日間6GB Truemoveキャリア 高速データ通信 低速データ通信 無制限 日本 韓国 中国 台湾 香港 マカオ シンガポール マレーシア など28カ国 Asia esim Travel esim (eSIM 10日間),2680,5,,,,,897,10일,10일,10일,unknown,lte_4g_only,,,"{""cmhk"": null, ""csl"": null, ""smartone"": null, ""three_hk"": null}","{""skt"": null, ""kt"": null, ""lgu"": null}",unlimited,https://www.amazon.co.jp/eSIM-10%E6%97%A5%E9%96%936GB-Truemove%E3%82%AD%E3%83%A3%E3%83%AA%E3%82%A2-%E9%AB%98%E9%80%9F%E3%83%87%E3%83%BC%E3%82%BF%E9%80%9A%E4%BF%A1-10%E6%97%A5%E9%96%93/dp/B0DRHMH7T5,B0DRHMH7T5,B0DRHMH7T5,株式会社ビッグコネクト,bigconnectのストアを表示,"{""price_jpy"": [""￥2,680""], ""usage_validity"": [""アジア eSIM アジア周遊 28カ国 10日間6GB Truemoveキャリア 高速データ通信 低速データ通信 無制限 日本 韓国 中国 台湾 香港 マカオ シンガポール マレーシア など28カ国 Asia esim Travel esim (eSIM 10日間)""], ""activation_validity"": [""アジア eSIM アジア周遊 28カ国 10日間6GB Truemoveキャリア 高速データ通信 低速データ通信 無制限 日本 韓国 中国 台湾 香港 マカオ シンガポール マレーシア など28カ国 Asia esim Travel esim (eSIM 10日間)""], ""data_amount"": [""【データプラン】データ通信専用SIMになります。※データ容量無制限。ただしデータ使用量が6GBに達すると最大通信速度が128kbpsに低下します。※現地時間の00:00-23：59区切りで、カウントされます。128kbpsはビデオ通話、Youtubeなどの動画閲覧がほぼできないですが、Google Map、メールやトークアプリのメッセージ機能など問題なぐご利""], ""network_type"": [""【チョコSIM 定額（Sプラン）】【中国の電話番号付きでアプリや施設サービスのSMS認証が可能】【データ容量】合計500MB/月【音声】合計20分間/月 データ/音声/SMS付きSIMカード 中国SIM マカオSIM China unicom ※こちらのSIMカードは契約後、毎月の基本料が発生いたします。※2024年11月1日から台湾でのご利用はできなくなり"", ""【SKTelecoｍ公式認証】 韓国eSIM 3日間 (72時間) 電話番号付き 超高速データ無制限 最初の5分発信無料(韓国国内) お急ぎの方即時発行可(LINE相談受付中) 有効期限／ご購入日より120日以内 現地空港サポート(SKTelecomローミングセンター) SKテレコム正規品 韓国SIMカードタイプではありません"", ""score: local=6, roaming=0"", ""local_claim_refers_to:kr""], ""network_generation"": [""product_info_cellular_4g_lte: source:product_info_cellular: 携帯電話技術 LTE""], ""review_count"": [""detail_page: (5)""], ""bestseller_rank"": [""Amazon 売れ筋ランキング 家電＆カメラ - 94,226位 ( 家電＆カメラの売れ筋ランキングを見る ) プリペイドSIMカード - 897位""], ""title"": [""アジア eSIM アジア周遊 28カ国 10日間6GB Truemoveキャリア 高速データ通信 低速データ通信 無制限 日本 韓国 中国 台湾 香港 マカオ シンガポール マレーシア など28カ国 Asia esim Travel esim (eSIM 10日間)""]}"
amazon_jp,hk,中国 eSIM｜5日間 無制限｜高速データ使い放題｜中国本土・香港・マカオ対応｜Google・LINE・YouTube利用可｜契約・本人確認不要｜24時間サポート,2080,26,,,,,1031,5일,5일,7일,roaming,5g_capable,,,"{""cmhk"": null, ""csl"": null, ""smartone"": null, ""three_hk"": true}","{""skt"": null, ""kt"": null, ""lgu"": null}",unlimited,https://www.amazon.co.jp/PLUG-TO-GO-eSIM%EF%BD%9C5%E6%97%A5%E9%96%93-%E7%84%A1%E5%88%B6%E9%99%90%EF%BD%9C%E9%AB%98%E9%80%9F%E3%83%87%E3%83%BC%E3%82%BF%E4%BD%BF%E3%81%84%E6%94%BE%E9%A1%8C%EF%BD%9C%E4%B8%AD%E5%9B%BD%E6%9C%AC%E5%9C%9F%E3%83%BB%E9%A6%99%E6%B8%AF%E3%83%BB%E3%83%9E%E3%82%AB%E3%82%AA%E5%AF%BE%E5%BF%9C%EF%BD%9CGoogle%E3%83%BBLINE%E3%83%BBYouTube%E5%88%A9%E7%94%A8%E5%8F%AF%EF%BD%9C%E5%A5%91%E7%B4%84%E3%83%BB%E6%9C%AC%E4%BA%BA%E7%A2%BA%E8%AA%8D%E4%B8%8D%E8%A6%81%EF%BD%9C24%E6%99%82%E9%96%93%E3%82%B5%E3%83%9D%E3%83%BC%E3%83%88/dp/B0H35RPJ84,B0H35RPJ84,B0H35RPJ84,Global eSIMshop,ブランド: PLUG TO GO,"{""price_jpy"": [""￥2,080""], ""usage_validity"": [""中国 eSIM｜5日間 無制限｜高速データ使い放題｜中国本土・香港・マカオ対応｜Google・LINE・YouTube利用可｜契約・本人確認不要｜24時間サポート""], ""activation_validity"": [""大中華区SIMカード-中国、香港、マカオ、台湾向けプリペイドデータプラン｜2 GB毎日データ、7日有効期限｜高速4/5 G LTE｜旅行者に最適""], ""data_amount"": [""【高速データ通信】中国本土・香港・マカオで利用可能なデータ通信専用eSIMです。高速データ通信が使い放題。本人確認・契約不要で、購入後すぐにご利用いただけます。※音声通話・SMS・電話番号には対応しておりません。""], ""network_type"": [""【VPN不要・人気アプリ対応】中国本土では香港ローミング接続を利用するため、Google・LINE・YouTube・Instagram・X（旧Twitter）など主要アプリをご利用いただけます。契約・本人確認不要、旅行や出張にも便利なプリペイドSIMカードです。"", ""Amazon.co.jp: 中国 eSIM｜5日間 無制限｜高速データ使い放題｜中国本土・香港・マカオ対応｜Google・LINE・YouTube利用可｜契約・本人確認不要｜24時間サポート : 家電＆カメラ 次に移動 メインコンテンツ この商品について この商品について この商品について 購入オプション 類似商品と比較する ビデオ レビュー キーボードショ"", ""score: local=0, roaming=2""], ""network_generation"": [""product_info_cellular_5g: source:product_info_cellular: 携帯電話技術 5G/4G-LTE""], ""carrier_support_local"": [""3HK: 【対応キャリア】中国：中国電信（China Telecom）／香港：3HK／マカオ：CTM対応。中国・香港・マカオ旅行に幅広く対応。""], ""review_count"": [""detail_page: (26)""], ""bestseller_rank"": [""Amazon 売れ筋ランキング 家電＆カメラ - 115,250位 ( 家電＆カメラの売れ筋ランキングを見る ) プリペイドSIMカード - 1,031位""], ""title"": [""中国 eSIM｜5日間 無制限｜高速データ使い放題｜中国本土・香港・マカオ対応｜Google・LINE・YouTube利用可｜契約・本人確認不要｜24時間サポート""]}"
amazon_jp,hk,【中国 香港 マカオeSIM】30日間20GB 高速データ通信 無制限 使い放題 実名登録不要 中国ネット規制対象外 ｜Google LINE YouTubeなどVPNなしで利用可能｜中国 simカード 香港sim マカオsim マカオeSIM プリペイド SIM eSIM｜旅行・出張・留学｜安心サポート 5G 4G-LTE対応 当日発行可能,1850,2,,,,,1301,30일,30일,30일,roaming,5g_capable,,,"{""cmhk"": null, ""csl"": null, ""smartone"": true, ""three_hk"": null}","{""skt"": null, ""kt"": null, ""lgu"": null}",20GB,https://www.amazon.co.jp/%E3%83%9E%E3%82%AB%E3%82%AAeSIM%E3%80%9130%E6%97%A5%E9%96%9320GB-128kbps%E7%84%A1%E5%88%B6%E9%99%90-%E4%B8%AD%E5%9B%BD%E3%83%8D%E3%83%83%E3%83%88%E8%A6%8F%E5%88%B6%E5%AF%BE%E8%B1%A1%E5%A4%96-YouTube%E3%81%AA%E3%81%A9VPN%E3%81%AA%E3%81%97%E3%81%A7%E5%88%A9%E7%94%A8%E5%8F%AF%E8%83%BD%EF%BD%9C%E4%B8%AD%E5%9B%BD-eSIM%EF%BD%9C%E6%97%85%E8%A1%8C%E3%83%BB%E5%87%BA%E5%BC%B5%E3%83%BB%E7%95%99%E5%AD%A6%EF%BD%9C%E5%AE%89%E5%BF%83%E3%82%B5%E3%83%9D%E3%83%BC%E3%83%88/dp/B0FR426ZVY,B0FR426ZVY,B0FR426ZVY,Global Travel SIM Card,onetoneのストアを表示,"{""price_jpy"": [""￥1,850""], ""usage_validity"": [""【中国 香港 マカオeSIM】30日間20GB 高速データ通信 無制限 使い放題 実名登録不要 中国ネット規制対象外 ｜Google LINE YouTubeなどVPNなしで利用可能｜中国 simカード 香港sim マカオsim マカオeSIM プリペイド SIM eSIM｜旅行・出張・留学｜安心サポート 5G 4G-LTE対応 当日発行可能""], ""activation_validity"": [""【中国 香港 マカオeSIM】30日間20GB 高速データ通信 無制限 使い放題 実名登録不要 中国ネット規制対象外 ｜Google LINE YouTubeなどVPNなしで利用可能｜中国 simカード 香港sim マカオsim マカオeSIM プリペイド SIM eSIM｜旅行・出張・留学｜安心サポート 5G 4G-LTE対応 当日発行可能""], ""data_amount"": [""型番 30日間20GB""], ""network_type"": [""商品の説明 注意事項： 1. eSIMが提供する機能とサービス 現在のeSIMはデータ通信のみサポートしており、音声通話およびSMS機能はサポートしていません。 2. スマートフォンがeSIMをサポートしているかどうかの確認方法 「通話」画面で`*#06#`を入力すると、EID情報が表示されます。これはスマートフォンがeSIMのインストールをサポートしている"", ""score: local=0, roaming=3""], ""network_generation"": [""product_info_cellular_5g: source:product_info_cellular: 携帯電話技術 5G,4G,LTE""], ""carrier_support_local"": [""SmarTone: サービスプロバイダ China mobile/Smartone/CTM"", ""SmarTone: Amazon.co.jp: 【中国 香港 マカオeSIM】30日間20GB 高速データ通信 無制限 使い放題 実名登録不要 中国ネット規制対象外 ｜Google LINE YouTubeなどVPNなしで利用可能｜中国 simカード 香港sim マカオsim マカオeSIM プリペイド SIM eSI""], ""review_count"": [""detail_page: (2)""], ""bestseller_rank"": [""Amazon 売れ筋ランキング 家電＆カメラ - 156,917位 ( 家電＆カメラの売れ筋ランキングを見る ) プリペイドSIMカード - 1,301位""], ""title"": [""【中国 香港 マカオeSIM】30日間20GB 高速データ通信 無制限 使い放題 実名登録不要 中国ネット規制対象外 ｜Google LINE YouTubeなどVPNなしで利用可能｜中国 simカード 香港sim マカオsim マカオeSIM プリペイド SIM eSIM｜旅行・出張・留学｜安心サポート 5G 4G-LTE対応 当日発行可能""]}"
amazon_jp,hk,【中国本土・香港・マカオ eSIM】30日間15GBトラベル eSIM | 4G/5G 高速無制限データネットワーク | 当QRコードは当日ウェブサイトで取得可能 | プリペイドデジタルSIM | ホットスポットとネットワーク共有 | データのみ、通話やテキストメッセージなし,3480,49,,,,,1941,30일,30일,,roaming,5g_capable,,,"{""cmhk"": null, ""csl"": null, ""smartone"": null, ""three_hk"": null}","{""skt"": null, ""kt"": null, ""lgu"": null}",15GB,https://www.amazon.co.jp/eSIM%E3%80%9130%E6%97%A5%E9%96%9315GB%E3%83%88%E3%83%A9%E3%83%99%E3%83%AB-%E9%AB%98%E9%80%9F%E7%84%A1%E5%88%B6%E9%99%90%E3%83%87%E3%83%BC%E3%82%BF%E3%83%8D%E3%83%83%E3%83%88%E3%83%AF%E3%83%BC%E3%82%AF-%E5%BD%93QR%E3%82%B3%E3%83%BC%E3%83%89%E3%81%AF%E5%BD%93%E6%97%A5%E3%82%A6%E3%82%A7%E3%83%96%E3%82%B5%E3%82%A4%E3%83%88%E3%81%A7%E5%8F%96%E5%BE%97%E5%8F%AF%E8%83%BD-%E3%83%9B%E3%83%83%E3%83%88%E3%82%B9%E3%83%9D%E3%83%83%E3%83%88%E3%81%A8%E3%83%8D%E3%83%83%E3%83%88%E3%83%AF%E3%83%BC%E3%82%AF%E5%85%B1%E6%9C%89-%E3%83%87%E3%83%BC%E3%82%BF%E3%81%AE%E3%81%BF%E3%80%81%E9%80%9A%E8%A9%B1%E3%82%84%E3%83%86%E3%82%AD%E3%82%B9%E3%83%88%E3%83%A1%E3%83%83%E3%82%BB%E3%83%BC%E3%82%B8%E3%81%AA%E3%81%97/dp/B0FGJDRX8R,B0FGJDRX8R,B0FGJDRX8R,【StarwayチャージWiFi公式】,Starwayのストアを表示,"{""price_jpy"": [""￥3,480""], ""usage_validity"": [""【中国本土・香港・マカオ eSIM】30日間15GBトラベル eSIM | 4G/5G 高速無制限データネットワーク | 当QRコードは当日ウェブサイトで取得可能 | プリペイドデジタルSIM | ホットスポットとネットワーク共有 | データのみ、通話やテキストメッセージなし""], ""data_amount"": [""【中国本土・香港・マカオeSIMカード】30日間15GBのトラフィック高速 4G/5G 高品質ネットワークをお楽しみください。ホットスポット共有をサポートします。15GBの高速データを使い切った後も、256Mbpsの低速データを使い続けることができるので、旅行や出張などの短期間のニーズに適しており、接続もスムーズで安心です！""], ""network_type"": [""【eSIMを今すぐ入手】専用サイト（https://mcrmgr.umacaroon.com/starway）にアクセスして入力するだけ！eSIMのQRコードと説明書がメールですぐ届き、読み取ればかんたん接続！現地に到着後、データローミングをオンにしていただくと、インターネットをご利用いただけます。"", ""Amazon.co.jp: 【中国本土・香港・マカオ eSIM】30日間15GBトラベル eSIM | 4G/5G 高速無制限データネットワーク | 当QRコードは当日ウェブサイトで取得可能 | プリペイドデジタルSIM | ホットスポットとネットワーク共有 | データのみ、通話やテキストメッセージなし : 家電＆カメラ 次に移動 メインコンテンツ この商品"", ""score: local=0, roaming=6""], ""network_generation"": [""product_info_cellular_5g: source:product_info_cellular: 携帯電話技術 LTE, 5G"", ""product_info_cellular_4g_lte_signal_present_but_5g_capable_takes_precedence""], ""review_count"": [""detail_page: 49""], ""bestseller_rank"": [""Amazon 売れ筋ランキング 家電＆カメラ - 255,181位 ( 家電＆カメラの売れ筋ランキングを見る ) プリペイドSIMカード - 1,941位""], ""title"": [""【中国本土・香港・マカオ eSIM】30日間15GBトラベル eSIM | 4G/5G 高速無制限データネットワーク | 当QRコードは当日ウェブサイトで取得可能 | プリペイドデジタルSIM | ホットスポットとネットワーク共有 | データのみ、通話やテキストメッセージなし""]}"
amazon_jp,hk,【中国・香港・マカオeSIM】1日間完全無制限（使い放題） DeSiM正規卸 | LINE相談受付中｜データ通信専用（電話番号なし） | simフリー端末のみ対応 説明書付 イーシム DeSiM,1730,211,,,,,1888,1일,1일,7일,unknown,lte_4g_only,,,"{""cmhk"": null, ""csl"": null, ""smartone"": null, ""three_hk"": null}","{""skt"": null, ""kt"": null, ""lgu"": null}",unlimited,https://www.amazon.co.jp/%E3%80%90%E4%B8%AD%E5%9B%BD%E3%83%BB%E9%A6%99%E6%B8%AF%E3%83%BB%E3%83%9E%E3%82%AB%E3%82%AAeSIM%E3%80%911%E6%97%A5%E9%96%93%E5%AE%8C%E5%85%A8%E7%84%A1%E5%88%B6%E9%99%90%EF%BC%88%E4%BD%BF%E3%81%84%E6%94%BE%E9%A1%8C%EF%BC%89-DeSiM%E6%AD%A3%E8%A6%8F%E5%8D%B8-LINE%E7%9B%B8%E8%AB%87%E5%8F%97%E4%BB%98%E4%B8%AD%EF%BD%9C%E3%83%87%E3%83%BC%E3%82%BF%E9%80%9A%E4%BF%A1%E5%B0%82%E7%94%A8%EF%BC%88%E9%9B%BB%E8%A9%B1%E7%95%AA%E5%8F%B7%E3%81%AA%E3%81%97%EF%BC%89-sim%E3%83%95%E3%83%AA%E3%83%BC%E7%AB%AF%E6%9C%AB%E3%81%AE%E3%81%BF%E5%AF%BE%E5%BF%9C-DeSiM/dp/B0DL4VFSNS,B0DL4VFSNS,B0DL4VFSNS,DeSiM,DeSiMのストアを表示,"{""price_jpy"": [""￥1,730""], ""usage_validity"": [""【中国・香港・マカオeSIM】1日間完全無制限（使い放題） DeSiM正規卸 | LINE相談受付中｜データ通信専用（電話番号なし） | simフリー端末のみ対応 説明書付 イーシム DeSiM""], ""activation_validity"": [""商品の説明 購入前の注意事項 【注意事項】 注意事項①：本商品はデータ通信専用です（通話はご利用いただけません）。ご注意ください。 注意事項②：SIMロックフリー端末、もしくはSIMフリー端末専用のサービスです。必ず、ご利用端末がeSIM対応かどうかご確認ください。 注意事項③：2021年10月1日以前にSIMロック解除をキャリア店頭またはインターネットでさ""], ""data_amount"": [""商品の説明 購入前の注意事項 【注意事項】 注意事項①：本商品はデータ通信専用です（通話はご利用いただけません）。ご注意ください。 注意事項②：SIMロックフリー端末、もしくはSIMフリー端末専用のサービスです。必ず、ご利用端末がeSIM対応かどうかご確認ください。 注意事項③：2021年10月1日以前にSIMロック解除をキャリア店頭またはインターネットでさ""], ""network_type"": [""商品の説明 購入前の注意事項 【注意事項】 注意事項①：本商品はデータ通信専用です（通話はご利用いただけません）。ご注意ください。 注意事項②：SIMロックフリー端末、もしくはSIMフリー端末専用のサービスです。必ず、ご利用端末がeSIM対応かどうかご確認ください。 注意事項③：2021年10月1日以前にSIMロック解除をキャリア店頭またはインターネットでさ"", ""【T-Mobile純正品】eSIM版 アメリカ ハワイ SIM 7日間【使い放題】【電話番号付き】5G/4G-LTE 高速データ通信/通話/SMS/テザリング 【アメリカ ハワイ 無制限】 プリペイド SIMカード T-Mobile esim 7days"", ""score: local=12, roaming=1"", ""local_claim_refers_to:cn""], ""network_generation"": [""product_info_cellular_4g_lte: source:product_info_cellular: 携帯電話技術 LTE""], ""review_count"": [""detail_page: 211""], ""bestseller_rank"": [""Amazon 売れ筋ランキング 家電＆カメラ - 246,606位 ( 家電＆カメラの売れ筋ランキングを見る ) プリペイドSIMカード - 1,888位""], ""title"": [""【中国・香港・マカオeSIM】1日間完全無制限（使い放題） DeSiM正規卸 | LINE相談受付中｜データ通信専用（電話番号なし） | simフリー端末のみ対応 説明書付 イーシム DeSiM""]}"
amazon_jp,hk,中国 eSIM 4日間 高速データ通信 完全無制限プラン 中国ネット規制対象外 VPN不要でGoogle・LINE・YouTube利用可 4G LTE対応 プリペイドSIM 香港 マカオもOK 当日発行可 24時間サポート (4日間),1680,211,,,,,480,4일,4일,90일,roaming,lte_4g_only,,,"{""cmhk"": null, ""csl"": null, ""smartone"": null, ""three_hk"": null}","{""skt"": null, ""kt"": null, ""lgu"": null}",unlimited,https://www.amazon.co.jp/4%E6%97%A5%E9%96%93-%E5%AE%8C%E5%85%A8%E7%84%A1%E5%88%B6%E9%99%90%E3%83%97%E3%83%A9%E3%83%B3-%E4%B8%AD%E5%9B%BD%E3%83%8D%E3%83%83%E3%83%88%E8%A6%8F%E5%88%B6%E5%AF%BE%E8%B1%A1%E5%A4%96-VPN%E4%B8%8D%E8%A6%81%E3%81%A7Google%E3%83%BBLINE%E3%83%BBYouTube%E5%88%A9%E7%94%A8%E5%8F%AF-%E3%83%97%E3%83%AA%E3%83%9A%E3%82%A4%E3%83%89SIM/dp/B0G1R8QP7J,B0G1R8QP7J,B0G1R8QP7J,SYE店舗,ブランド: ノーブランド品,"{""price_jpy"": [""￥1,680""], ""usage_validity"": [""中国 eSIM 4日間 高速データ通信 完全無制限プラン 中国ネット規制対象外 VPN不要でGoogle・LINE・YouTube利用可 4G LTE対応 プリペイドSIM 香港 マカオもOK 当日発行可 24時間サポート (4日間)""], ""activation_validity"": [""【有効期限】eSIMの有効期限は、eSIMのQRコードを受け取った日から90日間です。""], ""data_amount"": [""【簡単設定】QRコードをスキャンするだけで、簡単に接続可能！中国eSIMは中国本土・香港・マカオで利用可能。無制限に使用可能です。旅行や出張先でも、高速インターネットでスムーズに使用！香港で5G通信可能。""], ""network_type"": [""【注意事項】 ①本製品は SIMロック解除済み かつ eSIM対応スマートフォン のみでご利用いただけます。 ②ご利用日当日にスマートフォンをネットワークへ接続し、送付された eSIMのQRコードをスキャン して追加してください。目的地到着後、そのeSIMを選択し「ローミングをオン」にすると通信が可能になります。 ③eSIMを一度削除すると 再インストールは"", ""【注意事項】 ①本製品は SIMロック解除済み かつ eSIM対応スマートフォン のみでご利用いただけます。 ②ご利用日当日にスマートフォンをネットワークへ接続し、送付された eSIMのQRコードをスキャン して追加してください。目的地到着後、そのeSIMを選択し「ローミングをオン」にすると通信が可能になります。 ③eSIMを一度削除すると 再インストールは"", ""score: local=0, roaming=2""], ""network_generation"": [""product_info_cellular_4g_lte: source:product_info_cellular: 携帯電話技術 LTE""], ""review_count"": [""detail_page: 211""], ""bestseller_rank"": [""Amazon 売れ筋ランキング 家電＆カメラ - 44,843位 ( 家電＆カメラの売れ筋ランキングを見る ) プリペイドSIMカード - 480位""], ""title"": [""中国 eSIM 4日間 高速データ通信 完全無制限プラン 中国ネット規制対象外 VPN不要でGoogle・LINE・YouTube利用可 4G LTE対応 プリペイドSIM 香港 マカオもOK 当日発行可 24時間サポート (4日間)""]}"
amazon_jp,hk,アジア太平洋11カ国 シンガポール・マレーシア・インドネシア・タイ・ベトナム SIMカード 5日間 データ使い放題5GBまで Jet Sim 物理SIM 無制限 5日 ジェットシム,1380,1,,,,,804,5일,5일,,unknown,lte_4g_only,,,"{""cmhk"": null, ""csl"": null, ""smartone"": null, ""three_hk"": null}","{""skt"": null, ""kt"": null, ""lgu"": null}",1GB/day,https://www.amazon.co.jp/%E3%82%A2%E3%82%B8%E3%82%A2%E5%A4%AA%E5%B9%B3%E6%B4%8B11%E3%82%AB%E5%9B%BD-%E3%82%B7%E3%83%B3%E3%82%AC%E3%83%9D%E3%83%BC%E3%83%AB%E3%83%BB%E3%83%9E%E3%83%AC%E3%83%BC%E3%82%B7%E3%82%A2%E3%83%BB%E3%82%A4%E3%83%B3%E3%83%89%E3%83%8D%E3%82%B7%E3%82%A2%E3%83%BB%E3%82%BF%E3%82%A4%E3%83%BB%E3%83%99%E3%83%88%E3%83%8A%E3%83%A0-SIM%E3%82%AB%E3%83%BC%E3%83%89-5%E6%97%A5%E9%96%93-%E3%83%87%E3%83%BC%E3%82%BF%E4%BD%BF%E3%81%84%E6%94%BE%E9%A1%8C5GB%E3%81%BE%E3%81%A7/dp/B0GVMP1RQP,B0GVMP1RQP,B0GVMP1RQP,ジェスロモバイル,JETSIMのストアを表示,"{""price_jpy"": [""￥1,380""], ""usage_validity"": [""アジア太平洋11カ国 シンガポール・マレーシア・インドネシア・タイ・ベトナム SIMカード 5日間 データ使い放題5GBまで Jet Sim 物理SIM 無制限 5日 ジェットシム""], ""data_amount"": [""【データ無制限】 アジア太平洋11カ国 シンガポール・タイ・ベトナム・マレーシア等で5日間、5G/4G-LTE高速データ5GB。その後もデータ通信の利用が可能。テザリング対応。高速データ1日1GBまで。""], ""network_type"": [""roaming_signal: マレーシア旅行用SIMカード - 5G/4G LTE高速データ - プリペイド＆ローミングなし、7日間合計3GB - 観光客やビジネス旅行者向けの簡単アクティベーション"", ""insufficient_or_conflicting_signals(local=0, roaming=1)""], ""network_generation"": [""product_info_cellular_4g_lte: source:product_info_cellular: 携帯電話技術 LTE""], ""review_count"": [""detail_page: (1)""], ""bestseller_rank"": [""Amazon 売れ筋ランキング 家電＆カメラ - 84,937位 ( 家電＆カメラの売れ筋ランキングを見る ) プリペイドSIMカード - 804位""], ""title"": [""アジア太平洋11カ国 シンガポール・マレーシア・インドネシア・タイ・ベトナム SIMカード 5日間 データ使い放題5GBまで Jet Sim 物理SIM 無制限 5日 ジェットシム""]}"
amazon_jp,hk,【香港・マカオ eSIM】2日間完全無制限（使い放題、低速なし） DeSiM正規卸 | LINE相談受付中 | データ通信専用（電話番号なし） | simフリー端末のみ対応 説明書付 イーシム DeSiM,1610,16,,,,,2210,2일,2일,3일,local,lte_4g_only,,,"{""cmhk"": null, ""csl"": null, ""smartone"": null, ""three_hk"": null}","{""skt"": null, ""kt"": null, ""lgu"": null}",unlimited,https://www.amazon.co.jp/eSIM%E3%80%912%E6%97%A5%E9%96%93%E5%AE%8C%E5%85%A8%E7%84%A1%E5%88%B6%E9%99%90%EF%BC%88%E4%BD%BF%E3%81%84%E6%94%BE%E9%A1%8C%E3%80%81%E4%BD%8E%E9%80%9F%E3%81%AA%E3%81%97%EF%BC%89-LINE%E7%9B%B8%E8%AB%87%E5%8F%97%E4%BB%98%E4%B8%AD%EF%BD%9C%E5%BD%93%E6%97%A5%E7%99%BA%E8%A1%8C%E5%8F%AF%E8%83%BD-%E3%83%87%E3%83%BC%E3%82%BF%E9%80%9A%E4%BF%A1%E5%B0%82%E7%94%A8%EF%BC%88%E9%9B%BB%E8%A9%B1%E7%95%AA%E5%8F%B7%E3%81%AA%E3%81%97%EF%BC%89-sim%E3%83%95%E3%83%AA%E3%83%BC%E7%AB%AF%E6%9C%AB%E3%81%AE%E3%81%BF%E5%AF%BE%E5%BF%9C-DeSiM/dp/B0F1DYPL28,B0F1DYPL28,B0F1DYPL28,DeSiM,DeSiMのストアを表示,"{""price_jpy"": [""￥1,610""], ""usage_validity"": [""【香港・マカオ eSIM】2日間完全無制限（使い放題、低速なし） DeSiM正規卸 | LINE相談受付中 | データ通信専用（電話番号なし） | simフリー端末のみ対応 説明書付 イーシム DeSiM""], ""activation_validity"": [""【SKTelecoｍ公式認証】 韓国eSIM 3日間 (72時間) 電話番号付き 超高速データ無制限 最初の5分発信無料(韓国国内) お急ぎの方即時発行可(LINE相談受付中) 有効期限／ご購入日より120日以内 現地空港サポート(SKTelecomローミングセンター) SKテレコム正規品 韓国SIMカードタイプではありません""], ""data_amount"": [""【香港・マカオ eSIM】2日間完全無制限（使い放題、低速なし） DeSiM正規卸 | LINE相談受付中｜ データ通信専用（電話番号なし） | simフリー端末のみ対応 説明書付 イーシム DeSiM""], ""network_type"": [""【チョコSIM 定額（Sプラン）】【中国の電話番号付きでアプリや施設サービスのSMS認証が可能】【データ容量】合計500MB/月【音声】合計20分間/月 データ/音声/SMS付きSIMカード 中国SIM マカオSIM China unicom ※こちらのSIMカードは契約後、毎月の基本料が発生いたします。※2024年11月1日から台湾でのご利用はできなくなり"", ""【SKTelecoｍ公式認証】 韓国eSIM 3日間 (72時間) 電話番号付き 超高速データ無制限 最初の5分発信無料(韓国国内) お急ぎの方即時発行可(LINE相談受付中) 有効期限／ご購入日より120日以内 現地空港サポート(SKTelecomローミングセンター) SKテレコム正規品 韓国SIMカードタイプではありません"", ""score: local=6, roaming=0""], ""network_generation"": [""product_info_cellular_4g_lte: source:product_info_cellular: 携帯電話技術 LTE""], ""review_count"": [""detail_page: 16""], ""bestseller_rank"": [""Amazon 売れ筋ランキング 家電＆カメラ - 304,438位 ( 家電＆カメラの売れ筋ランキングを見る ) プリペイドSIMカード - 2,210位""], ""title"": [""【香港・マカオ eSIM】2日間完全無制限（使い放題、低速なし） DeSiM正規卸 | LINE相談受付中 | データ通信専用（電話番号なし） | simフリー端末のみ対応 説明書付 イーシム DeSiM""]}"
amazon_jp,hk,【 中国 eSIM 】6日間 無制限 本人確認不要 高速データ通信（低速なし） 中国ネット規制対象外 Line Youtube GoogleなどVPNなしで利用可能 即日発行可能 LINEで年中無休24時間サポート 中国sim 香港sim マカオsim イーシム (eSIM | 6日間無制限),2280,1,,,,,1428,6일,6일,90일,unknown,5g_capable,,,"{""cmhk"": null, ""csl"": null, ""smartone"": null, ""three_hk"": null}","{""skt"": null, ""kt"": null, ""lgu"": null}",unlimited,https://www.amazon.co.jp/eSIM-%E9%AB%98%E9%80%9F%E3%83%87%E3%83%BC%E3%82%BF%E9%80%9A%E4%BF%A1%EF%BC%88%E4%BD%8E%E9%80%9F%E3%81%AA%E3%81%97%EF%BC%89-Google%E3%81%AA%E3%81%A9VPN%E3%81%AA%E3%81%97%E3%81%A7%E5%88%A9%E7%94%A8%E5%8F%AF%E8%83%BD-LINE%E3%81%A7%E5%B9%B4%E4%B8%AD%E7%84%A1%E4%BC%9124%E6%99%82%E9%96%93%E3%82%B5%E3%83%9D%E3%83%BC%E3%83%88-6%E6%97%A5%E9%96%93%E7%84%A1%E5%88%B6%E9%99%90/dp/B0DTXVGNSG,B0DTXVGNSG,B0DTXVGNSG,Global Simcard,アーモンド　ＳＩｍ　ｃａｒｄのストアを表示,"{""price_jpy"": [""￥2,280""], ""usage_validity"": [""【 中国 eSIM 】6日間 無制限 本人確認不要 高速データ通信（低速なし） 中国ネット規制対象外 Line Youtube GoogleなどVPNなしで利用可能 即日発行可能 LINEで年中無休24時間サポート 中国sim 香港sim マカオsim イーシム (eSIM | 6日間無制限)""], ""activation_validity"": [""【有効期限】メールで納品後、90日以内にご利用ください。""], ""data_amount"": [""【高速データ通信】完全無制限、低速度なし！！""], ""network_type"": [""【SKTelecoｍ公式認証】 韓国eSIM 3日間 (72時間) 電話番号付き 超高速データ無制限 最初の5分発信無料(韓国国内) お急ぎの方即時発行可(LINE相談受付中) 有効期限／ご購入日より120日以内 現地空港サポート(SKTelecomローミングセンター) SKテレコム正規品 韓国SIMカードタイプではありません"", ""score: local=3, roaming=0"", ""local_claim_refers_to:cn""], ""network_generation"": [""product_info_cellular_5g: source:product_info_cellular: 携帯電話技術 5G/4G-LTE""], ""review_count"": [""detail_page: (1)""], ""bestseller_rank"": [""Amazon 売れ筋ランキング 家電＆カメラ - 177,086位 ( 家電＆カメラの売れ筋ランキングを見る ) プリペイドSIMカード - 1,428位""], ""title"": [""【 中国 eSIM 】6日間 無制限 本人確認不要 高速データ通信（低速なし） 中国ネット規制対象外 Line Youtube GoogleなどVPNなしで利用可能 即日発行可能 LINEで年中無休24時間サポート 中国sim 香港sim マカオsim イーシム (eSIM | 6日間無制限)""]}"
amazon_jp,hk,【中国 sim】中国本土・香港・マカオ対応｜30日間 20GB高速データ＋低速無制限｜プリペイドSIMカード｜契約・本人確認不要・Google/LINE/YouTube利用可｜中国simカード,2780,211,,,,,1420,30일,30일,30일,roaming,5g_capable,,,"{""cmhk"": null, ""csl"": null, ""smartone"": null, ""three_hk"": true}","{""skt"": null, ""kt"": null, ""lgu"": null}",20GB,https://www.amazon.co.jp/sim%E3%80%91%E4%B8%AD%E5%9B%BD%E6%9C%AC%E5%9C%9F%E3%83%BB%E9%A6%99%E6%B8%AF%E3%83%BB%E3%83%9E%E3%82%AB%E3%82%AA%E5%AF%BE%E5%BF%9C%EF%BD%9C30%E6%97%A5%E9%96%93-20GB%E9%AB%98%E9%80%9F%E3%83%87%E3%83%BC%E3%82%BF%EF%BC%8B%E4%BD%8E%E9%80%9F%E7%84%A1%E5%88%B6%E9%99%90%EF%BD%9C%E3%83%97%E3%83%AA%E3%83%9A%E3%82%A4%E3%83%89SIM%E3%82%AB%E3%83%BC%E3%83%89%EF%BD%9C%E5%AE%9F%E5%90%8D%E7%99%BB%E9%8C%B2%E4%B8%8D%E8%A6%81%E3%83%BBGoogle-LINE-YouTube%E5%88%A9%E7%94%A8%E5%8F%AF%EF%BD%9C24%E6%99%82%E9%96%93%E5%A4%9A%E8%A8%80%E8%AA%9E%E3%82%B5%E3%83%9D%E3%83%BC%E3%83%88-30%E6%97%A5%E9%96%93%EF%BD%9C20GB/dp/B0FTM1BMDF,B0FTM1BMDF,B0FTM1BMDF,Global eSIMshop,ブランド: PLUG TO GO,"{""price_jpy"": [""￥2,780""], ""usage_validity"": [""【中国 sim】中国本土・香港・マカオ対応｜30日間 20GB高速データ＋低速無制限｜プリペイドSIMカード｜契約・本人確認不要・Google/LINE/YouTube利用可｜中国simカード""], ""activation_validity"": [""【高速データ】 データ通信専用プリペイドSIM。中国大陸・香港・マカオで利用可能。利用開始から30日間で合計20GBの高速データ通信が利用できます。20GBを超過した場合も、最大128kbpsの低速通信が無制限でご利用可能。本人確認やSIM登録は不要です。 【中国ネット規制なし】 中国本土では香港回線をローミング利用するため、中国政府のネット規制対象外。Go""], ""data_amount"": [""【高速データ】 データ通信専用プリペイドSIM。中国大陸・香港・マカオで利用可能。利用開始から30日間で合計20GBの高速データ通信が利用できます。20GBを超過した場合も、最大128kbpsの低速通信が無制限でご利用可能。本人確認やSIM登録は不要です。""], ""network_type"": [""【中国ネット規制なし】 中国本土では香港回線をローミング利用するため、中国政府のネット規制対象外。Google、LINE、Facebook、Twitter、YouTube、Instagramなど主要サービスがVPN不要でそのままご利用いただけます。"", ""【高速データ】 データ通信専用プリペイドSIM。中国大陸・香港・マカオで利用可能。利用開始から30日間で合計20GBの高速データ通信が利用できます。20GBを超過した場合も、最大128kbpsの低速通信が無制限でご利用可能。本人確認やSIM登録は不要です。 【中国ネット規制なし】 中国本土では香港回線をローミング利用するため、中国政府のネット規制対象外。Go"", ""score: local=0, roaming=3""], ""network_generation"": [""product_info_cellular_5g: source:product_info_cellular: 携帯電話技術 5G/4G""], ""carrier_support_local"": [""3HK: 【対応端末】SIMフリー／SIMロック解除済みスマートフォン専用。タブレット・PC・Wi-Fiルーターではご利用いただけません。標準／micro／nano SIMサイズに対応。 キャリア：中国：中国電信（China Telecom）／香港：3HK／マカオ：CTM。"", ""3HK: 【高速データ】 データ通信専用プリペイドSIM。中国大陸・香港・マカオで利用可能。利用開始から30日間で合計20GBの高速データ通信が利用できます。20GBを超過した場合も、最大128kbpsの低速通信が無制限でご利用可能。本人確認やSIM登録は不要です。 【中国ネット規制なし】 中国本土では香港回"", ""3HK: サービスプロバイダ China Telecom/3HK/CTM"", ""3HK: Amazon.co.jp: 【中国 sim】中国本土・香港・マカオ対応｜30日間 20GB高速データ＋低速無制限｜プリペイドSIMカード｜契約・本人確認不要・Google/LINE/YouTube利用可｜中国simカード : 家電＆カメラ 次に移動 メインコンテンツ この商品について この商品につい""], ""review_count"": [""detail_page: 211""], ""bestseller_rank"": [""Amazon 売れ筋ランキング 家電＆カメラ - 175,684位 ( 家電＆カメラの売れ筋ランキングを見る ) プリペイドSIMカード - 1,420位""], ""title"": [""【中国 sim】中国本土・香港・マカオ対応｜30日間 20GB高速データ＋低速無制限｜プリペイドSIMカード｜契約・本人確認不要・Google/LINE/YouTube利用可｜中国simカード""]}"
amazon_jp,hk,【中国本土 eSIM】3日間 完全無制限 実名登録不要 高速データ通信 低速なし 中国ネット規制対象外 Line、Youtube、GoogleなどVPNなしで利用可能 QR簡単設定 メール登録で納品 中国SIM 即日発行対応 急ぎの方LINEサポートあり 中国esim 中国イーシム マグロeSIM,1550,49,,,,,755,3일,3일,3일,unknown,lte_4g_only,,,"{""cmhk"": null, ""csl"": null, ""smartone"": null, ""three_hk"": null}","{""skt"": null, ""kt"": null, ""lgu"": null}",unlimited,https://www.amazon.co.jp/eSIM%E3%80%913%E6%97%A5%E9%96%93-%E4%B8%AD%E5%9B%BD%E3%83%8D%E3%83%83%E3%83%88%E8%A6%8F%E5%88%B6%E5%AF%BE%E8%B1%A1%E5%A4%96-Line%E3%80%81Youtube%E3%80%81Google%E3%81%AA%E3%81%A9VPN%E3%81%AA%E3%81%97%E3%81%A7%E5%88%A9%E7%94%A8%E5%8F%AF%E8%83%BD-%E6%80%A5%E3%81%8E%E3%81%AE%E6%96%B9LINE%E3%82%B5%E3%83%9D%E3%83%BC%E3%83%88%E3%81%82%E3%82%8A-%E3%83%9E%E3%82%B0%E3%83%ADeSIM/dp/B0DRYHQZDS,B0DRYHQZDS,B0DRYHQZDS,マグロeSIM,マグロeSIMのストアを表示,"{""price_jpy"": [""￥1,550""], ""usage_validity"": [""【中国本土 eSIM】3日間 完全無制限 実名登録不要 高速データ通信 低速なし 中国ネット規制対象外 Line、Youtube、GoogleなどVPNなしで利用可能 QR簡単設定 メール登録で納品 中国SIM 即日発行対応 急ぎの方LINEサポートあり 中国esim 中国イーシム マグロeSIM""], ""activation_validity"": [""【中国本土 eSIM】3日間 完全無制限 実名登録不要 高速データ通信 低速なし 中国ネット規制対象外 Line、Youtube、GoogleなどVPNなしで利用可能 QR簡単設定 メール登録で納品 中国SIM 即日発行対応 急ぎの方LINEサポートあり 中国esim 中国イーシム マグロeSIM""], ""data_amount"": [""【高速データ】高速データ通信が無制限に使用可能です。""], ""network_type"": [""local_signal: 【チョコSIM 定額（Sプラン）】【中国の電話番号付きでアプリや施設サービスのSMS認証が可能】【データ容量】合計500MB/月【音声】合計20分間/月 データ/音声/SMS付きSIMカード 中国SIM マカオSIM China unicom ※こちらのSIMカードは契約後、毎月の基本料が発生いたします。※2024年11月1日から台湾でのご利用はできなくなり"", ""roaming_signal: 商品の説明 購入前にご注意！ 注意事項①：ご購入後、商品画像に記載されたURLにアクセスし必要事項を入力→メールアドレスにPDFの説明書とeSIMのQRコードが届きます！ 注意事項②：SIMロックフリー端末、もしくはSIMフリー端末専用のサービスです。必ず、ご利用端末がeSIM対応かどうかご確認ください。 注意事項③：eSIM対応端末のみ利用可能。※通信キャ"", ""insufficient_or_conflicting_signals(local=6, roaming=6)""], ""network_generation"": [""product_info_cellular_4g_lte: source:product_info_cellular: 携帯電話技術 LTE""], ""review_count"": [""detail_page: 49""], ""bestseller_rank"": [""Amazon 売れ筋ランキング 家電＆カメラ - 76,962位 ( 家電＆カメラの売れ筋ランキングを見る ) プリペイドSIMカード - 755位""], ""title"": [""【中国本土 eSIM】3日間 完全無制限 実名登録不要 高速データ通信 低速なし 中国ネット規制対象外 Line、Youtube、GoogleなどVPNなしで利用可能 QR簡単設定 メール登録で納品 中国SIM 即日発行対応 急ぎの方LINEサポートあり 中国esim 中国イーシム マグロeSIM""]}"
amazon_jp,hk,【中国本土・香港eSIM】3日間 完全無制限（低速なし） DeSiM正規卸 |LINE相談受付中 |データ通信専用（電話番号なし） simフリー端末のみ対応 説明書付 イーシム DeSIM,2670,1,,,,,1385,3일,3일,7일,unknown,unknown,,,"{""cmhk"": null, ""csl"": null, ""smartone"": null, ""three_hk"": null}","{""skt"": null, ""kt"": null, ""lgu"": null}",unlimited,https://www.amazon.co.jp/%E3%80%90%E4%B8%AD%E5%9B%BD%E6%9C%AC%E5%9C%9F%E3%83%BB%E9%A6%99%E6%B8%AFeSIM%E3%80%913%E6%97%A5%E9%96%93-%E5%AE%8C%E5%85%A8%E7%84%A1%E5%88%B6%E9%99%90%EF%BC%88%E4%BD%8E%E9%80%9F%E3%81%AA%E3%81%97%EF%BC%89-LINE%E7%9B%B8%E8%AB%87%E5%8F%97%E4%BB%98%E4%B8%AD-%E3%83%87%E3%83%BC%E3%82%BF%E9%80%9A%E4%BF%A1%E5%B0%82%E7%94%A8%EF%BC%88%E9%9B%BB%E8%A9%B1%E7%95%AA%E5%8F%B7%E3%81%AA%E3%81%97%EF%BC%89-sim%E3%83%95%E3%83%AA%E3%83%BC%E7%AB%AF%E6%9C%AB%E3%81%AE%E3%81%BF%E5%AF%BE%E5%BF%9C/dp/B0DZSS7BP4,B0DZSS7BP4,B0DZSS7BP4,DeSiM,DeSiMのストアを表示,"{""price_jpy"": [""￥2,670""], ""usage_validity"": [""【中国本土・香港eSIM】3日間 完全無制限（低速なし） DeSiM正規卸 |LINE相談受付中 |データ通信専用（電話番号なし） simフリー端末のみ対応 説明書付 イーシム DeSIM""], ""activation_validity"": [""大中華区SIMカード-中国、香港、マカオ、台湾向けプリペイドデータプラン｜2 GB毎日データ、7日有効期限｜高速4/5 G LTE｜旅行者に最適""], ""data_amount"": [""【中国本土・香港eSIM】3日間 完全無制限（低速なし） DeSiM正規卸 |LINE相談受付中 | データ通信専用（電話番号なし） simフリー端末のみ対応 説明書付 イーシム DeSIM""], ""network_type"": [""【チョコSIM 定額（Sプラン）】【中国の電話番号付きでアプリや施設サービスのSMS認証が可能】【データ容量】合計500MB/月【音声】合計20分間/月 データ/音声/SMS付きSIMカード 中国SIM マカオSIM China unicom ※こちらのSIMカードは契約後、毎月の基本料が発生いたします。※2024年11月1日から台湾でのご利用はできなくなり"", ""【SKTelecoｍ公式認証】 韓国eSIM 3日間 (72時間) 電話番号付き 超高速データ無制限 最初の5分発信無料(韓国国内) お急ぎの方即時発行可(LINE相談受付中) 有効期限／ご購入日より120日以内 現地空港サポート(SKTelecomローミングセンター) SKテレコム正規品 韓国SIMカードタイプではありません"", ""score: local=6, roaming=0"", ""local_claim_refers_to:cn""], ""network_generation"": [""fallback_5g: source:image_alt: 中国eSIM｜4日間 高速データ無制限｜中国本土・香港・マカオ対応｜VPN付き LINE・YouTube・Google利用可｜4G/5G 即日発行可能"", ""fallback_4g_lte: source:image_alt: 中国eSIM｜4日間 高速データ無制限｜中国本土・香港・マカオ対応｜VPN付き LINE・YouTube・Google利用可｜4G/5G 即日発行可能"", ""fallback_only_network_generation_signal""], ""review_count"": [""detail_page: (1)""], ""bestseller_rank"": [""Amazon 売れ筋ランキング 家電＆カメラ - 169,832位 ( 家電＆カメラの売れ筋ランキングを見る ) プリペイドSIMカード - 1,385位""], ""title"": [""【中国本土・香港eSIM】3日間 完全無制限（低速なし） DeSiM正規卸 |LINE相談受付中 |データ通信専用（電話番号なし） simフリー端末のみ対応 説明書付 イーシム DeSIM""]}"
amazon_jp,hk,トラベルコネクト 4G/5G 香港SIMカード - 7日間、毎日1GBの高速データ、通話やSMSなし | 観光客やビジネス旅行者、ローミング向けのプリペイド旅行SIM,1299,211,,,,,2022,7일,7일,7일,roaming,lte_4g_only,,,"{""cmhk"": null, ""csl"": null, ""smartone"": null, ""three_hk"": null}","{""skt"": null, ""kt"": null, ""lgu"": null}",1GB,https://www.amazon.co.jp/%E3%83%88%E3%83%A9%E3%83%99%E3%83%AB%E3%82%B3%E3%83%8D%E3%82%AF%E3%83%88-4G-%E9%A6%99%E6%B8%AFSIM%E3%82%AB%E3%83%BC%E3%83%89-7%E6%97%A5%E9%96%93%E3%80%81%E6%AF%8E%E6%97%A51GB%E3%81%AE%E9%AB%98%E9%80%9F%E3%83%87%E3%83%BC%E3%82%BF%E3%80%81%E9%80%9A%E8%A9%B1%E3%82%84SMS%E3%81%AA%E3%81%97-%E8%A6%B3%E5%85%89%E5%AE%A2%E3%82%84%E3%83%93%E3%82%B8%E3%83%8D%E3%82%B9%E6%97%85%E8%A1%8C%E8%80%85%E3%80%81%E3%83%AD%E3%83%BC%E3%83%9F%E3%83%B3%E3%82%B0%E5%90%91%E3%81%91%E3%81%AE%E3%83%97%E3%83%AA%E3%83%9A%E3%82%A4%E3%83%89%E6%97%85%E8%A1%8CSIM/dp/B0F2FVV7R8,B0F2FVV7R8,B0F2FVV7R8,Mossroam,mossroamのストアを表示,"{""price_jpy"": [""￥1,299""], ""usage_validity"": [""トラベルコネクト 4G/5G 香港SIMカード - 7日間、毎日1GBの高速データ、通話やSMSなし | 観光客やビジネス旅行者、ローミング向けのプリペイド旅行SIM""], ""activation_validity"": [""大中華区SIMカード-中国、香港、マカオ、台湾向けプリペイドデータプラン｜2 GB毎日データ、7日有効期限｜高速4/5 G LTE｜旅行者に最適""], ""data_amount"": [""型番 1GB Day pass,7 Days""], ""network_type"": [""トラベルコネクト 4G/5G 香港SIMカード - 7日間、毎日1GBの高速データ、通話やSMSなし | 観光客やビジネス旅行者、ローミング向けのプリペイド旅行SIM"", ""ご注文前に、お使いのデバイスが対応していることを確認してください。 お使いの携帯電話に物理カードを挿入できることを確認してください。挿入できない場合は、eSIMプランのいずれかをお選びください。 データ使用量プランには2種類あり、お客様の状況に合ったプランをお選びいただけます。 パッケージを受け取った後、3 in 1カードが届きます。 Mossroam Da"", ""score: local=0, roaming=9""], ""network_generation"": [""product_info_cellular_4g_lte: source:product_info_cellular: 携帯電話技術 LTE""], ""review_count"": [""detail_page: 211""], ""bestseller_rank"": [""Amazon 売れ筋ランキング 家電＆カメラ - 269,552位 ( 家電＆カメラの売れ筋ランキングを見る ) プリペイドSIMカード - 2,022位""], ""title"": [""トラベルコネクト 4G/5G 香港SIMカード - 7日間、毎日1GBの高速データ、通話やSMSなし | 観光客やビジネス旅行者、ローミング向けのプリペイド旅行SIM""]}"
amazon_jp,hk,アジア太平洋11カ国 シンガポール・タイ・ベトナム・マレーシア eSIM 3日間 高速データ使い放題 Jet Sim 無制限 3日 ジェットシム,1780,1,,,,,409,3일,3일,30일,roaming,5g_capable,,,"{""cmhk"": null, ""csl"": null, ""smartone"": null, ""three_hk"": null}","{""skt"": null, ""kt"": null, ""lgu"": null}",unlimited,https://www.amazon.co.jp/%E3%82%A2%E3%82%B8%E3%82%A2%E5%A4%AA%E5%B9%B3%E6%B4%8B12%E3%82%AB%E5%9B%BD-%E3%82%B7%E3%83%B3%E3%82%AC%E3%83%9D%E3%83%BC%E3%83%AB%E3%83%BB%E3%82%BF%E3%82%A4%E3%83%BB%E3%83%99%E3%83%88%E3%83%8A%E3%83%A0%E3%83%BB%E3%83%9E%E3%83%AC%E3%83%BC%E3%82%B7%E3%82%A2-3%E6%97%A5%E9%96%93-%E9%AB%98%E9%80%9F%E3%83%87%E3%83%BC%E3%82%BF%E4%BD%BF%E3%81%84%E6%94%BE%E9%A1%8C-%E3%82%B8%E3%82%A7%E3%83%83%E3%83%88%E3%82%B7%E3%83%A0/dp/B0FL1H1L6S,B0FL1H1L6S,B0FL1H1L6S,ジェスロモバイル,JETSIMのストアを表示,"{""price_jpy"": [""￥1,780""], ""usage_validity"": [""アジア太平洋11カ国 シンガポール・タイ・ベトナム・マレーシア eSIM 3日間 高速データ使い放題 Jet Sim 無制限 3日 ジェットシム""], ""activation_validity"": [""商品の説明 購入後すぐにeSIMを使えますか？ はい、すぐにご利用いただけます。スムーズにご利用いただくために、申請フォームのご提出をお願いいたします。 eSIMのアクティベーションは必要ですか？ アクティベーションは不要です。eSIMをスマートフォンに追加すれば、現地に到着次第、自動的に接続されます！ 複数の国で利用できるプランは国をまたいで移動する際も、""], ""data_amount"": [""【データ無制限】アジア太平洋11カ国 シンガポール・タイ・ベトナム・マレーシア等で3日間、5G / 4G-LTE高速データ使い放題。テザリング対応""], ""network_type"": [""マレーシア旅行用SIMカード - 5G/4G LTE高速データ - プリペイド＆ローミングなし、7日間合計3GB - 観光客やビジネス旅行者向けの簡単アクティベーション"", ""インドネシア旅行SIMカード - 5G/4G LTE高速データ - プリペイド＆ローミング禁止 - 5日間1GB - 観光客やビジネス旅行者のための簡単な有効化"", ""score: local=0, roaming=4""], ""network_generation"": [""product_info_cellular_5g: source:product_info_cellular: 携帯電話技術 LTE, 5G"", ""product_info_cellular_4g_lte_signal_present_but_5g_capable_takes_precedence""], ""review_count"": [""detail_page: 1""], ""bestseller_rank"": [""Amazon 売れ筋ランキング 家電＆カメラ - 37,853位 ( 家電＆カメラの売れ筋ランキングを見る ) プリペイドSIMカード - 409位""], ""title"": [""アジア太平洋11カ国 シンガポール・タイ・ベトナム・マレーシア eSIM 3日間 高速データ使い放題 Jet Sim 無制限 3日 ジェットシム""]}"
