site,country,title,price_jpy,review_count,seller_badge,search_position,monthly_sold_count,is_bestseller,bestseller_rank,validity,usage_validity,activation_validity,network_type,network_generation,network_generation_inferred,network_generation_confidence,carrier_support_local,carrier_support_kr,data_amount,product_url,asin,site_product_id,seller,brand,evidence
amazon_jp,hk,香港 マカオ ESIMプラン 4日間 完全無制限 4G-LTE 高速データ 使い放題 当日発行可能 出発前日本テスト用eSIM500MB 香港 マカオ プリペイドSIM 香港 esim 香港 マカオsim (4日間完全無制限),1780,391,,,50,,25,3일,3일,4일,local,unknown,lte_4g_only,medium,"{""cmhk"": null, ""csl"": null, ""smartone"": true, ""three_hk"": null}","{""skt"": null, ""kt"": null, ""lgu"": null}",unlimited,https://www.amazon.co.jp/ESIM%E3%83%97%E3%83%A9%E3%83%B3-4G-LTE-%E5%BD%93%E6%97%A5%E7%99%BA%E8%A1%8C%E5%8F%AF%E8%83%BD-%E3%83%97%E3%83%AA%E3%83%9A%E3%82%A4%E3%83%89SIM-4%E6%97%A5%E9%96%93%E5%AE%8C%E5%85%A8%E7%84%A1%E5%88%B6%E9%99%90/dp/B0CPXWSV5K,B0CPXWSV5K,B0CPXWSV5K,株式会社ビッグコネクト,bigconnectのストアを表示,"{""price_jpy"": [""￥1,780""], ""usage_validity"": [""【SKTelecoｍ公式認証】 韓国eSIM 3日間 (72時間) 電話番号付き 超高速データ無制限 最初の5分発信無料(韓国国内) お急ぎの方即時発行可(LINE相談受付中) 有効期限／ご購入日より120日以内 現地空港サポート(SKTelecomローミングセンター) SKテレコム正規品 韓国SIMカードタイプではありません""], ""activation_validity"": [""香港 マカオ ESIMプラン 4日間 完全無制限 4G-LTE 高速データ 使い放題 当日発行可能 出発前日本テスト用eSIM500MB 香港 マカオ プリペイドSIM 香港 esim 香港 マカオsim (4日間完全無制限)""], ""data_amount"": [""【高速データ完全無制限】 通信専用eSIMになります。※データ容量無制限。高速データ使い放題※現地時間の00:00-23：59区切りで、カウントされます。有効期限は、メールでのQRコード発行後1カ月です。""], ""network_type"": [""【現地キャリア利用】香港 マカオで使用できるeSIM、香港 マカオ渡航スケジュールに対応する手軽なeSIMカード。キャリア：香港：Smartone、HKT、3 マカオ:CTM ，香港 マカオでは信号が広く、ネットワークが安定し、速度が速いです。eSIMのsimカードはプリペイドsimカードと違って、挿入作業不要(iPhone・androidともeSIMのQR"", ""【チョコSIM 定額（Sプラン）】【中国の電話番号付きでアプリや施設サービスのSMS認証が可能】【データ容量】合計500MB/月【音声】合計20分間/月 データ/音声/SMS付きSIMカード 中国SIM マカオSIM China unicom ※こちらのSIMカードは契約後、毎月の基本料が発生いたします。※2024年11月1日から台湾でのご利用はできなくなり"", ""score: local=9, roaming=1""], ""network_generation"": [""fallback_5g: network_generation: fallback_5g: source:image_alt: 【中国 香港 マカオeSIM】5日間 5GB高速データ通信 TikTok利用可能 データ通信専用（電話番号なし）即日発行可能 メール登録で納品 中国本土・香港・マカオ対応eSIM mewfi"", ""fallback_4g_lte: activation_validity: 香港 マカオ ESIMプラン 4日間 完全無制限 4G-LTE 高速データ 使い放題 当日発行可能 出発前日本テスト用eSIM500MB 香港 マカオ プリペイドSIM 香港 esim 香港 マカオsim (4日間完全無制限)"", ""fallback_only_network_generation_signal""], ""carrier_support_local"": [""SmarTone: 【現地キャリア利用】香港 マカオで使用できるeSIM、香港 マカオ渡航スケジュールに対応する手軽なeSIMカード。キャリア：香港：Smartone、HKT、3 マカオ:CTM ，香港 マカオでは信号が広く、ネットワークが安定し、速度が速いです。eSIMのsimカードはプリペイドsimカードと違って、"", ""SmarTone: サービスプロバイダ Smartone, HKT, 3, CTM"", ""SmarTone: 香港 マカオ ESIMプラン 4日間 完全無制限 4G-LTE 高速データ 次に移動 メインコンテンツ この商品について この商品について この商品について 購入オプション 類似商品と比較する ビデオ レビュー キーボードショートカット 検索 Alt + / カート Shift + Alt + C ""], ""monthly_sold_count"": [""香港 マカオ ESIMプラン 4日間 完全無制限 4G-LTE 高速データ 次に移動 メインコンテンツ この商品について この商品について この商品について 購入オプション 類似商品と比較する ビデオ レビュー キーボードショートカット 検索 Alt + / カート Shift + Alt + C ホーム Shift + Alt + H 注文 Shift +""], ""review_count"": [""detail_page: (391)""], ""bestseller_rank"": [""Amazon 売れ筋ランキング 家電＆カメラ - 3,143位 ( 家電＆カメラの売れ筋ランキングを見る ) プリペイドSIMカード - 25位""], ""title"": [""香港 マカオ ESIMプラン 4日間 完全無制限 4G-LTE 高速データ 使い放題 当日発行可能 出発前日本テスト用eSIM500MB 香港 マカオ プリペイドSIM 香港 esim 香港 マカオsim (4日間完全無制限)""], ""network_generation_inferred"": [""title: 香港 マカオ ESIMプラン 4日間 完全無制限 4G-LTE 高速データ 使い放題 当日発行可能 出発前日本テスト用eSIM500MB 香港 マカオ プリペイドSIM 香港 esim 香港 マカオsim (4日間完全無制限)""]}"
amazon_jp,hk,香港 マカオ ESIMプラン 3日間 完全無制限 4G-LTE 高速データ 使い放題 当日発行可能 出発前日本テスト用eSIM500MB 香港 マカオ プリペイドSIM 香港 esim 香港 マカオsim (3日間完全無制限),1480,391,,,50,,25,3일,3일,3일,unknown,unknown,5g_capable,medium,"{""cmhk"": null, ""csl"": null, ""smartone"": true, ""three_hk"": null}","{""skt"": null, ""kt"": null, ""lgu"": null}",unlimited,https://www.amazon.co.jp/ESIM%E3%83%97%E3%83%A9%E3%83%B3-4G-LTE-%E5%BD%93%E6%97%A5%E7%99%BA%E8%A1%8C%E5%8F%AF%E8%83%BD-%E3%83%97%E3%83%AA%E3%83%9A%E3%82%A4%E3%83%89SIM-3%E6%97%A5%E9%96%93%E5%AE%8C%E5%85%A8%E7%84%A1%E5%88%B6%E9%99%90/dp/B0CPXYL72J,B0CPXYL72J,B0CPXYL72J,株式会社ビッグコネクト,bigconnectのストアを表示,"{""price_jpy"": [""￥1,480""], ""usage_validity"": [""香港 マカオ ESIMプラン 3日間 完全無制限 4G-LTE 高速データ 使い放題 当日発行可能 出発前日本テスト用eSIM500MB 香港 マカオ プリペイドSIM 香港 esim 香港 マカオsim (3日間完全無制限)""], ""activation_validity"": [""【SKTelecoｍ公式認証】 韓国eSIM 3日間 (72時間) 電話番号付き 超高速データ無制限 最初の5分発信無料(韓国国内) お急ぎの方即時発行可(LINE相談受付中) 有効期限／ご購入日より120日以内 現地空港サポート(SKTelecomローミングセンター) SKテレコム正規品 韓国SIMカードタイプではありません""], ""data_amount"": [""【高速データ完全無制限】 通信専用eSIMになります。※データ容量無制限。高速データ使い放題※現地時間の00:00-23：59区切りで、カウントされます。有効期限は、メールでのQRコード発行後1カ月です。""], ""network_type"": [""local_signal: 【現地キャリア利用】香港 マカオで使用できるeSIM、香港 マカオ渡航スケジュールに対応する手軽なeSIMカード。キャリア：香港：Smartone、HKT、3 マカオ:CTM ，香港 マカオでは信号が広く、ネットワークが安定し、速度が速いです。eSIMのsimカードはプリペイドsimカードと違って、挿入作業不要(iPhone・androidともeSIMのQR"", ""roaming_signal: トラベルコネクト 4G/5G 香港SIMカード - 7日間、毎日1GBの高速データ、通話やSMSなし | 観光客やビジネス旅行者、ローミング向けのプリペイド旅行SIM"", ""insufficient_or_conflicting_signals(local=9, roaming=2)""], ""network_generation"": [""fallback_5g: network_type: roaming_signal: トラベルコネクト 4G/5G 香港SIMカード - 7日間、毎日1GBの高速データ、通話やSMSなし | 観光客やビジネス旅行者、ローミング向けのプリペイド旅行SIM"", ""fallback_4g_lte: usage_validity: 香港 マカオ ESIMプラン 3日間 完全無制限 4G-LTE 高速データ 使い放題 当日発行可能 出発前日本テスト用eSIM500MB 香港 マカオ プリペイドSIM 香港 esim 香港 マカオsim (3日間完全無制限)"", ""fallback_only_network_generation_signal""], ""carrier_support_local"": [""SmarTone: 【現地キャリア利用】香港 マカオで使用できるeSIM、香港 マカオ渡航スケジュールに対応する手軽なeSIMカード。キャリア：香港：Smartone、HKT、3 マカオ:CTM ，香港 マカオでは信号が広く、ネットワークが安定し、速度が速いです。eSIMのsimカードはプリペイドsimカードと違って、"", ""SmarTone: サービスプロバイダ Smartone, HKT, 3, CTM"", ""SmarTone: 香港 マカオ ESIMプラン 3日間 完全無制限 4G-LTE 高速データ 次に移動 メインコンテンツ この商品について この商品について この商品について 購入オプション 類似商品と比較する ビデオ レビュー キーボードショートカット 検索 Alt + / カート Shift + Alt + C ""], ""monthly_sold_count"": [""香港 マカオ ESIMプラン 3日間 完全無制限 4G-LTE 高速データ 次に移動 メインコンテンツ この商品について この商品について この商品について 購入オプション 類似商品と比較する ビデオ レビュー キーボードショートカット 検索 Alt + / カート Shift + Alt + C ホーム Shift + Alt + H 注文 Shift +""], ""review_count"": [""detail_page: (391)""], ""bestseller_rank"": [""Amazon 売れ筋ランキング 家電＆カメラ - 3,143位 ( 家電＆カメラの売れ筋ランキングを見る ) プリペイドSIMカード - 25位""], ""title"": [""香港 マカオ ESIMプラン 3日間 完全無制限 4G-LTE 高速データ 使い放題 当日発行可能 出発前日本テスト用eSIM500MB 香港 マカオ プリペイドSIM 香港 esim 香港 マカオsim (3日間完全無制限)""], ""network_generation_inferred"": [""network_type: roaming_signal: トラベルコネクト 4G/5G 香港SIMカード - 7日間、毎日1GBの高速データ、通話やSMSなし | 観光客やビジネス旅行者、ローミング向けのプリペイド旅行SIM""]}"
amazon_jp,hk,【中国 香港 マカオ eSIM】5日間 高速データ通信5GB 実名登録不要 中国ネット規制対象外 Line、Youtube、GoogleなどVPNなしで利用可能 QRコード設定 メール登録で納品 即日発行対応 急ぎの方LINEサポートあり 中国esim 香港esim マカオesim,980,43,,,,,117,1일,1일,5일,roaming,unknown,5g_capable,medium,"{""cmhk"": null, ""csl"": null, ""smartone"": null, ""three_hk"": null}","{""skt"": null, ""kt"": null, ""lgu"": null}",5GB,https://www.amazon.co.jp/eSIM%E3%80%915%E6%97%A5%E9%96%93-%E9%AB%98%E9%80%9F%E3%83%87%E3%83%BC%E3%82%BF%E9%80%9A%E4%BF%A15GB-%E4%B8%AD%E5%9B%BD%E3%83%8D%E3%83%83%E3%83%88%E8%A6%8F%E5%88%B6%E5%AF%BE%E8%B1%A1%E5%A4%96-Line%E3%80%81Youtube%E3%80%81Google%E3%81%AA%E3%81%A9VPN%E3%81%AA%E3%81%97%E3%81%A7%E5%88%A9%E7%94%A8%E5%8F%AF%E8%83%BD-%E6%80%A5%E3%81%8E%E3%81%AE%E6%96%B9LINE%E3%82%B5%E3%83%9D%E3%83%BC%E3%83%88%E3%81%82%E3%82%8A/dp/B0FMXWXMJH,B0FMXWXMJH,B0FMXWXMJH,マグロeSIM,マグロeSIMのストアを表示,"{""price_jpy"": [""￥980""], ""usage_validity"": [""【注意事項①】有効期限：eSIM QRコードを受け取ってから90日間です（有効期間内にご利用ください）。eSIMの使用期間については、24時間を1日とカウントされますので、ご了承ください。""], ""activation_validity"": [""【中国 香港 マカオ eSIM】5日間 高速データ通信5GB 実名登録不要 中国ネット規制対象外 Line、Youtube、GoogleなどVPNなしで利用可能 QRコード設定 メール登録で納品 即日発行対応 急ぎの方LINEサポートあり 中国esim 香港esim マカオesim""], ""data_amount"": [""【高速データ】データ容量は、5日以内にデータ通信量が5GBを超えると、通信が中断されますので、ご注意ください。※地点によっては信号が届かない場合がありますので、ご了承ください。""], ""network_type"": [""商品の説明 購入前にご注意！ 注意事項①：ご購入後、商品画像に記載されたURLにアクセスし必要事項を入力→メールアドレスにPDFの説明書とeSIMのQRコードが届きます！ 注意事項②：SIMロックフリー端末、もしくはSIMフリー端末専用のサービスです。必ず、ご利用端末がeSIM対応かどうかご確認ください。 注意事項③：eSIM対応端末のみ利用可能。※通信キャ"", ""score: local=0, roaming=3""], ""network_generation"": [""fallback_5g: activation_validity: 【中国 香港 マカオ eSIM】5日間 高速データ通信5GB 実名登録不要 中国ネット規制対象外 Line、Youtube、GoogleなどVPNなしで利用可能 QRコード設定 メール登録で納品 即日発行対応 急ぎの方LINEサポートあり 中国esim 香港esim マカオesim"", ""fallback_4g_lte: network_generation: fallback_4g_lte: source:image_alt: 中国eSIM｜中国本土・香港・マカオ対応｜7日間 高速データ無制限｜VPN付き LINE・YouTube・Google利用可｜4G/5G 即日発行可能（eSIM | 7日間）"", ""fallback_only_network_generation_signal""], ""review_count"": [""detail_page: (43)""], ""bestseller_rank"": [""Amazon 売れ筋ランキング 家電＆カメラ - 10,294位 ( 家電＆カメラの売れ筋ランキングを見る ) プリペイドSIMカード - 117位""], ""title"": [""【中国 香港 マカオ eSIM】5日間 高速データ通信5GB 実名登録不要 中国ネット規制対象外 Line、Youtube、GoogleなどVPNなしで利用可能 QRコード設定 メール登録で納品 即日発行対応 急ぎの方LINEサポートあり 中国esim 香港esim マカオesim""], ""network_generation_inferred"": [""title: 【中国 香港 マカオ eSIM】5日間 高速データ通信5GB 実名登録不要 中国ネット規制対象外 Line、Youtube、GoogleなどVPNなしで利用可能 QRコード設定 メール登録で納品 即日発行対応 急ぎの方LINEサポートあり 中国esim 香港esim マカオesim""]}"
amazon_jp,hk,【中国・香港 SIM】8日間 5GB OMIRA | 高速データ | プリペイドSIM | データ通信専用（電話番号なし） | LINE相談受付中 | 日本語説明書付 SIMピン付 シム OMIRA,690,43,,,,,462,3일,3일,8일,local,unknown,5g_capable,medium,"{""cmhk"": null, ""csl"": null, ""smartone"": null, ""three_hk"": null}","{""skt"": null, ""kt"": null, ""lgu"": null}",5GB,https://www.amazon.co.jp/SIM%E3%80%918%E6%97%A5%E9%96%93-%E3%83%97%E3%83%AA%E3%83%9A%E3%82%A4%E3%83%89SIM-%E3%83%87%E3%83%BC%E3%82%BF%E9%80%9A%E4%BF%A1%E5%B0%82%E7%94%A8%EF%BC%88%E9%9B%BB%E8%A9%B1%E7%95%AA%E5%8F%B7%E3%81%AA%E3%81%97%EF%BC%89-LINE%E7%9B%B8%E8%AB%87%E5%8F%97%E4%BB%98%E4%B8%AD-%E6%97%A5%E6%9C%AC%E8%AA%9E%E8%AA%AC%E6%98%8E%E6%9B%B8%E4%BB%98/dp/B0F9LDMXGF,B0F9LDMXGF,B0F9LDMXGF,DeSiM,DeSiMのストアを表示,"{""price_jpy"": [""￥690""], ""usage_validity"": [""【SKTelecoｍ公式認証】 韓国eSIM 3日間 (72時間) 電話番号付き 超高速データ無制限 最初の5分発信無料(韓国国内) お急ぎの方即時発行可(LINE相談受付中) 有効期限／ご購入日より120日以内 現地空港サポート(SKTelecomローミングセンター) SKテレコム正規品 韓国SIMカードタイプではありません""], ""activation_validity"": [""【中国・香港 SIM】8日間 5GB OMIRA | 高速データ | プリペイドSIM | データ通信専用（電話番号なし） | LINE相談受付中 | 日本語説明書付 SIMピン付 シム OMIRA""], ""data_amount"": [""【中国・香港 SIM】8日間 5GB OMIRA | 高速データ | プリペイドSIM | データ通信専用（電話番号なし） | LINE相談受付中 | 日本語説明書付 SIMピン付 シム OMIRA""], ""network_type"": [""【チョコSIM 定額（Sプラン）】【中国の電話番号付きでアプリや施設サービスのSMS認証が可能】【データ容量】合計500MB/月【音声】合計20分間/月 データ/音声/SMS付きSIMカード 中国SIM マカオSIM China unicom ※こちらのSIMカードは契約後、毎月の基本料が発生いたします。※2024年11月1日から台湾でのご利用はできなくなり"", ""【SKTelecoｍ公式認証】 韓国eSIM 3日間 (72時間) 電話番号付き 超高速データ無制限 最初の5分発信無料(韓国国内) お急ぎの方即時発行可(LINE相談受付中) 有効期限／ご購入日より120日以内 現地空港サポート(SKTelecomローミングセンター) SKテレコム正規品 韓国SIMカードタイプではありません"", ""score: local=6, roaming=0""], ""network_generation"": [""fallback_5g: activation_validity: 【中国・香港 SIM】8日間 5GB OMIRA | 高速データ | プリペイドSIM | データ通信専用（電話番号なし） | LINE相談受付中 | 日本語説明書付 SIMピン付 シム OMIRA"", ""fallback_4g_lte: network_generation: fallback_4g_lte: source:image_alt: 【中国本土・香港・マカオ SIMカード】10日間 高速データ10GB SIMピン付き 4G/LTE SIMフリー対応 プリペイドSIMカード LINEで24時間サポート 中国 sim"", ""fallback_only_network_generation_signal""], ""review_count"": [""detail_page: (43)""], ""bestseller_rank"": [""Amazon 売れ筋ランキング 家電＆カメラ - 42,327位 ( 家電＆カメラの売れ筋ランキングを見る ) プリペイドSIMカード - 462位""], ""title"": [""【中国・香港 SIM】8日間 5GB OMIRA | 高速データ | プリペイドSIM | データ通信専用（電話番号なし） | LINE相談受付中 | 日本語説明書付 SIMピン付 シム OMIRA""], ""network_generation_inferred"": [""title: 【中国・香港 SIM】8日間 5GB OMIRA | 高速データ | プリペイドSIM | データ通信専用（電話番号なし） | LINE相談受付中 | 日本語説明書付 SIMピン付 シム OMIRA""]}"
amazon_jp,hk,【Almond SIM】中国本土 simcard 7日間 7GB＋3GB高速データ 低速データ無制限 香港 マカオにも利用可能 中国ネット規制対象外 中国でもGoogle、LINE、YouTubeなど利用可能 24時間安心サポート 5G 4G-LTE対応 プリペイド SIMカード China simカード (7日間10GB高速データ),1311,71,,,,,227,3일,3일,7일,unknown,5g_capable,5g_capable,high,"{""cmhk"": null, ""csl"": null, ""smartone"": null, ""three_hk"": true}","{""skt"": null, ""kt"": null, ""lgu"": null}",7GB,https://www.amazon.co.jp/7GB%EF%BC%8B3GB%E9%AB%98%E9%80%9F%E3%83%87%E3%83%BC%E3%82%BF-%E4%B8%AD%E5%9B%BD%E3%83%8D%E3%83%83%E3%83%88%E8%A6%8F%E5%88%B6%E5%AF%BE%E8%B1%A1%E5%A4%96-%E4%B8%AD%E5%9B%BD%E3%81%A7%E3%82%82Google%E3%80%81LINE%E3%80%81YouTube%E3%81%AA%E3%81%A9%E5%88%A9%E7%94%A8%E5%8F%AF%E8%83%BD-24%E6%99%82%E9%96%93%E5%AE%89%E5%BF%83%E3%82%B5%E3%83%9D%E3%83%BC%E3%83%88-7%E6%97%A5%E9%96%9310GB%E9%AB%98%E9%80%9F%E3%83%87%E3%83%BC%E3%82%BF/dp/B0FKLK7L35,B0FKLK7L35,B0FKLK7L35,株式会社ビッグコネクト,bigconnectのストアを表示,"{""price_jpy"": [""￥1,311""], ""usage_validity"": [""【SKTelecoｍ公式認証】 韓国eSIM 3日間 (72時間) 電話番号付き 超高速データ無制限 最初の5分発信無料(韓国国内) お急ぎの方即時発行可(LINE相談受付中) 有効期限／ご購入日より120日以内 現地空港サポート(SKTelecomローミングセンター) SKテレコム正規品 韓国SIMカードタイプではありません""], ""activation_validity"": [""【Almond SIM】中国本土 simcard 7日間 7GB＋3GB高速データ 低速データ無制限 香港 マカオにも利用可能 中国ネット規制対象外 中国でもGoogle、LINE、YouTubeなど利用可能 24時間安心サポート 5G 4G-LTE対応 プリペイド SIMカード China simカード (7日間10GB高速データ)""], ""data_amount"": [""【データプラン】データ通信専用のSIMです。中国大陸、香港、マカオを含む利用可能なプリペイドSIMカード。利用開始日から7日間で7GB＋3GB まで4G/5G高速通信が使用可能（10GB 超過後は128kbpsを下回らない速度に低速化）7GB＋無料3GB（合計10GB）のデータがご利用可能です。中国ネット規制対象外 中国でもGoogle、LINE、YouTu""], ""network_type"": [""local_signal: 【SKTelecoｍ公式認証】 韓国eSIM 3日間 (72時間) 電話番号付き 超高速データ無制限 最初の5分発信無料(韓国国内) お急ぎの方即時発行可(LINE相談受付中) 有効期限／ご購入日より120日以内 現地空港サポート(SKTelecomローミングセンター) SKテレコム正規品 韓国SIMカードタイプではありません"", ""roaming_signal: 【中国ネット制限なし】中国本土での利用の場合は香港ローミング接続を行います。これにより中国政府のネット規制対象外となり、Google、Facebook、Twitter、Instagram等に接続可能です。中華圏渡航スケジュールに対応する手軽なプリペイドSIMカード。キャリア：中国：China Telecom 香港：3HK マカオ: CTM。"", ""insufficient_or_conflicting_signals(local=3, roaming=2)""], ""network_generation"": [""strong_5g: title: 【Almond SIM】中国本土 simcard 7日間 7GB＋3GB高速データ 低速データ無制限 香港 マカオにも利用可能 中国ネット規制対象外 中国でもGoogle、LINE、YouTubeなど利用可能 24時間安心サポート 5G 4G-LTE対応 プリペイド SIMカード China simカード (7日間10GB高速データ)"", ""strong_5g: title: 【Almond SIM】中国本土 simcard 7日間 7GB＋3GB高速データ 低速データ無制限 香港 マカオにも利用可能 中国ネット規制対象外 中国でもGoogle、LINE、YouTubeなど利用可能 24時間安心サポート 5G 4G-LTE対応 プリペイド SIMカード China simカード (7日間10GB高速データ)"", ""4g_lte_signal_present_but_5g_capable_takes_precedence""], ""carrier_support_local"": [""3HK: 【中国ネット制限なし】中国本土での利用の場合は香港ローミング接続を行います。これにより中国政府のネット規制対象外となり、Google、Facebook、Twitter、Instagram等に接続可能です。中華圏渡航スケジュールに対応する手軽なプリペイドSIMカード。キャリア：中国：China Tel"", ""3HK: サービスプロバイダ 中国：China Telecom 香港：3HK マカオ: CTM""], ""review_count"": [""detail_page: (71)""], ""bestseller_rank"": [""Amazon 売れ筋ランキング 家電＆カメラ - 18,423位 ( 家電＆カメラの売れ筋ランキングを見る ) プリペイドSIMカード - 227位""], ""title"": [""【Almond SIM】中国本土 simcard 7日間 7GB＋3GB高速データ 低速データ無制限 香港 マカオにも利用可能 中国ネット規制対象外 中国でもGoogle、LINE、YouTubeなど利用可能 24時間安心サポート 5G 4G-LTE対応 プリペイド SIMカード China simカード (7日間10GB高速データ)""], ""network_generation_inferred"": [""strong_5g: title: 【Almond SIM】中国本土 simcard 7日間 7GB＋3GB高速データ 低速データ無制限 香港 マカオにも利用可能 中国ネット規制対象外 中国でもGoogle、LINE、YouTubeなど利用可能 24時間安心サポート 5G 4G-LTE対応 プリペイド SIMカード China simカード (7日間10GB高速データ)"", ""strong_5g: title: 【Almond SIM】中国本土 simcard 7日間 7GB＋3GB高速データ 低速データ無制限 香港 マカオにも利用可能 中国ネット規制対象外 中国でもGoogle、LINE、YouTubeなど利用可能 24時間安心サポート 5G 4G-LTE対応 プリペイド SIMカード China simカード (7日間10GB高速データ)"", ""4g_lte_signal_present_but_5g_capable_takes_precedence""]}"
amazon_jp,hk,【Almond eSIM】中国本土 eSIM 7日間10GB 高速データ 香港 マカオにも利用可能 中国ネット規制対象外 中国でもGoogle、LINE、YouTubeなど利用可能 出発前の接続テスト用 日本国内500MB eSIM付 24時間安心サポート 5G 4G-LTE対応 プリペイド eSIMカード China esimカード (7日間10GB高速データ),1380,85,,,100,,31,7일,7일,,unknown,5g_capable,5g_capable,high,"{""cmhk"": null, ""csl"": null, ""smartone"": null, ""three_hk"": true}","{""skt"": null, ""kt"": null, ""lgu"": null}",10GB,https://www.amazon.co.jp/eSIM%E3%80%91%E4%B8%AD%E5%9B%BD%E6%9C%AC%E5%9C%9F-%E4%B8%AD%E5%9B%BD%E3%83%8D%E3%83%83%E3%83%88%E8%A6%8F%E5%88%B6%E5%AF%BE%E8%B1%A1%E5%A4%96-%E4%B8%AD%E5%9B%BD%E3%81%A7%E3%82%82Google%E3%80%81LINE%E3%80%81YouTube%E3%81%AA%E3%81%A9%E5%88%A9%E7%94%A8%E5%8F%AF%E8%83%BD-24%E6%99%82%E9%96%93%E5%AE%89%E5%BF%83%E3%82%B5%E3%83%9D%E3%83%BC%E3%83%88-7%E6%97%A5%E9%96%9310GB%E9%AB%98%E9%80%9F%E3%83%87%E3%83%BC%E3%82%BF/dp/B0FT2SMGHG,B0FT2SMGHG,B0FT2SMGHG,株式会社ビッグコネクト,bigconnectのストアを表示,"{""price_jpy"": [""￥1,380""], ""usage_validity"": [""【Almond eSIM】中国本土 eSIM 7日間10GB 高速データ 香港 マカオにも利用可能 中国ネット規制対象外 中国でもGoogle、LINE、YouTubeなど利用可能 出発前の接続テスト用 日本国内500MB eSIM付 24時間安心サポート 5G 4G-LTE対応 プリペイド eSIMカード China esimカード (7日間10GB高速デ""], ""data_amount"": [""【データプラン】データ通信専用のeSIMです。中国大陸、香港、マカオを含む利用可能なプリペイドeSIMカード。利用開始日から7日間で10GB まで4G/5G高速通信が使用可能。中国ネット規制対象外 中国でもGoogle、LINE、YouTubeなどVPNなしで利用可能、本人確認やSIMカード認証は不要です。""], ""network_type"": [""roaming_signal: 【中国ネット制限なし】中国本土での利用の場合は香港ローミング接続を行います。これにより中国政府のネット規制対象外となり、Google、Facebook、Twitter、Instagram等に接続可能です。中華圏渡航スケジュールに対応する手軽なプリペイドSIMカード。キャリア：中国：China Telecom 香港：3HK マカオ: CTM。"", ""insufficient_or_conflicting_signals(local=0, roaming=1)""], ""network_generation"": [""strong_5g: title: 【Almond eSIM】中国本土 eSIM 7日間10GB 高速データ 香港 マカオにも利用可能 中国ネット規制対象外 中国でもGoogle、LINE、YouTubeなど利用可能 出発前の接続テスト用 日本国内500MB eSIM付 24時間安心サポート 5G 4G-LTE対応 プリペイド eSIMカード China esimカード (7日間"", ""strong_5g: title: 【Almond eSIM】中国本土 eSIM 7日間10GB 高速データ 香港 マカオにも利用可能 中国ネット規制対象外 中国でもGoogle、LINE、YouTubeなど利用可能 出発前の接続テスト用 日本国内500MB eSIM付 24時間安心サポート 5G 4G-LTE対応 プリペイド eSIMカード China esimカード (7日間"", ""4g_lte_signal_present_but_5g_capable_takes_precedence""], ""carrier_support_local"": [""3HK: 【中国ネット制限なし】中国本土での利用の場合は香港ローミング接続を行います。これにより中国政府のネット規制対象外となり、Google、Facebook、Twitter、Instagram等に接続可能です。中華圏渡航スケジュールに対応する手軽なプリペイドSIMカード。キャリア：中国：China Tel""], ""monthly_sold_count"": [""Amazon.co.jp: 【Almond eSIM】中国本土 eSIM 7日間10GB 高速データ 香港 マカオにも利用可能 中国ネット規制対象外 中国でもGoogle、LINE、YouTubeなど利用可能 出発前の接続テスト用 日本国内500MB eSIM付 24時間安心サポート 5G 4G-LTE対応 プリペイド eSIMカード China esimカ""], ""review_count"": [""detail_page: (85)""], ""bestseller_rank"": [""Amazon 売れ筋ランキング 家電＆カメラ - 3,840位 ( 家電＆カメラの売れ筋ランキングを見る ) プリペイドSIMカード - 31位""], ""title"": [""【Almond eSIM】中国本土 eSIM 7日間10GB 高速データ 香港 マカオにも利用可能 中国ネット規制対象外 中国でもGoogle、LINE、YouTubeなど利用可能 出発前の接続テスト用 日本国内500MB eSIM付 24時間安心サポート 5G 4G-LTE対応 プリペイド eSIMカード China esimカード (7日間10GB高速データ)""], ""network_generation_inferred"": [""strong_5g: title: 【Almond eSIM】中国本土 eSIM 7日間10GB 高速データ 香港 マカオにも利用可能 中国ネット規制対象外 中国でもGoogle、LINE、YouTubeなど利用可能 出発前の接続テスト用 日本国内500MB eSIM付 24時間安心サポート 5G 4G-LTE対応 プリペイド eSIMカード China esimカード (7日間"", ""strong_5g: title: 【Almond eSIM】中国本土 eSIM 7日間10GB 高速データ 香港 マカオにも利用可能 中国ネット規制対象外 中国でもGoogle、LINE、YouTubeなど利用可能 出発前の接続テスト用 日本国内500MB eSIM付 24時間安心サポート 5G 4G-LTE対応 プリペイド eSIMカード China esimカード (7日間"", ""4g_lte_signal_present_but_5g_capable_takes_precedence""]}"
amazon_jp,hk,香港 マカオ ESIMプラン 5日間 完全無制限 4G-LTE 高速データ 使い放題 当日発行可能 出発前日本テスト用eSIM500MB 香港 マカオ プリペイドSIM 香港 esim 香港 マカオsim (5日間完全無制限),1980,391,,,,,25,3일,3일,5일,unknown,unknown,5g_capable,medium,"{""cmhk"": null, ""csl"": null, ""smartone"": true, ""three_hk"": null}","{""skt"": null, ""kt"": null, ""lgu"": null}",unlimited,https://www.amazon.co.jp/ESIM%E3%83%97%E3%83%A9%E3%83%B3-4G-LTE-%E5%BD%93%E6%97%A5%E7%99%BA%E8%A1%8C%E5%8F%AF%E8%83%BD-%E3%83%97%E3%83%AA%E3%83%9A%E3%82%A4%E3%83%89SIM-5%E6%97%A5%E9%96%93%E5%AE%8C%E5%85%A8%E7%84%A1%E5%88%B6%E9%99%90/dp/B0CPY278Q9,B0CPY278Q9,B0CPY278Q9,株式会社ビッグコネクト,bigconnectのストアを表示,"{""price_jpy"": [""￥1,980""], ""usage_validity"": [""【SKTelecoｍ公式認証】 韓国eSIM 3日間 (72時間) 電話番号付き 超高速データ無制限 最初の5分発信無料(韓国国内) お急ぎの方即時発行可(LINE相談受付中) 有効期限／ご購入日より120日以内 現地空港サポート(SKTelecomローミングセンター) SKテレコム正規品 韓国SIMカードタイプではありません""], ""activation_validity"": [""香港 マカオ ESIMプラン 5日間 完全無制限 4G-LTE 高速データ 使い放題 当日発行可能 出発前日本テスト用eSIM500MB 香港 マカオ プリペイドSIM 香港 esim 香港 マカオsim (5日間完全無制限)""], ""data_amount"": [""【高速データ完全無制限】 通信専用eSIMになります。※データ容量無制限。高速データ使い放題※現地時間の00:00-23：59区切りで、カウントされます。有効期限は、メールでのQRコード発行後1カ月です。""], ""network_type"": [""local_signal: 【現地キャリア利用】香港 マカオで使用できるeSIM、香港 マカオ渡航スケジュールに対応する手軽なeSIMカード。キャリア：香港：Smartone、HKT、3 マカオ:CTM ，香港 マカオでは信号が広く、ネットワークが安定し、速度が速いです。eSIMのsimカードはプリペイドsimカードと違って、挿入作業不要(iPhone・androidともeSIMのQR"", ""roaming_signal: トラベルコネクト 4G/5G 香港SIMカード - 7日間、毎日1GBの高速データ、通話やSMSなし | 観光客やビジネス旅行者、ローミング向けのプリペイド旅行SIM"", ""insufficient_or_conflicting_signals(local=9, roaming=2)""], ""network_generation"": [""fallback_5g: network_type: roaming_signal: トラベルコネクト 4G/5G 香港SIMカード - 7日間、毎日1GBの高速データ、通話やSMSなし | 観光客やビジネス旅行者、ローミング向けのプリペイド旅行SIM"", ""fallback_4g_lte: activation_validity: 香港 マカオ ESIMプラン 5日間 完全無制限 4G-LTE 高速データ 使い放題 当日発行可能 出発前日本テスト用eSIM500MB 香港 マカオ プリペイドSIM 香港 esim 香港 マカオsim (5日間完全無制限)"", ""fallback_only_network_generation_signal""], ""carrier_support_local"": [""SmarTone: 【現地キャリア利用】香港 マカオで使用できるeSIM、香港 マカオ渡航スケジュールに対応する手軽なeSIMカード。キャリア：香港：Smartone、HKT、3 マカオ:CTM ，香港 マカオでは信号が広く、ネットワークが安定し、速度が速いです。eSIMのsimカードはプリペイドsimカードと違って、"", ""SmarTone: サービスプロバイダ Smartone, HKT, 3, CTM""], ""review_count"": [""detail_page: (391)""], ""bestseller_rank"": [""Amazon 売れ筋ランキング 家電＆カメラ - 3,143位 ( 家電＆カメラの売れ筋ランキングを見る ) プリペイドSIMカード - 25位""], ""title"": [""香港 マカオ ESIMプラン 5日間 完全無制限 4G-LTE 高速データ 使い放題 当日発行可能 出発前日本テスト用eSIM500MB 香港 マカオ プリペイドSIM 香港 esim 香港 マカオsim (5日間完全無制限)""], ""network_generation_inferred"": [""network_type: roaming_signal: トラベルコネクト 4G/5G 香港SIMカード - 7日間、毎日1GBの高速データ、通話やSMSなし | 観光客やビジネス旅行者、ローミング向けのプリペイド旅行SIM""]}"
amazon_jp,hk,【中国 香港 マカオ eSIM】5日間 無制限 実名登録不要 高速データ通信 低速なし 中国ネット規制対象外 Line、Youtube、GoogleなどVPNなしで利用可能 QRコード設定 メール登録で納品 即日発行対応 急ぎの方LINEサポートあり 中国sim 香港sim マカオsim マグロeSIM,2080,185,,,100,,35,1일,1일,5일,unknown,unknown,unknown,low,"{""cmhk"": null, ""csl"": null, ""smartone"": null, ""three_hk"": null}","{""skt"": null, ""kt"": null, ""lgu"": null}",unlimited,https://www.amazon.co.jp/eSIM%E3%80%915%E6%97%A5%E9%96%93-%E4%B8%AD%E5%9B%BD%E3%83%8D%E3%83%83%E3%83%88%E8%A6%8F%E5%88%B6%E5%AF%BE%E8%B1%A1%E5%A4%96-Line%E3%80%81Youtube%E3%80%81Google%E3%81%AA%E3%81%A9VPN%E3%81%AA%E3%81%97%E3%81%A7%E5%88%A9%E7%94%A8%E5%8F%AF%E8%83%BD-%E6%80%A5%E3%81%8E%E3%81%AE%E6%96%B9LINE%E3%82%B5%E3%83%9D%E3%83%BC%E3%83%88%E3%81%82%E3%82%8A-%E3%83%9E%E3%82%B0%E3%83%ADeSIM/dp/B0DRVDQ1WP,B0DRVDQ1WP,B0DRVDQ1WP,マグロeSIM,マグロeSIMのストアを表示,"{""price_jpy"": [""￥2,080""], ""usage_validity"": [""【注意事項①】有効期限：eSIM QRコードを受け取ってから90日間です（有効期間内にご利用ください）。eSIMの使用期間については、24時間を1日とカウントされますので、ご了承ください。""], ""activation_validity"": [""【中国 香港 マカオ eSIM】5日間 無制限 実名登録不要 高速データ通信 低速なし 中国ネット規制対象外 Line、Youtube、GoogleなどVPNなしで利用可能 QRコード設定 メール登録で納品 即日発行対応 急ぎの方LINEサポートあり 中国sim 香港sim マカオsim マグロeSIM""], ""data_amount"": [""【特徴①】本商品は、高速データ通信が無制限に使用可能です。さらに、日本国内で使用できる500MBのデータも含まれており、詳しい情報は、予約後にお送りするメールの説明書をご確認ください。""], ""network_type"": [""local_signal: 【チョコSIM 定額（Sプラン）】【中国の電話番号付きでアプリや施設サービスのSMS認証が可能】【データ容量】合計500MB/月【音声】合計20分間/月 データ/音声/SMS付きSIMカード 中国SIM マカオSIM China unicom ※こちらのSIMカードは契約後、毎月の基本料が発生いたします。※2024年11月1日から台湾でのご利用はできなくなり"", ""roaming_signal: 商品の説明 購入前にご注意！ 注意事項①：ご購入後、商品画像に記載されたURLにアクセスし必要事項を入力→メールアドレスにPDFの説明書とeSIMのQRコードが届きます！ 注意事項②：SIMロックフリー端末、もしくはSIMフリー端末専用のサービスです。必ず、ご利用端末がeSIM対応かどうかご確認ください。 注意事項③：eSIM対応端末のみ利用可能。※通信キャ"", ""insufficient_or_conflicting_signals(local=6, roaming=3)""], ""network_generation"": [""fallback_5g: network_generation: fallback_5g: source:image_alt: 【中国 香港 マカオ eSIM】5日間 高速データ通信5GB 実名登録不要 中国ネット規制対象外 Line、Youtube、GoogleなどVPNなしで利用可能 QRコード設定 メール登録で納品 即日発行対応 急ぎの方LINEサポートあり 中国esim 香港"", ""fallback_4g_lte: network_generation: fallback_4g_lte: source:image_alt: 中国eSIM｜中国本土・香港・マカオ対応｜4日間 高速データ無制限｜VPN付き LINE・YouTube・Google利用可｜4G/5G 即日発行可能（eSIM | 4日間）"", ""fallback_only_network_generation_signal""], ""monthly_sold_count"": [""Amazon.co.jp: 【中国 香港 マカオ eSIM】5日間 無制限 実名登録不要 高速データ通信 低速なし 中国ネット規制対象外 Line、Youtube、GoogleなどVPNなしで利用可能 QRコード設定 メール登録で納品 即日発行対応 急ぎの方LINEサポートあり 中国sim 香港sim マカオsim マグロeSIM : 家電＆カメラ 次に移動""], ""review_count"": [""detail_page: (185)""], ""bestseller_rank"": [""Amazon 売れ筋ランキング 家電＆カメラ - 3,970位 ( 家電＆カメラの売れ筋ランキングを見る ) プリペイドSIMカード - 35位""], ""title"": [""【中国 香港 マカオ eSIM】5日間 無制限 実名登録不要 高速データ通信 低速なし 中国ネット規制対象外 Line、Youtube、GoogleなどVPNなしで利用可能 QRコード設定 メール登録で納品 即日発行対応 急ぎの方LINEサポートあり 中国sim 香港sim マカオsim マグロeSIM""], ""network_generation_inferred"": [""no_medium_generation_signal""]}"
amazon_jp,hk,【Almond eSIM】中国 香港 マカオ eSIM 3日間3GB 高速データ通信 当日発行可能 中国ネット規制対象外 中国でもGoogle、LINE、YouTubeなどVPNなしで利用可能 24時間サポート 4G-LTE対応 プリペイド ESIMプラン China HONGKONG Macou simカード (3日間3GB),880,30,,,,,50,3일,3일,3일,local,lte_4g_only,lte_4g_only,high,"{""cmhk"": null, ""csl"": null, ""smartone"": null, ""three_hk"": null}","{""skt"": null, ""kt"": null, ""lgu"": null}",3GB,https://www.amazon.co.jp/3%E6%97%A5%E9%96%933GB-%E4%B8%AD%E5%9B%BD%E3%83%8D%E3%83%83%E3%83%88%E8%A6%8F%E5%88%B6%E5%AF%BE%E8%B1%A1%E5%A4%96-%E4%B8%AD%E5%9B%BD%E3%81%A7%E3%82%82Google%E3%80%81LINE%E3%80%81YouTube%E3%81%AA%E3%81%A9VPN%E3%81%AA%E3%81%97%E3%81%A7%E5%88%A9%E7%94%A8%E5%8F%AF%E8%83%BD-24%E6%99%82%E9%96%93%E3%82%B5%E3%83%9D%E3%83%BC%E3%83%88-4G-LTE%E5%AF%BE%E5%BF%9C/dp/B0F1TC4TD5,B0F1TC4TD5,B0F1TC4TD5,株式会社ビッグコネクト,bigconnectのストアを表示,"{""price_jpy"": [""￥880""], ""usage_validity"": [""【Almond eSIM】中国 香港 マカオ eSIM 3日間3GB 高速データ通信 当日発行可能 中国ネット規制対象外 中国でもGoogle、LINE、YouTubeなどVPNなしで利用可能 24時間サポート 4G-LTE対応 プリペイド ESIMプラン China HONGKONG Macou simカード (3日間3GB)""], ""activation_validity"": [""【SKTelecoｍ公式認証】 韓国eSIM 3日間 (72時間) 電話番号付き 超高速データ無制限 最初の5分発信無料(韓国国内) お急ぎの方即時発行可(LINE相談受付中) 有効期限／ご購入日より120日以内 現地空港サポート(SKTelecomローミングセンター) SKテレコム正規品 韓国SIMカードタイプではありません""], ""data_amount"": [""【データプラン】データ通信専用のeSIMです。中国大陸、香港、マカオを含む利用可能なeSIMカード。※データ容量：3日間3GB高速データ。3GBを超えると、通信が止まります。中国ネット規制対象外 中国でもGoogle、LINE、YouTubeなどVPNなしで利用可能、本人確認やSIMカード認証は不要。""], ""network_type"": [""【チョコSIM 定額（Sプラン）】【中国の電話番号付きでアプリや施設サービスのSMS認証が可能】【データ容量】合計500MB/月【音声】合計20分間/月 データ/音声/SMS付きSIMカード 中国SIM マカオSIM China unicom ※こちらのSIMカードは契約後、毎月の基本料が発生いたします。※2024年11月1日から台湾でのご利用はできなくなり"", ""【SKTelecoｍ公式認証】 韓国eSIM 3日間 (72時間) 電話番号付き 超高速データ無制限 最初の5分発信無料(韓国国内) お急ぎの方即時発行可(LINE相談受付中) 有効期限／ご購入日より120日以内 現地空港サポート(SKTelecomローミングセンター) SKテレコム正規品 韓国SIMカードタイプではありません"", ""score: local=6, roaming=0""], ""network_generation"": [""strong_4g_lte: title: 【Almond eSIM】中国 香港 マカオ eSIM 3日間3GB 高速データ通信 当日発行可能 中国ネット規制対象外 中国でもGoogle、LINE、YouTubeなどVPNなしで利用可能 24時間サポート 4G-LTE対応 プリペイド ESIMプラン China HONGKONG Macou simカード (3日間3GB)"", ""strong_4g_lte: title: 【Almond eSIM】中国 香港 マカオ eSIM 3日間3GB 高速データ通信 当日発行可能 中国ネット規制対象外 中国でもGoogle、LINE、YouTubeなどVPNなしで利用可能 24時間サポート 4G-LTE対応 プリペイド ESIMプラン China HONGKONG Macou simカード (3日間3GB)""], ""review_count"": [""detail_page: (30)""], ""bestseller_rank"": [""Amazon 売れ筋ランキング 家電＆カメラ - 45,817位 ( 家電＆カメラの売れ筋ランキングを見る ) 定期契約SIMカード - 50位""], ""title"": [""【Almond eSIM】中国 香港 マカオ eSIM 3日間3GB 高速データ通信 当日発行可能 中国ネット規制対象外 中国でもGoogle、LINE、YouTubeなどVPNなしで利用可能 24時間サポート 4G-LTE対応 プリペイド ESIMプラン China HONGKONG Macou simカード (3日間3GB)""], ""network_generation_inferred"": [""strong_4g_lte: title: 【Almond eSIM】中国 香港 マカオ eSIM 3日間3GB 高速データ通信 当日発行可能 中国ネット規制対象外 中国でもGoogle、LINE、YouTubeなどVPNなしで利用可能 24時間サポート 4G-LTE対応 プリペイド ESIMプラン China HONGKONG Macou simカード (3日間3GB)"", ""strong_4g_lte: title: 【Almond eSIM】中国 香港 マカオ eSIM 3日間3GB 高速データ通信 当日発行可能 中国ネット規制対象外 中国でもGoogle、LINE、YouTubeなどVPNなしで利用可能 24時間サポート 4G-LTE対応 プリペイド ESIMプラン China HONGKONG Macou simカード (3日間3GB)""]}"
amazon_jp,hk,【香港eSIM】マカオeSIM 3日間 高速データ通信無制限使い放題 出発前のお試しに便利 日本国内500MB付き データ通信専用 当日納品可能 QR簡单設定 緊急利用（Lineまで連絡）Hong Kong Macao eSIM メール登録で納品 mewfi,1480,51,,,,,667,3일,3일,3일,unknown,unknown,unknown,low,"{""cmhk"": null, ""csl"": null, ""smartone"": null, ""three_hk"": null}","{""skt"": null, ""kt"": null, ""lgu"": null}",unlimited,https://www.amazon.co.jp/%E3%80%90%E9%A6%99%E6%B8%AFeSIM%E3%80%91%E3%83%9E%E3%82%AB%E3%82%AAeSIM-3%E6%97%A5%E9%96%93-%E9%AB%98%E9%80%9F%E3%83%87%E3%83%BC%E3%82%BF%E9%80%9A%E4%BF%A1%E7%84%A1%E5%88%B6%E9%99%90%E4%BD%BF%E3%81%84%E6%94%BE%E9%A1%8C-%E7%B7%8A%E6%80%A5%E5%88%A9%E7%94%A8%EF%BC%88Line%E3%81%BE%E3%81%A7%E9%80%A3%E7%B5%A1%EF%BC%89Hong-mewfi/dp/B0CPYCDVGY,B0CPYCDVGY,B0CPYCDVGY,Mewfi 正規販売店,mewfiのストアを表示,"{""price_jpy"": [""￥1,480""], ""usage_validity"": [""【香港eSIM】マカオeSIM 3日間 高速データ通信無制限使い放題 出発前のお試しに便利 日本国内500MB付き データ通信専用 当日納品可能 QR簡单設定 緊急利用（Lineまで連絡）Hong Kong Macao eSIM メール登録で納品 mewfi""], ""activation_validity"": [""【SKTelecoｍ公式認証】 韓国eSIM 3日間 (72時間) 電話番号付き 超高速データ無制限 最初の5分発信無料(韓国国内) お急ぎの方即時発行可(LINE相談受付中) 有効期限／ご購入日より120日以内 現地空港サポート(SKTelecomローミングセンター) SKテレコム正規品 韓国SIMカードタイプではありません""], ""data_amount"": [""【高速データ通信】このeSIMカードは、香港、マカオで利用でき、高速かつ安定した無制限のデータ通信を提供します。ネットワーク速度が速く、安定性に優れています。マカオに到着後、必ずeSIMのローミングを有効にしてください。""], ""network_type"": [""local_signal: 【チョコSIM 定額（Sプラン）】【中国の電話番号付きでアプリや施設サービスのSMS認証が可能】【データ容量】合計500MB/月【音声】合計20分間/月 データ/音声/SMS付きSIMカード 中国SIM マカオSIM China unicom ※こちらのSIMカードは契約後、毎月の基本料が発生いたします。※2024年11月1日から台湾でのご利用はできなくなり"", ""roaming_signal: 【高速データ通信】このeSIMカードは、香港、マカオで利用でき、高速かつ安定した無制限のデータ通信を提供します。ネットワーク速度が速く、安定性に優れています。マカオに到着後、必ずeSIMのローミングを有効にしてください。"", ""insufficient_or_conflicting_signals(local=6, roaming=2)""], ""network_generation"": [""fallback_5g: network_generation: fallback_5g: source:image_alt: 【香港・マカオ eSIM】7日間 5GB（六泊七日 コスパ重視） DeSiM正規卸 | LINE相談受付中 | データ通信専用（電話番号なし） | simフリー端末のみ対応 説明書付 イーシム DeSiM"", ""fallback_4g_lte: network_generation: fallback_4g_lte: source:image_alt: 香港 マカオ ESIMプラン 3日間 完全無制限 4G-LTE 高速データ 使い放題 当日発行可能 出発前日本テスト用eSIM500MB 香港 マカオ プリペイドSIM 香港 esim 香港 マカオsim (3日間完全無制限)"", ""fallback_only_network_generation_signal""], ""review_count"": [""detail_page: (51)""], ""bestseller_rank"": [""Amazon 売れ筋ランキング 家電＆カメラ - 67,693位 ( 家電＆カメラの売れ筋ランキングを見る ) プリペイドSIMカード - 667位""], ""title"": [""【香港eSIM】マカオeSIM 3日間 高速データ通信無制限使い放題 出発前のお試しに便利 日本国内500MB付き データ通信専用 当日納品可能 QR簡单設定 緊急利用（Lineまで連絡）Hong Kong Macao eSIM メール登録で納品 mewfi""], ""network_generation_inferred"": [""no_medium_generation_signal""]}"
amazon_jp,hk,【中国 香港 マカオeSIM】4日間 高速データ通信 低速なし 完全無制限 実名登録不要 中国ネット規制対象外 使い放題｜Google LINE YouTubeなどVPNなしで利用可能｜中国 simカード 香港sim マカオsim マカオeSIM プリペイド SIM eSIM｜旅行・出張・留学｜安心サポート 5G 4G-LTE対応 当日発行可能,1150,25,,,,,363,1일,1일,4일,unknown,5g_capable,5g_capable,high,"{""cmhk"": null, ""csl"": null, ""smartone"": true, ""three_hk"": null}","{""skt"": null, ""kt"": null, ""lgu"": null}",unlimited,https://www.amazon.co.jp/%E3%83%9E%E3%82%AB%E3%82%AAeSIM%E3%80%914%E6%97%A5%E9%96%93-%E4%B8%AD%E5%9B%BD%E3%83%8D%E3%83%83%E3%83%88%E8%A6%8F%E5%88%B6%E5%AF%BE%E8%B1%A1%E5%A4%96-%E4%BD%BF%E3%81%84%E6%94%BE%E9%A1%8C%EF%BD%9CGoogle-YouTube%E3%81%AA%E3%81%A9VPN%E3%81%AA%E3%81%97%E3%81%A7%E5%88%A9%E7%94%A8%E5%8F%AF%E8%83%BD%EF%BD%9C%E4%B8%AD%E5%9B%BD-eSIM%EF%BD%9C%E6%97%85%E8%A1%8C%E3%83%BB%E5%87%BA%E5%BC%B5%E3%83%BB%E7%95%99%E5%AD%A6%EF%BD%9C%E5%AE%89%E5%BF%83%E3%82%B5%E3%83%9D%E3%83%BC%E3%83%88/dp/B0FDG6B86T,B0FDG6B86T,B0FDG6B86T,Global Travel SIM Card,onetoneのストアを表示,"{""price_jpy"": [""￥1,150""], ""usage_validity"": [""【有効期限について】eSIM カードはアクティベーション前の有効期限が 365 日です。アクティベーション後の有効期間は購入した日数と一致し、24 時間を 1 日として計算されます""], ""activation_validity"": [""【中国 香港 マカオeSIM】4日間 高速データ通信 低速なし 完全無制限 実名登録不要 中国ネット規制対象外 使い放題｜Google LINE YouTubeなどVPNなしで利用可能｜中国 simカード 香港sim マカオsim マカオeSIM プリペイド SIM eSIM｜旅行・出張・留学｜安心サポート 5G 4G-LTE対応 当日発行可能""], ""data_amount"": [""Amazon.co.jp: 【中国 香港 マカオeSIM】4日間 高速データ通信 低速なし 完全無制限 実名登録不要 中国ネット規制対象外 使い放題｜Google LINE YouTubeなどVPNなしで利用可能｜中国 simカード 香港sim マカオsim マカオeSIM プリペイド SIM eSIM｜旅行・出張・留学｜安心サポート 5G 4G-LTE対応""], ""network_type"": [""local_signal: 【チョコSIM 定額（Sプラン）】【中国の電話番号付きでアプリや施設サービスのSMS認証が可能】【データ容量】合計500MB/月【音声】合計20分間/月 データ/音声/SMS付きSIMカード 中国SIM マカオSIM China unicom ※こちらのSIMカードは契約後、毎月の基本料が発生いたします。※2024年11月1日から台湾でのご利用はできなくなり"", ""roaming_signal: 商品の説明 注意事項： 1. eSIMが提供する機能とサービス 現在のeSIMはデータ通信のみサポートしており、音声通話およびSMS機能はサポートしていません。 2. スマートフォンがeSIMをサポートしているかどうかの確認方法 「通話」画面で`*#06#`を入力すると、EID情報が表示されます。これはスマートフォンがeSIMのインストールをサポートしている"", ""insufficient_or_conflicting_signals(local=6, roaming=3)""], ""network_generation"": [""strong_5g: title: 【中国 香港 マカオeSIM】4日間 高速データ通信 低速なし 完全無制限 実名登録不要 中国ネット規制対象外 使い放題｜Google LINE YouTubeなどVPNなしで利用可能｜中国 simカード 香港sim マカオsim マカオeSIM プリペイド SIM eSIM｜旅行・出張・留学｜安心サポート 5G 4G-LTE対応 当日発行可能"", ""strong_5g: title: 【中国 香港 マカオeSIM】4日間 高速データ通信 低速なし 完全無制限 実名登録不要 中国ネット規制対象外 使い放題｜Google LINE YouTubeなどVPNなしで利用可能｜中国 simカード 香港sim マカオsim マカオeSIM プリペイド SIM eSIM｜旅行・出張・留学｜安心サポート 5G 4G-LTE対応 当日発行可能"", ""4g_lte_signal_present_but_5g_capable_takes_precedence""], ""carrier_support_local"": [""SmarTone: サービスプロバイダ China mobile/Smartone"", ""SmarTone: Amazon.co.jp: 【中国 香港 マカオeSIM】4日間 高速データ通信 低速なし 完全無制限 実名登録不要 中国ネット規制対象外 使い放題｜Google LINE YouTubeなどVPNなしで利用可能｜中国 simカード 香港sim マカオsim マカオeSIM プリペイド SIM eS""], ""review_count"": [""detail_page: (25)""], ""bestseller_rank"": [""Amazon 売れ筋ランキング 家電＆カメラ - 32,651位 ( 家電＆カメラの売れ筋ランキングを見る ) プリペイドSIMカード - 363位""], ""title"": [""【中国 香港 マカオeSIM】4日間 高速データ通信 低速なし 完全無制限 実名登録不要 中国ネット規制対象外 使い放題｜Google LINE YouTubeなどVPNなしで利用可能｜中国 simカード 香港sim マカオsim マカオeSIM プリペイド SIM eSIM｜旅行・出張・留学｜安心サポート 5G 4G-LTE対応 当日発行可能""], ""network_generation_inferred"": [""strong_5g: title: 【中国 香港 マカオeSIM】4日間 高速データ通信 低速なし 完全無制限 実名登録不要 中国ネット規制対象外 使い放題｜Google LINE YouTubeなどVPNなしで利用可能｜中国 simカード 香港sim マカオsim マカオeSIM プリペイド SIM eSIM｜旅行・出張・留学｜安心サポート 5G 4G-LTE対応 当日発行可能"", ""strong_5g: title: 【中国 香港 マカオeSIM】4日間 高速データ通信 低速なし 完全無制限 実名登録不要 中国ネット規制対象外 使い放題｜Google LINE YouTubeなどVPNなしで利用可能｜中国 simカード 香港sim マカオsim マカオeSIM プリペイド SIM eSIM｜旅行・出張・留学｜安心サポート 5G 4G-LTE対応 当日発行可能"", ""4g_lte_signal_present_but_5g_capable_takes_precedence""]}"
amazon_jp,hk,香港 マカオ simcard 3GB/日 大容量 高速データ通信 低速データ無制限 使い放題 プリペイド SIMカードsimcard 香港simcard マカオ simcard 香港sim マカオ sim (3日間),990,104,,,,,319,3일,3일,3일,unknown,unknown,lte_4g_only,medium,"{""cmhk"": null, ""csl"": null, ""smartone"": true, ""three_hk"": null}","{""skt"": null, ""kt"": null, ""lgu"": null}",unlimited,https://www.amazon.co.jp/simcard-%E4%BD%8E%E9%80%9F%E3%83%87%E3%83%BC%E3%82%BF%E7%84%A1%E5%88%B6%E9%99%90-SIM%E3%82%AB%E3%83%BC%E3%83%89simcard-%E9%A6%99%E6%B8%AFsimcard-3%E6%97%A5%E9%96%93/dp/B0CNCTBQWR,B0CNCTBQWR,B0CNCTBQWR,株式会社ビッグコネクト,bigconnectのストアを表示,"{""price_jpy"": [""￥990""], ""usage_validity"": [""香港 マカオ simcard 3GB/日 大容量 高速データ通信 低速データ無制限 使い放題 プリペイド SIMカードsimcard 香港simcard マカオ simcard 香港sim マカオ sim (3日間)""], ""activation_validity"": [""【SKTelecoｍ公式認証】 韓国eSIM 3日間 (72時間) 電話番号付き 超高速データ無制限 最初の5分発信無料(韓国国内) お急ぎの方即時発行可(LINE相談受付中) 有効期限／ご購入日より120日以内 現地空港サポート(SKTelecomローミングセンター) SKテレコム正規品 韓国SIMカードタイプではありません""], ""data_amount"": [""【大容量高速通信】香港 マカオで利用可能なプリペイドSIMカード。安定した4G-lte高速データ通信。キャリア：香港：Smartone、HKT、3 マカオ:CTM 。※データ容量無制限。ただしデータ一日使用量が3GBに達すると最大通信速度が128kbpsに低下します。翌日の香港時間0時自動的にスピード制限を解除します。デザリングも使用できます。128kbps""], ""network_type"": [""local_signal: 【チョコSIM 定額（Sプラン）】【中国の電話番号付きでアプリや施設サービスのSMS認証が可能】【データ容量】合計500MB/月【音声】合計20分間/月 データ/音声/SMS付きSIMカード 中国SIM マカオSIM China unicom ※こちらのSIMカードは契約後、毎月の基本料が発生いたします。※2024年11月1日から台湾でのご利用はできなくなり"", ""roaming_signal: 商品の説明 【Almond sim】Almond SIMは、お客様が安定したネットワーク環境で快適に旅行を楽しめるように努めております。 運営会社である株式会社ビッグコネクト（電気通信事業者登録番号A-04-20504）が、 24時間年中無休 のカスタマーサポートは、日本語、英語、中国語、韓国語で対応しております。 商品に関することや設定方法、その他不明点が"", ""insufficient_or_conflicting_signals(local=6, roaming=3)""], ""network_generation"": [""fallback_5g: network_generation: fallback_5g: source:image_alt: 【中国・香港 SIM】8日間 5GB OMIRA | 高速データ | プリペイドSIM | データ通信専用（電話番号なし） | LINE相談受付中 | 日本語説明書付 SIMピン付 シム OMIRA"", ""fallback_4g_lte: data_amount: 【大容量高速通信】香港 マカオで利用可能なプリペイドSIMカード。安定した4G-lte高速データ通信。キャリア：香港：Smartone、HKT、3 マカオ:CTM 。※データ容量無制限。ただしデータ一日使用量が3GBに達すると最大通信速度が128kbpsに低下します。翌日の香港時間0時自動的にスピード制限を解除します。デザリングも使"", ""fallback_only_network_generation_signal""], ""carrier_support_local"": [""SmarTone: 【大容量高速通信】香港 マカオで利用可能なプリペイドSIMカード。安定した4G-lte高速データ通信。キャリア：香港：Smartone、HKT、3 マカオ:CTM 。※データ容量無制限。ただしデータ一日使用量が3GBに達すると最大通信速度が128kbpsに低下します。翌日の香港時間0時自動的にスピー"", ""SmarTone: サービスプロバイダ Smartone, HKT, 3, CTM"", ""SmarTone: Amazon.co.jp: 香港 マカオ simcard 3GB/日 大容量 高速データ通信 低速データ無制限 使い放題 プリペイド SIMカードsimcard 香港simcard マカオ simcard 香港sim マカオ sim (3日間) : 家電＆カメラ 次に移動 メインコンテンツ この商品""], ""review_count"": [""detail_page: (104)""], ""bestseller_rank"": [""Amazon 売れ筋ランキング 家電＆カメラ - 28,848位 ( 家電＆カメラの売れ筋ランキングを見る ) プリペイドSIMカード - 319位""], ""title"": [""香港 マカオ simcard 3GB/日 大容量 高速データ通信 低速データ無制限 使い放題 プリペイド SIMカードsimcard 香港simcard マカオ simcard 香港sim マカオ sim (3日間)""], ""network_generation_inferred"": [""carrier_support_local: SmarTone: 【大容量高速通信】香港 マカオで利用可能なプリペイドSIMカード。安定した4G-lte高速データ通信。キャリア：香港：Smartone、HKT、3 マカオ:CTM 。※データ容量無制限。ただしデータ一日使用量が3GBに達すると最大通信速度が128kbpsに低下します。翌日の香港時間0時自動的に""]}"
amazon_jp,hk,【Almond SIM】中国本土・香港・マカオ対応 プリペイドSIMカード 7日間 10GB高速データ＋無制限低速データ 中国ネット規制対象外 Google/LINE/YouTube利用可 24時間多言語サポート 5G/4G対応 (7日間10GB高速データ),1380,41,,,,,207,3일,3일,7일,roaming,5g_capable,5g_capable,high,"{""cmhk"": null, ""csl"": null, ""smartone"": null, ""three_hk"": true}","{""skt"": null, ""kt"": null, ""lgu"": null}",10GB,https://www.amazon.co.jp/SIM%E3%80%91%E4%B8%AD%E5%9B%BD%E6%9C%AC%E5%9C%9F%E3%83%BB%E9%A6%99%E6%B8%AF%E3%83%BB%E3%83%9E%E3%82%AB%E3%82%AA%E5%AF%BE%E5%BF%9C-%E3%83%97%E3%83%AA%E3%83%9A%E3%82%A4%E3%83%89SIM%E3%82%AB%E3%83%BC%E3%83%89-10GB%E9%AB%98%E9%80%9F%E3%83%87%E3%83%BC%E3%82%BF%EF%BC%8B%E7%84%A1%E5%88%B6%E9%99%90%E4%BD%8E%E9%80%9F%E3%83%87%E3%83%BC%E3%82%BF-24%E6%99%82%E9%96%93%E5%A4%9A%E8%A8%80%E8%AA%9E%E3%82%B5%E3%83%9D%E3%83%BC%E3%83%88-7%E6%97%A5%E9%96%9310GB%E9%AB%98%E9%80%9F%E3%83%87%E3%83%BC%E3%82%BF/dp/B0FT7DH8PW,B0FT7DH8PW,B0FT7DH8PW,株式会社ビッグコネクト,bigconnectのストアを表示,"{""price_jpy"": [""￥1,380""], ""usage_validity"": [""大中華区SIMカード-中国、香港、マカオ、台湾向けプリペイドデータプラン｜1 GB毎日データ、3日有効期限｜高速4/5 G LTE｜旅行者に最適""], ""activation_validity"": [""【Almond SIM】中国本土・香港・マカオ対応 プリペイドSIMカード 7日間 10GB高速データ＋無制限低速データ 中国ネット規制対象外 Google/LINE/YouTube利用可 24時間多言語サポート 5G/4G対応 (7日間10GB高速データ)""], ""data_amount"": [""【データプラン】 データ通信専用プリペイドSIM。中国大陸・香港・マカオで利用可能。利用開始から7日間で合計10GBの高速データ通信が可能。10GBを超過した場合も、128kbps以下にならない低速通信が無制限でご利用いただけます。本人確認やSIM登録は不要です。""], ""network_type"": [""【中国ネット規制なし】 中国本土では香港回線をローミング利用するため、中国政府のネット規制対象外となります。これにより、Google、LINE、Facebook、Twitter、YouTube、InstagramなどのサービスをVPN不要でご利用いただけます。キャリア：中国：中国電信（China Telecom）／香港：3HK／マカオ：CTM。"", ""中国本土旅行者向けeSIMカード、5日間プラン、1GBデータ使い放題、高速4/5G、ローミング料金無料 | 中国旅行に最適"", ""score: local=0, roaming=3""], ""network_generation"": [""strong_5g: title: 【Almond SIM】中国本土・香港・マカオ対応 プリペイドSIMカード 7日間 10GB高速データ＋無制限低速データ 中国ネット規制対象外 Google/LINE/YouTube利用可 24時間多言語サポート 5G/4G対応 (7日間10GB高速データ)"", ""strong_5g: title: 【Almond SIM】中国本土・香港・マカオ対応 プリペイドSIMカード 7日間 10GB高速データ＋無制限低速データ 中国ネット規制対象外 Google/LINE/YouTube利用可 24時間多言語サポート 5G/4G対応 (7日間10GB高速データ)"", ""4g_lte_signal_present_but_5g_capable_takes_precedence""], ""carrier_support_local"": [""3HK: 【中国ネット規制なし】 中国本土では香港回線をローミング利用するため、中国政府のネット規制対象外となります。これにより、Google、LINE、Facebook、Twitter、YouTube、InstagramなどのサービスをVPN不要でご利用いただけます。キャリア：中国：中国電信（China T"", ""3HK: サービスプロバイダ 中国：China Telecom 香港：3HK マカオ: CTM"", ""3HK: Amazon.co.jp: 【Almond SIM】中国本土・香港・マカオ対応 プリペイドSIMカード 7日間 10GB高速データ＋無制限低速データ 中国ネット規制対象外 Google/LINE/YouTube利用可 24時間多言語サポート 5G/4G対応 (7日間10GB高速データ) : 家電＆カ""], ""review_count"": [""detail_page: (41)""], ""bestseller_rank"": [""Amazon 売れ筋ランキング 家電＆カメラ - 16,826位 ( 家電＆カメラの売れ筋ランキングを見る ) プリペイドSIMカード - 207位""], ""title"": [""【Almond SIM】中国本土・香港・マカオ対応 プリペイドSIMカード 7日間 10GB高速データ＋無制限低速データ 中国ネット規制対象外 Google/LINE/YouTube利用可 24時間多言語サポート 5G/4G対応 (7日間10GB高速データ)""], ""network_generation_inferred"": [""strong_5g: title: 【Almond SIM】中国本土・香港・マカオ対応 プリペイドSIMカード 7日間 10GB高速データ＋無制限低速データ 中国ネット規制対象外 Google/LINE/YouTube利用可 24時間多言語サポート 5G/4G対応 (7日間10GB高速データ)"", ""strong_5g: title: 【Almond SIM】中国本土・香港・マカオ対応 プリペイドSIMカード 7日間 10GB高速データ＋無制限低速データ 中国ネット規制対象外 Google/LINE/YouTube利用可 24時間多言語サポート 5G/4G対応 (7日間10GB高速データ)"", ""4g_lte_signal_present_but_5g_capable_takes_precedence""]}"
amazon_jp,hk,【中国 香港 マカオ eSIM】3日間 無制限 実名登録不要 高速データ通信 低速なし 中国ネット規制対象外 Line、Youtube、GoogleなどVPNなしで利用可能 QRコード設定 メール登録で納品 即日発行対応 急ぎの方LINEサポートあり 中国sim 香港sim マカオsim マグロeSIM,1580,185,,,,,35,1일,1일,3일,unknown,unknown,unknown,low,"{""cmhk"": null, ""csl"": null, ""smartone"": null, ""three_hk"": null}","{""skt"": null, ""kt"": null, ""lgu"": null}",unlimited,https://www.amazon.co.jp/eSIM%E3%80%913%E6%97%A5%E9%96%93-%E4%B8%AD%E5%9B%BD%E3%83%8D%E3%83%83%E3%83%88%E8%A6%8F%E5%88%B6%E5%AF%BE%E8%B1%A1%E5%A4%96-Line%E3%80%81Youtube%E3%80%81Google%E3%81%AA%E3%81%A9VPN%E3%81%AA%E3%81%97%E3%81%A7%E5%88%A9%E7%94%A8%E5%8F%AF%E8%83%BD-%E6%80%A5%E3%81%8E%E3%81%AE%E6%96%B9LINE%E3%82%B5%E3%83%9D%E3%83%BC%E3%83%88%E3%81%82%E3%82%8A-%E3%83%9E%E3%82%B0%E3%83%ADeSIM/dp/B0DRVGJDB7,B0DRVGJDB7,B0DRVGJDB7,マグロeSIM,マグロeSIMのストアを表示,"{""price_jpy"": [""￥1,580""], ""usage_validity"": [""【注意事項①】有効期限：eSIM QRコードを受け取ってから90日間です（有効期間内にご利用ください）。eSIMの使用期間については、24時間を1日とカウントされますので、ご了承ください。""], ""activation_validity"": [""【中国 香港 マカオ eSIM】3日間 無制限 実名登録不要 高速データ通信 低速なし 中国ネット規制対象外 Line、Youtube、GoogleなどVPNなしで利用可能 QRコード設定 メール登録で納品 即日発行対応 急ぎの方LINEサポートあり 中国sim 香港sim マカオsim マグロeSIM""], ""data_amount"": [""【特徴①】本商品は、高速データ通信が無制限に使用可能です。さらに、日本国内で使用できる500MBのデータも含まれており、詳しい情報は、予約後にお送りするメールの説明書をご確認ください。""], ""network_type"": [""local_signal: 【チョコSIM 定額（Sプラン）】【中国の電話番号付きでアプリや施設サービスのSMS認証が可能】【データ容量】合計500MB/月【音声】合計20分間/月 データ/音声/SMS付きSIMカード 中国SIM マカオSIM China unicom ※こちらのSIMカードは契約後、毎月の基本料が発生いたします。※2024年11月1日から台湾でのご利用はできなくなり"", ""roaming_signal: 商品の説明 購入前にご注意！ 注意事項①：ご購入後、商品画像に記載されたURLにアクセスし必要事項を入力→メールアドレスにPDFの説明書とeSIMのQRコードが届きます！ 注意事項②：SIMロックフリー端末、もしくはSIMフリー端末専用のサービスです。必ず、ご利用端末がeSIM対応かどうかご確認ください。 注意事項③：eSIM対応端末のみ利用可能。※通信キャ"", ""insufficient_or_conflicting_signals(local=6, roaming=3)""], ""network_generation"": [""fallback_5g: network_generation: fallback_5g: source:image_alt: 【中国・香港・マカオ eSIM】7日間 0.5GB/毎日（六泊七日 コスパ重視） DeSiM正規卸 |LINE相談受付中 |データ通信専用（電話番号なし） simフリー端末のみ対応 説明書付 イーシム"", ""fallback_4g_lte: network_generation: fallback_4g_lte: source:image_alt: 中国eSIM｜中国本土・香港・マカオ対応｜7日間 高速データ無制限｜VPN付き LINE・YouTube・Google利用可｜4G/5G 即日発行可能（eSIM | 7日間）"", ""fallback_only_network_generation_signal""], ""review_count"": [""detail_page: (185)""], ""bestseller_rank"": [""Amazon 売れ筋ランキング 家電＆カメラ - 3,970位 ( 家電＆カメラの売れ筋ランキングを見る ) プリペイドSIMカード - 35位""], ""title"": [""【中国 香港 マカオ eSIM】3日間 無制限 実名登録不要 高速データ通信 低速なし 中国ネット規制対象外 Line、Youtube、GoogleなどVPNなしで利用可能 QRコード設定 メール登録で納品 即日発行対応 急ぎの方LINEサポートあり 中国sim 香港sim マカオsim マグロeSIM""], ""network_generation_inferred"": [""no_medium_generation_signal""]}"
amazon_jp,hk,香港・マカオ eSIM | 4日間 | 高速データ無制限使い放題 5G/4G | QRコード 当日発行可 メール登録で即納品即利用可 | LINEサポート | データ通信専用(電話番号なし)| 日本で事前設定OK | テザリング可能 | パスポート情報不要・実名登録なし,1780,9,,,,,204,3일,3일,4일,unknown,5g_capable,5g_capable,high,"{""cmhk"": null, ""csl"": null, ""smartone"": null, ""three_hk"": null}","{""skt"": null, ""kt"": null, ""lgu"": null}",unlimited,https://www.amazon.co.jp/4%E6%97%A5%E9%96%93-%E9%AB%98%E9%80%9F%E3%83%87%E3%83%BC%E3%82%BF%E7%84%A1%E5%88%B6%E9%99%90%E4%BD%BF%E3%81%84%E6%94%BE%E9%A1%8C-%E3%83%A1%E3%83%BC%E3%83%AB%E7%99%BB%E9%8C%B2%E3%81%A7%E5%8D%B3%E7%B4%8D%E5%93%81%E5%8D%B3%E5%88%A9%E7%94%A8%E5%8F%AF-%E6%97%A5%E6%9C%AC%E3%81%A7%E4%BA%8B%E5%89%8D%E8%A8%AD%E5%AE%9AOK-%E3%83%91%E3%82%B9%E3%83%9D%E3%83%BC%E3%83%88%E6%83%85%E5%A0%B1%E4%B8%8D%E8%A6%81%E3%83%BB%E5%AE%9F%E5%90%8D%E7%99%BB%E9%8C%B2%E3%81%AA%E3%81%97/dp/B0F3JLCBCX,B0F3JLCBCX,B0F3JLCBCX,TORAのストアを表示,TORAのストアを表示,"{""price_jpy"": [""価格 ￥1,780 ￥1,780 ￥1,150 ￥1,850 ￥1,680""], ""usage_validity"": [""【SKTelecoｍ公式認証】 韓国eSIM 3日間 (72時間) 電話番号付き 超高速データ無制限 最初の5分発信無料(韓国国内) お急ぎの方即時発行可(LINE相談受付中) 有効期限／ご購入日より120日以内 現地空港サポート(SKTelecomローミングセンター) SKテレコム正規品 韓国SIMカードタイプではありません""], ""activation_validity"": [""香港・マカオ eSIM | 4日間 | 高速データ無制限使い放題 5G/4G | QRコード 当日発行可 メール登録で即納品即利用可 | LINEサポート | データ通信専用(電話番号なし)| 日本で事前設定OK | テザリング可能 | パスポート情報不要・実名登録なし""], ""data_amount"": [""🐯データ通信🐯 5G/4G/LTE対応の高速データが【無制限】使えます。""], ""network_type"": [""local_signal: 🔺注意事項🔺 利用期限は台湾時間を基準とし、利用開始時間によらず、現地回線に接続した日から、購入プラン日数の23:59(台湾時間)までの暦日制となります。※台湾時間の0時は、日本時間の深夜1時"", ""roaming_signal: 商品の説明 ご利用前に必ずご確認ください！ この商品はeSIMです、物理SIMではありません。eSIM非対応の端末ではご利用できません。 以下の手順でお使いの端末が「eSIM対応端末」と「SIMロックされていない」をご確認ください。 ① eSIM対応端末の確認方法 スマホのダイヤル発信画面で「*#06#」をダイヤルし、デバイス情報に「EID」表示されればご利"", ""insufficient_or_conflicting_signals(local=9, roaming=4)""], ""network_generation"": [""strong_5g: title: 香港・マカオ eSIM | 4日間 | 高速データ無制限使い放題 5G/4G | QRコード 当日発行可 メール登録で即納品即利用可 | LINEサポート | データ通信専用(電話番号なし)| 日本で事前設定OK | テザリング可能 | パスポート情報不要・実名登録なし"", ""strong_5g: title: 香港・マカオ eSIM | 4日間 | 高速データ無制限使い放題 5G/4G | QRコード 当日発行可 メール登録で即納品即利用可 | LINEサポート | データ通信専用(電話番号なし)| 日本で事前設定OK | テザリング可能 | パスポート情報不要・実名登録なし""], ""review_count"": [""detail_page: (9)""], ""bestseller_rank"": [""Amazon 売れ筋ランキング 家電＆カメラ - 16,735位 ( 家電＆カメラの売れ筋ランキングを見る ) プリペイドSIMカード - 204位""], ""title"": [""香港・マカオ eSIM | 4日間 | 高速データ無制限使い放題 5G/4G | QRコード 当日発行可 メール登録で即納品即利用可 | LINEサポート | データ通信専用(電話番号なし)| 日本で事前設定OK | テザリング可能 | パスポート情報不要・実名登録なし""], ""network_generation_inferred"": [""strong_5g: title: 香港・マカオ eSIM | 4日間 | 高速データ無制限使い放題 5G/4G | QRコード 当日発行可 メール登録で即納品即利用可 | LINEサポート | データ通信専用(電話番号なし)| 日本で事前設定OK | テザリング可能 | パスポート情報不要・実名登録なし"", ""strong_5g: title: 香港・マカオ eSIM | 4日間 | 高速データ無制限使い放題 5G/4G | QRコード 当日発行可 メール登録で即納品即利用可 | LINEサポート | データ通信専用(電話番号なし)| 日本で事前設定OK | テザリング可能 | パスポート情報不要・実名登録なし""]}"
amazon_jp,hk,【中国 香港 マカオ eSIM】4日間 無制限 実名登録不要 高速データ通信 低速なし 中国ネット規制対象外 Line、Youtube、GoogleなどVPNなしで利用可能 QRコード設定 メール登録で納品 即日発行対応 急ぎの方LINEサポートあり 中国sim 香港sim マカオsim,1780,185,,,50,,35,1일,1일,4일,unknown,unknown,unknown,low,"{""cmhk"": null, ""csl"": null, ""smartone"": null, ""three_hk"": null}","{""skt"": null, ""kt"": null, ""lgu"": null}",unlimited,https://www.amazon.co.jp/eSIM%E3%80%914%E6%97%A5%E9%96%93-%E4%B8%AD%E5%9B%BD%E3%83%8D%E3%83%83%E3%83%88%E8%A6%8F%E5%88%B6%E5%AF%BE%E8%B1%A1%E5%A4%96-Line%E3%80%81Youtube%E3%80%81Google%E3%81%AA%E3%81%A9VPN%E3%81%AA%E3%81%97%E3%81%A7%E5%88%A9%E7%94%A8%E5%8F%AF%E8%83%BD-%E3%83%A1%E3%83%BC%E3%83%AB%E7%99%BB%E9%8C%B2%E3%81%A7%E7%B4%8D%E5%93%81-%E6%80%A5%E3%81%8E%E3%81%AE%E6%96%B9LINE%E3%82%B5%E3%83%9D%E3%83%BC%E3%83%88%E3%81%82%E3%82%8A/dp/B0FH9K13N7,B0FH9K13N7,B0FH9K13N7,マグロeSIM,マグロeSIMのストアを表示,"{""price_jpy"": [""￥1,780""], ""usage_validity"": [""【注意事項①】有効期限：eSIM QRコードを受け取ってから90日間です（有効期間内にご利用ください）。eSIMの使用期間については、24時間を1日とカウントされますので、ご了承ください。""], ""activation_validity"": [""【中国 香港 マカオ eSIM】4日間 無制限 実名登録不要 高速データ通信 低速なし 中国ネット規制対象外 Line、Youtube、GoogleなどVPNなしで利用可能 QRコード設定 メール登録で納品 即日発行対応 急ぎの方LINEサポートあり 中国sim 香港sim マカオsim""], ""data_amount"": [""【特徴①】本商品は、高速データ通信が無制限に使用可能です。さらに、日本国内で使用できる500MBのデータも含まれており、詳しい情報は、予約後にお送りするメールの説明書をご確認ください。""], ""network_type"": [""local_signal: 【チョコSIM 定額（Sプラン）】【中国の電話番号付きでアプリや施設サービスのSMS認証が可能】【データ容量】合計500MB/月【音声】合計20分間/月 データ/音声/SMS付きSIMカード 中国SIM マカオSIM China unicom ※こちらのSIMカードは契約後、毎月の基本料が発生いたします。※2024年11月1日から台湾でのご利用はできなくなり"", ""roaming_signal: 商品の説明 購入前にご注意！ 注意事項①：ご購入後、商品画像に記載されたURLにアクセスし必要事項を入力→メールアドレスにPDFの説明書とeSIMのQRコードが届きます！ 注意事項②：SIMロックフリー端末、もしくはSIMフリー端末専用のサービスです。必ず、ご利用端末がeSIM対応かどうかご確認ください。 注意事項③：eSIM対応端末のみ利用可能。※通信キャ"", ""insufficient_or_conflicting_signals(local=6, roaming=3)""], ""network_generation"": [""fallback_5g: network_generation: fallback_5g: source:image_alt: 中国eSIM｜中国本土・香港・マカオ対応｜4日間 高速データ無制限｜VPN付き LINE・YouTube・Google利用可｜4G/5G 即日発行可能（eSIM | 4日間）"", ""fallback_4g_lte: network_generation: fallback_5g: source:image_alt: 中国eSIM｜中国本土・香港・マカオ対応｜4日間 高速データ無制限｜VPN付き LINE・YouTube・Google利用可｜4G/5G 即日発行可能（eSIM | 4日間）"", ""fallback_only_network_generation_signal""], ""monthly_sold_count"": [""Amazon.co.jp: 【中国 香港 マカオ eSIM】4日間 無制限 実名登録不要 高速データ通信 低速なし 中国ネット規制対象外 Line、Youtube、GoogleなどVPNなしで利用可能 QRコード設定 メール登録で納品 即日発行対応 急ぎの方LINEサポートあり 中国sim 香港sim マカオsim : 家電＆カメラ 次に移動 メインコンテン""], ""review_count"": [""detail_page: (185)""], ""bestseller_rank"": [""Amazon 売れ筋ランキング 家電＆カメラ - 3,970位 ( 家電＆カメラの売れ筋ランキングを見る ) プリペイドSIMカード - 35位""], ""title"": [""【中国 香港 マカオ eSIM】4日間 無制限 実名登録不要 高速データ通信 低速なし 中国ネット規制対象外 Line、Youtube、GoogleなどVPNなしで利用可能 QRコード設定 メール登録で納品 即日発行対応 急ぎの方LINEサポートあり 中国sim 香港sim マカオsim""], ""network_generation_inferred"": [""no_medium_generation_signal""]}"
amazon_jp,hk,【香港・マカオ eSIM】5日間完全無制限 （低速なし）DeSiM正規卸 | LINE相談受付中 |データ通信専用（電話番号なし） simフリー端末のみ対応 説明書付 イーシム(eSIM|5日完全無制限香港ﾏｶｵ) DeSiM,2890,238,,,,,92,3일,3일,5일,local,unknown,unknown,low,"{""cmhk"": null, ""csl"": null, ""smartone"": null, ""three_hk"": null}","{""skt"": null, ""kt"": null, ""lgu"": null}",unlimited,https://www.amazon.co.jp/eSIM%E3%80%915%E6%97%A5%E9%96%93%E5%AE%8C%E5%85%A8%E7%84%A1%E5%88%B6%E9%99%90-%EF%BC%88%E4%BD%8E%E9%80%9F%E3%81%AA%E3%81%97%EF%BC%89DeSiM%E6%AD%A3%E8%A6%8F%E5%8D%B8-%E3%83%87%E3%83%BC%E3%82%BF%E9%80%9A%E4%BF%A1%E5%B0%82%E7%94%A8%EF%BC%88%E9%9B%BB%E8%A9%B1%E7%95%AA%E5%8F%B7%E3%81%AA%E3%81%97%EF%BC%89-sim%E3%83%95%E3%83%AA%E3%83%BC%E7%AB%AF%E6%9C%AB%E3%81%AE%E3%81%BF%E5%AF%BE%E5%BF%9C-eSIM/dp/B0CTR2XGXY,B0CTR2XGXY,B0CTR2XGXY,DeSiM,DeSiMのストアを表示,"{""price_jpy"": [""￥2,890""], ""usage_validity"": [""【SKTelecoｍ公式認証】 韓国eSIM 3日間 (72時間) 電話番号付き 超高速データ無制限 最初の5分発信無料(韓国国内) お急ぎの方即時発行可(LINE相談受付中) 有効期限／ご購入日より120日以内 現地空港サポート(SKTelecomローミングセンター) SKテレコム正規品 韓国SIMカードタイプではありません""], ""activation_validity"": [""【香港・マカオ eSIM】5日間完全無制限 （低速なし）DeSiM正規卸 | LINE相談受付中 |データ通信専用（電話番号なし） simフリー端末のみ対応 説明書付 イーシム(eSIM|5日完全無制限香港ﾏｶｵ) DeSiM""], ""data_amount"": [""商品の説明 購入前の注意事項 【注意事項】 注意事項①：電話番号は付与されませんので、ご注意ください。 注意事項②：SIMロックフリー端末、もしくはSIMフリー端末専用のサービスです。必ず、ご利用端末がeSIM対応かどうかご確認ください。 注意事項③：2021年10月1日以前にSIMロック解除をキャリア店頭またはインターネットでされた「Android端末」は""], ""network_type"": [""商品の説明 購入前の注意事項 【注意事項】 注意事項①：電話番号は付与されませんので、ご注意ください。 注意事項②：SIMロックフリー端末、もしくはSIMフリー端末専用のサービスです。必ず、ご利用端末がeSIM対応かどうかご確認ください。 注意事項③：2021年10月1日以前にSIMロック解除をキャリア店頭またはインターネットでされた「Android端末」は"", ""【チョコSIM 定額（Sプラン）】【中国の電話番号付きでアプリや施設サービスのSMS認証が可能】【データ容量】合計500MB/月【音声】合計20分間/月 データ/音声/SMS付きSIMカード 中国SIM マカオSIM China unicom ※こちらのSIMカードは契約後、毎月の基本料が発生いたします。※2024年11月1日から台湾でのご利用はできなくなり"", ""score: local=9, roaming=1""], ""network_generation"": [""fallback_5g: network_generation: fallback_5g: source:image_alt: 【中国・香港・マカオ eSIM】5日間 5GB（四泊五日 コスパ重視） DeSiM正規卸 |LINE相談受付中 |データ通信専用（電話番号なし） simフリー端末のみ対応 説明書付 イーシム"", ""fallback_4g_lte: network_generation: fallback_4g_lte: source:image_alt: 香港 マカオ ESIMプラン 5日間 完全無制限 4G-LTE 高速データ 使い放題 当日発行可能 出発前日本テスト用eSIM500MB 香港 マカオ プリペイドSIM 香港 esim 香港 マカオsim (5日間完全無制限)"", ""fallback_only_network_generation_signal""], ""review_count"": [""detail_page: (238)""], ""bestseller_rank"": [""Amazon 売れ筋ランキング 家電＆カメラ - 8,652位 ( 家電＆カメラの売れ筋ランキングを見る ) プリペイドSIMカード - 92位""], ""title"": [""【香港・マカオ eSIM】5日間完全無制限 （低速なし）DeSiM正規卸 | LINE相談受付中 |データ通信専用（電話番号なし） simフリー端末のみ対応 説明書付 イーシム(eSIM|5日完全無制限香港ﾏｶｵ) DeSiM""], ""network_generation_inferred"": [""no_medium_generation_signal""]}"
amazon_jp,hk,【香港 eSIM 】マカオeSIM 3日間 高速データ無制限 データ使い放題 香港SIM データ通信専用 マカオSIM 当日利用可能 24時間オンラインサポート お急ぎのご相談は（LINEで受付中です） Hong Kong SIM way2esim,1380,12,,,,,473,3일,3일,30일,unknown,unknown,unknown,low,"{""cmhk"": null, ""csl"": null, ""smartone"": null, ""three_hk"": null}","{""skt"": null, ""kt"": null, ""lgu"": null}",unlimited,https://www.amazon.co.jp/%E3%80%91%E3%83%9E%E3%82%AB%E3%82%AAeSIM-3%E6%97%A5%E9%96%93-24%E6%99%82%E9%96%93%E3%82%AA%E3%83%B3%E3%83%A9%E3%82%A4%E3%83%B3%E3%82%B5%E3%83%9D%E3%83%BC%E3%83%88-%E3%81%8A%E6%80%A5%E3%81%8E%E3%81%AE%E3%81%94%E7%9B%B8%E8%AB%87%E3%81%AF%EF%BC%88LINE%E3%81%A7%E5%8F%97%E4%BB%98%E4%B8%AD%E3%81%A7%E3%81%99%EF%BC%89-way2esim/dp/B0DLG1M8YF,B0DLG1M8YF,B0DLG1M8YF,eSIM株式会社,way2esimのストアを表示,"{""price_jpy"": [""￥1,380""], ""usage_validity"": [""【香港 eSIM 】マカオeSIM 3日間 高速データ無制限 データ使い放題 香港SIM データ通信専用 マカオSIM 当日利用可能 24時間オンラインサポート お急ぎのご相談は（LINEで受付中です） Hong Kong SIM way2esim""], ""activation_validity"": [""注意：① 香港・マカオeSIM情報メール受信後30日以内にご利用ください。期限を過ぎると使用できなくなります。② マカオ到着後は、必ずこのeSIMのローミングをオンにしてください。オンにしないとご利用いただけません。""], ""data_amount"": [""高速データ無制限：香港・マカオeSIMは、高速データを無制限でご利用いただけます。この香港・マカオeSIMはデータ通信専用で、電話番号は含まれておりません。SNSやウェブ閲覧など、さまざまなインターネットサービスを快適にご利用いただけます。""], ""network_type"": [""roaming_signal: 注意：① 香港・マカオeSIM情報メール受信後30日以内にご利用ください。期限を過ぎると使用できなくなります。② マカオ到着後は、必ずこのeSIMのローミングをオンにしてください。オンにしないとご利用いただけません。"", ""insufficient_or_conflicting_signals(local=0, roaming=1)""], ""network_generation"": [""fallback_5g: network_generation: fallback_5g: source:image_alt: 【香港・マカオ eSIM】7日間 0.5GB/毎日（六泊七日 コスパ重視） DeSiM正規卸 | LINE相談受付中 | データ通信専用（電話番号なし） | simフリー端末のみ対応 説明書付 イーシム DeSiM"", ""fallback_4g_lte: network_generation: fallback_4g_lte: source:image_alt: 中国eSIM｜中国本土・香港・マカオ対応｜7日間 高速データ無制限｜VPN付き LINE・YouTube・Google利用可｜4G/5G 即日発行可能（eSIM | 7日間）"", ""fallback_only_network_generation_signal""], ""review_count"": [""detail_page: (12)""], ""bestseller_rank"": [""Amazon 売れ筋ランキング 家電＆カメラ - 43,804位 ( 家電＆カメラの売れ筋ランキングを見る ) プリペイドSIMカード - 473位""], ""title"": [""【香港 eSIM 】マカオeSIM 3日間 高速データ無制限 データ使い放題 香港SIM データ通信専用 マカオSIM 当日利用可能 24時間オンラインサポート お急ぎのご相談は（LINEで受付中です） Hong Kong SIM way2esim""], ""network_generation_inferred"": [""no_medium_generation_signal""]}"
amazon_jp,hk,中国 sim card 香港 マカオにも使える 高速データ通信 中国ネット規制対象外 中国でもGoogle、LINE、YouTubeなどVPNなしで利用可能 プリペイド SIMカード (8日間5GB),1480,128,,,,,453,8일,8일,,unknown,unknown,5g_capable,medium,"{""cmhk"": null, ""csl"": null, ""smartone"": null, ""three_hk"": true}","{""skt"": null, ""kt"": null, ""lgu"": null}",5GB,https://www.amazon.co.jp/%E3%83%9E%E3%82%AB%E3%82%AA%E3%81%AB%E3%82%82%E4%BD%BF%E3%81%88%E3%82%8B-%E9%AB%98%E9%80%9F%E3%83%87%E3%83%BC%E3%82%BF%E9%80%9A%E4%BF%A1-%E4%B8%AD%E5%9B%BD%E3%83%8D%E3%83%83%E3%83%88%E8%A6%8F%E5%88%B6%E5%AF%BE%E8%B1%A1%E5%A4%96-%E4%B8%AD%E5%9B%BD%E3%81%A7%E3%82%82Google%E3%80%81LINE%E3%80%81YouTube%E3%81%AA%E3%81%A9VPN%E3%81%AA%E3%81%97%E3%81%A7%E5%88%A9%E7%94%A8%E5%8F%AF%E8%83%BD-8%E6%97%A5%E9%96%935GB/dp/B0CCXV4KMP,B0CCXV4KMP,B0CCXV4KMP,株式会社ビッグコネクト,bigconnectのストアを表示,"{""price_jpy"": [""￥1,480""], ""usage_validity"": [""中国 sim card 香港 マカオにも使える 高速データ通信 中国ネット規制対象外 中国でもGoogle、LINE、YouTubeなどVPNなしで利用可能 プリペイド SIMカード (8日間5GB)""], ""data_amount"": [""【安定した高速通信】中国 香港 マカオ で利用可能なプリペイドSIMカード。安定した4G-lte高速データ通信。※データ容量：8日間5GB高速定額4G‐LTEデータ。5GBを超えると、通信が止まります。""], ""network_type"": [""local_signal: 【チョコSIM 定額（Sプラン）】【中国の電話番号付きでアプリや施設サービスのSMS認証が可能】【データ容量】合計500MB/月【音声】合計20分間/月 データ/音声/SMS付きSIMカード 中国SIM マカオSIM China unicom ※こちらのSIMカードは契約後、毎月の基本料が発生いたします。※2024年11月1日から台湾でのご利用はできなくなり"", ""roaming_signal: 【中国ネット制限なし】中国本土での利用の場合はローミング接続を行います。これにより中国政府のネット規制対象外となり、Google、Facebook、Twitter、Instagram等に接続可能です。中華圏渡航スケジュールに対応する手軽なプリペイドSIMカード。キャリア：中国：China Telecom 香港：3HK マカオ: CTM。※データ通信専用SIM"", ""insufficient_or_conflicting_signals(local=3, roaming=4)""], ""network_generation"": [""fallback_5g: usage_validity: 中国 sim card 香港 マカオにも使える 高速データ通信 中国ネット規制対象外 中国でもGoogle、LINE、YouTubeなどVPNなしで利用可能 プリペイド SIMカード (8日間5GB)"", ""fallback_4g_lte: data_amount: 【安定した高速通信】中国 香港 マカオ で利用可能なプリペイドSIMカード。安定した4G-lte高速データ通信。※データ容量：8日間5GB高速定額4G‐LTEデータ。5GBを超えると、通信が止まります。"", ""fallback_only_network_generation_signal""], ""carrier_support_local"": [""3HK: 【中国ネット制限なし】中国本土での利用の場合はローミング接続を行います。これにより中国政府のネット規制対象外となり、Google、Facebook、Twitter、Instagram等に接続可能です。中華圏渡航スケジュールに対応する手軽なプリペイドSIMカード。キャリア：中国：China Telec"", ""3HK: サービスプロバイダ 中国 Telecom, 香港 3HK, マカオ CTM"", ""3HK: Amazon.co.jp: 中国 sim card 香港 マカオにも使える 高速データ通信 中国ネット規制対象外 中国でもGoogle、LINE、YouTubeなどVPNなしで利用可能 プリペイド SIMカード (8日間5GB) : 家電＆カメラ 次に移動 メインコンテンツ この商品について この商""], ""review_count"": [""detail_page: (128)""], ""bestseller_rank"": [""Amazon 売れ筋ランキング 家電＆カメラ - 41,529位 ( 家電＆カメラの売れ筋ランキングを見る ) プリペイドSIMカード - 453位""], ""title"": [""中国 sim card 香港 マカオにも使える 高速データ通信 中国ネット規制対象外 中国でもGoogle、LINE、YouTubeなどVPNなしで利用可能 プリペイド SIMカード (8日間5GB)""], ""network_generation_inferred"": [""title: 中国 sim card 香港 マカオにも使える 高速データ通信 中国ネット規制対象外 中国でもGoogle、LINE、YouTubeなどVPNなしで利用可能 プリペイド SIMカード (8日間5GB)"", ""carrier_support_local: 3HK: Amazon.co.jp: 中国 sim card 香港 マカオにも使える 高速データ通信 中国ネット規制対象外 中国でもGoogle、LINE、YouTubeなどVPNなしで利用可能 プリペイド SIMカード (8日間5GB) : 家電＆カメラ 次に移動 メインコンテンツ この商品について この商""]}"
amazon_jp,hk,【中国 香港 マカオeSIM】4日間 高速データ通信使い放題 4G/5G対応 データ通信専用（電話番号なし）当日予約可 eSIM情報すぐ受取可 詳しい説明書付き 中国eSIM 香港eSIM マカオeSIM mewfi,1680,35,,,,,631,3일,3일,4일,local,5g_capable,5g_capable,high,"{""cmhk"": null, ""csl"": null, ""smartone"": null, ""three_hk"": null}","{""skt"": null, ""kt"": null, ""lgu"": null}",unlimited,https://www.amazon.co.jp/%E3%83%9E%E3%82%AB%E3%82%AAeSIM%E3%80%914%E6%97%A5%E9%96%93-%E9%AB%98%E9%80%9F%E3%83%87%E3%83%BC%E3%82%BF%E9%80%9A%E4%BF%A1%E4%BD%BF%E3%81%84%E6%94%BE%E9%A1%8C-%E3%83%87%E3%83%BC%E3%82%BF%E9%80%9A%E4%BF%A1%E5%B0%82%E7%94%A8%EF%BC%88%E9%9B%BB%E8%A9%B1%E7%95%AA%E5%8F%B7%E3%81%AA%E3%81%97%EF%BC%89%E5%BD%93%E6%97%A5%E4%BA%88%E7%B4%84%E5%8F%AF-eSIM%E6%83%85%E5%A0%B1%E3%81%99%E3%81%90%E5%8F%97%E5%8F%96%E5%8F%AF-mewfi/dp/B0F6SXP3RV,B0F6SXP3RV,B0F6SXP3RV,Mewfi 正規販売店,mewfiのストアを表示,"{""price_jpy"": [""￥1,680""], ""usage_validity"": [""【SKTelecoｍ公式認証】 韓国eSIM 3日間 (72時間) 電話番号付き 超高速データ無制限 最初の5分発信無料(韓国国内) お急ぎの方即時発行可(LINE相談受付中) 有効期限／ご購入日より120日以内 現地空港サポート(SKTelecomローミングセンター) SKテレコム正規品 韓国SIMカードタイプではありません""], ""activation_validity"": [""【中国 香港 マカオeSIM】4日間 高速データ通信使い放題 4G/5G対応 データ通信専用（電話番号なし）当日予約可 eSIM情報すぐ受取可 詳しい説明書付き 中国eSIM 香港eSIM マカオeSIM mewfi""], ""data_amount"": [""Amazon.co.jp: 【中国 香港 マカオeSIM】4日間 高速データ通信使い放題 4G/5G対応 データ通信専用（電話番号なし）当日予約可 eSIM情報すぐ受取可 詳しい説明書付き 中国eSIM 香港eSIM マカオeSIM mewfi : 家電＆カメラ""], ""network_type"": [""【チョコSIM 定額（Sプラン）】【中国の電話番号付きでアプリや施設サービスのSMS認証が可能】【データ容量】合計500MB/月【音声】合計20分間/月 データ/音声/SMS付きSIMカード 中国SIM マカオSIM China unicom ※こちらのSIMカードは契約後、毎月の基本料が発生いたします。※2024年11月1日から台湾でのご利用はできなくなり"", ""【SKTelecoｍ公式認証】 韓国eSIM 3日間 (72時間) 電話番号付き 超高速データ無制限 最初の5分発信無料(韓国国内) お急ぎの方即時発行可(LINE相談受付中) 有効期限／ご購入日より120日以内 現地空港サポート(SKTelecomローミングセンター) SKテレコム正規品 韓国SIMカードタイプではありません"", ""score: local=6, roaming=0""], ""network_generation"": [""strong_5g: title: 【中国 香港 マカオeSIM】4日間 高速データ通信使い放題 4G/5G対応 データ通信専用（電話番号なし）当日予約可 eSIM情報すぐ受取可 詳しい説明書付き 中国eSIM 香港eSIM マカオeSIM mewfi"", ""strong_5g: title: 【中国 香港 マカオeSIM】4日間 高速データ通信使い放題 4G/5G対応 データ通信専用（電話番号なし）当日予約可 eSIM情報すぐ受取可 詳しい説明書付き 中国eSIM 香港eSIM マカオeSIM mewfi""], ""review_count"": [""detail_page: (35)""], ""bestseller_rank"": [""Amazon 売れ筋ランキング 家電＆カメラ - 63,271位 ( 家電＆カメラの売れ筋ランキングを見る ) プリペイドSIMカード - 631位""], ""title"": [""【中国 香港 マカオeSIM】4日間 高速データ通信使い放題 4G/5G対応 データ通信専用（電話番号なし）当日予約可 eSIM情報すぐ受取可 詳しい説明書付き 中国eSIM 香港eSIM マカオeSIM mewfi""], ""network_generation_inferred"": [""strong_5g: title: 【中国 香港 マカオeSIM】4日間 高速データ通信使い放題 4G/5G対応 データ通信専用（電話番号なし）当日予約可 eSIM情報すぐ受取可 詳しい説明書付き 中国eSIM 香港eSIM マカオeSIM mewfi"", ""strong_5g: title: 【中国 香港 マカオeSIM】4日間 高速データ通信使い放題 4G/5G対応 データ通信専用（電話番号なし）当日予約可 eSIM情報すぐ受取可 詳しい説明書付き 中国eSIM 香港eSIM マカオeSIM mewfi""]}"
amazon_jp,hk,中国 香港 マカオ SIMカード 4日間 データ使い放題 4GBまで高速 Jet Sim 物理SIM 無制限 4日 ジェットシム,1311,35,,,,,355,3일,3일,4일,local,unknown,lte_4g_only,medium,"{""cmhk"": null, ""csl"": null, ""smartone"": null, ""three_hk"": true}","{""skt"": null, ""kt"": null, ""lgu"": null}",1GB/day,https://www.amazon.co.jp/SIM%E3%82%AB%E3%83%BC%E3%83%89-4%E6%97%A5%E9%96%93-%E3%83%87%E3%83%BC%E3%82%BF%E4%BD%BF%E3%81%84%E6%94%BE%E9%A1%8C-4GB%E3%81%BE%E3%81%A7%E9%AB%98%E9%80%9F-%E3%82%B8%E3%82%A7%E3%83%83%E3%83%88%E3%82%B7%E3%83%A0/dp/B0DMVRQ875,B0DMVRQ875,B0DMVRQ875,ジェスロモバイル,JETSIMのストアを表示,"{""price_jpy"": [""￥1,311""], ""usage_validity"": [""【SKTelecoｍ公式認証】 韓国eSIM 3日間 (72時間) 電話番号付き 超高速データ無制限 最初の5分発信無料(韓国国内) お急ぎの方即時発行可(LINE相談受付中) 有効期限／ご購入日より120日以内 現地空港サポート(SKTelecomローミングセンター) SKテレコム正規品 韓国SIMカードタイプではありません""], ""activation_validity"": [""中国 香港 マカオ SIMカード 4日間 データ使い放題 4GBまで高速 Jet Sim 物理SIM 無制限 4日 ジェットシム""], ""data_amount"": [""【データ無制限】中国・香港・マカオで4日間 5G/4G-LTE 高速データ4GB、その後2G速度で使い放題。テザリング対応。高速データ1日1GBまで。""], ""network_type"": [""【チョコSIM 定額（Sプラン）】【中国の電話番号付きでアプリや施設サービスのSMS認証が可能】【データ容量】合計500MB/月【音声】合計20分間/月 データ/音声/SMS付きSIMカード 中国SIM マカオSIM China unicom ※こちらのSIMカードは契約後、毎月の基本料が発生いたします。※2024年11月1日から台湾でのご利用はできなくなり"", ""【SKTelecoｍ公式認証】 韓国eSIM 3日間 (72時間) 電話番号付き 超高速データ無制限 最初の5分発信無料(韓国国内) お急ぎの方即時発行可(LINE相談受付中) 有効期限／ご購入日より120日以内 現地空港サポート(SKTelecomローミングセンター) SKテレコム正規品 韓国SIMカードタイプではありません"", ""score: local=6, roaming=1""], ""network_generation"": [""fallback_5g: data_amount: 【データ無制限】中国・香港・マカオで4日間 5G/4G-LTE 高速データ4GB、その後2G速度で使い放題。テザリング対応。高速データ1日1GBまで。"", ""fallback_4g_lte: activation_validity: 中国 香港 マカオ SIMカード 4日間 データ使い放題 4GBまで高速 Jet Sim 物理SIM 無制限 4日 ジェットシム"", ""fallback_only_network_generation_signal""], ""carrier_support_local"": [""3HK: 【高品質回線】 大手通信キャリア回線を使用。広範囲で安定した快適な通信を提供。中国：中国聯通（China Unicom）回線。香港：3HK回線。マカオ：CTM回線。"", ""3HK: サービスプロバイダ 中国聯通、3HK、CTM""], ""review_count"": [""detail_page: (35)""], ""bestseller_rank"": [""Amazon 売れ筋ランキング 家電＆カメラ - 32,301位 ( 家電＆カメラの売れ筋ランキングを見る ) プリペイドSIMカード - 355位""], ""title"": [""中国 香港 マカオ SIMカード 4日間 データ使い放題 4GBまで高速 Jet Sim 物理SIM 無制限 4日 ジェットシム""], ""network_generation_inferred"": [""title: 中国 香港 マカオ SIMカード 4日間 データ使い放題 4GBまで高速 Jet Sim 物理SIM 無制限 4日 ジェットシム""]}"
amazon_jp,hk,香港 eSIM | 3日間 | 高速データ無制限使い放題 5G/4G | QRコード 当日発行可 メール登録で即納品即利用可 | LINEサポート | データ通信専用(電話番号なし)| 日本で事前設定OK | テザリング可能 | パスポート情報不要・実名登録なし,899,5,,,,,39,3일,3일,3일,unknown,5g_capable,5g_capable,high,"{""cmhk"": null, ""csl"": null, ""smartone"": null, ""three_hk"": null}","{""skt"": null, ""kt"": null, ""lgu"": null}",unlimited,https://www.amazon.co.jp/%E9%AB%98%E9%80%9F%E3%83%87%E3%83%BC%E3%82%BF%E7%84%A1%E5%88%B6%E9%99%90%E4%BD%BF%E3%81%84%E6%94%BE%E9%A1%8C-%E3%83%A1%E3%83%BC%E3%83%AB%E7%99%BB%E9%8C%B2%E3%81%A7%E5%8D%B3%E7%B4%8D%E5%93%81%E5%8D%B3%E5%88%A9%E7%94%A8%E5%8F%AF-LINE%E3%82%B5%E3%83%9D%E3%83%BC%E3%83%88-%E6%97%A5%E6%9C%AC%E3%81%A7%E4%BA%8B%E5%89%8D%E8%A8%AD%E5%AE%9AOK-%E3%83%91%E3%82%B9%E3%83%9D%E3%83%BC%E3%83%88%E6%83%85%E5%A0%B1%E4%B8%8D%E8%A6%81%E3%83%BB%E5%AE%9F%E5%90%8D%E7%99%BB%E9%8C%B2%E3%81%AA%E3%81%97/dp/B0DC5KHVFH,B0DC5KHVFH,B0DC5KHVFH,TORA eSIM,TORAのストアを表示,"{""price_jpy"": [""￥899""], ""usage_validity"": [""香港 eSIM | 3日間 | 高速データ無制限使い放題 5G/4G | QRコード 当日発行可 メール登録で即納品即利用可 | LINEサポート | データ通信専用(電話番号なし)| 日本で事前設定OK | テザリング可能 | パスポート情報不要・実名登録なし""], ""activation_validity"": [""【SKTelecoｍ公式認証】 韓国eSIM 3日間 (72時間) 電話番号付き 超高速データ無制限 最初の5分発信無料(韓国国内) お急ぎの方即時発行可(LINE相談受付中) 有効期限／ご購入日より120日以内 現地空港サポート(SKTelecomローミングセンター) SKテレコム正規品 韓国SIMカードタイプではありません""], ""data_amount"": [""🐯データ通信🐯 5G/4G/LTE対応の高速データが【無制限】使えます。""], ""network_type"": [""local_signal: 🔺注意事項🔺 利用期限は台湾時間を基準とし、利用開始時間によらず、現地回線に接続した日から、購入プラン日数の23:59(台湾時間)までの暦日制となります。※台湾時間の0時は、日本時間の深夜1時"", ""roaming_signal: 商品の説明 ご利用前に必ずご確認ください！ この商品はeSIMです、物理SIMではありません。eSIM非対応の端末ではご利用できません。 以下の手順でお使いの端末が「eSIM対応端末」と「SIMロックされていない」をご確認ください。 ① eSIM対応端末の確認方法 スマホのダイヤル発信画面で「*#06#」をダイヤルし、デバイス情報に「EID」表示されればご利"", ""insufficient_or_conflicting_signals(local=6, roaming=5)""], ""network_generation"": [""strong_5g: title: 香港 eSIM | 3日間 | 高速データ無制限使い放題 5G/4G | QRコード 当日発行可 メール登録で即納品即利用可 | LINEサポート | データ通信専用(電話番号なし)| 日本で事前設定OK | テザリング可能 | パスポート情報不要・実名登録なし"", ""strong_5g: title: 香港 eSIM | 3日間 | 高速データ無制限使い放題 5G/4G | QRコード 当日発行可 メール登録で即納品即利用可 | LINEサポート | データ通信専用(電話番号なし)| 日本で事前設定OK | テザリング可能 | パスポート情報不要・実名登録なし""], ""review_count"": [""detail_page: (5)""], ""bestseller_rank"": [""Amazon 売れ筋ランキング 家電＆カメラ - 64,289位 ( 家電＆カメラの売れ筋ランキングを見る ) 定期契約SIMカード - 39位""], ""title"": [""香港 eSIM | 3日間 | 高速データ無制限使い放題 5G/4G | QRコード 当日発行可 メール登録で即納品即利用可 | LINEサポート | データ通信専用(電話番号なし)| 日本で事前設定OK | テザリング可能 | パスポート情報不要・実名登録なし""], ""network_generation_inferred"": [""strong_5g: title: 香港 eSIM | 3日間 | 高速データ無制限使い放題 5G/4G | QRコード 当日発行可 メール登録で即納品即利用可 | LINEサポート | データ通信専用(電話番号なし)| 日本で事前設定OK | テザリング可能 | パスポート情報不要・実名登録なし"", ""strong_5g: title: 香港 eSIM | 3日間 | 高速データ無制限使い放題 5G/4G | QRコード 当日発行可 メール登録で即納品即利用可 | LINEサポート | データ通信専用(電話番号なし)| 日本で事前設定OK | テザリング可能 | パスポート情報不要・実名登録なし""]}"
amazon_jp,hk,【中国本土・香港eSIM】1日間 1GB/毎日（コスパ重視） LINE相談受付中｜データ通信専用（電話番号なし） | simフリー端末のみ対応 説明書付 イーシム simless,690,7,,,,,545,1일,1일,7일,local,unknown,unknown,low,"{""cmhk"": null, ""csl"": null, ""smartone"": null, ""three_hk"": null}","{""skt"": null, ""kt"": null, ""lgu"": null}",unlimited,https://www.amazon.co.jp/%E3%80%90%E4%B8%AD%E5%9B%BD%E6%9C%AC%E5%9C%9F%E3%83%BB%E9%A6%99%E6%B8%AFeSIM%E3%80%911%E6%97%A5%E9%96%93-1GB-%E6%AF%8E%E6%97%A5%EF%BC%88%E3%82%B3%E3%82%B9%E3%83%91%E9%87%8D%E8%A6%96%EF%BC%89-LINE%E7%9B%B8%E8%AB%87%E5%8F%97%E4%BB%98%E4%B8%AD%EF%BD%9C%E3%83%87%E3%83%BC%E3%82%BF%E9%80%9A%E4%BF%A1%E5%B0%82%E7%94%A8%EF%BC%88%E9%9B%BB%E8%A9%B1%E7%95%AA%E5%8F%B7%E3%81%AA%E3%81%97%EF%BC%89-sim%E3%83%95%E3%83%AA%E3%83%BC%E7%AB%AF%E6%9C%AB%E3%81%AE%E3%81%BF%E5%AF%BE%E5%BF%9C/dp/B0F11HDY8H,B0F11HDY8H,B0F11HDY8H,DeSiM,DeSiMのストアを表示,"{""price_jpy"": [""￥690""], ""usage_validity"": [""【中国本土・香港eSIM】1日間 1GB/毎日（コスパ重視） LINE相談受付中｜データ通信専用（電話番号なし） | simフリー端末のみ対応 説明書付 イーシム simless""], ""activation_validity"": [""商品の説明 購入前の注意事項 【注意事項】 注意事項①：本商品はデータ通信専用です（通話はご利用いただけません）。ご注意ください。 注意事項②：SIMロックフリー端末、もしくはSIMフリー端末専用のサービスです。必ず、ご利用端末がeSIM対応かどうかご確認ください。 注意事項③：2021年10月1日以前にSIMロック解除をキャリア店頭またはインターネットでさ""], ""data_amount"": [""商品の説明 購入前の注意事項 【注意事項】 注意事項①：本商品はデータ通信専用です（通話はご利用いただけません）。ご注意ください。 注意事項②：SIMロックフリー端末、もしくはSIMフリー端末専用のサービスです。必ず、ご利用端末がeSIM対応かどうかご確認ください。 注意事項③：2021年10月1日以前にSIMロック解除をキャリア店頭またはインターネットでさ""], ""network_type"": [""商品の説明 購入前の注意事項 【注意事項】 注意事項①：本商品はデータ通信専用です（通話はご利用いただけません）。ご注意ください。 注意事項②：SIMロックフリー端末、もしくはSIMフリー端末専用のサービスです。必ず、ご利用端末がeSIM対応かどうかご確認ください。 注意事項③：2021年10月1日以前にSIMロック解除をキャリア店頭またはインターネットでさ"", ""【チョコSIM 定額（Sプラン）】【中国の電話番号付きでアプリや施設サービスのSMS認証が可能】【データ容量】合計500MB/月【音声】合計20分間/月 データ/音声/SMS付きSIMカード 中国SIM マカオSIM China unicom ※こちらのSIMカードは契約後、毎月の基本料が発生いたします。※2024年11月1日から台湾でのご利用はできなくなり"", ""score: local=9, roaming=1""], ""network_generation"": [""fallback_5g: network_generation: fallback_5g: source:image_alt: 【中国・香港・マカオ eSIM】1日間 0.5GB/毎日（一日間 コスパ重視） DeSiM正規卸 |LINE相談受付中 |データ通信専用（電話番号なし） simフリー端末のみ対応 説明書付 イーシム DeSiM"", ""fallback_4g_lte: network_generation: strong_4g_lte: source:feature_bullets: 🎯【4G / LTE高速通信】高速インターネット通信可能！旅行や出張先でもスムーズな接続をサポート✈️"", ""fallback_only_network_generation_signal""], ""review_count"": [""detail_page: (7)""], ""bestseller_rank"": [""Amazon 売れ筋ランキング 家電＆カメラ - 51,217位 ( 家電＆カメラの売れ筋ランキングを見る ) プリペイドSIMカード - 545位""], ""title"": [""【中国本土・香港eSIM】1日間 1GB/毎日（コスパ重視） LINE相談受付中｜データ通信専用（電話番号なし） | simフリー端末のみ対応 説明書付 イーシム simless""], ""network_generation_inferred"": [""no_medium_generation_signal""]}"
amazon_jp,hk,【中国 香港 マカオeSIM】5日間 5GB高速データ通信 TikTok利用可能 データ通信専用（電話番号なし）即日発行可能 メール登録で納品 中国本土・香港・マカオ対応eSIM mewfi,990,10,,,,,783,5일,5일,90일,roaming,unknown,5g_capable,medium,"{""cmhk"": null, ""csl"": null, ""smartone"": null, ""three_hk"": null}","{""skt"": null, ""kt"": null, ""lgu"": null}",5GB,https://www.amazon.co.jp/%E3%83%9E%E3%82%AB%E3%82%AAeSIM%E3%80%915%E6%97%A5%E9%96%93-5GB%E9%AB%98%E9%80%9F%E3%83%87%E3%83%BC%E3%82%BF%E9%80%9A%E4%BF%A1-%E3%83%87%E3%83%BC%E3%82%BF%E9%80%9A%E4%BF%A1%E5%B0%82%E7%94%A8%EF%BC%88%E9%9B%BB%E8%A9%B1%E7%95%AA%E5%8F%B7%E3%81%AA%E3%81%97%EF%BC%89%E5%8D%B3%E6%97%A5%E7%99%BA%E8%A1%8C%E5%8F%AF%E8%83%BD-%E4%B8%AD%E5%9B%BD%E6%9C%AC%E5%9C%9F%E3%83%BB%E9%A6%99%E6%B8%AF%E3%83%BB%E3%83%9E%E3%82%AB%E3%82%AA%E5%AF%BE%E5%BF%9CeSIM-mewfi/dp/B0FKMKD4VW,B0FKMKD4VW,B0FKMKD4VW,Mewfi 正規販売店,mewfiのストアを表示,"{""price_jpy"": [""￥990""], ""usage_validity"": [""【中国 香港 マカオeSIM】5日間 5GB高速データ通信 TikTok利用可能 データ通信専用（電話番号なし）即日発行可能 メール登録で納品 中国本土・香港・マカオ対応eSIM mewfi""], ""activation_validity"": [""【有効期限】eSIM情報を記載したメールを受信した日から90日間が有効期限となります。期限内にご利用ください。""], ""data_amount"": [""【高速データ通信】中国本土・香港・マカオで利用可能なeSIMです。5日間の有効期間中に5GBの高速データ通信をご利用いただけます。5GBを超過すると通信は自動的に停止します。""], ""network_type"": [""【対応端末】eSIM対応かつSIMロックのかかっていないスマートフォンでのみご利用いただけます。日本国内で事前にQRコードを読み込んでインストール可能で、現地に到着後に本eSIMを選択し、ローミングを有効にすると自動的にネットワークに接続されます。"", ""Amazon.co.jp: 【中国 香港 マカオeSIM】5日間 5GB高速データ通信 TikTok利用可能 データ通信専用（電話番号なし）即日発行可能 メール登録で納品 中国本土・香港・マカオ対応eSIM mewfi : 家電＆カメラ 次に移動 メインコンテンツ この商品について この商品について この商品について 購入オプション 類似商品と比較する ビデ"", ""score: local=0, roaming=2""], ""network_generation"": [""fallback_5g: usage_validity: 【中国 香港 マカオeSIM】5日間 5GB高速データ通信 TikTok利用可能 データ通信専用（電話番号なし）即日発行可能 メール登録で納品 中国本土・香港・マカオ対応eSIM mewfi"", ""fallback_4g_lte: network_generation: fallback_4g_lte: source:image_alt: 中国eSIM｜中国本土・香港・マカオ対応｜7日間 高速データ無制限｜VPN付き LINE・YouTube・Google利用可｜4G/5G 即日発行可能（eSIM | 7日間）"", ""fallback_only_network_generation_signal""], ""review_count"": [""detail_page: (10)""], ""bestseller_rank"": [""Amazon 売れ筋ランキング 家電＆カメラ - 85,543位 ( 家電＆カメラの売れ筋ランキングを見る ) プリペイドSIMカード - 783位""], ""title"": [""【中国 香港 マカオeSIM】5日間 5GB高速データ通信 TikTok利用可能 データ通信専用（電話番号なし）即日発行可能 メール登録で納品 中国本土・香港・マカオ対応eSIM mewfi""], ""network_generation_inferred"": [""title: 【中国 香港 マカオeSIM】5日間 5GB高速データ通信 TikTok利用可能 データ通信専用（電話番号なし）即日発行可能 メール登録で納品 中国本土・香港・マカオ対応eSIM mewfi""]}"
amazon_jp,hk,中国本土・香港 周遊 eSIM | 5日間3GB | 高速データ 5G/4G | QRコード 当日発行 メール登録で即納品即利用 | 中国ネット規制対象外 | 中国でもGoogle、LINE、YouTubeなどVPNなしで利用可能 | LINEサポート | データ通信専用(電話番号なし)| 日本で事前設定OK | テザリング可能 | パスポート情報不要・実名登録なし,1380,4,,,,,306,5일,5일,5일,unknown,5g_capable,5g_capable,high,"{""cmhk"": null, ""csl"": null, ""smartone"": null, ""three_hk"": null}","{""skt"": null, ""kt"": null, ""lgu"": null}",3GB,https://www.amazon.co.jp/5%E6%97%A5%E9%96%933GB-%E3%83%A1%E3%83%BC%E3%83%AB%E7%99%BB%E9%8C%B2%E3%81%A7%E5%8D%B3%E7%B4%8D%E5%93%81%E5%8D%B3%E5%88%A9%E7%94%A8-%E4%B8%AD%E5%9B%BD%E3%83%8D%E3%83%83%E3%83%88%E8%A6%8F%E5%88%B6%E5%AF%BE%E8%B1%A1%E5%A4%96-%E4%B8%AD%E5%9B%BD%E3%81%A7%E3%82%82Google%E3%80%81LINE%E3%80%81YouTube%E3%81%AA%E3%81%A9VPN%E3%81%AA%E3%81%97%E3%81%A7%E5%88%A9%E7%94%A8%E5%8F%AF%E8%83%BD-%E3%83%91%E3%82%B9%E3%83%9D%E3%83%BC%E3%83%88%E6%83%85%E5%A0%B1%E4%B8%8D%E8%A6%81%E3%83%BB%E5%AE%9F%E5%90%8D%E7%99%BB%E9%8C%B2%E3%81%AA%E3%81%97/dp/B0F3PCL66K,B0F3PCL66K,B0F3PCL66K,TORAのストアを表示,TORAのストアを表示,"{""price_jpy"": [""価格 ￥1,380 ￥2,080 ￥1,280 ￥990 ￥980 配送料 ￥1,435""], ""usage_validity"": [""中国本土・香港 周遊 eSIM | 5日間3GB | 高速データ 5G/4G | QRコード 当日発行 メール登録で即納品即利用 | 中国ネット規制対象外 | 中国でもGoogle、LINE、YouTubeなどVPNなしで利用可能 | LINEサポート | データ通信専用(電話番号なし)| 日本で事前設定OK | テザリング可能 | パスポート情報不要・実名""], ""activation_validity"": [""大中華区SIMカード-中国、香港、マカオ、台湾向けプリペイドデータプラン｜2 GB毎日データ、5日有効期限｜高速4/5 G LTE｜旅行者に最適""], ""data_amount"": [""🐯データ通信🐯 5G/4G/LTE対応の高速データが【5日間3GB】使えます。※超過後は期間終了まで低速(128kbps)使い放題""], ""network_type"": [""local_signal: 🔺注意事項🔺 利用期限は台湾時間を基準とし、利用開始時間によらず、現地回線に接続した日から、購入プラン日数の23:59(台湾時間)までの暦日制となります。※台湾時間の0時は、日本時間の深夜1時"", ""roaming_signal: 商品の説明 ご利用前に必ずご確認ください！ この商品はeSIMです、物理SIMではありません。eSIM非対応の端末ではご利用できません。 以下の手順でお使いの端末が「eSIM対応端末」と「SIMロックされていない」をご確認ください。 ① eSIM対応端末の確認方法 スマホのダイヤル発信画面で「*#06#」をダイヤルし、デバイス情報に「EID」表示されればご利"", ""insufficient_or_conflicting_signals(local=6, roaming=5)""], ""network_generation"": [""strong_5g: title: 中国本土・香港 周遊 eSIM | 5日間3GB | 高速データ 5G/4G | QRコード 当日発行 メール登録で即納品即利用 | 中国ネット規制対象外 | 中国でもGoogle、LINE、YouTubeなどVPNなしで利用可能 | LINEサポート | データ通信専用(電話番号なし)| 日本で事前設定OK | テザリング可能 | パスポート"", ""strong_5g: title: 中国本土・香港 周遊 eSIM | 5日間3GB | 高速データ 5G/4G | QRコード 当日発行 メール登録で即納品即利用 | 中国ネット規制対象外 | 中国でもGoogle、LINE、YouTubeなどVPNなしで利用可能 | LINEサポート | データ通信専用(電話番号なし)| 日本で事前設定OK | テザリング可能 | パスポート""], ""review_count"": [""detail_page: (4)""], ""bestseller_rank"": [""Amazon 売れ筋ランキング 家電＆カメラ - 27,300位 ( 家電＆カメラの売れ筋ランキングを見る ) プリペイドSIMカード - 306位""], ""title"": [""中国本土・香港 周遊 eSIM | 5日間3GB | 高速データ 5G/4G | QRコード 当日発行 メール登録で即納品即利用 | 中国ネット規制対象外 | 中国でもGoogle、LINE、YouTubeなどVPNなしで利用可能 | LINEサポート | データ通信専用(電話番号なし)| 日本で事前設定OK | テザリング可能 | パスポート情報不要・実名登録なし""], ""network_generation_inferred"": [""strong_5g: title: 中国本土・香港 周遊 eSIM | 5日間3GB | 高速データ 5G/4G | QRコード 当日発行 メール登録で即納品即利用 | 中国ネット規制対象外 | 中国でもGoogle、LINE、YouTubeなどVPNなしで利用可能 | LINEサポート | データ通信専用(電話番号なし)| 日本で事前設定OK | テザリング可能 | パスポート"", ""strong_5g: title: 中国本土・香港 周遊 eSIM | 5日間3GB | 高速データ 5G/4G | QRコード 当日発行 メール登録で即納品即利用 | 中国ネット規制対象外 | 中国でもGoogle、LINE、YouTubeなどVPNなしで利用可能 | LINEサポート | データ通信専用(電話番号なし)| 日本で事前設定OK | テザリング可能 | パスポート""]}"
amazon_jp,hk,【中国・香港・マカオ eSIM】4日間 高速完全無制限 実名認証不要 データ通信専用(電話番号なし) 5G/4G-LTE対応 中国でもGoogle、LINE、YouTubeなどVPNなしで利用可能 当日発行可能 説明書付 LINEで24時間サポート HONGKONG MACAU 中国sim MEWMEWホーム (4日間),1680,15,,,,,733,4일,4일,90일,local,5g_capable,5g_capable,high,"{""cmhk"": null, ""csl"": true, ""smartone"": null, ""three_hk"": null}","{""skt"": null, ""kt"": null, ""lgu"": null}",unlimited,https://www.amazon.co.jp/%E3%80%90%E4%B8%AD%E5%9B%BD%E3%83%BB%E9%A6%99%E6%B8%AF%E3%83%BB%E3%83%9E%E3%82%AB%E3%82%AA-%E4%B8%AD%E5%9B%BD%E3%81%A7%E3%82%82Google%E3%80%81LINE%E3%80%81YouTube%E3%81%AA%E3%81%A9VPN%E3%81%AA%E3%81%97%E3%81%A7%E5%88%A9%E7%94%A8%E5%8F%AF%E8%83%BD-LINE%E3%81%A724%E6%99%82%E9%96%93%E3%82%B5%E3%83%9D%E3%83%BC%E3%83%88-MEWMEW%E3%83%9B%E3%83%BC%E3%83%A0-4%E6%97%A5%E9%96%93/dp/B0DSJ8RXNM,B0DSJ8RXNM,B0DSJ8RXNM,mewmewホーム eSIM,ＭＥＷＭＥＷホームのストアを表示,"{""price_jpy"": [""￥1,680""], ""usage_validity"": [""【中国・香港・マカオ eSIM】4日間 高速完全無制限 実名認証不要 データ通信専用(電話番号なし) 5G/4G-LTE対応 中国でもGoogle、LINE、YouTubeなどVPNなしで利用可能 当日発行可能 説明書付 LINEで24時間サポート HONGKONG MACAU 中国sim MEWMEWホーム (4日間)""], ""activation_validity"": [""📍【有効期限】eSIMはQRコードを受け取ってから90日以内は有効になっています。eSIMプランの日数は24時間を一日とカウントされます。""], ""data_amount"": [""📍5G/4G/LTEに対応し、高速データ通信量は完全無制限となります。※データ通信専用、電話番号なし""], ""network_type"": [""📍【ローカル回線】中国本土とマカオ：中華電信 香港：CSL"", ""【チョコSIM 定額（Sプラン）】【中国の電話番号付きでアプリや施設サービスのSMS認証が可能】【データ容量】合計500MB/月【音声】合計20分間/月 データ/音声/SMS付きSIMカード 中国SIM マカオSIM China unicom ※こちらのSIMカードは契約後、毎月の基本料が発生いたします。※2024年11月1日から台湾でのご利用はできなくなり"", ""score: local=12, roaming=0""], ""network_generation"": [""strong_5g: title: 【中国・香港・マカオ eSIM】4日間 高速完全無制限 実名認証不要 データ通信専用(電話番号なし) 5G/4G-LTE対応 中国でもGoogle、LINE、YouTubeなどVPNなしで利用可能 当日発行可能 説明書付 LINEで24時間サポート HONGKONG MACAU 中国sim MEWMEWホーム (4日間)"", ""strong_5g: title: 【中国・香港・マカオ eSIM】4日間 高速完全無制限 実名認証不要 データ通信専用(電話番号なし) 5G/4G-LTE対応 中国でもGoogle、LINE、YouTubeなどVPNなしで利用可能 当日発行可能 説明書付 LINEで24時間サポート HONGKONG MACAU 中国sim MEWMEWホーム (4日間)"", ""4g_lte_signal_present_but_5g_capable_takes_precedence""], ""carrier_support_local"": [""CSL: 📍【ローカル回線】中国本土とマカオ：中華電信 香港：CSL"", ""CSL: サービスプロバイダ 中華電信, CSL"", ""CSL: Amazon.co.jp: 【中国・香港・マカオ eSIM】4日間 高速完全無制限 実名認証不要 データ通信専用(電話番号なし) 5G/4G-LTE対応 中国でもGoogle、LINE、YouTubeなどVPNなしで利用可能 当日発行可能 説明書付 LINEで24時間サポート HONGKONG MA""], ""review_count"": [""detail_page: (15)""], ""bestseller_rank"": [""Amazon 売れ筋ランキング 家電＆カメラ - 79,366位 ( 家電＆カメラの売れ筋ランキングを見る ) プリペイドSIMカード - 733位""], ""title"": [""【中国・香港・マカオ eSIM】4日間 高速完全無制限 実名認証不要 データ通信専用(電話番号なし) 5G/4G-LTE対応 中国でもGoogle、LINE、YouTubeなどVPNなしで利用可能 当日発行可能 説明書付 LINEで24時間サポート HONGKONG MACAU 中国sim MEWMEWホーム (4日間)""], ""network_generation_inferred"": [""strong_5g: title: 【中国・香港・マカオ eSIM】4日間 高速完全無制限 実名認証不要 データ通信専用(電話番号なし) 5G/4G-LTE対応 中国でもGoogle、LINE、YouTubeなどVPNなしで利用可能 当日発行可能 説明書付 LINEで24時間サポート HONGKONG MACAU 中国sim MEWMEWホーム (4日間)"", ""strong_5g: title: 【中国・香港・マカオ eSIM】4日間 高速完全無制限 実名認証不要 データ通信専用(電話番号なし) 5G/4G-LTE対応 中国でもGoogle、LINE、YouTubeなどVPNなしで利用可能 当日発行可能 説明書付 LINEで24時間サポート HONGKONG MACAU 中国sim MEWMEWホーム (4日間)"", ""4g_lte_signal_present_but_5g_capable_takes_precedence""]}"
amazon_jp,hk,【中国本土・香港eSIM】1日間完全無制限（使い放題） LINE相談受付中｜データ通信専用（電話番号なし） | simフリー端末のみ対応 説明書付 イーシム simless,1030,7,,,,,405,1일,1일,7일,local,unknown,unknown,low,"{""cmhk"": null, ""csl"": null, ""smartone"": null, ""three_hk"": null}","{""skt"": null, ""kt"": null, ""lgu"": null}",unlimited,https://www.amazon.co.jp/%E3%80%90%E4%B8%AD%E5%9B%BD%E6%9C%AC%E5%9C%9F%E3%83%BB%E9%A6%99%E6%B8%AFeSIM%E3%80%911%E6%97%A5%E9%96%93%E5%AE%8C%E5%85%A8%E7%84%A1%E5%88%B6%E9%99%90%EF%BC%88%E4%BD%BF%E3%81%84%E6%94%BE%E9%A1%8C%EF%BC%89-LINE%E7%9B%B8%E8%AB%87%E5%8F%97%E4%BB%98%E4%B8%AD%EF%BD%9C%E3%83%87%E3%83%BC%E3%82%BF%E9%80%9A%E4%BF%A1%E5%B0%82%E7%94%A8%EF%BC%88%E9%9B%BB%E8%A9%B1%E7%95%AA%E5%8F%B7%E3%81%AA%E3%81%97%EF%BC%89-sim%E3%83%95%E3%83%AA%E3%83%BC%E7%AB%AF%E6%9C%AB%E3%81%AE%E3%81%BF%E5%AF%BE%E5%BF%9C-%E8%AA%AC%E6%98%8E%E6%9B%B8%E4%BB%98-simless/dp/B0F11CRTBJ,B0F11CRTBJ,B0F11CRTBJ,DeSiM,DeSiMのストアを表示,"{""price_jpy"": [""￥1,030""], ""usage_validity"": [""【中国本土・香港eSIM】1日間完全無制限（使い放題） LINE相談受付中｜データ通信専用（電話番号なし） | simフリー端末のみ対応 説明書付 イーシム simless""], ""activation_validity"": [""商品の説明 購入前の注意事項 【注意事項】 注意事項①：本商品はデータ通信専用です（通話はご利用いただけません）。ご注意ください。 注意事項②：SIMロックフリー端末、もしくはSIMフリー端末専用のサービスです。必ず、ご利用端末がeSIM対応かどうかご確認ください。 注意事項③：2021年10月1日以前にSIMロック解除をキャリア店頭またはインターネットでさ""], ""data_amount"": [""商品の説明 購入前の注意事項 【注意事項】 注意事項①：本商品はデータ通信専用です（通話はご利用いただけません）。ご注意ください。 注意事項②：SIMロックフリー端末、もしくはSIMフリー端末専用のサービスです。必ず、ご利用端末がeSIM対応かどうかご確認ください。 注意事項③：2021年10月1日以前にSIMロック解除をキャリア店頭またはインターネットでさ""], ""network_type"": [""商品の説明 購入前の注意事項 【注意事項】 注意事項①：本商品はデータ通信専用です（通話はご利用いただけません）。ご注意ください。 注意事項②：SIMロックフリー端末、もしくはSIMフリー端末専用のサービスです。必ず、ご利用端末がeSIM対応かどうかご確認ください。 注意事項③：2021年10月1日以前にSIMロック解除をキャリア店頭またはインターネットでさ"", ""【チョコSIM 定額（Sプラン）】【中国の電話番号付きでアプリや施設サービスのSMS認証が可能】【データ容量】合計500MB/月【音声】合計20分間/月 データ/音声/SMS付きSIMカード 中国SIM マカオSIM China unicom ※こちらのSIMカードは契約後、毎月の基本料が発生いたします。※2024年11月1日から台湾でのご利用はできなくなり"", ""score: local=9, roaming=1""], ""network_generation"": [""fallback_5g: network_generation: fallback_5g: source:image_alt: 【中国・香港・マカオ eSIM】1日間 0.5GB/毎日（一日間 コスパ重視） DeSiM正規卸 |LINE相談受付中 |データ通信専用（電話番号なし） simフリー端末のみ対応 説明書付 イーシム DeSiM"", ""fallback_4g_lte: network_generation: strong_4g_lte: source:feature_bullets: 🎯【4G / LTE高速通信】高速インターネット通信可能！旅行や出張先でもスムーズな接続をサポート✈️"", ""fallback_only_network_generation_signal""], ""review_count"": [""detail_page: (7)""], ""bestseller_rank"": [""Amazon 売れ筋ランキング 家電＆カメラ - 37,137位 ( 家電＆カメラの売れ筋ランキングを見る ) プリペイドSIMカード - 405位""], ""title"": [""【中国本土・香港eSIM】1日間完全無制限（使い放題） LINE相談受付中｜データ通信専用（電話番号なし） | simフリー端末のみ対応 説明書付 イーシム simless""], ""network_generation_inferred"": [""no_medium_generation_signal""]}"
amazon_jp,hk,【中国 sim】中国本土・香港・マカオ対応｜10日間 10GB高速データ＋低速無制限｜プリペイドSIMカード｜契約・本人確認不要・Google/LINE/YouTube利用可｜中国simカード,1380,12,,,,,499,10일,10일,10일,roaming,unknown,unknown,low,"{""cmhk"": null, ""csl"": null, ""smartone"": null, ""three_hk"": true}","{""skt"": null, ""kt"": null, ""lgu"": null}",10GB,https://www.amazon.co.jp/sim%E3%80%91%E4%B8%AD%E5%9B%BD%E6%9C%AC%E5%9C%9F%E3%83%BB%E9%A6%99%E6%B8%AF%E3%83%BB%E3%83%9E%E3%82%AB%E3%82%AA%E5%AF%BE%E5%BF%9C%EF%BD%9C10%E6%97%A5%E9%96%93-10GB%E9%AB%98%E9%80%9F%E3%83%87%E3%83%BC%E3%82%BF%EF%BC%8B%E4%BD%8E%E9%80%9F%E7%84%A1%E5%88%B6%E9%99%90%EF%BD%9C%E3%83%97%E3%83%AA%E3%83%9A%E3%82%A4%E3%83%89SIM%E3%82%AB%E3%83%BC%E3%83%89%EF%BD%9C%E5%AE%9F%E5%90%8D%E7%99%BB%E9%8C%B2%E4%B8%8D%E8%A6%81%E3%83%BBGoogle-LINE-YouTube%E5%88%A9%E7%94%A8%E5%8F%AF%EF%BD%9C24%E6%99%82%E9%96%93%E5%A4%9A%E8%A8%80%E8%AA%9E%E3%82%B5%E3%83%9D%E3%83%BC%E3%83%88-10%E6%97%A5%E9%96%93%EF%BD%9C10GB/dp/B0FTLZZCKV,B0FTLZZCKV,B0FTLZZCKV,Global eSIMshop,ブランド: PLUG TO GO,"{""price_jpy"": [""￥1,380""], ""usage_validity"": [""【中国 sim】中国本土・香港・マカオ対応｜10日間 10GB高速データ＋低速無制限｜プリペイドSIMカード｜契約・本人確認不要・Google/LINE/YouTube利用可｜中国simカード""], ""activation_validity"": [""【高速データ】 データ通信専用プリペイドSIM。中国大陸・香港・マカオで利用可能。利用開始から10日間で合計10GBの高速データ通信が利用できます。10GBを超過した場合も、最大128kbpsの低速通信が無制限でご利用可能。本人確認やSIM登録は不要です。 【中国ネット規制なし】 中国本土では香港回線をローミング利用するため、中国政府のネット規制対象外。Go""], ""data_amount"": [""【高速データ】 データ通信専用プリペイドSIM。中国大陸・香港・マカオで利用可能。利用開始から10日間で合計10GBの高速データ通信が利用できます。10GBを超過した場合も、最大128kbpsの低速通信が無制限でご利用可能。本人確認やSIM登録は不要です。""], ""network_type"": [""【中国ネット規制なし】 中国本土では香港回線をローミング利用するため、中国政府のネット規制対象外。Google、LINE、Facebook、Twitter、YouTube、Instagramなど主要サービスがVPN不要でそのままご利用いただけます。"", ""【高速データ】 データ通信専用プリペイドSIM。中国大陸・香港・マカオで利用可能。利用開始から10日間で合計10GBの高速データ通信が利用できます。10GBを超過した場合も、最大128kbpsの低速通信が無制限でご利用可能。本人確認やSIM登録は不要です。 【中国ネット規制なし】 中国本土では香港回線をローミング利用するため、中国政府のネット規制対象外。Go"", ""score: local=0, roaming=5""], ""network_generation"": [""fallback_5g: network_generation: strong_5g: source:product_details: 携帯電話技術 5G/4G"", ""fallback_4g_lte: network_generation: strong_5g: source:product_details: 携帯電話技術 5G/4G"", ""fallback_only_network_generation_signal""], ""carrier_support_local"": [""3HK: 【対応端末】SIMフリー／SIMロック解除済みスマートフォン専用。タブレット・PC・Wi-Fiルーターではご利用いただけません。標準／micro／nano SIMサイズに対応。 キャリア：中国：中国電信（China Telecom）／香港：3HK／マカオ：CTM。"", ""3HK: 【高速データ】 データ通信専用プリペイドSIM。中国大陸・香港・マカオで利用可能。利用開始から10日間で合計10GBの高速データ通信が利用できます。10GBを超過した場合も、最大128kbpsの低速通信が無制限でご利用可能。本人確認やSIM登録は不要です。 【中国ネット規制なし】 中国本土では香港回"", ""3HK: サービスプロバイダ China Telecom/3HK/CTM"", ""3HK: Amazon.co.jp: 【中国 sim】中国本土・香港・マカオ対応｜10日間 10GB高速データ＋低速無制限｜プリペイドSIMカード｜契約・本人確認不要・Google/LINE/YouTube利用可｜中国simカード : 家電＆カメラ 次に移動 メインコンテンツ この商品について この商品につい""], ""review_count"": [""detail_page: (12)""], ""bestseller_rank"": [""Amazon 売れ筋ランキング 家電＆カメラ - 45,963位 ( 家電＆カメラの売れ筋ランキングを見る ) プリペイドSIMカード - 499位""], ""title"": [""【中国 sim】中国本土・香港・マカオ対応｜10日間 10GB高速データ＋低速無制限｜プリペイドSIMカード｜契約・本人確認不要・Google/LINE/YouTube利用可｜中国simカード""], ""network_generation_inferred"": [""no_medium_generation_signal""]}"
amazon_jp,hk,アジア10ヵ国周遊SIM 利用期間8日データ容量6GB データ通信 プリペイドSIM ローミングSIM 利用国：インドネシア、韓国、シンガポール、タイ、中国、日本、ベトナム、香港、マカオ、マレーシア,1880,7,,,50,,86,1일,1일,8일,roaming,unknown,unknown,low,"{""cmhk"": null, ""csl"": null, ""smartone"": null, ""three_hk"": null}","{""skt"": null, ""kt"": null, ""lgu"": null}",6GB,https://www.amazon.co.jp/%E3%82%A2%E3%82%B8%E3%82%A210%E3%83%B5%E5%9B%BD%E5%91%A8%E9%81%8ASIM-%E5%88%A9%E7%94%A8%E6%9C%9F%E9%96%938%E6%97%A5%E3%83%87%E3%83%BC%E3%82%BF%E5%AE%B9%E9%87%8F6GB-%E3%83%97%E3%83%AA%E3%83%9A%E3%82%A4%E3%83%89SIM-%E3%83%AD%E3%83%BC%E3%83%9F%E3%83%B3%E3%82%B0SIM-%E5%88%A9%E7%94%A8%E5%9B%BD%EF%BC%9A%E3%82%A4%E3%83%B3%E3%83%89%E3%83%8D%E3%82%B7%E3%82%A2%E3%80%81%E9%9F%93%E5%9B%BD%E3%80%81%E3%82%B7%E3%83%B3%E3%82%AC%E3%83%9D%E3%83%BC%E3%83%AB%E3%80%81%E3%82%BF%E3%82%A4%E3%80%81%E4%B8%AD%E5%9B%BD%E3%80%81%E6%97%A5%E6%9C%AC%E3%80%81%E3%83%99%E3%83%88%E3%83%8A%E3%83%A0%E3%80%81%E9%A6%99%E6%B8%AF%E3%80%81%E3%83%9E%E3%82%AB%E3%82%AA%E3%80%81%E3%83%9E%E3%83%AC%E3%83%BC%E3%82%B7%E3%82%A2/dp/B0G39ZT22N,B0G39ZT22N,B0G39ZT22N,ブランド: Wise SIM,ブランド: Wise SIM,"{""price_jpy"": [""価格 ￥1,880 ￥1,299 ￥1,880 ￥1,380 ￥2,780""], ""usage_validity"": [""■利用期間：台湾の通信会社が発行しているSIMの為、台湾時間を基準として電波を受信後8日(日数カウント) 例えば台湾の23時に利用開始した場合、1時間で1日分としてカウントされますのでご留意ください。 ※延長・チャージは出来ません。""], ""activation_validity"": [""アジア10ヵ国周遊SIM 利用期間8日データ容量6GB データ通信 プリペイドSIM ローミングSIM 利用国：インドネシア、韓国、シンガポール、タイ、中国、日本、ベトナム、香港、マカオ、マレーシア""], ""data_amount"": [""【データ容量】 高速データ通信が6GB利用可能です。 ※上限後128kbpsへ速度低下となりますが期限迄は止まる事無く通信利用が可能です。""], ""network_type"": [""アジア10ヵ国周遊SIM 利用期間8日データ容量6GB データ通信 プリペイドSIM ローミングSIM 利用国：インドネシア、韓国、シンガポール、タイ、中国、日本、ベトナム、香港、マカオ、マレーシア"", ""Amazon.co.jp: アジア10ヵ国周遊SIM 利用期間8日データ容量6GB データ通信 プリペイドSIM ローミングSIM 利用国：インドネシア、韓国、シンガポール、タイ、中国、日本、ベトナム、香港、マカオ、マレーシア : 家電＆カメラ"", ""score: local=0, roaming=15""], ""network_generation"": [""fallback_5g: network_generation: fallback_5g: source:image_alt: 【東南アジアeSIM】7日間7GB｜11地域対応（シンガポール,タイ,マレーシア,インドネシア,ベトナム,台湾・香港・マカオ,韓国,オーストラリア,ニュージーランド）｜5G/4G対応 高速データ通信｜即日メール配信 ｜使用ガイド付き｜テザリング対応｜365日"", ""fallback_4g_lte: network_generation: strong_4g_lte: source:product_details: 携帯電話技術 4G/LTE"", ""fallback_only_network_generation_signal""], ""monthly_sold_count"": [""search_result_fallback: 50""], ""review_count"": [""detail_page: (7)""], ""bestseller_rank"": [""Amazon 売れ筋ランキング 家電＆カメラ - 8,263位 ( 家電＆カメラの売れ筋ランキングを見る ) プリペイドSIMカード - 86位""], ""title"": [""アジア10ヵ国周遊SIM 利用期間8日データ容量6GB データ通信 プリペイドSIM ローミングSIM 利用国：インドネシア、韓国、シンガポール、タイ、中国、日本、ベトナム、香港、マカオ、マレーシア""], ""network_generation_inferred"": [""no_medium_generation_signal""]}"
amazon_jp,hk,中国eSIM｜中国本土・香港・マカオ対応｜3日間 高速データ無制限｜VPN付き LINE・YouTube・Google利用可｜4G/5G 即日発行可能（eSIM | 3日間）,1580,39,,,,,155,1일,1일,3일,unknown,5g_capable,5g_capable,high,"{""cmhk"": null, ""csl"": true, ""smartone"": true, ""three_hk"": null}","{""skt"": null, ""kt"": null, ""lgu"": null}",unlimited,https://www.amazon.co.jp/%E4%B8%AD%E5%9B%BDeSIM%EF%BD%9C%E4%B8%AD%E5%9B%BD%E6%9C%AC%E5%9C%9F%E3%83%BB%E9%A6%99%E6%B8%AF%E3%83%BB%E3%83%9E%E3%82%AB%E3%82%AA%E5%AF%BE%E5%BF%9C%EF%BD%9C3%E6%97%A5%E9%96%93-%E9%AB%98%E9%80%9F%E3%83%87%E3%83%BC%E3%82%BF%E7%84%A1%E5%88%B6%E9%99%90%EF%BD%9CVPN%E4%BB%98%E3%81%8D-LINE%E3%83%BBYouTube%E3%83%BBGoogle%E5%88%A9%E7%94%A8%E5%8F%AF%EF%BD%9C4G-%E5%8D%B3%E6%97%A5%E7%99%BA%E8%A1%8C%E5%8F%AF%E8%83%BD%EF%BC%88eSIM-3%E6%97%A5%E9%96%93%EF%BC%89/dp/B0CXXDZ5DW,B0CXXDZ5DW,B0CXXDZ5DW,mewmewホーム eSIM,ＭＥＷＭＥＷホームのストアを表示,"{""price_jpy"": [""￥1,580""], ""usage_validity"": [""【有効期限】eSIMのQRコード発行日より90日間です。期限内に利用を開始してください。なお、利用日数は24時間を1日として計算されます。""], ""activation_validity"": [""中国eSIM｜中国本土・香港・マカオ対応｜3日間 高速データ無制限｜VPN付き LINE・YouTube・Google利用可｜4G/5G 即日発行可能（eSIM | 3日間）""], ""data_amount"": [""【無制限・高速データ通信】中国本土・マカオ：中華電信 香港：CSL 5G /4G/LTEに対応し、高速データ通信は完全無制限となります。""], ""network_type"": [""local_signal: 【チョコSIM 定額（Sプラン）】【中国の電話番号付きでアプリや施設サービスのSMS認証が可能】【データ容量】合計500MB/月【音声】合計20分間/月 データ/音声/SMS付きSIMカード 中国SIM マカオSIM China unicom ※こちらのSIMカードは契約後、毎月の基本料が発生いたします。※2024年11月1日から台湾でのご利用はできなくなり"", ""roaming_signal: 【設定簡単】日本国内で事前にeSIMの設定が可能です。現地に到着後、モバイルデータ通信をeSIMに切り替え、データローミングをオンにするだけで利用可能。"", ""insufficient_or_conflicting_signals(local=6, roaming=4)""], ""network_generation"": [""strong_5g: title: 中国eSIM｜中国本土・香港・マカオ対応｜3日間 高速データ無制限｜VPN付き LINE・YouTube・Google利用可｜4G/5G 即日発行可能（eSIM | 3日間）"", ""strong_5g: title: 中国eSIM｜中国本土・香港・マカオ対応｜3日間 高速データ無制限｜VPN付き LINE・YouTube・Google利用可｜4G/5G 即日発行可能（eSIM | 3日間）""], ""carrier_support_local"": [""CSL: 【無制限・高速データ通信】中国本土・マカオ：中華電信 香港：CSL 5G /4G/LTEに対応し、高速データ通信は完全無制限となります。"", ""SmarTone: サービスプロバイダ SmarTone, HKT, 5HK, CTM""], ""review_count"": [""detail_page: (39)""], ""bestseller_rank"": [""Amazon 売れ筋ランキング 家電＆カメラ - 13,449位 ( 家電＆カメラの売れ筋ランキングを見る ) プリペイドSIMカード - 155位""], ""title"": [""中国eSIM｜中国本土・香港・マカオ対応｜3日間 高速データ無制限｜VPN付き LINE・YouTube・Google利用可｜4G/5G 即日発行可能（eSIM | 3日間）""], ""network_generation_inferred"": [""strong_5g: title: 中国eSIM｜中国本土・香港・マカオ対応｜3日間 高速データ無制限｜VPN付き LINE・YouTube・Google利用可｜4G/5G 即日発行可能（eSIM | 3日間）"", ""strong_5g: title: 中国eSIM｜中国本土・香港・マカオ対応｜3日間 高速データ無制限｜VPN付き LINE・YouTube・Google利用可｜4G/5G 即日発行可能（eSIM | 3日間）""]}"
amazon_jp,hk,【中国 香港 eSIM】大容量 2GB/日・高速データ 低速無制限 即日発行可能 China Unicom/3HK キャリア 4G-LTE対応 データ通信専用 中国・ 香港 プリペイド simカード (1日間),680,15,,,,,1115,1일,1일,30일,unknown,lte_4g_only,lte_4g_only,high,"{""cmhk"": null, ""csl"": null, ""smartone"": null, ""three_hk"": true}","{""skt"": null, ""kt"": null, ""lgu"": null}",unlimited,https://www.amazon.co.jp/eSIM%E3%80%91%E5%A4%A7%E5%AE%B9%E9%87%8F-%E6%97%A5%E3%83%BB%E9%AB%98%E9%80%9F%E3%83%87%E3%83%BC%E3%82%BF-4G-LTE%E5%AF%BE%E5%BF%9C-%E3%83%87%E3%83%BC%E3%82%BF%E9%80%9A%E4%BF%A1%E5%B0%82%E7%94%A8-1%E6%97%A5%E9%96%93/dp/B0D78YFGCP,B0D78YFGCP,B0D78YFGCP,Global Simcard,アーモンド　ＳＩｍ　ｃａｒｄのストアを表示,"{""price_jpy"": [""￥680""], ""usage_validity"": [""【中国 香港 eSIM】大容量 2GB/日・高速データ 低速無制限 即日発行可能 China Unicom/3HK キャリア 4G-LTE対応 データ通信専用 中国・ 香港 プリペイド simカード (1日間)""], ""activation_validity"": [""【有効期限】メールで納品後、30日以内にご利用ください""], ""data_amount"": [""【大容量プラン】通信専用のeSIMですデータは無制限ですが、1日の使用量が2GBに達すると通信速度が最大256Kbpsに制限されます制限は現地時間の翌日0時に解除されます現地時間の00:00-23：59区切りで、カウントされます""], ""network_type"": [""local_signal: 【チョコSIM 定額（Sプラン）】【中国の電話番号付きでアプリや施設サービスのSMS認証が可能】【データ容量】合計500MB/月【音声】合計20分間/月 データ/音声/SMS付きSIMカード 中国SIM マカオSIM China unicom ※こちらのSIMカードは契約後、毎月の基本料が発生いたします。※2024年11月1日から台湾でのご利用はできなくなり"", ""roaming_signal: 【中国ネット制限なし】中国本土での利用の場合はローミング接続を行いますこれにより中国政府のネット規制対象外となり、Google、Facebook、Twitter、Instagram等に接続可能です"", ""insufficient_or_conflicting_signals(local=6, roaming=4)""], ""network_generation"": [""strong_4g_lte: title: 【中国 香港 eSIM】大容量 2GB/日・高速データ 低速無制限 即日発行可能 China Unicom/3HK キャリア 4G-LTE対応 データ通信専用 中国・ 香港 プリペイド simカード (1日間)"", ""strong_4g_lte: title: 【中国 香港 eSIM】大容量 2GB/日・高速データ 低速無制限 即日発行可能 China Unicom/3HK キャリア 4G-LTE対応 データ通信専用 中国・ 香港 プリペイド simカード (1日間)""], ""carrier_support_local"": [""3HK: 【キャリア】 中国：China Telecom 香港：3HK データ通信専用eSIMになります"", ""3HK: 【eSIM取得方法】ご購入後、://jp..mewfi/esim にアクセスし必要事項を入力➡メールアドレスには、説明書のPDFと設定用のQRコードが届きます 🔺お急ぎの方は、お支払い完了後にカスタマーサポート（LINE ID: @014hhnww）にご連絡ください通常、当日中にQRコードを発行でき"", ""3HK: サービスプロバイダ China Unicom/3HK"", ""3HK: Amazon.co.jp: 【中国 香港 eSIM】大容量 2GB/日・高速データ 低速無制限 即日発行可能 China Unicom/3HK キャリア 4G-LTE対応 データ通信専用 中国・ 香港 プリペイド simカード (1日間) : 家電＆カメラ"", ""3HK: 【中国 香港 eSIM】大容量 2GB/日・高速データ 低速無制限 即日発行可能 China Unicom/3HK キャリア 4G-LTE対応 データ通信専用 中国・ 香港 プリペイド simカード (1日間)"", ""3HK: 【中国 香港 eSIM】大容量 2GB/日・高速データ 低速無制限 即日発行可能 China Unicom/3HK キャリア 4G-LTE対応 データ通信専用 中国・ 香港 プリペイド simカード (1日間)"", ""3HK: 【中国 香港 eSIM】大容量 2GB/日・高速データ 低速無制限 即日発行可能 China Unicom/3HK キャリア 4G-LTE対応 データ通信専用 中国・ 香港 プリペイド simカード (1日間)"", ""3HK: Amazon.co.jp: 【中国 香港 eSIM】大容量 2GB/日・高速データ 低速無制限 即日発行可能 China Unicom/3HK キャリア 4G-LTE対応 データ通信専用 中国・ 香港 プリペイド simカード (1日間) : 家電＆カメラ 次に移動 メインコンテンツ この商品につい""], ""review_count"": [""detail_page: (15)""], ""bestseller_rank"": [""Amazon 売れ筋ランキング 家電＆カメラ - 130,612位 ( 家電＆カメラの売れ筋ランキングを見る ) プリペイドSIMカード - 1,115位""], ""title"": [""【中国 香港 eSIM】大容量 2GB/日・高速データ 低速無制限 即日発行可能 China Unicom/3HK キャリア 4G-LTE対応 データ通信専用 中国・ 香港 プリペイド simカード (1日間)""], ""network_generation_inferred"": [""strong_4g_lte: title: 【中国 香港 eSIM】大容量 2GB/日・高速データ 低速無制限 即日発行可能 China Unicom/3HK キャリア 4G-LTE対応 データ通信専用 中国・ 香港 プリペイド simカード (1日間)"", ""strong_4g_lte: title: 【中国 香港 eSIM】大容量 2GB/日・高速データ 低速無制限 即日発行可能 China Unicom/3HK キャリア 4G-LTE対応 データ通信専用 中国・ 香港 プリペイド simカード (1日間)""]}"
amazon_jp,hk,【中国 香港 マカオSIM】4日間 高速データ無制限使い放題 本人確認不要 TikTok利用可能 データ通信専用 (電話番号なし) 4G／5G対応 プリペイドSIMカード 中国 SIM 香港 SIM mewfi,1780,41,,,,,437,1일,1일,4일,unknown,5g_capable,5g_capable,high,"{""cmhk"": null, ""csl"": null, ""smartone"": null, ""three_hk"": null}","{""skt"": null, ""kt"": null, ""lgu"": null}",unlimited,https://www.amazon.co.jp/%E3%83%9E%E3%82%AB%E3%82%AASIM%E3%80%914%E6%97%A5%E9%96%93-%E9%AB%98%E9%80%9F%E3%83%87%E3%83%BC%E3%82%BF%E7%84%A1%E5%88%B6%E9%99%90%E4%BD%BF%E3%81%84%E6%94%BE%E9%A1%8C-TikTok%E5%88%A9%E7%94%A8%E5%8F%AF%E8%83%BD-%E3%83%97%E3%83%AA%E3%83%9A%E3%82%A4%E3%83%89SIM%E3%82%AB%E3%83%BC%E3%83%89-mewfi/dp/B0FN3ZL8HQ,B0FN3ZL8HQ,B0FN3ZL8HQ,Mewfi 正規販売店,mewfiのストアを表示,"{""price_jpy"": [""￥1,780""], ""usage_validity"": [""【有効期限】本SIMカードの有効期限は2026年12月31日まで（定期的に更新）です。現地ネットワークに接続した時点から24時間を1日としてカウントされます。""], ""activation_validity"": [""【中国 香港 マカオSIM】4日間 高速データ無制限使い放題 本人確認不要 TikTok利用可能 データ通信専用 (電話番号なし) 4G／5G対応 プリペイドSIMカード 中国 SIM 香港 SIM mewfi""], ""data_amount"": [""【高速データ通信】中国・香港・マカオ全域で高速データ通信が無制限にご利用いただけます。面倒な契約や本人確認は一切不要です。""], ""network_type"": [""local_signal: 【ベトナムSIMカード】4日間 高速データ通信 無制限(速度低下なし) データ通信専用 4G/5G対応 ベトナム現地通信回線 mewfi"", ""roaming_signal: 【ご利用方法】ご利用前に簡単な予約手続きを行うだけでOK。現地に到着後、SIMカードを挿入し、ローミングを有効にすれば自動的にインターネットに接続されます。"", ""insufficient_or_conflicting_signals(local=9, roaming=3)""], ""network_generation"": [""strong_5g: title: 【中国 香港 マカオSIM】4日間 高速データ無制限使い放題 本人確認不要 TikTok利用可能 データ通信専用 (電話番号なし) 4G／5G対応 プリペイドSIMカード 中国 SIM 香港 SIM mewfi"", ""strong_5g: title: 【中国 香港 マカオSIM】4日間 高速データ無制限使い放題 本人確認不要 TikTok利用可能 データ通信専用 (電話番号なし) 4G／5G対応 プリペイドSIMカード 中国 SIM 香港 SIM mewfi""], ""review_count"": [""detail_page: (41)""], ""bestseller_rank"": [""Amazon 売れ筋ランキング 家電＆カメラ - 39,982位 ( 家電＆カメラの売れ筋ランキングを見る ) プリペイドSIMカード - 437位""], ""title"": [""【中国 香港 マカオSIM】4日間 高速データ無制限使い放題 本人確認不要 TikTok利用可能 データ通信専用 (電話番号なし) 4G／5G対応 プリペイドSIMカード 中国 SIM 香港 SIM mewfi""], ""network_generation_inferred"": [""strong_5g: title: 【中国 香港 マカオSIM】4日間 高速データ無制限使い放題 本人確認不要 TikTok利用可能 データ通信専用 (電話番号なし) 4G／5G対応 プリペイドSIMカード 中国 SIM 香港 SIM mewfi"", ""strong_5g: title: 【中国 香港 マカオSIM】4日間 高速データ無制限使い放題 本人確認不要 TikTok利用可能 データ通信専用 (電話番号なし) 4G／5G対応 プリペイドSIMカード 中国 SIM 香港 SIM mewfi""]}"
amazon_jp,hk,【香港・マカオeSIM】1日間完全無制限（使い放題） LINE相談受付中｜データ通信専用（電話番号なし） | simフリー端末のみ対応 説明書付 イーシム simless,960,24,,,,,154,1일,1일,4일,local,unknown,lte_4g_only,medium,"{""cmhk"": null, ""csl"": null, ""smartone"": null, ""three_hk"": true}","{""skt"": null, ""kt"": null, ""lgu"": null}",unlimited,https://www.amazon.co.jp/%E3%80%90%E9%A6%99%E6%B8%AF%E3%83%BB%E3%83%9E%E3%82%AB%E3%82%AAeSIM%E3%80%911%E6%97%A5%E9%96%93%E5%AE%8C%E5%85%A8%E7%84%A1%E5%88%B6%E9%99%90%EF%BC%88%E4%BD%BF%E3%81%84%E6%94%BE%E9%A1%8C%EF%BC%89-LINE%E7%9B%B8%E8%AB%87%E5%8F%97%E4%BB%98%E4%B8%AD%EF%BD%9C%E3%83%87%E3%83%BC%E3%82%BF%E9%80%9A%E4%BF%A1%E5%B0%82%E7%94%A8%EF%BC%88%E9%9B%BB%E8%A9%B1%E7%95%AA%E5%8F%B7%E3%81%AA%E3%81%97%EF%BC%89-sim%E3%83%95%E3%83%AA%E3%83%BC%E7%AB%AF%E6%9C%AB%E3%81%AE%E3%81%BF%E5%AF%BE%E5%BF%9C-%E8%AA%AC%E6%98%8E%E6%9B%B8%E4%BB%98-simless/dp/B0DV5P21HB,B0DV5P21HB,B0DV5P21HB,DeSiM,DeSiMのストアを表示,"{""price_jpy"": [""￥960""], ""usage_validity"": [""【香港・マカオeSIM】1日間完全無制限（使い放題） LINE相談受付中｜データ通信専用（電話番号なし） | simフリー端末のみ対応 説明書付 イーシム simless""], ""activation_validity"": [""【タイeSIM】 4日間 (96時間) データ通信無制限 お急ぎの方即日対応(LINE相談受付中) 有効期限 / ご購入日より90日以内 タイSIMカードタイプではありません バンコク""], ""data_amount"": [""商品の説明 購入前の注意事項 【注意事項】 注意事項①：電話番号は付与されませんので、ご注意ください。 注意事項②：SIMロックフリー端末、もしくはSIMフリー端末専用のサービスです。必ず、ご利用端末がeSIM対応かどうかご確認ください。 注意事項③：2021年10月1日以前にSIMロック解除をキャリア店頭またはインターネットでされた「Android端末」は""], ""network_type"": [""商品の説明 購入前の注意事項 【注意事項】 注意事項①：電話番号は付与されませんので、ご注意ください。 注意事項②：SIMロックフリー端末、もしくはSIMフリー端末専用のサービスです。必ず、ご利用端末がeSIM対応かどうかご確認ください。 注意事項③：2021年10月1日以前にSIMロック解除をキャリア店頭またはインターネットでされた「Android端末」は"", ""【ベトナムeSIM】 7日間 高速データ無制限 電話番号付き 通話・SMS受信のみ可能 お急ぎの方即日対応(LINE相談受付中) 有効期限 / ご購入日より30日以内 ベトナムSIMカードタイプではありません"", ""score: local=12, roaming=1""], ""network_generation"": [""fallback_5g: network_generation: fallback_5g: source:image_alt: 【香港・マカオ eSIM】7日間 0.5GB/毎日（六泊七日 コスパ重視） DeSiM正規卸 | LINE相談受付中 | データ通信専用（電話番号なし） | simフリー端末のみ対応 説明書付 イーシム DeSiM"", ""fallback_4g_lte: network_generation: strong_4g_lte: source:feature_bullets: 🎯【4G / LTE高速通信】高速インターネット通信可能！旅行や出張先でもスムーズな接続をサポート✈️"", ""fallback_only_network_generation_signal""], ""carrier_support_local"": [""3HK: 【中国 香港 eSIM】大容量 2GB/日・高速データ 低速無制限 即日発行可能 China Unicom/3HK キャリア 4G-LTE対応 データ通信専用 中国・ 香港 プリペイド simカード (1日間)""], ""review_count"": [""detail_page: (24)""], ""bestseller_rank"": [""Amazon 売れ筋ランキング 家電＆カメラ - 13,382位 ( 家電＆カメラの売れ筋ランキングを見る ) プリペイドSIMカード - 154位""], ""title"": [""【香港・マカオeSIM】1日間完全無制限（使い放題） LINE相談受付中｜データ通信専用（電話番号なし） | simフリー端末のみ対応 説明書付 イーシム simless""], ""network_generation_inferred"": [""carrier_support_local: 3HK: 【中国 香港 eSIM】大容量 2GB/日・高速データ 低速無制限 即日発行可能 China Unicom/3HK キャリア 4G-LTE対応 データ通信専用 中国・ 香港 プリペイド simカード (1日間)""]}"
amazon_jp,hk,香港・マカオ eSIM 3日間 (72時間) 無制限データ｜公式キャリア回線｜本人確認不要｜5G/4G 高速通信｜プリペイドeSIM 香港eSIM マカオeSIM (3日間),1280,17,,,,,710,1일,1일,3일,unknown,5g_capable,5g_capable,high,"{""cmhk"": null, ""csl"": null, ""smartone"": null, ""three_hk"": null}","{""skt"": null, ""kt"": null, ""lgu"": null}",unlimited,https://www.amazon.co.jp/%E9%A6%99%E6%B8%AF%E3%83%BB%E3%83%9E%E3%82%AB%E3%82%AA-%E7%84%A1%E5%88%B6%E9%99%90%E3%83%87%E3%83%BC%E3%82%BF%EF%BD%9C%E5%85%AC%E5%BC%8F%E3%82%AD%E3%83%A3%E3%83%AA%E3%82%A2%E5%9B%9E%E7%B7%9A%EF%BD%9C%E6%9C%AC%E4%BA%BA%E7%A2%BA%E8%AA%8D%E4%B8%8D%E8%A6%81%EF%BD%9C5G-%E9%AB%98%E9%80%9F%E9%80%9A%E4%BF%A1%EF%BD%9C%E3%83%97%E3%83%AA%E3%83%9A%E3%82%A4%E3%83%89eSIM-%E9%A6%99%E6%B8%AFeSIM-%E3%83%9E%E3%82%AB%E3%82%AAeSIM/dp/B0GSTC5TNG,B0GSTC5TNG,B0GSTC5TNG,mewmewホーム eSIM,ＭＥＷＭＥＷホームのストアを表示,"{""price_jpy"": [""￥1,280""], ""usage_validity"": [""【有効期限】QRコードは90日以内に有効です。日本国内でQRコードをスキャンして事前設定が可能。プランの日数は、24時間を1日としてカウントされます。""], ""activation_validity"": [""香港・マカオ eSIM 3日間 (72時間) 無制限データ｜公式キャリア回線｜本人確認不要｜5G/4G 高速通信｜プリペイドeSIM 香港eSIM マカオeSIM (3日間)""], ""data_amount"": [""【データ通信無制限】香港/マカオで利用可能なデータ通信専用のプリペイドeSIMです。現地大手キャリア回線を利用しており、広いエリアで安定した高速データ通信をご利用いただけます。高速データ通信は無制限、本人確認不要。旅行・短期滞在・ビジネス出張など、さまざまなシーンにおすすめのeSIMです。""], ""network_type"": [""roaming_signal: トラベルコネクト 4G/5G 香港SIMカード - 5日間、毎日1GBの高速データ、通話やSMSなし | 観光客やビジネス旅行者、ローミング向けのプリペイド旅行SIM"", ""insufficient_or_conflicting_signals(local=0, roaming=1)""], ""network_generation"": [""strong_5g: title: 香港・マカオ eSIM 3日間 (72時間) 無制限データ｜公式キャリア回線｜本人確認不要｜5G/4G 高速通信｜プリペイドeSIM 香港eSIM マカオeSIM (3日間)"", ""strong_5g: title: 香港・マカオ eSIM 3日間 (72時間) 無制限データ｜公式キャリア回線｜本人確認不要｜5G/4G 高速通信｜プリペイドeSIM 香港eSIM マカオeSIM (3日間)""], ""review_count"": [""detail_page: (17)""], ""bestseller_rank"": [""Amazon 売れ筋ランキング 家電＆カメラ - 73,355位 ( 家電＆カメラの売れ筋ランキングを見る ) プリペイドSIMカード - 710位""], ""title"": [""香港・マカオ eSIM 3日間 (72時間) 無制限データ｜公式キャリア回線｜本人確認不要｜5G/4G 高速通信｜プリペイドeSIM 香港eSIM マカオeSIM (3日間)""], ""network_generation_inferred"": [""strong_5g: title: 香港・マカオ eSIM 3日間 (72時間) 無制限データ｜公式キャリア回線｜本人確認不要｜5G/4G 高速通信｜プリペイドeSIM 香港eSIM マカオeSIM (3日間)"", ""strong_5g: title: 香港・マカオ eSIM 3日間 (72時間) 無制限データ｜公式キャリア回線｜本人確認不要｜5G/4G 高速通信｜プリペイドeSIM 香港eSIM マカオeSIM (3日間)""]}"
amazon_jp,hk,【Almond SIM】中国本土 simcard 4日間 高速データ通信 完全無制限 香港 マカオにも利用可能 1-30日間選択可能 中国ネット規制対象外 中国でもGoogle、LINE、YouTubeなど利用可能 24時間安心サポート 5G 4G-LTE対応 プリペイド SIMカード China simカード (4日間/無制限),1880,29,,,,,749,3일,3일,4일,unknown,5g_capable,5g_capable,high,"{""cmhk"": null, ""csl"": null, ""smartone"": null, ""three_hk"": true}","{""skt"": null, ""kt"": null, ""lgu"": null}",unlimited,https://www.amazon.co.jp/4%E6%97%A5%E9%96%93-1-30%E6%97%A5%E9%96%93%E9%81%B8%E6%8A%9E%E5%8F%AF%E8%83%BD-%E4%B8%AD%E5%9B%BD%E3%83%8D%E3%83%83%E3%83%88%E8%A6%8F%E5%88%B6%E5%AF%BE%E8%B1%A1%E5%A4%96-%E4%B8%AD%E5%9B%BD%E3%81%A7%E3%82%82Google%E3%80%81LINE%E3%80%81YouTube%E3%81%AA%E3%81%A9%E5%88%A9%E7%94%A8%E5%8F%AF%E8%83%BD-%E7%84%A1%E5%88%B6%E9%99%90/dp/B0FMQQRC3N,B0FMQQRC3N,B0FMQQRC3N,株式会社ビッグコネクト,bigconnectのストアを表示,"{""price_jpy"": [""￥1,880""], ""usage_validity"": [""【SKTelecoｍ公式認証】 韓国eSIM 3日間 (72時間) 電話番号付き 超高速データ無制限 最初の5分発信無料(韓国国内) お急ぎの方即時発行可(LINE相談受付中) 有効期限／ご購入日より120日以内 現地空港サポート(SKTelecomローミングセンター) SKテレコム正規品 韓国SIMカードタイプではありません""], ""activation_validity"": [""【Almond SIM】中国本土 simcard 4日間 高速データ通信 完全無制限 香港 マカオにも利用可能 1-30日間選択可能 中国ネット規制対象外 中国でもGoogle、LINE、YouTubeなど利用可能 24時間安心サポート 5G 4G-LTE対応 プリペイド SIMカード China simカード (4日間/無制限)""], ""data_amount"": [""【データプラン】データ通信専用のSIMです。※高速データ容量は無制限。完全使い放題プラン、中国ネット規制対象外 中国でもGoogle、LINE、YouTubeなどVPNなしで利用可能、本人確認やSIMカード認証は不要で、1-30日間選択可能。""], ""network_type"": [""local_signal: 【SKTelecoｍ公式認証】 韓国eSIM 3日間 (72時間) 電話番号付き 超高速データ無制限 最初の5分発信無料(韓国国内) お急ぎの方即時発行可(LINE相談受付中) 有効期限／ご購入日より120日以内 現地空港サポート(SKTelecomローミングセンター) SKテレコム正規品 韓国SIMカードタイプではありません"", ""roaming_signal: 【中国ネット制限なし】中国本土での利用の場合は香港ローミング接続を行います。これにより中国政府のネット規制対象外となり、Google、Facebook、Twitter、Instagram等に接続可能です。中華圏渡航スケジュールに対応する手軽なプリペイドSIMカード。キャリア：中国：China Telecom 香港：3HK マカオ: CTM。"", ""insufficient_or_conflicting_signals(local=3, roaming=2)""], ""network_generation"": [""strong_5g: title: 【Almond SIM】中国本土 simcard 4日間 高速データ通信 完全無制限 香港 マカオにも利用可能 1-30日間選択可能 中国ネット規制対象外 中国でもGoogle、LINE、YouTubeなど利用可能 24時間安心サポート 5G 4G-LTE対応 プリペイド SIMカード China simカード (4日間/無制限)"", ""strong_5g: title: 【Almond SIM】中国本土 simcard 4日間 高速データ通信 完全無制限 香港 マカオにも利用可能 1-30日間選択可能 中国ネット規制対象外 中国でもGoogle、LINE、YouTubeなど利用可能 24時間安心サポート 5G 4G-LTE対応 プリペイド SIMカード China simカード (4日間/無制限)"", ""4g_lte_signal_present_but_5g_capable_takes_precedence""], ""carrier_support_local"": [""3HK: 【中国ネット制限なし】中国本土での利用の場合は香港ローミング接続を行います。これにより中国政府のネット規制対象外となり、Google、Facebook、Twitter、Instagram等に接続可能です。中華圏渡航スケジュールに対応する手軽なプリペイドSIMカード。キャリア：中国：China Tel"", ""3HK: サービスプロバイダ 中国：China Telecom 香港：3HK マカオ: CTM"", ""3HK: Amazon.co.jp: 【Almond SIM】中国本土 simcard 4日間 高速データ通信 完全無制限 香港 マカオにも利用可能 1-30日間選択可能 中国ネット規制対象外 中国でもGoogle、LINE、YouTubeなど利用可能 24時間安心サポート 5G 4G-LTE対応 プリペイド""], ""review_count"": [""detail_page: (29)""], ""bestseller_rank"": [""Amazon 売れ筋ランキング 家電＆カメラ - 82,896位 ( 家電＆カメラの売れ筋ランキングを見る ) プリペイドSIMカード - 749位""], ""title"": [""【Almond SIM】中国本土 simcard 4日間 高速データ通信 完全無制限 香港 マカオにも利用可能 1-30日間選択可能 中国ネット規制対象外 中国でもGoogle、LINE、YouTubeなど利用可能 24時間安心サポート 5G 4G-LTE対応 プリペイド SIMカード China simカード (4日間/無制限)""], ""network_generation_inferred"": [""strong_5g: title: 【Almond SIM】中国本土 simcard 4日間 高速データ通信 完全無制限 香港 マカオにも利用可能 1-30日間選択可能 中国ネット規制対象外 中国でもGoogle、LINE、YouTubeなど利用可能 24時間安心サポート 5G 4G-LTE対応 プリペイド SIMカード China simカード (4日間/無制限)"", ""strong_5g: title: 【Almond SIM】中国本土 simcard 4日間 高速データ通信 完全無制限 香港 マカオにも利用可能 1-30日間選択可能 中国ネット規制対象外 中国でもGoogle、LINE、YouTubeなど利用可能 24時間安心サポート 5G 4G-LTE対応 プリペイド SIMカード China simカード (4日間/無制限)"", ""4g_lte_signal_present_but_5g_capable_takes_precedence""]}"
amazon_jp,hk,【中国 sim】3日間 完全無制限・高速データ通信｜中国・香港・マカオ対応｜中国本土でもGoogle・LINE・YouTube利用可能｜24時間サポート｜中国本土 プリペイドSIM 中国本土・香港・マカオ SIMカード (3日間｜無制限),1580,35,,,,,393,3일,3일,30일,roaming,unknown,unknown,low,"{""cmhk"": null, ""csl"": null, ""smartone"": null, ""three_hk"": true}","{""skt"": null, ""kt"": null, ""lgu"": null}",unlimited,https://www.amazon.co.jp/sim%E3%80%913%E6%97%A5%E9%96%93-%E5%AE%8C%E5%85%A8%E7%84%A1%E5%88%B6%E9%99%90%E3%83%BB%E9%AB%98%E9%80%9F%E3%83%87%E3%83%BC%E3%82%BF%E9%80%9A%E4%BF%A1%EF%BD%9C%E4%B8%AD%E5%9B%BD%E3%83%BB%E9%A6%99%E6%B8%AF%E3%83%BB%E3%83%9E%E3%82%AB%E3%82%AA%E5%AF%BE%E5%BF%9C%EF%BD%9C%E4%B8%AD%E5%9B%BD%E6%9C%AC%E5%9C%9F%E3%81%A7%E3%82%82Google%E3%83%BBLINE%E3%83%BBYouTube%E5%88%A9%E7%94%A8%E5%8F%AF%E8%83%BD%EF%BD%9C24%E6%99%82%E9%96%93%E3%82%B5%E3%83%9D%E3%83%BC%E3%83%88%EF%BD%9C%E4%B8%AD%E5%9B%BD%E6%9C%AC%E5%9C%9F-%E3%83%97%E3%83%AA%E3%83%9A%E3%82%A4%E3%83%89SIM-%E4%B8%AD%E5%9B%BD%E6%9C%AC%E5%9C%9F%E3%83%BB%E9%A6%99%E6%B8%AF%E3%83%BB%E3%83%9E%E3%82%AB%E3%82%AA-3%E6%97%A5%E9%96%93%EF%BD%9C%E7%84%A1%E5%88%B6%E9%99%90/dp/B0FPXBGL2M,B0FPXBGL2M,B0FPXBGL2M,Global Simcard,アーモンド　ＳＩｍ　ｃａｒｄのストアを表示,"{""price_jpy"": [""￥1,580""], ""usage_validity"": [""【中国 sim】3日間 完全無制限・高速データ通信｜中国・香港・マカオ対応｜中国本土でもGoogle・LINE・YouTube利用可能｜24時間サポート｜中国本土 プリペイドSIM 中国本土・香港・マカオ SIMカード (3日間｜無制限)""], ""activation_validity"": [""🔷【高速データ通信】データ専用のプリペイドSIM。容量無制限で高速データを完全使い放題！本人確認やSIMカード認証は不要で、利用期間は1～30日間から自由に選べます。 🔷【中国ネット制限なし】香港ローミング接続で中国政府の規制対象外。Google、LINE、YouTube、Facebook、Instagramなど主要アプリがVPN不要でそのまま利用可能。本人""], ""data_amount"": [""🔷【高速データ通信】データ専用のプリペイドSIM。容量無制限で高速データを完全使い放題！本人確認やSIMカード認証は不要で、利用期間は1～30日間から自由に選べます。""], ""network_type"": [""🔷【中国ネット制限なし】香港ローミング接続で中国政府の規制対象外。Google、LINE、YouTube、Facebook、Instagramなど主要アプリがVPN不要でそのまま利用可能。本人確認も不要です。"", ""🔷【高速データ通信】データ専用のプリペイドSIM。容量無制限で高速データを完全使い放題！本人確認やSIMカード認証は不要で、利用期間は1～30日間から自由に選べます。 🔷【中国ネット制限なし】香港ローミング接続で中国政府の規制対象外。Google、LINE、YouTube、Facebook、Instagramなど主要アプリがVPN不要でそのまま利用可能。本人"", ""score: local=0, roaming=3""], ""network_generation"": [""fallback_5g: network_generation: strong_5g: source:product_details: 携帯電話技術 5G/4G-LTE"", ""fallback_4g_lte: network_generation: strong_5g: source:product_details: 携帯電話技術 5G/4G-LTE"", ""fallback_only_network_generation_signal""], ""carrier_support_local"": [""3HK: 🔷【対応キャリア】中国本土：中国電信（China Telecom）、香港：3HK、マカオ：CTM。中華圏への渡航に幅広く対応。"", ""3HK: 🔷【高速データ通信】データ専用のプリペイドSIM。容量無制限で高速データを完全使い放題！本人確認やSIMカード認証は不要で、利用期間は1～30日間から自由に選べます。 🔷【中国ネット制限なし】香港ローミング接続で中国政府の規制対象外。Google、LINE、YouTube、Facebook、Inst"", ""3HK: サービスプロバイダ China Telecom/3HK /CTM"", ""3HK: Amazon.co.jp: 【中国 sim】3日間 完全無制限・高速データ通信｜中国・香港・マカオ対応｜中国本土でもGoogle・LINE・YouTube利用可能｜24時間サポート｜中国本土 プリペイドSIM 中国本土・香港・マカオ SIMカード (3日間｜無制限) : 家電＆カメラ 次に移動 メイ""], ""review_count"": [""detail_page: (35)""], ""bestseller_rank"": [""Amazon 売れ筋ランキング 家電＆カメラ - 36,177位 ( 家電＆カメラの売れ筋ランキングを見る ) プリペイドSIMカード - 393位""], ""title"": [""【中国 sim】3日間 完全無制限・高速データ通信｜中国・香港・マカオ対応｜中国本土でもGoogle・LINE・YouTube利用可能｜24時間サポート｜中国本土 プリペイドSIM 中国本土・香港・マカオ SIMカード (3日間｜無制限)""], ""network_generation_inferred"": [""no_medium_generation_signal""]}"
amazon_jp,hk,香港 simカード 香港タイワンSIMカード 3/4/5日間プリペイドSIMカード データ通信無制限使い放題 (4日間),1075,5,,,,,1634,5일,5일,,unknown,unknown,5g_capable,medium,"{""cmhk"": null, ""csl"": null, ""smartone"": null, ""three_hk"": null}","{""skt"": null, ""kt"": null, ""lgu"": null}",unlimited,https://www.amazon.co.jp/sim%E3%82%AB%E3%83%BC%E3%83%89-%E9%A6%99%E6%B8%AF%E3%82%BF%E3%82%A4%E3%83%AF%E3%83%B3SIM%E3%82%AB%E3%83%BC%E3%83%89-5%E6%97%A5%E9%96%93%E3%83%97%E3%83%AA%E3%83%9A%E3%82%A4%E3%83%89SIM%E3%82%AB%E3%83%BC%E3%83%89-%E3%83%87%E3%83%BC%E3%82%BF%E9%80%9A%E4%BF%A1%E7%84%A1%E5%88%B6%E9%99%90%E4%BD%BF%E3%81%84%E6%94%BE%E9%A1%8C-4%E6%97%A5%E9%96%93/dp/B0F7LPH6YY,B0F7LPH6YY,B0F7LPH6YY,Easy Go Technology,ブランド: Easygo Travel Everyday,"{""price_jpy"": [""￥1,075""], ""usage_validity"": [""香港 simカード 香港タイワンSIMカード 3/4/5日間プリペイドSIMカード データ通信無制限使い放題 (4日間)""], ""data_amount"": [""【データ通信無制限】 香港SIMカードは、5G LTE高速ネットワークで完全無制限のデータ通信を提供します（*一部地域では3G通信に切り替わる場合があります）。1日のデータ使用量が2GBに達すると、最大通信速度が256kbpsに低下しますが、翌日の香港現地時間午前0時に速度制限が自動解除されます。""], ""network_type"": [""local_signal: 【チョコSIM 定額（Sプラン）】【中国の電話番号付きでアプリや施設サービスのSMS認証が可能】【データ容量】合計500MB/月【音声】合計20分間/月 データ/音声/SMS付きSIMカード 中国SIM マカオSIM China unicom ※こちらのSIMカードは契約後、毎月の基本料が発生いたします。※2024年11月1日から台湾でのご利用はできなくなり"", ""roaming_signal: トラベルコネクト 4G/5G 香港SIMカード - 7日間、毎日1GBの高速データ、通話やSMSなし | 観光客やビジネス旅行者、ローミング向けのプリペイド旅行SIM"", ""insufficient_or_conflicting_signals(local=3, roaming=2)""], ""network_generation"": [""fallback_5g: data_amount: 【データ通信無制限】 香港SIMカードは、5G LTE高速ネットワークで完全無制限のデータ通信を提供します（*一部地域では3G通信に切り替わる場合があります）。1日のデータ使用量が2GBに達すると、最大通信速度が256kbpsに低下しますが、翌日の香港現地時間午前0時に速度制限が自動解除されます。"", ""fallback_4g_lte: data_amount: 【データ通信無制限】 香港SIMカードは、5G LTE高速ネットワークで完全無制限のデータ通信を提供します（*一部地域では3G通信に切り替わる場合があります）。1日のデータ使用量が2GBに達すると、最大通信速度が256kbpsに低下しますが、翌日の香港現地時間午前0時に速度制限が自動解除されます。"", ""fallback_only_network_generation_signal""], ""review_count"": [""detail_page: (5)""], ""bestseller_rank"": [""Amazon 売れ筋ランキング 家電＆カメラ - 205,727位 ( 家電＆カメラの売れ筋ランキングを見る ) プリペイドSIMカード - 1,634位""], ""title"": [""香港 simカード 香港タイワンSIMカード 3/4/5日間プリペイドSIMカード データ通信無制限使い放題 (4日間)""], ""network_generation_inferred"": [""network_type: roaming_signal: トラベルコネクト 4G/5G 香港SIMカード - 7日間、毎日1GBの高速データ、通話やSMSなし | 観光客やビジネス旅行者、ローミング向けのプリペイド旅行SIM""]}"
amazon_jp,hk,【香港・マカオ eSIM】4日間 3GB（コスパ重視） DeSiM正規卸 | LINE相談受付中 | データ通信専用（電話番号なし） | simフリー端末のみ対応 説明書付 イーシム DeSiM,1250,9,,,,,1215,3일,3일,4일,local,unknown,unknown,low,"{""cmhk"": null, ""csl"": null, ""smartone"": null, ""three_hk"": null}","{""skt"": null, ""kt"": null, ""lgu"": null}",3GB,https://www.amazon.co.jp/3GB%EF%BC%88%E3%82%B3%E3%82%B9%E3%83%91%E9%87%8D%E8%A6%96%EF%BC%89-LINE%E7%9B%B8%E8%AB%87%E5%8F%97%E4%BB%98%E4%B8%AD%EF%BD%9C%E5%BD%93%E6%97%A5%E7%99%BA%E8%A1%8C%E5%8F%AF%E8%83%BD-%E3%83%87%E3%83%BC%E3%82%BF%E9%80%9A%E4%BF%A1%E5%B0%82%E7%94%A8%EF%BC%88%E9%9B%BB%E8%A9%B1%E7%95%AA%E5%8F%B7%E3%81%AA%E3%81%97%EF%BC%89-sim%E3%83%95%E3%83%AA%E3%83%BC%E7%AB%AF%E6%9C%AB%E3%81%AE%E3%81%BF%E5%AF%BE%E5%BF%9C-DeSiM/dp/B0F1DYXVWP,B0F1DYXVWP,B0F1DYXVWP,DeSiM,DeSiMのストアを表示,"{""price_jpy"": [""￥1,250""], ""usage_validity"": [""【SKTelecoｍ公式認証】 韓国eSIM 3日間 (72時間) 電話番号付き 超高速データ無制限 最初の5分発信無料(韓国国内) お急ぎの方即時発行可(LINE相談受付中) 有効期限／ご購入日より120日以内 現地空港サポート(SKTelecomローミングセンター) SKテレコム正規品 韓国SIMカードタイプではありません""], ""activation_validity"": [""【香港・マカオ eSIM】4日間 3GB（コスパ重視） DeSiM正規卸 | LINE相談受付中 | データ通信専用（電話番号なし） | simフリー端末のみ対応 説明書付 イーシム DeSiM""], ""data_amount"": [""【香港・マカオ eSIM】4日間 3GB（コスパ重視） DeSiM正規卸 | LINE相談受付中｜当日発行可能 | データ通信専用（電話番号なし） | simフリー端末のみ対応 説明書付 イーシム DeSiM""], ""network_type"": [""【チョコSIM 定額（Sプラン）】【中国の電話番号付きでアプリや施設サービスのSMS認証が可能】【データ容量】合計500MB/月【音声】合計20分間/月 データ/音声/SMS付きSIMカード 中国SIM マカオSIM China unicom ※こちらのSIMカードは契約後、毎月の基本料が発生いたします。※2024年11月1日から台湾でのご利用はできなくなり"", ""【SKTelecoｍ公式認証】 韓国eSIM 3日間 (72時間) 電話番号付き 超高速データ無制限 最初の5分発信無料(韓国国内) お急ぎの方即時発行可(LINE相談受付中) 有効期限／ご購入日より120日以内 現地空港サポート(SKTelecomローミングセンター) SKテレコム正規品 韓国SIMカードタイプではありません"", ""score: local=6, roaming=0""], ""network_generation"": [""fallback_5g: network_generation: fallback_5g: source:image_alt: 【香港・マカオ eSIM】9日間 5GB（コスパ重視） DeSiM正規卸 | LINE相談受付中 | データ通信専用（電話番号なし） | simフリー端末のみ対応 説明書付 イーシム DeSiM"", ""fallback_4g_lte: network_generation: fallback_4g_lte: source:image_alt: 香港 マカオ ESIMプラン 4日間 完全無制限 4G-LTE 高速データ 使い放題 当日発行可能 出発前日本テスト用eSIM500MB 香港 マカオ プリペイドSIM 香港 esim 香港 マカオsim (4日間完全無制限)"", ""fallback_only_network_generation_signal""], ""review_count"": [""detail_page: (9)""], ""bestseller_rank"": [""Amazon 売れ筋ランキング 家電＆カメラ - 146,817位 ( 家電＆カメラの売れ筋ランキングを見る ) プリペイドSIMカード - 1,215位""], ""title"": [""【香港・マカオ eSIM】4日間 3GB（コスパ重視） DeSiM正規卸 | LINE相談受付中 | データ通信専用（電話番号なし） | simフリー端末のみ対応 説明書付 イーシム DeSiM""], ""network_generation_inferred"": [""no_medium_generation_signal""]}"
amazon_jp,hk,中国 sim｜7日間 10GB高速データ通信 低速無制限｜中国本土・香港・マカオ対応｜Google/LINE/YouTube利用可｜実名登録不要｜24時間多言語サポート 香港 sim 中国 simカード,1180,12,,,,,550,7일,7일,7일,roaming,unknown,unknown,low,"{""cmhk"": null, ""csl"": null, ""smartone"": null, ""three_hk"": true}","{""skt"": null, ""kt"": null, ""lgu"": null}",10GB,https://www.amazon.co.jp/sim%EF%BD%9C7%E6%97%A5%E9%96%93-10GB%E9%AB%98%E9%80%9F%E3%83%87%E3%83%BC%E3%82%BF%E9%80%9A%E4%BF%A1-%E4%BD%8E%E9%80%9F%E7%84%A1%E5%88%B6%E9%99%90%EF%BD%9C%E4%B8%AD%E5%9B%BD%E6%9C%AC%E5%9C%9F%E3%83%BB%E9%A6%99%E6%B8%AF%E3%83%BB%E3%83%9E%E3%82%AB%E3%82%AA%E5%AF%BE%E5%BF%9C%EF%BD%9Csim%E3%82%AB%E3%83%BC%E3%83%89%EF%BD%9CGoogle-YouTube%E5%88%A9%E7%94%A8%E5%8F%AF%EF%BD%9C%E5%AE%9F%E5%90%8D%E7%99%BB%E9%8C%B2%E4%B8%8D%E8%A6%81%EF%BD%9C24%E6%99%82%E9%96%93%E5%A4%9A%E8%A8%80%E8%AA%9E%E3%82%B5%E3%83%9D%E3%83%BC%E3%83%88-7%E6%97%A5%E9%96%93%E3%83%BB10GB/dp/B0FTM4Q2QH,B0FTM4Q2QH,B0FTM4Q2QH,Global eSIMshop,ブランド: PLUG TO GO,"{""price_jpy"": [""￥1,180""], ""usage_validity"": [""中国 sim｜7日間 10GB高速データ通信 低速無制限｜中国本土・香港・マカオ対応｜Google/LINE/YouTube利用可｜実名登録不要｜24時間多言語サポート 香港 sim 中国 simカード""], ""activation_validity"": [""【高速データ】 データ通信専用プリペイドSIM。中国大陸・香港・マカオで利用可能。利用開始から7日間で合計10GBの高速データ通信が利用できます。10GBを超過した場合も、最大128kbpsの低速通信が無制限でご利用可能。本人確認やSIM登録は不要です。 【中国ネット規制なし】 中国本土では香港回線をローミング利用するため、中国政府のネット規制対象外。Goo""], ""data_amount"": [""【高速データ】 データ通信専用プリペイドSIM。中国大陸・香港・マカオで利用可能。利用開始から7日間で合計10GBの高速データ通信が利用できます。10GBを超過した場合も、最大128kbpsの低速通信が無制限でご利用可能。本人確認やSIM登録は不要です。""], ""network_type"": [""【中国ネット規制なし】 中国本土では香港回線をローミング利用するため、中国政府のネット規制対象外。Google、LINE、Facebook、Twitter、YouTube、Instagramなど主要サービスがVPN不要でそのままご利用いただけます。"", ""【高速データ】 データ通信専用プリペイドSIM。中国大陸・香港・マカオで利用可能。利用開始から7日間で合計10GBの高速データ通信が利用できます。10GBを超過した場合も、最大128kbpsの低速通信が無制限でご利用可能。本人確認やSIM登録は不要です。 【中国ネット規制なし】 中国本土では香港回線をローミング利用するため、中国政府のネット規制対象外。Goo"", ""score: local=0, roaming=4""], ""network_generation"": [""fallback_5g: network_generation: strong_5g: source:product_details: 携帯電話技術 5G/4G"", ""fallback_4g_lte: network_generation: strong_5g: source:product_details: 携帯電話技術 5G/4G"", ""fallback_only_network_generation_signal""], ""carrier_support_local"": [""3HK: 【対応端末】SIMフリー／SIMロック解除済みスマートフォン専用。タブレット・PC・Wi-Fiルーターではご利用いただけません。標準／micro／nano SIMサイズに対応。 キャリア：中国：中国電信（China Telecom）／香港：3HK／マカオ：CTM。"", ""3HK: 【高速データ】 データ通信専用プリペイドSIM。中国大陸・香港・マカオで利用可能。利用開始から7日間で合計10GBの高速データ通信が利用できます。10GBを超過した場合も、最大128kbpsの低速通信が無制限でご利用可能。本人確認やSIM登録は不要です。 【中国ネット規制なし】 中国本土では香港回線"", ""3HK: サービスプロバイダ China Telecom/3HK/CTM"", ""3HK: Amazon.co.jp: 中国 sim｜7日間 10GB高速データ通信 低速無制限｜中国本土・香港・マカオ対応｜Google/LINE/YouTube利用可｜実名登録不要｜24時間多言語サポート 香港 sim 中国 simカード : 家電＆カメラ 次に移動 メインコンテンツ この商品について この""], ""review_count"": [""detail_page: (12)""], ""bestseller_rank"": [""Amazon 売れ筋ランキング 家電＆カメラ - 51,868位 ( 家電＆カメラの売れ筋ランキングを見る ) プリペイドSIMカード - 550位""], ""title"": [""中国 sim｜7日間 10GB高速データ通信 低速無制限｜中国本土・香港・マカオ対応｜Google/LINE/YouTube利用可｜実名登録不要｜24時間多言語サポート 香港 sim 中国 simカード""], ""network_generation_inferred"": [""no_medium_generation_signal""]}"
amazon_jp,hk,【中国・香港・マカオeSIM】4日間完全無制限（三泊四日 使い放題） DeSiM正規卸 | LINE相談受付中｜データ通信専用（電話番号なし） | simフリー端末のみ対応 説明書付 イーシム DeSiM,3200,10,,,,,1164,4일,4일,7일,unknown,unknown,unknown,low,"{""cmhk"": null, ""csl"": null, ""smartone"": null, ""three_hk"": null}","{""skt"": null, ""kt"": null, ""lgu"": null}",unlimited,https://www.amazon.co.jp/%E3%80%90%E4%B8%AD%E5%9B%BD%E3%83%BB%E9%A6%99%E6%B8%AF%E3%83%BB%E3%83%9E%E3%82%AB%E3%82%AAeSIM%E3%80%914%E6%97%A5%E9%96%93%E5%AE%8C%E5%85%A8%E7%84%A1%E5%88%B6%E9%99%90%EF%BC%88%E4%B8%89%E6%B3%8A%E5%9B%9B%E6%97%A5-DeSiM%E6%AD%A3%E8%A6%8F%E5%8D%B8-LINE%E7%9B%B8%E8%AB%87%E5%8F%97%E4%BB%98%E4%B8%AD%EF%BD%9C%E3%83%87%E3%83%BC%E3%82%BF%E9%80%9A%E4%BF%A1%E5%B0%82%E7%94%A8%EF%BC%88%E9%9B%BB%E8%A9%B1%E7%95%AA%E5%8F%B7%E3%81%AA%E3%81%97%EF%BC%89-sim%E3%83%95%E3%83%AA%E3%83%BC%E7%AB%AF%E6%9C%AB%E3%81%AE%E3%81%BF%E5%AF%BE%E5%BF%9C-DeSiM/dp/B0DL4T8ZWP,B0DL4T8ZWP,B0DL4T8ZWP,DeSiM,DeSiMのストアを表示,"{""price_jpy"": [""￥3,200""], ""usage_validity"": [""【中国・香港・マカオeSIM】4日間完全無制限（三泊四日 使い放題） DeSiM正規卸 | LINE相談受付中｜データ通信専用（電話番号なし） | simフリー端末のみ対応 説明書付 イーシム DeSiM""], ""activation_validity"": [""商品の説明 購入前の注意事項 【注意事項】 注意事項①：本商品はデータ通信専用です（通話はご利用いただけません）。ご注意ください。 注意事項②：SIMロックフリー端末、もしくはSIMフリー端末専用のサービスです。必ず、ご利用端末がeSIM対応かどうかご確認ください。 注意事項③：2021年10月1日以前にSIMロック解除をキャリア店頭またはインターネットでさ""], ""data_amount"": [""商品の説明 購入前の注意事項 【注意事項】 注意事項①：本商品はデータ通信専用です（通話はご利用いただけません）。ご注意ください。 注意事項②：SIMロックフリー端末、もしくはSIMフリー端末専用のサービスです。必ず、ご利用端末がeSIM対応かどうかご確認ください。 注意事項③：2021年10月1日以前にSIMロック解除をキャリア店頭またはインターネットでさ""], ""network_type"": [""local_signal: 商品の説明 購入前の注意事項 【注意事項】 注意事項①：本商品はデータ通信専用です（通話はご利用いただけません）。ご注意ください。 注意事項②：SIMロックフリー端末、もしくはSIMフリー端末専用のサービスです。必ず、ご利用端末がeSIM対応かどうかご確認ください。 注意事項③：2021年10月1日以前にSIMロック解除をキャリア店頭またはインターネットでさ"", ""roaming_signal: 商品の説明 購入前の注意事項 【注意事項】 注意事項①：本商品はデータ通信専用です（通話はご利用いただけません）。ご注意ください。 注意事項②：SIMロックフリー端末、もしくはSIMフリー端末専用のサービスです。必ず、ご利用端末がeSIM対応かどうかご確認ください。 注意事項③：2021年10月1日以前にSIMロック解除をキャリア店頭またはインターネットでさ"", ""insufficient_or_conflicting_signals(local=9, roaming=2)""], ""network_generation"": [""fallback_5g: network_generation: fallback_5g: source:image_alt: 【中国・香港・マカオ eSIM】5日間 5GB（四泊五日 コスパ重視） DeSiM正規卸 |LINE相談受付中 |データ通信専用（電話番号なし） simフリー端末のみ対応 説明書付 イーシム"", ""fallback_4g_lte: network_generation: fallback_4g_lte: source:image_alt: 香港 マカオ ESIMプラン 4日間 完全無制限 4G-LTE 高速データ 使い放題 当日発行可能 出発前日本テスト用eSIM500MB 香港 マカオ プリペイドSIM 香港 esim 香港 マカオsim (4日間完全無制限)"", ""fallback_only_network_generation_signal""], ""review_count"": [""detail_page: (10)""], ""bestseller_rank"": [""Amazon 売れ筋ランキング 家電＆カメラ - 138,386位 ( 家電＆カメラの売れ筋ランキングを見る ) プリペイドSIMカード - 1,164位""], ""title"": [""【中国・香港・マカオeSIM】4日間完全無制限（三泊四日 使い放題） DeSiM正規卸 | LINE相談受付中｜データ通信専用（電話番号なし） | simフリー端末のみ対応 説明書付 イーシム DeSiM""], ""network_generation_inferred"": [""no_medium_generation_signal""]}"
amazon_jp,hk,中国本土・香港・マカオ SIMカード 6日間 (144時間) 高速データ無制限 SIMピン付き 4G/LTE SIMフリー対応 プリペイドSIMカード LINEで24時間サポート 中国sim (6日間),2180,16,,,,,506,6일,6일,10일,roaming,unknown,5g_capable,medium,"{""cmhk"": null, ""csl"": true, ""smartone"": null, ""three_hk"": null}","{""skt"": null, ""kt"": null, ""lgu"": null}",unlimited,https://www.amazon.co.jp/%E4%B8%AD%E5%9B%BD%E6%9C%AC%E5%9C%9F%E3%83%BB%E9%A6%99%E6%B8%AF%E3%83%BB%E3%83%9E%E3%82%AB%E3%82%AA-6%E6%97%A5%E9%96%93-%E9%AB%98%E9%80%9F%E3%83%87%E3%83%BC%E3%82%BF%E7%84%A1%E5%88%B6%E9%99%90-%E3%83%97%E3%83%AA%E3%83%9A%E3%82%A4%E3%83%89SIM%E3%82%AB%E3%83%BC%E3%83%89-LINE%E3%81%A724%E6%99%82%E9%96%93%E3%82%B5%E3%83%9D%E3%83%BC%E3%83%88/dp/B0FMJBDGL4,B0FMJBDGL4,B0FMJBDGL4,mewmewホーム eSIM,ＭＥＷＭＥＷホームのストアを表示,"{""price_jpy"": [""￥2,180""], ""usage_validity"": [""中国本土・香港・マカオ SIMカード 6日間 (144時間) 高速データ無制限 SIMピン付き 4G/LTE SIMフリー対応 プリペイドSIMカード LINEで24時間サポート 中国sim (6日間)""], ""activation_validity"": [""【有効期限：2026年8月10日まで】利用予定日を開通予約した後、SIMカードを端末に挿入するだけで簡単アクティベート！有効期限内ならいつでも使えます。プランの日数は24時間を一日とカウントされます。""], ""data_amount"": [""【無制限・高速データ通信】中国本土・マカオ：中華電信 香港：CSL 5G /4G/LTEに対応し、高速データ通信は完全無制限となります。高画質動画の視聴、地図検索、写真や動画のシェアなど、快適なインターネット環境を提供します。中国本土でLINE 、Google Map、Facebook、Twitter、Instagramに接続可能です。""], ""network_type"": [""中国本土旅行者向けeSIMカード、3日間プラン、1GBデータ使い放題、高速4/5G、ローミング料金無料 | 中国旅行に最適"", ""中国本土旅行者向けeSIMカード、5日間プラン、2GBデータ使い放題、高速4/5G、ローミング料金無料 | 中国旅行に最適"", ""score: local=0, roaming=2""], ""network_generation"": [""strong_4g_lte: title: 中国本土・香港・マカオ SIMカード 6日間 (144時間) 高速データ無制限 SIMピン付き 4G/LTE SIMフリー対応 プリペイドSIMカード LINEで24時間サポート 中国sim (6日間)"", ""fallback_5g: data_amount: 【無制限・高速データ通信】中国本土・マカオ：中華電信 香港：CSL 5G /4G/LTEに対応し、高速データ通信は完全無制限となります。高画質動画の視聴、地図検索、写真や動画のシェアなど、快適なインターネット環境を提供します。中国本土でLINE 、Google Map、Facebook、Twitter、Instagramに接続可能で"", ""fallback_5g_conflicts_with_strong_4g_lte""], ""carrier_support_local"": [""CSL: 【無制限・高速データ通信】中国本土・マカオ：中華電信 香港：CSL 5G /4G/LTEに対応し、高速データ通信は完全無制限となります。高画質動画の視聴、地図検索、写真や動画のシェアなど、快適なインターネット環境を提供します。中国本土でLINE 、Google Map、Facebook、Twitte"", ""CSL: Amazon.co.jp: 中国本土・香港・マカオ SIMカード 6日間 (144時間) 高速データ無制限 SIMピン付き 4G/LTE SIMフリー対応 プリペイドSIMカード LINEで24時間サポート 中国sim (6日間) : 家電＆カメラ 次に移動 メインコンテンツ この商品について この""], ""review_count"": [""detail_page: (16)""], ""bestseller_rank"": [""Amazon 売れ筋ランキング 家電＆カメラ - 46,928位 ( 家電＆カメラの売れ筋ランキングを見る ) プリペイドSIMカード - 506位""], ""title"": [""中国本土・香港・マカオ SIMカード 6日間 (144時間) 高速データ無制限 SIMピン付き 4G/LTE SIMフリー対応 プリペイドSIMカード LINEで24時間サポート 中国sim (6日間)""], ""network_generation_inferred"": [""network_type: 中国本土旅行者向けeSIMカード、3日間プラン、1GBデータ使い放題、高速4/5G、ローミング料金無料 | 中国旅行に最適"", ""network_type: 中国本土旅行者向けeSIMカード、5日間プラン、2GBデータ使い放題、高速4/5G、ローミング料金無料 | 中国旅行に最適"", ""carrier_support_local: CSL: 【無制限・高速データ通信】中国本土・マカオ：中華電信 香港：CSL 5G /4G/LTEに対応し、高速データ通信は完全無制限となります。高画質動画の視聴、地図検索、写真や動画のシェアなど、快適なインターネット環境を提供します。中国本土でLINE 、Google Map、Facebook、Twitte""]}"
amazon_jp,hk,【iPhone用】香港・マカオ プリペイドSIM 4日間 データ通信使い放題 5G/4G回線 香港プリペイドSIM 香港シム ローミングSIM,4880,410,,,,,2863,4일,4일,31일,roaming,5g_capable,5g_capable,high,"{""cmhk"": null, ""csl"": null, ""smartone"": null, ""three_hk"": null}","{""skt"": null, ""kt"": null, ""lgu"": null}",unlimited,https://www.amazon.co.jp/%E3%80%90iPhone%E7%94%A8%E3%80%91%E9%A6%99%E6%B8%AF%E3%83%BB%E3%83%9E%E3%82%AB%E3%82%AA-%E3%83%97%E3%83%AA%E3%83%9A%E3%82%A4%E3%83%89SIM-%E3%83%87%E3%83%BC%E3%82%BF%E9%80%9A%E4%BF%A1%E4%BD%BF%E3%81%84%E6%94%BE%E9%A1%8C-%E9%A6%99%E6%B8%AF%E3%83%97%E3%83%AA%E3%83%9A%E3%82%A4%E3%83%89SIM-%E3%83%AD%E3%83%BC%E3%83%9F%E3%83%B3%E3%82%B0SIM/dp/B0GKP9B1C1,B0GKP9B1C1,B0GKP9B1C1,ブランド: Wise SIM,ブランド: Wise SIM,"{""price_jpy"": [""￥4,880 ￥ 4,880 98ポイント(2""], ""usage_validity"": [""【iPhone用】香港・マカオ プリペイドSIM 4日間 データ通信使い放題 5G/4G回線 香港プリペイドSIM 香港シム ローミングSIM""], ""activation_validity"": [""■SIMカード有効期限：2026年12月31日まで""], ""data_amount"": [""【データ通信】 香港・マカオにてデータ通信が使い放題でご利用可能です。""], ""network_type"": [""【iPhone用】香港・マカオ プリペイドSIM 4日間 データ通信使い放題 5G/4G回線 香港プリペイドSIM 香港シム ローミングSIM"", ""Amazon.co.jp: 【iPhone用】香港・マカオ プリペイドSIM 4日間 データ通信使い放題 5G/4G回線 香港プリペイドSIM 香港シム ローミングSIM : 家電＆カメラ"", ""score: local=0, roaming=4""], ""network_generation"": [""strong_5g: title: 【iPhone用】香港・マカオ プリペイドSIM 4日間 データ通信使い放題 5G/4G回線 香港プリペイドSIM 香港シム ローミングSIM"", ""strong_5g: title: 【iPhone用】香港・マカオ プリペイドSIM 4日間 データ通信使い放題 5G/4G回線 香港プリペイドSIM 香港シム ローミングSIM"", ""4g_lte_signal_present_but_5g_capable_takes_precedence""], ""review_count"": [""detail_page: 410""], ""bestseller_rank"": [""Amazon 売れ筋ランキング 家電＆カメラ - 426,393位 ( 家電＆カメラの売れ筋ランキングを見る ) プリペイドSIMカード - 2,863位""], ""title"": [""【iPhone用】香港・マカオ プリペイドSIM 4日間 データ通信使い放題 5G/4G回線 香港プリペイドSIM 香港シム ローミングSIM""], ""network_generation_inferred"": [""strong_5g: title: 【iPhone用】香港・マカオ プリペイドSIM 4日間 データ通信使い放題 5G/4G回線 香港プリペイドSIM 香港シム ローミングSIM"", ""strong_5g: title: 【iPhone用】香港・マカオ プリペイドSIM 4日間 データ通信使い放題 5G/4G回線 香港プリペイドSIM 香港シム ローミングSIM"", ""4g_lte_signal_present_but_5g_capable_takes_precedence""]}"
amazon_jp,hk,【中国・香港・マカオ eSIM】 (4日間 無制限) プリペイド sim 高速データ無制限 低速なし 海外旅行 当日利用可能 説明書付 LINEで年中無休 24時間サポート 中国 sim 香港 sim マカオ sim way2esim,1580,28,,,,,1524,4일,4일,90일,unknown,unknown,unknown,low,"{""cmhk"": null, ""csl"": null, ""smartone"": null, ""three_hk"": null}","{""skt"": null, ""kt"": null, ""lgu"": null}",unlimited,https://www.amazon.co.jp/%E3%80%90%E4%B8%AD%E5%9B%BD%E3%83%BB%E9%A6%99%E6%B8%AF%E3%83%BB%E3%83%9E%E3%82%AB%E3%82%AA-%E9%AB%98%E9%80%9F%E3%83%87%E3%83%BC%E3%82%BF%E7%84%A1%E5%88%B6%E9%99%90-LINE%E3%81%A7%E5%B9%B4%E4%B8%AD%E7%84%A1%E4%BC%91-24%E6%99%82%E9%96%93%E3%82%B5%E3%83%9D%E3%83%BC%E3%83%88-way2esim/dp/B0GJD7RDKB,B0GJD7RDKB,B0GJD7RDKB,eSIM株式会社,way2esimのストアを表示,"{""price_jpy"": [""￥1,580""], ""usage_validity"": [""【中国・香港・マカオ eSIM】 (4日間 無制限) プリペイド sim 高速データ無制限 低速なし 海外旅行 当日利用可能 説明書付 LINEで年中無休 24時間サポート 中国 sim 香港 sim マカオ sim way2esim""], ""activation_validity"": [""【有効期限】メールで納品した90日以内にご利用始めてください。旅行予定が未定でも、必要なタイミングでいつでも利用開始できます。""], ""data_amount"": [""【高速データ無制限】このeSIMは、中国本土、香港とマカオで回線に接続し、高速データを無制限でご利用いただけます。SNSやウェブの閲覧など、さまざまなインターネットサービスを高速かつ無制限でご利用いただけます。""], ""network_type"": [""no_local_or_roaming_keyword_matched""], ""network_generation"": [""fallback_5g: network_generation: fallback_5g: source:image_alt: 【中国・香港・マカオ eSIM】5日間 5GB（四泊五日 コスパ重視） DeSiM正規卸 |LINE相談受付中 |データ通信専用（電話番号なし） simフリー端末のみ対応 説明書付 イーシム"", ""fallback_4g_lte: network_generation: fallback_4g_lte: source:image_alt: 中国eSIM｜中国本土・香港・マカオ対応｜5日間 高速データ無制限｜VPN付き LINE・YouTube・Google利用可｜4G/5G 即日発行可能（eSIM | 5日間）"", ""fallback_only_network_generation_signal""], ""review_count"": [""detail_page: (28)""], ""bestseller_rank"": [""Amazon 売れ筋ランキング 家電＆カメラ - 191,591位 ( 家電＆カメラの売れ筋ランキングを見る ) プリペイドSIMカード - 1,524位""], ""title"": [""【中国・香港・マカオ eSIM】 (4日間 無制限) プリペイド sim 高速データ無制限 低速なし 海外旅行 当日利用可能 説明書付 LINEで年中無休 24時間サポート 中国 sim 香港 sim マカオ sim way2esim""], ""network_generation_inferred"": [""no_medium_generation_signal""]}"
amazon_jp,hk,香港 マカオ simcard 大容量 2GB/日 高速データ通信 低速データ無制限 使い放題 プリペイド SIMカードsimcard 香港simcard マカオ simcard 香港sim マカオ sim (2日間),970,19,,,,,576,1일,1일,2일,unknown,unknown,lte_4g_only,medium,"{""cmhk"": null, ""csl"": null, ""smartone"": true, ""three_hk"": null}","{""skt"": null, ""kt"": null, ""lgu"": null}",unlimited,https://www.amazon.co.jp/simcard-%E4%BD%8E%E9%80%9F%E3%83%87%E3%83%BC%E3%82%BF%E7%84%A1%E5%88%B6%E9%99%90-SIM%E3%82%AB%E3%83%BC%E3%83%89simcard-%E9%A6%99%E6%B8%AFsimcard-2%E6%97%A5%E9%96%93/dp/B0CNCVH8ND,B0CNCVH8ND,B0CNCVH8ND,株式会社ビッグコネクト,bigconnectのストアを表示,"{""price_jpy"": [""￥970""], ""usage_validity"": [""大中華区SIMカード-中国、香港、マカオ、台湾向けプリペイドデータプラン｜1 GB毎日データ、1日有効期限｜高速4/5 G LTE｜旅行者に最適""], ""activation_validity"": [""香港 マカオ simcard 大容量 2GB/日 高速データ通信 低速データ無制限 使い放題 プリペイド SIMカードsimcard 香港simcard マカオ simcard 香港sim マカオ sim (2日間)""], ""data_amount"": [""【安定した高速通信】香港 マカオで利用可能なプリペイドSIMカード。安定した4G-lte高速データ通信。キャリア：香港：Smartone、HKT、3 マカオ:CTM 。※データ容量無制限。ただしデータ一日使用量が2GBに達すると最大通信速度が128kbpsに低下します。翌日の香港時間0時自動的にスピード制限を解除します。デザリングも使用できます。128kbp""], ""network_type"": [""local_signal: 【チョコSIM 定額（Sプラン）】【中国の電話番号付きでアプリや施設サービスのSMS認証が可能】【データ容量】合計500MB/月【音声】合計20分間/月 データ/音声/SMS付きSIMカード 中国SIM マカオSIM China unicom ※こちらのSIMカードは契約後、毎月の基本料が発生いたします。※2024年11月1日から台湾でのご利用はできなくなり"", ""roaming_signal: 商品の説明 【Almond sim】Almond SIMは、お客様が安定したネットワーク環境で快適に旅行を楽しめるように努めております。 運営会社である株式会社ビッグコネクト（電気通信事業者登録番号A-04-20504）が、 24時間年中無休 のカスタマーサポートは、日本語、英語、中国語、韓国語で対応しております。 商品に関することや設定方法、その他不明点が"", ""insufficient_or_conflicting_signals(local=6, roaming=3)""], ""network_generation"": [""fallback_5g: usage_validity: 大中華区SIMカード-中国、香港、マカオ、台湾向けプリペイドデータプラン｜1 GB毎日データ、1日有効期限｜高速4/5 G LTE｜旅行者に最適"", ""fallback_4g_lte: usage_validity: 大中華区SIMカード-中国、香港、マカオ、台湾向けプリペイドデータプラン｜1 GB毎日データ、1日有効期限｜高速4/5 G LTE｜旅行者に最適"", ""fallback_only_network_generation_signal""], ""carrier_support_local"": [""SmarTone: 【安定した高速通信】香港 マカオで利用可能なプリペイドSIMカード。安定した4G-lte高速データ通信。キャリア：香港：Smartone、HKT、3 マカオ:CTM 。※データ容量無制限。ただしデータ一日使用量が2GBに達すると最大通信速度が128kbpsに低下します。翌日の香港時間0時自動的にスピ"", ""SmarTone: Amazon.co.jp: 香港 マカオ simcard 大容量 2GB/日 高速データ通信 低速データ無制限 使い放題 プリペイド SIMカードsimcard 香港simcard マカオ simcard 香港sim マカオ sim (2日間) : 家電＆カメラ 次に移動 メインコンテンツ この商品""], ""review_count"": [""detail_page: (19)""], ""bestseller_rank"": [""Amazon 売れ筋ランキング 家電＆カメラ - 54,852位 ( 家電＆カメラの売れ筋ランキングを見る ) プリペイドSIMカード - 576位""], ""title"": [""香港 マカオ simcard 大容量 2GB/日 高速データ通信 低速データ無制限 使い放題 プリペイド SIMカードsimcard 香港simcard マカオ simcard 香港sim マカオ sim (2日間)""], ""network_generation_inferred"": [""carrier_support_local: SmarTone: 【安定した高速通信】香港 マカオで利用可能なプリペイドSIMカード。安定した4G-lte高速データ通信。キャリア：香港：Smartone、HKT、3 マカオ:CTM 。※データ容量無制限。ただしデータ一日使用量が2GBに達すると最大通信速度が128kbpsに低下します。翌日の香港時間0時自動的""]}"
amazon_jp,hk,【Almond SIM】台湾プリペイドSIMカード｜4日間 完全データ無制限 使い放題｜5G/4G-LTE 高速通信｜台北・高雄など 対応｜24時間安心サポート (4日間（24時間×4）),1580,32,,,50,,73,1일,1일,4일,unknown,5g_capable,5g_capable,high,"{""cmhk"": null, ""csl"": null, ""smartone"": null, ""three_hk"": null}","{""skt"": null, ""kt"": null, ""lgu"": null}",unlimited,https://www.amazon.co.jp/SIM%E3%80%91%E5%8F%B0%E6%B9%BE%E3%83%97%E3%83%AA%E3%83%9A%E3%82%A4%E3%83%89SIM%E3%82%AB%E3%83%BC%E3%83%89%EF%BD%9C4%E6%97%A5%E9%96%93-%E5%AE%8C%E5%85%A8%E3%83%87%E3%83%BC%E3%82%BF%E7%84%A1%E5%88%B6%E9%99%90-%E9%AB%98%E9%80%9F%E9%80%9A%E4%BF%A1%EF%BD%9C%E5%8F%B0%E5%8C%97%E3%83%BB%E9%AB%98%E9%9B%84%E3%81%AA%E3%81%A9-%E5%AF%BE%E5%BF%9C%EF%BD%9C24%E6%99%82%E9%96%93%E5%AE%89%E5%BF%83%E3%82%B5%E3%83%9D%E3%83%BC%E3%83%88-4%E6%97%A5%E9%96%93%EF%BC%8824%E6%99%82%E9%96%93%C3%974%EF%BC%89/dp/B0GPVSPCXV,B0GPVSPCXV,B0GPVSPCXV,株式会社ビッグコネクト,bigconnectのストアを表示,"{""price_jpy"": [""￥1,580""], ""usage_validity"": [""【日本語マニュアル付】SIMカード有効期限：ご購入してから1年間有効。（未使用の場合）。利用期間は、データを発生した時点から24時間を1日としてカウントされます。出張、留学などのご利用の場合は、数枚分にも適しています。""], ""activation_validity"": [""【Almond SIM】台湾プリペイドSIMカード｜4日間 完全データ無制限 使い放題｜5G/4G-LTE 高速通信｜台北・高雄など 対応｜24時間安心サポート (4日間（24時間×4）)""], ""data_amount"": [""【データプラン】データ通信専用のSIMです。台湾で利用可能なプリペイドSIMカード。※高速データ容量は無制限。完全使い放題プラン、本人確認やSIMカード認証は不要です。本SIMカードは3 in 1サイズに対応しております。切り取り用のガイドに沿って、ご利用端末のSIMサイズに合わせて押し出してご使用ください""], ""network_type"": [""local_signal: 【SKTelecoｍ公式認証】 韓国eSIM 3日間 (72時間) 電話番号付き 超高速データ無制限 最初の5分発信無料(韓国国内) お急ぎの方即時発行可(LINE相談受付中) 有効期限／ご購入日より120日以内 現地空港サポート(SKTelecomローミングセンター) SKテレコム正規品 韓国SIMカードタイプではありません"", ""roaming_signal: 商品の説明 【Almond sim】Almond SIMは、お客様が安定したネットワーク環境で快適に旅行を楽しめるように努めております。 運営会社である株式会社ビッグコネクト（電気通信事業者登録番号A-04-20504）が、 24時間年中無休 のカスタマーサポートは、日本語、英語、中国語、韓国語で対応しております。 商品に関することや設定方法、その他不明点が"", ""insufficient_or_conflicting_signals(local=3, roaming=4)""], ""network_generation"": [""strong_5g: title: 【Almond SIM】台湾プリペイドSIMカード｜4日間 完全データ無制限 使い放題｜5G/4G-LTE 高速通信｜台北・高雄など 対応｜24時間安心サポート (4日間（24時間×4）)"", ""strong_5g: title: 【Almond SIM】台湾プリペイドSIMカード｜4日間 完全データ無制限 使い放題｜5G/4G-LTE 高速通信｜台北・高雄など 対応｜24時間安心サポート (4日間（24時間×4）)""], ""monthly_sold_count"": [""Amazon.co.jp: 【Almond SIM】台湾プリペイドSIMカード｜4日間 完全データ無制限 使い放題｜5G/4G-LTE 高速通信｜台北・高雄など 対応｜24時間安心サポート (4日間（24時間×4）) : 家電＆カメラ 次に移動 メインコンテンツ この商品について この商品について この商品について 購入オプション 類似商品と比較する ビデオ""], ""review_count"": [""detail_page: (32)""], ""bestseller_rank"": [""Amazon 売れ筋ランキング 家電＆カメラ - 7,272位 ( 家電＆カメラの売れ筋ランキングを見る ) プリペイドSIMカード - 73位""], ""title"": [""【Almond SIM】台湾プリペイドSIMカード｜4日間 完全データ無制限 使い放題｜5G/4G-LTE 高速通信｜台北・高雄など 対応｜24時間安心サポート (4日間（24時間×4）)""], ""network_generation_inferred"": [""strong_5g: title: 【Almond SIM】台湾プリペイドSIMカード｜4日間 完全データ無制限 使い放題｜5G/4G-LTE 高速通信｜台北・高雄など 対応｜24時間安心サポート (4日間（24時間×4）)"", ""strong_5g: title: 【Almond SIM】台湾プリペイドSIMカード｜4日間 完全データ無制限 使い放題｜5G/4G-LTE 高速通信｜台北・高雄など 対応｜24時間安心サポート (4日間（24時間×4）)""]}"
amazon_jp,hk,"【東南アジアeSIM】7日間7GB｜11地域対応（シンガポール,タイ,マレーシア,インドネシア,ベトナム,台湾・香港・マカオ,韓国,オーストラリア,ニュージーランド）｜5G/4G対応 高速データ通信｜即日メール配信 ｜使用ガイド付き｜テザリング対応｜365日LINEサポート｜QRコードで簡単設定 SIMカード不要 (7日間7GB)",1299,7,,,,,918,4일,4일,7일,unknown,5g_capable,5g_capable,high,"{""cmhk"": null, ""csl"": null, ""smartone"": null, ""three_hk"": null}","{""skt"": null, ""kt"": null, ""lgu"": null}",1GB/day,https://www.amazon.co.jp/4G%E5%AF%BE%E5%BF%9C-%E9%AB%98%E9%80%9F%E3%83%87%E3%83%BC%E3%82%BF%E9%80%9A%E4%BF%A1%EF%BD%9C%E5%8D%B3%E6%97%A5%E7%99%BA%E8%A1%8C-SIM%E3%82%AB%E3%83%BC%E3%83%89%E4%B8%8D%E8%A6%81-7%E6%97%A5%E9%96%937GB/dp/B0FHBCSGM5,B0FHBCSGM5,B0FHBCSGM5,トリリオン・コネクト,Billion Connectのストアを表示,"{""price_jpy"": [""￥1,299""], ""usage_validity"": [""【プランの利用日数の計算方法】 eSIMの有効期間は、アクティベートした時点から起算され、24時間単位で計算されます。 （例：10月1日10:00に3日間のプランをアクティベートした場合、有効期限は10月4日10:00までとなります。）""], ""activation_validity"": [""【東南アジアeSIM】7日間7GB｜11地域対応（シンガポール,タイ,マレーシア,インドネシア,ベトナム,台湾・香港・マカオ,韓国,オーストラリア,ニュージーランド）｜5G/4G対応 高速データ通信｜即日メール配信 ｜使用ガイド付き｜テザリング対応｜365日LINEサポート｜QRコードで簡単設定 SIMカード不要 (7日間7GB)""], ""data_amount"": [""【7日間7GB｜5G/4G対応】 この東南アジアeSIMなら、7日間毎日1GBの高速データ通信が楽しめます！毎日の1GBを使い切った後は、速度が384kbpsに制限されますが、 LINE、WhatsApp、Messengerなどのアプリでの文字チャット、メール送受信、地図の閲覧やナビゲーションは引き続きご利用いただけます。""], ""network_type"": [""no_local_or_roaming_keyword_matched""], ""network_generation"": [""strong_5g: title: 【東南アジアeSIM】7日間7GB｜11地域対応（シンガポール,タイ,マレーシア,インドネシア,ベトナム,台湾・香港・マカオ,韓国,オーストラリア,ニュージーランド）｜5G/4G対応 高速データ通信｜即日メール配信 ｜使用ガイド付き｜テザリング対応｜365日LINEサポート｜QRコードで簡単設定 SIMカード不要 (7日間7GB)"", ""strong_5g: title: 【東南アジアeSIM】7日間7GB｜11地域対応（シンガポール,タイ,マレーシア,インドネシア,ベトナム,台湾・香港・マカオ,韓国,オーストラリア,ニュージーランド）｜5G/4G対応 高速データ通信｜即日メール配信 ｜使用ガイド付き｜テザリング対応｜365日LINEサポート｜QRコードで簡単設定 SIMカード不要 (7日間7GB)"", ""4g_lte_signal_present_but_5g_capable_takes_precedence""], ""review_count"": [""detail_page: (7)""], ""bestseller_rank"": [""Amazon 売れ筋ランキング 家電＆カメラ - 102,991位 ( 家電＆カメラの売れ筋ランキングを見る ) プリペイドSIMカード - 918位""], ""title"": [""【東南アジアeSIM】7日間7GB｜11地域対応（シンガポール,タイ,マレーシア,インドネシア,ベトナム,台湾・香港・マカオ,韓国,オーストラリア,ニュージーランド）｜5G/4G対応 高速データ通信｜即日メール配信 ｜使用ガイド付き｜テザリング対応｜365日LINEサポート｜QRコードで簡単設定 SIMカード不要 (7日間7GB)""], ""network_generation_inferred"": [""strong_5g: title: 【東南アジアeSIM】7日間7GB｜11地域対応（シンガポール,タイ,マレーシア,インドネシア,ベトナム,台湾・香港・マカオ,韓国,オーストラリア,ニュージーランド）｜5G/4G対応 高速データ通信｜即日メール配信 ｜使用ガイド付き｜テザリング対応｜365日LINEサポート｜QRコードで簡単設定 SIMカード不要 (7日間7GB)"", ""strong_5g: title: 【東南アジアeSIM】7日間7GB｜11地域対応（シンガポール,タイ,マレーシア,インドネシア,ベトナム,台湾・香港・マカオ,韓国,オーストラリア,ニュージーランド）｜5G/4G対応 高速データ通信｜即日メール配信 ｜使用ガイド付き｜テザリング対応｜365日LINEサポート｜QRコードで簡単設定 SIMカード不要 (7日間7GB)"", ""4g_lte_signal_present_but_5g_capable_takes_precedence""]}"
amazon_jp,hk,【中国 香港 マカオSIM】高速データ通信・定額プラン データ専用（電話番号なし） 中華圏 プリペイドSIMカード 中国ネット規制対象外 年中無休・24時間サポート 中華圏 SIM (8日間 | 3GB),1280,5,,,,,1280,5일,5일,8일,unknown,unknown,unknown,low,"{""cmhk"": null, ""csl"": null, ""smartone"": null, ""three_hk"": true}","{""skt"": null, ""kt"": null, ""lgu"": null}",3GB,https://www.amazon.co.jp/%E3%83%9E%E3%82%AB%E3%82%AASIM%E3%80%91%E9%AB%98%E9%80%9F%E3%83%87%E3%83%BC%E3%82%BF%E9%80%9A%E4%BF%A1%E3%83%BB%E5%AE%9A%E9%A1%8D%E3%83%97%E3%83%A9%E3%83%B3-%E3%83%87%E3%83%BC%E3%82%BF%E5%B0%82%E7%94%A8%EF%BC%88%E9%9B%BB%E8%A9%B1%E7%95%AA%E5%8F%B7%E3%81%AA%E3%81%97%EF%BC%89-%E5%B9%B4%E4%B8%AD%E7%84%A1%E4%BC%91%E3%83%BB24%E6%99%82%E9%96%93%E3%82%B5%E3%83%9D%E3%83%BC%E3%83%88-8%E6%97%A5%E9%96%93-3GB/dp/B0DHPQLKZY,B0DHPQLKZY,B0DHPQLKZY,Global Simcard,アーモンド　ＳＩｍ　ｃａｒｄのストアを表示,"{""price_jpy"": [""￥1,280""], ""usage_validity"": [""大中華区SIMカード-中国、香港、マカオ、台湾向けプリペイドデータプラン｜1 GB毎日データ、5日有効期限｜高速4/5 G LTE｜旅行者に最適""], ""activation_validity"": [""【中国 香港 マカオSIM】高速データ通信・定額プラン データ専用（電話番号なし） 中華圏 プリペイドSIMカード 中国ネット規制対象外 年中無休・24時間サポート 中華圏 SIM (8日間 | 3GB)""], ""data_amount"": [""型番 8日間 | 3GB""], ""network_type"": [""local_signal: 【ベトナムeSIM】 7日間 高速データ無制限 電話番号付き 通話・SMS受信のみ可能 お急ぎの方即日対応(LINE相談受付中) 有効期限 / ご購入日より30日以内 ベトナムSIMカードタイプではありません"", ""roaming_signal: 【中国ネット制限なし】中国本土で利用する際にはローミング接続を行い、中国政府のネット規制を回避して、Google、Facebook、Twitter、Instagramなどにアクセスできます。"", ""insufficient_or_conflicting_signals(local=3, roaming=4)""], ""network_generation"": [""fallback_5g: usage_validity: 大中華区SIMカード-中国、香港、マカオ、台湾向けプリペイドデータプラン｜1 GB毎日データ、5日有効期限｜高速4/5 G LTE｜旅行者に最適"", ""fallback_4g_lte: usage_validity: 大中華区SIMカード-中国、香港、マカオ、台湾向けプリペイドデータプラン｜1 GB毎日データ、5日有効期限｜高速4/5 G LTE｜旅行者に最適"", ""fallback_only_network_generation_signal""], ""carrier_support_local"": [""3HK: 【キャリア】中国：China Telecom、香港：3HK、マカオ：CTM。中華圏への旅行に最適な、便利なプリペイドSIMカードをご用意しています。"", ""3HK: ⭐【データ容量】利用期間中に定額GB数を使い切った場合、通信は自動的に停止します。 ⭐【有効期限】ご購入後1年間有効です（未使用の場合）。観光や駐在などの際には、複数枚のご購入もおすすめです。 ⭐【中国ネット制限なし】中国本土で利用する際にはローミング接続を行い、中国政府のネット規制を回避して、Go"", ""3HK: サービスプロバイダ China Telecom、3HK、CTM"", ""3HK: Amazon.co.jp: 【中国 香港 マカオSIM】高速データ通信・定額プラン データ専用（電話番号なし） 中華圏 プリペイドSIMカード 中国ネット規制対象外 年中無休・24時間サポート 中華圏 SIM (8日間 | 3GB) : 家電＆カメラ 次に移動 メインコンテンツ この商品について こ""], ""review_count"": [""detail_page: (5)""], ""bestseller_rank"": [""Amazon 売れ筋ランキング 家電＆カメラ - 157,744位 ( 家電＆カメラの売れ筋ランキングを見る ) プリペイドSIMカード - 1,280位""], ""title"": [""【中国 香港 マカオSIM】高速データ通信・定額プラン データ専用（電話番号なし） 中華圏 プリペイドSIMカード 中国ネット規制対象外 年中無休・24時間サポート 中華圏 SIM (8日間 | 3GB)""], ""network_generation_inferred"": [""no_medium_generation_signal""]}"
amazon_jp,hk,【中国SIMカード】30日間 5GB高速データ＋低速無制限｜中国・香港・マカオ対応｜中国本土でもGoogle・LINE・YouTube利用可能｜24時間サポート｜中国本土 プリペイドSIM 中国 sim (30日間｜5GB),1480,46,,,,,534,30일,30일,30일,unknown,unknown,5g_capable,medium,"{""cmhk"": null, ""csl"": null, ""smartone"": null, ""three_hk"": true}","{""skt"": null, ""kt"": null, ""lgu"": null}",5GB,https://www.amazon.co.jp/%E3%80%90%E4%B8%AD%E5%9B%BDSIM%E3%82%AB%E3%83%BC%E3%83%89%E3%80%9130%E6%97%A5%E9%96%93-5GB%E9%AB%98%E9%80%9F%E3%83%87%E3%83%BC%E3%82%BF%EF%BC%8B%E4%BD%8E%E9%80%9F%E7%84%A1%E5%88%B6%E9%99%90%EF%BD%9C%E4%B8%AD%E5%9B%BD%E3%83%BB%E9%A6%99%E6%B8%AF%E3%83%BB%E3%83%9E%E3%82%AB%E3%82%AA%E5%AF%BE%E5%BF%9C%EF%BD%9C%E4%B8%AD%E5%9B%BD%E6%9C%AC%E5%9C%9F%E3%81%A7%E3%82%82Google%E3%83%BBLINE%E3%83%BBYouTube%E5%88%A9%E7%94%A8%E5%8F%AF%E8%83%BD%EF%BD%9C24%E6%99%82%E9%96%93%E3%82%B5%E3%83%9D%E3%83%BC%E3%83%88%EF%BD%9C%E4%B8%AD%E5%9B%BD%E6%9C%AC%E5%9C%9F-%E3%83%97%E3%83%AA%E3%83%9A%E3%82%A4%E3%83%89SIM-sim-30%E6%97%A5%E9%96%93%EF%BD%9C5GB/dp/B0FPR3TNGW,B0FPR3TNGW,B0FPR3TNGW,Global Simcard,アーモンド　ＳＩｍ　ｃａｒｄのストアを表示,"{""price_jpy"": [""￥1,480""], ""usage_validity"": [""【中国SIMカード】30日間 5GB高速データ＋低速無制限｜中国・香港・マカオ対応｜中国本土でもGoogle・LINE・YouTube利用可能｜24時間サポート｜中国本土 プリペイドSIM 中国 sim (30日間｜5GB)""], ""activation_validity"": [""⭐【高速データ通信】中国本土・香港・マカオ対応。30日間で合計5GBまで4G/5G高速通信が利用可能。超過後も128kbpsで通信継続でき、低速無制限で安心。 ⭐【中国ネット制限なし】香港ローミング接続で中国政府の規制対象外。Google、LINE、YouTube、SNSなど主要アプリがVPN不要で利用可能。本人確認も不要です。 ⭐【有効期限】未使用なら購入""], ""data_amount"": [""⭐【高速データ通信】中国本土・香港・マカオ対応。30日間で合計5GBまで4G/5G高速通信が利用可能。超過後も128kbpsで通信継続でき、低速無制限で安心。""], ""network_type"": [""local_signal: 【SKTelecoｍ公式認証】 韓国eSIM 3日間 (72時間) 電話番号付き 超高速データ無制限 最初の5分発信無料(韓国国内) お急ぎの方即時発行可(LINE相談受付中) 有効期限／ご購入日より120日以内 現地空港サポート(SKTelecomローミングセンター) SKテレコム正規品 韓国SIMカードタイプではありません"", ""roaming_signal: ⭐【中国ネット制限なし】香港ローミング接続で中国政府の規制対象外。Google、LINE、YouTube、SNSなど主要アプリがVPN不要で利用可能。本人確認も不要です。"", ""insufficient_or_conflicting_signals(local=3, roaming=3)""], ""network_generation"": [""fallback_5g: usage_validity: 【中国SIMカード】30日間 5GB高速データ＋低速無制限｜中国・香港・マカオ対応｜中国本土でもGoogle・LINE・YouTube利用可能｜24時間サポート｜中国本土 プリペイドSIM 中国 sim (30日間｜5GB)"", ""fallback_4g_lte: activation_validity: ⭐【高速データ通信】中国本土・香港・マカオ対応。30日間で合計5GBまで4G/5G高速通信が利用可能。超過後も128kbpsで通信継続でき、低速無制限で安心。 ⭐【中国ネット制限なし】香港ローミング接続で中国政府の規制対象外。Google、LINE、YouTube、SNSなど主要アプリがVPN不要で利用可能。本人確認"", ""fallback_only_network_generation_signal""], ""carrier_support_local"": [""3HK: ⭐【対応キャリア】中国本土：中国電信（China Telecom）、香港：3HK、マカオ：CTM。中華圏への渡航に幅広く対応。"", ""3HK: ⭐【高速データ通信】中国本土・香港・マカオ対応。30日間で合計5GBまで4G/5G高速通信が利用可能。超過後も128kbpsで通信継続でき、低速無制限で安心。 ⭐【中国ネット制限なし】香港ローミング接続で中国政府の規制対象外。Google、LINE、YouTube、SNSなど主要アプリがVPN不要で"", ""3HK: サービスプロバイダ China Telecom/3HK /CTM"", ""3HK: Amazon.co.jp: 【中国SIMカード】30日間 5GB高速データ＋低速無制限｜中国・香港・マカオ対応｜中国本土でもGoogle・LINE・YouTube利用可能｜24時間サポート｜中国本土 プリペイドSIM 中国 sim (30日間｜5GB) : 家電＆カメラ 次に移動 メインコンテンツ ""], ""review_count"": [""detail_page: (46)""], ""bestseller_rank"": [""Amazon 売れ筋ランキング 家電＆カメラ - 49,852位 ( 家電＆カメラの売れ筋ランキングを見る ) プリペイドSIMカード - 534位""], ""title"": [""【中国SIMカード】30日間 5GB高速データ＋低速無制限｜中国・香港・マカオ対応｜中国本土でもGoogle・LINE・YouTube利用可能｜24時間サポート｜中国本土 プリペイドSIM 中国 sim (30日間｜5GB)""], ""network_generation_inferred"": [""title: 【中国SIMカード】30日間 5GB高速データ＋低速無制限｜中国・香港・マカオ対応｜中国本土でもGoogle・LINE・YouTube利用可能｜24時間サポート｜中国本土 プリペイドSIM 中国 sim (30日間｜5GB)"", ""carrier_support_local: 3HK: ⭐【高速データ通信】中国本土・香港・マカオ対応。30日間で合計5GBまで4G/5G高速通信が利用可能。超過後も128kbpsで通信継続でき、低速無制限で安心。 ⭐【中国ネット制限なし】香港ローミング接続で中国政府の規制対象外。Google、LINE、YouTube、SNSなど主要アプリがVPN不要で"", ""carrier_support_local: 3HK: Amazon.co.jp: 【中国SIMカード】30日間 5GB高速データ＋低速無制限｜中国・香港・マカオ対応｜中国本土でもGoogle・LINE・YouTube利用可能｜24時間サポート｜中国本土 プリペイドSIM 中国 sim (30日間｜5GB) : 家電＆カメラ 次に移動 メインコンテンツ ""]}"
amazon_jp,hk,【Almond SIM】中国本土 香港 マカオ simcard 4日間 高速データ通信 データ無制限 中国ネット規制対象外 中国でもGoogle、LINE、YouTubeなどVPNなしで利用可能 24時間安心サポート 5G 4G-LTE対応 プリペイド SIMカード China simカード (4日間4GB),1180,13,,,,,1368,3일,3일,4일,unknown,5g_capable,5g_capable,high,"{""cmhk"": null, ""csl"": null, ""smartone"": null, ""three_hk"": true}","{""skt"": null, ""kt"": null, ""lgu"": null}",unlimited,https://www.amazon.co.jp/SIM%E3%80%91%E4%B8%AD%E5%9B%BD%E6%9C%AC%E5%9C%9F-%E4%B8%AD%E5%9B%BD%E3%83%8D%E3%83%83%E3%83%88%E8%A6%8F%E5%88%B6%E5%AF%BE%E8%B1%A1%E5%A4%96-%E4%B8%AD%E5%9B%BD%E3%81%A7%E3%82%82Google%E3%80%81LINE%E3%80%81YouTube%E3%81%AA%E3%81%A9VPN%E3%81%AA%E3%81%97%E3%81%A7%E5%88%A9%E7%94%A8%E5%8F%AF%E8%83%BD-24%E6%99%82%E9%96%93%E5%AE%89%E5%BF%83%E3%82%B5%E3%83%9D%E3%83%BC%E3%83%88-4%E6%97%A5%E9%96%934GB/dp/B0DX5QDB3J,B0DX5QDB3J,B0DX5QDB3J,株式会社ビッグコネクト,bigconnectのストアを表示,"{""price_jpy"": [""￥1,180""], ""usage_validity"": [""【SKTelecoｍ公式認証】 韓国eSIM 3日間 (72時間) 電話番号付き 超高速データ無制限 最初の5分発信無料(韓国国内) お急ぎの方即時発行可(LINE相談受付中) 有効期限／ご購入日より120日以内 現地空港サポート(SKTelecomローミングセンター) SKテレコム正規品 韓国SIMカードタイプではありません""], ""activation_validity"": [""【Almond SIM】中国本土 香港 マカオ simcard 4日間 高速データ通信 データ無制限 中国ネット規制対象外 中国でもGoogle、LINE、YouTubeなどVPNなしで利用可能 24時間安心サポート 5G 4G-LTE対応 プリペイド SIMカード China simカード (4日間4GB)""], ""data_amount"": [""【データプラン】データ通信専用のSIMです。中国大陸、香港、マカオを含む利用可能なプリペイドSIMカード。※データ容量は無制限ですが、1日の使用量が1GBに達すると最大通信速度が256kbpsに低下します。この速度制限は翌日の現地時間0時に自動的に解除されます。中国ネット規制対象外 中国でもGoogle、LINE、YouTubeなどVPNなしで利用可能、本人""], ""network_type"": [""local_signal: 【SKTelecoｍ公式認証】 韓国eSIM 3日間 (72時間) 電話番号付き 超高速データ無制限 最初の5分発信無料(韓国国内) お急ぎの方即時発行可(LINE相談受付中) 有効期限／ご購入日より120日以内 現地空港サポート(SKTelecomローミングセンター) SKテレコム正規品 韓国SIMカードタイプではありません"", ""roaming_signal: 【中国ネット制限なし】中国本土での利用の場合は香港ローミング接続を行います。これにより中国政府のネット規制対象外となり、Google、Facebook、Twitter、Instagram等に接続可能です。中華圏渡航スケジュールに対応する手軽なプリペイドSIMカード。キャリア：中国：China Telecom 香港：3HK マカオ: CTM。"", ""insufficient_or_conflicting_signals(local=3, roaming=4)""], ""network_generation"": [""strong_5g: title: 【Almond SIM】中国本土 香港 マカオ simcard 4日間 高速データ通信 データ無制限 中国ネット規制対象外 中国でもGoogle、LINE、YouTubeなどVPNなしで利用可能 24時間安心サポート 5G 4G-LTE対応 プリペイド SIMカード China simカード (4日間4GB)"", ""strong_5g: title: 【Almond SIM】中国本土 香港 マカオ simcard 4日間 高速データ通信 データ無制限 中国ネット規制対象外 中国でもGoogle、LINE、YouTubeなどVPNなしで利用可能 24時間安心サポート 5G 4G-LTE対応 プリペイド SIMカード China simカード (4日間4GB)"", ""4g_lte_signal_present_but_5g_capable_takes_precedence""], ""carrier_support_local"": [""3HK: 【中国ネット制限なし】中国本土での利用の場合は香港ローミング接続を行います。これにより中国政府のネット規制対象外となり、Google、Facebook、Twitter、Instagram等に接続可能です。中華圏渡航スケジュールに対応する手軽なプリペイドSIMカード。キャリア：中国：China Tel"", ""3HK: サービスプロバイダ 中国：China Telecom 香港：3HK マカオ: CTM"", ""3HK: Amazon.co.jp: 【Almond SIM】中国本土 香港 マカオ simcard 4日間 高速データ通信 データ無制限 中国ネット規制対象外 中国でもGoogle、LINE、YouTubeなどVPNなしで利用可能 24時間安心サポート 5G 4G-LTE対応 プリペイド SIMカード Ch""], ""review_count"": [""detail_page: (13)""], ""bestseller_rank"": [""Amazon 売れ筋ランキング 家電＆カメラ - 169,275位 ( 家電＆カメラの売れ筋ランキングを見る ) プリペイドSIMカード - 1,368位""], ""title"": [""【Almond SIM】中国本土 香港 マカオ simcard 4日間 高速データ通信 データ無制限 中国ネット規制対象外 中国でもGoogle、LINE、YouTubeなどVPNなしで利用可能 24時間安心サポート 5G 4G-LTE対応 プリペイド SIMカード China simカード (4日間4GB)""], ""network_generation_inferred"": [""strong_5g: title: 【Almond SIM】中国本土 香港 マカオ simcard 4日間 高速データ通信 データ無制限 中国ネット規制対象外 中国でもGoogle、LINE、YouTubeなどVPNなしで利用可能 24時間安心サポート 5G 4G-LTE対応 プリペイド SIMカード China simカード (4日間4GB)"", ""strong_5g: title: 【Almond SIM】中国本土 香港 マカオ simcard 4日間 高速データ通信 データ無制限 中国ネット規制対象外 中国でもGoogle、LINE、YouTubeなどVPNなしで利用可能 24時間安心サポート 5G 4G-LTE対応 プリペイド SIMカード China simカード (4日間4GB)"", ""4g_lte_signal_present_but_5g_capable_takes_precedence""]}"
amazon_jp,hk,【中国 香港 マカオ eSIM】4日間 無制限 実名登録不要 高速データ通信 低速なし 中国ネット規制対象外 Line、Youtube、GoogleなどVPNなしで利用可能 QRコード設定 メール登録で納品 即日発行対応 急ぎの方LINEサポートあり 中国esim 香港esim マカオesim マグロeSIM,1680,43,,,,,960,1일,1일,4일,unknown,unknown,unknown,low,"{""cmhk"": null, ""csl"": null, ""smartone"": null, ""three_hk"": null}","{""skt"": null, ""kt"": null, ""lgu"": null}",unlimited,https://www.amazon.co.jp/eSIM%E3%80%914%E6%97%A5%E9%96%93-%E4%B8%AD%E5%9B%BD%E3%83%8D%E3%83%83%E3%83%88%E8%A6%8F%E5%88%B6%E5%AF%BE%E8%B1%A1%E5%A4%96-Line%E3%80%81Youtube%E3%80%81Google%E3%81%AA%E3%81%A9VPN%E3%81%AA%E3%81%97%E3%81%A7%E5%88%A9%E7%94%A8%E5%8F%AF%E8%83%BD-%E6%80%A5%E3%81%8E%E3%81%AE%E6%96%B9LINE%E3%82%B5%E3%83%9D%E3%83%BC%E3%83%88%E3%81%82%E3%82%8A-%E3%83%9E%E3%82%B0%E3%83%ADeSIM/dp/B0DW837B3C,B0DW837B3C,B0DW837B3C,マグロeSIM,マグロeSIMのストアを表示,"{""price_jpy"": [""￥1,680""], ""usage_validity"": [""【注意事項①】有効期限：eSIM QRコードを受け取ってから90日間です（有効期間内にご利用ください）。eSIMの使用期間については、24時間を1日とカウントされますので、ご了承ください。""], ""activation_validity"": [""【中国 香港 マカオ eSIM】4日間 無制限 実名登録不要 高速データ通信 低速なし 中国ネット規制対象外 Line、Youtube、GoogleなどVPNなしで利用可能 QRコード設定 メール登録で納品 即日発行対応 急ぎの方LINEサポートあり 中国esim 香港esim マカオesim マグロeSIM""], ""data_amount"": [""【高速データ】高速データ通信が無制限に使用可能です。""], ""network_type"": [""local_signal: 【チョコSIM 定額（Sプラン）】【中国の電話番号付きでアプリや施設サービスのSMS認証が可能】【データ容量】合計500MB/月【音声】合計20分間/月 データ/音声/SMS付きSIMカード 中国SIM マカオSIM China unicom ※こちらのSIMカードは契約後、毎月の基本料が発生いたします。※2024年11月1日から台湾でのご利用はできなくなり"", ""roaming_signal: 商品の説明 購入前にご注意！ 注意事項①：ご購入後、商品画像に記載されたURLにアクセスし必要事項を入力→メールアドレスにPDFの説明書とeSIMのQRコードが届きます！ 注意事項②：SIMロックフリー端末、もしくはSIMフリー端末専用のサービスです。必ず、ご利用端末がeSIM対応かどうかご確認ください。 注意事項③：eSIM対応端末のみ利用可能。※通信キャ"", ""insufficient_or_conflicting_signals(local=6, roaming=3)""], ""network_generation"": [""fallback_5g: network_generation: fallback_5g: source:image_alt: 【中国・香港・マカオ eSIM】1日間 0.5GB/毎日（一日間 コスパ重視） DeSiM正規卸 |LINE相談受付中 |データ通信専用（電話番号なし） simフリー端末のみ対応 説明書付 イーシム DeSiM"", ""fallback_4g_lte: network_generation: fallback_4g_lte: source:image_alt: 【Almond eSIM】中国 esim 高速データ通信 完全無制限 当日発行可能 中国ネット規制対象外 中国でもGoogle、LINE、YouTubeなどVPNなしで利用可能 出発前の接続テスト用 日本国内500MB eSIM付 24時間サポート "", ""fallback_only_network_generation_signal""], ""review_count"": [""detail_page: (43)""], ""bestseller_rank"": [""Amazon 売れ筋ランキング 家電＆カメラ - 107,760位 ( 家電＆カメラの売れ筋ランキングを見る ) プリペイドSIMカード - 960位""], ""title"": [""【中国 香港 マカオ eSIM】4日間 無制限 実名登録不要 高速データ通信 低速なし 中国ネット規制対象外 Line、Youtube、GoogleなどVPNなしで利用可能 QRコード設定 メール登録で納品 即日発行対応 急ぎの方LINEサポートあり 中国esim 香港esim マカオesim マグロeSIM""], ""network_generation_inferred"": [""no_medium_generation_signal""]}"
amazon_jp,hk,【中国 香港 マカオSIM】10日間 10GB高速データ通信 低速使い放題 TikTok利用可能 データ通信専用 (電話番号なし) 4G／5G対応 プリペイドSIMカード 中国 SIM 香港 SIM mewfi,1980,12,,,,,782,1일,1일,10일,unknown,5g_capable,5g_capable,high,"{""cmhk"": null, ""csl"": null, ""smartone"": null, ""three_hk"": null}","{""skt"": null, ""kt"": null, ""lgu"": null}",10GB,https://www.amazon.co.jp/%E3%83%9E%E3%82%AB%E3%82%AASIM%E3%80%9110%E6%97%A5%E9%96%93-10GB%E9%AB%98%E9%80%9F%E3%83%87%E3%83%BC%E3%82%BF%E9%80%9A%E4%BF%A1-TikTok%E5%88%A9%E7%94%A8%E5%8F%AF%E8%83%BD-%E3%83%97%E3%83%AA%E3%83%9A%E3%82%A4%E3%83%89SIM%E3%82%AB%E3%83%BC%E3%83%89-mewfi/dp/B0FKMBF45B,B0FKMBF45B,B0FKMBF45B,Mewfi 正規販売店,mewfiのストアを表示,"{""price_jpy"": [""￥1,980""], ""usage_validity"": [""【有効期限】本SIMカードの有効期限は2026年12月31日まで（定期的に更新）です。現地ネットワークに接続した時点から24時間を1日としてカウントされます。""], ""activation_validity"": [""【中国 香港 マカオSIM】10日間 10GB高速データ通信 低速使い放題 TikTok利用可能 データ通信専用 (電話番号なし) 4G／5G対応 プリペイドSIMカード 中国 SIM 香港 SIM mewfi""], ""data_amount"": [""【高速データ通信】中国本土・香港・マカオで利用可能な10日間有効のプリペイドSIMカードです。期間中は合計10GBまで高速通信が可能で、上限を超えた後も128kbpsの低速通信で継続利用が可能です。""], ""network_type"": [""local_signal: 【ベトナムSIMカード】4日間 高速データ通信 無制限(速度低下なし) データ通信専用 4G/5G対応 ベトナム現地通信回線 mewfi"", ""roaming_signal: 【ご利用方法】ご利用前に簡単な予約手続きを行うだけでOK。現地に到着後、SIMカードを挿入し、ローミングを有効にすれば自動的にインターネットに接続されます。"", ""insufficient_or_conflicting_signals(local=6, roaming=2)""], ""network_generation"": [""strong_5g: title: 【中国 香港 マカオSIM】10日間 10GB高速データ通信 低速使い放題 TikTok利用可能 データ通信専用 (電話番号なし) 4G／5G対応 プリペイドSIMカード 中国 SIM 香港 SIM mewfi"", ""strong_5g: title: 【中国 香港 マカオSIM】10日間 10GB高速データ通信 低速使い放題 TikTok利用可能 データ通信専用 (電話番号なし) 4G／5G対応 プリペイドSIMカード 中国 SIM 香港 SIM mewfi""], ""review_count"": [""detail_page: (12)""], ""bestseller_rank"": [""Amazon 売れ筋ランキング 家電＆カメラ - 85,535位 ( 家電＆カメラの売れ筋ランキングを見る ) プリペイドSIMカード - 782位""], ""title"": [""【中国 香港 マカオSIM】10日間 10GB高速データ通信 低速使い放題 TikTok利用可能 データ通信専用 (電話番号なし) 4G／5G対応 プリペイドSIMカード 中国 SIM 香港 SIM mewfi""], ""network_generation_inferred"": [""strong_5g: title: 【中国 香港 マカオSIM】10日間 10GB高速データ通信 低速使い放題 TikTok利用可能 データ通信専用 (電話番号なし) 4G／5G対応 プリペイドSIMカード 中国 SIM 香港 SIM mewfi"", ""strong_5g: title: 【中国 香港 マカオSIM】10日間 10GB高速データ通信 低速使い放題 TikTok利用可能 データ通信専用 (電話番号なし) 4G／5G対応 プリペイドSIMカード 中国 SIM 香港 SIM mewfi""]}"
amazon_jp,hk,【中国本土・香港eSIM】10日間 3GB（コスパ重視） LINE相談受付中｜データ通信専用（電話番号なし） | simフリー端末のみ対応 説明書付 イーシム simless,1120,11,,,,,1121,7일,7일,10일,local,unknown,unknown,low,"{""cmhk"": null, ""csl"": null, ""smartone"": null, ""three_hk"": null}","{""skt"": null, ""kt"": null, ""lgu"": null}",unlimited,https://www.amazon.co.jp/%E3%80%90%E4%B8%AD%E5%9B%BD%E6%9C%AC%E5%9C%9F%E3%83%BB%E9%A6%99%E6%B8%AFeSIM%E3%80%9110%E6%97%A5%E9%96%93-3GB%EF%BC%88%E3%82%B3%E3%82%B9%E3%83%91%E9%87%8D%E8%A6%96%EF%BC%89-LINE%E7%9B%B8%E8%AB%87%E5%8F%97%E4%BB%98%E4%B8%AD%EF%BD%9C%E3%83%87%E3%83%BC%E3%82%BF%E9%80%9A%E4%BF%A1%E5%B0%82%E7%94%A8%EF%BC%88%E9%9B%BB%E8%A9%B1%E7%95%AA%E5%8F%B7%E3%81%AA%E3%81%97%EF%BC%89-sim%E3%83%95%E3%83%AA%E3%83%BC%E7%AB%AF%E6%9C%AB%E3%81%AE%E3%81%BF%E5%AF%BE%E5%BF%9C-simless/dp/B0F11GNFJ6,B0F11GNFJ6,B0F11GNFJ6,DeSiM,DeSiMのストアを表示,"{""price_jpy"": [""￥1,120""], ""usage_validity"": [""商品の説明 購入前の注意事項 【注意事項】 注意事項①：本商品はデータ通信専用です（通話はご利用いただけません）。ご注意ください。 注意事項②：SIMロックフリー端末、もしくはSIMフリー端末専用のサービスです。必ず、ご利用端末がeSIM対応かどうかご確認ください。 注意事項③：2021年10月1日以前にSIMロック解除をキャリア店頭またはインターネットでさ""], ""activation_validity"": [""【中国本土・香港eSIM】10日間 3GB（コスパ重視） LINE相談受付中｜データ通信専用（電話番号なし） | simフリー端末のみ対応 説明書付 イーシム simless""], ""data_amount"": [""商品の説明 購入前の注意事項 【注意事項】 注意事項①：本商品はデータ通信専用です（通話はご利用いただけません）。ご注意ください。 注意事項②：SIMロックフリー端末、もしくはSIMフリー端末専用のサービスです。必ず、ご利用端末がeSIM対応かどうかご確認ください。 注意事項③：2021年10月1日以前にSIMロック解除をキャリア店頭またはインターネットでさ""], ""network_type"": [""商品の説明 購入前の注意事項 【注意事項】 注意事項①：本商品はデータ通信専用です（通話はご利用いただけません）。ご注意ください。 注意事項②：SIMロックフリー端末、もしくはSIMフリー端末専用のサービスです。必ず、ご利用端末がeSIM対応かどうかご確認ください。 注意事項③：2021年10月1日以前にSIMロック解除をキャリア店頭またはインターネットでさ"", ""【チョコSIM 定額（Sプラン）】【中国の電話番号付きでアプリや施設サービスのSMS認証が可能】【データ容量】合計500MB/月【音声】合計20分間/月 データ/音声/SMS付きSIMカード 中国SIM マカオSIM China unicom ※こちらのSIMカードは契約後、毎月の基本料が発生いたします。※2024年11月1日から台湾でのご利用はできなくなり"", ""score: local=9, roaming=1""], ""network_generation"": [""fallback_5g: network_generation: fallback_5g: source:image_alt: 【中国・香港・マカオ eSIM】5日間 5GB（四泊五日 コスパ重視） DeSiM正規卸 |LINE相談受付中 |データ通信専用（電話番号なし） simフリー端末のみ対応 説明書付 イーシム"", ""fallback_4g_lte: network_generation: strong_4g_lte: source:feature_bullets: 🎯【4G / LTE高速通信】高速インターネット通信可能！旅行や出張先でもスムーズな接続をサポート✈️"", ""fallback_only_network_generation_signal""], ""review_count"": [""detail_page: (11)""], ""bestseller_rank"": [""Amazon 売れ筋ランキング 家電＆カメラ - 132,897位 ( 家電＆カメラの売れ筋ランキングを見る ) プリペイドSIMカード - 1,121位""], ""title"": [""【中国本土・香港eSIM】10日間 3GB（コスパ重視） LINE相談受付中｜データ通信専用（電話番号なし） | simフリー端末のみ対応 説明書付 イーシム simless""], ""network_generation_inferred"": [""no_medium_generation_signal""]}"
amazon_jp,hk,[香港eSIM、マカオeSIM｜メール納品]香港SIM、マカオSIM 5日間無制限超高速データ通信｜China Telecom対応の4G回線｜即日発行、QR簡単設定｜デザリング可｜旅行・出張・留学に最適｜LINE365日24時間サポート｜非物理SIM｜有効期限はご購入日より180日以内 (5日間無制限),1839,238,,,,,167,5일,5일,5일,roaming,unknown,5g_capable,medium,"{""cmhk"": null, ""csl"": null, ""smartone"": null, ""three_hk"": null}","{""skt"": null, ""kt"": null, ""lgu"": null}",1GB/day,https://www.amazon.co.jp/%E9%A6%99%E6%B8%AFeSIM%E3%80%81%E3%83%9E%E3%82%AB%E3%82%AAeSIM%EF%BD%9C%E3%83%A1%E3%83%BC%E3%83%AB%E7%B4%8D%E5%93%81-%E9%A6%99%E6%B8%AFSIM%E3%80%81%E3%83%9E%E3%82%AB%E3%82%AASIM-5%E6%97%A5%E9%96%93%E7%84%A1%E5%88%B6%E9%99%90%E8%B6%85%E9%AB%98%E9%80%9F%E3%83%87%E3%83%BC%E3%82%BF%E9%80%9A%E4%BF%A1%EF%BD%9CChina-5%E6%97%A5%E9%96%93%E7%84%A1%E5%88%B6%E9%99%90/dp/B0FZSVYN23,B0FZSVYN23,B0FZSVYN23,SIM’s shop,ノーブランド品のストアを表示,"{""price_jpy"": [""￥1,839""], ""usage_validity"": [""[香港eSIM、マカオeSIM｜メール納品]香港SIM、マカオSIM 5日間無制限超高速データ通信｜China Telecom対応の4G回線｜即日発行、QR簡単設定｜デザリング可｜旅行・出張・留学に最適｜LINE365日24時間サポート｜非物理SIM｜有効期限はご購入日より180日以内 (5日間無制限)""], ""activation_validity"": [""[香港eSIM、マカオeSIM｜メール納品]香港SIM、マカオSIM 5日間無制限超高速データ通信｜China Telecom対応の4G回線｜即日発行、QR簡単設定｜デザリング可｜旅行・出張・留学に最適｜LINE365日24時間サポート｜非物理SIM｜有効期限はご購入日より180日以内 (5日間無制限)""], ""data_amount"": [""🔺🔺高速通信データ： China Telecomの4G回線に対応。1日あたり1GBを超過後も最大10Mbpsで通信可能。データ無制限、超高速で安定した通信品質を実現し、旅行・出張・留学などに最適。""], ""network_type"": [""⚠️ご注意：1.本製品は SIMロック解除済みかつeSIM対応スマートフォン のみでご利用いただけます。ご利用日当日にスマートフォンをネットワークへ接続し、eSIMのQRコードをスキャン して追加してください。🔺🔺目的地到着後、そのeSIMを選択し「ローミングをオン」にすると通信が可能になります。"", ""✅Q9.5Gは利用できますか？ A：商品により 4G（LTE）／5G に対応します。通信環境・端末により異なります。 ✅Q10.テザリングはできますか？ A：可能です。※端末により非対応の場合があります。 ✅Q11.音声通話や SMS は利用できますか？ A：いいえ。本eSIMはデータ通信専用です。 ✅Q12.現在の SIM と同時に使えますか？ A：デュア"", ""score: local=0, roaming=3""], ""network_generation"": [""strong_4g_lte: title: [香港eSIM、マカオeSIM｜メール納品]香港SIM、マカオSIM 5日間無制限超高速データ通信｜China Telecom対応の4G回線｜即日発行、QR簡単設定｜デザリング可｜旅行・出張・留学に最適｜LINE365日24時間サポート｜非物理SIM｜有効期限はご購入日より180日以内 (5日間無制限)"", ""fallback_5g: network_type: ✅Q9.5Gは利用できますか？ A：商品により 4G（LTE）／5G に対応します。通信環境・端末により異なります。 ✅Q10.テザリングはできますか？ A：可能です。※端末により非対応の場合があります。 ✅Q11.音声通話や SMS は利用できますか？ A：いいえ。本eSIMはデータ通信専用です。 ✅Q12.現在の SIM と同"", ""fallback_5g_conflicts_with_strong_4g_lte""], ""review_count"": [""detail_page: 238""], ""bestseller_rank"": [""Amazon 売れ筋ランキング 家電＆カメラ - 468,056位 ( 家電＆カメラの売れ筋ランキングを見る ) 定期契約SIMカード - 167位""], ""title"": [""[香港eSIM、マカオeSIM｜メール納品]香港SIM、マカオSIM 5日間無制限超高速データ通信｜China Telecom対応の4G回線｜即日発行、QR簡単設定｜デザリング可｜旅行・出張・留学に最適｜LINE365日24時間サポート｜非物理SIM｜有効期限はご購入日より180日以内 (5日間無制限)""], ""network_generation_inferred"": [""network_type: ✅Q9.5Gは利用できますか？ A：商品により 4G（LTE）／5G に対応します。通信環境・端末により異なります。 ✅Q10.テザリングはできますか？ A：可能です。※端末により非対応の場合があります。 ✅Q11.音声通話や SMS は利用できますか？ A：いいえ。本eSIMはデータ通信専用です。 ✅Q12.現在の SIM と同""]}"
amazon_jp,hk,【中国・香港・マカオ eSIM】5日間 5GB（四泊五日 コスパ重視） DeSiM正規卸 |LINE相談受付中 |データ通信専用（電話番号なし） simフリー端末のみ対応 説明書付 イーシム,2050,16,,,,,1035,5일,5일,7일,unknown,unknown,5g_capable,medium,"{""cmhk"": null, ""csl"": null, ""smartone"": null, ""three_hk"": null}","{""skt"": null, ""kt"": null, ""lgu"": null}",unlimited,https://www.amazon.co.jp/%E3%80%90%E4%B8%AD%E5%9B%BD%E3%83%BB%E9%A6%99%E6%B8%AF%E3%83%BB%E3%83%9E%E3%82%AB%E3%82%AA-eSIM%E3%80%915%E6%97%A5%E9%96%93-LINE%E7%9B%B8%E8%AB%87%E5%8F%97%E4%BB%98%E4%B8%AD-%E3%83%87%E3%83%BC%E3%82%BF%E9%80%9A%E4%BF%A1%E5%B0%82%E7%94%A8%EF%BC%88%E9%9B%BB%E8%A9%B1%E7%95%AA%E5%8F%B7%E3%81%AA%E3%81%97%EF%BC%89-sim%E3%83%95%E3%83%AA%E3%83%BC%E7%AB%AF%E6%9C%AB%E3%81%AE%E3%81%BF%E5%AF%BE%E5%BF%9C/dp/B0D5WB7B48,B0D5WB7B48,B0D5WB7B48,DeSiM,DeSiMのストアを表示,"{""price_jpy"": [""￥2,050""], ""usage_validity"": [""【中国・香港・マカオ eSIM】5日間 5GB（四泊五日 コスパ重視） DeSiM正規卸 |LINE相談受付中 |データ通信専用（電話番号なし） simフリー端末のみ対応 説明書付 イーシム""], ""activation_validity"": [""商品の説明 購入前の注意事項 【注意事項】 注意事項①：本商品はデータ通信専用です（通話はご利用いただけません）。ご注意ください。 注意事項②：SIMロックフリー端末、もしくはSIMフリー端末専用のサービスです。必ず、ご利用端末がeSIM対応かどうかご確認ください。 注意事項③：2021年10月1日以前にSIMロック解除をキャリア店頭またはインターネットでさ""], ""data_amount"": [""商品の説明 購入前の注意事項 【注意事項】 注意事項①：本商品はデータ通信専用です（通話はご利用いただけません）。ご注意ください。 注意事項②：SIMロックフリー端末、もしくはSIMフリー端末専用のサービスです。必ず、ご利用端末がeSIM対応かどうかご確認ください。 注意事項③：2021年10月1日以前にSIMロック解除をキャリア店頭またはインターネットでさ""], ""network_type"": [""local_signal: 商品の説明 購入前の注意事項 【注意事項】 注意事項①：本商品はデータ通信専用です（通話はご利用いただけません）。ご注意ください。 注意事項②：SIMロックフリー端末、もしくはSIMフリー端末専用のサービスです。必ず、ご利用端末がeSIM対応かどうかご確認ください。 注意事項③：2021年10月1日以前にSIMロック解除をキャリア店頭またはインターネットでさ"", ""roaming_signal: 商品の説明 購入前の注意事項 【注意事項】 注意事項①：本商品はデータ通信専用です（通話はご利用いただけません）。ご注意ください。 注意事項②：SIMロックフリー端末、もしくはSIMフリー端末専用のサービスです。必ず、ご利用端末がeSIM対応かどうかご確認ください。 注意事項③：2021年10月1日以前にSIMロック解除をキャリア店頭またはインターネットでさ"", ""insufficient_or_conflicting_signals(local=9, roaming=2)""], ""network_generation"": [""fallback_5g: usage_validity: 【中国・香港・マカオ eSIM】5日間 5GB（四泊五日 コスパ重視） DeSiM正規卸 |LINE相談受付中 |データ通信専用（電話番号なし） simフリー端末のみ対応 説明書付 イーシム"", ""fallback_4g_lte: network_generation: fallback_4g_lte: source:image_alt: 中国eSIM｜中国本土・香港・マカオ対応｜5日間 高速データ無制限｜VPN付き LINE・YouTube・Google利用可｜4G/5G 即日発行可能（eSIM | 5日間）"", ""fallback_only_network_generation_signal""], ""review_count"": [""detail_page: (16)""], ""bestseller_rank"": [""Amazon 売れ筋ランキング 家電＆カメラ - 119,623位 ( 家電＆カメラの売れ筋ランキングを見る ) プリペイドSIMカード - 1,035位""], ""title"": [""【中国・香港・マカオ eSIM】5日間 5GB（四泊五日 コスパ重視） DeSiM正規卸 |LINE相談受付中 |データ通信専用（電話番号なし） simフリー端末のみ対応 説明書付 イーシム""], ""network_generation_inferred"": [""title: 【中国・香港・マカオ eSIM】5日間 5GB（四泊五日 コスパ重視） DeSiM正規卸 |LINE相談受付中 |データ通信専用（電話番号なし） simフリー端末のみ対応 説明書付 イーシム""]}"
amazon_jp,hk,【中国 香港 マカオeSIM】30日間20GB 高速データ通信 無制限 使い放題 実名登録不要 中国ネット規制対象外 ｜Google LINE YouTubeなどVPNなしで利用可能｜中国 simカード 香港sim マカオsim マカオeSIM プリペイド SIM eSIM｜旅行・出張・留学｜安心サポート 5G 4G-LTE対応 当日発行可能,1850,2,,,,,578,1일,1일,30일,unknown,5g_capable,5g_capable,high,"{""cmhk"": null, ""csl"": null, ""smartone"": true, ""three_hk"": null}","{""skt"": null, ""kt"": null, ""lgu"": null}",20GB,https://www.amazon.co.jp/%E3%83%9E%E3%82%AB%E3%82%AAeSIM%E3%80%9130%E6%97%A5%E9%96%9320GB-128kbps%E7%84%A1%E5%88%B6%E9%99%90-%E4%B8%AD%E5%9B%BD%E3%83%8D%E3%83%83%E3%83%88%E8%A6%8F%E5%88%B6%E5%AF%BE%E8%B1%A1%E5%A4%96-YouTube%E3%81%AA%E3%81%A9VPN%E3%81%AA%E3%81%97%E3%81%A7%E5%88%A9%E7%94%A8%E5%8F%AF%E8%83%BD%EF%BD%9C%E4%B8%AD%E5%9B%BD-eSIM%EF%BD%9C%E6%97%85%E8%A1%8C%E3%83%BB%E5%87%BA%E5%BC%B5%E3%83%BB%E7%95%99%E5%AD%A6%EF%BD%9C%E5%AE%89%E5%BF%83%E3%82%B5%E3%83%9D%E3%83%BC%E3%83%88/dp/B0FR426ZVY,B0FR426ZVY,B0FR426ZVY,Global Travel SIM Card,onetoneのストアを表示,"{""price_jpy"": [""￥1,850""], ""usage_validity"": [""【有効期限について】eSIM カードはアクティベーション前の有効期限が 365 日です。アクティベーション後の有効期間は購入した日数と一致し、24 時間を 1 日として計算されます""], ""activation_validity"": [""【中国 香港 マカオeSIM】30日間20GB 高速データ通信 無制限 使い放題 実名登録不要 中国ネット規制対象外 ｜Google LINE YouTubeなどVPNなしで利用可能｜中国 simカード 香港sim マカオsim マカオeSIM プリペイド SIM eSIM｜旅行・出張・留学｜安心サポート 5G 4G-LTE対応 当日発行可能""], ""data_amount"": [""型番 30日間20GB""], ""network_type"": [""local_signal: 【SKTelecoｍ公式認証】 韓国eSIM 3日間 (72時間) 電話番号付き 超高速データ無制限 最初の5分発信無料(韓国国内) お急ぎの方即時発行可(LINE相談受付中) 有効期限／ご購入日より120日以内 現地空港サポート(SKTelecomローミングセンター) SKテレコム正規品 韓国SIMカードタイプではありません"", ""roaming_signal: 商品の説明 注意事項： 1. eSIMが提供する機能とサービス 現在のeSIMはデータ通信のみサポートしており、音声通話およびSMS機能はサポートしていません。 2. スマートフォンがeSIMをサポートしているかどうかの確認方法 「通話」画面で`*#06#`を入力すると、EID情報が表示されます。これはスマートフォンがeSIMのインストールをサポートしている"", ""insufficient_or_conflicting_signals(local=3, roaming=6)""], ""network_generation"": [""strong_5g: title: 【中国 香港 マカオeSIM】30日間20GB 高速データ通信 無制限 使い放題 実名登録不要 中国ネット規制対象外 ｜Google LINE YouTubeなどVPNなしで利用可能｜中国 simカード 香港sim マカオsim マカオeSIM プリペイド SIM eSIM｜旅行・出張・留学｜安心サポート 5G 4G-LTE対応 当日発行可能"", ""strong_5g: title: 【中国 香港 マカオeSIM】30日間20GB 高速データ通信 無制限 使い放題 実名登録不要 中国ネット規制対象外 ｜Google LINE YouTubeなどVPNなしで利用可能｜中国 simカード 香港sim マカオsim マカオeSIM プリペイド SIM eSIM｜旅行・出張・留学｜安心サポート 5G 4G-LTE対応 当日発行可能"", ""4g_lte_signal_present_but_5g_capable_takes_precedence""], ""carrier_support_local"": [""SmarTone: サービスプロバイダ China mobile/Smartone/CTM"", ""SmarTone: Amazon.co.jp: 【中国 香港 マカオeSIM】30日間20GB 高速データ通信 無制限 使い放題 実名登録不要 中国ネット規制対象外 ｜Google LINE YouTubeなどVPNなしで利用可能｜中国 simカード 香港sim マカオsim マカオeSIM プリペイド SIM eSI""], ""review_count"": [""detail_page: (2)""], ""bestseller_rank"": [""Amazon 売れ筋ランキング 家電＆カメラ - 55,366位 ( 家電＆カメラの売れ筋ランキングを見る ) プリペイドSIMカード - 578位""], ""title"": [""【中国 香港 マカオeSIM】30日間20GB 高速データ通信 無制限 使い放題 実名登録不要 中国ネット規制対象外 ｜Google LINE YouTubeなどVPNなしで利用可能｜中国 simカード 香港sim マカオsim マカオeSIM プリペイド SIM eSIM｜旅行・出張・留学｜安心サポート 5G 4G-LTE対応 当日発行可能""], ""network_generation_inferred"": [""strong_5g: title: 【中国 香港 マカオeSIM】30日間20GB 高速データ通信 無制限 使い放題 実名登録不要 中国ネット規制対象外 ｜Google LINE YouTubeなどVPNなしで利用可能｜中国 simカード 香港sim マカオsim マカオeSIM プリペイド SIM eSIM｜旅行・出張・留学｜安心サポート 5G 4G-LTE対応 当日発行可能"", ""strong_5g: title: 【中国 香港 マカオeSIM】30日間20GB 高速データ通信 無制限 使い放題 実名登録不要 中国ネット規制対象外 ｜Google LINE YouTubeなどVPNなしで利用可能｜中国 simカード 香港sim マカオsim マカオeSIM プリペイド SIM eSIM｜旅行・出張・留学｜安心サポート 5G 4G-LTE対応 当日発行可能"", ""4g_lte_signal_present_but_5g_capable_takes_precedence""]}"
amazon_jp,hk,【中国・香港・マカオeSIM】15日間 15GB プリペイドeSIM VPN不要 LINE・Google利用可 テザリング可 高速データ 5G/4G-LTE JETSIM,2980,8,,,,,1082,15일,15일,30일,local,5g_capable,5g_capable,high,"{""cmhk"": null, ""csl"": null, ""smartone"": null, ""three_hk"": true}","{""skt"": null, ""kt"": null, ""lgu"": null}",1GB/day,https://www.amazon.co.jp/%E3%83%9E%E3%82%AB%E3%82%AAeSIM%E3%80%9115%E6%97%A5%E9%96%93-%E3%83%87%E3%83%BC%E3%82%BFSIM-%E3%83%97%E3%83%AA%E3%83%9A%E3%82%A4%E3%83%89SIM-%E3%82%B8%E3%82%A7%E3%83%83%E3%83%88%E3%83%A2%E3%83%90%E3%82%A4%E3%83%AB-%E3%83%86%E3%82%B6%E3%83%AA%E3%83%B3%E3%82%B0%E5%8F%AF/dp/B0DDBTHR44,B0DDBTHR44,B0DDBTHR44,ジェスロモバイル,JETSIMのストアを表示,"{""price_jpy"": [""￥2,980""], ""usage_validity"": [""【中国・香港・マカオeSIM】15日間 15GB プリペイドeSIM VPN不要 LINE・Google利用可 テザリング可 高速データ 5G/4G-LTE JETSIM""], ""activation_validity"": [""商品の説明 購入後すぐにeSIMを使えますか？ はい、すぐにご利用いただけます。スムーズにご利用いただくために、申請フォームのご提出をお願いいたします。 eSIMのアクティベーションは必要ですか？ アクティベーションは不要です。eSIMをスマートフォンに追加すれば、現地に到着次第、自動的に接続されます！ 複数の国で利用できるプランは国をまたいで移動する際も、""], ""data_amount"": [""【データ無制限】中国・香港・マカオで15日間 5G/4G-LTE 高速データ15GB、その後2G速度で使い放題。テザリング対応。高速データ1日1GBまで。""], ""network_type"": [""【チョコSIM 定額（Sプラン）】【中国の電話番号付きでアプリや施設サービスのSMS認証が可能】【データ容量】合計500MB/月【音声】合計20分間/月 データ/音声/SMS付きSIMカード 中国SIM マカオSIM China unicom ※こちらのSIMカードは契約後、毎月の基本料が発生いたします。※2024年11月1日から台湾でのご利用はできなくなり"", ""【SKTelecoｍ公式認証】 韓国eSIM 3日間 (72時間) 電話番号付き 超高速データ無制限 最初の5分発信無料(韓国国内) お急ぎの方即時発行可(LINE相談受付中) 有効期限／ご購入日より120日以内 現地空港サポート(SKTelecomローミングセンター) SKテレコム正規品 韓国SIMカードタイプではありません"", ""score: local=6, roaming=0""], ""network_generation"": [""strong_5g: title: 【中国・香港・マカオeSIM】15日間 15GB プリペイドeSIM VPN不要 LINE・Google利用可 テザリング可 高速データ 5G/4G-LTE JETSIM"", ""strong_5g: title: 【中国・香港・マカオeSIM】15日間 15GB プリペイドeSIM VPN不要 LINE・Google利用可 テザリング可 高速データ 5G/4G-LTE JETSIM""], ""carrier_support_local"": [""3HK: 【高品質回線】 大手通信キャリア回線を使用。広範囲で安定した快適な通信を提供。中国：中国聯通（China Unicom）回線。香港：3HK回線。マカオ：CTM回線。""], ""review_count"": [""detail_page: (8)""], ""bestseller_rank"": [""Amazon 売れ筋ランキング 家電＆カメラ - 125,316位 ( 家電＆カメラの売れ筋ランキングを見る ) プリペイドSIMカード - 1,082位""], ""title"": [""【中国・香港・マカオeSIM】15日間 15GB プリペイドeSIM VPN不要 LINE・Google利用可 テザリング可 高速データ 5G/4G-LTE JETSIM""], ""network_generation_inferred"": [""strong_5g: title: 【中国・香港・マカオeSIM】15日間 15GB プリペイドeSIM VPN不要 LINE・Google利用可 テザリング可 高速データ 5G/4G-LTE JETSIM"", ""strong_5g: title: 【中国・香港・マカオeSIM】15日間 15GB プリペイドeSIM VPN不要 LINE・Google利用可 テザリング可 高速データ 5G/4G-LTE JETSIM""]}"
amazon_jp,hk,【中国本土eSIM】香港とマカオでも利用可能 8日間 10GB 定番プラン データ通信専用（電話番号なし） 5G/4G-LTE対応 中国でもGoogle、LINE、YouTubeをVPNなしで利用可能 説明書付き LINEで24時間サポート 香港 マカオ 中国SIM MEWMEWホーム (8日間 10GB),1630,24,,,,,887,3일,3일,8일,unknown,5g_capable,5g_capable,high,"{""cmhk"": null, ""csl"": null, ""smartone"": null, ""three_hk"": null}","{""skt"": null, ""kt"": null, ""lgu"": null}",10GB,https://www.amazon.co.jp/%E3%80%90%E4%B8%AD%E5%9B%BD%E6%9C%AC%E5%9C%9FeSIM%E3%80%91%E9%A6%99%E6%B8%AF%E3%81%A8%E3%83%9E%E3%82%AB%E3%82%AA%E3%81%A7%E3%82%82%E5%88%A9%E7%94%A8%E5%8F%AF%E8%83%BD-8%E6%97%A5%E9%96%93-10GB-%E3%83%87%E3%83%BC%E3%82%BF%E9%80%9A%E4%BF%A1%E5%B0%82%E7%94%A8%EF%BC%88%E9%9B%BB%E8%A9%B1%E7%95%AA%E5%8F%B7%E3%81%AA%E3%81%97%EF%BC%89-%E4%B8%AD%E5%9B%BD%E3%81%A7%E3%82%82Google%E3%80%81LINE%E3%80%81YouTube%E3%82%92VPN%E3%81%AA%E3%81%97%E3%81%A7%E5%88%A9%E7%94%A8%E5%8F%AF%E8%83%BD/dp/B0F2114ZL8,B0F2114ZL8,B0F2114ZL8,mewmewホーム eSIM,ＭＥＷＭＥＷホームのストアを表示,"{""price_jpy"": [""￥1,630""], ""usage_validity"": [""【SKTelecoｍ公式認証】 韓国eSIM 3日間 (72時間) 電話番号付き 超高速データ無制限 最初の5分発信無料(韓国国内) お急ぎの方即時発行可(LINE相談受付中) 有効期限／ご購入日より120日以内 現地空港サポート(SKTelecomローミングセンター) SKテレコム正規品 韓国SIMカードタイプではありません""], ""activation_validity"": [""【中国本土eSIM】香港とマカオでも利用可能 8日間 10GB 定番プラン データ通信専用（電話番号なし） 5G/4G-LTE対応 中国でもGoogle、LINE、YouTubeをVPNなしで利用可能 説明書付き LINEで24時間サポート 香港 マカオ 中国SIM MEWMEWホーム (8日間 10GB)""], ""data_amount"": [""型番 8日間 10GB""], ""network_type"": [""local_signal: 【チョコSIM 定額（Sプラン）】【中国の電話番号付きでアプリや施設サービスのSMS認証が可能】【データ容量】合計500MB/月【音声】合計20分間/月 データ/音声/SMS付きSIMカード 中国SIM マカオSIM China unicom ※こちらのSIMカードは契約後、毎月の基本料が発生いたします。※2024年11月1日から台湾でのご利用はできなくなり"", ""roaming_signal: 中国本土旅行者向けeSIMカード、3日間プラン、1GBデータ使い放題、高速4/5G、ローミング料金無料 | 中国旅行に最適"", ""insufficient_or_conflicting_signals(local=6, roaming=2)""], ""network_generation"": [""strong_5g: title: 【中国本土eSIM】香港とマカオでも利用可能 8日間 10GB 定番プラン データ通信専用（電話番号なし） 5G/4G-LTE対応 中国でもGoogle、LINE、YouTubeをVPNなしで利用可能 説明書付き LINEで24時間サポート 香港 マカオ 中国SIM MEWMEWホーム (8日間 10GB)"", ""strong_5g: title: 【中国本土eSIM】香港とマカオでも利用可能 8日間 10GB 定番プラン データ通信専用（電話番号なし） 5G/4G-LTE対応 中国でもGoogle、LINE、YouTubeをVPNなしで利用可能 説明書付き LINEで24時間サポート 香港 マカオ 中国SIM MEWMEWホーム (8日間 10GB)"", ""4g_lte_signal_present_but_5g_capable_takes_precedence""], ""review_count"": [""detail_page: (24)""], ""bestseller_rank"": [""Amazon 売れ筋ランキング 家電＆カメラ - 99,316位 ( 家電＆カメラの売れ筋ランキングを見る ) プリペイドSIMカード - 887位""], ""title"": [""【中国本土eSIM】香港とマカオでも利用可能 8日間 10GB 定番プラン データ通信専用（電話番号なし） 5G/4G-LTE対応 中国でもGoogle、LINE、YouTubeをVPNなしで利用可能 説明書付き LINEで24時間サポート 香港 マカオ 中国SIM MEWMEWホーム (8日間 10GB)""], ""network_generation_inferred"": [""strong_5g: title: 【中国本土eSIM】香港とマカオでも利用可能 8日間 10GB 定番プラン データ通信専用（電話番号なし） 5G/4G-LTE対応 中国でもGoogle、LINE、YouTubeをVPNなしで利用可能 説明書付き LINEで24時間サポート 香港 マカオ 中国SIM MEWMEWホーム (8日間 10GB)"", ""strong_5g: title: 【中国本土eSIM】香港とマカオでも利用可能 8日間 10GB 定番プラン データ通信専用（電話番号なし） 5G/4G-LTE対応 中国でもGoogle、LINE、YouTubeをVPNなしで利用可能 説明書付き LINEで24時間サポート 香港 マカオ 中国SIM MEWMEWホーム (8日間 10GB)"", ""4g_lte_signal_present_but_5g_capable_takes_precedence""]}"
amazon_jp,hk,【香港 マカオ eSIM】5日間 無制限 実名登録不要 高速データ通信 低速なし 中国ネット規制対象外 Line、Youtube、GoogleなどVPNなしで利用可能 QRコード設定 メール登録で納品 即日発行対応 急ぎの方LINEサポートあり 中国esim 香港esim マカオesim マグロeSIM,1880,11,,,,,66,1일,1일,5일,unknown,unknown,unknown,low,"{""cmhk"": null, ""csl"": null, ""smartone"": null, ""three_hk"": null}","{""skt"": null, ""kt"": null, ""lgu"": null}",unlimited,https://www.amazon.co.jp/eSIM%E3%80%915%E6%97%A5%E9%96%93-%E4%B8%AD%E5%9B%BD%E3%83%8D%E3%83%83%E3%83%88%E8%A6%8F%E5%88%B6%E5%AF%BE%E8%B1%A1%E5%A4%96-Line%E3%80%81Youtube%E3%80%81Google%E3%81%AA%E3%81%A9VPN%E3%81%AA%E3%81%97%E3%81%A7%E5%88%A9%E7%94%A8%E5%8F%AF%E8%83%BD-%E6%80%A5%E3%81%8E%E3%81%AE%E6%96%B9LINE%E3%82%B5%E3%83%9D%E3%83%BC%E3%83%88%E3%81%82%E3%82%8A-%E3%83%9E%E3%82%B0%E3%83%ADeSIM/dp/B0DYDMR9WF,B0DYDMR9WF,B0DYDMR9WF,マグロeSIM,マグロeSIMのストアを表示,"{""price_jpy"": [""￥1,880""], ""usage_validity"": [""【注意事項①】有効期限：eSIM QRコードを受け取ってから90日間です（有効期間内にご利用ください）。eSIMの使用期間については、24時間を1日とカウントされますので、ご了承ください。""], ""activation_validity"": [""【香港 マカオ eSIM】5日間 無制限 実名登録不要 高速データ通信 低速なし 中国ネット規制対象外 Line、Youtube、GoogleなどVPNなしで利用可能 QRコード設定 メール登録で納品 即日発行対応 急ぎの方LINEサポートあり 中国esim 香港esim マカオesim マグロeSIM""], ""data_amount"": [""【高速データ】高速データ通信が無制限に使用可能です。""], ""network_type"": [""local_signal: 【チョコSIM 定額（Sプラン）】【中国の電話番号付きでアプリや施設サービスのSMS認証が可能】【データ容量】合計500MB/月【音声】合計20分間/月 データ/音声/SMS付きSIMカード 中国SIM マカオSIM China unicom ※こちらのSIMカードは契約後、毎月の基本料が発生いたします。※2024年11月1日から台湾でのご利用はできなくなり"", ""roaming_signal: 商品の説明 購入前にご注意！ 注意事項①：ご購入後、商品画像に記載されたURLにアクセスし必要事項を入力→メールアドレスにPDFの説明書とeSIMのQRコードが届きます！ 注意事項②：SIMロックフリー端末、もしくはSIMフリー端末専用のサービスです。必ず、ご利用端末がeSIM対応かどうかご確認ください。 注意事項③：eSIM対応端末のみ利用可能。※通信キャ"", ""insufficient_or_conflicting_signals(local=6, roaming=3)""], ""network_generation"": [""fallback_5g: network_generation: fallback_5g: source:image_alt: 中国eSIM｜中国本土・香港・マカオ対応｜3日間 高速データ無制限｜VPN付き LINE・YouTube・Google利用可｜4G/5G 即日発行可能（eSIM | 3日間）"", ""fallback_4g_lte: network_generation: fallback_5g: source:image_alt: 中国eSIM｜中国本土・香港・マカオ対応｜3日間 高速データ無制限｜VPN付き LINE・YouTube・Google利用可｜4G/5G 即日発行可能（eSIM | 3日間）"", ""fallback_only_network_generation_signal""], ""review_count"": [""detail_page: (11)""], ""bestseller_rank"": [""Amazon 売れ筋ランキング 家電＆カメラ - 173,254位 ( 家電＆カメラの売れ筋ランキングを見る ) 定期契約SIMカード - 66位""], ""title"": [""【香港 マカオ eSIM】5日間 無制限 実名登録不要 高速データ通信 低速なし 中国ネット規制対象外 Line、Youtube、GoogleなどVPNなしで利用可能 QRコード設定 メール登録で納品 即日発行対応 急ぎの方LINEサポートあり 中国esim 香港esim マカオesim マグロeSIM""], ""network_generation_inferred"": [""no_medium_generation_signal""]}"
amazon_jp,hk,【香港 SIM マカオSIM】 3GB/日 高速データ通信 低速は無制限です 4G/5G対応 香港プリペイドsimカード マカオプリペイドsimカード データ通信専用 Hong Kong sim Macau sim prepaid sim mewfi,1080,53,,,,,909,3일,3일,31일,unknown,5g_capable,5g_capable,high,"{""cmhk"": null, ""csl"": null, ""smartone"": true, ""three_hk"": true}","{""skt"": null, ""kt"": null, ""lgu"": null}",3GB/day,https://www.amazon.co.jp/3%E6%97%A5%E9%96%93-%E4%BD%8E%E9%80%9F%E3%81%AF%E7%84%A1%E5%88%B6%E9%99%90%E3%81%A7%E3%81%99-%E9%A6%99%E6%B8%AF%E3%83%97%E3%83%AA%E3%83%9A%E3%82%A4%E3%83%89sim%E3%82%AB%E3%83%BC%E3%83%89-%E3%83%9E%E3%82%AB%E3%82%AA%E3%83%97%E3%83%AA%E3%83%9A%E3%82%A4%E3%83%89sim%E3%82%AB%E3%83%BC%E3%83%89-mewfi/dp/B0CP3HBN46,B0CP3HBN46,B0CP3HBN46,Mewfi 正規販売店,mewfiのストアを表示,"{""price_jpy"": [""￥1,080""], ""usage_validity"": [""型番 3日間""], ""activation_validity"": [""【日本語説明書付き】香港およびマカオ用SIMカードの有効期限は2026年12月31日までとなっており、SIMカードの設定方法が記載された説明書が同封されております。中古SIMカードの商品には保証が付きませんので、新品のSIMカードを購入してください。""], ""data_amount"": [""【高速データ通信】こちらは香港とマカオで使用できるSIMカードです。毎日3GBの高速データ通信が利用でき、3GBに達すると低速に切り替わります。現地時間の0時以降に自動的に高速データ通信が復元されます。香港のネットワークオペレーターはSmarTone、HKT、3HK、マカオではCTMが提供しています。""], ""network_type"": [""local_signal: 【チョコSIM 定額（Sプラン）】【中国の電話番号付きでアプリや施設サービスのSMS認証が可能】【データ容量】合計500MB/月【音声】合計20分間/月 データ/音声/SMS付きSIMカード 中国SIM マカオSIM China unicom ※こちらのSIMカードは契約後、毎月の基本料が発生いたします。※2024年11月1日から台湾でのご利用はできなくなり"", ""roaming_signal: トラベルコネクト 4G/5G 香港SIMカード - 5日間、毎日1GBの高速データ、通話やSMSなし | 観光客やビジネス旅行者、ローミング向けのプリペイド旅行SIM"", ""insufficient_or_conflicting_signals(local=6, roaming=2)""], ""network_generation"": [""strong_5g: title: 【香港 SIM マカオSIM】 3GB/日 高速データ通信 低速は無制限です 4G/5G対応 香港プリペイドsimカード マカオプリペイドsimカード データ通信専用 Hong Kong sim Macau sim prepaid sim mewfi"", ""strong_5g: title: 【香港 SIM マカオSIM】 3GB/日 高速データ通信 低速は無制限です 4G/5G対応 香港プリペイドsimカード マカオプリペイドsimカード データ通信専用 Hong Kong sim Macau sim prepaid sim mewfi""], ""carrier_support_local"": [""SmarTone, 3HK: 【高速データ通信】こちらは香港とマカオで使用できるSIMカードです。毎日3GBの高速データ通信が利用でき、3GBに達すると低速に切り替わります。現地時間の0時以降に自動的に高速データ通信が復元されます。香港のネットワークオペレーターはSmarTone、HKT、3HK、マカオではCTMが提供しています"", ""SmarTone, 3HK: 【高速データ通信】こちらは香港とマカオで使用できるSIMカードです。毎日3GBの高速データ通信が利用でき、3GBに達すると低速に切り替わります。現地時間の0時以降に自動的に高速データ通信が復元されます。香港のネットワークオペレーターはSmarTone、HKT、3HK、マカオではCTMが提供しています"", ""SmarTone, 3HK: サービスプロバイダ SmarTone, HKT, 3HK, CTM"", ""3HK: 【中国 香港 eSIM】大容量 2GB/日・高速データ 低速無制限 即日発行可能 China Unicom/3HK キャリア 4G-LTE対応 データ通信専用 中国・ 香港 プリペイド simカード (1日間)"", ""SmarTone, 3HK: Amazon.co.jp: 【香港 SIM マカオSIM】 3GB/日 高速データ通信 低速は無制限です 4G/5G対応 香港プリペイドsimカード マカオプリペイドsimカード データ通信専用 Hong Kong sim Macau sim prepaid sim mewfi : 家電＆カメラ 次""], ""review_count"": [""detail_page: (53)""], ""bestseller_rank"": [""Amazon 売れ筋ランキング 家電＆カメラ - 102,040位 ( 家電＆カメラの売れ筋ランキングを見る ) プリペイドSIMカード - 909位""], ""title"": [""【香港 SIM マカオSIM】 3GB/日 高速データ通信 低速は無制限です 4G/5G対応 香港プリペイドsimカード マカオプリペイドsimカード データ通信専用 Hong Kong sim Macau sim prepaid sim mewfi""], ""network_generation_inferred"": [""strong_5g: title: 【香港 SIM マカオSIM】 3GB/日 高速データ通信 低速は無制限です 4G/5G対応 香港プリペイドsimカード マカオプリペイドsimカード データ通信専用 Hong Kong sim Macau sim prepaid sim mewfi"", ""strong_5g: title: 【香港 SIM マカオSIM】 3GB/日 高速データ通信 低速は無制限です 4G/5G対応 香港プリペイドsimカード マカオプリペイドsimカード データ通信専用 Hong Kong sim Macau sim prepaid sim mewfi""]}"
amazon_jp,hk,【香港 eSIM】2日間 高速データ無制限 当日発行可能 データ通信専用（電話番号なし） LINEで24時間サポート 説明書付 Hong Kong eSIM 香港 SIM (eSIM | 2日間/48時間),1180,2,,,,,1846,2일,2일,90일,local,unknown,unknown,low,"{""cmhk"": null, ""csl"": null, ""smartone"": null, ""three_hk"": true}","{""skt"": null, ""kt"": null, ""lgu"": null}",unlimited,https://www.amazon.co.jp/%E3%83%87%E3%83%BC%E3%82%BF%E9%80%9A%E4%BF%A1%E5%B0%82%E7%94%A8%EF%BC%88%E9%9B%BB%E8%A9%B1%E7%95%AA%E5%8F%B7%E3%81%AA%E3%81%97%EF%BC%89-LINE%E3%81%A724%E6%99%82%E9%96%93%E3%82%B5%E3%83%9D%E3%83%BC%E3%83%88-eSIM-2%E6%97%A5%E9%96%93-48%E6%99%82%E9%96%93/dp/B0DK4SKCRV,B0DK4SKCRV,B0DK4SKCRV,Global Simcard,アーモンド　ＳＩｍ　ｃａｒｄのストアを表示,"{""price_jpy"": [""￥1,180""], ""usage_validity"": [""【香港 eSIM】2日間 高速データ無制限 当日発行可能 データ通信専用（電話番号なし） LINEで24時間サポート 説明書付 Hong Kong eSIM 香港 SIM (eSIM | 2日間/48時間)""], ""activation_validity"": [""⭐【有効期限】メールで納品後、90日以内にご利用ください。""], ""data_amount"": [""⭐【高速データ通信】完全無制限、低速度なし！！QRコードをスキャンして簡単に接続（インターネット環境が必要です）。""], ""network_type"": [""【チョコSIM 定額（Sプラン）】【中国の電話番号付きでアプリや施設サービスのSMS認証が可能】【データ容量】合計500MB/月【音声】合計20分間/月 データ/音声/SMS付きSIMカード 中国SIM マカオSIM China unicom ※こちらのSIMカードは契約後、毎月の基本料が発生いたします。※2024年11月1日から台湾でのご利用はできなくなり"", ""【SKTelecoｍ公式認証】 韓国eSIM 3日間 (72時間) 電話番号付き 超高速データ無制限 最初の5分発信無料(韓国国内) お急ぎの方即時発行可(LINE相談受付中) 有効期限／ご購入日より120日以内 現地空港サポート(SKTelecomローミングセンター) SKテレコム正規品 韓国SIMカードタイプではありません"", ""score: local=6, roaming=0""], ""network_generation"": [""fallback_5g: network_generation: strong_5g: source:product_details: 携帯電話技術 4G/5G"", ""fallback_4g_lte: network_generation: strong_5g: source:product_details: 携帯電話技術 4G/5G"", ""fallback_only_network_generation_signal""], ""carrier_support_local"": [""3HK: ⭐【eSIM取得方法】ご購入後、http://jp.www.mewfi.com/esimにアクセスし必要事項を入力➡メールアドレスにPDFの説明書とeSIMのQRコードが届きます！ ⭐【高速データ通信】完全無制限、低速度なし！！QRコードをスキャンして簡単に接続。 ⭐【有効期限】メールで納品後、90"", ""3HK: サービスプロバイダ 3HK"", ""3HK: Amazon.co.jp: 【香港 eSIM】2日間 高速データ無制限 当日発行可能 データ通信専用（電話番号なし） LINEで24時間サポート 説明書付 Hong Kong eSIM 香港 SIM (eSIM | 2日間/48時間) : 家電＆カメラ 次に移動 メインコンテンツ この商品について ""], ""review_count"": [""detail_page: (2)""], ""bestseller_rank"": [""Amazon 売れ筋ランキング 家電＆カメラ - 238,746位 ( 家電＆カメラの売れ筋ランキングを見る ) プリペイドSIMカード - 1,846位""], ""title"": [""【香港 eSIM】2日間 高速データ無制限 当日発行可能 データ通信専用（電話番号なし） LINEで24時間サポート 説明書付 Hong Kong eSIM 香港 SIM (eSIM | 2日間/48時間)""], ""network_generation_inferred"": [""no_medium_generation_signal""]}"
amazon_jp,hk,【香港 eSIM】マカオeSIM 高速データ無制限&データ通信専用 香港SIM マカオSIM 当日利用可能&90日間有効 24時間オンラインサポート お急ぎのご相談は（LINEで受付中です） Hong Kong＆Macao SIM way2esim (2日間),1180,2,,,,,,90일,90일,,unknown,unknown,unknown,low,"{""cmhk"": null, ""csl"": null, ""smartone"": null, ""three_hk"": null}","{""skt"": null, ""kt"": null, ""lgu"": null}",unlimited,https://www.amazon.co.jp/eSIM%E3%80%91%E3%83%9E%E3%82%AB%E3%82%AAeSIM-24%E6%99%82%E9%96%93%E3%82%AA%E3%83%B3%E3%83%A9%E3%82%A4%E3%83%B3%E3%82%B5%E3%83%9D%E3%83%BC%E3%83%88-%E3%81%8A%E6%80%A5%E3%81%8E%E3%81%AE%E3%81%94%E7%9B%B8%E8%AB%87%E3%81%AF%EF%BC%88LINE%E3%81%A7%E5%8F%97%E4%BB%98%E4%B8%AD%E3%81%A7%E3%81%99%EF%BC%89-Kong%EF%BC%86Macao-way2esim/dp/B0GVY7GLFR,B0GVY7GLFR,B0GVY7GLFR,eSIM株式会社,way2esimのストアを表示,"{""price_jpy"": [""￥1,180""], ""usage_validity"": [""【香港 eSIM】マカオeSIM 高速データ無制限&データ通信専用 香港SIM マカオSIM 当日利用可能&90日間有効 24時間オンラインサポート お急ぎのご相談は（LINEで受付中です） Hong Kong＆Macao SIM way2esim (2日間)""], ""data_amount"": [""【高速データ無制限】：香港・マカオeSIMは、高速データを無制限でご利用いただけます。この香港・マカオeSIMはデータ通信専用で、電話番号は含まれておりません。SNSやウェブ閲覧など、さまざまなインターネットサービスを快適にご利用いただけます。""], ""network_type"": [""no_local_or_roaming_keyword_matched""], ""network_generation"": [""fallback_5g: network_generation: fallback_5g: source:image_alt: プリペイドSIM 日本 3GB 月 SMS認証可能 最大13ヶ月 1年間有効 大容量 楽天モバイル SIMカード 日本 海外 rakuten Prepaid SIM プリペイド データ専用 4GLTE 5G対応 japan (R 3GB SMS 12M) 日"", ""fallback_4g_lte: network_generation: fallback_5g: source:image_alt: プリペイドSIM 日本 3GB 月 SMS認証可能 最大13ヶ月 1年間有効 大容量 楽天モバイル SIMカード 日本 海外 rakuten Prepaid SIM プリペイド データ専用 4GLTE 5G対応 japan (R 3GB SMS 12M) 日"", ""fallback_only_network_generation_signal""], ""review_count"": [""detail_page: (2)""], ""title"": [""【香港 eSIM】マカオeSIM 高速データ無制限&データ通信専用 香港SIM マカオSIM 当日利用可能&90日間有効 24時間オンラインサポート お急ぎのご相談は（LINEで受付中です） Hong Kong＆Macao SIM way2esim (2日間)""], ""network_generation_inferred"": [""no_medium_generation_signal""]}"
amazon_jp,hk,【Almond eSIM】中国 香港 マカオ 大中華 esim 4日間 高速データ通信 完全無制限 当日発行可能 中国ネット規制対象外 中国でもGoogle、LINE、YouTubeなどVPNなしで利用可能 24時間サポート 4G-LTE対応 プリペイド ESIMプラン China HONGKONG MACAO simカード (4日間完全無制限),1780,28,,,,,532,3일,3일,4일,unknown,unknown,5g_capable,medium,"{""cmhk"": null, ""csl"": null, ""smartone"": null, ""three_hk"": null}","{""skt"": null, ""kt"": null, ""lgu"": null}",unlimited,https://www.amazon.co.jp/%E4%B8%AD%E5%9B%BD%E3%83%8D%E3%83%83%E3%83%88%E8%A6%8F%E5%88%B6%E5%AF%BE%E8%B1%A1%E5%A4%96-%E4%B8%AD%E5%9B%BD%E3%81%A7%E3%82%82Google%E3%80%81LINE%E3%80%81YouTube%E3%81%AA%E3%81%A9VPN%E3%81%AA%E3%81%97%E3%81%A7%E5%88%A9%E7%94%A8%E5%8F%AF%E8%83%BD-24%E6%99%82%E9%96%93%E3%82%B5%E3%83%9D%E3%83%BC%E3%83%88-4G-LTE%E5%AF%BE%E5%BF%9C-4%E6%97%A5%E9%96%93%E5%AE%8C%E5%85%A8%E7%84%A1%E5%88%B6%E9%99%90/dp/B0DR8B94NS,B0DR8B94NS,B0DR8B94NS,株式会社ビッグコネクト,bigconnectのストアを表示,"{""price_jpy"": [""￥1,780""], ""usage_validity"": [""【SKTelecoｍ公式認証】 韓国eSIM 3日間 (72時間) 電話番号付き 超高速データ無制限 最初の5分発信無料(韓国国内) お急ぎの方即時発行可(LINE相談受付中) 有効期限／ご購入日より120日以内 現地空港サポート(SKTelecomローミングセンター) SKテレコム正規品 韓国SIMカードタイプではありません""], ""activation_validity"": [""【Almond eSIM】中国 香港 マカオ 大中華 esim 4日間 高速データ通信 完全無制限 当日発行可能 中国ネット規制対象外 中国でもGoogle、LINE、YouTubeなどVPNなしで利用可能 24時間サポート 4G-LTE対応 プリペイド ESIMプラン China HONGKONG MACAO simカード (4日間完全無制限)""], ""data_amount"": [""【データプラン】データ通信専用のeSIMです。※高速データ容量は無制限。完全使い放題プラン、中国ネット規制対象外 中国でもGoogle、LINE、YouTubeなどVPNなしで利用可能、本人確認やSIMカード認証は不要で、当日に発行が可能です。""], ""network_type"": [""local_signal: 【チャージで延長も可能】中国電話番号付き（30分/SMS30通）！シーズンSIM（中国本土・香港・日本・韓国で利用可能）90日間6GBデータ高速通信 プリペイドSIMカード 面倒な契約不要 Chinaunicom (通常版)Google、Facebo"", ""roaming_signal: トラベルコネクト 4G/5G 香港SIMカード - 3日間、毎日2GBの高速データ、通話やSMSなし | 観光客やビジネス旅行者、ローミング向けのプリペイド旅行SIM"", ""insufficient_or_conflicting_signals(local=9, roaming=2)""], ""network_generation"": [""strong_4g_lte: title: 【Almond eSIM】中国 香港 マカオ 大中華 esim 4日間 高速データ通信 完全無制限 当日発行可能 中国ネット規制対象外 中国でもGoogle、LINE、YouTubeなどVPNなしで利用可能 24時間サポート 4G-LTE対応 プリペイド ESIMプラン China HONGKONG MACAO simカード (4日間完全無制限"", ""fallback_5g: network_type: roaming_signal: トラベルコネクト 4G/5G 香港SIMカード - 3日間、毎日2GBの高速データ、通話やSMSなし | 観光客やビジネス旅行者、ローミング向けのプリペイド旅行SIM"", ""fallback_5g_conflicts_with_strong_4g_lte""], ""review_count"": [""detail_page: (28)""], ""bestseller_rank"": [""Amazon 売れ筋ランキング 家電＆カメラ - 49,257位 ( 家電＆カメラの売れ筋ランキングを見る ) プリペイドSIMカード - 532位""], ""title"": [""【Almond eSIM】中国 香港 マカオ 大中華 esim 4日間 高速データ通信 完全無制限 当日発行可能 中国ネット規制対象外 中国でもGoogle、LINE、YouTubeなどVPNなしで利用可能 24時間サポート 4G-LTE対応 プリペイド ESIMプラン China HONGKONG MACAO simカード (4日間完全無制限)""], ""network_generation_inferred"": [""network_type: roaming_signal: トラベルコネクト 4G/5G 香港SIMカード - 3日間、毎日2GBの高速データ、通話やSMSなし | 観光客やビジネス旅行者、ローミング向けのプリペイド旅行SIM""]}"
amazon_jp,hk,【eSIM 5日間5GB】オーストラリア、ニュージーランド、香港、台湾、中国、澳門、グアム、ベトナム、スリランカ、タイ、フィリピン、サイパン、カンボジア、バングラデシュ、ブルネイなど計 23 カ国【当日発行】 QRコード即送付 4G/5G高速通信 アジア太平洋23カ国 プリペイドsimカード ホットスポット対応 データ通信専用（音声不可） LINE相談受付中 旅行・出張に最適,1984,9,,,,,392,4일,4일,5일,unknown,5g_capable,5g_capable,high,"{""cmhk"": null, ""csl"": null, ""smartone"": null, ""three_hk"": null}","{""skt"": null, ""kt"": null, ""lgu"": null}",5GB,https://www.amazon.co.jp/%E3%82%A2%E3%82%B8%E3%82%A2%E5%A4%AA%E5%B9%B3%E6%B4%8B23%E3%82%AB%E5%9B%BD-%E3%83%97%E3%83%AA%E3%83%9A%E3%82%A4%E3%83%89sim%E3%82%AB%E3%83%BC%E3%83%89-%E3%83%9B%E3%83%83%E3%83%88%E3%82%B9%E3%83%9D%E3%83%83%E3%83%88%E5%AF%BE%E5%BF%9C-%E3%83%87%E3%83%BC%E3%82%BF%E9%80%9A%E4%BF%A1%E5%B0%82%E7%94%A8%EF%BC%88%E9%9F%B3%E5%A3%B0%E4%B8%8D%E5%8F%AF%EF%BC%89/dp/B0GWQQDMLP,B0GWQQDMLP,B0GWQQDMLP,umacaroon,ＵＲＯＺＥＴＴＡのストアを表示,"{""price_jpy"": [""￥1,984""], ""usage_validity"": [""eSIM データ通信サービス｜最短即時発行・簡単設定 【最短即時発行】 ご購入後、以下の専用サイト（https://mcrmgr.umacaroon.com/urozetta）で注文番号とメールアドレスを入力するだけで、 eSIMのQRコードと設定マニュアルが即時発行され 、すぐに使い始めていただけます。 【サービス特長】 ・ 高速4G/5G LTE通信 が""], ""activation_validity"": [""【eSIM 5日間5GB】オーストラリア、ニュージーランド、香港、台湾、中国、澳門、グアム、ベトナム、スリランカ、タイ、フィリピン、サイパン、カンボジア、バングラデシュ、ブルネイなど計 23 カ国【当日発行】 QRコード即送付 4G/5G高速通信 アジア太平洋23カ国 プリペイドsimカード ホットスポット対応 データ通信専用（音声不可） LINE相談受付中""], ""data_amount"": [""eSIM 5日間・5GBプラン: ご利用開始後、5日間有効な5GBの高速データ通信（5G/4G LTE）がご利用いただけます。5GBを使い切った後は低速無制限でご利用可能です。テザリング（ホットスポット）に対応しており、複数のデバイスを接続できます。""], ""network_type"": [""local_signal: 【SKTelecoｍ公式認証】 韓国eSIM 3日間 (72時間) 電話番号付き 超高速データ無制限 最初の5分発信無料(韓国国内) お急ぎの方即時発行可(LINE相談受付中) 有効期限／ご購入日より120日以内 現地空港サポート(SKTelecomローミングセンター) SKテレコム正規品 韓国SIMカードタイプではありません"", ""roaming_signal: オーストラリアeSIM - プリペイド1GB 5G/4Gデータ、20日間用 - 簡単QRコードセットアップ - 契約なし、ローミングなし - 短期旅行と長期旅行に最適"", ""insufficient_or_conflicting_signals(local=3, roaming=4)""], ""network_generation"": [""strong_5g: title: 【eSIM 5日間5GB】オーストラリア、ニュージーランド、香港、台湾、中国、澳門、グアム、ベトナム、スリランカ、タイ、フィリピン、サイパン、カンボジア、バングラデシュ、ブルネイなど計 23 カ国【当日発行】 QRコード即送付 4G/5G高速通信 アジア太平洋23カ国 プリペイドsimカード ホットスポット対応 データ通信専用（音声不可） LI"", ""strong_5g: title: 【eSIM 5日間5GB】オーストラリア、ニュージーランド、香港、台湾、中国、澳門、グアム、ベトナム、スリランカ、タイ、フィリピン、サイパン、カンボジア、バングラデシュ、ブルネイなど計 23 カ国【当日発行】 QRコード即送付 4G/5G高速通信 アジア太平洋23カ国 プリペイドsimカード ホットスポット対応 データ通信専用（音声不可） LI""], ""review_count"": [""detail_page: (9)""], ""bestseller_rank"": [""Amazon 売れ筋ランキング 家電＆カメラ - 35,933位 ( 家電＆カメラの売れ筋ランキングを見る ) プリペイドSIMカード - 392位""], ""title"": [""【eSIM 5日間5GB】オーストラリア、ニュージーランド、香港、台湾、中国、澳門、グアム、ベトナム、スリランカ、タイ、フィリピン、サイパン、カンボジア、バングラデシュ、ブルネイなど計 23 カ国【当日発行】 QRコード即送付 4G/5G高速通信 アジア太平洋23カ国 プリペイドsimカード ホットスポット対応 データ通信専用（音声不可） LINE相談受付中 旅行・出張に最適""], ""network_generation_inferred"": [""strong_5g: title: 【eSIM 5日間5GB】オーストラリア、ニュージーランド、香港、台湾、中国、澳門、グアム、ベトナム、スリランカ、タイ、フィリピン、サイパン、カンボジア、バングラデシュ、ブルネイなど計 23 カ国【当日発行】 QRコード即送付 4G/5G高速通信 アジア太平洋23カ国 プリペイドsimカード ホットスポット対応 データ通信専用（音声不可） LI"", ""strong_5g: title: 【eSIM 5日間5GB】オーストラリア、ニュージーランド、香港、台湾、中国、澳門、グアム、ベトナム、スリランカ、タイ、フィリピン、サイパン、カンボジア、バングラデシュ、ブルネイなど計 23 カ国【当日発行】 QRコード即送付 4G/5G高速通信 アジア太平洋23カ国 プリペイドsimカード ホットスポット対応 データ通信専用（音声不可） LI""]}"
amazon_jp,hk,【香港・マカオ eSIM】5日間 完全無制限 （低速なし） 高速データ使い放題 当日発行可能 データ通信専用 香港 sim マカオ sim 説明書付 LINEで24時間サポート 香港 esim イーシム (eSIM|5日間無制限 香港マカオ),1650,3,,,,,1661,5일,5일,30일,unknown,unknown,5g_capable,medium,"{""cmhk"": null, ""csl"": null, ""smartone"": true, ""three_hk"": true}","{""skt"": null, ""kt"": null, ""lgu"": null}",unlimited,https://www.amazon.co.jp/%E3%80%90%E9%A6%99%E6%B8%AF%E3%83%BB%E3%83%9E%E3%82%AB%E3%82%AA-eSIM%E3%80%915%E6%97%A5%E9%96%93-%E9%AB%98%E9%80%9F%E3%83%87%E3%83%BC%E3%82%BF%E4%BD%BF%E3%81%84%E6%94%BE%E9%A1%8C-LINE%E3%81%A724%E6%99%82%E9%96%93%E3%82%B5%E3%83%9D%E3%83%BC%E3%83%88-eSIM/dp/B0DSGBNDQT,B0DSGBNDQT,B0DSGBNDQT,Global eSIMshop,ブランド: PLUG TO GO,"{""price_jpy"": [""￥1,650""], ""usage_validity"": [""【香港・マカオ eSIM】5日間 完全無制限 （低速なし） 高速データ使い放題 当日発行可能 データ通信専用 香港 sim マカオ sim 説明書付 LINEで24時間サポート 香港 esim イーシム (eSIM|5日間無制限 香港マカオ)""], ""activation_validity"": [""【有効期限】メールで納品後、30日以内にご利用ください。""], ""data_amount"": [""【高速データ通信】完全無制限、低速度なし！！""], ""network_type"": [""local_signal: 【チョコSIM 定額（Sプラン）】【中国の電話番号付きでアプリや施設サービスのSMS認証が可能】【データ容量】合計500MB/月【音声】合計20分間/月 データ/音声/SMS付きSIMカード 中国SIM マカオSIM China unicom ※こちらのSIMカードは契約後、毎月の基本料が発生いたします。※2024年11月1日から台湾でのご利用はできなくなり"", ""roaming_signal: トラベルコネクト 4G/5G 香港SIMカード - 7日間、毎日1GBの高速データ、通話やSMSなし | 観光客やビジネス旅行者、ローミング向けのプリペイド旅行SIM"", ""insufficient_or_conflicting_signals(local=6, roaming=2)""], ""network_generation"": [""fallback_5g: network_type: roaming_signal: トラベルコネクト 4G/5G 香港SIMカード - 7日間、毎日1GBの高速データ、通話やSMSなし | 観光客やビジネス旅行者、ローミング向けのプリペイド旅行SIM"", ""fallback_4g_lte: network_type: roaming_signal: トラベルコネクト 4G/5G 香港SIMカード - 7日間、毎日1GBの高速データ、通話やSMSなし | 観光客やビジネス旅行者、ローミング向けのプリペイド旅行SIM"", ""fallback_only_network_generation_signal""], ""carrier_support_local"": [""SmarTone, 3HK: サービスプロバイダ SmarTone、HKT、3HK"", ""SmarTone, 3HK: Amazon.co.jp: 【香港・マカオ eSIM】5日間 完全無制限 （低速なし） 高速データ使い放題 当日発行可能 データ通信専用 香港 sim マカオ sim 説明書付 LINEで24時間サポート 香港 esim イーシム (eSIM|5日間無制限 香港マカオ) : 家電＆カメラ 次に移動 ""], ""review_count"": [""detail_page: (3)""], ""bestseller_rank"": [""Amazon 売れ筋ランキング 家電＆カメラ - 209,356位 ( 家電＆カメラの売れ筋ランキングを見る ) プリペイドSIMカード - 1,661位""], ""title"": [""【香港・マカオ eSIM】5日間 完全無制限 （低速なし） 高速データ使い放題 当日発行可能 データ通信専用 香港 sim マカオ sim 説明書付 LINEで24時間サポート 香港 esim イーシム (eSIM|5日間無制限 香港マカオ)""], ""network_generation_inferred"": [""network_type: roaming_signal: トラベルコネクト 4G/5G 香港SIMカード - 7日間、毎日1GBの高速データ、通話やSMSなし | 観光客やビジネス旅行者、ローミング向けのプリペイド旅行SIM""]}"
amazon_jp,hk,【中国本土、台湾、香港、マカオ】15日間(360時間) 7GB eSIM 高速データ 5G/4G-LTE LINE相談受付中 | データ通信専用 simフリー端末のみ対応 説明書付 イーシム,1480,8,,,,,1277,1일,1일,15일,unknown,5g_capable,5g_capable,high,"{""cmhk"": null, ""csl"": null, ""smartone"": null, ""three_hk"": null}","{""skt"": null, ""kt"": null, ""lgu"": null}",unlimited,https://www.amazon.co.jp/%E3%80%90%E4%B8%AD%E5%9B%BD%E6%9C%AC%E5%9C%9F%E3%80%81%E5%8F%B0%E6%B9%BE%E3%80%81%E9%A6%99%E6%B8%AF%E3%80%81%E3%83%9E%E3%82%AB%E3%82%AA%E3%80%9115%E6%97%A5%E9%96%93-7GB-LINE%E7%9B%B8%E8%AB%87%E5%8F%97%E4%BB%98%E4%B8%AD-%E3%83%87%E3%83%BC%E3%82%BF%E9%80%9A%E4%BF%A1%E5%B0%82%E7%94%A8-sim%E3%83%95%E3%83%AA%E3%83%BC%E7%AB%AF%E6%9C%AB%E3%81%AE%E3%81%BF%E5%AF%BE%E5%BF%9C/dp/B0FD2KRPND,B0FD2KRPND,B0FD2KRPND,SCT Mobile Tech,LBDCIOTのストアを表示,"{""price_jpy"": [""￥1,480""], ""usage_validity"": [""商品の説明 梱包内容： ① 封筒 ② eSIMカード 封筒には注意事項と公式アカウントのアフターサービスが記載されています。 カードには説明書、eSIMの取り出し方、アフターサービスの連絡先が記載されています。 その他の製品 eSIM 3日間(72時間)【韓国】1GB/日 カートに入れる 【韓国SIM】 SIMカード 3日間 1GB/日 カートに入れる 【台""], ""activation_validity"": [""【中国本土、台湾、香港、マカオ】15日間(360時間) 7GB eSIM 高速データ 5G/4G-LTE LINE相談受付中 | データ通信専用 simフリー端末のみ対応 説明書付 イーシム""], ""data_amount"": [""【データ無制限】eSIMの高速データ総量は7GBです。7GBのデータ使用後も通信は途絶えることはありません。128K低速データは無制限にご利用いただけます。""], ""network_type"": [""local_signal: 【チョコSIM 定額（Sプラン）】【中国の電話番号付きでアプリや施設サービスのSMS認証が可能】【データ容量】合計500MB/月【音声】合計20分間/月 データ/音声/SMS付きSIMカード 中国SIM マカオSIM China unicom ※こちらのSIMカードは契約後、毎月の基本料が発生いたします。※2024年11月1日から台湾でのご利用はできなくなり"", ""roaming_signal: 【利用方法】eSIMは出発前に追加し、目的地に到着後「ローミングデータ」をオンにするとご利用いただけます。使用できない場合は、APNを追加してください。"", ""insufficient_or_conflicting_signals(local=6, roaming=5)""], ""network_generation"": [""strong_5g: title: 【中国本土、台湾、香港、マカオ】15日間(360時間) 7GB eSIM 高速データ 5G/4G-LTE LINE相談受付中 | データ通信専用 simフリー端末のみ対応 説明書付 イーシム"", ""strong_5g: title: 【中国本土、台湾、香港、マカオ】15日間(360時間) 7GB eSIM 高速データ 5G/4G-LTE LINE相談受付中 | データ通信専用 simフリー端末のみ対応 説明書付 イーシム""], ""review_count"": [""detail_page: (8)""], ""bestseller_rank"": [""Amazon 売れ筋ランキング 家電＆カメラ - 156,493位 ( 家電＆カメラの売れ筋ランキングを見る ) プリペイドSIMカード - 1,277位""], ""title"": [""【中国本土、台湾、香港、マカオ】15日間(360時間) 7GB eSIM 高速データ 5G/4G-LTE LINE相談受付中 | データ通信専用 simフリー端末のみ対応 説明書付 イーシム""], ""network_generation_inferred"": [""strong_5g: title: 【中国本土、台湾、香港、マカオ】15日間(360時間) 7GB eSIM 高速データ 5G/4G-LTE LINE相談受付中 | データ通信専用 simフリー端末のみ対応 説明書付 イーシム"", ""strong_5g: title: 【中国本土、台湾、香港、マカオ】15日間(360時間) 7GB eSIM 高速データ 5G/4G-LTE LINE相談受付中 | データ通信専用 simフリー端末のみ対応 説明書付 イーシム""]}"
amazon_jp,hk,アジア eSIM アジア周遊 28カ国 10日間6GB Truemoveキャリア 高速データ通信 低速データ通信 無制限 日本 韓国 中国 台湾 香港 マカオ シンガポール マレーシア など28カ国 Asia esim Travel esim (eSIM 10日間),2480,5,,,,,755,3일,3일,10일,unknown,unknown,unknown,low,"{""cmhk"": null, ""csl"": null, ""smartone"": null, ""three_hk"": null}","{""skt"": null, ""kt"": null, ""lgu"": null}",unlimited,https://www.amazon.co.jp/eSIM-10%E6%97%A5%E9%96%936GB-Truemove%E3%82%AD%E3%83%A3%E3%83%AA%E3%82%A2-%E9%AB%98%E9%80%9F%E3%83%87%E3%83%BC%E3%82%BF%E9%80%9A%E4%BF%A1-10%E6%97%A5%E9%96%93/dp/B0DRHMH7T5,B0DRHMH7T5,B0DRHMH7T5,株式会社ビッグコネクト,bigconnectのストアを表示,"{""price_jpy"": [""￥2,480""], ""usage_validity"": [""【SKTelecoｍ公式認証】 韓国eSIM 3日間 (72時間) 電話番号付き 超高速データ無制限 最初の5分発信無料(韓国国内) お急ぎの方即時発行可(LINE相談受付中) 有効期限／ご購入日より120日以内 現地空港サポート(SKTelecomローミングセンター) SKテレコム正規品 韓国SIMカードタイプではありません""], ""activation_validity"": [""アジア eSIM アジア周遊 28カ国 10日間6GB Truemoveキャリア 高速データ通信 低速データ通信 無制限 日本 韓国 中国 台湾 香港 マカオ シンガポール マレーシア など28カ国 Asia esim Travel esim (eSIM 10日間)""], ""data_amount"": [""【データプラン】データ通信専用SIMになります。※データ容量無制限。ただしデータ使用量が6GBに達すると最大通信速度が128kbpsに低下します。※現地時間の00:00-23：59区切りで、カウントされます。128kbpsはビデオ通話、Youtubeなどの動画閲覧がほぼできないですが、Google Map、メールやトークアプリのメッセージ機能など問題なぐご利""], ""network_type"": [""local_signal: 【チョコSIM 定額（Sプラン）】【中国の電話番号付きでアプリや施設サービスのSMS認証が可能】【データ容量】合計500MB/月【音声】合計20分間/月 データ/音声/SMS付きSIMカード 中国SIM マカオSIM China unicom ※こちらのSIMカードは契約後、毎月の基本料が発生いたします。※2024年11月1日から台湾でのご利用はできなくなり"", ""roaming_signal: 【DeSiM】シンガポール3日間無制限+eSIMテストサービス付き【セット】完全予約制 | 海外旅行出国前事前テストeSIMサービス - DeSiM - 渡航前の不安を解消！ | Wi-Fi使用が面倒、ローミング料金が高い、SIMやeSIMの設定が不安な方に V4"", ""insufficient_or_conflicting_signals(local=6, roaming=2)""], ""network_generation"": [""fallback_5g: network_generation: fallback_5g: source:image_alt: 【Almond eSIM】モンゴル esim 7日間15GB 高速データ通信 現地通話付き 当日発行可能 LINEで24時間サポート 4G-LTE対応 プリペイド ESIMプラン Mongolia simカード (7日間15GB)"", ""fallback_4g_lte: network_generation: fallback_5g: source:image_alt: 【Almond eSIM】モンゴル esim 7日間15GB 高速データ通信 現地通話付き 当日発行可能 LINEで24時間サポート 4G-LTE対応 プリペイド ESIMプラン Mongolia simカード (7日間15GB)"", ""fallback_only_network_generation_signal""], ""review_count"": [""detail_page: (5)""], ""bestseller_rank"": [""Amazon 売れ筋ランキング 家電＆カメラ - 83,453位 ( 家電＆カメラの売れ筋ランキングを見る ) プリペイドSIMカード - 755位""], ""title"": [""アジア eSIM アジア周遊 28カ国 10日間6GB Truemoveキャリア 高速データ通信 低速データ通信 無制限 日本 韓国 中国 台湾 香港 マカオ シンガポール マレーシア など28カ国 Asia esim Travel esim (eSIM 10日間)""], ""network_generation_inferred"": [""no_medium_generation_signal""]}"
amazon_jp,hk,【香港・マカオ eSIM】3日間 0.5GB/毎日（二泊三日 コスパ重視） DeSiM正規卸 | LINE相談受付中 |データ通信専用（電話番号なし） | simフリー端末のみ対応 説明書付 イーシム DeSiM,890,1,,,,,1554,3일,3일,3일,local,unknown,5g_capable,medium,"{""cmhk"": null, ""csl"": null, ""smartone"": null, ""three_hk"": null}","{""skt"": null, ""kt"": null, ""lgu"": null}",unlimited,https://www.amazon.co.jp/0-5GB-LINE%E7%9B%B8%E8%AB%87%E5%8F%97%E4%BB%98%E4%B8%AD%EF%BD%9C%E5%BD%93%E6%97%A5%E7%99%BA%E8%A1%8C%E5%8F%AF%E8%83%BD-%E3%83%87%E3%83%BC%E3%82%BF%E9%80%9A%E4%BF%A1%E5%B0%82%E7%94%A8%EF%BC%88%E9%9B%BB%E8%A9%B1%E7%95%AA%E5%8F%B7%E3%81%AA%E3%81%97%EF%BC%89-sim%E3%83%95%E3%83%AA%E3%83%BC%E7%AB%AF%E6%9C%AB%E3%81%AE%E3%81%BF%E5%AF%BE%E5%BF%9C-DeSiM/dp/B0DG4NDXHC,B0DG4NDXHC,B0DG4NDXHC,DeSiM,DeSiMのストアを表示,"{""price_jpy"": [""￥890""], ""usage_validity"": [""【香港・マカオ eSIM】3日間 0.5GB/毎日（二泊三日 コスパ重視） DeSiM正規卸 | LINE相談受付中 |データ通信専用（電話番号なし） | simフリー端末のみ対応 説明書付 イーシム DeSiM""], ""activation_validity"": [""【SKTelecoｍ公式認証】 韓国eSIM 3日間 (72時間) 電話番号付き 超高速データ無制限 最初の5分発信無料(韓国国内) お急ぎの方即時発行可(LINE相談受付中) 有効期限／ご購入日より120日以内 現地空港サポート(SKTelecomローミングセンター) SKテレコム正規品 韓国SIMカードタイプではありません""], ""data_amount"": [""商品の説明 購入前の注意事項 【注意事項】 注意事項①：電話番号は付与されませんので、ご注意ください。 注意事項②：SIMロックフリー端末、もしくはSIMフリー端末専用のサービスです。必ず、ご利用端末がeSIM対応かどうかご確認ください。 注意事項③：2021年10月1日以前にSIMロック解除をキャリア店頭またはインターネットでされた「Android端末」は""], ""network_type"": [""商品の説明 購入前の注意事項 【注意事項】 注意事項①：電話番号は付与されませんので、ご注意ください。 注意事項②：SIMロックフリー端末、もしくはSIMフリー端末専用のサービスです。必ず、ご利用端末がeSIM対応かどうかご確認ください。 注意事項③：2021年10月1日以前にSIMロック解除をキャリア店頭またはインターネットでされた「Android端末」は"", ""【チョコSIM 定額（Sプラン）】【中国の電話番号付きでアプリや施設サービスのSMS認証が可能】【データ容量】合計500MB/月【音声】合計20分間/月 データ/音声/SMS付きSIMカード 中国SIM マカオSIM China unicom ※こちらのSIMカードは契約後、毎月の基本料が発生いたします。※2024年11月1日から台湾でのご利用はできなくなり"", ""score: local=9, roaming=1""], ""network_generation"": [""fallback_5g: usage_validity: 【香港・マカオ eSIM】3日間 0.5GB/毎日（二泊三日 コスパ重視） DeSiM正規卸 | LINE相談受付中 |データ通信専用（電話番号なし） | simフリー端末のみ対応 説明書付 イーシム DeSiM"", ""fallback_4g_lte: network_generation: fallback_4g_lte: source:image_alt: 香港・マカオ eSIM | 3日間 | 高速データ無制限使い放題 5G/4G | QRコード 当日発行可 メール登録で即納品即利用可 | LINEサポート | データ通信専用(電話番号なし)| 日本で事前設定OK | テザリング可能 | パスポート情"", ""fallback_only_network_generation_signal""], ""review_count"": [""detail_page: (1)""], ""bestseller_rank"": [""Amazon 売れ筋ランキング 家電＆カメラ - 194,943位 ( 家電＆カメラの売れ筋ランキングを見る ) プリペイドSIMカード - 1,554位""], ""title"": [""【香港・マカオ eSIM】3日間 0.5GB/毎日（二泊三日 コスパ重視） DeSiM正規卸 | LINE相談受付中 |データ通信専用（電話番号なし） | simフリー端末のみ対応 説明書付 イーシム DeSiM""], ""network_generation_inferred"": [""title: 【香港・マカオ eSIM】3日間 0.5GB/毎日（二泊三日 コスパ重視） DeSiM正規卸 | LINE相談受付中 |データ通信専用（電話番号なし） | simフリー端末のみ対応 説明書付 イーシム DeSiM""]}"
amazon_jp,hk,【中国 マカオ 香港 eSIM】8日間無制限 実名登録不要 QRコード設定 メール登録で納品 即日発行対応 急ぎの方LINEサポート 高速データ通信 低速なし 中国ネット規制対象外 Line、Youtube、GoogleなどVPNなしで利用可能 中国sim 香港sim マカオsim (8日間),2550,28,,,,,1078,8일,8일,90일,local,unknown,unknown,low,"{""cmhk"": null, ""csl"": null, ""smartone"": null, ""three_hk"": null}","{""skt"": null, ""kt"": null, ""lgu"": null}",unlimited,https://www.amazon.co.jp/eSIM%E3%80%918%E6%97%A5%E9%96%93%E7%84%A1%E5%88%B6%E9%99%90-%E6%80%A5%E3%81%8E%E3%81%AE%E6%96%B9LINE%E3%82%B5%E3%83%9D%E3%83%BC%E3%83%88-%E4%B8%AD%E5%9B%BD%E3%83%8D%E3%83%83%E3%83%88%E8%A6%8F%E5%88%B6%E5%AF%BE%E8%B1%A1%E5%A4%96-Line%E3%80%81Youtube%E3%80%81Google%E3%81%AA%E3%81%A9VPN%E3%81%AA%E3%81%97%E3%81%A7%E5%88%A9%E7%94%A8%E5%8F%AF%E8%83%BD-8%E6%97%A5%E9%96%93/dp/B0FQNH95JK,B0FQNH95JK,B0FQNH95JK,SYE店舗,ブランド: ノーブランド品,"{""price_jpy"": [""￥2,550""], ""usage_validity"": [""【中国 マカオ 香港 eSIM】8日間無制限 実名登録不要 QRコード設定 メール登録で納品 即日発行対応 急ぎの方LINEサポート 高速データ通信 低速なし 中国ネット規制対象外 Line、Youtube、GoogleなどVPNなしで利用可能 中国sim 香港sim マカオsim (8日間)""], ""activation_validity"": [""【有効期限】eSIM QRコードを受け取ってから90日間です""], ""data_amount"": [""✈️【高速データ通信】中国本土・香港・マカオで利用可能。無制限に使用可能です。旅行や出張先でも、高速インターネットでスムーズに使用！香港で5G通信可能。 ✈️【当日 納品可能】eSIMをご購入後、商品画像に記載された方法に従ってeSIM情報を取得して下さい。最短当日にご利用可能です。""], ""network_type"": [""【eSIM】【チャージで延長も可能】中国電話番号付き（30分/SMS30通）！シーズンSIM（中国本土・香港・日本・韓国で利用可能）90日間6GBデータ高速通信 プリペイドSIMカード 面倒な契約不要 (eSIMダウンロード版) ※台湾での利用はでき"", ""score: local=3, roaming=1""], ""network_generation"": [""fallback_5g: data_amount: ✈️【高速データ通信】中国本土・香港・マカオで利用可能。無制限に使用可能です。旅行や出張先でも、高速インターネットでスムーズに使用！香港で5G通信可能。 ✈️【当日 納品可能】eSIMをご購入後、商品画像に記載された方法に従ってeSIM情報を取得して下さい。最短当日にご利用可能です。"", ""fallback_only_network_generation_signal""], ""review_count"": [""detail_page: 28""], ""bestseller_rank"": [""Amazon 売れ筋ランキング 家電＆カメラ - 124,804位 ( 家電＆カメラの売れ筋ランキングを見る ) プリペイドSIMカード - 1,078位""], ""title"": [""【中国 マカオ 香港 eSIM】8日間無制限 実名登録不要 QRコード設定 メール登録で納品 即日発行対応 急ぎの方LINEサポート 高速データ通信 低速なし 中国ネット規制対象外 Line、Youtube、GoogleなどVPNなしで利用可能 中国sim 香港sim マカオsim (8日間)""], ""network_generation_inferred"": [""no_medium_generation_signal""]}"
amazon_jp,hk,【香港 マカオeSIM】6日間 高速データ通信 無制限 データ通信専用（電話番号なし）5G / 4G対応 即日発行可能 年中無休·24時間サポート【mewfi eSIM】,2280,11,,,,,1981,6일,6일,90일,roaming,5g_capable,5g_capable,high,"{""cmhk"": null, ""csl"": null, ""smartone"": null, ""three_hk"": null}","{""skt"": null, ""kt"": null, ""lgu"": null}",unlimited,https://www.amazon.co.jp/%E3%83%9E%E3%82%AB%E3%82%AAeSIM%E3%80%916%E6%97%A5%E9%96%93-%E9%AB%98%E9%80%9F%E3%83%87%E3%83%BC%E3%82%BF%E9%80%9A%E4%BF%A1-%E3%83%87%E3%83%BC%E3%82%BF%E9%80%9A%E4%BF%A1%E5%B0%82%E7%94%A8%EF%BC%88%E9%9B%BB%E8%A9%B1%E7%95%AA%E5%8F%B7%E3%81%AA%E3%81%97%EF%BC%895G-%E5%8D%B3%E6%97%A5%E7%99%BA%E8%A1%8C%E5%8F%AF%E8%83%BD-%E5%B9%B4%E4%B8%AD%E7%84%A1%E4%BC%91%C2%B724%E6%99%82%E9%96%93%E3%82%B5%E3%83%9D%E3%83%BC%E3%83%88%E3%80%90mewfi/dp/B0GTYWTGKG,B0GTYWTGKG,B0GTYWTGKG,Mewfi 正規販売店,mewfiのストアを表示,"{""price_jpy"": [""￥2,280""], ""usage_validity"": [""【香港 マカオeSIM】6日間 高速データ通信 無制限 データ通信専用（電話番号なし）5G / 4G対応 即日発行可能 年中無休·24時間サポート【mewfi eSIM】""], ""activation_validity"": [""【有効期限】eSIM情報が記載されたメールの受信日から90日以内にご利用ください。""], ""data_amount"": [""【香港 マカオeSIM】利用期間中、高速データ通信を無制限でご利用いただけます。1日ごとのデータ容量上限はありません。""], ""network_type"": [""【注意】香港・マカオでご利用の際は、端末のデータローミングをオンにしてください。"", ""トラベルコネクト 4G/5G 香港SIMカード - 7日間、毎日2GBの高速データ、通話やSMSなし | 観光客やビジネス旅行者、ローミング向けのプリペイド旅行SIM"", ""score: local=0, roaming=7""], ""network_generation"": [""strong_5g: title: 【香港 マカオeSIM】6日間 高速データ通信 無制限 データ通信専用（電話番号なし）5G / 4G対応 即日発行可能 年中無休·24時間サポート【mewfi eSIM】"", ""strong_5g: title: 【香港 マカオeSIM】6日間 高速データ通信 無制限 データ通信専用（電話番号なし）5G / 4G対応 即日発行可能 年中無休·24時間サポート【mewfi eSIM】"", ""4g_lte_signal_present_but_5g_capable_takes_precedence""], ""review_count"": [""detail_page: (11)""], ""bestseller_rank"": [""Amazon 売れ筋ランキング 家電＆カメラ - 261,984位 ( 家電＆カメラの売れ筋ランキングを見る ) プリペイドSIMカード - 1,981位""], ""title"": [""【香港 マカオeSIM】6日間 高速データ通信 無制限 データ通信専用（電話番号なし）5G / 4G対応 即日発行可能 年中無休·24時間サポート【mewfi eSIM】""], ""network_generation_inferred"": [""strong_5g: title: 【香港 マカオeSIM】6日間 高速データ通信 無制限 データ通信専用（電話番号なし）5G / 4G対応 即日発行可能 年中無休·24時間サポート【mewfi eSIM】"", ""strong_5g: title: 【香港 マカオeSIM】6日間 高速データ通信 無制限 データ通信専用（電話番号なし）5G / 4G対応 即日発行可能 年中無休·24時間サポート【mewfi eSIM】"", ""4g_lte_signal_present_but_5g_capable_takes_precedence""]}"
amazon_jp,hk,"【東南アジアeSIM】7日間10GB｜11地域対応（シンガポール,タイ,マレーシア,インドネシア,ベトナム,台湾・香港・マカオ,韓国,オーストラリア,ニュージーランド）｜5G/4G対応 高速データ通信｜即日メール配信 ｜使用ガイド付き｜テザリング対応｜365日LINEサポート｜QRコードで簡単設定 SIMカード不要 (7日間10GB)",1899,5,,,,,975,7일,7일,90일,unknown,5g_capable,5g_capable,high,"{""cmhk"": null, ""csl"": null, ""smartone"": null, ""three_hk"": null}","{""skt"": null, ""kt"": null, ""lgu"": null}",10GB,https://www.amazon.co.jp/4G%E5%AF%BE%E5%BF%9C-%E9%AB%98%E9%80%9F%E3%83%87%E3%83%BC%E3%82%BF%E9%80%9A%E4%BF%A1%EF%BD%9C%E5%8D%B3%E6%97%A5%E7%99%BA%E8%A1%8C-SIM%E3%82%AB%E3%83%BC%E3%83%89%E4%B8%8D%E8%A6%81-7%E6%97%A5%E9%96%9310GB/dp/B0FHBDXLDC,B0FHBDXLDC,B0FHBDXLDC,トリリオン・コネクト,Billion Connectのストアを表示,"{""price_jpy"": [""￥1,899""], ""usage_validity"": [""【東南アジアeSIM】7日間10GB｜11地域対応（シンガポール,タイ,マレーシア,インドネシア,ベトナム,台湾・香港・マカオ,韓国,オーストラリア,ニュージーランド）｜5G/4G対応 高速データ通信｜即日メール配信 ｜使用ガイド付き｜テザリング対応｜365日LINEサポート｜QRコードで簡単設定 SIMカード不要 (7日間10GB)""], ""activation_validity"": [""【eSIMの有効期限】 受け取り後90日以内にアクティベートしてください。有効期限の前日までにアクティベートされていない場合、eSIMは無効となりご利用いただけません。""], ""data_amount"": [""【7日間10GB｜5G/4G対応】 東南アジアeSIMで、7日間10GBの高速データ通信がご利用いただけます！10GBを使い切った後も、通信速度は384kbpsに制限されますが、 LINE・WhatsApp・Messengerなどの文字チャット、メール送受信、地図の閲覧・ナビゲーションは引き続きご利用いただけます。""], ""network_type"": [""no_local_or_roaming_keyword_matched""], ""network_generation"": [""strong_5g: title: 【東南アジアeSIM】7日間10GB｜11地域対応（シンガポール,タイ,マレーシア,インドネシア,ベトナム,台湾・香港・マカオ,韓国,オーストラリア,ニュージーランド）｜5G/4G対応 高速データ通信｜即日メール配信 ｜使用ガイド付き｜テザリング対応｜365日LINEサポート｜QRコードで簡単設定 SIMカード不要 (7日間10GB)"", ""strong_5g: title: 【東南アジアeSIM】7日間10GB｜11地域対応（シンガポール,タイ,マレーシア,インドネシア,ベトナム,台湾・香港・マカオ,韓国,オーストラリア,ニュージーランド）｜5G/4G対応 高速データ通信｜即日メール配信 ｜使用ガイド付き｜テザリング対応｜365日LINEサポート｜QRコードで簡単設定 SIMカード不要 (7日間10GB)"", ""4g_lte_signal_present_but_5g_capable_takes_precedence""], ""review_count"": [""detail_page: (5)""], ""bestseller_rank"": [""Amazon 売れ筋ランキング 家電＆カメラ - 110,018位 ( 家電＆カメラの売れ筋ランキングを見る ) プリペイドSIMカード - 975位""], ""title"": [""【東南アジアeSIM】7日間10GB｜11地域対応（シンガポール,タイ,マレーシア,インドネシア,ベトナム,台湾・香港・マカオ,韓国,オーストラリア,ニュージーランド）｜5G/4G対応 高速データ通信｜即日メール配信 ｜使用ガイド付き｜テザリング対応｜365日LINEサポート｜QRコードで簡単設定 SIMカード不要 (7日間10GB)""], ""network_generation_inferred"": [""strong_5g: title: 【東南アジアeSIM】7日間10GB｜11地域対応（シンガポール,タイ,マレーシア,インドネシア,ベトナム,台湾・香港・マカオ,韓国,オーストラリア,ニュージーランド）｜5G/4G対応 高速データ通信｜即日メール配信 ｜使用ガイド付き｜テザリング対応｜365日LINEサポート｜QRコードで簡単設定 SIMカード不要 (7日間10GB)"", ""strong_5g: title: 【東南アジアeSIM】7日間10GB｜11地域対応（シンガポール,タイ,マレーシア,インドネシア,ベトナム,台湾・香港・マカオ,韓国,オーストラリア,ニュージーランド）｜5G/4G対応 高速データ通信｜即日メール配信 ｜使用ガイド付き｜テザリング対応｜365日LINEサポート｜QRコードで簡単設定 SIMカード不要 (7日間10GB)"", ""4g_lte_signal_present_but_5g_capable_takes_precedence""]}"
amazon_jp,hk,【香港 マカオ eSIM】4日間 低速データ通信無制限 高速データ通信500MB/日 実名登録不要 QR簡単設定 メール登録で納品 即日発行対応 急ぎの方LINEサポートあり 香港sim マカオsim 中国sim マグロeSIM,880,2,,,,,2485,4일,4일,180일,unknown,unknown,lte_4g_only,medium,"{""cmhk"": null, ""csl"": null, ""smartone"": null, ""three_hk"": true}","{""skt"": null, ""kt"": null, ""lgu"": null}",unlimited,https://www.amazon.co.jp/eSIM%E3%80%914%E6%97%A5%E9%96%93-%E4%BD%8E%E9%80%9F%E3%83%87%E3%83%BC%E3%82%BF%E9%80%9A%E4%BF%A1%E7%84%A1%E5%88%B6%E9%99%90-%E9%AB%98%E9%80%9F%E3%83%87%E3%83%BC%E3%82%BF%E9%80%9A%E4%BF%A1500MB-%E6%80%A5%E3%81%8E%E3%81%AE%E6%96%B9LINE%E3%82%B5%E3%83%9D%E3%83%BC%E3%83%88%E3%81%82%E3%82%8A-%E3%83%9E%E3%82%B0%E3%83%ADeSIM/dp/B0F5PLWJNL,B0F5PLWJNL,B0F5PLWJNL,マグロeSIM,マグロeSIMのストアを表示,"{""price_jpy"": [""￥880""], ""usage_validity"": [""【香港 マカオ eSIM】4日間 低速データ通信無制限 高速データ通信500MB/日 実名登録不要 QR簡単設定 メール登録で納品 即日発行対応 急ぎの方LINEサポートあり 香港sim マカオsim 中国sim マグロeSIM""], ""activation_validity"": [""【注意事項①】有効期限：eSIM QRコードを受け取ってから180日間です（有効期間内にご利用ください）。eSIMの使用期間は、現地の回線に接続した時点からプランの最終日の23時59分までです。""], ""data_amount"": [""【データ容量】データ容量は無制限ですが、1日以内にデータ通信量が500MBを超えると、通信速度が128Kbpsに制限され、翌日の現地時間0時に自動的にスピード制限が解除されます。※地点によっては信号が届かない場合がありますのでご了承ください。""], ""network_type"": [""local_signal: 【チョコSIM 定額（Sプラン）】【中国の電話番号付きでアプリや施設サービスのSMS認証が可能】【データ容量】合計500MB/月【音声】合計20分間/月 データ/音声/SMS付きSIMカード 中国SIM マカオSIM China unicom ※こちらのSIMカードは契約後、毎月の基本料が発生いたします。※2024年11月1日から台湾でのご利用はできなくなり"", ""roaming_signal: 商品の説明 購入前にご注意！ 注意事項①：ご購入後、商品画像に記載されたURLにアクセスし必要事項を入力→メールアドレスにPDFの説明書とeSIMのQRコードが届きます！ 注意事項②：SIMロックフリー端末、もしくはSIMフリー端末専用のサービスです。必ず、ご利用端末がeSIM対応かどうかご確認ください。 注意事項③：eSIM対応端末のみ利用可能。※通信キャ"", ""insufficient_or_conflicting_signals(local=6, roaming=3)""], ""network_generation"": [""fallback_5g: network_generation: fallback_5g: source:image_alt: 【中国SIMカード】30日間 5GB高速データ＋低速無制限｜中国・香港・マカオ対応｜中国本土でもGoogle・LINE・YouTube利用可能｜24時間サポート｜中国本土 プリペイドSIM 中国 sim (30日間｜5GB)"", ""fallback_4g_lte: network_generation: fallback_4g_lte: source:image_alt: 【中国 香港 eSIM】大容量 2GB/日・高速データ 低速無制限 即日発行可能 China Unicom/3HK キャリア 4G-LTE対応 データ通信専用 中国・ 香港 プリペイド simカード (1日間)"", ""fallback_only_network_generation_signal""], ""carrier_support_local"": [""3HK: 【中国 香港 eSIM】大容量 2GB/日・高速データ 低速無制限 即日発行可能 China Unicom/3HK キャリア 4G-LTE対応 データ通信専用 中国・ 香港 プリペイド simカード (1日間)"", ""3HK: 【中国 香港 eSIM】大容量 2GB/日・高速データ 低速無制限 即日発行可能 China Unicom/3HK キャリア 4G-LTE対応 データ通信専用 中国・ 香港 プリペイド simカード (3日間)""], ""review_count"": [""detail_page: (2)""], ""bestseller_rank"": [""Amazon 売れ筋ランキング 家電＆カメラ - 347,899位 ( 家電＆カメラの売れ筋ランキングを見る ) プリペイドSIMカード - 2,485位""], ""title"": [""【香港 マカオ eSIM】4日間 低速データ通信無制限 高速データ通信500MB/日 実名登録不要 QR簡単設定 メール登録で納品 即日発行対応 急ぎの方LINEサポートあり 香港sim マカオsim 中国sim マグロeSIM""], ""network_generation_inferred"": [""carrier_support_local: 3HK: 【中国 香港 eSIM】大容量 2GB/日・高速データ 低速無制限 即日発行可能 China Unicom/3HK キャリア 4G-LTE対応 データ通信専用 中国・ 香港 プリペイド simカード (1日間)"", ""carrier_support_local: 3HK: 【中国 香港 eSIM】大容量 2GB/日・高速データ 低速無制限 即日発行可能 China Unicom/3HK キャリア 4G-LTE対応 データ通信専用 中国・ 香港 プリペイド simカード (3日間)""]}"
amazon_jp,hk,【香港/マカオSIM】7日間 7GB 高速データ データSIM プリペイドSIM ジェットモバイル テザリング可 5G/4G-LTE,1501,311,,,,,2716,3일,3일,7일,local,5g_capable,5g_capable,high,"{""cmhk"": null, ""csl"": null, ""smartone"": null, ""three_hk"": true}","{""skt"": null, ""kt"": null, ""lgu"": null}",1GB/day,https://www.amazon.co.jp/%E3%83%9E%E3%82%AB%E3%82%AASIM%E3%80%917%E6%97%A5%E9%96%93-%E3%83%87%E3%83%BC%E3%82%BFSIM-%E3%83%97%E3%83%AA%E3%83%9A%E3%82%A4%E3%83%89SIM-%E3%82%B8%E3%82%A7%E3%83%83%E3%83%88%E3%83%A2%E3%83%90%E3%82%A4%E3%83%AB-%E3%83%86%E3%82%B6%E3%83%AA%E3%83%B3%E3%82%B0%E5%8F%AF/dp/B0F1XYS8NH,B0F1XYS8NH,B0F1XYS8NH,ジェスロモバイル,JETSIMのストアを表示,"{""price_jpy"": [""￥1,501""], ""usage_validity"": [""【SKTelecoｍ公式認証】 韓国eSIM 3日間 (72時間) 電話番号付き 超高速データ無制限 最初の5分発信無料(韓国国内) お急ぎの方即時発行可(LINE相談受付中) 有効期限／ご購入日より120日以内 現地空港サポート(SKTelecomローミングセンター) SKテレコム正規品 韓国SIMカードタイプではありません""], ""activation_validity"": [""【香港/マカオSIM】7日間 7GB 高速データ データSIM プリペイドSIM ジェットモバイル テザリング可 5G/4G-LTE""], ""data_amount"": [""【データ無制限】香港・マカオで7日間 5G/4G-LTE 高速データ7GB、その後2G速度で使い放題。テザリング対応。高速データ1日1GBまで。""], ""network_type"": [""【チョコSIM 定額（Sプラン）】【中国の電話番号付きでアプリや施設サービスのSMS認証が可能】【データ容量】合計500MB/月【音声】合計20分間/月 データ/音声/SMS付きSIMカード 中国SIM マカオSIM China unicom ※こちらのSIMカードは契約後、毎月の基本料が発生いたします。※2024年11月1日から台湾でのご利用はできなくなり"", ""【SKTelecoｍ公式認証】 韓国eSIM 3日間 (72時間) 電話番号付き 超高速データ無制限 最初の5分発信無料(韓国国内) お急ぎの方即時発行可(LINE相談受付中) 有効期限／ご購入日より120日以内 現地空港サポート(SKTelecomローミングセンター) SKテレコム正規品 韓国SIMカードタイプではありません"", ""score: local=6, roaming=0""], ""network_generation"": [""strong_5g: title: 【香港/マカオSIM】7日間 7GB 高速データ データSIM プリペイドSIM ジェットモバイル テザリング可 5G/4G-LTE"", ""strong_5g: title: 【香港/マカオSIM】7日間 7GB 高速データ データSIM プリペイドSIM ジェットモバイル テザリング可 5G/4G-LTE""], ""carrier_support_local"": [""3HK: 【高品質回線】 大手通信キャリア回線を使用。広範囲で安定した快適な通信を提供。香港：3HK回線。マカオ：CTM回線。""], ""review_count"": [""detail_page: 311""], ""bestseller_rank"": [""Amazon 売れ筋ランキング 家電＆カメラ - 393,720位 ( 家電＆カメラの売れ筋ランキングを見る ) プリペイドSIMカード - 2,716位""], ""title"": [""【香港/マカオSIM】7日間 7GB 高速データ データSIM プリペイドSIM ジェットモバイル テザリング可 5G/4G-LTE""], ""network_generation_inferred"": [""strong_5g: title: 【香港/マカオSIM】7日間 7GB 高速データ データSIM プリペイドSIM ジェットモバイル テザリング可 5G/4G-LTE"", ""strong_5g: title: 【香港/マカオSIM】7日間 7GB 高速データ データSIM プリペイドSIM ジェットモバイル テザリング可 5G/4G-LTE""]}"
amazon_jp,hk,【アジア】eSIM 30日間(720時間) 20GB高速データ 5G/4G-LTE対応 データ通信専用 中国 日本 韓国 タイ マレーシア シンガポールマカオ 香港 台湾含む 9地域 simフリー端末のみ対応 説明書付 イーシム (30日間 20GB),2480,9,,,,,1016,1일,1일,30일,unknown,5g_capable,5g_capable,high,"{""cmhk"": null, ""csl"": null, ""smartone"": null, ""three_hk"": null}","{""skt"": null, ""kt"": null, ""lgu"": null}",unlimited,https://www.amazon.co.jp/%E3%80%90%E3%82%A2%E3%82%B8%E3%82%A2%E3%80%91eSIM-30%E6%97%A5%E9%96%93-20GB%E9%AB%98%E9%80%9F%E3%83%87%E3%83%BC%E3%82%BF-sim%E3%83%95%E3%83%AA%E3%83%BC%E7%AB%AF%E6%9C%AB%E3%81%AE%E3%81%BF%E5%AF%BE%E5%BF%9C-20GB/dp/B0FD9T6H3M,B0FD9T6H3M,B0FD9T6H3M,SCT Mobile Tech,LBDCIOTのストアを表示,"{""price_jpy"": [""￥2,480""], ""usage_validity"": [""商品の説明 梱包内容： ① 封筒 ② eSIMカード 封筒には注意事項と公式アカウントのアフターサービスが記載されています。 カードには説明書、eSIMの取り出し方、アフターサービスの連絡先が記載されています。 その他の製品 【ヨーロッパ】eSIM 30日間 10GB カートに入れる 【ヨーロッパSIM】 30日間 10GB 購入オプション eSIM 10日""], ""activation_validity"": [""【アジア】eSIM 30日間(720時間) 20GB高速データ 5G/4G-LTE対応 データ通信専用 中国 日本 韓国 タイ マレーシア シンガポールマカオ 香港 台湾含む 9地域 simフリー端末のみ対応 説明書付 イーシム (30日間 20GB)""], ""data_amount"": [""【データ無制限】eSIMの高速データ総量は20GBです。20GBのデータ使用後も通信は途絶えることはありません。低速データは無制限にご利用いただけます。""], ""network_type"": [""local_signal: 【チョコSIM 定額（Sプラン）】【中国の電話番号付きでアプリや施設サービスのSMS認証が可能】【データ容量】合計500MB/月【音声】合計20分間/月 データ/音声/SMS付きSIMカード 中国SIM マカオSIM China unicom ※こちらのSIMカードは契約後、毎月の基本料が発生いたします。※2024年11月1日から台湾でのご利用はできなくなり"", ""roaming_signal: 【利用方法】eSIMは出発前に追加し、目的地に到着後「ローミングデータ」をオンにするとご利用いただけます。使用できない場合は、APNを追加してください。"", ""insufficient_or_conflicting_signals(local=6, roaming=3)""], ""network_generation"": [""strong_5g: title: 【アジア】eSIM 30日間(720時間) 20GB高速データ 5G/4G-LTE対応 データ通信専用 中国 日本 韓国 タイ マレーシア シンガポールマカオ 香港 台湾含む 9地域 simフリー端末のみ対応 説明書付 イーシム (30日間 20GB)"", ""strong_5g: title: 【アジア】eSIM 30日間(720時間) 20GB高速データ 5G/4G-LTE対応 データ通信専用 中国 日本 韓国 タイ マレーシア シンガポールマカオ 香港 台湾含む 9地域 simフリー端末のみ対応 説明書付 イーシム (30日間 20GB)"", ""4g_lte_signal_present_but_5g_capable_takes_precedence""], ""review_count"": [""detail_page: (9)""], ""bestseller_rank"": [""Amazon 売れ筋ランキング 家電＆カメラ - 117,190位 ( 家電＆カメラの売れ筋ランキングを見る ) プリペイドSIMカード - 1,016位""], ""title"": [""【アジア】eSIM 30日間(720時間) 20GB高速データ 5G/4G-LTE対応 データ通信専用 中国 日本 韓国 タイ マレーシア シンガポールマカオ 香港 台湾含む 9地域 simフリー端末のみ対応 説明書付 イーシム (30日間 20GB)""], ""network_generation_inferred"": [""strong_5g: title: 【アジア】eSIM 30日間(720時間) 20GB高速データ 5G/4G-LTE対応 データ通信専用 中国 日本 韓国 タイ マレーシア シンガポールマカオ 香港 台湾含む 9地域 simフリー端末のみ対応 説明書付 イーシム (30日間 20GB)"", ""strong_5g: title: 【アジア】eSIM 30日間(720時間) 20GB高速データ 5G/4G-LTE対応 データ通信専用 中国 日本 韓国 タイ マレーシア シンガポールマカオ 香港 台湾含む 9地域 simフリー端末のみ対応 説明書付 イーシム (30日間 20GB)"", ""4g_lte_signal_present_but_5g_capable_takes_precedence""]}"
amazon_jp,hk,アジア25ヵ国プリペイドSIM 利用日数30日 データ容量7GB アジア周遊SIM ローミングSIM 利用国(インド、オーストラリア、韓国、グアム、サイパン、シンガポール、タイ、台湾、中国、日本、フィリピン、ベトナム、香港、マカオ、マレーシア等),2710,1,,,,,289,1일,1일,30일,unknown,unknown,unknown,low,"{""cmhk"": null, ""csl"": null, ""smartone"": null, ""three_hk"": null}","{""skt"": null, ""kt"": null, ""lgu"": null}",7GB,https://www.amazon.co.jp/%E3%82%A2%E3%82%B8%E3%82%A224%E3%83%B5%E5%9B%BD%E3%83%97%E3%83%AA%E3%83%9A%E3%82%A4%E3%83%89SIM-%E5%88%A9%E7%94%A8%E6%9C%9F%E9%96%9330%E6%97%A5%E9%96%93-%E3%83%87%E3%83%BC%E3%82%BF%E5%AE%B9%E9%87%8F8GB-%E3%82%A2%E3%82%B8%E3%82%A2%E5%91%A8%E9%81%8ASIM-%E9%9F%93%E5%9B%BD%E3%80%81%E6%97%A5%E6%9C%AC%E3%80%81%E3%82%A4%E3%83%B3%E3%83%89%E3%83%8D%E3%82%B7%E3%82%A2%E3%80%81%E3%82%AA%E3%83%BC%E3%82%B9%E3%83%88%E3%83%A9%E3%83%AA%E3%82%A2%E3%80%81%E3%82%B7%E3%83%B3%E3%82%AC%E3%83%9D%E3%83%BC%E3%83%AB%E3%80%81%E3%82%BF%E3%82%A4%E3%80%81%E3%83%95%E3%82%A3%E3%83%AA%E3%83%94%E3%83%B3%E3%80%81%E3%83%99%E3%83%88%E3%83%8A%E3%83%A0%E7%AD%89/dp/B0DLP3PYW4,B0DLP3PYW4,B0DLP3PYW4,ブランド: Wise SIM,ブランド: Wise SIM,"{""price_jpy"": [""￥2,710 ￥ 2,710 27ポイント(1""], ""usage_validity"": [""■利用期間：香港の通信会社が発行しているSIMの為、香港時間を基準として電波を受信後30日(日数カウント) 例えば香港の23時に利用開始した場合、1時間で1日分としてカウントされますのでご留意ください。""], ""activation_validity"": [""アジア25ヵ国プリペイドSIM 利用日数30日 データ容量7GB アジア周遊SIM ローミングSIM 利用国(インド、オーストラリア、韓国、グアム、サイパン、シンガポール、タイ、台湾、中国、日本、フィリピン、ベトナム、香港、マカオ、マレーシア等)""], ""data_amount"": [""【データ容量】 7GBまで高速データ通信利用が可能です。 ※7GBのデータ量を超過後は128kbpsへ速度低下となりますが止まる事なく利用可能です。""], ""network_type"": [""local_signal: 【チョコSIM 定額（Sプラン）】【中国の電話番号付きでアプリや施設サービスのSMS認証が可能】【データ容量】合計500MB/月【音声】合計20分間/月 データ/音声/SMS付きSIMカード 中国SIM マカオSIM China unicom ※こちらのSIMカードは契約後、毎月の基本料が発生いたします。※2024年11月1日から台湾でのご利用はできなくなり"", ""roaming_signal: アジア25ヵ国プリペイドSIM 利用日数30日 データ容量7GB アジア周遊SIM ローミングSIM 利用国(インド、オーストラリア、韓国、グアム、サイパン、シンガポール、タイ、台湾、中国、日本、フィリピン、ベトナム、香港、マカオ、マレーシア等)"", ""insufficient_or_conflicting_signals(local=6, roaming=12)""], ""network_generation"": [""fallback_5g: network_generation: strong_5g: source:product_details: 携帯電話技術 5G/4G/LTE"", ""fallback_4g_lte: network_generation: strong_5g: source:product_details: 携帯電話技術 5G/4G/LTE"", ""fallback_only_network_generation_signal""], ""review_count"": [""detail_page: (1)""], ""bestseller_rank"": [""Amazon 売れ筋ランキング 家電＆カメラ - 25,230位 ( 家電＆カメラの売れ筋ランキングを見る ) プリペイドSIMカード - 289位""], ""title"": [""アジア25ヵ国プリペイドSIM 利用日数30日 データ容量7GB アジア周遊SIM ローミングSIM 利用国(インド、オーストラリア、韓国、グアム、サイパン、シンガポール、タイ、台湾、中国、日本、フィリピン、ベトナム、香港、マカオ、マレーシア等)""], ""network_generation_inferred"": [""no_medium_generation_signal""]}"
amazon_jp,hk,【香港・マカオ eSIM】6日間 5GB（コスパ重視） DeSiM正規卸 | LINE相談受付中 | データ通信専用（電話番号なし） | simフリー端末のみ対応 説明書付 イーシム DeSiM,1840,2,,,,,2501,3일,3일,6일,local,unknown,5g_capable,medium,"{""cmhk"": null, ""csl"": null, ""smartone"": null, ""three_hk"": null}","{""skt"": null, ""kt"": null, ""lgu"": null}",5GB,https://www.amazon.co.jp/5GB%EF%BC%88%E3%82%B3%E3%82%B9%E3%83%91%E9%87%8D%E8%A6%96%EF%BC%89-LINE%E7%9B%B8%E8%AB%87%E5%8F%97%E4%BB%98%E4%B8%AD%EF%BD%9C%E5%BD%93%E6%97%A5%E7%99%BA%E8%A1%8C%E5%8F%AF%E8%83%BD-%E3%83%87%E3%83%BC%E3%82%BF%E9%80%9A%E4%BF%A1%E5%B0%82%E7%94%A8%EF%BC%88%E9%9B%BB%E8%A9%B1%E7%95%AA%E5%8F%B7%E3%81%AA%E3%81%97%EF%BC%89-sim%E3%83%95%E3%83%AA%E3%83%BC%E7%AB%AF%E6%9C%AB%E3%81%AE%E3%81%BF%E5%AF%BE%E5%BF%9C-DeSiM/dp/B0F1DXP3L5,B0F1DXP3L5,B0F1DXP3L5,DeSiM,DeSiMのストアを表示,"{""price_jpy"": [""￥1,840""], ""usage_validity"": [""【SKTelecoｍ公式認証】 韓国eSIM 3日間 (72時間) 電話番号付き 超高速データ無制限 最初の5分発信無料(韓国国内) お急ぎの方即時発行可(LINE相談受付中) 有効期限／ご購入日より120日以内 現地空港サポート(SKTelecomローミングセンター) SKテレコム正規品 韓国SIMカードタイプではありません""], ""activation_validity"": [""【香港・マカオ eSIM】6日間 5GB（コスパ重視） DeSiM正規卸 | LINE相談受付中 | データ通信専用（電話番号なし） | simフリー端末のみ対応 説明書付 イーシム DeSiM""], ""data_amount"": [""【香港・マカオ eSIM】6日間 5GB（コスパ重視） DeSiM正規卸 | LINE相談受付中｜当日発行可能 | データ通信専用（電話番号なし） | simフリー端末のみ対応 説明書付 イーシム DeSiM""], ""network_type"": [""【チョコSIM 定額（Sプラン）】【中国の電話番号付きでアプリや施設サービスのSMS認証が可能】【データ容量】合計500MB/月【音声】合計20分間/月 データ/音声/SMS付きSIMカード 中国SIM マカオSIM China unicom ※こちらのSIMカードは契約後、毎月の基本料が発生いたします。※2024年11月1日から台湾でのご利用はできなくなり"", ""【SKTelecoｍ公式認証】 韓国eSIM 3日間 (72時間) 電話番号付き 超高速データ無制限 最初の5分発信無料(韓国国内) お急ぎの方即時発行可(LINE相談受付中) 有効期限／ご購入日より120日以内 現地空港サポート(SKTelecomローミングセンター) SKテレコム正規品 韓国SIMカードタイプではありません"", ""score: local=6, roaming=0""], ""network_generation"": [""fallback_5g: activation_validity: 【香港・マカオ eSIM】6日間 5GB（コスパ重視） DeSiM正規卸 | LINE相談受付中 | データ通信専用（電話番号なし） | simフリー端末のみ対応 説明書付 イーシム DeSiM"", ""fallback_4g_lte: network_generation: fallback_4g_lte: source:image_alt: プリペイドSIMカード 【RAKUTEN回線】 国内海外 プリペイドSIM 3GB/月1年間有効 5G/4G-LTE対応 SMS認証可能 データ通信 専用 SIMカード (3GB SMS付き)"", ""fallback_only_network_generation_signal""], ""review_count"": [""detail_page: (2)""], ""bestseller_rank"": [""Amazon 売れ筋ランキング 家電＆カメラ - 350,355位 ( 家電＆カメラの売れ筋ランキングを見る ) プリペイドSIMカード - 2,501位""], ""title"": [""【香港・マカオ eSIM】6日間 5GB（コスパ重視） DeSiM正規卸 | LINE相談受付中 | データ通信専用（電話番号なし） | simフリー端末のみ対応 説明書付 イーシム DeSiM""], ""network_generation_inferred"": [""title: 【香港・マカオ eSIM】6日間 5GB（コスパ重視） DeSiM正規卸 | LINE相談受付中 | データ通信専用（電話番号なし） | simフリー端末のみ対応 説明書付 イーシム DeSiM""]}"
amazon_jp,hk,【香港・マカオ eSIM】2日間 3GB（コスパ重視） DeSiM正規卸 | LINE相談受付中 | データ通信専用（電話番号なし） | simフリー端末のみ対応 説明書付 イーシム DeSiM,1180,1,,,,,2356,2일,2일,3일,local,unknown,unknown,low,"{""cmhk"": null, ""csl"": null, ""smartone"": null, ""three_hk"": null}","{""skt"": null, ""kt"": null, ""lgu"": null}",3GB,https://www.amazon.co.jp/3GB%EF%BC%88%E3%82%B3%E3%82%B9%E3%83%91%E9%87%8D%E8%A6%96%EF%BC%89-LINE%E7%9B%B8%E8%AB%87%E5%8F%97%E4%BB%98%E4%B8%AD%EF%BD%9C%E5%BD%93%E6%97%A5%E7%99%BA%E8%A1%8C%E5%8F%AF%E8%83%BD-%E3%83%87%E3%83%BC%E3%82%BF%E9%80%9A%E4%BF%A1%E5%B0%82%E7%94%A8%EF%BC%88%E9%9B%BB%E8%A9%B1%E7%95%AA%E5%8F%B7%E3%81%AA%E3%81%97%EF%BC%89-sim%E3%83%95%E3%83%AA%E3%83%BC%E7%AB%AF%E6%9C%AB%E3%81%AE%E3%81%BF%E5%AF%BE%E5%BF%9C-DeSiM/dp/B0F1DX62G8,B0F1DX62G8,B0F1DX62G8,DeSiM,DeSiMのストアを表示,"{""price_jpy"": [""￥1,180""], ""usage_validity"": [""【香港・マカオ eSIM】2日間 3GB（コスパ重視） DeSiM正規卸 | LINE相談受付中 | データ通信専用（電話番号なし） | simフリー端末のみ対応 説明書付 イーシム DeSiM""], ""activation_validity"": [""【SKTelecoｍ公式認証】 韓国eSIM 3日間 (72時間) 電話番号付き 超高速データ無制限 最初の5分発信無料(韓国国内) お急ぎの方即時発行可(LINE相談受付中) 有効期限／ご購入日より120日以内 現地空港サポート(SKTelecomローミングセンター) SKテレコム正規品 韓国SIMカードタイプではありません""], ""data_amount"": [""【香港・マカオ eSIM】2日間 3GB（コスパ重視） DeSiM正規卸 | LINE相談受付中｜当日発行可能 | データ通信専用（電話番号なし） | simフリー端末のみ対応 説明書付 イーシム DeSiM""], ""network_type"": [""【チョコSIM 定額（Sプラン）】【中国の電話番号付きでアプリや施設サービスのSMS認証が可能】【データ容量】合計500MB/月【音声】合計20分間/月 データ/音声/SMS付きSIMカード 中国SIM マカオSIM China unicom ※こちらのSIMカードは契約後、毎月の基本料が発生いたします。※2024年11月1日から台湾でのご利用はできなくなり"", ""【SKTelecoｍ公式認証】 韓国eSIM 3日間 (72時間) 電話番号付き 超高速データ無制限 最初の5分発信無料(韓国国内) お急ぎの方即時発行可(LINE相談受付中) 有効期限／ご購入日より120日以内 現地空港サポート(SKTelecomローミングセンター) SKテレコム正規品 韓国SIMカードタイプではありません"", ""score: local=6, roaming=0""], ""network_generation"": [""fallback_5g: network_generation: fallback_5g: source:image_alt: 【香港・マカオ eSIM】7日間 0.5GB/毎日（六泊七日 コスパ重視） DeSiM正規卸 | LINE相談受付中 | データ通信専用（電話番号なし） | simフリー端末のみ対応 説明書付 イーシム DeSiM"", ""fallback_4g_lte: network_generation: fallback_4g_lte: source:image_alt: ソフトバンクSIM データ容量10GB プリペイドSIM Soft Bank データ専用SIMカード 4G LTE prepaid sim 10GB japan travel japan with sim pin SOFTBANKSIM 日本SIM "", ""fallback_only_network_generation_signal""], ""review_count"": [""detail_page: (1)""], ""bestseller_rank"": [""Amazon 売れ筋ランキング 家電＆カメラ - 323,657位 ( 家電＆カメラの売れ筋ランキングを見る ) プリペイドSIMカード - 2,356位""], ""title"": [""【香港・マカオ eSIM】2日間 3GB（コスパ重視） DeSiM正規卸 | LINE相談受付中 | データ通信専用（電話番号なし） | simフリー端末のみ対応 説明書付 イーシム DeSiM""], ""network_generation_inferred"": [""no_medium_generation_signal""]}"
amazon_jp,hk,【中国 SIM】5日間 高速データ完全無制限｜中国本土・香港・マカオ対応｜Google/LINE/YouTube利用可｜実名登録不要｜年中無休・24時間サポート｜中国本土 プリペイドsim 香港 sim 中国 simカード,2180,1,,,,,2696,1일,1일,5일,roaming,unknown,unknown,low,"{""cmhk"": null, ""csl"": null, ""smartone"": null, ""three_hk"": true}","{""skt"": null, ""kt"": null, ""lgu"": null}",unlimited,https://www.amazon.co.jp/SIM%E3%80%915%E6%97%A5%E9%96%93-%E9%AB%98%E9%80%9F%E3%83%87%E3%83%BC%E3%82%BF%E5%AE%8C%E5%85%A8%E7%84%A1%E5%88%B6%E9%99%90%EF%BD%9C%E4%B8%AD%E5%9B%BD%E6%9C%AC%E5%9C%9F%E3%83%BB%E9%A6%99%E6%B8%AF%E3%83%BB%E3%83%9E%E3%82%AB%E3%82%AA%E5%AF%BE%E5%BF%9C%EF%BD%9CGoogle-YouTube%E5%88%A9%E7%94%A8%E5%8F%AF%EF%BD%9C%E5%AE%9F%E5%90%8D%E7%99%BB%E9%8C%B2%E4%B8%8D%E8%A6%81%EF%BD%9C%E5%B9%B4%E4%B8%AD%E7%84%A1%E4%BC%91%E3%83%BB24%E6%99%82%E9%96%93%E3%82%B5%E3%83%9D%E3%83%BC%E3%83%88%EF%BD%9C%E4%B8%AD%E5%9B%BD%E6%9C%AC%E5%9C%9F-%E3%83%97%E3%83%AA%E3%83%9A%E3%82%A4%E3%83%89sim-5%E6%97%A5%E9%96%93%EF%BD%9C%E7%84%A1%E5%88%B6%E9%99%90/dp/B0FTM9LCHF,B0FTM9LCHF,B0FTM9LCHF,Global eSIMshop,ブランド: PLUG TO GO,"{""price_jpy"": [""￥2,180""], ""usage_validity"": [""【高速データ】 データ通信専用のSIMです。※高速データ容量は無制限。完全使い放題プラン、中国ネット規制対象外 中国でもGoogle、LINE、YouTubeなどVPNなしで利用可能、本人確認やSIMカード認証は不要で、1-30日間選択可能。 【中国ネット規制なし】 中国本土では香港回線をローミング利用するため、中国政府のネット規制対象外。Google、LI""], ""activation_validity"": [""【中国 SIM】5日間 高速データ完全無制限｜中国本土・香港・マカオ対応｜Google/LINE/YouTube利用可｜実名登録不要｜年中無休・24時間サポート｜中国本土 プリペイドsim 香港 sim 中国 simカード""], ""data_amount"": [""【高速データ】 データ通信専用のSIMです。※高速データ容量は無制限。完全使い放題プラン、中国ネット規制対象外 中国でもGoogle、LINE、YouTubeなどVPNなしで利用可能、本人確認やSIMカード認証は不要で、1-30日間選択可能。""], ""network_type"": [""【中国ネット規制なし】 中国本土では香港回線をローミング利用するため、中国政府のネット規制対象外。Google、LINE、Facebook、Twitter、YouTube、Instagramなど主要サービスがVPN不要でそのままご利用いただけます。"", ""【高速データ】 データ通信専用のSIMです。※高速データ容量は無制限。完全使い放題プラン、中国ネット規制対象外 中国でもGoogle、LINE、YouTubeなどVPNなしで利用可能、本人確認やSIMカード認証は不要で、1-30日間選択可能。 【中国ネット規制なし】 中国本土では香港回線をローミング利用するため、中国政府のネット規制対象外。Google、LI"", ""score: local=0, roaming=3""], ""network_generation"": [""fallback_5g: network_generation: strong_5g: source:product_details: 携帯電話技術 5G/4G"", ""fallback_4g_lte: network_generation: strong_5g: source:product_details: 携帯電話技術 5G/4G"", ""fallback_only_network_generation_signal""], ""carrier_support_local"": [""3HK: 【対応端末】SIMフリー／SIMロック解除済みスマートフォン専用。タブレット・PC・Wi-Fiルーターではご利用いただけません。標準／micro／nano SIMサイズに対応。 キャリア：中国：中国電信（China Telecom）／香港：3HK／マカオ：CTM。"", ""3HK: 【高速データ】 データ通信専用のSIMです。※高速データ容量は無制限。完全使い放題プラン、中国ネット規制対象外 中国でもGoogle、LINE、YouTubeなどVPNなしで利用可能、本人確認やSIMカード認証は不要で、1-30日間選択可能。 【中国ネット規制なし】 中国本土では香港回線をローミング"", ""3HK: サービスプロバイダ China Telecom/3HK/CTM"", ""3HK: Amazon.co.jp: 【中国 SIM】5日間 高速データ完全無制限｜中国本土・香港・マカオ対応｜Google/LINE/YouTube利用可｜実名登録不要｜年中無休・24時間サポート｜中国本土 プリペイドsim 香港 sim 中国 simカード : 家電＆カメラ 次に移動 メインコンテンツ こ""], ""review_count"": [""detail_page: (1)""], ""bestseller_rank"": [""Amazon 売れ筋ランキング 家電＆カメラ - 391,641位 ( 家電＆カメラの売れ筋ランキングを見る ) プリペイドSIMカード - 2,696位""], ""title"": [""【中国 SIM】5日間 高速データ完全無制限｜中国本土・香港・マカオ対応｜Google/LINE/YouTube利用可｜実名登録不要｜年中無休・24時間サポート｜中国本土 プリペイドsim 香港 sim 中国 simカード""], ""network_generation_inferred"": [""no_medium_generation_signal""]}"
amazon_jp,hk,【香港・マカオ eSIM】1日間 1GB DeSiM正規卸 | LINE相談受付中 |データ通信専用（電話番号なし） | simフリー端末のみ対応 説明書付 イーシム,830,,,,,,2675,1일,1일,,unknown,unknown,unknown,low,"{""cmhk"": null, ""csl"": null, ""smartone"": null, ""three_hk"": null}","{""skt"": null, ""kt"": null, ""lgu"": null}",1GB,https://www.amazon.co.jp/eSIM%E3%80%911%E6%97%A5%E9%96%93-1GB-LINE%E7%9B%B8%E8%AB%87%E5%8F%97%E4%BB%98%E4%B8%AD%EF%BD%9C%E5%BD%93%E6%97%A5%E7%99%BA%E8%A1%8C%E5%8F%AF%E8%83%BD-%E3%83%87%E3%83%BC%E3%82%BF%E9%80%9A%E4%BF%A1%E5%B0%82%E7%94%A8%EF%BC%88%E9%9B%BB%E8%A9%B1%E7%95%AA%E5%8F%B7%E3%81%AA%E3%81%97%EF%BC%89-sim%E3%83%95%E3%83%AA%E3%83%BC%E7%AB%AF%E6%9C%AB%E3%81%AE%E3%81%BF%E5%AF%BE%E5%BF%9C/dp/B0DFZ2NRL2,B0DFZ2NRL2,B0DFZ2NRL2,DeSiM,DeSiMのストアを表示,"{""price_jpy"": [""￥830""], ""usage_validity"": [""【香港・マカオ eSIM】1日間 1GB DeSiM正規卸 | LINE相談受付中 |データ通信専用（電話番号なし） | simフリー端末のみ対応 説明書付 イーシム""], ""data_amount"": [""【香港・マカオ eSIM】1日間 1GB DeSiM正規卸 | LINE相談受付中｜当日発行可能 |データ通信専用（電話番号なし） | simフリー端末のみ対応 説明書付 イーシム""], ""network_type"": [""no_local_or_roaming_keyword_matched""], ""network_generation"": [""fallback_5g: network_generation: fallback_5g: source:fallback_all_text: Amazon.co.jp: 【香港・マカオ eSIM】1日間 1GB DeSiM正規卸 | LINE相談受付中 |データ通信専用（電話番号なし） | simフリー端末のみ対応 説明書付 イーシム : 家電＆カメラ 次に移動 メインコンテンツ "", ""fallback_only_network_generation_signal""], ""bestseller_rank"": [""Amazon 売れ筋ランキング 家電＆カメラ - 385,402位 ( 家電＆カメラの売れ筋ランキングを見る ) プリペイドSIMカード - 2,675位""], ""title"": [""【香港・マカオ eSIM】1日間 1GB DeSiM正規卸 | LINE相談受付中 |データ通信専用（電話番号なし） | simフリー端末のみ対応 説明書付 イーシム""], ""network_generation_inferred"": [""no_medium_generation_signal""]}"
amazon_jp,hk,【中国・香港・マカオ eSIM】4日間 高速無制限 データ通信専用（電話番号なし） 5G/4G-LTE対応 中国でもGoogle、LINE、YouTubeをVPNなしで利用可能 説明書付き LINEで24時間サポート 香港 マカオ 中国SIM MEWMEWホーム (4日間),1730,10,,,,,1759,3일,3일,4일,local,5g_capable,5g_capable,high,"{""cmhk"": null, ""csl"": null, ""smartone"": null, ""three_hk"": null}","{""skt"": null, ""kt"": null, ""lgu"": null}",unlimited,https://www.amazon.co.jp/%E3%80%90%E4%B8%AD%E5%9B%BD%E3%83%BB%E9%A6%99%E6%B8%AF%E3%83%BB%E3%83%9E%E3%82%AB%E3%82%AA-%E3%83%87%E3%83%BC%E3%82%BF%E9%80%9A%E4%BF%A1%E5%B0%82%E7%94%A8%EF%BC%88%E9%9B%BB%E8%A9%B1%E7%95%AA%E5%8F%B7%E3%81%AA%E3%81%97%EF%BC%89-%E4%B8%AD%E5%9B%BD%E3%81%A7%E3%82%82Google%E3%80%81LINE%E3%80%81YouTube%E3%82%92VPN%E3%81%AA%E3%81%97%E3%81%A7%E5%88%A9%E7%94%A8%E5%8F%AF%E8%83%BD-LINE%E3%81%A724%E6%99%82%E9%96%93%E3%82%B5%E3%83%9D%E3%83%BC%E3%83%88-4%E6%97%A5%E9%96%93/dp/B0F1ZXGFDC,B0F1ZXGFDC,B0F1ZXGFDC,mewmewホーム eSIM,ＭＥＷＭＥＷホームのストアを表示,"{""price_jpy"": [""￥1,730""], ""usage_validity"": [""【SKTelecoｍ公式認証】 韓国eSIM 3日間 (72時間) 電話番号付き 超高速データ無制限 最初の5分発信無料(韓国国内) お急ぎの方即時発行可(LINE相談受付中) 有効期限／ご購入日より120日以内 現地空港サポート(SKTelecomローミングセンター) SKテレコム正規品 韓国SIMカードタイプではありません""], ""activation_validity"": [""【中国・香港・マカオ eSIM】4日間 高速無制限 データ通信専用（電話番号なし） 5G/4G-LTE対応 中国でもGoogle、LINE、YouTubeをVPNなしで利用可能 説明書付き LINEで24時間サポート 香港 マカオ 中国SIM MEWMEWホーム (4日間)""], ""data_amount"": [""【高速無制限】中国本土・香港・マカオにて高速データ通信量は完全無制限となります。安心して頻繁にインターネットを利用したり、高画質の動画を視聴したり、いつでも地図を検索したり、旅行の写真を共有することができます。""], ""network_type"": [""【チョコSIM 定額（Sプラン）】【中国の電話番号付きでアプリや施設サービスのSMS認証が可能】【データ容量】合計500MB/月【音声】合計20分間/月 データ/音声/SMS付きSIMカード 中国SIM マカオSIM China unicom ※こちらのSIMカードは契約後、毎月の基本料が発生いたします。※2024年11月1日から台湾でのご利用はできなくなり"", ""【SKTelecoｍ公式認証】 韓国eSIM 3日間 (72時間) 電話番号付き 超高速データ無制限 最初の5分発信無料(韓国国内) お急ぎの方即時発行可(LINE相談受付中) 有効期限／ご購入日より120日以内 現地空港サポート(SKTelecomローミングセンター) SKテレコム正規品 韓国SIMカードタイプではありません"", ""score: local=6, roaming=0""], ""network_generation"": [""strong_5g: title: 【中国・香港・マカオ eSIM】4日間 高速無制限 データ通信専用（電話番号なし） 5G/4G-LTE対応 中国でもGoogle、LINE、YouTubeをVPNなしで利用可能 説明書付き LINEで24時間サポート 香港 マカオ 中国SIM MEWMEWホーム (4日間)"", ""strong_5g: title: 【中国・香港・マカオ eSIM】4日間 高速無制限 データ通信専用（電話番号なし） 5G/4G-LTE対応 中国でもGoogle、LINE、YouTubeをVPNなしで利用可能 説明書付き LINEで24時間サポート 香港 マカオ 中国SIM MEWMEWホーム (4日間)"", ""4g_lte_signal_present_but_5g_capable_takes_precedence""], ""review_count"": [""detail_page: (10)""], ""bestseller_rank"": [""Amazon 売れ筋ランキング 家電＆カメラ - 223,294位 ( 家電＆カメラの売れ筋ランキングを見る ) プリペイドSIMカード - 1,759位""], ""title"": [""【中国・香港・マカオ eSIM】4日間 高速無制限 データ通信専用（電話番号なし） 5G/4G-LTE対応 中国でもGoogle、LINE、YouTubeをVPNなしで利用可能 説明書付き LINEで24時間サポート 香港 マカオ 中国SIM MEWMEWホーム (4日間)""], ""network_generation_inferred"": [""strong_5g: title: 【中国・香港・マカオ eSIM】4日間 高速無制限 データ通信専用（電話番号なし） 5G/4G-LTE対応 中国でもGoogle、LINE、YouTubeをVPNなしで利用可能 説明書付き LINEで24時間サポート 香港 マカオ 中国SIM MEWMEWホーム (4日間)"", ""strong_5g: title: 【中国・香港・マカオ eSIM】4日間 高速無制限 データ通信専用（電話番号なし） 5G/4G-LTE対応 中国でもGoogle、LINE、YouTubeをVPNなしで利用可能 説明書付き LINEで24時間サポート 香港 マカオ 中国SIM MEWMEWホーム (4日間)"", ""4g_lte_signal_present_but_5g_capable_takes_precedence""]}"
amazon_jp,hk,【中国・香港・マカオ eSIM】1日間 3GB（一日間 コスパ重視） DeSiM正規卸 |LINE相談受付中 |データ通信専用（電話番号なし） simフリー端末のみ対応 説明書付 イーシム,1210,1,,,,,1667,1일,1일,7일,local,unknown,lte_4g_only,medium,"{""cmhk"": null, ""csl"": null, ""smartone"": null, ""three_hk"": true}","{""skt"": null, ""kt"": null, ""lgu"": null}",unlimited,https://www.amazon.co.jp/%E3%80%90%E4%B8%AD%E5%9B%BD%E3%83%BB%E9%A6%99%E6%B8%AF%E3%83%BB%E3%83%9E%E3%82%AB%E3%82%AA-eSIM%E3%80%911%E6%97%A5%E9%96%93-LINE%E7%9B%B8%E8%AB%87%E5%8F%97%E4%BB%98%E4%B8%AD-%E3%83%87%E3%83%BC%E3%82%BF%E9%80%9A%E4%BF%A1%E5%B0%82%E7%94%A8%EF%BC%88%E9%9B%BB%E8%A9%B1%E7%95%AA%E5%8F%B7%E3%81%AA%E3%81%97%EF%BC%89-sim%E3%83%95%E3%83%AA%E3%83%BC%E7%AB%AF%E6%9C%AB%E3%81%AE%E3%81%BF%E5%AF%BE%E5%BF%9C/dp/B0D5WB159Q,B0D5WB159Q,B0D5WB159Q,DeSiM,DeSiMのストアを表示,"{""price_jpy"": [""￥1,210""], ""usage_validity"": [""【中国・香港・マカオ eSIM】1日間 3GB（一日間 コスパ重視） DeSiM正規卸 |LINE相談受付中 |データ通信専用（電話番号なし） simフリー端末のみ対応 説明書付 イーシム""], ""activation_validity"": [""商品の説明 購入前の注意事項 【注意事項】 注意事項①：本商品はデータ通信専用です（通話はご利用いただけません）。ご注意ください。 注意事項②：SIMロックフリー端末、もしくはSIMフリー端末専用のサービスです。必ず、ご利用端末がeSIM対応かどうかご確認ください。 注意事項③：2021年10月1日以前にSIMロック解除をキャリア店頭またはインターネットでさ""], ""data_amount"": [""商品の説明 購入前の注意事項 【注意事項】 注意事項①：本商品はデータ通信専用です（通話はご利用いただけません）。ご注意ください。 注意事項②：SIMロックフリー端末、もしくはSIMフリー端末専用のサービスです。必ず、ご利用端末がeSIM対応かどうかご確認ください。 注意事項③：2021年10月1日以前にSIMロック解除をキャリア店頭またはインターネットでさ""], ""network_type"": [""商品の説明 購入前の注意事項 【注意事項】 注意事項①：本商品はデータ通信専用です（通話はご利用いただけません）。ご注意ください。 注意事項②：SIMロックフリー端末、もしくはSIMフリー端末専用のサービスです。必ず、ご利用端末がeSIM対応かどうかご確認ください。 注意事項③：2021年10月1日以前にSIMロック解除をキャリア店頭またはインターネットでさ"", ""【チョコSIM 定額（Sプラン）】【中国の電話番号付きでアプリや施設サービスのSMS認証が可能】【データ容量】合計500MB/月【音声】合計20分間/月 データ/音声/SMS付きSIMカード 中国SIM マカオSIM China unicom ※こちらのSIMカードは契約後、毎月の基本料が発生いたします。※2024年11月1日から台湾でのご利用はできなくなり"", ""score: local=9, roaming=1""], ""network_generation"": [""fallback_5g: network_generation: fallback_5g: source:image_alt: 【中国・香港・マカオ eSIM】5日間 5GB（四泊五日 コスパ重視） DeSiM正規卸 |LINE相談受付中 |データ通信専用（電話番号なし） simフリー端末のみ対応 説明書付 イーシム"", ""fallback_4g_lte: network_generation: fallback_4g_lte: source:image_alt: 【中国 香港 eSIM】大容量 2GB/日・高速データ 低速無制限 即日発行可能 China Unicom/3HK キャリア 4G-LTE対応 データ通信専用 中国・ 香港 プリペイド simカード (1日間)"", ""fallback_only_network_generation_signal""], ""carrier_support_local"": [""3HK: 【中国 香港 eSIM】大容量 2GB/日・高速データ 低速無制限 即日発行可能 China Unicom/3HK キャリア 4G-LTE対応 データ通信専用 中国・ 香港 プリペイド simカード (1日間)"", ""3HK: 【中国 香港 eSIM】大容量 2GB/日・高速データ 低速無制限 即日発行可能 China Unicom/3HK キャリア 4G-LTE対応 データ通信専用 中国・ 香港 プリペイド simカード (1日間)""], ""review_count"": [""detail_page: (1)""], ""bestseller_rank"": [""Amazon 売れ筋ランキング 家電＆カメラ - 210,251位 ( 家電＆カメラの売れ筋ランキングを見る ) プリペイドSIMカード - 1,667位""], ""title"": [""【中国・香港・マカオ eSIM】1日間 3GB（一日間 コスパ重視） DeSiM正規卸 |LINE相談受付中 |データ通信専用（電話番号なし） simフリー端末のみ対応 説明書付 イーシム""], ""network_generation_inferred"": [""carrier_support_local: 3HK: 【中国 香港 eSIM】大容量 2GB/日・高速データ 低速無制限 即日発行可能 China Unicom/3HK キャリア 4G-LTE対応 データ通信専用 中国・ 香港 プリペイド simカード (1日間)"", ""carrier_support_local: 3HK: 【中国 香港 eSIM】大容量 2GB/日・高速データ 低速無制限 即日発行可能 China Unicom/3HK キャリア 4G-LTE対応 データ通信専用 中国・ 香港 プリペイド simカード (1日間)""]}"
amazon_jp,hk,アジア太平洋11カ国 シンガポール・タイ・ベトナム・マレーシア SIMカード 7日間 データ使い放題7GBまで Jet Sim 物理SIM 無制限 7日 ジェットシム,1580,5,,,,,519,7일,7일,,roaming,unknown,unknown,low,"{""cmhk"": null, ""csl"": null, ""smartone"": null, ""three_hk"": null}","{""skt"": null, ""kt"": null, ""lgu"": null}",1GB/day,https://www.amazon.co.jp/%E3%82%A2%E3%82%B8%E3%82%A2%E5%A4%AA%E5%B9%B3%E6%B4%8B11%E3%82%AB%E5%9B%BD-%E3%82%B7%E3%83%B3%E3%82%AC%E3%83%9D%E3%83%BC%E3%83%AB%E3%83%BB%E3%82%BF%E3%82%A4%E3%83%BB%E3%83%99%E3%83%88%E3%83%8A%E3%83%A0%E3%83%BB%E3%83%9E%E3%83%AC%E3%83%BC%E3%82%B7%E3%82%A2-SIM%E3%82%AB%E3%83%BC%E3%83%89-7%E6%97%A5%E9%96%93-%E3%83%87%E3%83%BC%E3%82%BF%E4%BD%BF%E3%81%84%E6%94%BE%E9%A1%8C7GB%E3%81%BE%E3%81%A7/dp/B0FXW5TMC6,B0FXW5TMC6,B0FXW5TMC6,ジェスロモバイル,JETSIMのストアを表示,"{""price_jpy"": [""￥1,580""], ""usage_validity"": [""アジア太平洋11カ国 シンガポール・タイ・ベトナム・マレーシア SIMカード 7日間 データ使い放題7GBまで Jet Sim 物理SIM 無制限 7日 ジェットシム""], ""data_amount"": [""【データ無制限】 アジア太平洋11カ国 シンガポール・タイ・ベトナム・マレーシア等で7日間、5G/4G-LTE高速データ7GB。その後もデータ通信の利用が可能。テザリング対応。高速データ1日1GBまで。""], ""network_type"": [""アジア旅行SIMカード、8日間-2GB毎日の高速データ、20分の通話＆10のテキスト、シンガポール、マレーシア、タイ＆インドをカバー、プリペイド - ローミングなし - 簡単なセットアップ"", ""アジア旅行SIMカード、8日間-2GB毎日の高速データ、20分の通話＆10のテキスト、シンガポール、マレーシア、タイ＆インドをカバー、プリペイド - ローミングなし - 簡単なセットアップ"", ""score: local=0, roaming=3""], ""network_generation"": [""fallback_5g: data_amount: 【データ無制限】 アジア太平洋11カ国 シンガポール・タイ・ベトナム・マレーシア等で7日間、5G/4G-LTE高速データ7GB。その後もデータ通信の利用が可能。テザリング対応。高速データ1日1GBまで。"", ""fallback_4g_lte: data_amount: 【データ無制限】 アジア太平洋11カ国 シンガポール・タイ・ベトナム・マレーシア等で7日間、5G/4G-LTE高速データ7GB。その後もデータ通信の利用が可能。テザリング対応。高速データ1日1GBまで。"", ""fallback_only_network_generation_signal""], ""review_count"": [""detail_page: (5)""], ""bestseller_rank"": [""Amazon 売れ筋ランキング 家電＆カメラ - 48,017位 ( 家電＆カメラの売れ筋ランキングを見る ) プリペイドSIMカード - 519位""], ""title"": [""アジア太平洋11カ国 シンガポール・タイ・ベトナム・マレーシア SIMカード 7日間 データ使い放題7GBまで Jet Sim 物理SIM 無制限 7日 ジェットシム""], ""network_generation_inferred"": [""no_medium_generation_signal""]}"
amazon_jp,hk,【香港・マカオ eSIM】7日間 10GB（六泊七日 コスパ重視） DeSiM正規卸 | LINE相談受付中 | データ通信専用（電話番号なし） | simフリー端末のみ対応 説明書付 イーシム DeSiM,1800,1,,,,,1191,3일,3일,7일,local,unknown,unknown,low,"{""cmhk"": null, ""csl"": null, ""smartone"": null, ""three_hk"": null}","{""skt"": null, ""kt"": null, ""lgu"": null}",unlimited,https://www.amazon.co.jp/eSIM%E3%80%917%E6%97%A5%E9%96%93-10GB%EF%BC%88%E5%85%AD%E6%B3%8A%E4%B8%83%E6%97%A5-LINE%E7%9B%B8%E8%AB%87%E5%8F%97%E4%BB%98%E4%B8%AD%EF%BD%9C%E5%BD%93%E6%97%A5%E7%99%BA%E8%A1%8C%E5%8F%AF%E8%83%BD-%E3%83%87%E3%83%BC%E3%82%BF%E9%80%9A%E4%BF%A1%E5%B0%82%E7%94%A8%EF%BC%88%E9%9B%BB%E8%A9%B1%E7%95%AA%E5%8F%B7%E3%81%AA%E3%81%97%EF%BC%89-sim%E3%83%95%E3%83%AA%E3%83%BC%E7%AB%AF%E6%9C%AB%E3%81%AE%E3%81%BF%E5%AF%BE%E5%BF%9C/dp/B0DG4QTX2B,B0DG4QTX2B,B0DG4QTX2B,DeSiM,DeSiMのストアを表示,"{""price_jpy"": [""￥1,800""], ""usage_validity"": [""【SKTelecoｍ公式認証】 韓国eSIM 3日間 (72時間) 電話番号付き 超高速データ無制限 最初の5分発信無料(韓国国内) お急ぎの方即時発行可(LINE相談受付中) 有効期限／ご購入日より120日以内 現地空港サポート(SKTelecomローミングセンター) SKテレコム正規品 韓国SIMカードタイプではありません""], ""activation_validity"": [""【香港・マカオ eSIM】7日間 10GB（六泊七日 コスパ重視） DeSiM正規卸 | LINE相談受付中 | データ通信専用（電話番号なし） | simフリー端末のみ対応 説明書付 イーシム DeSiM""], ""data_amount"": [""商品の説明 購入前の注意事項 【注意事項】 注意事項①：電話番号は付与されませんので、ご注意ください。 注意事項②：SIMロックフリー端末、もしくはSIMフリー端末専用のサービスです。必ず、ご利用端末がeSIM対応かどうかご確認ください。 注意事項③：2021年10月1日以前にSIMロック解除をキャリア店頭またはインターネットでされた「Android端末」は""], ""network_type"": [""商品の説明 購入前の注意事項 【注意事項】 注意事項①：電話番号は付与されませんので、ご注意ください。 注意事項②：SIMロックフリー端末、もしくはSIMフリー端末専用のサービスです。必ず、ご利用端末がeSIM対応かどうかご確認ください。 注意事項③：2021年10月1日以前にSIMロック解除をキャリア店頭またはインターネットでされた「Android端末」は"", ""【チョコSIM 定額（Sプラン）】【中国の電話番号付きでアプリや施設サービスのSMS認証が可能】【データ容量】合計500MB/月【音声】合計20分間/月 データ/音声/SMS付きSIMカード 中国SIM マカオSIM China unicom ※こちらのSIMカードは契約後、毎月の基本料が発生いたします。※2024年11月1日から台湾でのご利用はできなくなり"", ""score: local=9, roaming=1""], ""network_generation"": [""fallback_5g: network_generation: fallback_5g: source:image_alt: 【中国・香港・マカオ eSIM】5日間 5GB（四泊五日 コスパ重視） DeSiM正規卸 |LINE相談受付中 |データ通信専用（電話番号なし） simフリー端末のみ対応 説明書付 イーシム"", ""fallback_4g_lte: network_generation: fallback_4g_lte: source:image_alt: 香港・マカオ eSIM | 3日間 | 高速データ無制限使い放題 5G/4G | QRコード 当日発行可 メール登録で即納品即利用可 | LINEサポート | データ通信専用(電話番号なし)| 日本で事前設定OK | テザリング可能 | パスポート情"", ""fallback_only_network_generation_signal""], ""review_count"": [""detail_page: (1)""], ""bestseller_rank"": [""Amazon 売れ筋ランキング 家電＆カメラ - 142,387位 ( 家電＆カメラの売れ筋ランキングを見る ) プリペイドSIMカード - 1,191位""], ""title"": [""【香港・マカオ eSIM】7日間 10GB（六泊七日 コスパ重視） DeSiM正規卸 | LINE相談受付中 | データ通信専用（電話番号なし） | simフリー端末のみ対応 説明書付 イーシム DeSiM""], ""network_generation_inferred"": [""no_medium_generation_signal""]}"
amazon_jp,hk,【中国・香港・マカオ eSIM】10日間 5GB（九泊十日 コスパ重視） DeSiM正規卸 |LINE相談受付中 |データ通信専用（電話番号なし） simフリー端末のみ対応 説明書付 イーシム DeSiM,2180,5,,,,,850,7일,7일,10일,local,unknown,5g_capable,medium,"{""cmhk"": null, ""csl"": null, ""smartone"": null, ""three_hk"": null}","{""skt"": null, ""kt"": null, ""lgu"": null}",unlimited,https://www.amazon.co.jp/%E3%80%90%E4%B8%AD%E5%9B%BD%E3%83%BB%E9%A6%99%E6%B8%AF%E3%83%BB%E3%83%9E%E3%82%AB%E3%82%AA-eSIM%E3%80%9110%E6%97%A5%E9%96%93-LINE%E7%9B%B8%E8%AB%87%E5%8F%97%E4%BB%98%E4%B8%AD-%E3%83%87%E3%83%BC%E3%82%BF%E9%80%9A%E4%BF%A1%E5%B0%82%E7%94%A8%EF%BC%88%E9%9B%BB%E8%A9%B1%E7%95%AA%E5%8F%B7%E3%81%AA%E3%81%97%EF%BC%89-sim%E3%83%95%E3%83%AA%E3%83%BC%E7%AB%AF%E6%9C%AB%E3%81%AE%E3%81%BF%E5%AF%BE%E5%BF%9C/dp/B0D5WBRKC6,B0D5WBRKC6,B0D5WBRKC6,DeSiM,DeSiMのストアを表示,"{""price_jpy"": [""￥2,180""], ""usage_validity"": [""商品の説明 購入前の注意事項 【注意事項】 注意事項①：本商品はデータ通信専用です（通話はご利用いただけません）。ご注意ください。 注意事項②：SIMロックフリー端末、もしくはSIMフリー端末専用のサービスです。必ず、ご利用端末がeSIM対応かどうかご確認ください。 注意事項③：2021年10月1日以前にSIMロック解除をキャリア店頭またはインターネットでさ""], ""activation_validity"": [""【中国・香港・マカオ eSIM】10日間 5GB（九泊十日 コスパ重視） DeSiM正規卸 |LINE相談受付中 |データ通信専用（電話番号なし） simフリー端末のみ対応 説明書付 イーシム DeSiM""], ""data_amount"": [""商品の説明 購入前の注意事項 【注意事項】 注意事項①：本商品はデータ通信専用です（通話はご利用いただけません）。ご注意ください。 注意事項②：SIMロックフリー端末、もしくはSIMフリー端末専用のサービスです。必ず、ご利用端末がeSIM対応かどうかご確認ください。 注意事項③：2021年10月1日以前にSIMロック解除をキャリア店頭またはインターネットでさ""], ""network_type"": [""商品の説明 購入前の注意事項 【注意事項】 注意事項①：本商品はデータ通信専用です（通話はご利用いただけません）。ご注意ください。 注意事項②：SIMロックフリー端末、もしくはSIMフリー端末専用のサービスです。必ず、ご利用端末がeSIM対応かどうかご確認ください。 注意事項③：2021年10月1日以前にSIMロック解除をキャリア店頭またはインターネットでさ"", ""【チョコSIM 定額（Sプラン）】【中国の電話番号付きでアプリや施設サービスのSMS認証が可能】【データ容量】合計500MB/月【音声】合計20分間/月 データ/音声/SMS付きSIMカード 中国SIM マカオSIM China unicom ※こちらのSIMカードは契約後、毎月の基本料が発生いたします。※2024年11月1日から台湾でのご利用はできなくなり"", ""score: local=9, roaming=1""], ""network_generation"": [""fallback_5g: activation_validity: 【中国・香港・マカオ eSIM】10日間 5GB（九泊十日 コスパ重視） DeSiM正規卸 |LINE相談受付中 |データ通信専用（電話番号なし） simフリー端末のみ対応 説明書付 イーシム DeSiM"", ""fallback_4g_lte: network_generation: fallback_4g_lte: source:image_alt: 香港 マカオ ESIMプラン 3日間 完全無制限 4G-LTE 高速データ 使い放題 当日発行可能 出発前日本テスト用eSIM500MB 香港 マカオ プリペイドSIM 香港 esim 香港 マカオsim (3日間完全無制限)"", ""fallback_only_network_generation_signal""], ""review_count"": [""detail_page: (5)""], ""bestseller_rank"": [""Amazon 売れ筋ランキング 家電＆カメラ - 92,672位 ( 家電＆カメラの売れ筋ランキングを見る ) プリペイドSIMカード - 850位""], ""title"": [""【中国・香港・マカオ eSIM】10日間 5GB（九泊十日 コスパ重視） DeSiM正規卸 |LINE相談受付中 |データ通信専用（電話番号なし） simフリー端末のみ対応 説明書付 イーシム DeSiM""], ""network_generation_inferred"": [""title: 【中国・香港・マカオ eSIM】10日間 5GB（九泊十日 コスパ重視） DeSiM正規卸 |LINE相談受付中 |データ通信専用（電話番号なし） simフリー端末のみ対応 説明書付 イーシム DeSiM""]}"
amazon_jp,hk,【韓国eSIM】データ通信使い放題 利用日数4日間 高速データ通信 KOREA eSIM / ※esimの為、物理SIMの発送はありません。,1630,28,,,,,14,1일,1일,4일,local,unknown,5g_capable,medium,"{""cmhk"": null, ""csl"": null, ""smartone"": null, ""three_hk"": null}","{""skt"": null, ""kt"": null, ""lgu"": null}",unlimited,https://www.amazon.co.jp/%E3%80%90%E9%9F%93%E5%9B%BDeSIM%E3%80%91%E3%83%87%E3%83%BC%E3%82%BF%E9%80%9A%E4%BF%A1%E4%BD%BF%E3%81%84%E6%94%BE%E9%A1%8C-%E5%88%A9%E7%94%A8%E6%97%A5%E6%95%B04%E6%97%A5%E9%96%93-%E9%AB%98%E9%80%9F%E3%83%87%E3%83%BC%E3%82%BF%E9%80%9A%E4%BF%A1-KOREA-%E2%80%BBesim%E3%81%AE%E7%82%BA%E3%80%81%E7%89%A9%E7%90%86SIM%E3%81%AE%E7%99%BA%E9%80%81%E3%81%AF%E3%81%82%E3%82%8A%E3%81%BE%E3%81%9B%E3%82%93%E3%80%82/dp/B0GVRS5GMC,B0GVRS5GMC,B0GVRS5GMC,ブランド: Wise SIM,ブランド: Wise SIM,"{""price_jpy"": [""価格 ￥1,630 ￥950 ￥999 ￥1,680 ￥1,280 配送料 ￥1,414""], ""usage_validity"": [""■eSIMの為、SIMカードの発送はありません。QRコード付きの紙のマニュアルのみを送付致します。※eSIMはデータ商品の為、返品受付は出来ません。 ●【有効期限】2026年12月末まで －－－－－－－－－－ ●【韓国で高速データ通信】 韓国にて4日間インターネット通信が利用可能。 データ通信は止まる事無く、使い放題でご利用頂けます。 －－－－－－－－－－ ""], ""activation_validity"": [""【韓国eSIM】データ通信使い放題 利用日数4日間 高速データ通信 KOREA eSIM / ※esimの為、物理SIMの発送はありません。""], ""data_amount"": [""●【韓国で高速データ通信】 開通後4日間インターネット通信が利用可能。データ通信は止まる事無く、使い放題で利用可能です。""], ""network_type"": [""【SKTelecoｍ公式認証】韓国eSIM 4日間(96時間) 超高速データ完全無制限｜ SKT大手キャリア回線対応｜電話番号付き（無料通話5分＋SMS30通)｜ 当日メール配送 ｜4G/5G対応｜TikTok/ChatGPT対応｜テザリング対応 ｜使用ガイド付き｜365天LINEでサポート｜180日以内利用可能 韓国 sim (韓国esim4日無制限＋通話"", ""【韓国SIMカード】 7日間 (168時間) 電話番号付き テザリング対応 契約不要 超高速データ無制限 最初の5分発信無料(韓国国内) SKテレコム正規 simフリー端末のみ対応 韓国 simカード"", ""score: local=15, roaming=0""], ""network_generation"": [""fallback_5g: network_type: 【SKTelecoｍ公式認証】韓国eSIM 4日間(96時間) 超高速データ完全無制限｜ SKT大手キャリア回線対応｜電話番号付き（無料通話5分＋SMS30通)｜ 当日メール配送 ｜4G/5G対応｜TikTok/ChatGPT対応｜テザリング対応 ｜使用ガイド付き｜365天LINEでサポート｜180日以内利用可能 韓国 sim ("", ""fallback_4g_lte: network_type: 【SKTelecoｍ公式認証】韓国eSIM 4日間(96時間) 超高速データ完全無制限｜ SKT大手キャリア回線対応｜電話番号付き（無料通話5分＋SMS30通)｜ 当日メール配送 ｜4G/5G対応｜TikTok/ChatGPT対応｜テザリング対応 ｜使用ガイド付き｜365天LINEでサポート｜180日以内利用可能 韓国 sim ("", ""fallback_only_network_generation_signal""], ""review_count"": [""detail_page: 28""], ""bestseller_rank"": [""Amazon 売れ筋ランキング 家電＆カメラ - 2,216位 ( 家電＆カメラの売れ筋ランキングを見る ) プリペイドSIMカード - 14位""], ""title"": [""【韓国eSIM】データ通信使い放題 利用日数4日間 高速データ通信 KOREA eSIM / ※esimの為、物理SIMの発送はありません。""], ""network_generation_inferred"": [""network_type: 【SKTelecoｍ公式認証】韓国eSIM 4日間(96時間) 超高速データ完全無制限｜ SKT大手キャリア回線対応｜電話番号付き（無料通話5分＋SMS30通)｜ 当日メール配送 ｜4G/5G対応｜TikTok/ChatGPT対応｜テザリング対応 ｜使用ガイド付き｜365天LINEでサポート｜180日以内利用可能 韓国 sim (""]}"
amazon_jp,hk,【香港・マカオ eSIM】4日間 高速無制限 データ通信専用（電話番号なし） 5G/4G-LTE対応 当日発行可能 説明書付き LINEで24時間サポート 香港SIM マカオSIM MEWMEWホーム (4日間),1680,11,,,,,1640,3일,3일,4일,local,5g_capable,5g_capable,high,"{""cmhk"": null, ""csl"": null, ""smartone"": null, ""three_hk"": null}","{""skt"": null, ""kt"": null, ""lgu"": null}",unlimited,https://www.amazon.co.jp/eSIM%E3%80%914%E6%97%A5%E9%96%93-%E3%83%87%E3%83%BC%E3%82%BF%E9%80%9A%E4%BF%A1%E5%B0%82%E7%94%A8%EF%BC%88%E9%9B%BB%E8%A9%B1%E7%95%AA%E5%8F%B7%E3%81%AA%E3%81%97%EF%BC%89-LINE%E3%81%A724%E6%99%82%E9%96%93%E3%82%B5%E3%83%9D%E3%83%BC%E3%83%88-MEWMEW%E3%83%9B%E3%83%BC%E3%83%A0-4%E6%97%A5%E9%96%93/dp/B0F1ZYVKVH,B0F1ZYVKVH,B0F1ZYVKVH,mewmewホーム eSIM,ＭＥＷＭＥＷホームのストアを表示,"{""price_jpy"": [""￥1,680""], ""usage_validity"": [""【SKTelecoｍ公式認証】 韓国eSIM 3日間 (72時間) 電話番号付き 超高速データ無制限 最初の5分発信無料(韓国国内) お急ぎの方即時発行可(LINE相談受付中) 有効期限／ご購入日より120日以内 現地空港サポート(SKTelecomローミングセンター) SKテレコム正規品 韓国SIMカードタイプではありません""], ""activation_validity"": [""【香港・マカオ eSIM】4日間 高速無制限 データ通信専用（電話番号なし） 5G/4G-LTE対応 当日発行可能 説明書付き LINEで24時間サポート 香港SIM マカオSIM MEWMEWホーム (4日間)""], ""data_amount"": [""【高速データ無制限】香港・マカオで高速データ通信が完全無制限で利用可能です。高画質動画の視聴、地図検索、写真や動画のシェアなど、快適なインターネット環境を提供します。""], ""network_type"": [""【SKTelecoｍ公式認証】 韓国eSIM 3日間 (72時間) 電話番号付き 超高速データ無制限 最初の5分発信無料(韓国国内) お急ぎの方即時発行可(LINE相談受付中) 有効期限／ご購入日より120日以内 現地空港サポート(SKTelecomローミングセンター) SKテレコム正規品 韓国SIMカードタイプではありません"", ""score: local=3, roaming=0""], ""network_generation"": [""strong_5g: title: 【香港・マカオ eSIM】4日間 高速無制限 データ通信専用（電話番号なし） 5G/4G-LTE対応 当日発行可能 説明書付き LINEで24時間サポート 香港SIM マカオSIM MEWMEWホーム (4日間)"", ""strong_5g: title: 【香港・マカオ eSIM】4日間 高速無制限 データ通信専用（電話番号なし） 5G/4G-LTE対応 当日発行可能 説明書付き LINEで24時間サポート 香港SIM マカオSIM MEWMEWホーム (4日間)"", ""4g_lte_signal_present_but_5g_capable_takes_precedence""], ""review_count"": [""detail_page: (11)""], ""bestseller_rank"": [""Amazon 売れ筋ランキング 家電＆カメラ - 206,853位 ( 家電＆カメラの売れ筋ランキングを見る ) プリペイドSIMカード - 1,640位""], ""title"": [""【香港・マカオ eSIM】4日間 高速無制限 データ通信専用（電話番号なし） 5G/4G-LTE対応 当日発行可能 説明書付き LINEで24時間サポート 香港SIM マカオSIM MEWMEWホーム (4日間)""], ""network_generation_inferred"": [""strong_5g: title: 【香港・マカオ eSIM】4日間 高速無制限 データ通信専用（電話番号なし） 5G/4G-LTE対応 当日発行可能 説明書付き LINEで24時間サポート 香港SIM マカオSIM MEWMEWホーム (4日間)"", ""strong_5g: title: 【香港・マカオ eSIM】4日間 高速無制限 データ通信専用（電話番号なし） 5G/4G-LTE対応 当日発行可能 説明書付き LINEで24時間サポート 香港SIM マカオSIM MEWMEWホーム (4日間)"", ""4g_lte_signal_present_but_5g_capable_takes_precedence""]}"
amazon_jp,hk,【esim】香港 simカード【SmarTone/HKT/3HK】4G-LTE 高速データ通信 当日発行可能 【香港 マカオ】データ使い放題 HongKong Macao ESIM データ通信専用 プリペイド SIMカード (７日間 高速データ),1380,6,,,,,2036,７일,７일,30일,local,unknown,lte_4g_only,medium,"{""cmhk"": null, ""csl"": null, ""smartone"": true, ""three_hk"": true}","{""skt"": null, ""kt"": null, ""lgu"": null}",unlimited,https://www.amazon.co.jp/%E3%80%90esim%E3%80%91%E9%A6%99%E6%B8%AF-sim%E3%82%AB%E3%83%BC%E3%83%89%E3%80%90SmarTone-3HK%E3%80%914G-LTE-%E3%83%9E%E3%82%AB%E3%82%AA%E3%80%91%E3%83%87%E3%83%BC%E3%82%BF%E4%BD%BF%E3%81%84%E6%94%BE%E9%A1%8C-HongKong/dp/B0CLKHRXZN,B0CLKHRXZN,B0CLKHRXZN,Global Simcard,アーモンド　ＳＩｍ　ｃａｒｄのストアを表示,"{""price_jpy"": [""￥1,380""], ""usage_validity"": [""【esim】香港 simカード【SmarTone/HKT/3HK】4G-LTE 高速データ通信 当日発行可能 【香港 マカオ】データ使い放題 HongKong Macao ESIM データ通信専用 プリペイド SIMカード (７日間 高速データ)""], ""activation_validity"": [""✿ 【有効期限】メールでお届けした後、30日以内にご利用を開始してください。ご購入いただいた商品はeSIMカードです。このカードは物理SIMカードとは異なり、スマートフォンやタブレットなどの端末に事前に埋め込まれたチップに、インターネットを通じてデータプランを書き込むことができます。物理的なSIMカードは含まれていません。""], ""data_amount"": [""✿ 【データ容量】データ専用のeSIMカードです。※データ容量は無制限です。ただし、1日のデータ使用量が1GBに達すると、最大通信速度が128kbpsに低下します。翌日の現地時間0時には自動的に制限が解除されます。※制限は現地時間の00:00から23:59までの間に適用されます。128kbpsではビデオ通話やYouTubeなどの動画視聴は制限されますが、Go""], ""network_type"": [""【チョコSIM 定額（Sプラン）】【中国の電話番号付きでアプリや施設サービスのSMS認証が可能】【データ容量】合計500MB/月【音声】合計20分間/月 データ/音声/SMS付きSIMカード 中国SIM マカオSIM China unicom ※こちらのSIMカードは契約後、毎月の基本料が発生いたします。※2024年11月1日から台湾でのご利用はできなくなり"", ""【SKTelecoｍ公式認証】 韓国eSIM 3日間 (72時間) 電話番号付き 超高速データ無制限 最初の5分発信無料(韓国国内) お急ぎの方即時発行可(LINE相談受付中) 有効期限／ご購入日より120日以内 現地空港サポート(SKTelecomローミングセンター) SKテレコム正規品 韓国SIMカードタイプではありません"", ""score: local=6, roaming=0""], ""network_generation"": [""fallback_5g: network_generation: fallback_5g: source:image_alt: 【香港・マカオ eSIM】17日間 5GB（コスパ重視） DeSiM正規卸 | LINE相談受付中 | データ通信専用（電話番号なし） | simフリー端末のみ対応 説明書付 イーシム DeSiM"", ""fallback_4g_lte: usage_validity: 【esim】香港 simカード【SmarTone/HKT/3HK】4G-LTE 高速データ通信 当日発行可能 【香港 マカオ】データ使い放題 HongKong Macao ESIM データ通信専用 プリペイド SIMカード (７日間 高速データ)"", ""fallback_only_network_generation_signal""], ""carrier_support_local"": [""SmarTone, 3HK: ✿ 【高速ネットワーク】香港、マカオで利用できるeSIMカードです。さらに、シンガポール、マレーシア、タイ、ベトナム、カンボジアでもご利用いただけます。東南アジアへの旅行計画に最適な手軽なeSIMカードです。主要なネットワーク事業者は以下の通りです：インドネシア、バリ島：XL、シンガポール：Sing"", ""SmarTone, 3HK: Amazon.co.jp: 【esim】香港 simカード【SmarTone/HKT/3HK】4G-LTE 高速データ通信 当日発行可能 【香港 マカオ】データ使い放題 HongKong Macao ESIM データ通信専用 プリペイド SIMカード (７日間 高速データ) : 家電＆カメラ"", ""SmarTone, 3HK: 【esim】香港 simカード【SmarTone/HKT/3HK】4G-LTE 高速データ通信 当日発行可能 【香港 マカオ】データ使い放題 HongKong Macao ESIM データ通信専用 プリペイド SIMカード (７日間 高速データ)"", ""SmarTone, 3HK: 【esim】香港 simカード【SmarTone/HKT/3HK】4G-LTE 高速データ通信 当日発行可能 【香港 マカオ】データ使い放題 HongKong Macao ESIM データ通信専用 プリペイド SIMカード (７日間 高速データ)"", ""SmarTone, 3HK: 【esim】香港 simカード【SmarTone/HKT/3HK】4G-LTE 高速データ通信 当日発行可能 【香港 マカオ】データ使い放題 HongKong Macao ESIM データ通信専用 プリペイド SIMカード (７日間 高速データ)"", ""SmarTone, 3HK: Amazon.co.jp: 【esim】香港 simカード【SmarTone/HKT/3HK】4G-LTE 高速データ通信 当日発行可能 【香港 マカオ】データ使い放題 HongKong Macao ESIM データ通信専用 プリペイド SIMカード (７日間 高速データ) : 家電＆カメラ 次に移""], ""review_count"": [""detail_page: (6)""], ""bestseller_rank"": [""Amazon 売れ筋ランキング 家電＆カメラ - 270,567位 ( 家電＆カメラの売れ筋ランキングを見る ) プリペイドSIMカード - 2,036位""], ""title"": [""【esim】香港 simカード【SmarTone/HKT/3HK】4G-LTE 高速データ通信 当日発行可能 【香港 マカオ】データ使い放題 HongKong Macao ESIM データ通信専用 プリペイド SIMカード (７日間 高速データ)""], ""network_generation_inferred"": [""title: 【esim】香港 simカード【SmarTone/HKT/3HK】4G-LTE 高速データ通信 当日発行可能 【香港 マカオ】データ使い放題 HongKong Macao ESIM データ通信専用 プリペイド SIMカード (７日間 高速データ)"", ""carrier_support_local: SmarTone, 3HK: Amazon.co.jp: 【esim】香港 simカード【SmarTone/HKT/3HK】4G-LTE 高速データ通信 当日発行可能 【香港 マカオ】データ使い放題 HongKong Macao ESIM データ通信専用 プリペイド SIMカード (７日間 高速データ) : 家電"", ""carrier_support_local: SmarTone, 3HK: 【esim】香港 simカード【SmarTone/HKT/3HK】4G-LTE 高速データ通信 当日発行可能 【香港 マカオ】データ使い放題 HongKong Macao ESIM データ通信専用 プリペイド SIMカード (７日間 高速データ)""]}"
amazon_jp,hk,アジア太平洋11カ国 シンガポール・タイ・ベトナム・マレーシア eSIM 10日間 データ使い放題 10GBまで高速 Jet Sim 無制限 10日 ジェットシム,1880,15,,,,,223,10일,10일,30일,unknown,unknown,unknown,low,"{""cmhk"": null, ""csl"": null, ""smartone"": null, ""three_hk"": null}","{""skt"": null, ""kt"": null, ""lgu"": null}",1GB/day,https://www.amazon.co.jp/%E3%82%A2%E3%82%B8%E3%82%A2%E5%A4%AA%E5%B9%B3%E6%B4%8B11%E3%82%AB%E5%9B%BD-%E3%82%B7%E3%83%B3%E3%82%AC%E3%83%9D%E3%83%BC%E3%83%AB%E3%83%BB%E3%82%BF%E3%82%A4%E3%83%BB%E3%83%99%E3%83%88%E3%83%8A%E3%83%A0%E3%83%BB%E3%83%9E%E3%83%AC%E3%83%BC%E3%82%B7%E3%82%A2-10%E6%97%A5%E9%96%93-%E3%83%87%E3%83%BC%E3%82%BF%E4%BD%BF%E3%81%84%E6%94%BE%E9%A1%8C-10GB%E3%81%BE%E3%81%A7%E9%AB%98%E9%80%9F/dp/B0FWWJG5JM,B0FWWJG5JM,B0FWWJG5JM,ジェスロモバイル,JETSIMのストアを表示,"{""price_jpy"": [""￥1,880""], ""usage_validity"": [""アジア太平洋11カ国 シンガポール・タイ・ベトナム・マレーシア eSIM 10日間 データ使い放題 10GBまで高速 Jet Sim 無制限 10日 ジェットシム""], ""activation_validity"": [""商品の説明 購入後すぐにeSIMを使えますか？ はい、すぐにご利用いただけます。スムーズにご利用いただくために、申請フォームのご提出をお願いいたします。 eSIMのアクティベーションは必要ですか？ アクティベーションは不要です。eSIMをスマートフォンに追加すれば、現地に到着次第、自動的に接続されます！ 複数の国で利用できるプランは国をまたいで移動する際も、""], ""data_amount"": [""【データ無制限】 アジア太平洋11カ国 シンガポール・タイ・ベトナム・マレーシア等で10日間、5G/4G-LTE高速データ10GB。その後もデータ通信の利用が可能。テザリング対応。高速データ1日1GBまで。""], ""network_type"": [""no_local_or_roaming_keyword_matched""], ""network_generation"": [""fallback_5g: data_amount: 【データ無制限】 アジア太平洋11カ国 シンガポール・タイ・ベトナム・マレーシア等で10日間、5G/4G-LTE高速データ10GB。その後もデータ通信の利用が可能。テザリング対応。高速データ1日1GBまで。"", ""fallback_4g_lte: data_amount: 【データ無制限】 アジア太平洋11カ国 シンガポール・タイ・ベトナム・マレーシア等で10日間、5G/4G-LTE高速データ10GB。その後もデータ通信の利用が可能。テザリング対応。高速データ1日1GBまで。"", ""fallback_only_network_generation_signal""], ""review_count"": [""detail_page: (15)""], ""bestseller_rank"": [""Amazon 売れ筋ランキング 家電＆カメラ - 18,111位 ( 家電＆カメラの売れ筋ランキングを見る ) プリペイドSIMカード - 223位""], ""title"": [""アジア太平洋11カ国 シンガポール・タイ・ベトナム・マレーシア eSIM 10日間 データ使い放題 10GBまで高速 Jet Sim 無制限 10日 ジェットシム""], ""network_generation_inferred"": [""no_medium_generation_signal""]}"
amazon_jp,hk,【 中国 eSIM 】6日間 無制限 本人確認不要 高速データ通信（低速なし） 中国ネット規制対象外 Line Youtube GoogleなどVPNなしで利用可能 即日発行可能 LINEで年中無休24時間サポート 中国sim 香港sim マカオsim イーシム (eSIM | 6日間無制限),2280,6,,,,,579,6일,6일,90일,local,unknown,unknown,low,"{""cmhk"": null, ""csl"": null, ""smartone"": null, ""three_hk"": null}","{""skt"": null, ""kt"": null, ""lgu"": null}",unlimited,https://www.amazon.co.jp/eSIM-%E9%AB%98%E9%80%9F%E3%83%87%E3%83%BC%E3%82%BF%E9%80%9A%E4%BF%A1%EF%BC%88%E4%BD%8E%E9%80%9F%E3%81%AA%E3%81%97%EF%BC%89-Google%E3%81%AA%E3%81%A9VPN%E3%81%AA%E3%81%97%E3%81%A7%E5%88%A9%E7%94%A8%E5%8F%AF%E8%83%BD-LINE%E3%81%A7%E5%B9%B4%E4%B8%AD%E7%84%A1%E4%BC%9124%E6%99%82%E9%96%93%E3%82%B5%E3%83%9D%E3%83%BC%E3%83%88-6%E6%97%A5%E9%96%93%E7%84%A1%E5%88%B6%E9%99%90/dp/B0DTXVGNSG,B0DTXVGNSG,B0DTXVGNSG,Global Simcard,アーモンド　ＳＩｍ　ｃａｒｄのストアを表示,"{""price_jpy"": [""￥2,280""], ""usage_validity"": [""【 中国 eSIM 】6日間 無制限 本人確認不要 高速データ通信（低速なし） 中国ネット規制対象外 Line Youtube GoogleなどVPNなしで利用可能 即日発行可能 LINEで年中無休24時間サポート 中国sim 香港sim マカオsim イーシム (eSIM | 6日間無制限)""], ""activation_validity"": [""【有効期限】メールで納品後、90日以内にご利用ください。""], ""data_amount"": [""【高速データ通信】完全無制限、低速度なし！！""], ""network_type"": [""【チョコSIM 定額（Sプラン）】【中国の電話番号付きでアプリや施設サービスのSMS認証が可能】【データ容量】合計500MB/月【音声】合計20分間/月 データ/音声/SMS付きSIMカード 中国SIM マカオSIM China unicom ※こちらのSIMカードは契約後、毎月の基本料が発生いたします。※2024年11月1日から台湾でのご利用はできなくなり"", ""【SKTelecoｍ公式認証】 韓国eSIM 3日間 (72時間) 電話番号付き 超高速データ無制限 最初の5分発信無料(韓国国内) お急ぎの方即時発行可(LINE相談受付中) 有効期限／ご購入日より120日以内 現地空港サポート(SKTelecomローミングセンター) SKテレコム正規品 韓国SIMカードタイプではありません"", ""score: local=6, roaming=0""], ""network_generation"": [""fallback_5g: network_generation: strong_5g: source:product_details: 携帯電話技術 5G/4G-LTE"", ""fallback_4g_lte: network_generation: strong_5g: source:product_details: 携帯電話技術 5G/4G-LTE"", ""fallback_only_network_generation_signal""], ""review_count"": [""detail_page: (6)""], ""bestseller_rank"": [""Amazon 売れ筋ランキング 家電＆カメラ - 55,528位 ( 家電＆カメラの売れ筋ランキングを見る ) プリペイドSIMカード - 579位""], ""title"": [""【 中国 eSIM 】6日間 無制限 本人確認不要 高速データ通信（低速なし） 中国ネット規制対象外 Line Youtube GoogleなどVPNなしで利用可能 即日発行可能 LINEで年中無休24時間サポート 中国sim 香港sim マカオsim イーシム (eSIM | 6日間無制限)""], ""network_generation_inferred"": [""no_medium_generation_signal""]}"
amazon_jp,hk,【中国eSIM】 高速データ無制限&データ通信専用 香港·マカオ対応 LINE&Google系サービス使える 当日利用可能 お急ぎのご相談は（LINEで受付中です） 旅行観光出張 way2esim (10日間 無制限),3780,24,,,,,1469,10일,10일,90일,unknown,unknown,unknown,low,"{""cmhk"": null, ""csl"": null, ""smartone"": null, ""three_hk"": null}","{""skt"": null, ""kt"": null, ""lgu"": null}",unlimited,https://www.amazon.co.jp/%E3%80%90%E4%B8%AD%E5%9B%BDeSIM%E3%80%91-%E9%AB%98%E9%80%9F%E3%83%87%E3%83%BC%E3%82%BF%E7%84%A1%E5%88%B6%E9%99%90-Google%E7%B3%BB%E3%82%B5%E3%83%BC%E3%83%93%E3%82%B9%E4%BD%BF%E3%81%88%E3%82%8B-%E3%81%8A%E6%80%A5%E3%81%8E%E3%81%AE%E3%81%94%E7%9B%B8%E8%AB%87%E3%81%AF%EF%BC%88LINE%E3%81%A7%E5%8F%97%E4%BB%98%E4%B8%AD%E3%81%A7%E3%81%99%EF%BC%89-way2esim/dp/B0GRGB1G3Y,B0GRGB1G3Y,B0GRGB1G3Y,eSIM株式会社,way2esimのストアを表示,"{""price_jpy"": [""￥3,780""], ""usage_validity"": [""【中国eSIM】 高速データ無制限&データ通信専用 香港·マカオ対応 LINE&Google系サービス使える 当日利用可能 お急ぎのご相談は（LINEで受付中です） 旅行観光出張 way2esim (10日間 無制限)""], ""activation_validity"": [""注意：①eSIM情報メール受信後90日以内にご利用ください。期限を過ぎると使用できなくなります。② eSIMをインストールした後は削除しないでください。一度削除すると、再インストールができない可能性があります。""], ""data_amount"": [""高速データ無制限(低速なし)：中国eSIMは、高速データを完全無制限でご利用いただけます。この中国eSIMはデータ通信専用で、電話番号は含まれておりません。""], ""network_type"": [""no_local_or_roaming_keyword_matched""], ""network_generation"": [""fallback_5g: network_generation: fallback_5g: source:image_alt: 【香港・マカオ eSIM】17日間 5GB（コスパ重視） DeSiM正規卸 | LINE相談受付中 | データ通信専用（電話番号なし） | simフリー端末のみ対応 説明書付 イーシム DeSiM"", ""fallback_4g_lte: network_generation: fallback_4g_lte: source:image_alt: 香港 マカオ ESIMプラン 3日間 完全無制限 4G-LTE 高速データ 使い放題 当日発行可能 出発前日本テスト用eSIM500MB 香港 マカオ プリペイドSIM 香港 esim 香港 マカオsim (3日間完全無制限)"", ""fallback_only_network_generation_signal""], ""review_count"": [""detail_page: (24)""], ""bestseller_rank"": [""Amazon 売れ筋ランキング 家電＆カメラ - 182,270位 ( 家電＆カメラの売れ筋ランキングを見る ) プリペイドSIMカード - 1,469位""], ""title"": [""【中国eSIM】 高速データ無制限&データ通信専用 香港·マカオ対応 LINE&Google系サービス使える 当日利用可能 お急ぎのご相談は（LINEで受付中です） 旅行観光出張 way2esim (10日間 無制限)""], ""network_generation_inferred"": [""no_medium_generation_signal""]}"
amazon_jp,hk,【香港・マカオ eSIM】5日間 2GB/毎日（四泊五日 コスパ重視） DeSiM正規卸 | LINE相談受付中 |データ通信専用（電話番号なし） | simフリー端末のみ対応 説明書付 イーシム,1670,2,,,,,1755,3일,3일,5일,local,unknown,unknown,low,"{""cmhk"": null, ""csl"": null, ""smartone"": null, ""three_hk"": null}","{""skt"": null, ""kt"": null, ""lgu"": null}",unlimited,https://www.amazon.co.jp/eSIM%E3%80%915%E6%97%A5%E9%96%93-2GB-LINE%E7%9B%B8%E8%AB%87%E5%8F%97%E4%BB%98%E4%B8%AD%EF%BD%9C%E5%BD%93%E6%97%A5%E7%99%BA%E8%A1%8C%E5%8F%AF%E8%83%BD-%E3%83%87%E3%83%BC%E3%82%BF%E9%80%9A%E4%BF%A1%E5%B0%82%E7%94%A8%EF%BC%88%E9%9B%BB%E8%A9%B1%E7%95%AA%E5%8F%B7%E3%81%AA%E3%81%97%EF%BC%89-sim%E3%83%95%E3%83%AA%E3%83%BC%E7%AB%AF%E6%9C%AB%E3%81%AE%E3%81%BF%E5%AF%BE%E5%BF%9C/dp/B0DG51T5W6,B0DG51T5W6,B0DG51T5W6,DeSiM,DeSiMのストアを表示,"{""price_jpy"": [""￥1,670""], ""usage_validity"": [""【SKTelecoｍ公式認証】 韓国eSIM 3日間 (72時間) 電話番号付き 超高速データ無制限 最初の5分発信無料(韓国国内) お急ぎの方即時発行可(LINE相談受付中) 有効期限／ご購入日より120日以内 現地空港サポート(SKTelecomローミングセンター) SKテレコム正規品 韓国SIMカードタイプではありません""], ""activation_validity"": [""【香港・マカオ eSIM】5日間 2GB/毎日（四泊五日 コスパ重視） DeSiM正規卸 | LINE相談受付中 |データ通信専用（電話番号なし） | simフリー端末のみ対応 説明書付 イーシム""], ""data_amount"": [""商品の説明 購入前の注意事項 【注意事項】 注意事項①：電話番号は付与されませんので、ご注意ください。 注意事項②：SIMロックフリー端末、もしくはSIMフリー端末専用のサービスです。必ず、ご利用端末がeSIM対応かどうかご確認ください。 注意事項③：2021年10月1日以前にSIMロック解除をキャリア店頭またはインターネットでされた「Android端末」は""], ""network_type"": [""商品の説明 購入前の注意事項 【注意事項】 注意事項①：電話番号は付与されませんので、ご注意ください。 注意事項②：SIMロックフリー端末、もしくはSIMフリー端末専用のサービスです。必ず、ご利用端末がeSIM対応かどうかご確認ください。 注意事項③：2021年10月1日以前にSIMロック解除をキャリア店頭またはインターネットでされた「Android端末」は"", ""【チョコSIM 定額（Sプラン）】【中国の電話番号付きでアプリや施設サービスのSMS認証が可能】【データ容量】合計500MB/月【音声】合計20分間/月 データ/音声/SMS付きSIMカード 中国SIM マカオSIM China unicom ※こちらのSIMカードは契約後、毎月の基本料が発生いたします。※2024年11月1日から台湾でのご利用はできなくなり"", ""score: local=9, roaming=1""], ""network_generation"": [""fallback_5g: network_generation: fallback_5g: source:image_alt: 【中国・香港・マカオ eSIM】5日間 5GB（四泊五日 コスパ重視） DeSiM正規卸 |LINE相談受付中 |データ通信専用（電話番号なし） simフリー端末のみ対応 説明書付 イーシム"", ""fallback_4g_lte: network_generation: fallback_4g_lte: source:image_alt: 香港・マカオ eSIM | 3日間 | 高速データ無制限使い放題 5G/4G | QRコード 当日発行可 メール登録で即納品即利用可 | LINEサポート | データ通信専用(電話番号なし)| 日本で事前設定OK | テザリング可能 | パスポート情"", ""fallback_only_network_generation_signal""], ""review_count"": [""detail_page: (2)""], ""bestseller_rank"": [""Amazon 売れ筋ランキング 家電＆カメラ - 222,010位 ( 家電＆カメラの売れ筋ランキングを見る ) プリペイドSIMカード - 1,755位""], ""title"": [""【香港・マカオ eSIM】5日間 2GB/毎日（四泊五日 コスパ重視） DeSiM正規卸 | LINE相談受付中 |データ通信専用（電話番号なし） | simフリー端末のみ対応 説明書付 イーシム""], ""network_generation_inferred"": [""no_medium_generation_signal""]}"
amazon_jp,hk,【Jet Sim】シンガポール SIM 5日間 データ使い放題 無制限 プリペイドSIM,1311,2,,,,,2953,5일,5일,30일,local,unknown,unknown,low,"{""cmhk"": null, ""csl"": null, ""smartone"": null, ""three_hk"": null}","{""skt"": null, ""kt"": null, ""lgu"": null}",unlimited,https://www.amazon.co.jp/%E3%80%90Jet-Sim%E3%80%91%E3%82%B7%E3%83%B3%E3%82%AC%E3%83%9D%E3%83%BC%E3%83%AB-5%E6%97%A5%E9%96%93-%E3%83%87%E3%83%BC%E3%82%BF%E4%BD%BF%E3%81%84%E6%94%BE%E9%A1%8C-%E3%83%97%E3%83%AA%E3%83%9A%E3%82%A4%E3%83%89eSIM/dp/B0F1Y4BKF4,B0F1Y4BKF4,B0F1Y4BKF4,ジェスロモバイル,JETSIMのストアを表示,"{""price_jpy"": [""￥1,311""], ""usage_validity"": [""【Jet Sim】シンガポール SIM 5日間 データ使い放題 無制限 プリペイドSIM""], ""activation_validity"": [""商品の説明 購入後すぐにeSIMを使えますか？ はい、すぐにご利用いただけます。スムーズにご利用いただくために、申請フォームのご提出をお願いいたします。 eSIMのアクティベーションは必要ですか？ アクティベーションは不要です。eSIMをスマートフォンに追加すれば、現地に到着次第、自動的に接続されます！ 複数の国で利用できるプランは国をまたいで移動する際も、""], ""data_amount"": [""【データ無制限】シンガポールで5日間 5G/4G-LTE 高速データが完全無制限。デザリング可能。""], ""network_type"": [""【チョコSIM 定額（Sプラン）】【中国の電話番号付きでアプリや施設サービスのSMS認証が可能】【データ容量】合計500MB/月【音声】合計20分間/月 データ/音声/SMS付きSIMカード 中国SIM マカオSIM China unicom ※こちらのSIMカードは契約後、毎月の基本料が発生いたします。※2024年11月1日から台湾でのご利用はできなくなり"", ""【SKTelecoｍ公式認証】 韓国eSIM 3日間 (72時間) 電話番号付き 超高速データ無制限 最初の5分発信無料(韓国国内) お急ぎの方即時発行可(LINE相談受付中) 有効期限／ご購入日より120日以内 現地空港サポート(SKTelecomローミングセンター) SKテレコム正規品 韓国SIMカードタイプではありません"", ""score: local=6, roaming=1""], ""network_generation"": [""fallback_5g: data_amount: 【データ無制限】シンガポールで5日間 5G/4G-LTE 高速データが完全無制限。デザリング可能。"", ""fallback_4g_lte: data_amount: 【データ無制限】シンガポールで5日間 5G/4G-LTE 高速データが完全無制限。デザリング可能。"", ""fallback_only_network_generation_signal""], ""review_count"": [""detail_page: 2""], ""bestseller_rank"": [""Amazon 売れ筋ランキング 家電＆カメラ - 449,673位 ( 家電＆カメラの売れ筋ランキングを見る ) プリペイドSIMカード - 2,953位""], ""title"": [""【Jet Sim】シンガポール SIM 5日間 データ使い放題 無制限 プリペイドSIM""], ""network_generation_inferred"": [""no_medium_generation_signal""]}"
amazon_jp,hk,【eSIM・返品交換無料】 香港 無制限 7日間 通信 シム SIM カード 5G 対応 使い放題 iPhone Android WIFI 返金保証 MH-BBYC-W5G4,1790,3400,,,,,36,1일,1일,7일,unknown,5g_capable,5g_capable,high,"{""cmhk"": null, ""csl"": null, ""smartone"": null, ""three_hk"": null}","{""skt"": null, ""kt"": null, ""lgu"": null}",unlimited,https://www.amazon.co.jp/%E3%80%90eSIM%E3%83%BB%E8%BF%94%E5%93%81%E4%BA%A4%E6%8F%9B%E7%84%A1%E6%96%99%E3%80%91-%E4%BD%BF%E3%81%84%E6%94%BE%E9%A1%8C-SIM%E3%82%AB%E3%83%BC%E3%83%89-iPhone-Android/dp/B0F8989MC6,B0F8989MC6,B0F8989MC6,Simmy: The Easiest eSIM App,ブランド: Simmy,"{""price_jpy"": [""￥1,790""], ""usage_validity"": [""【韓国eSIM｜メール納品】1日間データ無制限｜SKT、LG U⁺対応の4G/5G回線｜QR即日発行・簡単設定｜デザリング可｜旅行・出張・留学に最適｜LINE365日サポート｜韓国プリペイドSIM eSIM版｜有効期限180日 未使用 (1日間無制限""], ""activation_validity"": [""【eSIM・返品交換無料】 香港 無制限 7日間 通信 シム SIM カード 5G 対応 使い放題 iPhone Android WIFI 返金保証 MH-BBYC-W5G4""], ""data_amount"": [""Amazon.co.jp: 【eSIM・返品交換無料】 香港 無制限 7日間 通信 シム SIM カード 5G 対応 使い放題 iPhone Android WIFI 返金保証 MH-BBYC-W5G4 : 家電＆カメラ""], ""network_type"": [""insufficient_or_conflicting_signals(local=0, roaming=-2)""], ""network_generation"": [""strong_5g: title: 【eSIM・返品交換無料】 香港 無制限 7日間 通信 シム SIM カード 5G 対応 使い放題 iPhone Android WIFI 返金保証 MH-BBYC-W5G4"", ""strong_5g: title: 【eSIM・返品交換無料】 香港 無制限 7日間 通信 シム SIM カード 5G 対応 使い放題 iPhone Android WIFI 返金保証 MH-BBYC-W5G4""], ""review_count"": [""detail_page: 「ちゃんと使えるか不安…」 そんな声に応え続けてきたeSIMです。 Simmyは、累計販売数7.5万人以上、130カ国のユーザーに利用され、 アプリストア評価3,400件超の実績があります。 海外旅行のプロが常駐し、24時間365日サポート。 LINE・公式チャット対応なので、トラブル時もすぐ相談できます！ アプリから残量チェック＆容量追加も可能。 旅行中の""], ""bestseller_rank"": [""Amazon 売れ筋ランキング 家電＆カメラ - 59,779位 ( 家電＆カメラの売れ筋ランキングを見る ) 定期契約SIMカード - 36位 プリペイドSIMカード - 612位""], ""title"": [""【eSIM・返品交換無料】 香港 無制限 7日間 通信 シム SIM カード 5G 対応 使い放題 iPhone Android WIFI 返金保証 MH-BBYC-W5G4""], ""network_generation_inferred"": [""strong_5g: title: 【eSIM・返品交換無料】 香港 無制限 7日間 通信 シム SIM カード 5G 対応 使い放題 iPhone Android WIFI 返金保証 MH-BBYC-W5G4"", ""strong_5g: title: 【eSIM・返品交換無料】 香港 無制限 7日間 通信 シム SIM カード 5G 対応 使い放題 iPhone Android WIFI 返金保証 MH-BBYC-W5G4""]}"
amazon_jp,hk,SIMカード アメリカ ハワイ 30日間 8GB プリペイドsim 簡単設定 説明書付 4G LTE 3in1 (標準/マイクロ/ナノ) simフリー端末のみ対応 無料通話付(アメリカ国内と香港通話50時間。日本含め10カ国への国際通話100分利用可) 挿すだけ 簡単設定 日本語サポート,2682,229,,,,,356,3일,3일,30일,unknown,unknown,5g_capable,medium,"{""cmhk"": null, ""csl"": null, ""smartone"": null, ""three_hk"": null}","{""skt"": null, ""kt"": null, ""lgu"": null}",8GB,https://www.amazon.co.jp/sim%E3%82%AB%E3%83%BC%E3%83%89-%E3%83%97%E3%83%AA%E3%83%9A%E3%82%A4%E3%83%89sim-%E3%83%9E%E3%83%AB%E3%83%81%E3%82%AB%E3%83%83%E3%83%88sim-sim%E3%83%95%E3%83%AA%E3%83%BC%E7%AB%AF%E6%9C%AB%E3%81%AE%E3%81%BF%E5%AF%BE%E5%BF%9C-%E7%84%A1%E6%96%99%E9%80%9A%E8%A9%B1%E4%BB%98%EF%BC%88%E3%82%A2%E3%83%A1%E3%83%AA%E3%82%AB%E5%9B%BD%E5%86%85%E3%81%A8%E9%A6%99%E6%B8%AF%E9%80%9A%E8%A9%B150%E6%99%82%E9%96%93%E3%80%82%E6%97%A5%E6%9C%AC%E5%90%AB%E3%82%8110%E3%82%AB%E5%9B%BD%E3%81%B8%E3%81%AE%E5%9B%BD%E9%9A%9B%E9%80%9A%E8%A9%B1100%E5%88%86%E5%88%A9%E7%94%A8%E5%8F%AF%EF%BC%89/dp/B07NHB5M9S,B07NHB5M9S,B07NHB5M9S,株式会社DHA Corporation,DHA SIMのストアを表示,"{""price_jpy"": [""￥2,682""], ""usage_validity"": [""【SKTelecoｍ公式認証】 韓国eSIM 3日間 (72時間) 電話番号付き 超高速データ無制限 最初の5分発信無料(韓国国内) お急ぎの方即時発行可(LINE相談受付中) 有効期限／ご購入日より120日以内 現地空港サポート(SKTelecomローミングセンター) SKテレコム正規品 韓国SIMカードタイプではありません""], ""activation_validity"": [""SIMカード アメリカ ハワイ 30日間 8GB プリペイドsim 簡単設定 説明書付 4G LTE 3in1 (標準/マイクロ/ナノ) simフリー端末のみ対応 無料通話付(アメリカ国内と香港通話50時間。日本含め10カ国への国際通話100分利用可) 挿すだけ 簡単設定 日本語サポート""], ""data_amount"": [""商品の説明 【大手キャリアの通信網で高速通信！】 30日間、8GBの香港通信会社HutchisonのMNOデータ通信ローミングプリペイドSIMカードです。 AT&Tの通信網を利用した、広範囲と安定の高速通信。 【対応国】アメリカ本土、ハワイ（グアム、サイパンは除く） 【利用可能端末】SIMフリーのiPhone、スマートフォン・タブレット・WiFiルーターでご""], ""network_type"": [""local_signal: 【T-Mobile純正品】eSIM版 アメリカ ハワイ SIM 7日間【使い放題】【電話番号付き】5G/4G-LTE 高速データ通信/通話/SMS/テザリング 【アメリカ ハワイ 無制限】 プリペイド SIMカード T-Mobile esim 7da"", ""roaming_signal: 香港通信会社Hutchison(日本3大キャリアと同じポジション)のMNOデータ通信プリペイドカードです。AT&Tの通信網を利用した、広範囲と安定の高速通信。設定は簡単です：モバイルデータとデータローミングがオンだけです。APN設定は不用です。"", ""insufficient_or_conflicting_signals(local=24, roaming=9)""], ""network_generation"": [""fallback_5g: network_type: local_signal: 【T-Mobile純正品】eSIM版 アメリカ ハワイ SIM 7日間【使い放題】【電話番号付き】5G/4G-LTE 高速データ通信/通話/SMS/テザリング 【アメリカ ハワイ 無制限】 プリペイド SIMカード T-Mobile esim 7da"", ""fallback_4g_lte: activation_validity: SIMカード アメリカ ハワイ 30日間 8GB プリペイドsim 簡単設定 説明書付 4G LTE 3in1 (標準/マイクロ/ナノ) simフリー端末のみ対応 無料通話付(アメリカ国内と香港通話50時間。日本含め10カ国への国際通話100分利用可) 挿すだけ 簡単設定 日本語サポート"", ""fallback_only_network_generation_signal""], ""review_count"": [""detail_page: (229)""], ""bestseller_rank"": [""Amazon 売れ筋ランキング 家電＆カメラ - 32,400位 ( 家電＆カメラの売れ筋ランキングを見る ) プリペイドSIMカード - 356位""], ""title"": [""SIMカード アメリカ ハワイ 30日間 8GB プリペイドsim 簡単設定 説明書付 4G LTE 3in1 (標準/マイクロ/ナノ) simフリー端末のみ対応 無料通話付(アメリカ国内と香港通話50時間。日本含め10カ国への国際通話100分利用可) 挿すだけ 簡単設定 日本語サポート""], ""network_generation_inferred"": [""network_type: local_signal: 【T-Mobile純正品】eSIM版 アメリカ ハワイ SIM 7日間【使い放題】【電話番号付き】5G/4G-LTE 高速データ通信/通話/SMS/テザリング 【アメリカ ハワイ 無制限】 プリペイド SIMカード T-Mobile esim 7da""]}"
amazon_jp,hk,アジア12か国 eSIM SIMカード 7日間 データ使い放題 7GBまで高速 Jet Sim 無制限 ジェットシム タイ フィリピン ベトナム,2180,1,,,,,1242,7일,7일,30일,roaming,unknown,5g_capable,medium,"{""cmhk"": null, ""csl"": null, ""smartone"": null, ""three_hk"": null}","{""skt"": null, ""kt"": null, ""lgu"": null}",1GB/day,https://www.amazon.co.jp/%E3%82%A2%E3%82%B8%E3%82%A212%E3%81%8B%E5%9B%BD-SIM%E3%82%AB%E3%83%BC%E3%83%89-7%E6%97%A5%E9%96%93-%E3%83%87%E3%83%BC%E3%82%BF%E4%BD%BF%E3%81%84%E6%94%BE%E9%A1%8C-7GB%E3%81%BE%E3%81%A7%E9%AB%98%E9%80%9F/dp/B0GMKZVPVB,B0GMKZVPVB,B0GMKZVPVB,ジェスロモバイル,JETSIMのストアを表示,"{""price_jpy"": [""￥2,180""], ""usage_validity"": [""アジア12か国 eSIM SIMカード 7日間 データ使い放題 7GBまで高速 Jet Sim 無制限 ジェットシム タイ フィリピン ベトナム""], ""activation_validity"": [""商品の説明 購入後すぐにeSIMを使えますか？ はい、すぐにご利用いただけます。スムーズにご利用いただくために、申請フォームのご提出をお願いいたします。 eSIMのアクティベーションは必要ですか？ アクティベーションは不要です。eSIMをスマートフォンに追加すれば、現地に到着次第、自動的に接続されます！ 複数の国で利用できるプランは国をまたいで移動する際も、""], ""data_amount"": [""【データ無制限】 アジア12カ国7日間、5G/4G-LTE高速データ7GB。その後もデータ通信の利用が可能。テザリング対応。高速データ1日1GBまで。""], ""network_type"": [""マレーシア eSIM - プリペイド 10GB 5G/4G データ、20日間有効 - 簡単な QR コード設定 - ローミングなし、契約なし - 短期および長期旅行に最適"", ""中国本土旅行者向けeSIMカード、7日間プラン、1GBデータ使い放題、高速4/5G、ローミング料金無料 | 中国旅行に最適"", ""score: local=1, roaming=4""], ""network_generation"": [""fallback_5g: data_amount: 【データ無制限】 アジア12カ国7日間、5G/4G-LTE高速データ7GB。その後もデータ通信の利用が可能。テザリング対応。高速データ1日1GBまで。"", ""fallback_4g_lte: data_amount: 【データ無制限】 アジア12カ国7日間、5G/4G-LTE高速データ7GB。その後もデータ通信の利用が可能。テザリング対応。高速データ1日1GBまで。"", ""fallback_only_network_generation_signal""], ""review_count"": [""detail_page: (1)""], ""bestseller_rank"": [""Amazon 売れ筋ランキング 家電＆カメラ - 150,612位 ( 家電＆カメラの売れ筋ランキングを見る ) プリペイドSIMカード - 1,242位""], ""title"": [""アジア12か国 eSIM SIMカード 7日間 データ使い放題 7GBまで高速 Jet Sim 無制限 ジェットシム タイ フィリピン ベトナム""], ""network_generation_inferred"": [""network_type: マレーシア eSIM - プリペイド 10GB 5G/4G データ、20日間有効 - 簡単な QR コード設定 - ローミングなし、契約なし - 短期および長期旅行に最適"", ""network_type: 中国本土旅行者向けeSIMカード、7日間プラン、1GBデータ使い放題、高速4/5G、ローミング料金無料 | 中国旅行に最適""]}"
amazon_jp,hk,【香港 eSIM】4日間 高速データ通信無制限｜3 Hong Kong｜LINEで即日発行｜データ通信専用 (LINE相談受付中)｜有効期限90日 香港旅行・出張向け (香港eSIM)｜eSIM-san(いーしむさん),1620,2,,,,,1480,4일,4일,90일,local,unknown,unknown,low,"{""cmhk"": null, ""csl"": null, ""smartone"": null, ""three_hk"": true}","{""skt"": null, ""kt"": null, ""lgu"": null}",unlimited,https://www.amazon.co.jp/%E9%AB%98%E9%80%9F%E3%83%87%E3%83%BC%E3%82%BF%E9%80%9A%E4%BF%A1%E7%84%A1%E5%88%B6%E9%99%90%EF%BD%9C3-Kong%EF%BD%9CLINE%E3%81%A7%E5%8D%B3%E6%97%A5%E7%99%BA%E8%A1%8C%EF%BD%9C%E3%83%87%E3%83%BC%E3%82%BF%E9%80%9A%E4%BF%A1%E5%B0%82%E7%94%A8-LINE%E7%9B%B8%E8%AB%87%E5%8F%97%E4%BB%98%E4%B8%AD-%E9%A6%99%E6%B8%AF%E6%97%85%E8%A1%8C%E3%83%BB%E5%87%BA%E5%BC%B5%E5%90%91%E3%81%91-%EF%BD%9CeSIM-san/dp/B0DZCRP8YW,B0DZCRP8YW,B0DZCRP8YW,いーしむさん,eSIM-sanのストアを表示,"{""price_jpy"": [""￥1,620""], ""usage_validity"": [""【香港 eSIM】4日間 高速データ通信無制限｜3 Hong Kong｜LINEで即日発行｜データ通信専用 (LINE相談受付中)｜有効期限90日 香港旅行・出張向け (香港eSIM)｜eSIM-san(いーしむさん)""], ""activation_validity"": [""【香港 eSIM】4日間 高速データ通信無制限｜3 Hong Kong｜LINEで即日発行｜データ通信専用 (LINE相談受付中)｜有効期限90日 香港旅行・出張向け (香港eSIM)｜eSIM-san(いーしむさん)""], ""data_amount"": [""【データ容量】無制限""], ""network_type"": [""【チョコSIM 定額（Sプラン）】【中国の電話番号付きでアプリや施設サービスのSMS認証が可能】【データ容量】合計500MB/月【音声】合計20分間/月 データ/音声/SMS付きSIMカード 中国SIM マカオSIM China unicom ※こちらのSIMカードは契約後、毎月の基本料が発生いたします。※2024年11月1日から台湾でのご利用はできなくなり"", ""【SKTelecoｍ公式認証】 韓国eSIM 3日間 (72時間) 電話番号付き 超高速データ無制限 最初の5分発信無料(韓国国内) お急ぎの方即時発行可(LINE相談受付中) 有効期限／ご購入日より120日以内 現地空港サポート(SKTelecomローミングセンター) SKテレコム正規品 韓国SIMカードタイプではありません"", ""score: local=6, roaming=0""], ""network_generation"": [""fallback_5g: network_generation: strong_5g: source:aplus: 商品の説明 「いーしむさんの“香港 eSIM”があれば、ネット通信の不安とはおさらばです。」 旅をもっと自由に。香港旅行・出張なら、いーしむさん 高速データ通信が無制限 ビクトリアピーク、香港ディズニーランド、九龍など、主要エリアはもちろん郊外も広くカバー。 3 Hon"", ""fallback_4g_lte: network_generation: strong_5g: source:aplus: 商品の説明 「いーしむさんの“香港 eSIM”があれば、ネット通信の不安とはおさらばです。」 旅をもっと自由に。香港旅行・出張なら、いーしむさん 高速データ通信が無制限 ビクトリアピーク、香港ディズニーランド、九龍など、主要エリアはもちろん郊外も広くカバー。 3 Hon"", ""fallback_only_network_generation_signal""], ""carrier_support_local"": [""3HK: 商品の説明 「いーしむさんの“香港 eSIM”があれば、ネット通信の不安とはおさらばです。」 旅をもっと自由に。香港旅行・出張なら、いーしむさん 高速データ通信が無制限 ビクトリアピーク、香港ディズニーランド、九龍など、主要エリアはもちろん郊外も広くカバー。 3 Hong Kong回線を使うから、安"", ""3HK: サービスプロバイダ 3 Hong Kong"", ""3HK: Amazon.co.jp: 【香港 eSIM】4日間 高速データ通信無制限｜3 Hong Kong｜LINEで即日発行｜データ通信専用 (LINE相談受付中)｜有効期限90日 香港旅行・出張向け (香港eSIM)｜eSIM-san(いーしむさん) : 家電＆カメラ"", ""3HK: 【香港 eSIM】4日間 高速データ通信無制限｜3 Hong Kong｜LINEで即日発行｜データ通信専用 (LINE相談受付中)｜有効期限90日 香港旅行・出張向け (香港eSIM)｜eSIM-san(いーしむさん)"", ""3HK: 【香港 eSIM】4日間 高速データ通信無制限｜3 Hong Kong｜LINEで即日発行｜データ通信専用 (LINE相談受付中)｜有効期限90日 香港旅行・出張向け (香港eSIM)｜eSIM-san(いーしむさん)"", ""3HK: 【香港 eSIM】4日間 高速データ通信無制限｜3 Hong Kong｜LINEで即日発行｜データ通信専用 (LINE相談受付中)｜有効期限90日 香港旅行・出張向け (香港eSIM)｜eSIM-san(いーしむさん)"", ""3HK: Amazon.co.jp: 【香港 eSIM】4日間 高速データ通信無制限｜3 Hong Kong｜LINEで即日発行｜データ通信専用 (LINE相談受付中)｜有効期限90日 香港旅行・出張向け (香港eSIM)｜eSIM-san(いーしむさん) : 家電＆カメラ 次に移動 メインコンテンツ この商""], ""review_count"": [""detail_page: (2)""], ""bestseller_rank"": [""Amazon 売れ筋ランキング 家電＆カメラ - 184,702位 ( 家電＆カメラの売れ筋ランキングを見る ) プリペイドSIMカード - 1,480位""], ""title"": [""【香港 eSIM】4日間 高速データ通信無制限｜3 Hong Kong｜LINEで即日発行｜データ通信専用 (LINE相談受付中)｜有効期限90日 香港旅行・出張向け (香港eSIM)｜eSIM-san(いーしむさん)""], ""network_generation_inferred"": [""no_medium_generation_signal""]}"
amazon_jp,hk,台湾 TAIWAN ESIMプラン 4日間 完全無制限 4G-LTE 高速データ 使い放題 当日発行可能 出発前日本テスト用eSIM500MB 台北 高雄 プリペイドSIM 桃園 esim taiwan sim (4日間完全無制限),1680,431,,,200,,21,4일,4일,30일,local,unknown,lte_4g_only,medium,"{""cmhk"": null, ""csl"": null, ""smartone"": null, ""three_hk"": null}","{""skt"": null, ""kt"": null, ""lgu"": null}",unlimited,https://www.amazon.co.jp/TAIWAN-ESIM%E3%83%97%E3%83%A9%E3%83%B3-4G-LTE-%E3%83%97%E3%83%AA%E3%83%9A%E3%82%A4%E3%83%89SIM-4%E6%97%A5%E9%96%93%E5%AE%8C%E5%85%A8%E7%84%A1%E5%88%B6%E9%99%90/dp/B0CY1JXCZ7,B0CY1JXCZ7,B0CY1JXCZ7,株式会社ビッグコネクト,bigconnectのストアを表示,"{""price_jpy"": [""￥1,680""], ""usage_validity"": [""台湾 TAIWAN ESIMプラン 4日間 完全無制限 4G-LTE 高速データ 使い放題 当日発行可能 出発前日本テスト用eSIM500MB 台北 高雄 プリペイドSIM 桃園 esim taiwan sim (4日間完全無制限)""], ""activation_validity"": [""【SimCardの有効期限】メールで納品した30日以内にご利用始めてください。該当の商品はEsimcardになります、物理SIMカードを装着するのではなく、スマートフォンやタブレット等の端末内にあらかじめ埋め込まれたチップに、インターネット経由でデータプランを書き込むことができます。物理のSIMが入っていません。""], ""data_amount"": [""【高速データ完全無制限】 通信専用Esimになります。※データ容量無制限。高速データ使い放題※現地時間の00:00-23：59区切りで、カウントされます。""], ""network_type"": [""【現地キャリア利用】台湾で使用できるeSIM、TAIWAN渡航スケジュールに対応する手軽なeSIMカード。キャリア：中華電信 、台湾では信号が広く、ネットワークが安定し、速度が速いです。eSIMのsimカードはプリペイドsimカードと違って、挿入作業不要(iPhone・androidともeSIMのQRコードを読み取って設定後すぐに使えます。）"", ""【チョコSIM 定額（Sプラン）】【中国の電話番号付きでアプリや施設サービスのSMS認証が可能】【データ容量】合計500MB/月【音声】合計20分間/月 データ/音声/SMS付きSIMカード 中国SIM マカオSIM China unicom ※こちらのSIMカードは契約後、毎月の基本料が発生いたします。※2024年11月1日から台湾でのご利用はできなくなり"", ""score: local=9, roaming=1""], ""network_generation"": [""fallback_5g: network_generation: fallback_5g: source:image_alt: 【台湾 eSIM】4日間無制限高速データ｜ 5G/4G対応｜QRコード簡単設定｜即日メール送信｜日本語ガイド付き｜LINEでサポート｜テザリング対応｜台北・高雄・桃園対応｜旅行・出張・留学向けTaiwan 台湾 sim (4日間無制限)"", ""fallback_4g_lte: usage_validity: 台湾 TAIWAN ESIMプラン 4日間 完全無制限 4G-LTE 高速データ 使い放題 当日発行可能 出発前日本テスト用eSIM500MB 台北 高雄 プリペイドSIM 桃園 esim taiwan sim (4日間完全無制限)"", ""fallback_only_network_generation_signal""], ""monthly_sold_count"": [""台湾 TAIWAN eSIMプラン 4日間 完全無制限 4G-LTE 高速データ プリペイドSIM 次に移動 メインコンテンツ この商品について この商品について この商品について 購入オプション 類似商品と比較する ビデオ レビュー キーボードショートカット 検索 Alt + / カート Shift + Alt + C ホーム Shift + Alt + ""], ""review_count"": [""detail_page: (431)""], ""bestseller_rank"": [""Amazon 売れ筋ランキング 家電＆カメラ - 2,708位 ( 家電＆カメラの売れ筋ランキングを見る ) プリペイドSIMカード - 21位""], ""title"": [""台湾 TAIWAN ESIMプラン 4日間 完全無制限 4G-LTE 高速データ 使い放題 当日発行可能 出発前日本テスト用eSIM500MB 台北 高雄 プリペイドSIM 桃園 esim taiwan sim (4日間完全無制限)""], ""network_generation_inferred"": [""title: 台湾 TAIWAN ESIMプラン 4日間 完全無制限 4G-LTE 高速データ 使い放題 当日発行可能 出発前日本テスト用eSIM500MB 台北 高雄 プリペイドSIM 桃園 esim taiwan sim (4日間完全無制限)""]}"
amazon_jp,hk,【コード入力で事務手数料不要】 UQ mobile ウェルカムパッケージ/[SIMカード/eSIM共通]/iPhone 17e iPhone 17 シリーズ iPhone Air動作確認済み/[iPhone/Android対応]/au回線,350,1749,,,,True,1,30일,30일,31일,unknown,unknown,unknown,low,"{""cmhk"": null, ""csl"": null, ""smartone"": null, ""three_hk"": null}","{""skt"": null, ""kt"": null, ""lgu"": null}",35GB,https://www.amazon.co.jp/dp/B07YBZ3D22,B07YBZ3D22,B07YBZ3D22,"Amazon.com Sales, Inc.",UQ mobileのストアを表示,"{""price_jpy"": [""￥350""], ""usage_validity"": [""商品紹介 本商品をご利用いただいた場合、UQ mobileご契約時の事務手数料が不要です。 本商品ご購入後に届く当社が定めるコード（エントリーコード）を、専用のURLで利用していただく必要があります。 エントリーコード 本商品ご購入後にエントリーコードをお届けします。エントリーコードの有効期限は最短3か月間～最長6か月間で、ご購入の時期によって異なります。 ""], ""activation_validity"": [""商品紹介 本商品をご利用いただいた場合、UQ mobileご契約時の事務手数料が不要です。 本商品ご購入後に届く当社が定めるコード（エントリーコード）を、専用のURLで利用していただく必要があります。 エントリーコード 本商品ご購入後にエントリーコードをお届けします。エントリーコードの有効期限は最短3か月間～最長6か月間で、ご購入の時期によって異なります。 ""], ""data_amount"": [""商品紹介 本商品をご利用いただいた場合、UQ mobileご契約時の事務手数料が不要です。 本商品ご購入後に届く当社が定めるコード（エントリーコード）を、専用のURLで利用していただく必要があります。 エントリーコード 本商品ご購入後にエントリーコードをお届けします。エントリーコードの有効期限は最短3か月間～最長6か月間で、ご購入の時期によって異なります。 ""], ""network_type"": [""no_local_or_roaming_keyword_matched""], ""network_generation"": [""fallback_5g: network_generation: fallback_5g: source:image_alt: 【Amazon.co.jp 限定】【SIM用】【iPhone 17シリーズ動作確認済み】Y!mobile(ワイモバイル) 事務手数料4,950円（SHOP等の場合）が3,850円になるエントリーコード ダウンロード版 5G対応 格安SIM"", ""fallback_4g_lte: network_generation: fallback_4g_lte: source:image_alt: プリペイドSIMカード 【RAKUTEN回線】 国内海外 プリペイドSIM 3GB/月1年間有効 5G/4G-LTE対応 SMS認証可能 データ通信 専用 SIMカード (3GB SMS付き)"", ""fallback_only_network_generation_signal""], ""review_count"": [""detail_page: (1,749)""], ""is_bestseller"": [""UQ mobile ウェルカムパッケージ SIM/eSIM iPhone 17対応 次に移動 メインコンテンツ この商品について この商品について この商品について 購入オプション 類似商品と比較する ビデオ レビュー キーボードショートカット 検索 Alt + / カート Shift + Alt + C ホーム Shift + Alt + H 注文 Shi""], ""bestseller_rank"": [""UQ mobile ウェルカムパッケージ SIM/eSIM iPhone 17対応 次に移動 メインコンテンツ この商品について この商品について この商品について 購入オプション 類似商品と比較する ビデオ レビュー キーボードショートカット 検索 Alt + / カート Shift + Alt + C ホーム Shift + Alt + H 注文 Shi""], ""title"": [""【コード入力で事務手数料不要】 UQ mobile ウェルカムパッケージ/[SIMカード/eSIM共通]/iPhone 17e iPhone 17 シリーズ iPhone Air動作確認済み/[iPhone/Android対応]/au回線""], ""network_generation_inferred"": [""no_medium_generation_signal""]}"
amazon_jp,hk,アジア4カ国SIM データ容量15GB 利用期間30日 4Gデータ通信 プリペイドSIM ローミングSIM prepaidSIM 利用可能国：インドネシア・シンガポール・タイ・マレーシア,1880,65,,,50,,186,1일,1일,30일,unknown,unknown,5g_capable,medium,"{""cmhk"": null, ""csl"": null, ""smartone"": null, ""three_hk"": null}","{""skt"": null, ""kt"": null, ""lgu"": null}",15GB,https://www.amazon.co.jp/%E3%82%B7%E3%83%B3%E3%82%AC%E3%83%9D%E3%83%BC%E3%83%AB%E3%83%BB%E3%82%BF%E3%82%A4%E3%83%BB%E3%83%9E%E3%83%AC%E3%83%BC%E3%82%B7%E3%82%A2SIM-%E3%83%87%E3%83%BC%E3%82%BF%E5%AE%B9%E9%87%8F15GB-%E3%83%AD%E3%83%BC%E3%83%9F%E3%83%B3%E3%82%B0SIM-prepaidSIM-%E3%82%B7%E3%83%B3%E3%82%AC%E3%83%9D%E3%83%BC%E3%83%ABSIM/dp/B0CYCJ582Y,B0CYCJ582Y,B0CYCJ582Y,ブランド: Wise SIM,ブランド: Wise SIM,"{""price_jpy"": [""価格 ￥1,880 ￥1,880 ￥1,480 ￥1,480 ￥1,880""], ""usage_validity"": [""※SIMカード有効期限：2026年12月末まで －－－－－－－－－－－－－－－－－－－－－－－－ 【アジア4カ国にて利用可能】 １枚のSIMでインドネシア・シンガポール・タイ・マレーシアの4カ国にて周遊利用が出来るのでSIMの入れ替えの手間も無く便利です。 －－－－－－－－－－－－－－－－－－－－－－－－ 【30日15GBデータ利用可能】 利用開始後30日、""], ""activation_validity"": [""アジア4カ国SIM データ容量15GB 利用期間30日 4Gデータ通信 プリペイドSIM ローミングSIM prepaidSIM 利用可能国：インドネシア・シンガポール・タイ・マレーシア""], ""data_amount"": [""【30日15GBデータ利用可能】 利用開始後30日、データ通信がタップリ15GB利用可能です。 ※30日以内にデータ通信量が15GBを超えると128kbpsへ速度制限がかかりますが利用期間中は通信が止まる事なくずっとご利用頂く事が可能です。""], ""network_type"": [""local_signal: 【チョコSIM 定額（Sプラン）】【中国の電話番号付きでアプリや施設サービスのSMS認証が可能】【データ容量】合計500MB/月【音声】合計20分間/月 データ/音声/SMS付きSIMカード 中国SIM マカオSIM China unicom ※こちらのSIMカードは契約後、毎月の基本料が発生いたします。※2024年11月1日から台湾でのご利用はできなくなり"", ""roaming_signal: アジア4カ国SIM データ容量15GB 利用期間30日 4Gデータ通信 プリペイドSIM ローミングSIM prepaidSIM 利用可能国：インドネシア・シンガポール・タイ・マレーシア"", ""insufficient_or_conflicting_signals(local=6, roaming=12)""], ""network_generation"": [""fallback_5g: usage_validity: ※SIMカード有効期限：2026年12月末まで －－－－－－－－－－－－－－－－－－－－－－－－ 【アジア4カ国にて利用可能】 １枚のSIMでインドネシア・シンガポール・タイ・マレーシアの4カ国にて周遊利用が出来るのでSIMの入れ替えの手間も無く便利です。 －－－－－－－－－－－－－－－－－－－－－－－－ 【30日15GBデー"", ""fallback_4g_lte: activation_validity: アジア4カ国SIM データ容量15GB 利用期間30日 4Gデータ通信 プリペイドSIM ローミングSIM prepaidSIM 利用可能国：インドネシア・シンガポール・タイ・マレーシア"", ""fallback_only_network_generation_signal""], ""monthly_sold_count"": [""search_result_fallback: 50""], ""review_count"": [""detail_page: (65)""], ""bestseller_rank"": [""Amazon 売れ筋ランキング 家電＆カメラ - 15,692位 ( 家電＆カメラの売れ筋ランキングを見る ) プリペイドSIMカード - 186位""], ""title"": [""アジア4カ国SIM データ容量15GB 利用期間30日 4Gデータ通信 プリペイドSIM ローミングSIM prepaidSIM 利用可能国：インドネシア・シンガポール・タイ・マレーシア""], ""network_generation_inferred"": [""title: アジア4カ国SIM データ容量15GB 利用期間30日 4Gデータ通信 プリペイドSIM ローミングSIM prepaidSIM 利用可能国：インドネシア・シンガポール・タイ・マレーシア"", ""network_type: roaming_signal: アジア4カ国SIM データ容量15GB 利用期間30日 4Gデータ通信 プリペイドSIM ローミングSIM prepaidSIM 利用可能国：インドネシア・シンガポール・タイ・マレーシア""]}"
amazon_jp,hk,インドSIM 利用日数30日 データ容量7GB ローミングSIM 日本で利用可能。,999,33,,,,,1244,1일,1일,30일,unknown,unknown,5g_capable,medium,"{""cmhk"": null, ""csl"": null, ""smartone"": null, ""three_hk"": null}","{""skt"": null, ""kt"": null, ""lgu"": null}",7GB,https://www.amazon.co.jp/%E3%82%A4%E3%83%B3%E3%83%89SIM-%E5%88%A9%E7%94%A8%E6%97%A5%E6%95%B030%E6%97%A5-%E3%83%87%E3%83%BC%E3%82%BF%E5%AE%B9%E9%87%8F7GB-%E3%83%AD%E3%83%BC%E3%83%9F%E3%83%B3%E3%82%B0SIM-%E6%97%A5%E6%9C%AC%E3%81%A7%E5%88%A9%E7%94%A8%E5%8F%AF%E8%83%BD%E3%80%82/dp/B0H3BRMG6J,B0H3BRMG6J,B0H3BRMG6J,ブランド: Wise SIM,ブランド: Wise SIM,"{""price_jpy"": [""￥999 ￥ 999 10ポイント(1""], ""usage_validity"": [""■利用期間：香港の通信会社が発行しているSIMの為、香港時間を基準として電波を受信後30日(日数カウント) 例えば香港の23時に利用開始した場合、1時間で1日分としてカウントされますのでご留意ください。""], ""activation_validity"": [""インドSIM 利用日数30日 データ容量7GB ローミングSIM 日本で利用可能。""], ""data_amount"": [""【データ容量】 7GBまで高速データ通信利用が可能です。 ※7GBのデータ量を超過後は128kbpsへ速度低下となりますが止まる事なく利用可能です。""], ""network_type"": [""local_signal: 【SKTelecoｍ公式認証】韓国eSIM 4日間(96時間) 超高速データ完全無制限｜ SKT大手キャリア回線対応｜電話番号付き（無料通話5分＋SMS30通)｜ 当日メール配送 ｜4G/5G対応｜TikTok/ChatGPT対応｜テザリング対応 ｜使用ガイド付き｜365天LINEでサポート｜180日以内利用可能 韓国 sim (韓国esim4日無制限＋通話"", ""roaming_signal: インドSIM 利用日数30日 データ容量7GB ローミングSIM 日本で利用可能。"", ""insufficient_or_conflicting_signals(local=3, roaming=10)""], ""network_generation"": [""fallback_5g: network_type: local_signal: 【SKTelecoｍ公式認証】韓国eSIM 4日間(96時間) 超高速データ完全無制限｜ SKT大手キャリア回線対応｜電話番号付き（無料通話5分＋SMS30通)｜ 当日メール配送 ｜4G/5G対応｜TikTok/ChatGPT対応｜テザリング対応 ｜使用ガイド付き｜365天LINEでサポート｜180日以"", ""fallback_4g_lte: network_type: local_signal: 【SKTelecoｍ公式認証】韓国eSIM 4日間(96時間) 超高速データ完全無制限｜ SKT大手キャリア回線対応｜電話番号付き（無料通話5分＋SMS30通)｜ 当日メール配送 ｜4G/5G対応｜TikTok/ChatGPT対応｜テザリング対応 ｜使用ガイド付き｜365天LINEでサポート｜180日以"", ""fallback_only_network_generation_signal""], ""review_count"": [""detail_page: 33""], ""bestseller_rank"": [""Amazon 売れ筋ランキング 家電＆カメラ - 150,695位 ( 家電＆カメラの売れ筋ランキングを見る ) プリペイドSIMカード - 1,244位""], ""title"": [""インドSIM 利用日数30日 データ容量7GB ローミングSIM 日本で利用可能。""], ""network_generation_inferred"": [""network_type: local_signal: 【SKTelecoｍ公式認証】韓国eSIM 4日間(96時間) 超高速データ完全無制限｜ SKT大手キャリア回線対応｜電話番号付き（無料通話5分＋SMS30通)｜ 当日メール配送 ｜4G/5G対応｜TikTok/ChatGPT対応｜テザリング対応 ｜使用ガイド付き｜365天LINEでサポート｜180日以""]}"
amazon_jp,hk,【香港・マカオeSIM】2日間 3GB（コスパ重視） LINE相談受付中｜データ通信専用（電話番号なし） | simフリー端末のみ対応 説明書付 イーシム simless,1090,2,,,,,1500,2일,2일,3일,local,unknown,unknown,low,"{""cmhk"": null, ""csl"": null, ""smartone"": null, ""three_hk"": null}","{""skt"": null, ""kt"": null, ""lgu"": null}",unlimited,https://www.amazon.co.jp/%E3%80%90%E9%A6%99%E6%B8%AF%E3%83%BB%E3%83%9E%E3%82%AB%E3%82%AAeSIM%E3%80%912%E6%97%A5%E9%96%93-3GB%EF%BC%88%E3%82%B3%E3%82%B9%E3%83%91%E9%87%8D%E8%A6%96%EF%BC%89-LINE%E7%9B%B8%E8%AB%87%E5%8F%97%E4%BB%98%E4%B8%AD%EF%BD%9C%E3%83%87%E3%83%BC%E3%82%BF%E9%80%9A%E4%BF%A1%E5%B0%82%E7%94%A8%EF%BC%88%E9%9B%BB%E8%A9%B1%E7%95%AA%E5%8F%B7%E3%81%AA%E3%81%97%EF%BC%89-sim%E3%83%95%E3%83%AA%E3%83%BC%E7%AB%AF%E6%9C%AB%E3%81%AE%E3%81%BF%E5%AF%BE%E5%BF%9C-simless/dp/B0DWLRTW87,B0DWLRTW87,B0DWLRTW87,DeSiM,DeSiMのストアを表示,"{""price_jpy"": [""￥1,090""], ""usage_validity"": [""【香港・マカオeSIM】2日間 3GB（コスパ重視） LINE相談受付中｜データ通信専用（電話番号なし） | simフリー端末のみ対応 説明書付 イーシム simless""], ""activation_validity"": [""【SKTelecoｍ公式認証】 韓国eSIM 3日間 (72時間) 電話番号付き 超高速データ無制限 最初の5分発信無料(韓国国内) お急ぎの方即時発行可(LINE相談受付中) 有効期限／ご購入日より120日以内 現地空港サポート(SKTelecomローミングセンター) SKテレコム正規品 韓国SIMカードタイプではありません""], ""data_amount"": [""商品の説明 購入前の注意事項 【注意事項】 注意事項①：電話番号は付与されませんので、ご注意ください。 注意事項②：SIMロックフリー端末、もしくはSIMフリー端末専用のサービスです。必ず、ご利用端末がeSIM対応かどうかご確認ください。 注意事項③：2021年10月1日以前にSIMロック解除をキャリア店頭またはインターネットでされた「Android端末」は""], ""network_type"": [""商品の説明 購入前の注意事項 【注意事項】 注意事項①：電話番号は付与されませんので、ご注意ください。 注意事項②：SIMロックフリー端末、もしくはSIMフリー端末専用のサービスです。必ず、ご利用端末がeSIM対応かどうかご確認ください。 注意事項③：2021年10月1日以前にSIMロック解除をキャリア店頭またはインターネットでされた「Android端末」は"", ""【チョコSIM 定額（Sプラン）】【中国の電話番号付きでアプリや施設サービスのSMS認証が可能】【データ容量】合計500MB/月【音声】合計20分間/月 データ/音声/SMS付きSIMカード 中国SIM マカオSIM China unicom ※こちらのSIMカードは契約後、毎月の基本料が発生いたします。※2024年11月1日から台湾でのご利用はできなくなり"", ""score: local=9, roaming=1""], ""network_generation"": [""fallback_5g: network_generation: fallback_5g: source:image_alt: 【香港・マカオ eSIM】5日間 5GB（四泊五日 コスパ重視） DeSiM正規卸 | LINE相談受付中 |データ通信専用（電話番号なし） | simフリー端末のみ対応 説明書付 イーシム"", ""fallback_4g_lte: network_generation: strong_4g_lte: source:feature_bullets: 🎯【4G / LTE高速通信】高速インターネット通信可能！旅行や出張先でもスムーズな接続をサポート✈️"", ""fallback_only_network_generation_signal""], ""review_count"": [""detail_page: (2)""], ""bestseller_rank"": [""Amazon 売れ筋ランキング 家電＆カメラ - 188,690位 ( 家電＆カメラの売れ筋ランキングを見る ) プリペイドSIMカード - 1,500位""], ""title"": [""【香港・マカオeSIM】2日間 3GB（コスパ重視） LINE相談受付中｜データ通信専用（電話番号なし） | simフリー端末のみ対応 説明書付 イーシム simless""], ""network_generation_inferred"": [""no_medium_generation_signal""]}"
