site,country,title,price_jpy,review_count,seller_badge,search_position,monthly_sold_count,is_bestseller,bestseller_rank,validity,usage_validity,activation_validity,network_type,network_generation,network_generation_inferred,network_generation_confidence,carrier_support_local,carrier_support_kr,data_amount,product_url,asin,site_product_id,seller,brand,evidence
amazon_jp,mo,香港 マカオ ESIMプラン 4日間 完全無制限 4G-LTE 高速データ 使い放題 当日発行可能 出発前日本テスト用eSIM500MB 香港 マカオ プリペイドSIM 香港 esim 香港 マカオsim (4日間完全無制限),1780,392,,,50,,32,3일,3일,4일,local,5g_capable,,,"{""ctm"": true, ""china_telecom_macau"": null, ""three_macau"": null}","{""skt"": null, ""kt"": null, ""lgu"": null}",unlimited,https://www.amazon.co.jp/ESIM%E3%83%97%E3%83%A9%E3%83%B3-4G-LTE-%E5%BD%93%E6%97%A5%E7%99%BA%E8%A1%8C%E5%8F%AF%E8%83%BD-%E3%83%97%E3%83%AA%E3%83%9A%E3%82%A4%E3%83%89SIM-4%E6%97%A5%E9%96%93%E5%AE%8C%E5%85%A8%E7%84%A1%E5%88%B6%E9%99%90/dp/B0CPXWSV5K,B0CPXWSV5K,B0CPXWSV5K,株式会社ビッグコネクト,bigconnectのストアを表示,"{""price_jpy"": [""￥1,780""], ""usage_validity"": [""【SKTelecoｍ公式認証】 韓国eSIM 3日間 (72時間) 電話番号付き 超高速データ無制限 最初の5分発信無料(韓国国内) お急ぎの方即時発行可(LINE相談受付中) 有効期限／ご購入日より120日以内 現地空港サポート(SKTelecomローミングセンター) SKテレコム正規品 韓国SIMカードタイプではありません""], ""activation_validity"": [""香港 マカオ ESIMプラン 4日間 完全無制限 4G-LTE 高速データ 使い放題 当日発行可能 出発前日本テスト用eSIM500MB 香港 マカオ プリペイドSIM 香港 esim 香港 マカオsim (4日間完全無制限)""], ""data_amount"": [""【高速データ完全無制限】 通信専用eSIMになります。※データ容量無制限。高速データ使い放題※現地時間の00:00-23：59区切りで、カウントされます。有効期限は、メールでのQRコード発行後1カ月です。""], ""network_type"": [""【現地キャリア利用】香港 マカオで使用できるeSIM、香港 マカオ渡航スケジュールに対応する手軽なeSIMカード。キャリア：香港：Smartone、HKT、3 マカオ:CTM ，香港 マカオでは信号が広く、ネットワークが安定し、速度が速いです。eSIMのsimカードはプリペイドsimカードと違って、挿入作業不要(iPhone・androidともeSIMのQR"", ""【チョコSIM 定額（Sプラン）】【中国の電話番号付きでアプリや施設サービスのSMS認証が可能】【データ容量】合計500MB/月【音声】合計20分間/月 データ/音声/SMS付きSIMカード 中国SIM マカオSIM China unicom ※こちらのSIMカードは契約後、毎月の基本料が発生いたします。※2024年11月1日から台湾でのご利用はできなくなり"", ""score: local=9, roaming=1""], ""network_generation"": [""product_info_cellular_5g: source:product_info_cellular: 携帯電話技術 5G LTE"", ""product_info_cellular_5g: source:product_info_cellular: 携帯電話技術 5G LTE""], ""carrier_support_local"": [""CTM: 【現地キャリア利用】香港 マカオで使用できるeSIM、香港 マカオ渡航スケジュールに対応する手軽なeSIMカード。キャリア：香港：Smartone、HKT、3 マカオ:CTM ，香港 マカオでは信号が広く、ネットワークが安定し、速度が速いです。eSIMのsimカードはプリペイドsimカードと違って、"", ""CTM: サービスプロバイダ Smartone, HKT, 3, CTM"", ""CTM: 香港 マカオ ESIMプラン 4日間 完全無制限 4G-LTE 高速データ 次に移動 メインコンテンツ この商品について この商品について この商品について 購入オプション 類似商品と比較する ビデオ レビュー キーボードショートカット 検索 Alt + / カート Shift + Alt + C ""], ""monthly_sold_count"": [""香港 マカオ ESIMプラン 4日間 完全無制限 4G-LTE 高速データ 次に移動 メインコンテンツ この商品について この商品について この商品について 購入オプション 類似商品と比較する ビデオ レビュー キーボードショートカット 検索 Alt + / カート Shift + Alt + C ホーム Shift + Alt + H 注文 Shift +""], ""review_count"": [""detail_page: (392)""], ""bestseller_rank"": [""Amazon 売れ筋ランキング 家電＆カメラ - 3,356位 ( 家電＆カメラの売れ筋ランキングを見る ) プリペイドSIMカード - 32位""], ""title"": [""香港 マカオ ESIMプラン 4日間 完全無制限 4G-LTE 高速データ 使い放題 当日発行可能 出発前日本テスト用eSIM500MB 香港 マカオ プリペイドSIM 香港 esim 香港 マカオsim (4日間完全無制限)""]}"
amazon_jp,mo,【中国 香港 マカオ eSIM】5日間 高速データ通信5GB 実名登録不要 中国ネット規制対象外 Line、Youtube、GoogleなどVPNなしで利用可能 QRコード設定 メール登録で納品 即日発行対応 急ぎの方LINEサポートあり 中国esim 香港esim マカオesim,931,43,,,,,171,1일,1일,5일,roaming,lte_4g_only,,,"{""ctm"": null, ""china_telecom_macau"": null, ""three_macau"": null}","{""skt"": null, ""kt"": null, ""lgu"": null}",5GB,https://www.amazon.co.jp/eSIM%E3%80%915%E6%97%A5%E9%96%93-%E9%AB%98%E9%80%9F%E3%83%87%E3%83%BC%E3%82%BF%E9%80%9A%E4%BF%A15GB-%E4%B8%AD%E5%9B%BD%E3%83%8D%E3%83%83%E3%83%88%E8%A6%8F%E5%88%B6%E5%AF%BE%E8%B1%A1%E5%A4%96-Line%E3%80%81Youtube%E3%80%81Google%E3%81%AA%E3%81%A9VPN%E3%81%AA%E3%81%97%E3%81%A7%E5%88%A9%E7%94%A8%E5%8F%AF%E8%83%BD-%E6%80%A5%E3%81%8E%E3%81%AE%E6%96%B9LINE%E3%82%B5%E3%83%9D%E3%83%BC%E3%83%88%E3%81%82%E3%82%8A/dp/B0FMXWXMJH,B0FMXWXMJH,B0FMXWXMJH,マグロeSIM,マグロeSIMのストアを表示,"{""price_jpy"": [""￥931""], ""usage_validity"": [""【注意事項①】有効期限：eSIM QRコードを受け取ってから90日間です（有効期間内にご利用ください）。eSIMの使用期間については、24時間を1日とカウントされますので、ご了承ください。""], ""activation_validity"": [""【中国 香港 マカオ eSIM】5日間 高速データ通信5GB 実名登録不要 中国ネット規制対象外 Line、Youtube、GoogleなどVPNなしで利用可能 QRコード設定 メール登録で納品 即日発行対応 急ぎの方LINEサポートあり 中国esim 香港esim マカオesim""], ""data_amount"": [""【高速データ】データ容量は、5日以内にデータ通信量が5GBを超えると、通信が中断されますので、ご注意ください。※地点によっては信号が届かない場合がありますので、ご了承ください。""], ""network_type"": [""商品の説明 購入前にご注意！ 注意事項①：ご購入後、商品画像に記載されたURLにアクセスし必要事項を入力→メールアドレスにPDFの説明書とeSIMのQRコードが届きます！ 注意事項②：SIMロックフリー端末、もしくはSIMフリー端末専用のサービスです。必ず、ご利用端末がeSIM対応かどうかご確認ください。 注意事項③：eSIM対応端末のみ利用可能。※通信キャ"", ""score: local=0, roaming=3""], ""network_generation"": [""product_info_cellular_4g_lte: source:product_info_cellular: 携帯電話技術 LTE"", ""product_info_cellular_4g_lte: source:product_info_cellular: 携帯電話技術 LTE""], ""review_count"": [""detail_page: (43)""], ""bestseller_rank"": [""Amazon 売れ筋ランキング 家電＆カメラ - 12,734位 ( 家電＆カメラの売れ筋ランキングを見る ) プリペイドSIMカード - 171位""], ""title"": [""【中国 香港 マカオ eSIM】5日間 高速データ通信5GB 実名登録不要 中国ネット規制対象外 Line、Youtube、GoogleなどVPNなしで利用可能 QRコード設定 メール登録で納品 即日発行対応 急ぎの方LINEサポートあり 中国esim 香港esim マカオesim""]}"
amazon_jp,mo,【中国 香港 マカオ eSIM】4日間 無制限 実名登録不要 高速データ通信 低速なし 中国ネット規制対象外 Line、Youtube、GoogleなどVPNなしで利用可能 QRコード設定 メール登録で納品 即日発行対応 急ぎの方LINEサポートあり 中国sim 香港sim マカオsim,1545,185,,,50,,30,1일,1일,4일,unknown,lte_4g_only,,,"{""ctm"": null, ""china_telecom_macau"": null, ""three_macau"": null}","{""skt"": null, ""kt"": null, ""lgu"": null}",unlimited,https://www.amazon.co.jp/eSIM%E3%80%914%E6%97%A5%E9%96%93-%E4%B8%AD%E5%9B%BD%E3%83%8D%E3%83%83%E3%83%88%E8%A6%8F%E5%88%B6%E5%AF%BE%E8%B1%A1%E5%A4%96-Line%E3%80%81Youtube%E3%80%81Google%E3%81%AA%E3%81%A9VPN%E3%81%AA%E3%81%97%E3%81%A7%E5%88%A9%E7%94%A8%E5%8F%AF%E8%83%BD-%E3%83%A1%E3%83%BC%E3%83%AB%E7%99%BB%E9%8C%B2%E3%81%A7%E7%B4%8D%E5%93%81-%E6%80%A5%E3%81%8E%E3%81%AE%E6%96%B9LINE%E3%82%B5%E3%83%9D%E3%83%BC%E3%83%88%E3%81%82%E3%82%8A/dp/B0FH9K13N7,B0FH9K13N7,B0FH9K13N7,マグロeSIM,マグロeSIMのストアを表示,"{""price_jpy"": [""￥1,545""], ""usage_validity"": [""【注意事項①】有効期限：eSIM QRコードを受け取ってから90日間です（有効期間内にご利用ください）。eSIMの使用期間については、24時間を1日とカウントされますので、ご了承ください。""], ""activation_validity"": [""【中国 香港 マカオ eSIM】4日間 無制限 実名登録不要 高速データ通信 低速なし 中国ネット規制対象外 Line、Youtube、GoogleなどVPNなしで利用可能 QRコード設定 メール登録で納品 即日発行対応 急ぎの方LINEサポートあり 中国sim 香港sim マカオsim""], ""data_amount"": [""【特徴①】本商品は、高速データ通信が無制限に使用可能です。さらに、日本国内で使用できる500MBのデータも含まれており、詳しい情報は、予約後にお送りするメールの説明書をご確認ください。""], ""network_type"": [""local_signal: 【チョコSIM 定額（Sプラン）】【中国の電話番号付きでアプリや施設サービスのSMS認証が可能】【データ容量】合計500MB/月【音声】合計20分間/月 データ/音声/SMS付きSIMカード 中国SIM マカオSIM China unicom ※こちらのSIMカードは契約後、毎月の基本料が発生いたします。※2024年11月1日から台湾でのご利用はできなくなり"", ""roaming_signal: 商品の説明 購入前にご注意！ 注意事項①：ご購入後、商品画像に記載されたURLにアクセスし必要事項を入力→メールアドレスにPDFの説明書とeSIMのQRコードが届きます！ 注意事項②：SIMロックフリー端末、もしくはSIMフリー端末専用のサービスです。必ず、ご利用端末がeSIM対応かどうかご確認ください。 注意事項③：eSIM対応端末のみ利用可能。※通信キャ"", ""insufficient_or_conflicting_signals(local=6, roaming=3)""], ""network_generation"": [""product_info_cellular_4g_lte: source:product_info_cellular: 携帯電話技術 LTE"", ""product_info_cellular_4g_lte: source:product_info_cellular: 携帯電話技術 LTE""], ""monthly_sold_count"": [""Amazon.co.jp: 【中国 香港 マカオ eSIM】4日間 無制限 実名登録不要 高速データ通信 低速なし 中国ネット規制対象外 Line、Youtube、GoogleなどVPNなしで利用可能 QRコード設定 メール登録で納品 即日発行対応 急ぎの方LINEサポートあり 中国sim 香港sim マカオsim : 家電＆カメラ 次に移動 メインコンテン""], ""review_count"": [""detail_page: (185)""], ""bestseller_rank"": [""Amazon 売れ筋ランキング 家電＆カメラ - 3,152位 ( 家電＆カメラの売れ筋ランキングを見る ) プリペイドSIMカード - 30位""], ""title"": [""【中国 香港 マカオ eSIM】4日間 無制限 実名登録不要 高速データ通信 低速なし 中国ネット規制対象外 Line、Youtube、GoogleなどVPNなしで利用可能 QRコード設定 メール登録で納品 即日発行対応 急ぎの方LINEサポートあり 中国sim 香港sim マカオsim""]}"
amazon_jp,mo,香港 マカオ simcard 3GB/日 大容量 高速データ通信 低速データ無制限 使い放題 プリペイド SIMカードsimcard 香港simcard マカオ simcard 香港sim マカオ sim (3日間),990,104,,,,,607,3일,3일,3일,unknown,lte_4g_only,,,"{""ctm"": true, ""china_telecom_macau"": null, ""three_macau"": null}","{""skt"": null, ""kt"": null, ""lgu"": null}",unlimited,https://www.amazon.co.jp/simcard-%E4%BD%8E%E9%80%9F%E3%83%87%E3%83%BC%E3%82%BF%E7%84%A1%E5%88%B6%E9%99%90-SIM%E3%82%AB%E3%83%BC%E3%83%89simcard-%E9%A6%99%E6%B8%AFsimcard-3%E6%97%A5%E9%96%93/dp/B0CNCTBQWR,B0CNCTBQWR,B0CNCTBQWR,株式会社ビッグコネクト,bigconnectのストアを表示,"{""price_jpy"": [""￥990""], ""usage_validity"": [""香港 マカオ simcard 3GB/日 大容量 高速データ通信 低速データ無制限 使い放題 プリペイド SIMカードsimcard 香港simcard マカオ simcard 香港sim マカオ sim (3日間)""], ""activation_validity"": [""【SKTelecoｍ公式認証】 韓国eSIM 3日間 (72時間) 電話番号付き 超高速データ無制限 最初の5分発信無料(韓国国内) お急ぎの方即時発行可(LINE相談受付中) 有効期限／ご購入日より120日以内 現地空港サポート(SKTelecomローミングセンター) SKテレコム正規品 韓国SIMカードタイプではありません""], ""data_amount"": [""【大容量高速通信】香港 マカオで利用可能なプリペイドSIMカード。安定した4G-lte高速データ通信。キャリア：香港：Smartone、HKT、3 マカオ:CTM 。※データ容量無制限。ただしデータ一日使用量が3GBに達すると最大通信速度が128kbpsに低下します。翌日の香港時間0時自動的にスピード制限を解除します。デザリングも使用できます。128kbps""], ""network_type"": [""local_signal: 【チョコSIM 定額（Sプラン）】【中国の電話番号付きでアプリや施設サービスのSMS認証が可能】【データ容量】合計500MB/月【音声】合計20分間/月 データ/音声/SMS付きSIMカード 中国SIM マカオSIM China unicom ※こちらのSIMカードは契約後、毎月の基本料が発生いたします。※2024年11月1日から台湾でのご利用はできなくなり"", ""roaming_signal: 商品の説明 【Almond sim】Almond SIMは、お客様が安定したネットワーク環境で快適に旅行を楽しめるように努めております。 運営会社である株式会社ビッグコネクト（電気通信事業者登録番号A-04-20504）が、 24時間年中無休 のカスタマーサポートは、日本語、英語、中国語、韓国語で対応しております。 商品に関することや設定方法、その他不明点が"", ""insufficient_or_conflicting_signals(local=6, roaming=3)""], ""network_generation"": [""product_info_cellular_4g_lte: source:product_info_cellular: 携帯電話技術 LTE"", ""product_info_cellular_4g_lte: source:product_info_cellular: 携帯電話技術 LTE""], ""carrier_support_local"": [""CTM: 【大容量高速通信】香港 マカオで利用可能なプリペイドSIMカード。安定した4G-lte高速データ通信。キャリア：香港：Smartone、HKT、3 マカオ:CTM 。※データ容量無制限。ただしデータ一日使用量が3GBに達すると最大通信速度が128kbpsに低下します。翌日の香港時間0時自動的にスピー"", ""CTM: サービスプロバイダ Smartone, HKT, 3, CTM"", ""CTM: Amazon.co.jp: 香港 マカオ simcard 3GB/日 大容量 高速データ通信 低速データ無制限 使い放題 プリペイド SIMカードsimcard 香港simcard マカオ simcard 香港sim マカオ sim (3日間) : 家電＆カメラ 次に移動 メインコンテンツ この商品""], ""review_count"": [""detail_page: (104)""], ""bestseller_rank"": [""Amazon 売れ筋ランキング 家電＆カメラ - 59,488位 ( 家電＆カメラの売れ筋ランキングを見る ) プリペイドSIMカード - 607位""], ""title"": [""香港 マカオ simcard 3GB/日 大容量 高速データ通信 低速データ無制限 使い放題 プリペイド SIMカードsimcard 香港simcard マカオ simcard 香港sim マカオ sim (3日間)""]}"
amazon_jp,mo,【中国 香港 マカオ eSIM】6日間 無制限 実名登録不要 高速データ通信 低速なし 中国ネット規制対象外 Line、Youtube、GoogleなどVPNなしで利用可能 QRコード設定 メール登録で納品 即日発行対応 急ぎの方LINEサポートあり 中国sim 香港sim マカオsim,2097,185,,,,,30,1일,1일,6일,unknown,lte_4g_only,,,"{""ctm"": null, ""china_telecom_macau"": null, ""three_macau"": null}","{""skt"": null, ""kt"": null, ""lgu"": null}",unlimited,https://www.amazon.co.jp/eSIM%E3%80%916%E6%97%A5%E9%96%93-%E4%B8%AD%E5%9B%BD%E3%83%8D%E3%83%83%E3%83%88%E8%A6%8F%E5%88%B6%E5%AF%BE%E8%B1%A1%E5%A4%96-Line%E3%80%81Youtube%E3%80%81Google%E3%81%AA%E3%81%A9VPN%E3%81%AA%E3%81%97%E3%81%A7%E5%88%A9%E7%94%A8%E5%8F%AF%E8%83%BD-%E3%83%A1%E3%83%BC%E3%83%AB%E7%99%BB%E9%8C%B2%E3%81%A7%E7%B4%8D%E5%93%81-%E6%80%A5%E3%81%8E%E3%81%AE%E6%96%B9LINE%E3%82%B5%E3%83%9D%E3%83%BC%E3%83%88%E3%81%82%E3%82%8A/dp/B0FH9PZ53B,B0FH9PZ53B,B0FH9PZ53B,マグロeSIM,マグロeSIMのストアを表示,"{""price_jpy"": [""￥2,097""], ""usage_validity"": [""【注意事項①】有効期限：eSIM QRコードを受け取ってから90日間です（有効期間内にご利用ください）。eSIMの使用期間については、24時間を1日とカウントされますので、ご了承ください。""], ""activation_validity"": [""【中国 香港 マカオ eSIM】6日間 無制限 実名登録不要 高速データ通信 低速なし 中国ネット規制対象外 Line、Youtube、GoogleなどVPNなしで利用可能 QRコード設定 メール登録で納品 即日発行対応 急ぎの方LINEサポートあり 中国sim 香港sim マカオsim""], ""data_amount"": [""【特徴①】本商品は、高速データ通信が無制限に使用可能です。さらに、日本国内で使用できる500MBのデータも含まれており、詳しい情報は、予約後にお送りするメールの説明書をご確認ください。""], ""network_type"": [""local_signal: 【ベトナムeSIM】 7日間 高速データ無制限 電話番号付き 通話・SMS受信のみ可能 お急ぎの方即日対応(LINE相談受付中) 有効期限 / ご購入日より30日以内 ベトナムSIMカードタイプではありません"", ""roaming_signal: 商品の説明 購入前にご注意！ 注意事項①：ご購入後、商品画像に記載されたURLにアクセスし必要事項を入力→メールアドレスにPDFの説明書とeSIMのQRコードが届きます！ 注意事項②：SIMロックフリー端末、もしくはSIMフリー端末専用のサービスです。必ず、ご利用端末がeSIM対応かどうかご確認ください。 注意事項③：eSIM対応端末のみ利用可能。※通信キャ"", ""insufficient_or_conflicting_signals(local=3, roaming=3)""], ""network_generation"": [""product_info_cellular_4g_lte: source:product_info_cellular: 携帯電話技術 LTE"", ""product_info_cellular_4g_lte: source:product_info_cellular: 携帯電話技術 LTE""], ""review_count"": [""detail_page: (185)""], ""bestseller_rank"": [""Amazon 売れ筋ランキング 家電＆カメラ - 3,152位 ( 家電＆カメラの売れ筋ランキングを見る ) プリペイドSIMカード - 30位""], ""title"": [""【中国 香港 マカオ eSIM】6日間 無制限 実名登録不要 高速データ通信 低速なし 中国ネット規制対象外 Line、Youtube、GoogleなどVPNなしで利用可能 QRコード設定 メール登録で納品 即日発行対応 急ぎの方LINEサポートあり 中国sim 香港sim マカオsim""]}"
amazon_jp,mo,【中国 香港 マカオ eSIM】5日間 無制限 実名登録不要 高速データ通信 低速なし 中国ネット規制対象外 Line、Youtube、GoogleなどVPNなしで利用可能 QRコード設定 メール登録で納品 即日発行対応 急ぎの方LINEサポートあり 中国sim 香港sim マカオsim マグロeSIM,1691,185,,,100,,30,1일,1일,5일,unknown,lte_4g_only,,,"{""ctm"": null, ""china_telecom_macau"": null, ""three_macau"": null}","{""skt"": null, ""kt"": null, ""lgu"": null}",unlimited,https://www.amazon.co.jp/eSIM%E3%80%915%E6%97%A5%E9%96%93-%E4%B8%AD%E5%9B%BD%E3%83%8D%E3%83%83%E3%83%88%E8%A6%8F%E5%88%B6%E5%AF%BE%E8%B1%A1%E5%A4%96-Line%E3%80%81Youtube%E3%80%81Google%E3%81%AA%E3%81%A9VPN%E3%81%AA%E3%81%97%E3%81%A7%E5%88%A9%E7%94%A8%E5%8F%AF%E8%83%BD-%E6%80%A5%E3%81%8E%E3%81%AE%E6%96%B9LINE%E3%82%B5%E3%83%9D%E3%83%BC%E3%83%88%E3%81%82%E3%82%8A-%E3%83%9E%E3%82%B0%E3%83%ADeSIM/dp/B0DRVDQ1WP,B0DRVDQ1WP,B0DRVDQ1WP,マグロeSIM,マグロeSIMのストアを表示,"{""price_jpy"": [""￥1,691""], ""usage_validity"": [""【注意事項①】有効期限：eSIM QRコードを受け取ってから90日間です（有効期間内にご利用ください）。eSIMの使用期間については、24時間を1日とカウントされますので、ご了承ください。""], ""activation_validity"": [""【中国 香港 マカオ eSIM】5日間 無制限 実名登録不要 高速データ通信 低速なし 中国ネット規制対象外 Line、Youtube、GoogleなどVPNなしで利用可能 QRコード設定 メール登録で納品 即日発行対応 急ぎの方LINEサポートあり 中国sim 香港sim マカオsim マグロeSIM""], ""data_amount"": [""【特徴①】本商品は、高速データ通信が無制限に使用可能です。さらに、日本国内で使用できる500MBのデータも含まれており、詳しい情報は、予約後にお送りするメールの説明書をご確認ください。""], ""network_type"": [""local_signal: 【チョコSIM 定額（Sプラン）】【中国の電話番号付きでアプリや施設サービスのSMS認証が可能】【データ容量】合計500MB/月【音声】合計20分間/月 データ/音声/SMS付きSIMカード 中国SIM マカオSIM China unicom ※こちらのSIMカードは契約後、毎月の基本料が発生いたします。※2024年11月1日から台湾でのご利用はできなくなり"", ""roaming_signal: 商品の説明 購入前にご注意！ 注意事項①：ご購入後、商品画像に記載されたURLにアクセスし必要事項を入力→メールアドレスにPDFの説明書とeSIMのQRコードが届きます！ 注意事項②：SIMロックフリー端末、もしくはSIMフリー端末専用のサービスです。必ず、ご利用端末がeSIM対応かどうかご確認ください。 注意事項③：eSIM対応端末のみ利用可能。※通信キャ"", ""insufficient_or_conflicting_signals(local=6, roaming=3)""], ""network_generation"": [""product_info_cellular_4g_lte: source:product_info_cellular: 携帯電話技術 LTE"", ""product_info_cellular_4g_lte: source:product_info_cellular: 携帯電話技術 LTE""], ""monthly_sold_count"": [""Amazon.co.jp: 【中国 香港 マカオ eSIM】5日間 無制限 実名登録不要 高速データ通信 低速なし 中国ネット規制対象外 Line、Youtube、GoogleなどVPNなしで利用可能 QRコード設定 メール登録で納品 即日発行対応 急ぎの方LINEサポートあり 中国sim 香港sim マカオsim マグロeSIM : 家電＆カメラ 次に移動""], ""review_count"": [""detail_page: (185)""], ""bestseller_rank"": [""Amazon 売れ筋ランキング 家電＆カメラ - 3,152位 ( 家電＆カメラの売れ筋ランキングを見る ) プリペイドSIMカード - 30位""], ""title"": [""【中国 香港 マカオ eSIM】5日間 無制限 実名登録不要 高速データ通信 低速なし 中国ネット規制対象外 Line、Youtube、GoogleなどVPNなしで利用可能 QRコード設定 メール登録で納品 即日発行対応 急ぎの方LINEサポートあり 中国sim 香港sim マカオsim マグロeSIM""]}"
amazon_jp,mo,【中国 香港 マカオeSIM】5日間 高速データ通信 低速なし 完全無制限 実名登録不要 中国ネット規制対象外 使い放題｜Google LINE YouTubeなどVPNなしで利用可能｜中国 simカード 香港sim マカオsim マカオeSIM プリペイド SIM eSIM｜旅行・出張・留学｜安心サポート 5G 4G-LTE対応 当日発行可能,950,25,,,,,184,1일,1일,5일,unknown,5g_capable,,,"{""ctm"": null, ""china_telecom_macau"": null, ""three_macau"": null}","{""skt"": null, ""kt"": null, ""lgu"": null}",unlimited,https://www.amazon.co.jp/%E3%83%9E%E3%82%AB%E3%82%AAeSIM%E3%80%915%E6%97%A5%E9%96%93-%E4%B8%AD%E5%9B%BD%E3%83%8D%E3%83%83%E3%83%88%E8%A6%8F%E5%88%B6%E5%AF%BE%E8%B1%A1%E5%A4%96-%E4%BD%BF%E3%81%84%E6%94%BE%E9%A1%8C%EF%BD%9CGoogle-YouTube%E3%81%AA%E3%81%A9VPN%E3%81%AA%E3%81%97%E3%81%A7%E5%88%A9%E7%94%A8%E5%8F%AF%E8%83%BD%EF%BD%9C%E4%B8%AD%E5%9B%BD-eSIM%EF%BD%9C%E6%97%85%E8%A1%8C%E3%83%BB%E5%87%BA%E5%BC%B5%E3%83%BB%E7%95%99%E5%AD%A6%EF%BD%9C%E5%AE%89%E5%BF%83%E3%82%B5%E3%83%9D%E3%83%BC%E3%83%88/dp/B0FDG83FHW,B0FDG83FHW,B0FDG83FHW,Global Travel SIM Card,onetoneのストアを表示,"{""price_jpy"": [""￥950""], ""usage_validity"": [""【有効期限について】eSIM カードはアクティベーション前の有効期限が 365 日です。アクティベーション後の有効期間は購入した日数と一致し、24 時間を 1 日として計算されます""], ""activation_validity"": [""【中国 香港 マカオeSIM】5日間 高速データ通信 低速なし 完全無制限 実名登録不要 中国ネット規制対象外 使い放題｜Google LINE YouTubeなどVPNなしで利用可能｜中国 simカード 香港sim マカオsim マカオeSIM プリペイド SIM eSIM｜旅行・出張・留学｜安心サポート 5G 4G-LTE対応 当日発行可能""], ""data_amount"": [""Amazon.co.jp: 【中国 香港 マカオeSIM】5日間 高速データ通信 低速なし 完全無制限 実名登録不要 中国ネット規制対象外 使い放題｜Google LINE YouTubeなどVPNなしで利用可能｜中国 simカード 香港sim マカオsim マカオeSIM プリペイド SIM eSIM｜旅行・出張・留学｜安心サポート 5G 4G-LTE対応""], ""network_type"": [""local_signal: 【チョコSIM 定額（Sプラン）】【中国の電話番号付きでアプリや施設サービスのSMS認証が可能】【データ容量】合計500MB/月【音声】合計20分間/月 データ/音声/SMS付きSIMカード 中国SIM マカオSIM China unicom ※こちらのSIMカードは契約後、毎月の基本料が発生いたします。※2024年11月1日から台湾でのご利用はできなくなり"", ""roaming_signal: 商品の説明 注意事項： 1. eSIMが提供する機能とサービス 現在のeSIMはデータ通信のみサポートしており、音声通話およびSMS機能はサポートしていません。 2. スマートフォンがeSIMをサポートしているかどうかの確認方法 「通話」画面で`*#06#`を入力すると、EID情報が表示されます。これはスマートフォンがeSIMのインストールをサポートしている"", ""insufficient_or_conflicting_signals(local=3, roaming=3)""], ""network_generation"": [""product_info_cellular_5g: source:product_info_cellular: 携帯電話技術 5G, 4G LTE"", ""product_info_cellular_5g: source:product_info_cellular: 携帯電話技術 5G, 4G LTE""], ""review_count"": [""detail_page: (25)""], ""bestseller_rank"": [""Amazon 売れ筋ランキング 家電＆カメラ - 13,649位 ( 家電＆カメラの売れ筋ランキングを見る ) プリペイドSIMカード - 184位""], ""title"": [""【中国 香港 マカオeSIM】5日間 高速データ通信 低速なし 完全無制限 実名登録不要 中国ネット規制対象外 使い放題｜Google LINE YouTubeなどVPNなしで利用可能｜中国 simカード 香港sim マカオsim マカオeSIM プリペイド SIM eSIM｜旅行・出張・留学｜安心サポート 5G 4G-LTE対応 当日発行可能""]}"
amazon_jp,mo,【中国本土eSIM】香港とマカオでも利用可能 5日間 5GB 定番プラン データ通信専用（電話番号なし） 5G/4G-LTE対応 中国でもGoogle、LINE、YouTubeをVPNなしで利用可能 説明書付き LINEで24時間サポート 香港 マカオ 中国SIM MEWMEWホーム (5日間 5GB),1080,25,,,,,412,3일,3일,5일,local,5g_capable,,,"{""ctm"": null, ""china_telecom_macau"": null, ""three_macau"": null}","{""skt"": null, ""kt"": null, ""lgu"": null}",5GB,https://www.amazon.co.jp/%E3%80%90%E4%B8%AD%E5%9B%BD%E6%9C%AC%E5%9C%9FeSIM%E3%80%91%E9%A6%99%E6%B8%AF%E3%81%A8%E3%83%9E%E3%82%AB%E3%82%AA%E3%81%A7%E3%82%82%E5%88%A9%E7%94%A8%E5%8F%AF%E8%83%BD-5%E6%97%A5%E9%96%93-5GB-%E3%83%87%E3%83%BC%E3%82%BF%E9%80%9A%E4%BF%A1%E5%B0%82%E7%94%A8%EF%BC%88%E9%9B%BB%E8%A9%B1%E7%95%AA%E5%8F%B7%E3%81%AA%E3%81%97%EF%BC%89-%E4%B8%AD%E5%9B%BD%E3%81%A7%E3%82%82Google%E3%80%81LINE%E3%80%81YouTube%E3%82%92VPN%E3%81%AA%E3%81%97%E3%81%A7%E5%88%A9%E7%94%A8%E5%8F%AF%E8%83%BD/dp/B0F1ZZLG69,B0F1ZZLG69,B0F1ZZLG69,mewmewホーム eSIM,ＭＥＷＭＥＷホームのストアを表示,"{""price_jpy"": [""￥1,080""], ""usage_validity"": [""【SKTelecoｍ公式認証】 韓国eSIM 3日間 (72時間) 電話番号付き 超高速データ無制限 最初の5分発信無料(韓国国内) お急ぎの方即時発行可(LINE相談受付中) 有効期限／ご購入日より120日以内 現地空港サポート(SKTelecomローミングセンター) SKテレコム正規品 韓国SIMカードタイプではありません""], ""activation_validity"": [""【中国本土eSIM】香港とマカオでも利用可能 5日間 5GB 定番プラン データ通信専用（電話番号なし） 5G/4G-LTE対応 中国でもGoogle、LINE、YouTubeをVPNなしで利用可能 説明書付き LINEで24時間サポート 香港 マカオ 中国SIM MEWMEWホーム (5日間 5GB)""], ""data_amount"": [""型番 5日間 5GB""], ""network_type"": [""【チョコSIM 定額（Sプラン）】【中国の電話番号付きでアプリや施設サービスのSMS認証が可能】【データ容量】合計500MB/月【音声】合計20分間/月 データ/音声/SMS付きSIMカード 中国SIM マカオSIM China unicom ※こちらのSIMカードは契約後、毎月の基本料が発生いたします。※2024年11月1日から台湾でのご利用はできなくなり"", ""【SKTelecoｍ公式認証】 韓国eSIM 3日間 (72時間) 電話番号付き 超高速データ無制限 最初の5分発信無料(韓国国内) お急ぎの方即時発行可(LINE相談受付中) 有効期限／ご購入日より120日以内 現地空港サポート(SKTelecomローミングセンター) SKテレコム正規品 韓国SIMカードタイプではありません"", ""score: local=6, roaming=0""], ""network_generation"": [""product_info_cellular_5g: source:product_info_cellular: 携帯電話技術 LTE, 5G"", ""product_info_cellular_5g: source:product_info_cellular: 携帯電話技術 LTE, 5G"", ""product_info_cellular_4g_lte_signal_present_but_5g_capable_takes_precedence""], ""review_count"": [""detail_page: (25)""], ""bestseller_rank"": [""Amazon 売れ筋ランキング 家電＆カメラ - 36,556位 ( 家電＆カメラの売れ筋ランキングを見る ) プリペイドSIMカード - 412位""], ""title"": [""【中国本土eSIM】香港とマカオでも利用可能 5日間 5GB 定番プラン データ通信専用（電話番号なし） 5G/4G-LTE対応 中国でもGoogle、LINE、YouTubeをVPNなしで利用可能 説明書付き LINEで24時間サポート 香港 マカオ 中国SIM MEWMEWホーム (5日間 5GB)""]}"
amazon_jp,mo,【Almond SIM】中国本土・香港・マカオ対応 プリペイドSIMカード 7日間 10GB高速データ＋無制限低速データ 中国ネット規制対象外 Google/LINE/YouTube利用可 24時間多言語サポート 5G/4G対応 (7日間10GB高速データ),1380,41,,,,,205,3일,3일,7일,unknown,5g_capable,,,"{""ctm"": true, ""china_telecom_macau"": null, ""three_macau"": null}","{""skt"": null, ""kt"": null, ""lgu"": null}",10GB,https://www.amazon.co.jp/SIM%E3%80%91%E4%B8%AD%E5%9B%BD%E6%9C%AC%E5%9C%9F%E3%83%BB%E9%A6%99%E6%B8%AF%E3%83%BB%E3%83%9E%E3%82%AB%E3%82%AA%E5%AF%BE%E5%BF%9C-%E3%83%97%E3%83%AA%E3%83%9A%E3%82%A4%E3%83%89SIM%E3%82%AB%E3%83%BC%E3%83%89-10GB%E9%AB%98%E9%80%9F%E3%83%87%E3%83%BC%E3%82%BF%EF%BC%8B%E7%84%A1%E5%88%B6%E9%99%90%E4%BD%8E%E9%80%9F%E3%83%87%E3%83%BC%E3%82%BF-24%E6%99%82%E9%96%93%E5%A4%9A%E8%A8%80%E8%AA%9E%E3%82%B5%E3%83%9D%E3%83%BC%E3%83%88-7%E6%97%A5%E9%96%9310GB%E9%AB%98%E9%80%9F%E3%83%87%E3%83%BC%E3%82%BF/dp/B0FT7DH8PW,B0FT7DH8PW,B0FT7DH8PW,株式会社ビッグコネクト,bigconnectのストアを表示,"{""price_jpy"": [""￥1,380""], ""usage_validity"": [""大中華区SIMカード-中国、香港、マカオ、台湾向けプリペイドデータプラン｜1 GB毎日データ、3日有効期限｜高速4/5 G LTE｜旅行者に最適""], ""activation_validity"": [""【Almond SIM】中国本土・香港・マカオ対応 プリペイドSIMカード 7日間 10GB高速データ＋無制限低速データ 中国ネット規制対象外 Google/LINE/YouTube利用可 24時間多言語サポート 5G/4G対応 (7日間10GB高速データ)""], ""data_amount"": [""【データプラン】 データ通信専用プリペイドSIM。中国大陸・香港・マカオで利用可能。利用開始から7日間で合計10GBの高速データ通信が可能。10GBを超過した場合も、128kbps以下にならない低速通信が無制限でご利用いただけます。本人確認やSIM登録は不要です。""], ""network_type"": [""local_signal: 【SKTelecoｍ公式認証】 韓国eSIM 3日間 (72時間) 電話番号付き 超高速データ無制限 最初の5分発信無料(韓国国内) お急ぎの方即時発行可(LINE相談受付中) 有効期限／ご購入日より120日以内 現地空港サポート(SKTelecomローミングセンター) SKテレコム正規品 韓国SIMカードタイプではありません"", ""roaming_signal: 【中国ネット規制なし】 中国本土では香港回線をローミング利用するため、中国政府のネット規制対象外となります。これにより、Google、LINE、Facebook、Twitter、YouTube、InstagramなどのサービスをVPN不要でご利用いただけます。キャリア：中国：中国電信（China Telecom）／香港：3HK／マカオ：CTM。"", ""insufficient_or_conflicting_signals(local=3, roaming=3)""], ""network_generation"": [""product_info_cellular_5g: source:product_info_cellular: 携帯電話技術 5G 4G-Lte"", ""product_info_cellular_5g: source:product_info_cellular: 携帯電話技術 5G 4G-Lte""], ""carrier_support_local"": [""CTM: 【中国ネット規制なし】 中国本土では香港回線をローミング利用するため、中国政府のネット規制対象外となります。これにより、Google、LINE、Facebook、Twitter、YouTube、InstagramなどのサービスをVPN不要でご利用いただけます。キャリア：中国：中国電信（China T"", ""CTM: サービスプロバイダ 中国：China Telecom 香港：3HK マカオ: CTM"", ""CTM: Amazon.co.jp: 【Almond SIM】中国本土・香港・マカオ対応 プリペイドSIMカード 7日間 10GB高速データ＋無制限低速データ 中国ネット規制対象外 Google/LINE/YouTube利用可 24時間多言語サポート 5G/4G対応 (7日間10GB高速データ) : 家電＆カ""], ""review_count"": [""detail_page: (41)""], ""bestseller_rank"": [""Amazon 売れ筋ランキング 家電＆カメラ - 15,641位 ( 家電＆カメラの売れ筋ランキングを見る ) プリペイドSIMカード - 205位""], ""title"": [""【Almond SIM】中国本土・香港・マカオ対応 プリペイドSIMカード 7日間 10GB高速データ＋無制限低速データ 中国ネット規制対象外 Google/LINE/YouTube利用可 24時間多言語サポート 5G/4G対応 (7日間10GB高速データ)""]}"
amazon_jp,mo,【香港・マカオeSIM】3日間完全無制限（使い放題） LINE相談受付中｜データ通信専用（電話番号なし） | simフリー端末のみ対応 説明書付 イーシム simless,1620,24,,,50,,366,3일,3일,3일,local,lte_4g_only,,,"{""ctm"": null, ""china_telecom_macau"": null, ""three_macau"": null}","{""skt"": null, ""kt"": null, ""lgu"": null}",unlimited,https://www.amazon.co.jp/%E3%80%90%E9%A6%99%E6%B8%AF%E3%83%BB%E3%83%9E%E3%82%AB%E3%82%AAeSIM%E3%80%913%E6%97%A5%E9%96%93%E5%AE%8C%E5%85%A8%E7%84%A1%E5%88%B6%E9%99%90%EF%BC%88%E4%BD%BF%E3%81%84%E6%94%BE%E9%A1%8C%EF%BC%89-LINE%E7%9B%B8%E8%AB%87%E5%8F%97%E4%BB%98%E4%B8%AD%EF%BD%9C%E3%83%87%E3%83%BC%E3%82%BF%E9%80%9A%E4%BF%A1%E5%B0%82%E7%94%A8%EF%BC%88%E9%9B%BB%E8%A9%B1%E7%95%AA%E5%8F%B7%E3%81%AA%E3%81%97%EF%BC%89-sim%E3%83%95%E3%83%AA%E3%83%BC%E7%AB%AF%E6%9C%AB%E3%81%AE%E3%81%BF%E5%AF%BE%E5%BF%9C-%E8%AA%AC%E6%98%8E%E6%9B%B8%E4%BB%98-simless/dp/B0DV5Q655C,B0DV5Q655C,B0DV5Q655C,DeSiM,DeSiMのストアを表示,"{""price_jpy"": [""￥1,620""], ""usage_validity"": [""【香港・マカオeSIM】3日間完全無制限（使い放題） LINE相談受付中｜データ通信専用（電話番号なし） | simフリー端末のみ対応 説明書付 イーシム simless""], ""activation_validity"": [""【SKTelecoｍ公式認証】 韓国eSIM 3日間 (72時間) 電話番号付き 超高速データ無制限 最初の5分発信無料(韓国国内) お急ぎの方即時発行可(LINE相談受付中) 有効期限／ご購入日より120日以内 現地空港サポート(SKTelecomローミングセンター) SKテレコム正規品 韓国SIMカードタイプではありません""], ""data_amount"": [""商品の説明 購入前の注意事項 【注意事項】 注意事項①：電話番号は付与されませんので、ご注意ください。 注意事項②：SIMロックフリー端末、もしくはSIMフリー端末専用のサービスです。必ず、ご利用端末がeSIM対応かどうかご確認ください。 注意事項③：2021年10月1日以前にSIMロック解除をキャリア店頭またはインターネットでされた「Android端末」は""], ""network_type"": [""商品の説明 購入前の注意事項 【注意事項】 注意事項①：電話番号は付与されませんので、ご注意ください。 注意事項②：SIMロックフリー端末、もしくはSIMフリー端末専用のサービスです。必ず、ご利用端末がeSIM対応かどうかご確認ください。 注意事項③：2021年10月1日以前にSIMロック解除をキャリア店頭またはインターネットでされた「Android端末」は"", ""【チョコSIM 定額（Sプラン）】【中国の電話番号付きでアプリや施設サービスのSMS認証が可能】【データ容量】合計500MB/月【音声】合計20分間/月 データ/音声/SMS付きSIMカード 中国SIM マカオSIM China unicom ※こちらのSIMカードは契約後、毎月の基本料が発生いたします。※2024年11月1日から台湾でのご利用はできなくなり"", ""score: local=9, roaming=1""], ""network_generation"": [""product_info_cellular_4g_lte: source:product_info_cellular: 携帯電話技術 LTE"", ""product_info_cellular_4g_lte: source:product_info_cellular: 携帯電話技術 LTE""], ""monthly_sold_count"": [""Amazon.co.jp: 【香港・マカオeSIM】3日間完全無制限（使い放題） LINE相談受付中｜データ通信専用（電話番号なし） | simフリー端末のみ対応 説明書付 イーシム simless : 家電＆カメラ 次に移動 メインコンテンツ この商品について この商品について この商品について 購入オプション 類似商品と比較する ビデオ レビュー キーボ""], ""review_count"": [""detail_page: (24)""], ""bestseller_rank"": [""Amazon 売れ筋ランキング 家電＆カメラ - 31,733位 ( 家電＆カメラの売れ筋ランキングを見る ) プリペイドSIMカード - 366位""], ""title"": [""【香港・マカオeSIM】3日間完全無制限（使い放題） LINE相談受付中｜データ通信専用（電話番号なし） | simフリー端末のみ対応 説明書付 イーシム simless""]}"
amazon_jp,mo,香港・マカオ eSIM | 3日間 | 高速データ無制限使い放題 5G/4G | QRコード 当日発行可 メール登録で即納品即利用可 | LINEサポート | データ通信専用(電話番号なし)| 日本で事前設定OK | テザリング可能 | パスポート情報不要・実名登録なし,999,10,,,,,214,3일,3일,3일,unknown,5g_capable,,,"{""ctm"": null, ""china_telecom_macau"": null, ""three_macau"": null}","{""skt"": null, ""kt"": null, ""lgu"": null}",unlimited,https://www.amazon.co.jp/3%E6%97%A5%E9%96%93-%E9%AB%98%E9%80%9F%E3%83%87%E3%83%BC%E3%82%BF%E5%AE%8C%E5%85%A8%E7%84%A1%E5%88%B6%E9%99%90%E4%BD%BF%E3%81%84%E6%94%BE%E9%A1%8C-%E3%83%A1%E3%83%BC%E3%83%AB%E7%99%BB%E9%8C%B2%E3%81%A7%E5%8D%B3%E7%B4%8D%E5%93%81%E5%8D%B3%E5%88%A9%E7%94%A8%E5%8F%AF-%E3%83%87%E3%83%BC%E3%82%BF%E9%80%9A%E4%BF%A1%E5%B0%82%E7%94%A8%EF%BC%88%E9%9B%BB%E8%A9%B1%E7%95%AA%E5%8F%B7%E3%81%AA%E3%81%97%EF%BC%89-sim%E3%83%95%E3%83%AA%E3%83%BC%E7%AB%AF%E6%9C%AB%E3%81%AE%E3%81%BF%E5%AF%BE%E5%BF%9C/dp/B0DC5MJKLD,B0DC5MJKLD,B0DC5MJKLD,TORA eSIM,TORAのストアを表示,"{""price_jpy"": [""￥999""], ""usage_validity"": [""香港・マカオ eSIM | 3日間 | 高速データ無制限使い放題 5G/4G | QRコード 当日発行可 メール登録で即納品即利用可 | LINEサポート | データ通信専用(電話番号なし)| 日本で事前設定OK | テザリング可能 | パスポート情報不要・実名登録なし""], ""activation_validity"": [""【SKTelecoｍ公式認証】 韓国eSIM 3日間 (72時間) 電話番号付き 超高速データ無制限 最初の5分発信無料(韓国国内) お急ぎの方即時発行可(LINE相談受付中) 有効期限／ご購入日より120日以内 現地空港サポート(SKTelecomローミングセンター) SKテレコム正規品 韓国SIMカードタイプではありません""], ""data_amount"": [""🐯データ通信🐯 5G/4G/LTE対応の高速データが【無制限】使えます。""], ""network_type"": [""local_signal: 🔺注意事項🔺 利用期限は台湾時間を基準とし、利用開始時間によらず、現地回線に接続した日から、購入プラン日数の23:59(台湾時間)までの暦日制となります。※台湾時間の0時は、日本時間の深夜1時"", ""roaming_signal: 商品の説明 ご利用前に必ずご確認ください！ この商品はeSIMです、物理SIMではありません。eSIM非対応の端末ではご利用できません。 以下の手順でお使いの端末が「eSIM対応端末」と「SIMロックされていない」をご確認ください。 ① eSIM対応端末の確認方法 スマホのダイヤル発信画面で「*#06#」をダイヤルし、デバイス情報に「EID」表示されればご利"", ""insufficient_or_conflicting_signals(local=9, roaming=3)""], ""network_generation"": [""product_info_cellular_5g: source:product_info_cellular: 携帯電話技術 5G,4G LTE"", ""product_info_cellular_5g: source:product_info_cellular: 携帯電話技術 5G,4G LTE""], ""review_count"": [""detail_page: (10)""], ""bestseller_rank"": [""Amazon 売れ筋ランキング 家電＆カメラ - 16,265位 ( 家電＆カメラの売れ筋ランキングを見る ) プリペイドSIMカード - 214位""], ""title"": [""香港・マカオ eSIM | 3日間 | 高速データ無制限使い放題 5G/4G | QRコード 当日発行可 メール登録で即納品即利用可 | LINEサポート | データ通信専用(電話番号なし)| 日本で事前設定OK | テザリング可能 | パスポート情報不要・実名登録なし""]}"
amazon_jp,mo,【香港・マカオ eSIM】5日間完全無制限 （低速なし）DeSiM正規卸 | LINE相談受付中 |データ通信専用（電話番号なし） simフリー端末のみ対応 説明書付 イーシム(eSIM|5日完全無制限香港ﾏｶｵ) DeSiM,2890,238,,,,,128,3일,3일,5일,unknown,lte_4g_only,,,"{""ctm"": null, ""china_telecom_macau"": null, ""three_macau"": null}","{""skt"": null, ""kt"": null, ""lgu"": null}",unlimited,https://www.amazon.co.jp/eSIM%E3%80%915%E6%97%A5%E9%96%93%E5%AE%8C%E5%85%A8%E7%84%A1%E5%88%B6%E9%99%90-%EF%BC%88%E4%BD%8E%E9%80%9F%E3%81%AA%E3%81%97%EF%BC%89DeSiM%E6%AD%A3%E8%A6%8F%E5%8D%B8-%E3%83%87%E3%83%BC%E3%82%BF%E9%80%9A%E4%BF%A1%E5%B0%82%E7%94%A8%EF%BC%88%E9%9B%BB%E8%A9%B1%E7%95%AA%E5%8F%B7%E3%81%AA%E3%81%97%EF%BC%89-sim%E3%83%95%E3%83%AA%E3%83%BC%E7%AB%AF%E6%9C%AB%E3%81%AE%E3%81%BF%E5%AF%BE%E5%BF%9C-eSIM/dp/B0CTR2XGXY,B0CTR2XGXY,B0CTR2XGXY,DeSiM,DeSiMのストアを表示,"{""price_jpy"": [""￥2,890""], ""usage_validity"": [""【SKTelecoｍ公式認証】 韓国eSIM 3日間 (72時間) 電話番号付き 超高速データ無制限 最初の5分発信無料(韓国国内) お急ぎの方即時発行可(LINE相談受付中) 有効期限／ご購入日より120日以内 現地空港サポート(SKTelecomローミングセンター) SKテレコム正規品 韓国SIMカードタイプではありません""], ""activation_validity"": [""【香港・マカオ eSIM】5日間完全無制限 （低速なし）DeSiM正規卸 | LINE相談受付中 |データ通信専用（電話番号なし） simフリー端末のみ対応 説明書付 イーシム(eSIM|5日完全無制限香港ﾏｶｵ) DeSiM""], ""data_amount"": [""商品の説明 購入前の注意事項 【注意事項】 注意事項①：電話番号は付与されませんので、ご注意ください。 注意事項②：SIMロックフリー端末、もしくはSIMフリー端末専用のサービスです。必ず、ご利用端末がeSIM対応かどうかご確認ください。 注意事項③：2021年10月1日以前にSIMロック解除をキャリア店頭またはインターネットでされた「Android端末」は""], ""network_type"": [""local_signal: 商品の説明 購入前の注意事項 【注意事項】 注意事項①：電話番号は付与されませんので、ご注意ください。 注意事項②：SIMロックフリー端末、もしくはSIMフリー端末専用のサービスです。必ず、ご利用端末がeSIM対応かどうかご確認ください。 注意事項③：2021年10月1日以前にSIMロック解除をキャリア店頭またはインターネットでされた「Android端末」は"", ""roaming_signal: 商品の説明 購入前の注意事項 【注意事項】 注意事項①：電話番号は付与されませんので、ご注意ください。 注意事項②：SIMロックフリー端末、もしくはSIMフリー端末専用のサービスです。必ず、ご利用端末がeSIM対応かどうかご確認ください。 注意事項③：2021年10月1日以前にSIMロック解除をキャリア店頭またはインターネットでされた「Android端末」は"", ""insufficient_or_conflicting_signals(local=9, roaming=3)""], ""network_generation"": [""product_info_cellular_4g_lte: source:product_info_cellular: 携帯電話技術 LTE"", ""product_info_cellular_4g_lte: source:product_info_cellular: 携帯電話技術 LTE""], ""review_count"": [""detail_page: (238)""], ""bestseller_rank"": [""Amazon 売れ筋ランキング 家電＆カメラ - 10,470位 ( 家電＆カメラの売れ筋ランキングを見る ) プリペイドSIMカード - 128位""], ""title"": [""【香港・マカオ eSIM】5日間完全無制限 （低速なし）DeSiM正規卸 | LINE相談受付中 |データ通信専用（電話番号なし） simフリー端末のみ対応 説明書付 イーシム(eSIM|5日完全無制限香港ﾏｶｵ) DeSiM""]}"
amazon_jp,mo,香港 マカオ ESIMプラン 5日間 完全無制限 4G-LTE 高速データ 使い放題 当日発行可能 出発前日本テスト用eSIM500MB 香港 マカオ プリペイドSIM 香港 esim 香港 マカオsim (5日間完全無制限),1980,392,,,,,32,3일,3일,5일,local,5g_capable,,,"{""ctm"": true, ""china_telecom_macau"": null, ""three_macau"": null}","{""skt"": null, ""kt"": null, ""lgu"": null}",unlimited,https://www.amazon.co.jp/ESIM%E3%83%97%E3%83%A9%E3%83%B3-4G-LTE-%E5%BD%93%E6%97%A5%E7%99%BA%E8%A1%8C%E5%8F%AF%E8%83%BD-%E3%83%97%E3%83%AA%E3%83%9A%E3%82%A4%E3%83%89SIM-5%E6%97%A5%E9%96%93%E5%AE%8C%E5%85%A8%E7%84%A1%E5%88%B6%E9%99%90/dp/B0CPY278Q9,B0CPY278Q9,B0CPY278Q9,株式会社ビッグコネクト,bigconnectのストアを表示,"{""price_jpy"": [""￥1,980""], ""usage_validity"": [""【SKTelecoｍ公式認証】 韓国eSIM 3日間 (72時間) 電話番号付き 超高速データ無制限 最初の5分発信無料(韓国国内) お急ぎの方即時発行可(LINE相談受付中) 有効期限／ご購入日より120日以内 現地空港サポート(SKTelecomローミングセンター) SKテレコム正規品 韓国SIMカードタイプではありません""], ""activation_validity"": [""香港 マカオ ESIMプラン 5日間 完全無制限 4G-LTE 高速データ 使い放題 当日発行可能 出発前日本テスト用eSIM500MB 香港 マカオ プリペイドSIM 香港 esim 香港 マカオsim (5日間完全無制限)""], ""data_amount"": [""【高速データ完全無制限】 通信専用eSIMになります。※データ容量無制限。高速データ使い放題※現地時間の00:00-23：59区切りで、カウントされます。有効期限は、メールでのQRコード発行後1カ月です。""], ""network_type"": [""【現地キャリア利用】香港 マカオで使用できるeSIM、香港 マカオ渡航スケジュールに対応する手軽なeSIMカード。キャリア：香港：Smartone、HKT、3 マカオ:CTM ，香港 マカオでは信号が広く、ネットワークが安定し、速度が速いです。eSIMのsimカードはプリペイドsimカードと違って、挿入作業不要(iPhone・androidともeSIMのQR"", ""【チョコSIM 定額（Sプラン）】【中国の電話番号付きでアプリや施設サービスのSMS認証が可能】【データ容量】合計500MB/月【音声】合計20分間/月 データ/音声/SMS付きSIMカード 中国SIM マカオSIM China unicom ※こちらのSIMカードは契約後、毎月の基本料が発生いたします。※2024年11月1日から台湾でのご利用はできなくなり"", ""score: local=9, roaming=0""], ""network_generation"": [""product_info_cellular_5g: source:product_info_cellular: 携帯電話技術 5G LTE"", ""product_info_cellular_5g: source:product_info_cellular: 携帯電話技術 5G LTE""], ""carrier_support_local"": [""CTM: 【現地キャリア利用】香港 マカオで使用できるeSIM、香港 マカオ渡航スケジュールに対応する手軽なeSIMカード。キャリア：香港：Smartone、HKT、3 マカオ:CTM ，香港 マカオでは信号が広く、ネットワークが安定し、速度が速いです。eSIMのsimカードはプリペイドsimカードと違って、"", ""CTM: サービスプロバイダ Smartone, HKT, 3, CTM""], ""review_count"": [""detail_page: (392)""], ""bestseller_rank"": [""Amazon 売れ筋ランキング 家電＆カメラ - 3,356位 ( 家電＆カメラの売れ筋ランキングを見る ) プリペイドSIMカード - 32位""], ""title"": [""香港 マカオ ESIMプラン 5日間 完全無制限 4G-LTE 高速データ 使い放題 当日発行可能 出発前日本テスト用eSIM500MB 香港 マカオ プリペイドSIM 香港 esim 香港 マカオsim (5日間完全無制限)""]}"
amazon_jp,mo,【中国 香港 マカオSIM】5日間 高速データ無制限使い放題 本人確認不要 TikTok利用可能 データ通信専用 (電話番号なし) 4G／5G対応 プリペイドSIMカード 中国 SIM 香港 SIM mewfi,1980,41,,,,,321,1일,1일,5일,unknown,5g_capable,,,"{""ctm"": null, ""china_telecom_macau"": null, ""three_macau"": null}","{""skt"": null, ""kt"": null, ""lgu"": null}",unlimited,https://www.amazon.co.jp/%E3%83%9E%E3%82%AB%E3%82%AASIM%E3%80%915%E6%97%A5%E9%96%93-%E9%AB%98%E9%80%9F%E3%83%87%E3%83%BC%E3%82%BF%E7%84%A1%E5%88%B6%E9%99%90%E4%BD%BF%E3%81%84%E6%94%BE%E9%A1%8C-TikTok%E5%88%A9%E7%94%A8%E5%8F%AF%E8%83%BD-%E3%83%97%E3%83%AA%E3%83%9A%E3%82%A4%E3%83%89SIM%E3%82%AB%E3%83%BC%E3%83%89-mewfi/dp/B0FN3YH7JL,B0FN3YH7JL,B0FN3YH7JL,Mewfi 正規販売店,mewfiのストアを表示,"{""price_jpy"": [""￥1,980""], ""usage_validity"": [""【有効期限】本SIMカードの有効期限は2026年12月31日まで（定期的に更新）です。現地ネットワークに接続した時点から24時間を1日としてカウントされます。""], ""activation_validity"": [""【中国 香港 マカオSIM】5日間 高速データ無制限使い放題 本人確認不要 TikTok利用可能 データ通信専用 (電話番号なし) 4G／5G対応 プリペイドSIMカード 中国 SIM 香港 SIM mewfi""], ""data_amount"": [""【高速データ通信】中国・香港・マカオ全域で高速データ通信が無制限にご利用いただけます。面倒な契約や本人確認は一切不要です。""], ""network_type"": [""local_signal: 【ベトナムSIMカード】4日間 高速データ通信 無制限(速度低下なし) データ通信専用 4G/5G対応 ベトナム現地通信回線 mewfi"", ""roaming_signal: 【ご利用方法】ご利用前に簡単な予約手続きを行うだけでOK。現地に到着後、SIMカードを挿入し、ローミングを有効にすれば自動的にインターネットに接続されます。"", ""insufficient_or_conflicting_signals(local=9, roaming=2)""], ""network_generation"": [""product_info_cellular_5g: source:product_info_cellular: 携帯電話技術 LTE, 5G"", ""product_info_cellular_5g: source:product_info_cellular: 携帯電話技術 LTE, 5G"", ""product_info_cellular_4g_lte_signal_present_but_5g_capable_takes_precedence""], ""review_count"": [""detail_page: (41)""], ""bestseller_rank"": [""Amazon 売れ筋ランキング 家電＆カメラ - 26,915位 ( 家電＆カメラの売れ筋ランキングを見る ) プリペイドSIMカード - 321位""], ""title"": [""【中国 香港 マカオSIM】5日間 高速データ無制限使い放題 本人確認不要 TikTok利用可能 データ通信専用 (電話番号なし) 4G／5G対応 プリペイドSIMカード 中国 SIM 香港 SIM mewfi""]}"
amazon_jp,mo,【中国本土・香港・マカオ SIMカード】10日間 高速データ10GB SIMピン付き 4G/LTE SIMフリー対応 プリペイドSIMカード LINEで24時間サポート 中国 sim,1580,39,,,,,182,10일,10일,14일,unknown,5g_capable,,,"{""ctm"": null, ""china_telecom_macau"": null, ""three_macau"": null}","{""skt"": null, ""kt"": null, ""lgu"": null}",10GB,https://www.amazon.co.jp/%E3%80%90%E4%B8%AD%E5%9B%BD%E6%9C%AC%E5%9C%9F%E3%83%BB%E9%A6%99%E6%B8%AF%E3%83%BB%E3%83%9E%E3%82%AB%E3%82%AA-SIM%E3%82%AB%E3%83%BC%E3%83%89%E3%80%9110%E6%97%A5%E9%96%93-%E9%AB%98%E9%80%9F%E3%83%87%E3%83%BC%E3%82%BF10GB-%E3%83%97%E3%83%AA%E3%83%9A%E3%82%A4%E3%83%89SIM%E3%82%AB%E3%83%BC%E3%83%89-LINE%E3%81%A724%E6%99%82%E9%96%93%E3%82%B5%E3%83%9D%E3%83%BC%E3%83%88/dp/B0FFSLGBLW,B0FFSLGBLW,B0FFSLGBLW,mewmewホーム eSIM,ＭＥＷＭＥＷホームのストアを表示,"{""price_jpy"": [""￥1,580""], ""usage_validity"": [""【中国本土・香港・マカオ SIMカード】10日間 高速データ10GB SIMピン付き 4G/LTE SIMフリー対応 プリペイドSIMカード LINEで24時間サポート 中国 sim""], ""activation_validity"": [""【有効期限：2026年5月14日まで】利用予定日を開通予約した後、SIMカードを端末に挿入するだけで簡単アクティベート！有効期限内ならいつでも使えます。""], ""data_amount"": [""型番 SIM | 10日間 10GB""], ""network_type"": [""local_signal: 【チョコSIM 定額（Sプラン）】【中国の電話番号付きでアプリや施設サービスのSMS認証が可能】【データ容量】合計500MB/月【音声】合計20分間/月 データ/音声/SMS付きSIMカード 中国SIM マカオSIM China unicom ※こちらのSIMカードは契約後、毎月の基本料が発生いたします。※2024年11月1日から台湾でのご利用はできなくなり"", ""roaming_signal: 【DeSiM】中国・香港・マカオ3日間無制限+eSIMテストサービス付き【セット】完全予約制 | 海外旅行出国前事前テストeSIMサービス - DeSiM - 渡航前の不安を解消！ | Wi-Fi使用が面倒、ローミング料金が高い、SIMやeSIMの設定が不安な方に V4"", ""insufficient_or_conflicting_signals(local=6, roaming=3)""], ""network_generation"": [""product_info_cellular_5g: source:product_info_cellular: 携帯電話技術 LTE, 5G"", ""product_info_cellular_5g: source:product_info_cellular: 携帯電話技術 LTE, 5G"", ""product_info_cellular_4g_lte_signal_present_but_5g_capable_takes_precedence""], ""review_count"": [""detail_page: (39)""], ""bestseller_rank"": [""Amazon 売れ筋ランキング 家電＆カメラ - 13,350位 ( 家電＆カメラの売れ筋ランキングを見る ) プリペイドSIMカード - 182位""], ""title"": [""【中国本土・香港・マカオ SIMカード】10日間 高速データ10GB SIMピン付き 4G/LTE SIMフリー対応 プリペイドSIMカード LINEで24時間サポート 中国 sim""]}"
amazon_jp,mo,【香港eSIM】マカオeSIM 3日間 高速データ通信無制限使い放題 出発前のお試しに便利 日本国内500MB付き データ通信専用 当日納品可能 QR簡单設定 緊急利用（Lineまで連絡）Hong Kong Macao eSIM メール登録で納品 mewfi,1480,51,,,,,555,3일,3일,3일,unknown,lte_4g_only,,,"{""ctm"": null, ""china_telecom_macau"": null, ""three_macau"": null}","{""skt"": null, ""kt"": null, ""lgu"": null}",unlimited,https://www.amazon.co.jp/%E3%80%90%E9%A6%99%E6%B8%AFeSIM%E3%80%91%E3%83%9E%E3%82%AB%E3%82%AAeSIM-3%E6%97%A5%E9%96%93-%E9%AB%98%E9%80%9F%E3%83%87%E3%83%BC%E3%82%BF%E9%80%9A%E4%BF%A1%E7%84%A1%E5%88%B6%E9%99%90%E4%BD%BF%E3%81%84%E6%94%BE%E9%A1%8C-%E7%B7%8A%E6%80%A5%E5%88%A9%E7%94%A8%EF%BC%88Line%E3%81%BE%E3%81%A7%E9%80%A3%E7%B5%A1%EF%BC%89Hong-mewfi/dp/B0CPYCDVGY,B0CPYCDVGY,B0CPYCDVGY,Mewfi 正規販売店,mewfiのストアを表示,"{""price_jpy"": [""￥1,480""], ""usage_validity"": [""【香港eSIM】マカオeSIM 3日間 高速データ通信無制限使い放題 出発前のお試しに便利 日本国内500MB付き データ通信専用 当日納品可能 QR簡单設定 緊急利用（Lineまで連絡）Hong Kong Macao eSIM メール登録で納品 mewfi""], ""activation_validity"": [""【SKTelecoｍ公式認証】 韓国eSIM 3日間 (72時間) 電話番号付き 超高速データ無制限 最初の5分発信無料(韓国国内) お急ぎの方即時発行可(LINE相談受付中) 有効期限／ご購入日より120日以内 現地空港サポート(SKTelecomローミングセンター) SKテレコム正規品 韓国SIMカードタイプではありません""], ""data_amount"": [""【高速データ通信】このeSIMカードは、香港、マカオで利用でき、高速かつ安定した無制限のデータ通信を提供します。ネットワーク速度が速く、安定性に優れています。マカオに到着後、必ずeSIMのローミングを有効にしてください。""], ""network_type"": [""local_signal: 【チョコSIM 定額（Sプラン）】【中国の電話番号付きでアプリや施設サービスのSMS認証が可能】【データ容量】合計500MB/月【音声】合計20分間/月 データ/音声/SMS付きSIMカード 中国SIM マカオSIM China unicom ※こちらのSIMカードは契約後、毎月の基本料が発生いたします。※2024年11月1日から台湾でのご利用はできなくなり"", ""roaming_signal: 【高速データ通信】このeSIMカードは、香港、マカオで利用でき、高速かつ安定した無制限のデータ通信を提供します。ネットワーク速度が速く、安定性に優れています。マカオに到着後、必ずeSIMのローミングを有効にしてください。"", ""insufficient_or_conflicting_signals(local=6, roaming=2)""], ""network_generation"": [""product_info_cellular_4g_lte: source:product_info_cellular: 携帯電話技術 LTE"", ""product_info_cellular_4g_lte: source:product_info_cellular: 携帯電話技術 LTE""], ""review_count"": [""detail_page: (51)""], ""bestseller_rank"": [""Amazon 売れ筋ランキング 家電＆カメラ - 51,067位 ( 家電＆カメラの売れ筋ランキングを見る ) プリペイドSIMカード - 555位""], ""title"": [""【香港eSIM】マカオeSIM 3日間 高速データ通信無制限使い放題 出発前のお試しに便利 日本国内500MB付き データ通信専用 当日納品可能 QR簡单設定 緊急利用（Lineまで連絡）Hong Kong Macao eSIM メール登録で納品 mewfi""]}"
amazon_jp,mo,【Almond eSIM】中国本土 eSIM 7日間10GB 高速データ 香港 マカオにも利用可能 中国ネット規制対象外 中国でもGoogle、LINE、YouTubeなど利用可能 出発前の接続テスト用 日本国内500MB eSIM付 24時間安心サポート 5G 4G-LTE対応 プリペイド eSIMカード China esimカード (7日間10GB高速データ),1380,85,,,100,,28,7일,7일,,unknown,lte_4g_only,,,"{""ctm"": true, ""china_telecom_macau"": null, ""three_macau"": null}","{""skt"": null, ""kt"": null, ""lgu"": null}",10GB,https://www.amazon.co.jp/eSIM%E3%80%91%E4%B8%AD%E5%9B%BD%E6%9C%AC%E5%9C%9F-%E4%B8%AD%E5%9B%BD%E3%83%8D%E3%83%83%E3%83%88%E8%A6%8F%E5%88%B6%E5%AF%BE%E8%B1%A1%E5%A4%96-%E4%B8%AD%E5%9B%BD%E3%81%A7%E3%82%82Google%E3%80%81LINE%E3%80%81YouTube%E3%81%AA%E3%81%A9%E5%88%A9%E7%94%A8%E5%8F%AF%E8%83%BD-24%E6%99%82%E9%96%93%E5%AE%89%E5%BF%83%E3%82%B5%E3%83%9D%E3%83%BC%E3%83%88-7%E6%97%A5%E9%96%9310GB%E9%AB%98%E9%80%9F%E3%83%87%E3%83%BC%E3%82%BF/dp/B0FT2SMGHG,B0FT2SMGHG,B0FT2SMGHG,株式会社ビッグコネクト,bigconnectのストアを表示,"{""price_jpy"": [""￥1,380""], ""usage_validity"": [""【Almond eSIM】中国本土 eSIM 7日間10GB 高速データ 香港 マカオにも利用可能 中国ネット規制対象外 中国でもGoogle、LINE、YouTubeなど利用可能 出発前の接続テスト用 日本国内500MB eSIM付 24時間安心サポート 5G 4G-LTE対応 プリペイド eSIMカード China esimカード (7日間10GB高速デ""], ""data_amount"": [""【データプラン】データ通信専用のeSIMです。中国大陸、香港、マカオを含む利用可能なプリペイドeSIMカード。利用開始日から7日間で10GB まで4G/5G高速通信が使用可能。中国ネット規制対象外 中国でもGoogle、LINE、YouTubeなどVPNなしで利用可能、本人確認やSIMカード認証は不要です。""], ""network_type"": [""roaming_signal: 【中国ネット制限なし】中国本土での利用の場合は香港ローミング接続を行います。これにより中国政府のネット規制対象外となり、Google、Facebook、Twitter、Instagram等に接続可能です。中華圏渡航スケジュールに対応する手軽なプリペイドSIMカード。キャリア：中国：China Telecom 香港：3HK マカオ: CTM。"", ""insufficient_or_conflicting_signals(local=0, roaming=1)""], ""network_generation"": [""product_info_cellular_4g_lte: source:product_info_cellular: 携帯電話技術 LTE"", ""product_info_cellular_4g_lte: source:product_info_cellular: 携帯電話技術 LTE""], ""carrier_support_local"": [""CTM: 【中国ネット制限なし】中国本土での利用の場合は香港ローミング接続を行います。これにより中国政府のネット規制対象外となり、Google、Facebook、Twitter、Instagram等に接続可能です。中華圏渡航スケジュールに対応する手軽なプリペイドSIMカード。キャリア：中国：China Tel""], ""monthly_sold_count"": [""Amazon.co.jp: 【Almond eSIM】中国本土 eSIM 7日間10GB 高速データ 香港 マカオにも利用可能 中国ネット規制対象外 中国でもGoogle、LINE、YouTubeなど利用可能 出発前の接続テスト用 日本国内500MB eSIM付 24時間安心サポート 5G 4G-LTE対応 プリペイド eSIMカード China esimカ""], ""review_count"": [""detail_page: (85)""], ""bestseller_rank"": [""Amazon 売れ筋ランキング 家電＆カメラ - 3,010位 ( 家電＆カメラの売れ筋ランキングを見る ) プリペイドSIMカード - 28位""], ""title"": [""【Almond eSIM】中国本土 eSIM 7日間10GB 高速データ 香港 マカオにも利用可能 中国ネット規制対象外 中国でもGoogle、LINE、YouTubeなど利用可能 出発前の接続テスト用 日本国内500MB eSIM付 24時間安心サポート 5G 4G-LTE対応 プリペイド eSIMカード China esimカード (7日間10GB高速データ)""]}"
amazon_jp,mo,【中国・香港・マカオ eSIM】 (4日間 無制限) プリペイド sim 高速データ無制限 低速なし 海外旅行 当日利用可能 説明書付 LINEで年中無休 24時間サポート 中国 sim 香港 sim マカオ sim way2esim,1500,28,,,,,1591,4일,4일,90일,unknown,lte_4g_only,,,"{""ctm"": null, ""china_telecom_macau"": null, ""three_macau"": null}","{""skt"": null, ""kt"": null, ""lgu"": null}",unlimited,https://www.amazon.co.jp/%E3%80%90%E4%B8%AD%E5%9B%BD%E3%83%BB%E9%A6%99%E6%B8%AF%E3%83%BB%E3%83%9E%E3%82%AB%E3%82%AA-%E9%AB%98%E9%80%9F%E3%83%87%E3%83%BC%E3%82%BF%E7%84%A1%E5%88%B6%E9%99%90-LINE%E3%81%A7%E5%B9%B4%E4%B8%AD%E7%84%A1%E4%BC%91-24%E6%99%82%E9%96%93%E3%82%B5%E3%83%9D%E3%83%BC%E3%83%88-way2esim/dp/B0GJD7RDKB,B0GJD7RDKB,B0GJD7RDKB,eSIM株式会社,way2esimのストアを表示,"{""price_jpy"": [""￥1,500""], ""usage_validity"": [""【中国・香港・マカオ eSIM】 (4日間 無制限) プリペイド sim 高速データ無制限 低速なし 海外旅行 当日利用可能 説明書付 LINEで年中無休 24時間サポート 中国 sim 香港 sim マカオ sim way2esim""], ""activation_validity"": [""【有効期限】メールで納品した90日以内にご利用始めてください。旅行予定が未定でも、必要なタイミングでいつでも利用開始できます。""], ""data_amount"": [""【高速データ無制限】このeSIMは、中国本土、香港とマカオで回線に接続し、高速データを無制限でご利用いただけます。SNSやウェブの閲覧など、さまざまなインターネットサービスを高速かつ無制限でご利用いただけます。""], ""network_type"": [""no_local_or_roaming_keyword_matched""], ""network_generation"": [""product_info_cellular_4g_lte: source:product_info_cellular: 携帯電話技術 4G LTE"", ""product_info_cellular_4g_lte: source:product_info_cellular: 携帯電話技術 4G LTE""], ""review_count"": [""detail_page: (28)""], ""bestseller_rank"": [""Amazon 売れ筋ランキング 家電＆カメラ - 197,404位 ( 家電＆カメラの売れ筋ランキングを見る ) プリペイドSIMカード - 1,591位""], ""title"": [""【中国・香港・マカオ eSIM】 (4日間 無制限) プリペイド sim 高速データ無制限 低速なし 海外旅行 当日利用可能 説明書付 LINEで年中無休 24時間サポート 中国 sim 香港 sim マカオ sim way2esim""]}"
amazon_jp,mo,【Almond SIM】中国本土 simcard 7日間 7GB＋3GB高速データ 低速データ無制限 香港 マカオにも利用可能 中国ネット規制対象外 中国でもGoogle、LINE、YouTubeなど利用可能 24時間安心サポート 5G 4G-LTE対応 プリペイド SIMカード China simカード (7日間10GB高速データ),1311,71,,,,,222,3일,3일,7일,unknown,5g_capable,,,"{""ctm"": true, ""china_telecom_macau"": null, ""three_macau"": null}","{""skt"": null, ""kt"": null, ""lgu"": null}",7GB,https://www.amazon.co.jp/7GB%EF%BC%8B3GB%E9%AB%98%E9%80%9F%E3%83%87%E3%83%BC%E3%82%BF-%E4%B8%AD%E5%9B%BD%E3%83%8D%E3%83%83%E3%83%88%E8%A6%8F%E5%88%B6%E5%AF%BE%E8%B1%A1%E5%A4%96-%E4%B8%AD%E5%9B%BD%E3%81%A7%E3%82%82Google%E3%80%81LINE%E3%80%81YouTube%E3%81%AA%E3%81%A9%E5%88%A9%E7%94%A8%E5%8F%AF%E8%83%BD-24%E6%99%82%E9%96%93%E5%AE%89%E5%BF%83%E3%82%B5%E3%83%9D%E3%83%BC%E3%83%88-7%E6%97%A5%E9%96%9310GB%E9%AB%98%E9%80%9F%E3%83%87%E3%83%BC%E3%82%BF/dp/B0FKLK7L35,B0FKLK7L35,B0FKLK7L35,株式会社ビッグコネクト,bigconnectのストアを表示,"{""price_jpy"": [""￥1,311""], ""usage_validity"": [""【SKTelecoｍ公式認証】 韓国eSIM 3日間 (72時間) 電話番号付き 超高速データ無制限 最初の5分発信無料(韓国国内) お急ぎの方即時発行可(LINE相談受付中) 有効期限／ご購入日より120日以内 現地空港サポート(SKTelecomローミングセンター) SKテレコム正規品 韓国SIMカードタイプではありません""], ""activation_validity"": [""【Almond SIM】中国本土 simcard 7日間 7GB＋3GB高速データ 低速データ無制限 香港 マカオにも利用可能 中国ネット規制対象外 中国でもGoogle、LINE、YouTubeなど利用可能 24時間安心サポート 5G 4G-LTE対応 プリペイド SIMカード China simカード (7日間10GB高速データ)""], ""data_amount"": [""【データプラン】データ通信専用のSIMです。中国大陸、香港、マカオを含む利用可能なプリペイドSIMカード。利用開始日から7日間で7GB＋3GB まで4G/5G高速通信が使用可能（10GB 超過後は128kbpsを下回らない速度に低速化）7GB＋無料3GB（合計10GB）のデータがご利用可能です。中国ネット規制対象外 中国でもGoogle、LINE、YouTu""], ""network_type"": [""local_signal: 【SKTelecoｍ公式認証】 韓国eSIM 3日間 (72時間) 電話番号付き 超高速データ無制限 最初の5分発信無料(韓国国内) お急ぎの方即時発行可(LINE相談受付中) 有効期限／ご購入日より120日以内 現地空港サポート(SKTelecomローミングセンター) SKテレコム正規品 韓国SIMカードタイプではありません"", ""roaming_signal: 【中国ネット制限なし】中国本土での利用の場合は香港ローミング接続を行います。これにより中国政府のネット規制対象外となり、Google、Facebook、Twitter、Instagram等に接続可能です。中華圏渡航スケジュールに対応する手軽なプリペイドSIMカード。キャリア：中国：China Telecom 香港：3HK マカオ: CTM。"", ""insufficient_or_conflicting_signals(local=3, roaming=2)""], ""network_generation"": [""product_info_cellular_5g: source:product_info_cellular: 携帯電話技術 5G 4G-Lte"", ""product_info_cellular_5g: source:product_info_cellular: 携帯電話技術 5G 4G-Lte""], ""carrier_support_local"": [""CTM: 【中国ネット制限なし】中国本土での利用の場合は香港ローミング接続を行います。これにより中国政府のネット規制対象外となり、Google、Facebook、Twitter、Instagram等に接続可能です。中華圏渡航スケジュールに対応する手軽なプリペイドSIMカード。キャリア：中国：China Tel"", ""CTM: サービスプロバイダ 中国：China Telecom 香港：3HK マカオ: CTM""], ""review_count"": [""detail_page: (71)""], ""bestseller_rank"": [""Amazon 売れ筋ランキング 家電＆カメラ - 17,254位 ( 家電＆カメラの売れ筋ランキングを見る ) プリペイドSIMカード - 222位""], ""title"": [""【Almond SIM】中国本土 simcard 7日間 7GB＋3GB高速データ 低速データ無制限 香港 マカオにも利用可能 中国ネット規制対象外 中国でもGoogle、LINE、YouTubeなど利用可能 24時間安心サポート 5G 4G-LTE対応 プリペイド SIMカード China simカード (7日間10GB高速データ)""]}"
amazon_jp,mo,【Almond SIM】中国本土・香港・マカオ対応 プリペイドSIMカード 10日間 10GB高速データ＋無制限低速データ 中国ネット規制対象外 Google/LINE/YouTube利用可 24時間多言語サポート 5G/4G対応 (10日間10GB高速データ),1380,41,,,,,205,3일,3일,10일,local,5g_capable,,,"{""ctm"": true, ""china_telecom_macau"": null, ""three_macau"": null}","{""skt"": null, ""kt"": null, ""lgu"": null}",10GB,https://www.amazon.co.jp/SIM%E3%80%91%E4%B8%AD%E5%9B%BD%E6%9C%AC%E5%9C%9F%E3%83%BB%E9%A6%99%E6%B8%AF%E3%83%BB%E3%83%9E%E3%82%AB%E3%82%AA%E5%AF%BE%E5%BF%9C-%E3%83%97%E3%83%AA%E3%83%9A%E3%82%A4%E3%83%89SIM%E3%82%AB%E3%83%BC%E3%83%89-10GB%E9%AB%98%E9%80%9F%E3%83%87%E3%83%BC%E3%82%BF%EF%BC%8B%E7%84%A1%E5%88%B6%E9%99%90%E4%BD%8E%E9%80%9F%E3%83%87%E3%83%BC%E3%82%BF-24%E6%99%82%E9%96%93%E5%A4%9A%E8%A8%80%E8%AA%9E%E3%82%B5%E3%83%9D%E3%83%BC%E3%83%88-10%E6%97%A5%E9%96%9310GB%E9%AB%98%E9%80%9F%E3%83%87%E3%83%BC%E3%82%BF/dp/B0FT7FBVGD,B0FT7FBVGD,B0FT7FBVGD,株式会社ビッグコネクト,bigconnectのストアを表示,"{""price_jpy"": [""￥1,380""], ""usage_validity"": [""【SKTelecoｍ公式認証】 韓国eSIM 3日間 (72時間) 電話番号付き 超高速データ無制限 最初の5分発信無料(韓国国内) お急ぎの方即時発行可(LINE相談受付中) 有効期限／ご購入日より120日以内 現地空港サポート(SKTelecomローミングセンター) SKテレコム正規品 韓国SIMカードタイプではありません""], ""activation_validity"": [""【Almond SIM】中国本土・香港・マカオ対応 プリペイドSIMカード 10日間 10GB高速データ＋無制限低速データ 中国ネット規制対象外 Google/LINE/YouTube利用可 24時間多言語サポート 5G/4G対応 (10日間10GB高速データ)""], ""data_amount"": [""【データプラン】 データ通信専用プリペイドSIM。中国大陸・香港・マカオで利用可能。利用開始から10日間で合計10GBの高速データ通信が可能。10GBを超過した場合も、128kbps以下にならない低速通信が無制限でご利用いただけます。本人確認やSIM登録は不要です。""], ""network_type"": [""【SKTelecoｍ公式認証】 韓国eSIM 3日間 (72時間) 電話番号付き 超高速データ無制限 最初の5分発信無料(韓国国内) お急ぎの方即時発行可(LINE相談受付中) 有効期限／ご購入日より120日以内 現地空港サポート(SKTelecomローミングセンター) SKテレコム正規品 韓国SIMカードタイプではありません"", ""score: local=3, roaming=1""], ""network_generation"": [""product_info_cellular_5g: source:product_info_cellular: 携帯電話技術 5G 4G-Lte"", ""product_info_cellular_5g: source:product_info_cellular: 携帯電話技術 5G 4G-Lte""], ""carrier_support_local"": [""CTM: 【中国ネット規制なし】 中国本土では香港回線をローミング利用するため、中国政府のネット規制対象外となります。これにより、Google、LINE、Facebook、Twitter、YouTube、InstagramなどのサービスをVPN不要でご利用いただけます。キャリア：中国：中国電信（China T"", ""CTM: サービスプロバイダ 中国：China Telecom 香港：3HK マカオ: CTM"", ""CTM: Amazon.co.jp: 【Almond SIM】中国本土・香港・マカオ対応 プリペイドSIMカード 10日間 10GB高速データ＋無制限低速データ 中国ネット規制対象外 Google/LINE/YouTube利用可 24時間多言語サポート 5G/4G対応 (10日間10GB高速データ) : 家電""], ""review_count"": [""detail_page: (41)""], ""bestseller_rank"": [""Amazon 売れ筋ランキング 家電＆カメラ - 15,641位 ( 家電＆カメラの売れ筋ランキングを見る ) プリペイドSIMカード - 205位""], ""title"": [""【Almond SIM】中国本土・香港・マカオ対応 プリペイドSIMカード 10日間 10GB高速データ＋無制限低速データ 中国ネット規制対象外 Google/LINE/YouTube利用可 24時間多言語サポート 5G/4G対応 (10日間10GB高速データ)""]}"
amazon_jp,mo,【香港・マカオ eSIM】5日間 完全無制限 （低速なし） 高速データ使い放題 当日発行可能 データ通信専用 香港 sim マカオ sim 説明書付 LINEで24時間サポート 香港 esim イーシム (eSIM|5日間無制限 香港マカオ),1650,3,,,,,1665,5일,5일,30일,local,lte_4g_only,,,"{""ctm"": null, ""china_telecom_macau"": null, ""three_macau"": null}","{""skt"": null, ""kt"": null, ""lgu"": null}",unlimited,https://www.amazon.co.jp/%E3%80%90%E9%A6%99%E6%B8%AF%E3%83%BB%E3%83%9E%E3%82%AB%E3%82%AA-eSIM%E3%80%915%E6%97%A5%E9%96%93-%E9%AB%98%E9%80%9F%E3%83%87%E3%83%BC%E3%82%BF%E4%BD%BF%E3%81%84%E6%94%BE%E9%A1%8C-LINE%E3%81%A724%E6%99%82%E9%96%93%E3%82%B5%E3%83%9D%E3%83%BC%E3%83%88-eSIM/dp/B0DSGBNDQT,B0DSGBNDQT,B0DSGBNDQT,Global eSIMshop,ブランド: PLUG TO GO,"{""price_jpy"": [""￥1,650""], ""usage_validity"": [""【香港・マカオ eSIM】5日間 完全無制限 （低速なし） 高速データ使い放題 当日発行可能 データ通信専用 香港 sim マカオ sim 説明書付 LINEで24時間サポート 香港 esim イーシム (eSIM|5日間無制限 香港マカオ)""], ""activation_validity"": [""【有効期限】メールで納品後、30日以内にご利用ください。""], ""data_amount"": [""【高速データ通信】完全無制限、低速度なし！！""], ""network_type"": [""【SKTelecoｍ公式認証】 韓国eSIM 3日間 (72時間) 電話番号付き 超高速データ無制限 最初の5分発信無料(韓国国内) お急ぎの方即時発行可(LINE相談受付中) 有効期限／ご購入日より120日以内 現地空港サポート(SKTelecomローミングセンター) SKテレコム正規品 韓国SIMカードタイプではありません"", ""score: local=3, roaming=0""], ""network_generation"": [""product_info_cellular_4g_lte: source:product_info_cellular: 携帯電話技術 4G-LTE"", ""product_info_cellular_4g_lte: source:product_info_cellular: 携帯電話技術 4G-LTE""], ""review_count"": [""detail_page: (3)""], ""bestseller_rank"": [""Amazon 売れ筋ランキング 家電＆カメラ - 208,548位 ( 家電＆カメラの売れ筋ランキングを見る ) プリペイドSIMカード - 1,665位""], ""title"": [""【香港・マカオ eSIM】5日間 完全無制限 （低速なし） 高速データ使い放題 当日発行可能 データ通信専用 香港 sim マカオ sim 説明書付 LINEで24時間サポート 香港 esim イーシム (eSIM|5日間無制限 香港マカオ)""]}"
amazon_jp,mo,【中国 香港 マカオeSIM】4日間 高速データ通信使い放題 4G/5G対応 データ通信専用（電話番号なし）当日予約可 eSIM情報すぐ受取可 詳しい説明書付き 中国eSIM 香港eSIM マカオeSIM mewfi,1680,35,,,,,778,3일,3일,4일,local,5g_capable,,,"{""ctm"": null, ""china_telecom_macau"": null, ""three_macau"": null}","{""skt"": null, ""kt"": null, ""lgu"": null}",unlimited,https://www.amazon.co.jp/%E3%83%9E%E3%82%AB%E3%82%AAeSIM%E3%80%914%E6%97%A5%E9%96%93-%E9%AB%98%E9%80%9F%E3%83%87%E3%83%BC%E3%82%BF%E9%80%9A%E4%BF%A1%E4%BD%BF%E3%81%84%E6%94%BE%E9%A1%8C-%E3%83%87%E3%83%BC%E3%82%BF%E9%80%9A%E4%BF%A1%E5%B0%82%E7%94%A8%EF%BC%88%E9%9B%BB%E8%A9%B1%E7%95%AA%E5%8F%B7%E3%81%AA%E3%81%97%EF%BC%89%E5%BD%93%E6%97%A5%E4%BA%88%E7%B4%84%E5%8F%AF-eSIM%E6%83%85%E5%A0%B1%E3%81%99%E3%81%90%E5%8F%97%E5%8F%96%E5%8F%AF-mewfi/dp/B0F6SXP3RV,B0F6SXP3RV,B0F6SXP3RV,Mewfi 正規販売店,mewfiのストアを表示,"{""price_jpy"": [""￥1,680""], ""usage_validity"": [""【SKTelecoｍ公式認証】 韓国eSIM 3日間 (72時間) 電話番号付き 超高速データ無制限 最初の5分発信無料(韓国国内) お急ぎの方即時発行可(LINE相談受付中) 有効期限／ご購入日より120日以内 現地空港サポート(SKTelecomローミングセンター) SKテレコム正規品 韓国SIMカードタイプではありません""], ""activation_validity"": [""【中国 香港 マカオeSIM】4日間 高速データ通信使い放題 4G/5G対応 データ通信専用（電話番号なし）当日予約可 eSIM情報すぐ受取可 詳しい説明書付き 中国eSIM 香港eSIM マカオeSIM mewfi""], ""data_amount"": [""Amazon.co.jp: 【中国 香港 マカオeSIM】4日間 高速データ通信使い放題 4G/5G対応 データ通信専用（電話番号なし）当日予約可 eSIM情報すぐ受取可 詳しい説明書付き 中国eSIM 香港eSIM マカオeSIM mewfi : 家電＆カメラ""], ""network_type"": [""【チョコSIM 定額（Sプラン）】【中国の電話番号付きでアプリや施設サービスのSMS認証が可能】【データ容量】合計500MB/月【音声】合計20分間/月 データ/音声/SMS付きSIMカード 中国SIM マカオSIM China unicom ※こちらのSIMカードは契約後、毎月の基本料が発生いたします。※2024年11月1日から台湾でのご利用はできなくなり"", ""【SKTelecoｍ公式認証】 韓国eSIM 3日間 (72時間) 電話番号付き 超高速データ無制限 最初の5分発信無料(韓国国内) お急ぎの方即時発行可(LINE相談受付中) 有効期限／ご購入日より120日以内 現地空港サポート(SKTelecomローミングセンター) SKテレコム正規品 韓国SIMカードタイプではありません"", ""score: local=6, roaming=0""], ""network_generation"": [""product_info_cellular_5g: source:product_info_cellular: 携帯電話技術 5G"", ""product_info_cellular_5g: source:product_info_cellular: 携帯電話技術 5G""], ""review_count"": [""detail_page: (35)""], ""bestseller_rank"": [""Amazon 売れ筋ランキング 家電＆カメラ - 82,679位 ( 家電＆カメラの売れ筋ランキングを見る ) プリペイドSIMカード - 778位""], ""title"": [""【中国 香港 マカオeSIM】4日間 高速データ通信使い放題 4G/5G対応 データ通信専用（電話番号なし）当日予約可 eSIM情報すぐ受取可 詳しい説明書付き 中国eSIM 香港eSIM マカオeSIM mewfi""]}"
amazon_jp,mo,中国・香港・マカオ SIMカード 5日間 5GB プリペイドSIM VPN不要 LINE・Google利用可 データ使い放題 テザリング可 物理SIM 5G/4G-LTE ジェットシム,1480,36,,,,,223,3일,3일,5일,local,lte_4g_only,,,"{""ctm"": true, ""china_telecom_macau"": null, ""three_macau"": null}","{""skt"": null, ""kt"": null, ""lgu"": null}",1GB/day,https://www.amazon.co.jp/SIM%E3%82%AB%E3%83%BC%E3%83%89-5%E6%97%A5%E9%96%93-%E3%83%87%E3%83%BC%E3%82%BF%E4%BD%BF%E3%81%84%E6%94%BE%E9%A1%8C-5GB%E3%81%BE%E3%81%A7%E9%AB%98%E9%80%9F-%E3%82%B8%E3%82%A7%E3%83%83%E3%83%88%E3%82%B7%E3%83%A0/dp/B0DZWJKD5J,B0DZWJKD5J,B0DZWJKD5J,ジェスロモバイル,JETSIMのストアを表示,"{""price_jpy"": [""￥1,480""], ""usage_validity"": [""【SKTelecoｍ公式認証】 韓国eSIM 3日間 (72時間) 電話番号付き 超高速データ無制限 最初の5分発信無料(韓国国内) お急ぎの方即時発行可(LINE相談受付中) 有効期限／ご購入日より120日以内 現地空港サポート(SKTelecomローミングセンター) SKテレコム正規品 韓国SIMカードタイプではありません""], ""activation_validity"": [""中国・香港・マカオ SIMカード 5日間 5GB プリペイドSIM VPN不要 LINE・Google利用可 データ使い放題 テザリング可 物理SIM 5G/4G-LTE ジェットシム""], ""data_amount"": [""【データ無制限】中国・香港・マカオで5日間 5G/4G-LTE 高速データ5GB、その後2G速度で使い放題。テザリング対応。高速データ1日1GBまで。""], ""network_type"": [""【チョコSIM 定額（Sプラン）】【中国の電話番号付きでアプリや施設サービスのSMS認証が可能】【データ容量】合計500MB/月【音声】合計20分間/月 データ/音声/SMS付きSIMカード 中国SIM マカオSIM China unicom ※こちらのSIMカードは契約後、毎月の基本料が発生いたします。※2024年11月1日から台湾でのご利用はできなくなり"", ""【SKTelecoｍ公式認証】 韓国eSIM 3日間 (72時間) 電話番号付き 超高速データ無制限 最初の5分発信無料(韓国国内) お急ぎの方即時発行可(LINE相談受付中) 有効期限／ご購入日より120日以内 現地空港サポート(SKTelecomローミングセンター) SKテレコム正規品 韓国SIMカードタイプではありません"", ""score: local=6, roaming=0""], ""network_generation"": [""product_info_cellular_4g_lte: source:product_info_cellular: 携帯電話技術 LTE"", ""product_info_cellular_4g_lte: source:product_info_cellular: 携帯電話技術 LTE""], ""carrier_support_local"": [""CTM: 【高品質回線】 大手通信キャリア回線を使用。広範囲で安定した快適な通信を提供。中国：中国聯通（China Unicom）回線。香港：3HK回線。マカオ：CTM回線。"", ""CTM: サービスプロバイダ 中国聯通、3HK、CTM"", ""CTM: Amazon.co.jp: 中国・香港・マカオ SIMカード 5日間 5GB プリペイドSIM VPN不要 LINE・Google利用可 データ使い放題 テザリング可 物理SIM 5G/4G-LTE ジェットシム : 家電＆カメラ 次に移動 メインコンテンツ この商品について この商品について この""], ""review_count"": [""detail_page: (36)""], ""bestseller_rank"": [""Amazon 売れ筋ランキング 家電＆カメラ - 17,296位 ( 家電＆カメラの売れ筋ランキングを見る ) プリペイドSIMカード - 223位""], ""title"": [""中国・香港・マカオ SIMカード 5日間 5GB プリペイドSIM VPN不要 LINE・Google利用可 データ使い放題 テザリング可 物理SIM 5G/4G-LTE ジェットシム""]}"
amazon_jp,mo,【中国 sim】中国本土・香港・マカオ対応｜10日間 10GB高速データ＋低速無制限｜プリペイドSIMカード｜契約・本人確認不要・Google/LINE/YouTube利用可｜中国simカード,1380,12,,,,,470,10일,10일,10일,unknown,5g_capable,,,"{""ctm"": true, ""china_telecom_macau"": null, ""three_macau"": null}","{""skt"": null, ""kt"": null, ""lgu"": null}",10GB,https://www.amazon.co.jp/sim%E3%80%91%E4%B8%AD%E5%9B%BD%E6%9C%AC%E5%9C%9F%E3%83%BB%E9%A6%99%E6%B8%AF%E3%83%BB%E3%83%9E%E3%82%AB%E3%82%AA%E5%AF%BE%E5%BF%9C%EF%BD%9C10%E6%97%A5%E9%96%93-10GB%E9%AB%98%E9%80%9F%E3%83%87%E3%83%BC%E3%82%BF%EF%BC%8B%E4%BD%8E%E9%80%9F%E7%84%A1%E5%88%B6%E9%99%90%EF%BD%9C%E3%83%97%E3%83%AA%E3%83%9A%E3%82%A4%E3%83%89SIM%E3%82%AB%E3%83%BC%E3%83%89%EF%BD%9C%E5%AE%9F%E5%90%8D%E7%99%BB%E9%8C%B2%E4%B8%8D%E8%A6%81%E3%83%BBGoogle-LINE-YouTube%E5%88%A9%E7%94%A8%E5%8F%AF%EF%BD%9C24%E6%99%82%E9%96%93%E5%A4%9A%E8%A8%80%E8%AA%9E%E3%82%B5%E3%83%9D%E3%83%BC%E3%83%88-10%E6%97%A5%E9%96%93%EF%BD%9C10GB/dp/B0FTLZZCKV,B0FTLZZCKV,B0FTLZZCKV,Global eSIMshop,ブランド: PLUG TO GO,"{""price_jpy"": [""￥1,380""], ""usage_validity"": [""【中国 sim】中国本土・香港・マカオ対応｜10日間 10GB高速データ＋低速無制限｜プリペイドSIMカード｜契約・本人確認不要・Google/LINE/YouTube利用可｜中国simカード""], ""activation_validity"": [""【高速データ】 データ通信専用プリペイドSIM。中国大陸・香港・マカオで利用可能。利用開始から10日間で合計10GBの高速データ通信が利用できます。10GBを超過した場合も、最大128kbpsの低速通信が無制限でご利用可能。本人確認やSIM登録は不要です。 【中国ネット規制なし】 中国本土では香港回線をローミング利用するため、中国政府のネット規制対象外。Go""], ""data_amount"": [""【高速データ】 データ通信専用プリペイドSIM。中国大陸・香港・マカオで利用可能。利用開始から10日間で合計10GBの高速データ通信が利用できます。10GBを超過した場合も、最大128kbpsの低速通信が無制限でご利用可能。本人確認やSIM登録は不要です。""], ""network_type"": [""local_signal: 【SKTelecoｍ公式認証】 韓国eSIM 3日間 (72時間) 電話番号付き 超高速データ無制限 最初の5分発信無料(韓国国内) お急ぎの方即時発行可(LINE相談受付中) 有効期限／ご購入日より120日以内 現地空港サポート(SKTelecomローミングセンター) SKテレコム正規品 韓国SIMカードタイプではありません"", ""roaming_signal: 【中国ネット規制なし】 中国本土では香港回線をローミング利用するため、中国政府のネット規制対象外。Google、LINE、Facebook、Twitter、YouTube、Instagramなど主要サービスがVPN不要でそのままご利用いただけます。"", ""insufficient_or_conflicting_signals(local=3, roaming=3)""], ""network_generation"": [""product_info_cellular_5g: source:product_info_cellular: 携帯電話技術 5G/4G"", ""product_info_cellular_5g: source:product_info_cellular: 携帯電話技術 5G/4G""], ""carrier_support_local"": [""CTM: 【対応端末】SIMフリー／SIMロック解除済みスマートフォン専用。タブレット・PC・Wi-Fiルーターではご利用いただけません。標準／micro／nano SIMサイズに対応。 キャリア：中国：中国電信（China Telecom）／香港：3HK／マカオ：CTM。"", ""CTM: 【高速データ】 データ通信専用プリペイドSIM。中国大陸・香港・マカオで利用可能。利用開始から10日間で合計10GBの高速データ通信が利用できます。10GBを超過した場合も、最大128kbpsの低速通信が無制限でご利用可能。本人確認やSIM登録は不要です。 【中国ネット規制なし】 中国本土では香港回"", ""CTM: サービスプロバイダ China Telecom/3HK/CTM"", ""CTM: Amazon.co.jp: 【中国 sim】中国本土・香港・マカオ対応｜10日間 10GB高速データ＋低速無制限｜プリペイドSIMカード｜契約・本人確認不要・Google/LINE/YouTube利用可｜中国simカード : 家電＆カメラ 次に移動 メインコンテンツ この商品について この商品につい""], ""review_count"": [""detail_page: (12)""], ""bestseller_rank"": [""Amazon 売れ筋ランキング 家電＆カメラ - 41,828位 ( 家電＆カメラの売れ筋ランキングを見る ) プリペイドSIMカード - 470位""], ""title"": [""【中国 sim】中国本土・香港・マカオ対応｜10日間 10GB高速データ＋低速無制限｜プリペイドSIMカード｜契約・本人確認不要・Google/LINE/YouTube利用可｜中国simカード""]}"
amazon_jp,mo,中国本土・香港・マカオ SIMカード 7日間 (168時間) 高速データ無制限 SIMピン付き 4G/LTE SIMフリー対応 プリペイドSIMカード LINEで24時間サポート 中国sim (7日間),2480,16,,,,,618,7일,7일,10일,roaming,5g_capable,,,"{""ctm"": null, ""china_telecom_macau"": null, ""three_macau"": null}","{""skt"": null, ""kt"": null, ""lgu"": null}",unlimited,https://www.amazon.co.jp/%E4%B8%AD%E5%9B%BD%E6%9C%AC%E5%9C%9F%E3%83%BB%E9%A6%99%E6%B8%AF%E3%83%BB%E3%83%9E%E3%82%AB%E3%82%AA-7%E6%97%A5%E9%96%93-%E9%AB%98%E9%80%9F%E3%83%87%E3%83%BC%E3%82%BF%E7%84%A1%E5%88%B6%E9%99%90-%E3%83%97%E3%83%AA%E3%83%9A%E3%82%A4%E3%83%89SIM%E3%82%AB%E3%83%BC%E3%83%89-LINE%E3%81%A724%E6%99%82%E9%96%93%E3%82%B5%E3%83%9D%E3%83%BC%E3%83%88/dp/B0FMJ9SLVL,B0FMJ9SLVL,B0FMJ9SLVL,mewmewホーム eSIM,ＭＥＷＭＥＷホームのストアを表示,"{""price_jpy"": [""￥2,480""], ""usage_validity"": [""中国本土・香港・マカオ SIMカード 7日間 (168時間) 高速データ無制限 SIMピン付き 4G/LTE SIMフリー対応 プリペイドSIMカード LINEで24時間サポート 中国sim (7日間)""], ""activation_validity"": [""【有効期限：2026年8月10日まで】利用予定日を開通予約した後、SIMカードを端末に挿入するだけで簡単アクティベート！有効期限内ならいつでも使えます。プランの日数は24時間を一日とカウントされます。""], ""data_amount"": [""【無制限・高速データ通信】中国本土・マカオ：中華電信 香港：CSL 5G /4G/LTEに対応し、高速データ通信は完全無制限となります。高画質動画の視聴、地図検索、写真や動画のシェアなど、快適なインターネット環境を提供します。中国本土でLINE 、Google Map、Facebook、Twitter、Instagramに接続可能です。""], ""network_type"": [""中国本土旅行者向けeSIMカード、5日間プラン、1GBデータ使い放題、高速4/5G、ローミング料金無料 | 中国旅行に最適"", ""中国本土旅行者向けeSIMカード、3日間プラン、1GBデータ使い放題、高速4/5G、ローミング料金無料 | 中国旅行に最適"", ""score: local=0, roaming=2""], ""network_generation"": [""product_detail_5g: source:feature_bullets: 【無制限・高速データ通信】中国本土・マカオ：中華電信 香港：CSL 5G /4G/LTEに対応し、高速データ通信は完全無制限となります。高画質動画の視聴、地図検索、写真や動画のシェアなど、快適なインターネット環境を提供します。中国本土でLINE 、Google Map、Facebook、Twitter、Inst"", ""product_detail_4g_lte_signal_present_but_5g_capable_takes_precedence""], ""review_count"": [""detail_page: (16)""], ""bestseller_rank"": [""Amazon 売れ筋ランキング 家電＆カメラ - 60,388位 ( 家電＆カメラの売れ筋ランキングを見る ) プリペイドSIMカード - 618位""], ""title"": [""中国本土・香港・マカオ SIMカード 7日間 (168時間) 高速データ無制限 SIMピン付き 4G/LTE SIMフリー対応 プリペイドSIMカード LINEで24時間サポート 中国sim (7日間)""]}"
amazon_jp,mo,【セール品】期間限定5GBデータ増量！【正規日本語版】中国本土31省とマカオ 8日間 7GB＋2GB＋3GB 合計12GBデータ通信プリペイド/SIMカード テザリング可能（セットが安い） (12GB×5枚)【China unicom中国联通】※香港・台湾でのご利用はできません。,1380,48,,,,,409,8일,8일,8일,unknown,lte_4g_only,,,"{""ctm"": true, ""china_telecom_macau"": null, ""three_macau"": null}","{""skt"": null, ""kt"": null, ""lgu"": null}",5GB,https://www.amazon.co.jp/%E3%80%90%E3%82%BB%E3%83%BC%E3%83%AB%E5%93%81%E3%80%91%E6%9C%9F%E9%96%93%E9%99%90%E5%AE%9A2GB%E3%83%87%E3%83%BC%E3%82%BF%E5%A2%97%E9%87%8F%EF%BC%81%E3%80%90%E6%AD%A3%E8%A6%8F%E6%97%A5%E6%9C%AC%E8%AA%9E%E7%89%88%E3%80%91%E4%B8%AD%E5%9B%BD%E6%9C%AC%E5%9C%9F31%E7%9C%81%E3%81%A8%E3%83%9E%E3%82%AB%E3%82%AA-7GB%EF%BC%8B2GB-%E3%83%87%E3%83%BC%E3%82%BF%E9%80%9A%E4%BF%A1%E3%83%97%E3%83%AA%E3%83%9A%E3%82%A4%E3%83%89-%E3%83%86%E3%82%B6%E3%83%AA%E3%83%B3%E3%82%B0%E5%8F%AF%E8%83%BD%EF%BC%88%E3%82%BB%E3%83%83%E3%83%88%E3%81%8C%E5%AE%89%E3%81%84%EF%BC%89-unicom%E4%B8%AD%E5%9B%BD%E8%81%94%E9%80%9A%E3%80%91%E2%80%BB%E9%A6%99%E6%B8%AF%E3%83%BB%E5%8F%B0%E6%B9%BE%E3%81%A7%E3%81%AE%E3%81%94%E5%88%A9%E7%94%A8%E3%81%AF%E3%81%A7%E3%81%8D%E3%81%BE%E3%81%9B%E3%82%93%E3%80%82/dp/B0782B3FY9,B0782B3FY9,B0782B3FY9,China unicom中国联通のストアを表示,China unicom中国联通のストアを表示,"{""price_jpy"": [""価格 ￥1,380 ￥1,380 ￥1,280 ￥1,180 ￥2,980""], ""usage_validity"": [""【セール品】期間限定5GBデータ増量！【正規日本語版】中国本土31省とマカオ 8日間 7GB＋2GB＋3GB 合計12GBデータ通信プリペイド/SIMカード テザリング可能（セットが安い） (12GB×5枚)【China unicom中国联通】※香港・台湾でのご利用はできません。""], ""activation_validity"": [""【期間限定5GB増量キャンペーンは2026年4月1日以降にアクティベートしたSIMカードが対象となります。旧パッケージでも+5GBとなります。】【有効期限】：利用開始日から8日間で7GB＋2GB＋3GB まで4G/5G高速通信が使用可能（7GB＋2GB＋3GB 超過後は512kbpsを下回らない速度に低速化）7GB＋2GB＋3GB（合計12GB）のデータがご""], ""data_amount"": [""【期間限定5GB増量キャンペーンは2026年4月1日以降にアクティベートしたSIMカードが対象となります。旧パッケージでも+5GBとなります。】【有効期限】：利用開始日から8日間で7GB＋2GB＋3GB まで4G/5G高速通信が使用可能（7GB＋2GB＋3GB 超過後は512kbpsを下回らない速度に低速化）7GB＋2GB＋3GB（合計12GB）のデータがご""], ""network_type"": [""local_signal: 【チョコSIM 定額（Sプラン）】【中国の電話番号付きでアプリや施設サービスのSMS認証が可能】【データ容量】合計500MB/月【音声】合計20分間/月 データ/音声/SMS付きSIMカード 中国SIM マカオSIM China unicom ※こちらのSIMカードは契約後、毎月の基本料が発生いたします。※2024年11月1日から台湾でのご利用はできなくなり"", ""roaming_signal: 商品の説明 中国本土・マカオでインターネット(データ通信)が可能なプリペイドSIMカード【8日間 7GB利用可能】 China unicomの中国・マカオでインターネット(データ通信)が可能なプリペイドSIMカードです。SIMフリー(SIMロック解除)したスマートフォンにSIMを挿入し現地で電波をキャッチすればいつものようにデータ通信をご利用いただけます。 "", ""insufficient_or_conflicting_signals(local=6, roaming=3)""], ""network_generation"": [""product_info_cellular_4g_lte: source:product_info_cellular: 携帯電話技術 LTE"", ""product_info_cellular_4g_lte: source:product_info_cellular: 携帯電話技術 LTE""], ""carrier_support_local"": [""CTM: 商品の説明 中国本土・マカオでインターネット(データ通信)が可能なプリペイドSIMカード【8日間 7GB利用可能】 China unicomの中国・マカオでインターネット(データ通信)が可能なプリペイドSIMカードです。SIMフリー(SIMロック解除)したスマートフォンにSIMを挿入し現地で電波をキ""], ""review_count"": [""detail_page: (48)""], ""bestseller_rank"": [""Amazon 売れ筋ランキング 家電＆カメラ - 36,270位 ( 家電＆カメラの売れ筋ランキングを見る ) プリペイドSIMカード - 409位""], ""title"": [""【セール品】期間限定5GBデータ増量！【正規日本語版】中国本土31省とマカオ 8日間 7GB＋2GB＋3GB 合計12GBデータ通信プリペイド/SIMカード テザリング可能（セットが安い） (12GB×5枚)【China unicom中国联通】※香港・台湾でのご利用はできません。""]}"
amazon_jp,mo,【香港 eSIM 】マカオeSIM 3日間 高速データ無制限 データ使い放題 香港SIM データ通信専用 マカオSIM 当日利用可能 24時間オンラインサポート お急ぎのご相談は（LINEで受付中です） Hong Kong SIM way2esim,1380,12,,,,,755,3일,3일,30일,unknown,lte_4g_only,,,"{""ctm"": null, ""china_telecom_macau"": null, ""three_macau"": null}","{""skt"": null, ""kt"": null, ""lgu"": null}",unlimited,https://www.amazon.co.jp/%E3%80%91%E3%83%9E%E3%82%AB%E3%82%AAeSIM-3%E6%97%A5%E9%96%93-24%E6%99%82%E9%96%93%E3%82%AA%E3%83%B3%E3%83%A9%E3%82%A4%E3%83%B3%E3%82%B5%E3%83%9D%E3%83%BC%E3%83%88-%E3%81%8A%E6%80%A5%E3%81%8E%E3%81%AE%E3%81%94%E7%9B%B8%E8%AB%87%E3%81%AF%EF%BC%88LINE%E3%81%A7%E5%8F%97%E4%BB%98%E4%B8%AD%E3%81%A7%E3%81%99%EF%BC%89-way2esim/dp/B0DLG1M8YF,B0DLG1M8YF,B0DLG1M8YF,eSIM株式会社,way2esimのストアを表示,"{""price_jpy"": [""￥1,380""], ""usage_validity"": [""【香港 eSIM 】マカオeSIM 3日間 高速データ無制限 データ使い放題 香港SIM データ通信専用 マカオSIM 当日利用可能 24時間オンラインサポート お急ぎのご相談は（LINEで受付中です） Hong Kong SIM way2esim""], ""activation_validity"": [""注意：① 香港・マカオeSIM情報メール受信後30日以内にご利用ください。期限を過ぎると使用できなくなります。② マカオ到着後は、必ずこのeSIMのローミングをオンにしてください。オンにしないとご利用いただけません。""], ""data_amount"": [""高速データ無制限：香港・マカオeSIMは、高速データを無制限でご利用いただけます。この香港・マカオeSIMはデータ通信専用で、電話番号は含まれておりません。SNSやウェブ閲覧など、さまざまなインターネットサービスを快適にご利用いただけます。""], ""network_type"": [""roaming_signal: 注意：① 香港・マカオeSIM情報メール受信後30日以内にご利用ください。期限を過ぎると使用できなくなります。② マカオ到着後は、必ずこのeSIMのローミングをオンにしてください。オンにしないとご利用いただけません。"", ""insufficient_or_conflicting_signals(local=0, roaming=1)""], ""network_generation"": [""product_info_cellular_4g_lte: source:product_info_cellular: 携帯電話技術 LTE"", ""product_info_cellular_4g_lte: source:product_info_cellular: 携帯電話技術 LTE""], ""review_count"": [""detail_page: (12)""], ""bestseller_rank"": [""Amazon 売れ筋ランキング 家電＆カメラ - 79,816位 ( 家電＆カメラの売れ筋ランキングを見る ) プリペイドSIMカード - 755位""], ""title"": [""【香港 eSIM 】マカオeSIM 3日間 高速データ無制限 データ使い放題 香港SIM データ通信専用 マカオSIM 当日利用可能 24時間オンラインサポート お急ぎのご相談は（LINEで受付中です） Hong Kong SIM way2esim""]}"
amazon_jp,mo,【中国・香港・マカオ eSIM】4日間 高速完全無制限 実名認証不要 データ通信専用(電話番号なし) 5G/4G-LTE対応 中国でもGoogle、LINE、YouTubeなどVPNなしで利用可能 当日発行可能 説明書付 LINEで24時間サポート HONGKONG MACAU 中国sim MEWMEWホーム (4日間),1680,15,,,,,912,4일,4일,90일,local,lte_4g_only,,,"{""ctm"": null, ""china_telecom_macau"": null, ""three_macau"": null}","{""skt"": null, ""kt"": null, ""lgu"": null}",unlimited,https://www.amazon.co.jp/%E3%80%90%E4%B8%AD%E5%9B%BD%E3%83%BB%E9%A6%99%E6%B8%AF%E3%83%BB%E3%83%9E%E3%82%AB%E3%82%AA-%E4%B8%AD%E5%9B%BD%E3%81%A7%E3%82%82Google%E3%80%81LINE%E3%80%81YouTube%E3%81%AA%E3%81%A9VPN%E3%81%AA%E3%81%97%E3%81%A7%E5%88%A9%E7%94%A8%E5%8F%AF%E8%83%BD-LINE%E3%81%A724%E6%99%82%E9%96%93%E3%82%B5%E3%83%9D%E3%83%BC%E3%83%88-MEWMEW%E3%83%9B%E3%83%BC%E3%83%A0-4%E6%97%A5%E9%96%93/dp/B0DSJ8RXNM,B0DSJ8RXNM,B0DSJ8RXNM,mewmewホーム eSIM,ＭＥＷＭＥＷホームのストアを表示,"{""price_jpy"": [""￥1,680""], ""usage_validity"": [""【中国・香港・マカオ eSIM】4日間 高速完全無制限 実名認証不要 データ通信専用(電話番号なし) 5G/4G-LTE対応 中国でもGoogle、LINE、YouTubeなどVPNなしで利用可能 当日発行可能 説明書付 LINEで24時間サポート HONGKONG MACAU 中国sim MEWMEWホーム (4日間)""], ""activation_validity"": [""📍【有効期限】eSIMはQRコードを受け取ってから90日以内は有効になっています。eSIMプランの日数は24時間を一日とカウントされます。""], ""data_amount"": [""📍5G/4G/LTEに対応し、高速データ通信量は完全無制限となります。※データ通信専用、電話番号なし""], ""network_type"": [""📍【ローカル回線】中国本土とマカオ：中華電信 香港：CSL"", ""【チョコSIM 定額（Sプラン）】【中国の電話番号付きでアプリや施設サービスのSMS認証が可能】【データ容量】合計500MB/月【音声】合計20分間/月 データ/音声/SMS付きSIMカード 中国SIM マカオSIM China unicom ※こちらのSIMカードは契約後、毎月の基本料が発生いたします。※2024年11月1日から台湾でのご利用はできなくなり"", ""score: local=12, roaming=0""], ""network_generation"": [""product_info_cellular_4g_lte: source:product_info_cellular: 携帯電話技術 LTE"", ""product_info_cellular_4g_lte: source:product_info_cellular: 携帯電話技術 LTE""], ""review_count"": [""detail_page: (15)""], ""bestseller_rank"": [""Amazon 売れ筋ランキング 家電＆カメラ - 101,849位 ( 家電＆カメラの売れ筋ランキングを見る ) プリペイドSIMカード - 912位""], ""title"": [""【中国・香港・マカオ eSIM】4日間 高速完全無制限 実名認証不要 データ通信専用(電話番号なし) 5G/4G-LTE対応 中国でもGoogle、LINE、YouTubeなどVPNなしで利用可能 当日発行可能 説明書付 LINEで24時間サポート HONGKONG MACAU 中国sim MEWMEWホーム (4日間)""]}"
amazon_jp,mo,【中国 香港 マカオSIM】高速データ通信・定額プラン データ専用（電話番号なし） 中華圏 プリペイドSIMカード 中国ネット規制対象外 年中無休・24時間サポート 中華圏 SIM (8日間 | 5GB),1480,5,,,,,723,3일,3일,8일,unknown,lte_4g_only,,,"{""ctm"": true, ""china_telecom_macau"": null, ""three_macau"": null}","{""skt"": null, ""kt"": null, ""lgu"": null}",5GB,https://www.amazon.co.jp/%E3%83%9E%E3%82%AB%E3%82%AASIM%E3%80%91%E9%AB%98%E9%80%9F%E3%83%87%E3%83%BC%E3%82%BF%E9%80%9A%E4%BF%A1%E3%83%BB%E5%AE%9A%E9%A1%8D%E3%83%97%E3%83%A9%E3%83%B3-%E3%83%87%E3%83%BC%E3%82%BF%E5%B0%82%E7%94%A8%EF%BC%88%E9%9B%BB%E8%A9%B1%E7%95%AA%E5%8F%B7%E3%81%AA%E3%81%97%EF%BC%89-%E5%B9%B4%E4%B8%AD%E7%84%A1%E4%BC%91%E3%83%BB24%E6%99%82%E9%96%93%E3%82%B5%E3%83%9D%E3%83%BC%E3%83%88-8%E6%97%A5%E9%96%93-5GB/dp/B0DHPQVVB8,B0DHPQVVB8,B0DHPQVVB8,Global Simcard,アーモンド　ＳＩｍ　ｃａｒｄのストアを表示,"{""price_jpy"": [""￥1,480""], ""usage_validity"": [""【SKTelecoｍ公式認証】 韓国eSIM 3日間 (72時間) 電話番号付き 超高速データ無制限 最初の5分発信無料(韓国国内) お急ぎの方即時発行可(LINE相談受付中) 有効期限／ご購入日より120日以内 現地空港サポート(SKTelecomローミングセンター) SKテレコム正規品 韓国SIMカードタイプではありません""], ""activation_validity"": [""【中国 香港 マカオSIM】高速データ通信・定額プラン データ専用（電話番号なし） 中華圏 プリペイドSIMカード 中国ネット規制対象外 年中無休・24時間サポート 中華圏 SIM (8日間 | 5GB)""], ""data_amount"": [""型番 8日間 | 5GB""], ""network_type"": [""local_signal: 【チョコSIM 定額（Sプラン）】【中国の電話番号付きでアプリや施設サービスのSMS認証が可能】【データ容量】合計500MB/月【音声】合計20分間/月 データ/音声/SMS付きSIMカード 中国SIM マカオSIM China unicom ※こちらのSIMカードは契約後、毎月の基本料が発生いたします。※2024年11月1日から台湾でのご利用はできなくなり"", ""roaming_signal: 【中国ネット制限なし】中国本土で利用する際にはローミング接続を行い、中国政府のネット規制を回避して、Google、Facebook、Twitter、Instagramなどにアクセスできます。"", ""insufficient_or_conflicting_signals(local=6, roaming=3)""], ""network_generation"": [""product_info_cellular_4g_lte: source:product_info_cellular: 携帯電話技術 4G-LTE"", ""product_info_cellular_4g_lte: source:product_info_cellular: 携帯電話技術 4G-LTE""], ""carrier_support_local"": [""CTM: 【キャリア】中国：China Telecom、香港：3HK、マカオ：CTM。中華圏への旅行に最適な、便利なプリペイドSIMカードをご用意しています。"", ""CTM: ⭐【データ容量】利用期間中に定額GB数を使い切った場合、通信は自動的に停止します。 ⭐【有効期限】ご購入後1年間有効です（未使用の場合）。観光や駐在などの際には、複数枚のご購入もおすすめです。 ⭐【中国ネット制限なし】中国本土で利用する際にはローミング接続を行い、中国政府のネット規制を回避して、Go"", ""CTM: サービスプロバイダ China Telecom、3HK、CTM"", ""CTM: Amazon.co.jp: 【中国 香港 マカオSIM】高速データ通信・定額プラン データ専用（電話番号なし） 中華圏 プリペイドSIMカード 中国ネット規制対象外 年中無休・24時間サポート 中華圏 SIM (8日間 | 5GB) : 家電＆カメラ 次に移動 メインコンテンツ この商品について こ""], ""review_count"": [""detail_page: (5)""], ""bestseller_rank"": [""Amazon 売れ筋ランキング 家電＆カメラ - 72,860位 ( 家電＆カメラの売れ筋ランキングを見る ) プリペイドSIMカード - 723位""], ""title"": [""【中国 香港 マカオSIM】高速データ通信・定額プラン データ専用（電話番号なし） 中華圏 プリペイドSIMカード 中国ネット規制対象外 年中無休・24時間サポート 中華圏 SIM (8日間 | 5GB)""]}"
amazon_jp,mo,【中国 香港 マカオeSIM】5日間 5GB高速データ通信 TikTok利用可能 データ通信専用（電話番号なし）即日発行可能 メール登録で納品 中国本土・香港・マカオ対応eSIM mewfi,990,10,,,,,528,5일,5일,90일,unknown,unknown,,,"{""ctm"": null, ""china_telecom_macau"": null, ""three_macau"": null}","{""skt"": null, ""kt"": null, ""lgu"": null}",5GB,https://www.amazon.co.jp/%E3%83%9E%E3%82%AB%E3%82%AAeSIM%E3%80%915%E6%97%A5%E9%96%93-5GB%E9%AB%98%E9%80%9F%E3%83%87%E3%83%BC%E3%82%BF%E9%80%9A%E4%BF%A1-%E3%83%87%E3%83%BC%E3%82%BF%E9%80%9A%E4%BF%A1%E5%B0%82%E7%94%A8%EF%BC%88%E9%9B%BB%E8%A9%B1%E7%95%AA%E5%8F%B7%E3%81%AA%E3%81%97%EF%BC%89%E5%8D%B3%E6%97%A5%E7%99%BA%E8%A1%8C%E5%8F%AF%E8%83%BD-%E4%B8%AD%E5%9B%BD%E6%9C%AC%E5%9C%9F%E3%83%BB%E9%A6%99%E6%B8%AF%E3%83%BB%E3%83%9E%E3%82%AB%E3%82%AA%E5%AF%BE%E5%BF%9CeSIM-mewfi/dp/B0FKMKD4VW,B0FKMKD4VW,B0FKMKD4VW,Mewfi 正規販売店,mewfiのストアを表示,"{""price_jpy"": [""￥990""], ""usage_validity"": [""【中国 香港 マカオeSIM】5日間 5GB高速データ通信 TikTok利用可能 データ通信専用（電話番号なし）即日発行可能 メール登録で納品 中国本土・香港・マカオ対応eSIM mewfi""], ""activation_validity"": [""【有効期限】eSIM情報を記載したメールを受信した日から90日間が有効期限となります。期限内にご利用ください。""], ""data_amount"": [""【高速データ通信】中国本土・香港・マカオで利用可能なeSIMです。5日間の有効期間中に5GBの高速データ通信をご利用いただけます。5GBを超過すると通信は自動的に停止します。""], ""network_type"": [""local_signal: 【SKTelecoｍ公式認証】 韓国eSIM 3日間 (72時間) 電話番号付き 超高速データ無制限 最初の5分発信無料(韓国国内) お急ぎの方即時発行可(LINE相談受付中) 有効期限／ご購入日より120日以内 現地空港サポート(SKTelecomローミングセンター) SKテレコム正規品 韓国SIMカードタイプではありません"", ""roaming_signal: 【対応端末】eSIM対応かつSIMロックのかかっていないスマートフォンでのみご利用いただけます。日本国内で事前にQRコードを読み込んでインストール可能で、現地に到着後に本eSIMを選択し、ローミングを有効にすると自動的にネットワークに接続されます。"", ""insufficient_or_conflicting_signals(local=3, roaming=4)""], ""network_generation"": [""fallback_5g: source:meta_description: Amazon.co.jp: 【中国 香港 マカオeSIM】5日間 5GB高速データ通信 TikTok利用可能 データ通信専用（電話番号なし）即日発行可能 メール登録で納品 中国本土・香港・マカオ対応eSIM mewfi : 家電＆カメラ"", ""fallback_4g_lte: source:image_alt: 中国eSIM｜中国本土・香港・マカオ対応｜7日間 高速データ無制限｜VPN付き LINE・YouTube・Google利用可｜4G/5G 即日発行可能（eSIM | 7日間）"", ""fallback_only_network_generation_signal""], ""review_count"": [""detail_page: (10)""], ""bestseller_rank"": [""Amazon 売れ筋ランキング 家電＆カメラ - 47,920位 ( 家電＆カメラの売れ筋ランキングを見る ) プリペイドSIMカード - 528位""], ""title"": [""【中国 香港 マカオeSIM】5日間 5GB高速データ通信 TikTok利用可能 データ通信専用（電話番号なし）即日発行可能 メール登録で納品 中国本土・香港・マカオ対応eSIM mewfi""]}"
amazon_jp,mo,【中国 香港 マカオSIM】5日間 10GB高速データ通信 低速使い放題 TikTok利用可能 データ通信専用 (電話番号なし) 4G／5G対応 プリペイドSIMカード 中国 SIM 香港 SIM mewfi,1580,12,,,,,947,1일,1일,5일,unknown,5g_capable,,,"{""ctm"": null, ""china_telecom_macau"": null, ""three_macau"": null}","{""skt"": null, ""kt"": null, ""lgu"": null}",10GB,https://www.amazon.co.jp/%E3%83%9E%E3%82%AB%E3%82%AASIM%E3%80%915%E6%97%A5%E9%96%93-10GB%E9%AB%98%E9%80%9F%E3%83%87%E3%83%BC%E3%82%BF%E9%80%9A%E4%BF%A1-TikTok%E5%88%A9%E7%94%A8%E5%8F%AF%E8%83%BD-%E3%83%97%E3%83%AA%E3%83%9A%E3%82%A4%E3%83%89SIM%E3%82%AB%E3%83%BC%E3%83%89-mewfi/dp/B0FKM2946G,B0FKM2946G,B0FKM2946G,Mewfi 正規販売店,mewfiのストアを表示,"{""price_jpy"": [""￥1,580""], ""usage_validity"": [""【有効期限】本SIMカードの有効期限は2026年12月31日まで（定期的に更新）です。現地ネットワークに接続した時点から24時間を1日としてカウントされます。""], ""activation_validity"": [""【中国 香港 マカオSIM】5日間 10GB高速データ通信 低速使い放題 TikTok利用可能 データ通信専用 (電話番号なし) 4G／5G対応 プリペイドSIMカード 中国 SIM 香港 SIM mewfi""], ""data_amount"": [""【高速データ通信】中国本土・香港・マカオで利用可能な5日間有効のプリペイドSIMカードです。期間中は合計10GBまで高速通信が可能で、上限を超えた後も128kbpsの低速通信で継続利用が可能です。""], ""network_type"": [""local_signal: 【ベトナムSIMカード】4日間 高速データ通信 無制限(速度低下なし) データ通信専用 4G/5G対応 ベトナム現地通信回線 mewfi"", ""roaming_signal: 【ご利用方法】ご利用前に簡単な予約手続きを行うだけでOK。現地に到着後、SIMカードを挿入し、ローミングを有効にすれば自動的にインターネットに接続されます。"", ""insufficient_or_conflicting_signals(local=9, roaming=2)""], ""network_generation"": [""product_info_cellular_5g: source:product_info_cellular: 携帯電話技術 4G/5G"", ""product_info_cellular_5g: source:product_info_cellular: 携帯電話技術 4G/5G"", ""product_info_cellular_4g_lte_signal_present_but_5g_capable_takes_precedence""], ""review_count"": [""detail_page: (12)""], ""bestseller_rank"": [""Amazon 売れ筋ランキング 家電＆カメラ - 106,050位 ( 家電＆カメラの売れ筋ランキングを見る ) プリペイドSIMカード - 947位""], ""title"": [""【中国 香港 マカオSIM】5日間 10GB高速データ通信 低速使い放題 TikTok利用可能 データ通信専用 (電話番号なし) 4G／5G対応 プリペイドSIMカード 中国 SIM 香港 SIM mewfi""]}"
amazon_jp,mo,香港・マカオ eSIM 4日間 (96時間) 無制限データ｜公式キャリア回線｜本人確認不要｜5G/4G 高速通信｜プリペイドeSIM 香港eSIM マカオeSIM (4日間),1480,17,,,,,664,1일,1일,4일,roaming,5g_capable,,,"{""ctm"": true, ""china_telecom_macau"": null, ""three_macau"": null}","{""skt"": null, ""kt"": null, ""lgu"": null}",unlimited,https://www.amazon.co.jp/%E9%A6%99%E6%B8%AF%E3%83%BB%E3%83%9E%E3%82%AB%E3%82%AA-%E7%84%A1%E5%88%B6%E9%99%90%E3%83%87%E3%83%BC%E3%82%BF%EF%BD%9C%E5%85%AC%E5%BC%8F%E3%82%AD%E3%83%A3%E3%83%AA%E3%82%A2%E5%9B%9E%E7%B7%9A%EF%BD%9C%E6%9C%AC%E4%BA%BA%E7%A2%BA%E8%AA%8D%E4%B8%8D%E8%A6%81%EF%BD%9C5G-%E9%AB%98%E9%80%9F%E9%80%9A%E4%BF%A1%EF%BD%9C%E3%83%97%E3%83%AA%E3%83%9A%E3%82%A4%E3%83%89eSIM-%E9%A6%99%E6%B8%AFeSIM-%E3%83%9E%E3%82%AB%E3%82%AAeSIM/dp/B0GST9YGF8,B0GST9YGF8,B0GST9YGF8,mewmewホーム eSIM,ＭＥＷＭＥＷホームのストアを表示,"{""price_jpy"": [""￥1,480""], ""usage_validity"": [""【有効期限】QRコードは90日以内に有効です。日本国内でQRコードをスキャンして事前設定が可能。プランの日数は、24時間を1日としてカウントされます。""], ""activation_validity"": [""香港・マカオ eSIM 4日間 (96時間) 無制限データ｜公式キャリア回線｜本人確認不要｜5G/4G 高速通信｜プリペイドeSIM 香港eSIM マカオeSIM (4日間)""], ""data_amount"": [""【データ通信無制限】香港/マカオで利用可能なデータ通信専用のプリペイドeSIMです。現地大手キャリア回線を利用しており、広いエリアで安定した高速データ通信をご利用いただけます。高速データ通信は無制限、本人確認不要。旅行・短期滞在・ビジネス出張など、さまざまなシーンにおすすめのeSIMです。""], ""network_type"": [""トラベルコネクト 4G/5G 香港SIMカード - 7日間、毎日1GBの高速データ、通話やSMSなし | 観光客やビジネス旅行者、ローミング向けのプリペイド旅行SIM"", ""トラベルコネクト 4G/5G 香港SIMカード - 7日間、毎日1GBの高速データ、通話やSMSなし | 観光客やビジネス旅行者、ローミング向けのプリペイド旅行SIM"", ""score: local=0, roaming=2""], ""network_generation"": [""product_info_cellular_5g: source:product_info_cellular: 携帯電話技術 LTE, 5G"", ""product_info_cellular_5g: source:product_info_cellular: 携帯電話技術 LTE, 5G"", ""product_info_cellular_4g_lte_signal_present_but_5g_capable_takes_precedence""], ""carrier_support_local"": [""CTM: サービスプロバイダ CSL, China Mobile Hong Kong, CTM"", ""CTM: Amazon.co.jp: 香港・マカオ eSIM 4日間 (96時間) 無制限データ｜公式キャリア回線｜本人確認不要｜5G/4G 高速通信｜プリペイドeSIM 香港eSIM マカオeSIM (4日間) : 家電＆カメラ 次に移動 メインコンテンツ この商品について この商品について この商品につい""], ""review_count"": [""detail_page: (17)""], ""bestseller_rank"": [""Amazon 売れ筋ランキング 家電＆カメラ - 65,475位 ( 家電＆カメラの売れ筋ランキングを見る ) プリペイドSIMカード - 664位""], ""title"": [""香港・マカオ eSIM 4日間 (96時間) 無制限データ｜公式キャリア回線｜本人確認不要｜5G/4G 高速通信｜プリペイドeSIM 香港eSIM マカオeSIM (4日間)""]}"
amazon_jp,mo,【Almond eSIM】中国 香港 マカオ eSIM 3日間3GB 高速データ通信 当日発行可能 中国ネット規制対象外 中国でもGoogle、LINE、YouTubeなどVPNなしで利用可能 24時間サポート 4G-LTE対応 プリペイド ESIMプラン China HONGKONG Macou simカード (3日間3GB),880,30,,,,,39,3일,3일,3일,local,5g_capable,,,"{""ctm"": null, ""china_telecom_macau"": null, ""three_macau"": null}","{""skt"": null, ""kt"": null, ""lgu"": null}",3GB,https://www.amazon.co.jp/3%E6%97%A5%E9%96%933GB-%E4%B8%AD%E5%9B%BD%E3%83%8D%E3%83%83%E3%83%88%E8%A6%8F%E5%88%B6%E5%AF%BE%E8%B1%A1%E5%A4%96-%E4%B8%AD%E5%9B%BD%E3%81%A7%E3%82%82Google%E3%80%81LINE%E3%80%81YouTube%E3%81%AA%E3%81%A9VPN%E3%81%AA%E3%81%97%E3%81%A7%E5%88%A9%E7%94%A8%E5%8F%AF%E8%83%BD-24%E6%99%82%E9%96%93%E3%82%B5%E3%83%9D%E3%83%BC%E3%83%88-4G-LTE%E5%AF%BE%E5%BF%9C/dp/B0F1TC4TD5,B0F1TC4TD5,B0F1TC4TD5,株式会社ビッグコネクト,bigconnectのストアを表示,"{""price_jpy"": [""￥880""], ""usage_validity"": [""【Almond eSIM】中国 香港 マカオ eSIM 3日間3GB 高速データ通信 当日発行可能 中国ネット規制対象外 中国でもGoogle、LINE、YouTubeなどVPNなしで利用可能 24時間サポート 4G-LTE対応 プリペイド ESIMプラン China HONGKONG Macou simカード (3日間3GB)""], ""activation_validity"": [""【SKTelecoｍ公式認証】 韓国eSIM 3日間 (72時間) 電話番号付き 超高速データ無制限 最初の5分発信無料(韓国国内) お急ぎの方即時発行可(LINE相談受付中) 有効期限／ご購入日より120日以内 現地空港サポート(SKTelecomローミングセンター) SKテレコム正規品 韓国SIMカードタイプではありません""], ""data_amount"": [""【データプラン】データ通信専用のeSIMです。中国大陸、香港、マカオを含む利用可能なeSIMカード。※データ容量：3日間3GB高速データ。3GBを超えると、通信が止まります。中国ネット規制対象外 中国でもGoogle、LINE、YouTubeなどVPNなしで利用可能、本人確認やSIMカード認証は不要。""], ""network_type"": [""【チョコSIM 定額（Sプラン）】【中国の電話番号付きでアプリや施設サービスのSMS認証が可能】【データ容量】合計500MB/月【音声】合計20分間/月 データ/音声/SMS付きSIMカード 中国SIM マカオSIM China unicom ※こちらのSIMカードは契約後、毎月の基本料が発生いたします。※2024年11月1日から台湾でのご利用はできなくなり"", ""【SKTelecoｍ公式認証】 韓国eSIM 3日間 (72時間) 電話番号付き 超高速データ無制限 最初の5分発信無料(韓国国内) お急ぎの方即時発行可(LINE相談受付中) 有効期限／ご購入日より120日以内 現地空港サポート(SKTelecomローミングセンター) SKテレコム正規品 韓国SIMカードタイプではありません"", ""score: local=6, roaming=0""], ""network_generation"": [""product_info_cellular_5g: source:product_info_cellular: 携帯電話技術 LTE 5G"", ""product_info_cellular_5g: source:product_info_cellular: 携帯電話技術 LTE 5G"", ""product_info_cellular_4g_lte_signal_present_but_5g_capable_takes_precedence""], ""review_count"": [""detail_page: (30)""], ""bestseller_rank"": [""Amazon 売れ筋ランキング 家電＆カメラ - 59,512位 ( 家電＆カメラの売れ筋ランキングを見る ) 定期契約SIMカード - 39位""], ""title"": [""【Almond eSIM】中国 香港 マカオ eSIM 3日間3GB 高速データ通信 当日発行可能 中国ネット規制対象外 中国でもGoogle、LINE、YouTubeなどVPNなしで利用可能 24時間サポート 4G-LTE対応 プリペイド ESIMプラン China HONGKONG Macou simカード (3日間3GB)""]}"
amazon_jp,mo,中国 sim card 香港 マカオにも使える 高速データ通信 中国ネット規制対象外 中国でもGoogle、LINE、YouTubeなどVPNなしで利用可能 プリペイド SIMカード (8日間5GB),1480,128,,,,,673,8일,8일,,unknown,lte_4g_only,,,"{""ctm"": true, ""china_telecom_macau"": null, ""three_macau"": null}","{""skt"": null, ""kt"": null, ""lgu"": null}",5GB,https://www.amazon.co.jp/%E3%83%9E%E3%82%AB%E3%82%AA%E3%81%AB%E3%82%82%E4%BD%BF%E3%81%88%E3%82%8B-%E9%AB%98%E9%80%9F%E3%83%87%E3%83%BC%E3%82%BF%E9%80%9A%E4%BF%A1-%E4%B8%AD%E5%9B%BD%E3%83%8D%E3%83%83%E3%83%88%E8%A6%8F%E5%88%B6%E5%AF%BE%E8%B1%A1%E5%A4%96-%E4%B8%AD%E5%9B%BD%E3%81%A7%E3%82%82Google%E3%80%81LINE%E3%80%81YouTube%E3%81%AA%E3%81%A9VPN%E3%81%AA%E3%81%97%E3%81%A7%E5%88%A9%E7%94%A8%E5%8F%AF%E8%83%BD-8%E6%97%A5%E9%96%935GB/dp/B0CCXV4KMP,B0CCXV4KMP,B0CCXV4KMP,株式会社ビッグコネクト,bigconnectのストアを表示,"{""price_jpy"": [""￥1,480""], ""usage_validity"": [""中国 sim card 香港 マカオにも使える 高速データ通信 中国ネット規制対象外 中国でもGoogle、LINE、YouTubeなどVPNなしで利用可能 プリペイド SIMカード (8日間5GB)""], ""data_amount"": [""【安定した高速通信】中国 香港 マカオ で利用可能なプリペイドSIMカード。安定した4G-lte高速データ通信。※データ容量：8日間5GB高速定額4G‐LTEデータ。5GBを超えると、通信が止まります。""], ""network_type"": [""local_signal: 【チョコSIM 定額（Sプラン）】【中国の電話番号付きでアプリや施設サービスのSMS認証が可能】【データ容量】合計500MB/月【音声】合計20分間/月 データ/音声/SMS付きSIMカード 中国SIM マカオSIM China unicom ※こちらのSIMカードは契約後、毎月の基本料が発生いたします。※2024年11月1日から台湾でのご利用はできなくなり"", ""roaming_signal: 【中国ネット制限なし】中国本土での利用の場合はローミング接続を行います。これにより中国政府のネット規制対象外となり、Google、Facebook、Twitter、Instagram等に接続可能です。中華圏渡航スケジュールに対応する手軽なプリペイドSIMカード。キャリア：中国：China Telecom 香港：3HK マカオ: CTM。※データ通信専用SIM"", ""insufficient_or_conflicting_signals(local=3, roaming=3)""], ""network_generation"": [""product_info_cellular_4g_lte: source:product_info_cellular: 携帯電話技術 LTE"", ""product_info_cellular_4g_lte: source:product_info_cellular: 携帯電話技術 LTE""], ""carrier_support_local"": [""CTM: 【中国ネット制限なし】中国本土での利用の場合はローミング接続を行います。これにより中国政府のネット規制対象外となり、Google、Facebook、Twitter、Instagram等に接続可能です。中華圏渡航スケジュールに対応する手軽なプリペイドSIMカード。キャリア：中国：China Telec"", ""CTM: サービスプロバイダ 中国 Telecom, 香港 3HK, マカオ CTM"", ""CTM: Amazon.co.jp: 中国 sim card 香港 マカオにも使える 高速データ通信 中国ネット規制対象外 中国でもGoogle、LINE、YouTubeなどVPNなしで利用可能 プリペイド SIMカード (8日間5GB) : 家電＆カメラ 次に移動 メインコンテンツ この商品について この商""], ""review_count"": [""detail_page: (128)""], ""bestseller_rank"": [""Amazon 売れ筋ランキング 家電＆カメラ - 66,424位 ( 家電＆カメラの売れ筋ランキングを見る ) プリペイドSIMカード - 673位""], ""title"": [""中国 sim card 香港 マカオにも使える 高速データ通信 中国ネット規制対象外 中国でもGoogle、LINE、YouTubeなどVPNなしで利用可能 プリペイド SIMカード (8日間5GB)""]}"
amazon_jp,mo,【香港 SIM マカオSIM】 3GB/日 高速データ通信 低速は無制限です 4G/5G対応 香港プリペイドsimカード マカオプリペイドsimカード データ通信専用 Hong Kong sim Macau sim prepaid sim mewfi,1080,53,,,,,950,3일,3일,31일,unknown,5g_capable,,,"{""ctm"": true, ""china_telecom_macau"": null, ""three_macau"": null}","{""skt"": null, ""kt"": null, ""lgu"": null}",3GB/day,https://www.amazon.co.jp/3%E6%97%A5%E9%96%93-%E4%BD%8E%E9%80%9F%E3%81%AF%E7%84%A1%E5%88%B6%E9%99%90%E3%81%A7%E3%81%99-%E9%A6%99%E6%B8%AF%E3%83%97%E3%83%AA%E3%83%9A%E3%82%A4%E3%83%89sim%E3%82%AB%E3%83%BC%E3%83%89-%E3%83%9E%E3%82%AB%E3%82%AA%E3%83%97%E3%83%AA%E3%83%9A%E3%82%A4%E3%83%89sim%E3%82%AB%E3%83%BC%E3%83%89-mewfi/dp/B0CP3HBN46,B0CP3HBN46,B0CP3HBN46,Mewfi 正規販売店,mewfiのストアを表示,"{""price_jpy"": [""￥1,080""], ""usage_validity"": [""型番 3日間""], ""activation_validity"": [""【日本語説明書付き】香港およびマカオ用SIMカードの有効期限は2026年12月31日までとなっており、SIMカードの設定方法が記載された説明書が同封されております。中古SIMカードの商品には保証が付きませんので、新品のSIMカードを購入してください。""], ""data_amount"": [""【高速データ通信】こちらは香港とマカオで使用できるSIMカードです。毎日3GBの高速データ通信が利用でき、3GBに達すると低速に切り替わります。現地時間の0時以降に自動的に高速データ通信が復元されます。香港のネットワークオペレーターはSmarTone、HKT、3HK、マカオではCTMが提供しています。""], ""network_type"": [""local_signal: 【チョコSIM 定額（Sプラン）】【中国の電話番号付きでアプリや施設サービスのSMS認証が可能】【データ容量】合計500MB/月【音声】合計20分間/月 データ/音声/SMS付きSIMカード 中国SIM マカオSIM China unicom ※こちらのSIMカードは契約後、毎月の基本料が発生いたします。※2024年11月1日から台湾でのご利用はできなくなり"", ""roaming_signal: トラベルコネクト 4G/5G 香港SIMカード - 7日間、毎日1GBの高速データ、通話やSMSなし | 観光客やビジネス旅行者、ローミング向けのプリペイド旅行SIM"", ""insufficient_or_conflicting_signals(local=6, roaming=2)""], ""network_generation"": [""product_info_cellular_5g: source:product_info_cellular: 携帯電話技術 LTE, 5G"", ""product_info_cellular_5g: source:product_info_cellular: 携帯電話技術 LTE, 5G"", ""product_info_cellular_4g_lte_signal_present_but_5g_capable_takes_precedence""], ""carrier_support_local"": [""CTM: 【高速データ通信】こちらは香港とマカオで使用できるSIMカードです。毎日3GBの高速データ通信が利用でき、3GBに達すると低速に切り替わります。現地時間の0時以降に自動的に高速データ通信が復元されます。香港のネットワークオペレーターはSmarTone、HKT、3HK、マカオではCTMが提供しています"", ""CTM: 【高速データ通信】こちらは香港とマカオで使用できるSIMカードです。毎日3GBの高速データ通信が利用でき、3GBに達すると低速に切り替わります。現地時間の0時以降に自動的に高速データ通信が復元されます。香港のネットワークオペレーターはSmarTone、HKT、3HK、マカオではCTMが提供しています"", ""CTM: サービスプロバイダ SmarTone, HKT, 3HK, CTM"", ""CTM: Amazon.co.jp: 【香港 SIM マカオSIM】 3GB/日 高速データ通信 低速は無制限です 4G/5G対応 香港プリペイドsimカード マカオプリペイドsimカード データ通信専用 Hong Kong sim Macau sim prepaid sim mewfi : 家電＆カメラ 次""], ""review_count"": [""detail_page: (53)""], ""bestseller_rank"": [""Amazon 売れ筋ランキング 家電＆カメラ - 106,827位 ( 家電＆カメラの売れ筋ランキングを見る ) プリペイドSIMカード - 950位""], ""title"": [""【香港 SIM マカオSIM】 3GB/日 高速データ通信 低速は無制限です 4G/5G対応 香港プリペイドsimカード マカオプリペイドsimカード データ通信専用 Hong Kong sim Macau sim prepaid sim mewfi""]}"
amazon_jp,mo,【中国 sim】15日間 完全無制限・高速データ通信｜中国・香港・マカオ対応｜中国本土でもGoogle・LINE・YouTube利用可能｜24時間サポート｜中国本土 プリペイドSIM 中国本土・香港・マカオ SIMカード (15日間｜無制限),4280,35,,,,,419,15일,15일,30일,roaming,5g_capable,,,"{""ctm"": true, ""china_telecom_macau"": null, ""three_macau"": null}","{""skt"": null, ""kt"": null, ""lgu"": null}",unlimited,https://www.amazon.co.jp/sim%E3%80%9115%E6%97%A5%E9%96%93-%E5%AE%8C%E5%85%A8%E7%84%A1%E5%88%B6%E9%99%90%E3%83%BB%E9%AB%98%E9%80%9F%E3%83%87%E3%83%BC%E3%82%BF%E9%80%9A%E4%BF%A1%EF%BD%9C%E4%B8%AD%E5%9B%BD%E3%83%BB%E9%A6%99%E6%B8%AF%E3%83%BB%E3%83%9E%E3%82%AB%E3%82%AA%E5%AF%BE%E5%BF%9C%EF%BD%9C%E4%B8%AD%E5%9B%BD%E6%9C%AC%E5%9C%9F%E3%81%A7%E3%82%82Google%E3%83%BBLINE%E3%83%BBYouTube%E5%88%A9%E7%94%A8%E5%8F%AF%E8%83%BD%EF%BD%9C24%E6%99%82%E9%96%93%E3%82%B5%E3%83%9D%E3%83%BC%E3%83%88%EF%BD%9C%E4%B8%AD%E5%9B%BD%E6%9C%AC%E5%9C%9F-%E3%83%97%E3%83%AA%E3%83%9A%E3%82%A4%E3%83%89SIM-%E4%B8%AD%E5%9B%BD%E6%9C%AC%E5%9C%9F%E3%83%BB%E9%A6%99%E6%B8%AF%E3%83%BB%E3%83%9E%E3%82%AB%E3%82%AA-15%E6%97%A5%E9%96%93%EF%BD%9C%E7%84%A1%E5%88%B6%E9%99%90/dp/B0FPX9D2N8,B0FPX9D2N8,B0FPX9D2N8,Global Simcard,アーモンド　ＳＩｍ　ｃａｒｄのストアを表示,"{""price_jpy"": [""￥4,280""], ""usage_validity"": [""【中国 sim】15日間 完全無制限・高速データ通信｜中国・香港・マカオ対応｜中国本土でもGoogle・LINE・YouTube利用可能｜24時間サポート｜中国本土 プリペイドSIM 中国本土・香港・マカオ SIMカード (15日間｜無制限)""], ""activation_validity"": [""🔷【高速データ通信】データ専用のプリペイドSIM。容量無制限で高速データを完全使い放題！本人確認やSIMカード認証は不要で、利用期間は1～30日間から自由に選べます。 🔷【中国ネット制限なし】香港ローミング接続で中国政府の規制対象外。Google、LINE、YouTube、Facebook、Instagramなど主要アプリがVPN不要でそのまま利用可能。本人""], ""data_amount"": [""🔷【高速データ通信】データ専用のプリペイドSIM。容量無制限で高速データを完全使い放題！本人確認やSIMカード認証は不要で、利用期間は1～30日間から自由に選べます。""], ""network_type"": [""🔷【中国ネット制限なし】香港ローミング接続で中国政府の規制対象外。Google、LINE、YouTube、Facebook、Instagramなど主要アプリがVPN不要でそのまま利用可能。本人確認も不要です。"", ""🔷【高速データ通信】データ専用のプリペイドSIM。容量無制限で高速データを完全使い放題！本人確認やSIMカード認証は不要で、利用期間は1～30日間から自由に選べます。 🔷【中国ネット制限なし】香港ローミング接続で中国政府の規制対象外。Google、LINE、YouTube、Facebook、Instagramなど主要アプリがVPN不要でそのまま利用可能。本人"", ""score: local=0, roaming=3""], ""network_generation"": [""product_info_cellular_5g: source:product_info_cellular: 携帯電話技術 5G/4G-LTE"", ""product_info_cellular_5g: source:product_info_cellular: 携帯電話技術 5G/4G-LTE""], ""carrier_support_local"": [""CTM: 🔷【対応キャリア】中国本土：中国電信（China Telecom）、香港：3HK、マカオ：CTM。中華圏への渡航に幅広く対応。"", ""CTM: 🔷【高速データ通信】データ専用のプリペイドSIM。容量無制限で高速データを完全使い放題！本人確認やSIMカード認証は不要で、利用期間は1～30日間から自由に選べます。 🔷【中国ネット制限なし】香港ローミング接続で中国政府の規制対象外。Google、LINE、YouTube、Facebook、Inst"", ""CTM: サービスプロバイダ China Telecom/3HK /CTM"", ""CTM: Amazon.co.jp: 【中国 sim】15日間 完全無制限・高速データ通信｜中国・香港・マカオ対応｜中国本土でもGoogle・LINE・YouTube利用可能｜24時間サポート｜中国本土 プリペイドSIM 中国本土・香港・マカオ SIMカード (15日間｜無制限) : 家電＆カメラ 次に移動 ""], ""review_count"": [""detail_page: (35)""], ""bestseller_rank"": [""Amazon 売れ筋ランキング 家電＆カメラ - 37,219位 ( 家電＆カメラの売れ筋ランキングを見る ) プリペイドSIMカード - 419位""], ""title"": [""【中国 sim】15日間 完全無制限・高速データ通信｜中国・香港・マカオ対応｜中国本土でもGoogle・LINE・YouTube利用可能｜24時間サポート｜中国本土 プリペイドSIM 中国本土・香港・マカオ SIMカード (15日間｜無制限)""]}"
amazon_jp,mo,【中国SIMカード】90日間 10GB高速データ通信＋低速無制限｜中国・香港・マカオ対応｜中国本土でもGoogle・LINE・YouTube利用可能｜24時間サポート｜中国本土 プリペイドSIM 中国 sim (90日間｜10GB),2680,47,,,,,499,90일,90일,90일,roaming,5g_capable,,,"{""ctm"": true, ""china_telecom_macau"": null, ""three_macau"": null}","{""skt"": null, ""kt"": null, ""lgu"": null}",10GB,https://www.amazon.co.jp/%E3%80%90%E4%B8%AD%E5%9B%BDSIM%E3%82%AB%E3%83%BC%E3%83%89%E3%80%9190%E6%97%A5%E9%96%93-10GB%E9%AB%98%E9%80%9F%E3%83%87%E3%83%BC%E3%82%BF%E9%80%9A%E4%BF%A1%EF%BC%8B%E4%BD%8E%E9%80%9F%E7%84%A1%E5%88%B6%E9%99%90%EF%BD%9C%E4%B8%AD%E5%9B%BD%E3%83%BB%E9%A6%99%E6%B8%AF%E3%83%BB%E3%83%9E%E3%82%AB%E3%82%AA%E5%AF%BE%E5%BF%9C%EF%BD%9C%E4%B8%AD%E5%9B%BD%E6%9C%AC%E5%9C%9F%E3%81%A7%E3%82%82Google%E3%83%BBLINE%E3%83%BBYouTube%E5%88%A9%E7%94%A8%E5%8F%AF%E8%83%BD%EF%BD%9C24%E6%99%82%E9%96%93%E3%82%B5%E3%83%9D%E3%83%BC%E3%83%88%EF%BD%9C%E4%B8%AD%E5%9B%BD%E6%9C%AC%E5%9C%9F-%E3%83%97%E3%83%AA%E3%83%9A%E3%82%A4%E3%83%89SIM-sim-90%E6%97%A5%E9%96%93%EF%BD%9C10GB/dp/B0FPR4JQ1V,B0FPR4JQ1V,B0FPR4JQ1V,Global Simcard,アーモンド　ＳＩｍ　ｃａｒｄのストアを表示,"{""price_jpy"": [""￥2,680""], ""usage_validity"": [""【中国SIMカード】90日間 10GB高速データ通信＋低速無制限｜中国・香港・マカオ対応｜中国本土でもGoogle・LINE・YouTube利用可能｜24時間サポート｜中国本土 プリペイドSIM 中国 sim (90日間｜10GB)""], ""activation_validity"": [""⭐【高速データ通信】中国本土・香港・マカオ対応。90日間で合計10GBまで4G/5G高速通信が利用可能。超過後も128kbpsで通信継続でき、低速無制限で安心。 ⭐【中国ネット制限なし】香港ローミング接続で中国政府の規制対象外。Google、LINE、YouTube、SNSなど主要アプリがVPN不要で利用可能。本人確認も不要です。 ⭐【有効期限】未使用なら購""], ""data_amount"": [""⭐【高速データ通信】中国本土・香港・マカオ対応。90日間で合計10GBまで4G/5G高速通信が利用可能。超過後も128kbpsで通信継続でき、低速無制限で安心。""], ""network_type"": [""⭐【中国ネット制限なし】香港ローミング接続で中国政府の規制対象外。Google、LINE、YouTube、SNSなど主要アプリがVPN不要で利用可能。本人確認も不要です。"", ""⭐【高速データ通信】中国本土・香港・マカオ対応。90日間で合計10GBまで4G/5G高速通信が利用可能。超過後も128kbpsで通信継続でき、低速無制限で安心。 ⭐【中国ネット制限なし】香港ローミング接続で中国政府の規制対象外。Google、LINE、YouTube、SNSなど主要アプリがVPN不要で利用可能。本人確認も不要です。 ⭐【有効期限】未使用なら購"", ""score: local=0, roaming=3""], ""network_generation"": [""product_info_cellular_5g: source:product_info_cellular: 携帯電話技術 5G/4G-LTE"", ""product_info_cellular_5g: source:product_info_cellular: 携帯電話技術 5G/4G-LTE""], ""carrier_support_local"": [""CTM: ⭐【対応キャリア】中国本土：中国電信（China Telecom）、香港：3HK、マカオ：CTM。中華圏への渡航に幅広く対応。"", ""CTM: ⭐【高速データ通信】中国本土・香港・マカオ対応。90日間で合計10GBまで4G/5G高速通信が利用可能。超過後も128kbpsで通信継続でき、低速無制限で安心。 ⭐【中国ネット制限なし】香港ローミング接続で中国政府の規制対象外。Google、LINE、YouTube、SNSなど主要アプリがVPN不要"", ""CTM: サービスプロバイダ China Telecom/3HK /CTM"", ""CTM: Amazon.co.jp: 【中国SIMカード】90日間 10GB高速データ通信＋低速無制限｜中国・香港・マカオ対応｜中国本土でもGoogle・LINE・YouTube利用可能｜24時間サポート｜中国本土 プリペイドSIM 中国 sim (90日間｜10GB) : 家電＆カメラ 次に移動 メインコン""], ""review_count"": [""detail_page: (47)""], ""bestseller_rank"": [""Amazon 売れ筋ランキング 家電＆カメラ - 45,203位 ( 家電＆カメラの売れ筋ランキングを見る ) プリペイドSIMカード - 499位""], ""title"": [""【中国SIMカード】90日間 10GB高速データ通信＋低速無制限｜中国・香港・マカオ対応｜中国本土でもGoogle・LINE・YouTube利用可能｜24時間サポート｜中国本土 プリペイドSIM 中国 sim (90日間｜10GB)""]}"
amazon_jp,mo,【中国 香港 マカオeSIM】30日間20GB 高速データ通信 無制限 使い放題 実名登録不要 中国ネット規制対象外 ｜Google LINE YouTubeなどVPNなしで利用可能｜中国 simカード 香港sim マカオsim マカオeSIM プリペイド SIM eSIM｜旅行・出張・留学｜安心サポート 5G 4G-LTE対応 当日発行可能,1850,2,,,,,836,1일,1일,30일,unknown,5g_capable,,,"{""ctm"": true, ""china_telecom_macau"": null, ""three_macau"": null}","{""skt"": null, ""kt"": null, ""lgu"": null}",20GB,https://www.amazon.co.jp/%E3%83%9E%E3%82%AB%E3%82%AAeSIM%E3%80%9130%E6%97%A5%E9%96%9320GB-128kbps%E7%84%A1%E5%88%B6%E9%99%90-%E4%B8%AD%E5%9B%BD%E3%83%8D%E3%83%83%E3%83%88%E8%A6%8F%E5%88%B6%E5%AF%BE%E8%B1%A1%E5%A4%96-YouTube%E3%81%AA%E3%81%A9VPN%E3%81%AA%E3%81%97%E3%81%A7%E5%88%A9%E7%94%A8%E5%8F%AF%E8%83%BD%EF%BD%9C%E4%B8%AD%E5%9B%BD-eSIM%EF%BD%9C%E6%97%85%E8%A1%8C%E3%83%BB%E5%87%BA%E5%BC%B5%E3%83%BB%E7%95%99%E5%AD%A6%EF%BD%9C%E5%AE%89%E5%BF%83%E3%82%B5%E3%83%9D%E3%83%BC%E3%83%88/dp/B0FR426ZVY,B0FR426ZVY,B0FR426ZVY,Global Travel SIM Card,onetoneのストアを表示,"{""price_jpy"": [""￥1,850""], ""usage_validity"": [""【有効期限について】eSIM カードはアクティベーション前の有効期限が 365 日です。アクティベーション後の有効期間は購入した日数と一致し、24 時間を 1 日として計算されます""], ""activation_validity"": [""【中国 香港 マカオeSIM】30日間20GB 高速データ通信 無制限 使い放題 実名登録不要 中国ネット規制対象外 ｜Google LINE YouTubeなどVPNなしで利用可能｜中国 simカード 香港sim マカオsim マカオeSIM プリペイド SIM eSIM｜旅行・出張・留学｜安心サポート 5G 4G-LTE対応 当日発行可能""], ""data_amount"": [""型番 30日間20GB""], ""network_type"": [""local_signal: 【チャージで延長も可能】中国電話番号付き（30分/SMS30通）！シーズンSIM（中国本土・香港・日本・韓国で利用可能）90日間6GBデータ高速通信 プリペイドSIMカード 面倒な契約不要 Chinaunicom (通常版)Google、Facebo"", ""roaming_signal: 商品の説明 注意事項： 1. eSIMが提供する機能とサービス 現在のeSIMはデータ通信のみサポートしており、音声通話およびSMS機能はサポートしていません。 2. スマートフォンがeSIMをサポートしているかどうかの確認方法 「通話」画面で`*#06#`を入力すると、EID情報が表示されます。これはスマートフォンがeSIMのインストールをサポートしている"", ""insufficient_or_conflicting_signals(local=6, roaming=3)""], ""network_generation"": [""product_info_cellular_5g: source:product_info_cellular: 携帯電話技術 5G,4G,LTE"", ""product_info_cellular_5g: source:product_info_cellular: 携帯電話技術 5G,4G,LTE""], ""carrier_support_local"": [""CTM: サービスプロバイダ China mobile/Smartone/CTM"", ""CTM: Amazon.co.jp: 【中国 香港 マカオeSIM】30日間20GB 高速データ通信 無制限 使い放題 実名登録不要 中国ネット規制対象外 ｜Google LINE YouTubeなどVPNなしで利用可能｜中国 simカード 香港sim マカオsim マカオeSIM プリペイド SIM eSI""], ""review_count"": [""detail_page: (2)""], ""bestseller_rank"": [""Amazon 売れ筋ランキング 家電＆カメラ - 89,594位 ( 家電＆カメラの売れ筋ランキングを見る ) プリペイドSIMカード - 836位""], ""title"": [""【中国 香港 マカオeSIM】30日間20GB 高速データ通信 無制限 使い放題 実名登録不要 中国ネット規制対象外 ｜Google LINE YouTubeなどVPNなしで利用可能｜中国 simカード 香港sim マカオsim マカオeSIM プリペイド SIM eSIM｜旅行・出張・留学｜安心サポート 5G 4G-LTE対応 当日発行可能""]}"
amazon_jp,mo,香港 マカオ simcard 大容量 2GB/日 高速データ通信 低速データ無制限 使い放題 プリペイド SIMカードsimcard 香港simcard マカオ simcard 香港sim マカオ sim (3日間),990,19,,,,,284,3일,3일,3일,local,unknown,,,"{""ctm"": true, ""china_telecom_macau"": null, ""three_macau"": null}","{""skt"": null, ""kt"": null, ""lgu"": null}",unlimited,https://www.amazon.co.jp/simcard-%E4%BD%8E%E9%80%9F%E3%83%87%E3%83%BC%E3%82%BF%E7%84%A1%E5%88%B6%E9%99%90-SIM%E3%82%AB%E3%83%BC%E3%83%89simcard-%E9%A6%99%E6%B8%AFsimcard-3%E6%97%A5%E9%96%93/dp/B0CNCVFRX1,B0CNCVFRX1,B0CNCVFRX1,株式会社ビッグコネクト,bigconnectのストアを表示,"{""price_jpy"": [""￥990""], ""usage_validity"": [""香港 マカオ simcard 大容量 2GB/日 高速データ通信 低速データ無制限 使い放題 プリペイド SIMカードsimcard 香港simcard マカオ simcard 香港sim マカオ sim (3日間)""], ""activation_validity"": [""【SKTelecoｍ公式認証】 韓国eSIM 3日間 (72時間) 電話番号付き 超高速データ無制限 最初の5分発信無料(韓国国内) お急ぎの方即時発行可(LINE相談受付中) 有効期限／ご購入日より120日以内 現地空港サポート(SKTelecomローミングセンター) SKテレコム正規品 韓国SIMカードタイプではありません""], ""data_amount"": [""【安定した高速通信】香港 マカオで利用可能なプリペイドSIMカード。安定した4G-lte高速データ通信。キャリア：香港：Smartone、HKT、3 マカオ:CTM 。※データ容量無制限。ただしデータ一日使用量が2GBに達すると最大通信速度が128kbpsに低下します。翌日の香港時間0時自動的にスピード制限を解除します。デザリングも使用できます。128kbp""], ""network_type"": [""【チョコSIM 定額（Sプラン）】【中国の電話番号付きでアプリや施設サービスのSMS認証が可能】【データ容量】合計500MB/月【音声】合計20分間/月 データ/音声/SMS付きSIMカード 中国SIM マカオSIM China unicom ※こちらのSIMカードは契約後、毎月の基本料が発生いたします。※2024年11月1日から台湾でのご利用はできなくなり"", ""【SKTelecoｍ公式認証】 韓国eSIM 3日間 (72時間) 電話番号付き 超高速データ無制限 最初の5分発信無料(韓国国内) お急ぎの方即時発行可(LINE相談受付中) 有効期限／ご購入日より120日以内 現地空港サポート(SKTelecomローミングセンター) SKテレコム正規品 韓国SIMカードタイプではありません"", ""score: local=6, roaming=1""], ""network_generation"": [""fallback_5g: source:image_alt: 【Almond SIM】中国本土・香港・マカオ対応 プリペイドSIMカード 7日間 10GB高速データ＋無制限低速データ 中国ネット規制対象外 Google/LINE/YouTube利用可 24時間多言語サポート 5G/4G対応 (7日間10GB高速"", ""fallback_4g_lte: source:image_alt: 香港 マカオ ESIMプラン 3日間 完全無制限 4G-LTE 高速データ 使い放題 当日発行可能 出発前日本テスト用eSIM500MB 香港 マカオ プリペイドSIM 香港 esim 香港 マカオsim (3日間完全無制限)"", ""fallback_only_network_generation_signal""], ""carrier_support_local"": [""CTM: 【安定した高速通信】香港 マカオで利用可能なプリペイドSIMカード。安定した4G-lte高速データ通信。キャリア：香港：Smartone、HKT、3 マカオ:CTM 。※データ容量無制限。ただしデータ一日使用量が2GBに達すると最大通信速度が128kbpsに低下します。翌日の香港時間0時自動的にスピ"", ""CTM: Amazon.co.jp: 香港 マカオ simcard 大容量 2GB/日 高速データ通信 低速データ無制限 使い放題 プリペイド SIMカードsimcard 香港simcard マカオ simcard 香港sim マカオ sim (3日間) : 家電＆カメラ 次に移動 メインコンテンツ この商品""], ""review_count"": [""detail_page: (19)""], ""bestseller_rank"": [""Amazon 売れ筋ランキング 家電＆カメラ - 23,075位 ( 家電＆カメラの売れ筋ランキングを見る ) プリペイドSIMカード - 284位""], ""title"": [""香港 マカオ simcard 大容量 2GB/日 高速データ通信 低速データ無制限 使い放題 プリペイド SIMカードsimcard 香港simcard マカオ simcard 香港sim マカオ sim (3日間)""]}"
amazon_jp,mo,【中国 マカオ 香港 eSIM】4日間無制限 実名登録不要 QRコード設定 メール登録で納品 即日発行対応 急ぎの方LINEサポート 高速データ通信 低速なし 中国ネット規制対象外 Line、Youtube、GoogleなどVPNなしで利用可能 中国sim 香港sim マカオsim (4日間),1519,185,,,,,1260,4일,4일,90일,unknown,lte_4g_only,,,"{""ctm"": null, ""china_telecom_macau"": null, ""three_macau"": null}","{""skt"": null, ""kt"": null, ""lgu"": null}",unlimited,https://www.amazon.co.jp/eSIM%E3%80%914%E6%97%A5%E9%96%93%E7%84%A1%E5%88%B6%E9%99%90-%E6%80%A5%E3%81%8E%E3%81%AE%E6%96%B9LINE%E3%82%B5%E3%83%9D%E3%83%BC%E3%83%88-%E4%B8%AD%E5%9B%BD%E3%83%8D%E3%83%83%E3%83%88%E8%A6%8F%E5%88%B6%E5%AF%BE%E8%B1%A1%E5%A4%96-Line%E3%80%81Youtube%E3%80%81Google%E3%81%AA%E3%81%A9VPN%E3%81%AA%E3%81%97%E3%81%A7%E5%88%A9%E7%94%A8%E5%8F%AF%E8%83%BD-4%E6%97%A5%E9%96%93/dp/B0FQNHD81R,B0FQNHD81R,B0FQNHD81R,SYE店舗,ブランド: ノーブランド品,"{""price_jpy"": [""￥1,519""], ""usage_validity"": [""【中国 マカオ 香港 eSIM】4日間無制限 実名登録不要 QRコード設定 メール登録で納品 即日発行対応 急ぎの方LINEサポート 高速データ通信 低速なし 中国ネット規制対象外 Line、Youtube、GoogleなどVPNなしで利用可能 中国sim 香港sim マカオsim (4日間)""], ""activation_validity"": [""【有効期限】eSIM QRコードを受け取ってから90日間です""], ""data_amount"": [""✈️【高速データ通信】中国本土・香港・マカオで利用可能。無制限に使用可能です。旅行や出張先でも、高速インターネットでスムーズに使用！香港で5G通信可能。 ✈️【当日 納品可能】eSIMをご購入後、商品画像に記載された方法に従ってeSIM情報を取得して下さい。最短当日にご利用可能です。""], ""network_type"": [""roaming_signal: ⚠️【注意事項①】本製品は SIMロック解除済みかつeSIM対応スマートフォン のみでご利用いただけます。 ⚠️【注意事項②】ご利用日当日にスマートフォンをネットワークへ接続し、送付された eSIMのQRコードをスキャン して追加してください。目的地到着後、そのeSIMを選択し「ローミングをオン」にすると通信が可能になります。"", ""insufficient_or_conflicting_signals(local=0, roaming=1)""], ""network_generation"": [""product_info_cellular_4g_lte: source:product_info_cellular: 携帯電話技術 LTE"", ""product_info_cellular_4g_lte: source:product_info_cellular: 携帯電話技術 LTE""], ""review_count"": [""detail_page: 185""], ""bestseller_rank"": [""Amazon 売れ筋ランキング 家電＆カメラ - 151,359位 ( 家電＆カメラの売れ筋ランキングを見る ) プリペイドSIMカード - 1,260位""], ""title"": [""【中国 マカオ 香港 eSIM】4日間無制限 実名登録不要 QRコード設定 メール登録で納品 即日発行対応 急ぎの方LINEサポート 高速データ通信 低速なし 中国ネット規制対象外 Line、Youtube、GoogleなどVPNなしで利用可能 中国sim 香港sim マカオsim (4日間)""]}"
amazon_jp,mo,アジア10ヶ国eSIM 8日 データ容量5GB ローミングeSIM 5G/4G対応 LINEで24時間サポート プリペイド SIM/利用可能国：マカオ・マレーシア・インドネシア・シンガポール・タイ・フィリピン・ベトナム等 ＭＥＷＭＥＷホーム (８日間 5GB),1780,11,,,,,1253,8일,8일,8일,unknown,lte_4g_only,,,"{""ctm"": null, ""china_telecom_macau"": null, ""three_macau"": null}","{""skt"": null, ""kt"": null, ""lgu"": null}",5GB,https://www.amazon.co.jp/LINE%E3%81%A724%E6%99%82%E9%96%93%E3%82%B5%E3%83%9D%E3%83%BC%E3%83%88-%E5%88%A9%E7%94%A8%E5%8F%AF%E8%83%BD%E5%9B%BD%EF%BC%9A%E3%83%9E%E3%82%AB%E3%82%AA%E3%83%BB%E3%83%9E%E3%83%AC%E3%83%BC%E3%82%B7%E3%82%A2%E3%83%BB%E3%82%A4%E3%83%B3%E3%83%89%E3%83%8D%E3%82%B7%E3%82%A2%E3%83%BB%E3%82%B7%E3%83%B3%E3%82%AC%E3%83%9D%E3%83%BC%E3%83%AB%E3%83%BB%E3%82%BF%E3%82%A4%E3%83%BB%E3%83%95%E3%82%A3%E3%83%AA%E3%83%94%E3%83%B3%E3%83%BB%E3%83%99%E3%83%88%E3%83%8A%E3%83%A0%E7%AD%89-%EF%BC%AD%EF%BC%A5%EF%BC%B7%EF%BC%AD%EF%BC%A5%EF%BC%B7%E3%83%9B%E3%83%BC%E3%83%A0-%EF%BC%98%E6%97%A5%E9%96%93-5GB/dp/B0FKSCNDJD,B0FKSCNDJD,B0FKSCNDJD,mewmewホーム eSIM,ＭＥＷＭＥＷホームのストアを表示,"{""price_jpy"": [""￥1,780""], ""usage_validity"": [""アジア10ヶ国eSIM 8日 データ容量5GB ローミングeSIM 5G/4G対応 LINEで24時間サポート プリペイド SIM/利用可能国：マカオ・マレーシア・インドネシア・シンガポール・タイ・フィリピン・ベトナム等 ＭＥＷＭＥＷホーム (８日間 5GB)""], ""activation_validity"": [""【eSIM】 SIM2Flyアジア データ容量6GB 利用期間8日間(192時間) / ※esimの為、物理SIMの発送はありません。■SIM有効期限2026年6月30日迄 /利用国：インドネシア オーストラリア 韓国 シンガポール 台湾 中国 日本""], ""data_amount"": [""アジア周遊中、この1枚のeSIMだけでOK！面倒な交換の必要がなく、とても便利です。・利用期間：8日間・データ容量：5GB（高速通信）・容量超過後：256Kbpsで無制限に利用可能（通信が止まることはありません）・データ通信専用 (通話・SMS利用は出来ません)""], ""network_type"": [""local_signal: 【SKTelecoｍ公式認証】 韓国eSIM 3日間 (72時間) 電話番号付き 超高速データ無制限 最初の5分発信無料(韓国国内) お急ぎの方即時発行可(LINE相談受付中) 有効期限／ご購入日より120日以内 現地空港サポート(SKTelecomローミングセンター) SKテレコム正規品 韓国SIMカードタイプではありません"", ""roaming_signal: アジア10ヶ国eSIM 8日 データ容量5GB ローミングeSIM 5G/4G対応 LINEで24時間サポート プリペイド SIM/利用可能国：マカオ・マレーシア・インドネシア・シンガポール・タイ・フィリピン・ベトナム等 ＭＥＷＭＥＷホーム (８日間 5GB)"", ""insufficient_or_conflicting_signals(local=3, roaming=12)""], ""network_generation"": [""product_info_cellular_4g_lte: source:product_info_cellular: 携帯電話技術 LTE"", ""product_info_cellular_4g_lte: source:product_info_cellular: 携帯電話技術 LTE""], ""review_count"": [""detail_page: (11)""], ""bestseller_rank"": [""Amazon 売れ筋ランキング 家電＆カメラ - 150,132位 ( 家電＆カメラの売れ筋ランキングを見る ) プリペイドSIMカード - 1,253位""], ""title"": [""アジア10ヶ国eSIM 8日 データ容量5GB ローミングeSIM 5G/4G対応 LINEで24時間サポート プリペイド SIM/利用可能国：マカオ・マレーシア・インドネシア・シンガポール・タイ・フィリピン・ベトナム等 ＭＥＷＭＥＷホーム (８日間 5GB)""]}"
amazon_jp,mo,【 中国 eSIM 】8日間 無制限 本人確認不要 高速データ通信（低速なし） 中国ネット規制対象外 Line Youtube GoogleなどVPNなしで利用可能 即日発行可能 LINEで年中無休24時間サポート 中国sim 香港sim マカオsim イーシム (eSIM | 8日間無制限),2980,6,,,,,838,8일,8일,90일,local,5g_capable,,,"{""ctm"": null, ""china_telecom_macau"": null, ""three_macau"": null}","{""skt"": null, ""kt"": null, ""lgu"": null}",unlimited,https://www.amazon.co.jp/eSIM-%E9%AB%98%E9%80%9F%E3%83%87%E3%83%BC%E3%82%BF%E9%80%9A%E4%BF%A1%EF%BC%88%E4%BD%8E%E9%80%9F%E3%81%AA%E3%81%97%EF%BC%89-Google%E3%81%AA%E3%81%A9VPN%E3%81%AA%E3%81%97%E3%81%A7%E5%88%A9%E7%94%A8%E5%8F%AF%E8%83%BD-LINE%E3%81%A7%E5%B9%B4%E4%B8%AD%E7%84%A1%E4%BC%9124%E6%99%82%E9%96%93%E3%82%B5%E3%83%9D%E3%83%BC%E3%83%88-8%E6%97%A5%E9%96%93%E7%84%A1%E5%88%B6%E9%99%90/dp/B0DTY36NVT,B0DTY36NVT,B0DTY36NVT,Global Simcard,アーモンド　ＳＩｍ　ｃａｒｄのストアを表示,"{""price_jpy"": [""￥2,980""], ""usage_validity"": [""【 中国 eSIM 】8日間 無制限 本人確認不要 高速データ通信（低速なし） 中国ネット規制対象外 Line Youtube GoogleなどVPNなしで利用可能 即日発行可能 LINEで年中無休24時間サポート 中国sim 香港sim マカオsim イーシム (eSIM | 8日間無制限)""], ""activation_validity"": [""【有効期限】メールで納品後、90日以内にご利用ください。""], ""data_amount"": [""【高速データ通信】完全無制限、低速度なし！！""], ""network_type"": [""【ベトナムeSIM】 7日間 高速データ無制限 電話番号付き 通話・SMS受信のみ可能 お急ぎの方即日対応(LINE相談受付中) 有効期限 / ご購入日より30日以内 ベトナムSIMカードタイプではありません"", ""score: local=3, roaming=0""], ""network_generation"": [""product_info_cellular_5g: source:product_info_cellular: 携帯電話技術 5G/4G-LTE"", ""product_info_cellular_5g: source:product_info_cellular: 携帯電話技術 5G/4G-LTE""], ""review_count"": [""detail_page: (6)""], ""bestseller_rank"": [""Amazon 売れ筋ランキング 家電＆カメラ - 89,757位 ( 家電＆カメラの売れ筋ランキングを見る ) プリペイドSIMカード - 838位""], ""title"": [""【 中国 eSIM 】8日間 無制限 本人確認不要 高速データ通信（低速なし） 中国ネット規制対象外 Line Youtube GoogleなどVPNなしで利用可能 即日発行可能 LINEで年中無休24時間サポート 中国sim 香港sim マカオsim イーシム (eSIM | 8日間無制限)""]}"
amazon_jp,mo,【香港・マカオ eSIM】4日間 3GB（コスパ重視） DeSiM正規卸 | LINE相談受付中 | データ通信専用（電話番号なし） | simフリー端末のみ対応 説明書付 イーシム DeSiM,1250,9,,,,,1231,3일,3일,4일,local,lte_4g_only,,,"{""ctm"": null, ""china_telecom_macau"": null, ""three_macau"": null}","{""skt"": null, ""kt"": null, ""lgu"": null}",3GB,https://www.amazon.co.jp/3GB%EF%BC%88%E3%82%B3%E3%82%B9%E3%83%91%E9%87%8D%E8%A6%96%EF%BC%89-LINE%E7%9B%B8%E8%AB%87%E5%8F%97%E4%BB%98%E4%B8%AD%EF%BD%9C%E5%BD%93%E6%97%A5%E7%99%BA%E8%A1%8C%E5%8F%AF%E8%83%BD-%E3%83%87%E3%83%BC%E3%82%BF%E9%80%9A%E4%BF%A1%E5%B0%82%E7%94%A8%EF%BC%88%E9%9B%BB%E8%A9%B1%E7%95%AA%E5%8F%B7%E3%81%AA%E3%81%97%EF%BC%89-sim%E3%83%95%E3%83%AA%E3%83%BC%E7%AB%AF%E6%9C%AB%E3%81%AE%E3%81%BF%E5%AF%BE%E5%BF%9C-DeSiM/dp/B0F1DYXVWP,B0F1DYXVWP,B0F1DYXVWP,DeSiM,DeSiMのストアを表示,"{""price_jpy"": [""￥1,250""], ""usage_validity"": [""【SKTelecoｍ公式認証】 韓国eSIM 3日間 (72時間) 電話番号付き 超高速データ無制限 最初の5分発信無料(韓国国内) お急ぎの方即時発行可(LINE相談受付中) 有効期限／ご購入日より120日以内 現地空港サポート(SKTelecomローミングセンター) SKテレコム正規品 韓国SIMカードタイプではありません""], ""activation_validity"": [""【香港・マカオ eSIM】4日間 3GB（コスパ重視） DeSiM正規卸 | LINE相談受付中 | データ通信専用（電話番号なし） | simフリー端末のみ対応 説明書付 イーシム DeSiM""], ""data_amount"": [""【香港・マカオ eSIM】4日間 3GB（コスパ重視） DeSiM正規卸 | LINE相談受付中｜当日発行可能 | データ通信専用（電話番号なし） | simフリー端末のみ対応 説明書付 イーシム DeSiM""], ""network_type"": [""【チョコSIM 定額（Sプラン）】【中国の電話番号付きでアプリや施設サービスのSMS認証が可能】【データ容量】合計500MB/月【音声】合計20分間/月 データ/音声/SMS付きSIMカード 中国SIM マカオSIM China unicom ※こちらのSIMカードは契約後、毎月の基本料が発生いたします。※2024年11月1日から台湾でのご利用はできなくなり"", ""【SKTelecoｍ公式認証】 韓国eSIM 3日間 (72時間) 電話番号付き 超高速データ無制限 最初の5分発信無料(韓国国内) お急ぎの方即時発行可(LINE相談受付中) 有効期限／ご購入日より120日以内 現地空港サポート(SKTelecomローミングセンター) SKテレコム正規品 韓国SIMカードタイプではありません"", ""score: local=6, roaming=0""], ""network_generation"": [""product_info_cellular_4g_lte: source:product_info_cellular: 携帯電話技術 LTE"", ""product_info_cellular_4g_lte: source:product_info_cellular: 携帯電話技術 LTE""], ""review_count"": [""detail_page: (9)""], ""bestseller_rank"": [""Amazon 売れ筋ランキング 家電＆カメラ - 146,433位 ( 家電＆カメラの売れ筋ランキングを見る ) プリペイドSIMカード - 1,231位""], ""title"": [""【香港・マカオ eSIM】4日間 3GB（コスパ重視） DeSiM正規卸 | LINE相談受付中 | データ通信専用（電話番号なし） | simフリー端末のみ対応 説明書付 イーシム DeSiM""]}"
amazon_jp,mo,アジア10ヵ国周遊SIM 利用期間8日データ容量6GB データ通信 プリペイドSIM ローミングSIM 利用国：インドネシア、韓国、シンガポール、タイ、中国、日本、ベトナム、香港、マカオ、マレーシア,1880,7,,,50,,86,1일,1일,8일,roaming,lte_4g_only,,,"{""ctm"": null, ""china_telecom_macau"": null, ""three_macau"": null}","{""skt"": null, ""kt"": null, ""lgu"": null}",6GB,https://www.amazon.co.jp/%E3%82%A2%E3%82%B8%E3%82%A210%E3%83%B5%E5%9B%BD%E5%91%A8%E9%81%8ASIM-%E5%88%A9%E7%94%A8%E6%9C%9F%E9%96%938%E6%97%A5%E3%83%87%E3%83%BC%E3%82%BF%E5%AE%B9%E9%87%8F6GB-%E3%83%97%E3%83%AA%E3%83%9A%E3%82%A4%E3%83%89SIM-%E3%83%AD%E3%83%BC%E3%83%9F%E3%83%B3%E3%82%B0SIM-%E5%88%A9%E7%94%A8%E5%9B%BD%EF%BC%9A%E3%82%A4%E3%83%B3%E3%83%89%E3%83%8D%E3%82%B7%E3%82%A2%E3%80%81%E9%9F%93%E5%9B%BD%E3%80%81%E3%82%B7%E3%83%B3%E3%82%AC%E3%83%9D%E3%83%BC%E3%83%AB%E3%80%81%E3%82%BF%E3%82%A4%E3%80%81%E4%B8%AD%E5%9B%BD%E3%80%81%E6%97%A5%E6%9C%AC%E3%80%81%E3%83%99%E3%83%88%E3%83%8A%E3%83%A0%E3%80%81%E9%A6%99%E6%B8%AF%E3%80%81%E3%83%9E%E3%82%AB%E3%82%AA%E3%80%81%E3%83%9E%E3%83%AC%E3%83%BC%E3%82%B7%E3%82%A2/dp/B0G39ZT22N,B0G39ZT22N,B0G39ZT22N,ブランド: Wise SIM,ブランド: Wise SIM,"{""price_jpy"": [""価格 ￥1,880 ￥1,299 ￥1,880 ￥1,380 ￥2,780""], ""usage_validity"": [""■利用期間：台湾の通信会社が発行しているSIMの為、台湾時間を基準として電波を受信後8日(日数カウント) 例えば台湾の23時に利用開始した場合、1時間で1日分としてカウントされますのでご留意ください。 ※延長・チャージは出来ません。""], ""activation_validity"": [""アジア10ヵ国周遊SIM 利用期間8日データ容量6GB データ通信 プリペイドSIM ローミングSIM 利用国：インドネシア、韓国、シンガポール、タイ、中国、日本、ベトナム、香港、マカオ、マレーシア""], ""data_amount"": [""【データ容量】 高速データ通信が6GB利用可能です。 ※上限後128kbpsへ速度低下となりますが期限迄は止まる事無く通信利用が可能です。""], ""network_type"": [""アジア10ヵ国周遊SIM 利用期間8日データ容量6GB データ通信 プリペイドSIM ローミングSIM 利用国：インドネシア、韓国、シンガポール、タイ、中国、日本、ベトナム、香港、マカオ、マレーシア"", ""Amazon.co.jp: アジア10ヵ国周遊SIM 利用期間8日データ容量6GB データ通信 プリペイドSIM ローミングSIM 利用国：インドネシア、韓国、シンガポール、タイ、中国、日本、ベトナム、香港、マカオ、マレーシア : 家電＆カメラ"", ""score: local=0, roaming=8""], ""network_generation"": [""product_info_cellular_4g_lte: source:product_info_cellular: 携帯電話技術 4G/LTE"", ""product_info_cellular_4g_lte: source:product_info_cellular: 携帯電話技術 4G/LTE""], ""monthly_sold_count"": [""search_result_fallback: 50""], ""review_count"": [""detail_page: (7)""], ""bestseller_rank"": [""Amazon 売れ筋ランキング 家電＆カメラ - 7,583位 ( 家電＆カメラの売れ筋ランキングを見る ) プリペイドSIMカード - 86位""], ""title"": [""アジア10ヵ国周遊SIM 利用期間8日データ容量6GB データ通信 プリペイドSIM ローミングSIM 利用国：インドネシア、韓国、シンガポール、タイ、中国、日本、ベトナム、香港、マカオ、マレーシア""]}"
amazon_jp,mo,【中国 香港 マカオ eSIM】7日間 完全無制限 実名登録不要 高速データ通信 低速なし 中国ネット規制対象外 Line、Youtube、GoogleなどVPNなしで利用可能 QRコード設定 メール登録で納品 即日発行対応 急ぎの方LINEサポートあり 中国esim 香港esim マカオesim マグロeSIM,2680,43,,,,,952,1일,1일,7일,unknown,lte_4g_only,,,"{""ctm"": null, ""china_telecom_macau"": null, ""three_macau"": null}","{""skt"": null, ""kt"": null, ""lgu"": null}",unlimited,https://www.amazon.co.jp/eSIM%E3%80%917%E6%97%A5%E9%96%93-%E4%B8%AD%E5%9B%BD%E3%83%8D%E3%83%83%E3%83%88%E8%A6%8F%E5%88%B6%E5%AF%BE%E8%B1%A1%E5%A4%96-Line%E3%80%81Youtube%E3%80%81Google%E3%81%AA%E3%81%A9VPN%E3%81%AA%E3%81%97%E3%81%A7%E5%88%A9%E7%94%A8%E5%8F%AF%E8%83%BD-%E6%80%A5%E3%81%8E%E3%81%AE%E6%96%B9LINE%E3%82%B5%E3%83%9D%E3%83%BC%E3%83%88%E3%81%82%E3%82%8A-%E3%83%9E%E3%82%B0%E3%83%ADeSIM/dp/B0DW7FVQK8,B0DW7FVQK8,B0DW7FVQK8,マグロeSIM,マグロeSIMのストアを表示,"{""price_jpy"": [""￥2,680""], ""usage_validity"": [""【注意事項①】有効期限：eSIM QRコードを受け取ってから90日間です（有効期間内にご利用ください）。eSIMの使用期間については、24時間を1日とカウントされますので、ご了承ください。""], ""activation_validity"": [""【中国 香港 マカオ eSIM】7日間 完全無制限 実名登録不要 高速データ通信 低速なし 中国ネット規制対象外 Line、Youtube、GoogleなどVPNなしで利用可能 QRコード設定 メール登録で納品 即日発行対応 急ぎの方LINEサポートあり 中国esim 香港esim マカオesim マグロeSIM""], ""data_amount"": [""【高速データ】高速データ通信が無制限に使用可能です。""], ""network_type"": [""local_signal: 【チョコSIM 定額（Sプラン）】【中国の電話番号付きでアプリや施設サービスのSMS認証が可能】【データ容量】合計500MB/月【音声】合計20分間/月 データ/音声/SMS付きSIMカード 中国SIM マカオSIM China unicom ※こちらのSIMカードは契約後、毎月の基本料が発生いたします。※2024年11月1日から台湾でのご利用はできなくなり"", ""roaming_signal: 商品の説明 購入前にご注意！ 注意事項①：ご購入後、商品画像に記載されたURLにアクセスし必要事項を入力→メールアドレスにPDFの説明書とeSIMのQRコードが届きます！ 注意事項②：SIMロックフリー端末、もしくはSIMフリー端末専用のサービスです。必ず、ご利用端末がeSIM対応かどうかご確認ください。 注意事項③：eSIM対応端末のみ利用可能。※通信キャ"", ""insufficient_or_conflicting_signals(local=6, roaming=3)""], ""network_generation"": [""product_info_cellular_4g_lte: source:product_info_cellular: 携帯電話技術 LTE"", ""product_info_cellular_4g_lte: source:product_info_cellular: 携帯電話技術 LTE""], ""review_count"": [""detail_page: (43)""], ""bestseller_rank"": [""Amazon 売れ筋ランキング 家電＆カメラ - 107,026位 ( 家電＆カメラの売れ筋ランキングを見る ) プリペイドSIMカード - 952位""], ""title"": [""【中国 香港 マカオ eSIM】7日間 完全無制限 実名登録不要 高速データ通信 低速なし 中国ネット規制対象外 Line、Youtube、GoogleなどVPNなしで利用可能 QRコード設定 メール登録で納品 即日発行対応 急ぎの方LINEサポートあり 中国esim 香港esim マカオesim マグロeSIM""]}"
amazon_jp,mo,【香港・マカオ eSIM】5日間 高速無制限 データ通信専用（電話番号なし） 5G/4G-LTE対応 当日発行可能 説明書付き LINEで24時間サポート 香港SIM マカオSIM MEWMEWホーム (5日間),1880,11,,,,,1696,3일,3일,5일,unknown,5g_capable,,,"{""ctm"": null, ""china_telecom_macau"": null, ""three_macau"": null}","{""skt"": null, ""kt"": null, ""lgu"": null}",unlimited,https://www.amazon.co.jp/eSIM%E3%80%915%E6%97%A5%E9%96%93-%E3%83%87%E3%83%BC%E3%82%BF%E9%80%9A%E4%BF%A1%E5%B0%82%E7%94%A8%EF%BC%88%E9%9B%BB%E8%A9%B1%E7%95%AA%E5%8F%B7%E3%81%AA%E3%81%97%EF%BC%89-LINE%E3%81%A724%E6%99%82%E9%96%93%E3%82%B5%E3%83%9D%E3%83%BC%E3%83%88-MEWMEW%E3%83%9B%E3%83%BC%E3%83%A0-5%E6%97%A5%E9%96%93/dp/B0F212285X,B0F212285X,B0F212285X,mewmewホーム eSIM,ＭＥＷＭＥＷホームのストアを表示,"{""price_jpy"": [""￥1,880""], ""usage_validity"": [""【SKTelecoｍ公式認証】 韓国eSIM 3日間 (72時間) 電話番号付き 超高速データ無制限 最初の5分発信無料(韓国国内) お急ぎの方即時発行可(LINE相談受付中) 有効期限／ご購入日より120日以内 現地空港サポート(SKTelecomローミングセンター) SKテレコム正規品 韓国SIMカードタイプではありません""], ""activation_validity"": [""【香港・マカオ eSIM】5日間 高速無制限 データ通信専用（電話番号なし） 5G/4G-LTE対応 当日発行可能 説明書付き LINEで24時間サポート 香港SIM マカオSIM MEWMEWホーム (5日間)""], ""data_amount"": [""【高速データ無制限】香港・マカオで高速データ通信が完全無制限で利用可能です。高画質動画の視聴、地図検索、写真や動画のシェアなど、快適なインターネット環境を提供します。""], ""network_type"": [""local_signal: 【チョコSIM 定額（Sプラン）】【中国の電話番号付きでアプリや施設サービスのSMS認証が可能】【データ容量】合計500MB/月【音声】合計20分間/月 データ/音声/SMS付きSIMカード 中国SIM マカオSIM China unicom ※こちらのSIMカードは契約後、毎月の基本料が発生いたします。※2024年11月1日から台湾でのご利用はできなくなり"", ""roaming_signal: トラベルコネクト 4G/5G 香港SIMカード - 3日間、毎日2GBの高速データ、通話やSMSなし | 観光客やビジネス旅行者、ローミング向けのプリペイド旅行SIM"", ""insufficient_or_conflicting_signals(local=6, roaming=2)""], ""network_generation"": [""title_5g: source:title: 【香港・マカオ eSIM】5日間 高速無制限 データ通信専用（電話番号なし） 5G/4G-LTE対応 当日発行可能 説明書付き LINEで24時間サポート 香港SIM マカオSIM MEWMEWホーム (5日間)"", ""title_4g_lte_signal_present_but_5g_capable_takes_precedence""], ""review_count"": [""detail_page: (11)""], ""bestseller_rank"": [""Amazon 売れ筋ランキング 家電＆カメラ - 212,629位 ( 家電＆カメラの売れ筋ランキングを見る ) プリペイドSIMカード - 1,696位""], ""title"": [""【香港・マカオ eSIM】5日間 高速無制限 データ通信専用（電話番号なし） 5G/4G-LTE対応 当日発行可能 説明書付き LINEで24時間サポート 香港SIM マカオSIM MEWMEWホーム (5日間)""]}"
amazon_jp,mo,【Almond SIM】中国本土 simcard 30日間 高速データ通信 完全無制限 香港 マカオにも利用可能 1-30日間選択可能 中国ネット規制対象外 中国でもGoogle、LINE、YouTubeなど利用可能 24時間安心サポート 5G 4G-LTE対応 プリペイド SIMカード China simカード (30日間/無制限),6980,29,,,,,404,3일,3일,30일,unknown,5g_capable,,,"{""ctm"": true, ""china_telecom_macau"": null, ""three_macau"": null}","{""skt"": null, ""kt"": null, ""lgu"": null}",unlimited,https://www.amazon.co.jp/30%E6%97%A5%E9%96%93-1-30%E6%97%A5%E9%96%93%E9%81%B8%E6%8A%9E%E5%8F%AF%E8%83%BD-%E4%B8%AD%E5%9B%BD%E3%83%8D%E3%83%83%E3%83%88%E8%A6%8F%E5%88%B6%E5%AF%BE%E8%B1%A1%E5%A4%96-%E4%B8%AD%E5%9B%BD%E3%81%A7%E3%82%82Google%E3%80%81LINE%E3%80%81YouTube%E3%81%AA%E3%81%A9%E5%88%A9%E7%94%A8%E5%8F%AF%E8%83%BD-%E7%84%A1%E5%88%B6%E9%99%90/dp/B0FMQQMKVK,B0FMQQMKVK,B0FMQQMKVK,株式会社ビッグコネクト,bigconnectのストアを表示,"{""price_jpy"": [""￥6,980""], ""usage_validity"": [""【SKTelecoｍ公式認証】 韓国eSIM 3日間 (72時間) 電話番号付き 超高速データ無制限 最初の5分発信無料(韓国国内) お急ぎの方即時発行可(LINE相談受付中) 有効期限／ご購入日より120日以内 現地空港サポート(SKTelecomローミングセンター) SKテレコム正規品 韓国SIMカードタイプではありません""], ""activation_validity"": [""【Almond SIM】中国本土 simcard 30日間 高速データ通信 完全無制限 香港 マカオにも利用可能 1-30日間選択可能 中国ネット規制対象外 中国でもGoogle、LINE、YouTubeなど利用可能 24時間安心サポート 5G 4G-LTE対応 プリペイド SIMカード China simカード (30日間/無制限)""], ""data_amount"": [""【データプラン】データ通信専用のSIMです。※高速データ容量は無制限。完全使い放題プラン、中国ネット規制対象外 中国でもGoogle、LINE、YouTubeなどVPNなしで利用可能、本人確認やSIMカード認証は不要で、1-30日間選択可能。""], ""network_type"": [""local_signal: 【SKTelecoｍ公式認証】 韓国eSIM 3日間 (72時間) 電話番号付き 超高速データ無制限 最初の5分発信無料(韓国国内) お急ぎの方即時発行可(LINE相談受付中) 有効期限／ご購入日より120日以内 現地空港サポート(SKTelecomローミングセンター) SKテレコム正規品 韓国SIMカードタイプではありません"", ""roaming_signal: 【中国ネット制限なし】中国本土での利用の場合は香港ローミング接続を行います。これにより中国政府のネット規制対象外となり、Google、Facebook、Twitter、Instagram等に接続可能です。中華圏渡航スケジュールに対応する手軽なプリペイドSIMカード。キャリア：中国：China Telecom 香港：3HK マカオ: CTM。"", ""insufficient_or_conflicting_signals(local=3, roaming=2)""], ""network_generation"": [""product_info_cellular_5g: source:product_info_cellular: 携帯電話技術 5G 4G-Lte"", ""product_info_cellular_5g: source:product_info_cellular: 携帯電話技術 5G 4G-Lte""], ""carrier_support_local"": [""CTM: 【中国ネット制限なし】中国本土での利用の場合は香港ローミング接続を行います。これにより中国政府のネット規制対象外となり、Google、Facebook、Twitter、Instagram等に接続可能です。中華圏渡航スケジュールに対応する手軽なプリペイドSIMカード。キャリア：中国：China Tel"", ""CTM: サービスプロバイダ 中国：China Telecom 香港：3HK マカオ: CTM"", ""CTM: Amazon.co.jp: 【Almond SIM】中国本土 simcard 30日間 高速データ通信 完全無制限 香港 マカオにも利用可能 1-30日間選択可能 中国ネット規制対象外 中国でもGoogle、LINE、YouTubeなど利用可能 24時間安心サポート 5G 4G-LTE対応 プリペイ""], ""review_count"": [""detail_page: (29)""], ""bestseller_rank"": [""Amazon 売れ筋ランキング 家電＆カメラ - 36,036位 ( 家電＆カメラの売れ筋ランキングを見る ) プリペイドSIMカード - 404位""], ""title"": [""【Almond SIM】中国本土 simcard 30日間 高速データ通信 完全無制限 香港 マカオにも利用可能 1-30日間選択可能 中国ネット規制対象外 中国でもGoogle、LINE、YouTubeなど利用可能 24時間安心サポート 5G 4G-LTE対応 プリペイド SIMカード China simカード (30日間/無制限)""]}"
amazon_jp,mo,【中国・香港・マカオeSIM】4日間 4GB プリペイドeSIM VPN不要 LINE・Google利用可 テザリング可 高速データ 5G/4G-LTE JETSIM,1380,8,,,,,1081,4일,4일,30일,local,5g_capable,,,"{""ctm"": true, ""china_telecom_macau"": null, ""three_macau"": null}","{""skt"": null, ""kt"": null, ""lgu"": null}",1GB/day,https://www.amazon.co.jp/%E3%83%9E%E3%82%AB%E3%82%AAeSIM%E3%80%914%E6%97%A5%E9%96%93-%E3%83%87%E3%83%BC%E3%82%BFSIM-%E3%83%97%E3%83%AA%E3%83%9A%E3%82%A4%E3%83%89SIM-%E3%82%B8%E3%82%A7%E3%83%83%E3%83%88%E3%83%A2%E3%83%90%E3%82%A4%E3%83%AB-%E3%83%86%E3%82%B6%E3%83%AA%E3%83%B3%E3%82%B0%E5%8F%AF/dp/B0DDBYVRYG,B0DDBYVRYG,B0DDBYVRYG,ジェスロモバイル,JETSIMのストアを表示,"{""price_jpy"": [""￥1,380""], ""usage_validity"": [""【中国・香港・マカオeSIM】4日間 4GB プリペイドeSIM VPN不要 LINE・Google利用可 テザリング可 高速データ 5G/4G-LTE JETSIM""], ""activation_validity"": [""商品の説明 購入後すぐにeSIMを使えますか？ はい、すぐにご利用いただけます。スムーズにご利用いただくために、申請フォームのご提出をお願いいたします。 eSIMのアクティベーションは必要ですか？ アクティベーションは不要です。eSIMをスマートフォンに追加すれば、現地に到着次第、自動的に接続されます！ 複数の国で利用できるプランは国をまたいで移動する際も、""], ""data_amount"": [""【データ無制限】中国・香港・マカオで4日間 5G/4G-LTE 高速データ4GB、その後2G速度で使い放題。テザリング対応。高速データ1日1GBまで。""], ""network_type"": [""【チョコSIM 定額（Sプラン）】【中国の電話番号付きでアプリや施設サービスのSMS認証が可能】【データ容量】合計500MB/月【音声】合計20分間/月 データ/音声/SMS付きSIMカード 中国SIM マカオSIM China unicom ※こちらのSIMカードは契約後、毎月の基本料が発生いたします。※2024年11月1日から台湾でのご利用はできなくなり"", ""【SKTelecoｍ公式認証】 韓国eSIM 3日間 (72時間) 電話番号付き 超高速データ無制限 最初の5分発信無料(韓国国内) お急ぎの方即時発行可(LINE相談受付中) 有効期限／ご購入日より120日以内 現地空港サポート(SKTelecomローミングセンター) SKテレコム正規品 韓国SIMカードタイプではありません"", ""score: local=6, roaming=0""], ""network_generation"": [""product_info_cellular_5g: source:product_info_cellular: 携帯電話技術 LTE, 5G"", ""product_info_cellular_5g: source:product_info_cellular: 携帯電話技術 LTE, 5G"", ""product_info_cellular_4g_lte_signal_present_but_5g_capable_takes_precedence""], ""carrier_support_local"": [""CTM: 【高品質回線】 大手通信キャリア回線を使用。広範囲で安定した快適な通信を提供。中国：中国聯通（China Unicom）回線。香港：3HK回線。マカオ：CTM回線。"", ""CTM: サービスプロバイダ 中国聯通（China Unicom）、3HK、CTM""], ""review_count"": [""detail_page: (8)""], ""bestseller_rank"": [""Amazon 売れ筋ランキング 家電＆カメラ - 126,268位 ( 家電＆カメラの売れ筋ランキングを見る ) プリペイドSIMカード - 1,081位""], ""title"": [""【中国・香港・マカオeSIM】4日間 4GB プリペイドeSIM VPN不要 LINE・Google利用可 テザリング可 高速データ 5G/4G-LTE JETSIM""]}"
amazon_jp,mo,【Docomo回線】365日間100GB 5G/4G/LTE対応 プリペイドSIM リチャージ可 期間延長可 残量確認可 契約不要 日本国内用 データ通信専用 物理SIM 大容量 ピン付き 設定簡単 年中無休 多言語安心サポート sim card japan【DXHUB】,15580,862,,,50,,43,180일,180일,365일,unknown,lte_4g_only,,,"{""ctm"": null, ""china_telecom_macau"": null, ""three_macau"": null}","{""skt"": null, ""kt"": null, ""lgu"": null}",2GB/day,https://www.amazon.co.jp/%E3%80%90Docomo%E5%9B%9E%E7%B7%9A%E3%80%91-365%E6%97%A5%E9%96%93100GB-%E3%83%97%E3%83%AA%E3%83%9A%E3%82%A4%E3%83%89SIM-LTE%E5%AF%BE%E5%BF%9C-%E4%BD%BF%E3%81%84%E6%8D%A8%E3%81%A6SIM%E3%80%90DXHUB%E3%80%91/dp/B093WJ26L4,B093WJ26L4,B093WJ26L4,DXHUB株式会社,ＤＸＨＵＢのストアを表示,"{""price_jpy"": [""￥15,580""], ""usage_validity"": [""商品の説明 通信速度改善のお知らせ 実際のユーザーはこんな使い方しています！ Previous page 毎回のSIM購入が面倒で、ついに100GBを選びました！ お客様の声｜365日間・100GB 詳細はこちら 会社直営で安心、データ管理もリチャージも簡単！ お客様の声｜30日間・50GB 詳細はこちら 一時帰国でも短期滞在でも、仕事も遊びも、ストレスなく""], ""activation_validity"": [""【Docomo回線】365日間100GB 5G/4G/LTE対応 プリペイドSIM リチャージ可 期間延長可 残量確認可 契約不要 日本国内用 データ通信専用 物理SIM 大容量 ピン付き 設定簡単 年中無休 多言語安心サポート sim card japan【DXHUB】""], ""data_amount"": [""商品の説明 通信速度改善のお知らせ 実際のユーザーはこんな使い方しています！ Previous page 毎回のSIM購入が面倒で、ついに100GBを選びました！ お客様の声｜365日間・100GB 詳細はこちら 会社直営で安心、データ管理もリチャージも簡単！ お客様の声｜30日間・50GB 詳細はこちら 一時帰国でも短期滞在でも、仕事も遊びも、ストレスなく""], ""network_type"": [""local_signal: 【チョコSIM 定額（Sプラン）】【中国の電話番号付きでアプリや施設サービスのSMS認証が可能】【データ容量】合計500MB/月【音声】合計20分間/月 データ/音声/SMS付きSIMカード 中国SIM マカオSIM China unicom ※こちらのSIMカードは契約後、毎月の基本料が発生いたします。※2024年11月1日から台湾でのご利用はできなくなり"", ""roaming_signal: プリペイドSIM 日本 SMS認証可能 受信OK 楽天モバイル 7GB/月 データ専用 初回通信月から最大13カ月(1年)有効 5G/4G-LTE対応 au回線/国際ローミング対応 rakuten Prepaid SIM JAPAN SIM with SMS/日本手机卡(可收短信)/日本電話卡(短信功能) 利用期間延長可能"", ""insufficient_or_conflicting_signals(local=6, roaming=6)""], ""network_generation"": [""product_info_cellular_4g_lte: source:product_info_cellular: 携帯電話技術 LTE"", ""product_info_cellular_4g_lte: source:product_info_cellular: 携帯電話技術 LTE""], ""monthly_sold_count"": [""DXHUB Docomo回線 プリペイドSIM 365日間100GB 5G/4G/LTE対応 次に移動 メインコンテンツ この商品について この商品について この商品について 購入オプション 類似商品と比較する ビデオ レビュー キーボードショートカット 検索 Alt + / カート Shift + Alt + C ホーム Shift + Alt + H 注""], ""review_count"": [""detail_page: (862)""], ""bestseller_rank"": [""Amazon 売れ筋ランキング 家電＆カメラ - 4,277位 ( 家電＆カメラの売れ筋ランキングを見る ) プリペイドSIMカード - 43位""], ""title"": [""【Docomo回線】365日間100GB 5G/4G/LTE対応 プリペイドSIM リチャージ可 期間延長可 残量確認可 契約不要 日本国内用 データ通信専用 物理SIM 大容量 ピン付き 設定簡単 年中無休 多言語安心サポート sim card japan【DXHUB】""]}"
amazon_jp,mo,【中国・マカオ物理SIM版】中国 SIMカード5日間 高速データSIMカード 2GB/日 中国ネット規制対象外Line、Youtube、GoogleなどVPNなしで利用可能。実名登録不要,1700,3,,,,,1767,3일,3일,5일,unknown,5g_capable,,,"{""ctm"": null, ""china_telecom_macau"": null, ""three_macau"": null}","{""skt"": null, ""kt"": null, ""lgu"": null}",2GB,https://www.amazon.co.jp/%E3%80%90%E4%B8%AD%E5%9B%BD%E3%83%BB%E3%83%9E%E3%82%AB%E3%82%AA%E7%89%A9%E7%90%86SIM%E7%89%88%E3%80%91%E4%B8%AD%E5%9B%BD-SIM%E3%82%AB%E3%83%BC%E3%83%895%E6%97%A5%E9%96%93-%E9%AB%98%E9%80%9F%E3%83%87%E3%83%BC%E3%82%BFSIM%E3%82%AB%E3%83%BC%E3%83%89-2GB-%E4%B8%AD%E5%9B%BD%E3%83%8D%E3%83%83%E3%83%88%E8%A6%8F%E5%88%B6%E5%AF%BE%E8%B1%A1%E5%A4%96Line%E3%80%81Youtube%E3%80%81Google%E3%81%AA%E3%81%A9VPN%E3%81%AA%E3%81%97%E3%81%A7%E5%88%A9%E7%94%A8%E5%8F%AF%E8%83%BD%E3%80%82%E5%AE%9F%E5%90%8D%E7%99%BB%E9%8C%B2%E4%B8%8D%E8%A6%81/dp/B0FKGMXZHK,B0FKGMXZHK,B0FKGMXZHK,RoamingSaver,ブランド: ROAMING SAVER,"{""price_jpy"": [""￥1,700""], ""usage_validity"": [""【SKTelecoｍ公式認証】 韓国eSIM 3日間 (72時間) 電話番号付き 超高速データ無制限 最初の5分発信無料(韓国国内) お急ぎの方即時発行可(LINE相談受付中) 有効期限／ご購入日より120日以内 現地空港サポート(SKTelecomローミングセンター) SKテレコム正規品 韓国SIMカードタイプではありません""], ""activation_validity"": [""【中国・マカオ物理SIM版】中国 SIMカード5日間 高速データSIMカード 2GB/日 中国ネット規制対象外Line、Youtube、GoogleなどVPNなしで利用可能。実名登録不要""], ""data_amount"": [""☎利用期間・通信量☎5日間、每日2GB高速（5G / 4G）データ通信量""], ""network_type"": [""local_signal: 【SKTelecoｍ公式認証】 韓国eSIM 3日間 (72時間) 電話番号付き 超高速データ無制限 最初の5分発信無料(韓国国内) お急ぎの方即時発行可(LINE相談受付中) 有効期限／ご購入日より120日以内 現地空港サポート(SKTelecomローミングセンター) SKテレコム正規品 韓国SIMカードタイプではありません"", ""roaming_signal: 商品の説明 ◤◢◤ 中国移動（チャイナ・モバイル）◢◤◢ ** 中国移動（チャイナ・モバイル） **は、中国を代表する大手通信会社です。スマートフォン向けの通信やインターネットサービス、企業向けのソリューションなど、さまざまなサービスを提供しています。1997年に設立され、中国政府が出資する国有企業として運営されています。 中国全土に広がる大規模なネットワー"", ""insufficient_or_conflicting_signals(local=3, roaming=4)""], ""network_generation"": [""product_info_cellular_5g: source:product_info_cellular: 携帯電話技術 5G/4GLTE"", ""product_info_cellular_5g: source:product_info_cellular: 携帯電話技術 5G/4GLTE""], ""review_count"": [""detail_page: (3)""], ""bestseller_rank"": [""Amazon 売れ筋ランキング 家電＆カメラ - 221,615位 ( 家電＆カメラの売れ筋ランキングを見る ) プリペイドSIMカード - 1,767位""], ""title"": [""【中国・マカオ物理SIM版】中国 SIMカード5日間 高速データSIMカード 2GB/日 中国ネット規制対象外Line、Youtube、GoogleなどVPNなしで利用可能。実名登録不要""]}"
amazon_jp,mo,【中国・香港・マカオ eSIM】5日間 5GB（四泊五日 コスパ重視） DeSiM正規卸 |LINE相談受付中 |データ通信専用（電話番号なし） simフリー端末のみ対応 説明書付 イーシム,2050,16,,,,,700,5일,5일,7일,unknown,lte_4g_only,,,"{""ctm"": null, ""china_telecom_macau"": null, ""three_macau"": null}","{""skt"": null, ""kt"": null, ""lgu"": null}",unlimited,https://www.amazon.co.jp/%E3%80%90%E4%B8%AD%E5%9B%BD%E3%83%BB%E9%A6%99%E6%B8%AF%E3%83%BB%E3%83%9E%E3%82%AB%E3%82%AA-eSIM%E3%80%915%E6%97%A5%E9%96%93-LINE%E7%9B%B8%E8%AB%87%E5%8F%97%E4%BB%98%E4%B8%AD-%E3%83%87%E3%83%BC%E3%82%BF%E9%80%9A%E4%BF%A1%E5%B0%82%E7%94%A8%EF%BC%88%E9%9B%BB%E8%A9%B1%E7%95%AA%E5%8F%B7%E3%81%AA%E3%81%97%EF%BC%89-sim%E3%83%95%E3%83%AA%E3%83%BC%E7%AB%AF%E6%9C%AB%E3%81%AE%E3%81%BF%E5%AF%BE%E5%BF%9C/dp/B0D5WB7B48,B0D5WB7B48,B0D5WB7B48,DeSiM,DeSiMのストアを表示,"{""price_jpy"": [""￥2,050""], ""usage_validity"": [""【中国・香港・マカオ eSIM】5日間 5GB（四泊五日 コスパ重視） DeSiM正規卸 |LINE相談受付中 |データ通信専用（電話番号なし） simフリー端末のみ対応 説明書付 イーシム""], ""activation_validity"": [""商品の説明 購入前の注意事項 【注意事項】 注意事項①：本商品はデータ通信専用です（通話はご利用いただけません）。ご注意ください。 注意事項②：SIMロックフリー端末、もしくはSIMフリー端末専用のサービスです。必ず、ご利用端末がeSIM対応かどうかご確認ください。 注意事項③：2021年10月1日以前にSIMロック解除をキャリア店頭またはインターネットでさ""], ""data_amount"": [""商品の説明 購入前の注意事項 【注意事項】 注意事項①：本商品はデータ通信専用です（通話はご利用いただけません）。ご注意ください。 注意事項②：SIMロックフリー端末、もしくはSIMフリー端末専用のサービスです。必ず、ご利用端末がeSIM対応かどうかご確認ください。 注意事項③：2021年10月1日以前にSIMロック解除をキャリア店頭またはインターネットでさ""], ""network_type"": [""local_signal: 商品の説明 購入前の注意事項 【注意事項】 注意事項①：本商品はデータ通信専用です（通話はご利用いただけません）。ご注意ください。 注意事項②：SIMロックフリー端末、もしくはSIMフリー端末専用のサービスです。必ず、ご利用端末がeSIM対応かどうかご確認ください。 注意事項③：2021年10月1日以前にSIMロック解除をキャリア店頭またはインターネットでさ"", ""roaming_signal: 商品の説明 購入前の注意事項 【注意事項】 注意事項①：本商品はデータ通信専用です（通話はご利用いただけません）。ご注意ください。 注意事項②：SIMロックフリー端末、もしくはSIMフリー端末専用のサービスです。必ず、ご利用端末がeSIM対応かどうかご確認ください。 注意事項③：2021年10月1日以前にSIMロック解除をキャリア店頭またはインターネットでさ"", ""insufficient_or_conflicting_signals(local=9, roaming=2)""], ""network_generation"": [""product_info_cellular_4g_lte: source:product_info_cellular: 携帯電話技術 LTE"", ""product_info_cellular_4g_lte: source:product_info_cellular: 携帯電話技術 LTE""], ""review_count"": [""detail_page: (16)""], ""bestseller_rank"": [""Amazon 売れ筋ランキング 家電＆カメラ - 69,421位 ( 家電＆カメラの売れ筋ランキングを見る ) プリペイドSIMカード - 700位""], ""title"": [""【中国・香港・マカオ eSIM】5日間 5GB（四泊五日 コスパ重視） DeSiM正規卸 |LINE相談受付中 |データ通信専用（電話番号なし） simフリー端末のみ対応 説明書付 イーシム""]}"
amazon_jp,mo,【iPhone用】香港・マカオ プリペイドSIM 4日間 データ通信使い放題 5G/4G回線 香港プリペイドSIM 香港シム ローミングSIM,1620,24,,,,,2908,4일,4일,31일,roaming,lte_4g_only,,,"{""ctm"": null, ""china_telecom_macau"": null, ""three_macau"": null}","{""skt"": null, ""kt"": null, ""lgu"": null}",unlimited,https://www.amazon.co.jp/%E3%80%90iPhone%E7%94%A8%E3%80%91%E9%A6%99%E6%B8%AF%E3%83%BB%E3%83%9E%E3%82%AB%E3%82%AA-%E3%83%97%E3%83%AA%E3%83%9A%E3%82%A4%E3%83%89SIM-%E3%83%87%E3%83%BC%E3%82%BF%E9%80%9A%E4%BF%A1%E4%BD%BF%E3%81%84%E6%94%BE%E9%A1%8C-%E9%A6%99%E6%B8%AF%E3%83%97%E3%83%AA%E3%83%9A%E3%82%A4%E3%83%89SIM-%E3%83%AD%E3%83%BC%E3%83%9F%E3%83%B3%E3%82%B0SIM/dp/B0GKP9B1C1,B0GKP9B1C1,B0GKP9B1C1,ブランド: Wise SIM,ブランド: Wise SIM,"{""price_jpy"": [""￥1,620 ￥ 1,620 16ポイント(1""], ""usage_validity"": [""【iPhone用】香港・マカオ プリペイドSIM 4日間 データ通信使い放題 5G/4G回線 香港プリペイドSIM 香港シム ローミングSIM""], ""activation_validity"": [""■SIMカード有効期限：2026年12月31日まで""], ""data_amount"": [""【データ通信】 香港・マカオにてデータ通信が使い放題でご利用可能です。""], ""network_type"": [""【iPhone用】香港・マカオ プリペイドSIM 4日間 データ通信使い放題 5G/4G回線 香港プリペイドSIM 香港シム ローミングSIM"", ""Amazon.co.jp: 【iPhone用】香港・マカオ プリペイドSIM 4日間 データ通信使い放題 5G/4G回線 香港プリペイドSIM 香港シム ローミングSIM : 家電＆カメラ"", ""score: local=0, roaming=7""], ""network_generation"": [""product_info_cellular_4g_lte: source:product_info_cellular: 携帯電話技術 4G/LTE"", ""product_info_cellular_4g_lte: source:product_info_cellular: 携帯電話技術 4G/LTE""], ""review_count"": [""detail_page: 24""], ""bestseller_rank"": [""Amazon 売れ筋ランキング 家電＆カメラ - 438,576位 ( 家電＆カメラの売れ筋ランキングを見る ) プリペイドSIMカード - 2,908位""], ""title"": [""【iPhone用】香港・マカオ プリペイドSIM 4日間 データ通信使い放題 5G/4G回線 香港プリペイドSIM 香港シム ローミングSIM""]}"
amazon_jp,mo,【Almond SIM】中国本土 香港 マカオ simcard 4日間 高速データ通信 データ無制限 中国ネット規制対象外 中国でもGoogle、LINE、YouTubeなどVPNなしで利用可能 24時間安心サポート 5G 4G-LTE対応 プリペイド SIMカード China simカード (4日間4GB),1180,13,,,,,1371,3일,3일,4일,unknown,5g_capable,,,"{""ctm"": true, ""china_telecom_macau"": null, ""three_macau"": null}","{""skt"": null, ""kt"": null, ""lgu"": null}",unlimited,https://www.amazon.co.jp/SIM%E3%80%91%E4%B8%AD%E5%9B%BD%E6%9C%AC%E5%9C%9F-%E4%B8%AD%E5%9B%BD%E3%83%8D%E3%83%83%E3%83%88%E8%A6%8F%E5%88%B6%E5%AF%BE%E8%B1%A1%E5%A4%96-%E4%B8%AD%E5%9B%BD%E3%81%A7%E3%82%82Google%E3%80%81LINE%E3%80%81YouTube%E3%81%AA%E3%81%A9VPN%E3%81%AA%E3%81%97%E3%81%A7%E5%88%A9%E7%94%A8%E5%8F%AF%E8%83%BD-24%E6%99%82%E9%96%93%E5%AE%89%E5%BF%83%E3%82%B5%E3%83%9D%E3%83%BC%E3%83%88-4%E6%97%A5%E9%96%934GB/dp/B0DX5QDB3J,B0DX5QDB3J,B0DX5QDB3J,株式会社ビッグコネクト,bigconnectのストアを表示,"{""price_jpy"": [""￥1,180""], ""usage_validity"": [""【SKTelecoｍ公式認証】 韓国eSIM 3日間 (72時間) 電話番号付き 超高速データ無制限 最初の5分発信無料(韓国国内) お急ぎの方即時発行可(LINE相談受付中) 有効期限／ご購入日より120日以内 現地空港サポート(SKTelecomローミングセンター) SKテレコム正規品 韓国SIMカードタイプではありません""], ""activation_validity"": [""【Almond SIM】中国本土 香港 マカオ simcard 4日間 高速データ通信 データ無制限 中国ネット規制対象外 中国でもGoogle、LINE、YouTubeなどVPNなしで利用可能 24時間安心サポート 5G 4G-LTE対応 プリペイド SIMカード China simカード (4日間4GB)""], ""data_amount"": [""【データプラン】データ通信専用のSIMです。中国大陸、香港、マカオを含む利用可能なプリペイドSIMカード。※データ容量は無制限ですが、1日の使用量が1GBに達すると最大通信速度が256kbpsに低下します。この速度制限は翌日の現地時間0時に自動的に解除されます。中国ネット規制対象外 中国でもGoogle、LINE、YouTubeなどVPNなしで利用可能、本人""], ""network_type"": [""local_signal: 【チョコSIM 定額（Sプラン）】【中国の電話番号付きでアプリや施設サービスのSMS認証が可能】【データ容量】合計500MB/月【音声】合計20分間/月 データ/音声/SMS付きSIMカード 中国SIM マカオSIM China unicom ※こちらのSIMカードは契約後、毎月の基本料が発生いたします。※2024年11月1日から台湾でのご利用はできなくなり"", ""roaming_signal: 【中国ネット制限なし】中国本土での利用の場合は香港ローミング接続を行います。これにより中国政府のネット規制対象外となり、Google、Facebook、Twitter、Instagram等に接続可能です。中華圏渡航スケジュールに対応する手軽なプリペイドSIMカード。キャリア：中国：China Telecom 香港：3HK マカオ: CTM。"", ""insufficient_or_conflicting_signals(local=6, roaming=2)""], ""network_generation"": [""product_info_cellular_5g: source:product_info_cellular: 携帯電話技術 5G 4G-Lte"", ""product_info_cellular_5g: source:product_info_cellular: 携帯電話技術 5G 4G-Lte""], ""carrier_support_local"": [""CTM: 【中国ネット制限なし】中国本土での利用の場合は香港ローミング接続を行います。これにより中国政府のネット規制対象外となり、Google、Facebook、Twitter、Instagram等に接続可能です。中華圏渡航スケジュールに対応する手軽なプリペイドSIMカード。キャリア：中国：China Tel"", ""CTM: サービスプロバイダ 中国：China Telecom 香港：3HK マカオ: CTM"", ""CTM: Amazon.co.jp: 【Almond SIM】中国本土 香港 マカオ simcard 4日間 高速データ通信 データ無制限 中国ネット規制対象外 中国でもGoogle、LINE、YouTubeなどVPNなしで利用可能 24時間安心サポート 5G 4G-LTE対応 プリペイド SIMカード Ch""], ""review_count"": [""detail_page: (13)""], ""bestseller_rank"": [""Amazon 売れ筋ランキング 家電＆カメラ - 167,652位 ( 家電＆カメラの売れ筋ランキングを見る ) プリペイドSIMカード - 1,371位""], ""title"": [""【Almond SIM】中国本土 香港 マカオ simcard 4日間 高速データ通信 データ無制限 中国ネット規制対象外 中国でもGoogle、LINE、YouTubeなどVPNなしで利用可能 24時間安心サポート 5G 4G-LTE対応 プリペイド SIMカード China simカード (4日間4GB)""]}"
amazon_jp,mo,【eSIM 30日間7GB】オーストラリア、ニュージーランド、香港、台湾、中国、澳門、グアム、ベトナム、スリランカ、タイ、フィリピン、サイパン、カンボジア、バングラデシュ、ブルネイなど計 23 カ国【当日発行】 QRコード即送付 4G/5G高速通信 アジア太平洋23カ国 プリペイドsimカード ホットスポット対応 データ通信専用（音声不可） LINE相談受付中 旅行・出張に最適,2849,9,,,,,251,4일,4일,30일,unknown,lte_4g_only,,,"{""ctm"": null, ""china_telecom_macau"": null, ""three_macau"": null}","{""skt"": null, ""kt"": null, ""lgu"": null}",7GB,https://www.amazon.co.jp/%E3%82%A2%E3%82%B8%E3%82%A2%E5%A4%AA%E5%B9%B3%E6%B4%8B23%E3%82%AB%E5%9B%BD-%E3%83%97%E3%83%AA%E3%83%9A%E3%82%A4%E3%83%89sim%E3%82%AB%E3%83%BC%E3%83%89-%E3%83%9B%E3%83%83%E3%83%88%E3%82%B9%E3%83%9D%E3%83%83%E3%83%88%E5%AF%BE%E5%BF%9C-%E3%83%87%E3%83%BC%E3%82%BF%E9%80%9A%E4%BF%A1%E5%B0%82%E7%94%A8%EF%BC%88%E9%9F%B3%E5%A3%B0%E4%B8%8D%E5%8F%AF%EF%BC%89/dp/B0GWQSRJZB,B0GWQSRJZB,B0GWQSRJZB,umacaroon,ＵＲＯＺＥＴＴＡのストアを表示,"{""price_jpy"": [""￥2,849""], ""usage_validity"": [""eSIM データ通信サービス｜最短即時発行・簡単設定 【最短即時発行】 ご購入後、以下の専用サイト（https://mcrmgr.umacaroon.com/urozetta）で注文番号とメールアドレスを入力するだけで、 eSIMのQRコードと設定マニュアルが即時発行され 、すぐに使い始めていただけます。 【サービス特長】 ・ 高速4G/5G LTE通信 が""], ""activation_validity"": [""【eSIM 30日間7GB】オーストラリア、ニュージーランド、香港、台湾、中国、澳門、グアム、ベトナム、スリランカ、タイ、フィリピン、サイパン、カンボジア、バングラデシュ、ブルネイなど計 23 カ国【当日発行】 QRコード即送付 4G/5G高速通信 アジア太平洋23カ国 プリペイドsimカード ホットスポット対応 データ通信専用（音声不可） LINE相談受付""], ""data_amount"": [""eSIM 30日間・7GBプラン: ご利用開始後、30日間有効な7GBの高速データ通信（5G/4G LTE）がご利用いただけます。7GBを使い切った後は低速無制限でご利用可能です。テザリング（ホットスポット）に対応しており、複数のデバイスを接続できます。""], ""network_type"": [""no_local_or_roaming_keyword_matched""], ""network_generation"": [""product_info_cellular_4g_lte: source:product_info_cellular: 携帯電話技術 LTE"", ""product_info_cellular_4g_lte: source:product_info_cellular: 携帯電話技術 LTE""], ""review_count"": [""detail_page: (9)""], ""bestseller_rank"": [""Amazon 売れ筋ランキング 家電＆カメラ - 19,744位 ( 家電＆カメラの売れ筋ランキングを見る ) プリペイドSIMカード - 251位""], ""title"": [""【eSIM 30日間7GB】オーストラリア、ニュージーランド、香港、台湾、中国、澳門、グアム、ベトナム、スリランカ、タイ、フィリピン、サイパン、カンボジア、バングラデシュ、ブルネイなど計 23 カ国【当日発行】 QRコード即送付 4G/5G高速通信 アジア太平洋23カ国 プリペイドsimカード ホットスポット対応 データ通信専用（音声不可） LINE相談受付中 旅行・出張に最適""]}"
amazon_jp,mo,【香港 マカオ eSIM】4日間 低速データ通信無制限 高速データ通信500MB/日 実名登録不要 QR簡単設定 メール登録で納品 即日発行対応 急ぎの方LINEサポートあり 香港sim マカオsim 中国sim マグロeSIM,880,2,,,,,2520,4일,4일,180일,unknown,unknown,,,"{""ctm"": null, ""china_telecom_macau"": null, ""three_macau"": null}","{""skt"": null, ""kt"": null, ""lgu"": null}",unlimited,https://www.amazon.co.jp/eSIM%E3%80%914%E6%97%A5%E9%96%93-%E4%BD%8E%E9%80%9F%E3%83%87%E3%83%BC%E3%82%BF%E9%80%9A%E4%BF%A1%E7%84%A1%E5%88%B6%E9%99%90-%E9%AB%98%E9%80%9F%E3%83%87%E3%83%BC%E3%82%BF%E9%80%9A%E4%BF%A1500MB-%E6%80%A5%E3%81%8E%E3%81%AE%E6%96%B9LINE%E3%82%B5%E3%83%9D%E3%83%BC%E3%83%88%E3%81%82%E3%82%8A-%E3%83%9E%E3%82%B0%E3%83%ADeSIM/dp/B0F5PLWJNL,B0F5PLWJNL,B0F5PLWJNL,マグロeSIM,マグロeSIMのストアを表示,"{""price_jpy"": [""￥880""], ""usage_validity"": [""【香港 マカオ eSIM】4日間 低速データ通信無制限 高速データ通信500MB/日 実名登録不要 QR簡単設定 メール登録で納品 即日発行対応 急ぎの方LINEサポートあり 香港sim マカオsim 中国sim マグロeSIM""], ""activation_validity"": [""【注意事項①】有効期限：eSIM QRコードを受け取ってから180日間です（有効期間内にご利用ください）。eSIMの使用期間は、現地の回線に接続した時点からプランの最終日の23時59分までです。""], ""data_amount"": [""【データ容量】データ容量は無制限ですが、1日以内にデータ通信量が500MBを超えると、通信速度が128Kbpsに制限され、翌日の現地時間0時に自動的にスピード制限が解除されます。※地点によっては信号が届かない場合がありますのでご了承ください。""], ""network_type"": [""local_signal: 【チョコSIM 定額（Sプラン）】【中国の電話番号付きでアプリや施設サービスのSMS認証が可能】【データ容量】合計500MB/月【音声】合計20分間/月 データ/音声/SMS付きSIMカード 中国SIM マカオSIM China unicom ※こちらのSIMカードは契約後、毎月の基本料が発生いたします。※2024年11月1日から台湾でのご利用はできなくなり"", ""roaming_signal: 商品の説明 購入前にご注意！ 注意事項①：ご購入後、商品画像に記載されたURLにアクセスし必要事項を入力→メールアドレスにPDFの説明書とeSIMのQRコードが届きます！ 注意事項②：SIMロックフリー端末、もしくはSIMフリー端末専用のサービスです。必ず、ご利用端末がeSIM対応かどうかご確認ください。 注意事項③：eSIM対応端末のみ利用可能。※通信キャ"", ""insufficient_or_conflicting_signals(local=9, roaming=3)""], ""network_generation"": [""fallback_5g: source:image_alt: 【中国SIMカード】30日間 5GB高速データ＋低速無制限｜中国・香港・マカオ対応｜中国本土でもGoogle・LINE・YouTube利用可能｜24時間サポート｜中国本土 プリペイドSIM 中国 sim (30日間｜5GB)"", ""fallback_4g_lte: source:image_alt: 【中国 香港 eSIM】大容量 2GB/日・高速データ 低速無制限 即日発行可能 China Unicom/3HK キャリア 4G-LTE対応 データ通信専用 中国・ 香港 プリペイド simカード (1日間)"", ""fallback_only_network_generation_signal""], ""review_count"": [""detail_page: (2)""], ""bestseller_rank"": [""Amazon 売れ筋ランキング 家電＆カメラ - 352,861位 ( 家電＆カメラの売れ筋ランキングを見る ) プリペイドSIMカード - 2,520位""], ""title"": [""【香港 マカオ eSIM】4日間 低速データ通信無制限 高速データ通信500MB/日 実名登録不要 QR簡単設定 メール登録で納品 即日発行対応 急ぎの方LINEサポートあり 香港sim マカオsim 中国sim マグロeSIM""]}"
amazon_jp,mo,【Almond eSIM】中国 香港 マカオ 大中華 esim 4日間 高速データ通信 完全無制限 当日発行可能 中国ネット規制対象外 中国でもGoogle、LINE、YouTubeなどVPNなしで利用可能 24時間サポート 4G-LTE対応 プリペイド ESIMプラン China HONGKONG MACAO simカード (4日間完全無制限),1780,28,,,,,798,3일,3일,4일,local,lte_4g_only,,,"{""ctm"": null, ""china_telecom_macau"": null, ""three_macau"": null}","{""skt"": null, ""kt"": null, ""lgu"": null}",unlimited,https://www.amazon.co.jp/%E4%B8%AD%E5%9B%BD%E3%83%8D%E3%83%83%E3%83%88%E8%A6%8F%E5%88%B6%E5%AF%BE%E8%B1%A1%E5%A4%96-%E4%B8%AD%E5%9B%BD%E3%81%A7%E3%82%82Google%E3%80%81LINE%E3%80%81YouTube%E3%81%AA%E3%81%A9VPN%E3%81%AA%E3%81%97%E3%81%A7%E5%88%A9%E7%94%A8%E5%8F%AF%E8%83%BD-24%E6%99%82%E9%96%93%E3%82%B5%E3%83%9D%E3%83%BC%E3%83%88-4G-LTE%E5%AF%BE%E5%BF%9C-4%E6%97%A5%E9%96%93%E5%AE%8C%E5%85%A8%E7%84%A1%E5%88%B6%E9%99%90/dp/B0DR8B94NS,B0DR8B94NS,B0DR8B94NS,株式会社ビッグコネクト,bigconnectのストアを表示,"{""price_jpy"": [""￥1,780""], ""usage_validity"": [""【SKTelecoｍ公式認証】 韓国eSIM 3日間 (72時間) 電話番号付き 超高速データ無制限 最初の5分発信無料(韓国国内) お急ぎの方即時発行可(LINE相談受付中) 有効期限／ご購入日より120日以内 現地空港サポート(SKTelecomローミングセンター) SKテレコム正規品 韓国SIMカードタイプではありません""], ""activation_validity"": [""【Almond eSIM】中国 香港 マカオ 大中華 esim 4日間 高速データ通信 完全無制限 当日発行可能 中国ネット規制対象外 中国でもGoogle、LINE、YouTubeなどVPNなしで利用可能 24時間サポート 4G-LTE対応 プリペイド ESIMプラン China HONGKONG MACAO simカード (4日間完全無制限)""], ""data_amount"": [""【データプラン】データ通信専用のeSIMです。※高速データ容量は無制限。完全使い放題プラン、中国ネット規制対象外 中国でもGoogle、LINE、YouTubeなどVPNなしで利用可能、本人確認やSIMカード認証は不要で、当日に発行が可能です。""], ""network_type"": [""【チャージで延長も可能】中国電話番号付き（30分/SMS30通）！シーズンSIM（中国本土・香港・日本・韓国で利用可能）90日間6GBデータ高速通信 プリペイドSIMカード 面倒な契約不要 Chinaunicom (通常版)Google、Facebo"", ""【チョコSIM 定額（Sプラン）】【中国の電話番号付きでアプリや施設サービスのSMS認証が可能】【データ容量】合計500MB/月【音声】合計20分間/月 データ/音声/SMS付きSIMカード 中国SIM マカオSIM China unicom ※こちらのSIMカードは契約後、毎月の基本料が発生いたします。※2024年11月1日から台湾でのご利用はできなくなり"", ""score: local=9, roaming=0""], ""network_generation"": [""product_info_cellular_4g_lte: source:product_info_cellular: 携帯電話技術 LTE"", ""product_info_cellular_4g_lte: source:product_info_cellular: 携帯電話技術 LTE""], ""review_count"": [""detail_page: (28)""], ""bestseller_rank"": [""Amazon 売れ筋ランキング 家電＆カメラ - 84,720位 ( 家電＆カメラの売れ筋ランキングを見る ) プリペイドSIMカード - 798位""], ""title"": [""【Almond eSIM】中国 香港 マカオ 大中華 esim 4日間 高速データ通信 完全無制限 当日発行可能 中国ネット規制対象外 中国でもGoogle、LINE、YouTubeなどVPNなしで利用可能 24時間サポート 4G-LTE対応 プリペイド ESIMプラン China HONGKONG MACAO simカード (4日間完全無制限)""]}"
amazon_jp,mo,"【東南アジアeSIM】5日間10GB｜11地域対応（シンガポール,タイ,マレーシア,インドネシア,ベトナム,台湾・香港・マカオ,韓国,オーストラリア,ニュージーランド）｜5G/4G対応 高速データ通信｜即日メール配信 ｜使用ガイド付き｜テザリング対応｜365日LINEサポート｜QRコードで簡単設定 SIMカード不要 (5日間10GB)",1599,7,,,,,989,5일,5일,90일,roaming,5g_capable,,,"{""ctm"": null, ""china_telecom_macau"": null, ""three_macau"": null}","{""skt"": null, ""kt"": null, ""lgu"": null}",10GB,https://www.amazon.co.jp/4G%E5%AF%BE%E5%BF%9C-%E9%AB%98%E9%80%9F%E3%83%87%E3%83%BC%E3%82%BF%E9%80%9A%E4%BF%A1%EF%BD%9C%E5%8D%B3%E6%97%A5%E7%99%BA%E8%A1%8C-SIM%E3%82%AB%E3%83%BC%E3%83%89%E4%B8%8D%E8%A6%81-5%E6%97%A5%E9%96%9310GB/dp/B0FHBCQ3TW,B0FHBCQ3TW,B0FHBCQ3TW,トリリオン・コネクト,Billion Connectのストアを表示,"{""price_jpy"": [""￥1,599""], ""usage_validity"": [""【東南アジアeSIM】5日間10GB｜11地域対応（シンガポール,タイ,マレーシア,インドネシア,ベトナム,台湾・香港・マカオ,韓国,オーストラリア,ニュージーランド）｜5G/4G対応 高速データ通信｜即日メール配信 ｜使用ガイド付き｜テザリング対応｜365日LINEサポート｜QRコードで簡単設定 SIMカード不要 (5日間10GB)""], ""activation_validity"": [""【eSIMの有効期限】 受け取り後90日以内にアクティベートしてください。有効期限の前日までにアクティベートされていない場合、eSIMは無効となりご利用いただけません。""], ""data_amount"": [""【5日間10GB｜5G/4G対応】 東南アジアeSIMで、5日間10GBの高速データ通信がご利用いただけます！10GBを使い切った後も、通信速度は384kbpsに制限されますが、 LINE・WhatsApp・Messengerなどの文字チャット、メール送受信、地図の閲覧・ナビゲーションは引き続きご利用いただけます。""], ""network_type"": [""【DeSiM】インドネシア3日間無制限+eSIMテストサービス付き【セット】完全予約制 | 海外旅行出国前事前テストeSIMサービス - DeSiM - 渡航前の不安を解消！ | Wi-Fi使用が面倒、ローミング料金が高い、SIMやeSIMの設定が不安な方に V4"", ""《正規日本語版》【ローミングSIM】東南アジア・マカオ・ベトナム・シンガポール・タイ・マレーシア・ラオス・インドネシア・フィリピン・カンボジア・スリランカの全10ヵ国 8日間 5GB ※面倒な本人登録・パスポート登録は不要です。このSIMカードは中国"", ""score: local=0, roaming=5""], ""network_generation"": [""product_info_cellular_5g: source:product_info_cellular: 携帯電話技術 5G"", ""product_info_cellular_5g: source:product_info_cellular: 携帯電話技術 5G""], ""review_count"": [""detail_page: (7)""], ""bestseller_rank"": [""Amazon 売れ筋ランキング 家電＆カメラ - 112,212位 ( 家電＆カメラの売れ筋ランキングを見る ) プリペイドSIMカード - 989位""], ""title"": [""【東南アジアeSIM】5日間10GB｜11地域対応（シンガポール,タイ,マレーシア,インドネシア,ベトナム,台湾・香港・マカオ,韓国,オーストラリア,ニュージーランド）｜5G/4G対応 高速データ通信｜即日メール配信 ｜使用ガイド付き｜テザリング対応｜365日LINEサポート｜QRコードで簡単設定 SIMカード不要 (5日間10GB)""]}"
amazon_jp,mo,中国・香港・マカオ用 プリペイドSIMカード｜90日間 20GB 高速データ｜4G/LTE SIMフリー端末用｜LINE・Instagram・GoogleがVPNなしで利用可能｜SIMピン付き・LINE 24時間サポート (90日間 | 20GB),4280,31,,,,,823,1일,1일,90일,unknown,lte_4g_only,,,"{""ctm"": null, ""china_telecom_macau"": null, ""three_macau"": null}","{""skt"": null, ""kt"": null, ""lgu"": null}",unlimited,https://www.amazon.co.jp/%E4%B8%AD%E5%9B%BD%E3%83%BB%E9%A6%99%E6%B8%AF%E3%83%BB%E3%83%9E%E3%82%AB%E3%82%AA%E7%94%A8-%E3%83%97%E3%83%AA%E3%83%9A%E3%82%A4%E3%83%89SIM%E3%82%AB%E3%83%BC%E3%83%89%EF%BD%9C90%E6%97%A5%E9%96%93-20GB-SIM%E3%83%95%E3%83%AA%E3%83%BC%E7%AB%AF%E6%9C%AB%E7%94%A8%EF%BD%9CLINE%E3%83%BBInstagram%E3%83%BBGoogle%E3%81%8CVPN%E3%81%AA%E3%81%97%E3%81%A7%E5%88%A9%E7%94%A8%E5%8F%AF%E8%83%BD%EF%BD%9CSIM%E3%83%94%E3%83%B3%E4%BB%98%E3%81%8D%E3%83%BBLINE-90%E6%97%A5%E9%96%93/dp/B0FNR8X7V4,B0FNR8X7V4,B0FNR8X7V4,mewmewホーム eSIM,ＭＥＷＭＥＷホームのストアを表示,"{""price_jpy"": [""￥4,280""], ""usage_validity"": [""【有効期限：2026年8月10日まで】利用予定日を事前に開通予約するだけでOK。SIMカードを端末に挿入すれば簡単にアクティベート！有効期限内なら好きなタイミングで利用可能。プランの日数は「24時間＝1日」でカウントされます。""], ""activation_validity"": [""中国・香港・マカオ用 プリペイドSIMカード｜90日間 20GB 高速データ｜4G/LTE SIMフリー端末用｜LINE・Instagram・GoogleがVPNなしで利用可能｜SIMピン付き・LINE 24時間サポート (90日間 | 20GB)""], ""data_amount"": [""【高速データ通信＋低速使い放題】中国本土・マカオは中華電信、香港はCSL回線を利用。5G/4G/LTE対応で、プランには高速データ（20GB）が含まれています。高速分を使い切った後も、低速データ通信を無制限でご利用いただけるので、地図検索やメッセージのやり取りなど基本的な利用は安心です。""], ""network_type"": [""local_signal: 【SKTelecoｍ公式認証】 韓国eSIM 3日間 (72時間) 電話番号付き 超高速データ無制限 最初の5分発信無料(韓国国内) お急ぎの方即時発行可(LINE相談受付中) 有効期限／ご購入日より120日以内 現地空港サポート(SKTelecomローミングセンター) SKテレコム正規品 韓国SIMカードタイプではありません"", ""roaming_signal: 中国本土旅行者向けeSIMカード、10日間プラン、2GBデータ使い放題、高速4/5G、ローミング料金無料 | 中国旅行に最適"", ""insufficient_or_conflicting_signals(local=3, roaming=2)""], ""network_generation"": [""product_info_cellular_4g_lte: source:product_info_cellular: 携帯電話技術 4G-LTE"", ""product_info_cellular_4g_lte: source:product_info_cellular: 携帯電話技術 4G-LTE""], ""review_count"": [""detail_page: (31)""], ""bestseller_rank"": [""Amazon 売れ筋ランキング 家電＆カメラ - 87,647位 ( 家電＆カメラの売れ筋ランキングを見る ) プリペイドSIMカード - 823位""], ""title"": [""中国・香港・マカオ用 プリペイドSIMカード｜90日間 20GB 高速データ｜4G/LTE SIMフリー端末用｜LINE・Instagram・GoogleがVPNなしで利用可能｜SIMピン付き・LINE 24時間サポート (90日間 | 20GB)""]}"
amazon_jp,mo,【アジア】eSIM 30日間(720時間) 20GB高速データ 5G/4G-LTE対応 データ通信専用 中国 日本 韓国 タイ マレーシア シンガポールマカオ 香港 台湾含む 9地域 simフリー端末のみ対応 説明書付 イーシム (30日間 20GB),2480,9,,,,,1131,1일,1일,30일,unknown,lte_4g_only,,,"{""ctm"": null, ""china_telecom_macau"": null, ""three_macau"": null}","{""skt"": null, ""kt"": null, ""lgu"": null}",unlimited,https://www.amazon.co.jp/%E3%80%90%E3%82%A2%E3%82%B8%E3%82%A2%E3%80%91eSIM-30%E6%97%A5%E9%96%93-20GB%E9%AB%98%E9%80%9F%E3%83%87%E3%83%BC%E3%82%BF-sim%E3%83%95%E3%83%AA%E3%83%BC%E7%AB%AF%E6%9C%AB%E3%81%AE%E3%81%BF%E5%AF%BE%E5%BF%9C-20GB/dp/B0FD9T6H3M,B0FD9T6H3M,B0FD9T6H3M,SCT Mobile Tech,LBDCIOTのストアを表示,"{""price_jpy"": [""￥2,480""], ""usage_validity"": [""商品の説明 梱包内容： ① 封筒 ② eSIMカード 封筒には注意事項と公式アカウントのアフターサービスが記載されています。 カードには説明書、eSIMの取り出し方、アフターサービスの連絡先が記載されています。 その他の製品 【ヨーロッパ】eSIM 30日間 10GB カートに入れる 【ヨーロッパSIM】 30日間 10GB 購入オプション eSIM 10日""], ""activation_validity"": [""【アジア】eSIM 30日間(720時間) 20GB高速データ 5G/4G-LTE対応 データ通信専用 中国 日本 韓国 タイ マレーシア シンガポールマカオ 香港 台湾含む 9地域 simフリー端末のみ対応 説明書付 イーシム (30日間 20GB)""], ""data_amount"": [""【データ無制限】eSIMの高速データ総量は20GBです。20GBのデータ使用後も通信は途絶えることはありません。低速データは無制限にご利用いただけます。""], ""network_type"": [""local_signal: 【チョコSIM 定額（Sプラン）】【中国の電話番号付きでアプリや施設サービスのSMS認証が可能】【データ容量】合計500MB/月【音声】合計20分間/月 データ/音声/SMS付きSIMカード 中国SIM マカオSIM China unicom ※こちらのSIMカードは契約後、毎月の基本料が発生いたします。※2024年11月1日から台湾でのご利用はできなくなり"", ""roaming_signal: 【利用方法】eSIMは出発前に追加し、目的地に到着後「ローミングデータ」をオンにするとご利用いただけます。使用できない場合は、APNを追加してください。"", ""insufficient_or_conflicting_signals(local=6, roaming=3)""], ""network_generation"": [""product_info_cellular_4g_lte: source:product_info_cellular: 携帯電話技術 LTE"", ""product_info_cellular_4g_lte: source:product_info_cellular: 携帯電話技術 LTE""], ""review_count"": [""detail_page: (9)""], ""bestseller_rank"": [""Amazon 売れ筋ランキング 家電＆カメラ - 134,355位 ( 家電＆カメラの売れ筋ランキングを見る ) プリペイドSIMカード - 1,131位""], ""title"": [""【アジア】eSIM 30日間(720時間) 20GB高速データ 5G/4G-LTE対応 データ通信専用 中国 日本 韓国 タイ マレーシア シンガポールマカオ 香港 台湾含む 9地域 simフリー端末のみ対応 説明書付 イーシム (30日間 20GB)""]}"
amazon_jp,mo,【中国本土、台湾、香港、マカオ】15日間(360時間) 7GB eSIM 高速データ 5G/4G-LTE LINE相談受付中 | データ通信専用 simフリー端末のみ対応 説明書付 イーシム,1480,8,,,,,1355,1일,1일,15일,unknown,lte_4g_only,,,"{""ctm"": null, ""china_telecom_macau"": null, ""three_macau"": null}","{""skt"": null, ""kt"": null, ""lgu"": null}",unlimited,https://www.amazon.co.jp/%E3%80%90%E4%B8%AD%E5%9B%BD%E6%9C%AC%E5%9C%9F%E3%80%81%E5%8F%B0%E6%B9%BE%E3%80%81%E9%A6%99%E6%B8%AF%E3%80%81%E3%83%9E%E3%82%AB%E3%82%AA%E3%80%9115%E6%97%A5%E9%96%93-7GB-LINE%E7%9B%B8%E8%AB%87%E5%8F%97%E4%BB%98%E4%B8%AD-%E3%83%87%E3%83%BC%E3%82%BF%E9%80%9A%E4%BF%A1%E5%B0%82%E7%94%A8-sim%E3%83%95%E3%83%AA%E3%83%BC%E7%AB%AF%E6%9C%AB%E3%81%AE%E3%81%BF%E5%AF%BE%E5%BF%9C/dp/B0FD2KRPND,B0FD2KRPND,B0FD2KRPND,SCT Mobile Tech,LBDCIOTのストアを表示,"{""price_jpy"": [""￥1,480""], ""usage_validity"": [""商品の説明 梱包内容： ① 封筒 ② eSIMカード 封筒には注意事項と公式アカウントのアフターサービスが記載されています。 カードには説明書、eSIMの取り出し方、アフターサービスの連絡先が記載されています。 その他の製品 eSIM 3日間(72時間)【韓国】1GB/日 カートに入れる 【韓国SIM】 SIMカード 3日間 1GB/日 カートに入れる 【台""], ""activation_validity"": [""【中国本土、台湾、香港、マカオ】15日間(360時間) 7GB eSIM 高速データ 5G/4G-LTE LINE相談受付中 | データ通信専用 simフリー端末のみ対応 説明書付 イーシム""], ""data_amount"": [""【データ無制限】eSIMの高速データ総量は7GBです。7GBのデータ使用後も通信は途絶えることはありません。128K低速データは無制限にご利用いただけます。""], ""network_type"": [""local_signal: 【チョコSIM 定額（Sプラン）】【中国の電話番号付きでアプリや施設サービスのSMS認証が可能】【データ容量】合計500MB/月【音声】合計20分間/月 データ/音声/SMS付きSIMカード 中国SIM マカオSIM China unicom ※こちらのSIMカードは契約後、毎月の基本料が発生いたします。※2024年11月1日から台湾でのご利用はできなくなり"", ""roaming_signal: 【利用方法】eSIMは出発前に追加し、目的地に到着後「ローミングデータ」をオンにするとご利用いただけます。使用できない場合は、APNを追加してください。"", ""insufficient_or_conflicting_signals(local=6, roaming=4)""], ""network_generation"": [""product_info_cellular_4g_lte: source:product_info_cellular: 携帯電話技術 LTE"", ""product_info_cellular_4g_lte: source:product_info_cellular: 携帯電話技術 LTE""], ""review_count"": [""detail_page: (8)""], ""bestseller_rank"": [""Amazon 売れ筋ランキング 家電＆カメラ - 164,867位 ( 家電＆カメラの売れ筋ランキングを見る ) プリペイドSIMカード - 1,355位""], ""title"": [""【中国本土、台湾、香港、マカオ】15日間(360時間) 7GB eSIM 高速データ 5G/4G-LTE LINE相談受付中 | データ通信専用 simフリー端末のみ対応 説明書付 イーシム""]}"
amazon_jp,mo,【香港・マカオ eSIM】3日間 3GB（二泊三日 コスパ重視） DeSiM正規卸 | LINE相談受付中 |データ通信専用（電話番号なし） | simフリー端末のみ対応 説明書付 イーシム DeSiM,950,1,,,,,1555,3일,3일,3일,local,5g_capable,,,"{""ctm"": null, ""china_telecom_macau"": null, ""three_macau"": null}","{""skt"": null, ""kt"": null, ""lgu"": null}",unlimited,https://www.amazon.co.jp/eSIM%E3%80%913%E6%97%A5%E9%96%93-LINE%E7%9B%B8%E8%AB%87%E5%8F%97%E4%BB%98%E4%B8%AD%EF%BD%9C%E5%BD%93%E6%97%A5%E7%99%BA%E8%A1%8C%E5%8F%AF%E8%83%BD-%E3%83%87%E3%83%BC%E3%82%BF%E9%80%9A%E4%BF%A1%E5%B0%82%E7%94%A8%EF%BC%88%E9%9B%BB%E8%A9%B1%E7%95%AA%E5%8F%B7%E3%81%AA%E3%81%97%EF%BC%89-sim%E3%83%95%E3%83%AA%E3%83%BC%E7%AB%AF%E6%9C%AB%E3%81%AE%E3%81%BF%E5%AF%BE%E5%BF%9C-DeSiM/dp/B0DG4Y83KV,B0DG4Y83KV,B0DG4Y83KV,DeSiM,DeSiMのストアを表示,"{""price_jpy"": [""￥950""], ""usage_validity"": [""【香港・マカオ eSIM】3日間 3GB（二泊三日 コスパ重視） DeSiM正規卸 | LINE相談受付中 |データ通信専用（電話番号なし） | simフリー端末のみ対応 説明書付 イーシム DeSiM""], ""activation_validity"": [""【SKTelecoｍ公式認証】 韓国eSIM 3日間 (72時間) 電話番号付き 超高速データ無制限 最初の5分発信無料(韓国国内) お急ぎの方即時発行可(LINE相談受付中) 有効期限／ご購入日より120日以内 現地空港サポート(SKTelecomローミングセンター) SKテレコム正規品 韓国SIMカードタイプではありません""], ""data_amount"": [""商品の説明 購入前の注意事項 【注意事項】 注意事項①：電話番号は付与されませんので、ご注意ください。 注意事項②：SIMロックフリー端末、もしくはSIMフリー端末専用のサービスです。必ず、ご利用端末がeSIM対応かどうかご確認ください。 注意事項③：2021年10月1日以前にSIMロック解除をキャリア店頭またはインターネットでされた「Android端末」は""], ""network_type"": [""商品の説明 購入前の注意事項 【注意事項】 注意事項①：電話番号は付与されませんので、ご注意ください。 注意事項②：SIMロックフリー端末、もしくはSIMフリー端末専用のサービスです。必ず、ご利用端末がeSIM対応かどうかご確認ください。 注意事項③：2021年10月1日以前にSIMロック解除をキャリア店頭またはインターネットでされた「Android端末」は"", ""【チョコSIM 定額（Sプラン）】【中国の電話番号付きでアプリや施設サービスのSMS認証が可能】【データ容量】合計500MB/月【音声】合計20分間/月 データ/音声/SMS付きSIMカード 中国SIM マカオSIM China unicom ※こちらのSIMカードは契約後、毎月の基本料が発生いたします。※2024年11月1日から台湾でのご利用はできなくなり"", ""score: local=9, roaming=1""], ""network_generation"": [""product_info_cellular_5g: source:product_info_cellular: 携帯電話技術 5G"", ""product_info_cellular_5g: source:product_info_cellular: 携帯電話技術 5G""], ""review_count"": [""detail_page: (1)""], ""bestseller_rank"": [""Amazon 売れ筋ランキング 家電＆カメラ - 193,284位 ( 家電＆カメラの売れ筋ランキングを見る ) プリペイドSIMカード - 1,555位""], ""title"": [""【香港・マカオ eSIM】3日間 3GB（二泊三日 コスパ重視） DeSiM正規卸 | LINE相談受付中 |データ通信専用（電話番号なし） | simフリー端末のみ対応 説明書付 イーシム DeSiM""]}"
amazon_jp,mo,【アジア eSIM】365日間 15GB｜日本・韓国・シンガポール・タイ・マレーシア・フィリピン・インドネシア・ベトナム・カンボジア・ラオス・マカオ・スリランカ対応｜即日メール発行・すぐ使える｜24時間LINEサポート アジア sim,3880,1,,,,,794,180일,180일,365일,roaming,lte_4g_only,,,"{""ctm"": null, ""china_telecom_macau"": null, ""three_macau"": null}","{""skt"": null, ""kt"": null, ""lgu"": null}",unlimited,https://www.amazon.co.jp/%E3%80%90%E3%82%A2%E3%82%B8%E3%82%A2-eSIM%E3%80%91365%E6%97%A5%E9%96%93-%E3%82%A2%E3%82%B8%E3%82%A2-sim/dp/B0FQDW6J4B,B0FQDW6J4B,B0FQDW6J4B,Global Simcard,アーモンド　ＳＩｍ　ｃａｒｄのストアを表示,"{""price_jpy"": [""￥3,880""], ""usage_validity"": [""⭐【有効期限】メール受信から180日以内にご利用ください。""], ""activation_validity"": [""【アジア eSIM】365日間 15GB｜日本・韓国・シンガポール・タイ・マレーシア・フィリピン・インドネシア・ベトナム・カンボジア・ラオス・マカオ・スリランカ対応｜即日メール発行・すぐ使える｜24時間LINEサポート アジア sim""], ""data_amount"": [""⭐【一年間利用可能】３６５日間ご利用可能、データ通信専用SIMになります。※データ容量無制限。ただしデータ使用量が15GBに達すると最大通信速度が256kbpsに低下します。""], ""network_type"": [""マレーシア eSIM - プリペイド 15GB 5G/4G データ、30日間有効 - 簡単な QR コード設定 - ローミングなし、契約なし - 短期および長期旅行に最適"", ""【DeSiM】シンガポール3日間無制限+eSIMテストサービス付き【セット】完全予約制 | 海外旅行出国前事前テストeSIMサービス - DeSiM - 渡航前の不安を解消！ | Wi-Fi使用が面倒、ローミング料金が高い、SIMやeSIMの設定が不安な方に V4"", ""score: local=0, roaming=3""], ""network_generation"": [""product_info_cellular_4g_lte: source:product_info_cellular: 携帯電話技術 4G-LTE"", ""product_info_cellular_4g_lte: source:product_info_cellular: 携帯電話技術 4G-LTE""], ""review_count"": [""detail_page: (1)""], ""bestseller_rank"": [""Amazon 売れ筋ランキング 家電＆カメラ - 84,500位 ( 家電＆カメラの売れ筋ランキングを見る ) プリペイドSIMカード - 794位""], ""title"": [""【アジア eSIM】365日間 15GB｜日本・韓国・シンガポール・タイ・マレーシア・フィリピン・インドネシア・ベトナム・カンボジア・ラオス・マカオ・スリランカ対応｜即日メール発行・すぐ使える｜24時間LINEサポート アジア sim""]}"
amazon_jp,mo,"【東南アジアeSIM】7日間無制限東南アジアe-SIM｜11地域対応（シンガポール,タイ,マレーシア,インドネシア,ベトナム,台湾・香港・マカオ,韓国,オーストラリア,ニュージーランド）｜5G/4G対応 高速データ通信｜即日メール配信 ｜使用ガイド付き｜テザリング対応｜365日LINEサポート｜QRコードで簡単設定 SIMカード不要 (7日間無制限)",3299,2,,,,,161,7일,7일,90일,roaming,5g_capable,,,"{""ctm"": null, ""china_telecom_macau"": null, ""three_macau"": null}","{""skt"": null, ""kt"": null, ""lgu"": null}",unlimited,https://www.amazon.co.jp/%E3%80%90%E6%9D%B1%E5%8D%97%E3%82%A2%E3%82%B8%E3%82%A2eSIM%E3%80%917%E6%97%A5%E9%96%93%E7%84%A1%E5%88%B6%E9%99%90%E6%9D%B1%E5%8D%97%E3%82%A2%E3%82%B8%E3%82%A2e-SIM%EF%BD%9C13%E5%9C%B0%E5%9F%9F%E5%AF%BE%E5%BF%9C%EF%BC%88%E3%82%B7%E3%83%B3%E3%82%AC%E3%83%9D%E3%83%BC%E3%83%AB-%E3%83%8B%E3%83%A5%E3%83%BC%E3%82%B8%E3%83%BC%E3%83%A9%E3%83%B3%E3%83%89%EF%BC%89%EF%BD%9C5G-%E9%AB%98%E9%80%9F%E3%83%87%E3%83%BC%E3%82%BF%E9%80%9A%E4%BF%A1%EF%BD%9C%E5%8D%B3%E6%97%A5%E3%83%A1%E3%83%BC%E3%83%AB%E9%85%8D%E4%BF%A1-%EF%BD%9C%E4%BD%BF%E7%94%A8%E3%82%AC%E3%82%A4%E3%83%89%E4%BB%98%E3%81%8D%EF%BD%9C%E3%83%86%E3%82%B6%E3%83%AA%E3%83%B3%E3%82%B0%E5%AF%BE%E5%BF%9C%EF%BD%9C365%E6%97%A5LINE%E3%82%B5%E3%83%9D%E3%83%BC%E3%83%88%EF%BD%9CQR%E3%82%B3%E3%83%BC%E3%83%89%E3%81%A7%E7%B0%A1%E5%8D%98%E8%A8%AD%E5%AE%9A/dp/B0FHBCV22R,B0FHBCV22R,B0FHBCV22R,トリリオン・コネクト,Billion Connectのストアを表示,"{""price_jpy"": [""￥3,299""], ""usage_validity"": [""【東南アジアeSIM】7日間無制限東南アジアe-SIM｜11地域対応（シンガポール,タイ,マレーシア,インドネシア,ベトナム,台湾・香港・マカオ,韓国,オーストラリア,ニュージーランド）｜5G/4G対応 高速データ通信｜即日メール配信 ｜使用ガイド付き｜テザリング対応｜365日LINEサポート｜QRコードで簡単設定 SIMカード不要 (7日間無制限)""], ""activation_validity"": [""【eSIMの有効期限】 受け取り後90日以内にアクティベートしてください。有効期限の前日までにアクティベートされていない場合、eSIMは無効となりご利用いただけません。""], ""data_amount"": [""【7日間無制限高速データ – 5G対応】 東南アジアe-SIMは、完全無制限の高速データ通信を提供！データ残量を気にせず、動画視聴・ゲーム・SNS・ライブ配信をいつでもどこでも思い切り楽しめます！""], ""network_type"": [""【DeSiM】インドネシア3日間無制限+eSIMテストサービス付き【セット】完全予約制 | 海外旅行出国前事前テストeSIMサービス - DeSiM - 渡航前の不安を解消！ | Wi-Fi使用が面倒、ローミング料金が高い、SIMやeSIMの設定が不安な方に V4"", ""【DeSiM】シンガポール3日間無制限+eSIMテストサービス付き【セット】完全予約制 | 海外旅行出国前事前テストeSIMサービス - DeSiM - 渡航前の不安を解消！ | Wi-Fi使用が面倒、ローミング料金が高い、SIMやeSIMの設定が不安な方に V4"", ""score: local=0, roaming=3""], ""network_generation"": [""product_info_cellular_5g: source:product_info_cellular: 携帯電話技術 5G"", ""product_info_cellular_5g: source:product_info_cellular: 携帯電話技術 5G""], ""review_count"": [""detail_page: (2)""], ""bestseller_rank"": [""Amazon 売れ筋ランキング 家電＆カメラ - 11,961位 ( 家電＆カメラの売れ筋ランキングを見る ) プリペイドSIMカード - 161位""], ""title"": [""【東南アジアeSIM】7日間無制限東南アジアe-SIM｜11地域対応（シンガポール,タイ,マレーシア,インドネシア,ベトナム,台湾・香港・マカオ,韓国,オーストラリア,ニュージーランド）｜5G/4G対応 高速データ通信｜即日メール配信 ｜使用ガイド付き｜テザリング対応｜365日LINEサポート｜QRコードで簡単設定 SIMカード不要 (7日間無制限)""]}"
amazon_jp,mo,【中国 香港 マカオ 物理SIM】中国SIM 30日間 30GB 速度制限なし 本人確認不要 中国/香港/マカオ対応 プリペイド式 データ通信専用 日本発送 現地到着後アクティベート 中国sim 香港sim マカオsim,7999,1,,,,,3055,30일,30일,,local,unknown,,,"{""ctm"": null, ""china_telecom_macau"": null, ""three_macau"": null}","{""skt"": null, ""kt"": null, ""lgu"": null}",30GB,https://www.amazon.co.jp/%E7%89%A9%E7%90%86SIM%E3%80%91%E4%B8%AD%E5%9B%BDSIM-%E9%80%9F%E5%BA%A6%E5%88%B6%E9%99%90%E3%81%AA%E3%81%97-%E6%9C%AC%E4%BA%BA%E7%A2%BA%E8%AA%8D%E4%B8%8D%E8%A6%81-%E3%83%87%E3%83%BC%E3%82%BF%E9%80%9A%E4%BF%A1%E5%B0%82%E7%94%A8-%E7%8F%BE%E5%9C%B0%E5%88%B0%E7%9D%80%E5%BE%8C%E3%82%A2%E3%82%AF%E3%83%86%E3%82%A3%E3%83%99%E3%83%BC%E3%83%88/dp/B0FM77T73H,B0FM77T73H,B0FM77T73H,Karbor,ブランド: YukiLink,"{""price_jpy"": [""￥7,999""], ""usage_validity"": [""【中国 香港 マカオ 物理SIM】中国SIM 30日間 30GB 速度制限なし 本人確認不要 中国/香港/マカオ対応 プリペイド式 データ通信専用 日本発送 現地到着後アクティベート 中国sim 香港sim マカオsim""], ""data_amount"": [""高速安定通信】30GBの高速データを速度制限なしでご利用可能​​。動画視聴や地図検索、SNSの利用も快適な​​高速通信​​を提供します。多くの格安SIMのような「~GB以降は低速（128kbps）」という制限は​​一切ありません​​。30GBまでずっと高速でお使いいただけます。""], ""network_type"": [""【チャージで延長も可能】中国電話番号付き（30分/SMS30通）！シーズンSIM（中国本土・香港・日本・韓国で利用可能）90日間6GBデータ高速通信 プリペイドSIMカード 面倒な契約不要 Chinaunicom (通常版)Google、Facebo"", ""score: local=3, roaming=1""], ""network_generation"": [""fallback_5g: source:image_alt: 【中国・香港・マカオ eSIM】5日間 5GB（四泊五日 コスパ重視） DeSiM正規卸 |LINE相談受付中 |データ通信専用（電話番号なし） simフリー端末のみ対応 説明書付 イーシム"", ""fallback_only_network_generation_signal""], ""review_count"": [""detail_page: (1)""], ""bestseller_rank"": [""Amazon 売れ筋ランキング 家電＆カメラ - 473,227位 ( 家電＆カメラの売れ筋ランキングを見る ) プリペイドSIMカード - 3,055位""], ""title"": [""【中国 香港 マカオ 物理SIM】中国SIM 30日間 30GB 速度制限なし 本人確認不要 中国/香港/マカオ対応 プリペイド式 データ通信専用 日本発送 現地到着後アクティベート 中国sim 香港sim マカオsim""]}"
amazon_jp,mo,香港 マカオeSIM 3日間 4G-LTE 高速データ 使い放題 完全無制限 即日発行可能 ESIMプラン 香港esim 香港sim マカオesim マカオsim プリペイド SIMカード Hong Kong Macau ESIM (3日間 完全無制限),1580,6,,,,,2009,3일,3일,90일,roaming,unknown,,,"{""ctm"": true, ""china_telecom_macau"": null, ""three_macau"": null}","{""skt"": null, ""kt"": null, ""lgu"": null}",unlimited,https://www.amazon.co.jp/%E3%83%9E%E3%82%AB%E3%82%AAeSIM-3%E6%97%A5%E9%96%93-%E5%AE%8C%E5%85%A8%E7%84%A1%E5%88%B6%E9%99%90-ESIM%E3%83%97%E3%83%A9%E3%83%B3-%E3%83%9E%E3%82%AB%E3%82%AAesim/dp/B0CQ2RNZZZ,B0CQ2RNZZZ,B0CQ2RNZZZ,Global Simcard,アーモンド　ＳＩｍ　ｃａｒｄのストアを表示,"{""price_jpy"": [""￥1,580""], ""usage_validity"": [""香港 マカオeSIM 3日間 4G-LTE 高速データ 使い放題 完全無制限 即日発行可能 ESIMプラン 香港esim 香港sim マカオesim マカオsim プリペイド SIMカード Hong Kong Macau ESIM (3日間 完全無制限)""], ""activation_validity"": [""✿【有効期限】メールで納品した90日以内にご利用始めてください。""], ""data_amount"": [""✿【高速データ使い放題】香港、マカオで高速データが【無制限】使えます。※通信量は現地時間の00:00から23:59までの区切りでカウントされます。""], ""network_type"": [""ローミングSIMカードの強みです。このようなSIMカードは香港国際空港では買えません。"", ""ローミングSIMカードの強みです。このようなSIMカードは香港国際空港では買えません。"", ""score: local=0, roaming=5""], ""network_generation"": [""fallback_5g: source:image_alt: プリペイドSIMカード 【RAKUTEN回線】 国内海外 プリペイドSIM 3GB/月1年間有効 5G/4G-LTE対応 SMS認証可能 データ通信 専用 SIMカード (3GB SMS付き)"", ""fallback_4g_lte: source:meta_description: Amazon.co.jp: 香港 マカオeSIM 3日間 4G-LTE 高速データ 使い放題 完全無制限 即日発行可能 ESIMプラン 香港esim 香港sim マカオesim マカオsim プリペイド SIMカード Hong Kong Macau ESIM (3日間 完全無制限) : 家電＆カメラ"", ""fallback_only_network_generation_signal""], ""carrier_support_local"": [""CTM: ✿【キャリア】香港（SmarTone、HKT、3HK）、マカオ（CTM）。香港、マカオでは広範囲なカバレッジ、安定したネットワーク、高速な通信速度を提供しています。"", ""CTM: Amazon.co.jp: 香港 マカオeSIM 3日間 4G-LTE 高速データ 使い放題 完全無制限 即日発行可能 ESIMプラン 香港esim 香港sim マカオesim マカオsim プリペイド SIMカード Hong Kong Macau ESIM (3日間 完全無制限) : 家電＆カメラ""], ""review_count"": [""detail_page: (6)""], ""bestseller_rank"": [""Amazon 売れ筋ランキング 家電＆カメラ - 266,198位 ( 家電＆カメラの売れ筋ランキングを見る ) プリペイドSIMカード - 2,009位""], ""title"": [""香港 マカオeSIM 3日間 4G-LTE 高速データ 使い放題 完全無制限 即日発行可能 ESIMプラン 香港esim 香港sim マカオesim マカオsim プリペイド SIMカード Hong Kong Macau ESIM (3日間 完全無制限)""]}"
amazon_jp,mo,中国 sim｜30日間 20GB高速データ通信 低速無制限｜中国本土・香港・マカオ対応｜simカード｜Google/LINE/YouTube利用可｜実名登録不要｜24時間多言語サポート 香港 sim 中国 simカード,2780,12,,,,,816,7일,7일,30일,unknown,5g_capable,,,"{""ctm"": true, ""china_telecom_macau"": null, ""three_macau"": null}","{""skt"": null, ""kt"": null, ""lgu"": null}",10GB,https://www.amazon.co.jp/sim%EF%BD%9C7%E6%97%A5%E9%96%93-10GB%E9%AB%98%E9%80%9F%E3%83%87%E3%83%BC%E3%82%BF%E9%80%9A%E4%BF%A1-%E4%BD%8E%E9%80%9F%E7%84%A1%E5%88%B6%E9%99%90%EF%BD%9C%E4%B8%AD%E5%9B%BD%E6%9C%AC%E5%9C%9F%E3%83%BB%E9%A6%99%E6%B8%AF%E3%83%BB%E3%83%9E%E3%82%AB%E3%82%AA%E5%AF%BE%E5%BF%9C%EF%BD%9Csim%E3%82%AB%E3%83%BC%E3%83%89%EF%BD%9CGoogle-YouTube%E5%88%A9%E7%94%A8%E5%8F%AF%EF%BD%9C%E5%AE%9F%E5%90%8D%E7%99%BB%E9%8C%B2%E4%B8%8D%E8%A6%81%EF%BD%9C24%E6%99%82%E9%96%93%E5%A4%9A%E8%A8%80%E8%AA%9E%E3%82%B5%E3%83%9D%E3%83%BC%E3%83%88-30%E6%97%A5%E9%96%93%E3%83%BB20GB/dp/B0FTM489G3,B0FTM489G3,B0FTM489G3,Global eSIMshop,ブランド: PLUG TO GO,"{""price_jpy"": [""￥2,780""], ""usage_validity"": [""【高速データ】 データ通信専用プリペイドSIM。中国大陸・香港・マカオで利用可能。利用開始から7日間で合計10GBの高速データ通信が利用できます。10GBを超過した場合も、最大128kbpsの低速通信が無制限でご利用可能。本人確認やSIM登録は不要です。 【中国ネット規制なし】 中国本土では香港回線をローミング利用するため、中国政府のネット規制対象外。Goo""], ""activation_validity"": [""中国 sim｜30日間 20GB高速データ通信 低速無制限｜中国本土・香港・マカオ対応｜simカード｜Google/LINE/YouTube利用可｜実名登録不要｜24時間多言語サポート 香港 sim 中国 simカード""], ""data_amount"": [""【高速データ】 データ通信専用プリペイドSIM。中国大陸・香港・マカオで利用可能。利用開始から7日間で合計10GBの高速データ通信が利用できます。10GBを超過した場合も、最大128kbpsの低速通信が無制限でご利用可能。本人確認やSIM登録は不要です。""], ""network_type"": [""local_signal: 【SKTelecoｍ公式認証】 韓国eSIM 3日間 (72時間) 電話番号付き 超高速データ無制限 最初の5分発信無料(韓国国内) お急ぎの方即時発行可(LINE相談受付中) 有効期限／ご購入日より120日以内 現地空港サポート(SKTelecomローミングセンター) SKテレコム正規品 韓国SIMカードタイプではありません"", ""roaming_signal: 【中国ネット規制なし】 中国本土では香港回線をローミング利用するため、中国政府のネット規制対象外。Google、LINE、Facebook、Twitter、YouTube、Instagramなど主要サービスがVPN不要でそのままご利用いただけます。"", ""insufficient_or_conflicting_signals(local=3, roaming=4)""], ""network_generation"": [""product_info_cellular_5g: source:product_info_cellular: 携帯電話技術 5G/4G"", ""product_info_cellular_5g: source:product_info_cellular: 携帯電話技術 5G/4G""], ""carrier_support_local"": [""CTM: 【対応端末】SIMフリー／SIMロック解除済みスマートフォン専用。タブレット・PC・Wi-Fiルーターではご利用いただけません。標準／micro／nano SIMサイズに対応。 キャリア：中国：中国電信（China Telecom）／香港：3HK／マカオ：CTM。"", ""CTM: 【高速データ】 データ通信専用プリペイドSIM。中国大陸・香港・マカオで利用可能。利用開始から7日間で合計10GBの高速データ通信が利用できます。10GBを超過した場合も、最大128kbpsの低速通信が無制限でご利用可能。本人確認やSIM登録は不要です。 【中国ネット規制なし】 中国本土では香港回線"", ""CTM: サービスプロバイダ China Telecom/3HK/CTM"", ""CTM: Amazon.co.jp: 中国 sim｜30日間 20GB高速データ通信 低速無制限｜中国本土・香港・マカオ対応｜simカード｜Google/LINE/YouTube利用可｜実名登録不要｜24時間多言語サポート 香港 sim 中国 simカード : 家電＆カメラ 次に移動 メインコンテンツ この商""], ""review_count"": [""detail_page: (12)""], ""bestseller_rank"": [""Amazon 売れ筋ランキング 家電＆カメラ - 86,658位 ( 家電＆カメラの売れ筋ランキングを見る ) プリペイドSIMカード - 816位""], ""title"": [""中国 sim｜30日間 20GB高速データ通信 低速無制限｜中国本土・香港・マカオ対応｜simカード｜Google/LINE/YouTube利用可｜実名登録不要｜24時間多言語サポート 香港 sim 中国 simカード""]}"
amazon_jp,mo,【香港 eSIM】マカオeSIM 高速データ無制限&データ通信専用 香港SIM マカオSIM 当日利用可能&90日間有効 24時間オンラインサポート お急ぎのご相談は（LINEで受付中です） Hong Kong＆Macao SIM way2esim (10日間),3080,2,,,,,,90일,90일,,unknown,unknown,,,"{""ctm"": null, ""china_telecom_macau"": null, ""three_macau"": null}","{""skt"": null, ""kt"": null, ""lgu"": null}",unlimited,https://www.amazon.co.jp/eSIM%E3%80%91%E3%83%9E%E3%82%AB%E3%82%AAeSIM-24%E6%99%82%E9%96%93%E3%82%AA%E3%83%B3%E3%83%A9%E3%82%A4%E3%83%B3%E3%82%B5%E3%83%9D%E3%83%BC%E3%83%88-%E3%81%8A%E6%80%A5%E3%81%8E%E3%81%AE%E3%81%94%E7%9B%B8%E8%AB%87%E3%81%AF%EF%BC%88LINE%E3%81%A7%E5%8F%97%E4%BB%98%E4%B8%AD%E3%81%A7%E3%81%99%EF%BC%89-Kong%EF%BC%86Macao-way2esim/dp/B0GVYB8PVL,B0GVYB8PVL,B0GVYB8PVL,eSIM株式会社,way2esimのストアを表示,"{""price_jpy"": [""￥3,080""], ""usage_validity"": [""【香港 eSIM】マカオeSIM 高速データ無制限&データ通信専用 香港SIM マカオSIM 当日利用可能&90日間有効 24時間オンラインサポート お急ぎのご相談は（LINEで受付中です） Hong Kong＆Macao SIM way2esim (10日間)""], ""data_amount"": [""【高速データ無制限】：香港・マカオeSIMは、高速データを無制限でご利用いただけます。この香港・マカオeSIMはデータ通信専用で、電話番号は含まれておりません。SNSやウェブ閲覧など、さまざまなインターネットサービスを快適にご利用いただけます。""], ""network_type"": [""no_local_or_roaming_keyword_matched""], ""network_generation"": [""no_lte_4g_or_5g_keyword_matched""], ""review_count"": [""detail_page: (2)""], ""title"": [""【香港 eSIM】マカオeSIM 高速データ無制限&データ通信専用 香港SIM マカオSIM 当日利用可能&90日間有効 24時間オンラインサポート お急ぎのご相談は（LINEで受付中です） Hong Kong＆Macao SIM way2esim (10日間)""]}"
amazon_jp,mo,中国・香港・マカオ eSIM | 180日間 30GB 【当日発行】ウェブサイトでeSIMを入手できます | 4G/LTE高速通信 & テザリング対応 | QRコード&APN自動設定 | LINE相談受付中 | データ通信専用（電話番号なし）,6299,10,,,,,1608,4일,4일,180일,unknown,lte_4g_only,,,"{""ctm"": null, ""china_telecom_macau"": null, ""three_macau"": null}","{""skt"": null, ""kt"": null, ""lgu"": null}",30GB,https://www.amazon.co.jp/%E4%B8%AD%E5%9B%BD%E3%83%BB%E9%A6%99%E6%B8%AF%E3%83%BB%E3%83%9E%E3%82%AB%E3%82%AA-180%E6%97%A5%E9%96%93-30GB-%E3%80%90%E5%BD%93%E6%97%A5%E7%99%BA%E8%A1%8C%E3%80%91%E3%82%A6%E3%82%A7%E3%83%96%E3%82%B5%E3%82%A4%E3%83%88%E3%81%A7eSIM%E3%82%92%E5%85%A5%E6%89%8B%E3%81%A7%E3%81%8D%E3%81%BE%E3%81%99-%E3%83%87%E3%83%BC%E3%82%BF%E9%80%9A%E4%BF%A1%E5%B0%82%E7%94%A8%EF%BC%88%E9%9B%BB%E8%A9%B1%E7%95%AA%E5%8F%B7%E3%81%AA%E3%81%97%EF%BC%89/dp/B0FT81DZVL,B0FT81DZVL,B0FT81DZVL,umacaroon,ＵＲＯＺＥＴＴＡのストアを表示,"{""price_jpy"": [""￥6,299""], ""usage_validity"": [""【プランの利用日数の計算方法】 eSIMの有効期間は、アクティベートした時点から起算され、24時間単位で計算されます。 （例：a10月1日10:00に3日間のプランをアクティベートした場合、有効期限は10月4日10:00までとなります。）""], ""activation_validity"": [""中国・香港・マカオ eSIM | 180日間 30GB 【当日発行】ウェブサイトでeSIMを入手できます | 4G/LTE高速通信 & テザリング対応 | QRコード&APN自動設定 | LINE相談受付中 | データ通信専用（電話番号なし）""], ""data_amount"": [""【中国本土・香港・マカオeSIMカード】アクティベート後、180日間で30GBの高速4G LTE通信をご利用いただけます（超過後は低速通信が無制限）。ホットスポット機能により複数端末の接続も可能です。QRコードから事前インストールが行えます。現地到着後、データローミングをオンにするだけで、すぐにインターネットをご利用いただけます。 *ご注意：有効期間は現地ネ""], ""network_type"": [""local_signal: 【VPN不要で、安定・高速な4G通信環境】中国本土・香港・マカオで、高速かつ安定した4Gネットワークをご利用いただけます。Google Maps、LINE、Instagram、YouTube、ChatGPT（※TikTokは非対応）などの主要アプリやウェブサイトに、現地回線の制限を受けることなく簡単にアクセス可能。ビジネス出張でも観光でも、途切れない通信で快"", ""roaming_signal: 【中国本土・香港・マカオeSIMカード】アクティベート後、180日間で30GBの高速4G LTE通信をご利用いただけます（超過後は低速通信が無制限）。ホットスポット機能により複数端末の接続も可能です。QRコードから事前インストールが行えます。現地到着後、データローミングをオンにするだけで、すぐにインターネットをご利用いただけます。 *ご注意：有効期間は現地ネ"", ""insufficient_or_conflicting_signals(local=3, roaming=6)""], ""network_generation"": [""product_info_cellular_4g_lte: source:product_info_cellular: 携帯電話技術 LTE"", ""product_info_cellular_4g_lte: source:product_info_cellular: 携帯電話技術 LTE""], ""review_count"": [""detail_page: (10)""], ""bestseller_rank"": [""Amazon 売れ筋ランキング 家電＆カメラ - 200,941位 ( 家電＆カメラの売れ筋ランキングを見る ) プリペイドSIMカード - 1,608位""], ""title"": [""中国・香港・マカオ eSIM | 180日間 30GB 【当日発行】ウェブサイトでeSIMを入手できます | 4G/LTE高速通信 & テザリング対応 | QRコード&APN自動設定 | LINE相談受付中 | データ通信専用（電話番号なし）""]}"
amazon_jp,mo,【香港 マカオ eSIM】5日間 無制限 実名登録不要 高速データ通信 低速なし 中国ネット規制対象外 Line、Youtube、GoogleなどVPNなしで利用可能 QRコード設定 メール登録で納品 即日発行対応 急ぎの方LINEサポートあり 中国esim 香港esim マカオesim マグロeSIM,1880,11,,,,,68,1일,1일,5일,unknown,lte_4g_only,,,"{""ctm"": null, ""china_telecom_macau"": null, ""three_macau"": null}","{""skt"": null, ""kt"": null, ""lgu"": null}",unlimited,https://www.amazon.co.jp/eSIM%E3%80%915%E6%97%A5%E9%96%93-%E4%B8%AD%E5%9B%BD%E3%83%8D%E3%83%83%E3%83%88%E8%A6%8F%E5%88%B6%E5%AF%BE%E8%B1%A1%E5%A4%96-Line%E3%80%81Youtube%E3%80%81Google%E3%81%AA%E3%81%A9VPN%E3%81%AA%E3%81%97%E3%81%A7%E5%88%A9%E7%94%A8%E5%8F%AF%E8%83%BD-%E6%80%A5%E3%81%8E%E3%81%AE%E6%96%B9LINE%E3%82%B5%E3%83%9D%E3%83%BC%E3%83%88%E3%81%82%E3%82%8A-%E3%83%9E%E3%82%B0%E3%83%ADeSIM/dp/B0DYDMR9WF,B0DYDMR9WF,B0DYDMR9WF,マグロeSIM,マグロeSIMのストアを表示,"{""price_jpy"": [""￥1,880""], ""usage_validity"": [""【注意事項①】有効期限：eSIM QRコードを受け取ってから90日間です（有効期間内にご利用ください）。eSIMの使用期間については、24時間を1日とカウントされますので、ご了承ください。""], ""activation_validity"": [""【香港 マカオ eSIM】5日間 無制限 実名登録不要 高速データ通信 低速なし 中国ネット規制対象外 Line、Youtube、GoogleなどVPNなしで利用可能 QRコード設定 メール登録で納品 即日発行対応 急ぎの方LINEサポートあり 中国esim 香港esim マカオesim マグロeSIM""], ""data_amount"": [""【高速データ】高速データ通信が無制限に使用可能です。""], ""network_type"": [""local_signal: 【チョコSIM 定額（Sプラン）】【中国の電話番号付きでアプリや施設サービスのSMS認証が可能】【データ容量】合計500MB/月【音声】合計20分間/月 データ/音声/SMS付きSIMカード 中国SIM マカオSIM China unicom ※こちらのSIMカードは契約後、毎月の基本料が発生いたします。※2024年11月1日から台湾でのご利用はできなくなり"", ""roaming_signal: 商品の説明 購入前にご注意！ 注意事項①：ご購入後、商品画像に記載されたURLにアクセスし必要事項を入力→メールアドレスにPDFの説明書とeSIMのQRコードが届きます！ 注意事項②：SIMロックフリー端末、もしくはSIMフリー端末専用のサービスです。必ず、ご利用端末がeSIM対応かどうかご確認ください。 注意事項③：eSIM対応端末のみ利用可能。※通信キャ"", ""insufficient_or_conflicting_signals(local=6, roaming=3)""], ""network_generation"": [""product_info_cellular_4g_lte: source:product_info_cellular: 携帯電話技術 LTE"", ""product_info_cellular_4g_lte: source:product_info_cellular: 携帯電話技術 LTE""], ""review_count"": [""detail_page: (11)""], ""bestseller_rank"": [""Amazon 売れ筋ランキング 家電＆カメラ - 173,745位 ( 家電＆カメラの売れ筋ランキングを見る ) 定期契約SIMカード - 68位""], ""title"": [""【香港 マカオ eSIM】5日間 無制限 実名登録不要 高速データ通信 低速なし 中国ネット規制対象外 Line、Youtube、GoogleなどVPNなしで利用可能 QRコード設定 メール登録で納品 即日発行対応 急ぎの方LINEサポートあり 中国esim 香港esim マカオesim マグロeSIM""]}"
amazon_jp,mo,[香港eSIM、マカオeSIM｜メール納品]香港SIM、マカオSIM 5日間無制限超高速データ通信｜China Telecom対応の4G回線｜即日発行、QR簡単設定｜デザリング可｜旅行・出張・留学に最適｜LINE365日24時間サポート｜非物理SIM｜有効期限はご購入日より180日以内 (5日間無制限),1839,238,,,,,165,5일,5일,5일,roaming,lte_4g_only,,,"{""ctm"": null, ""china_telecom_macau"": null, ""three_macau"": null}","{""skt"": null, ""kt"": null, ""lgu"": null}",1GB/day,https://www.amazon.co.jp/%E9%A6%99%E6%B8%AFeSIM%E3%80%81%E3%83%9E%E3%82%AB%E3%82%AAeSIM%EF%BD%9C%E3%83%A1%E3%83%BC%E3%83%AB%E7%B4%8D%E5%93%81-%E9%A6%99%E6%B8%AFSIM%E3%80%81%E3%83%9E%E3%82%AB%E3%82%AASIM-5%E6%97%A5%E9%96%93%E7%84%A1%E5%88%B6%E9%99%90%E8%B6%85%E9%AB%98%E9%80%9F%E3%83%87%E3%83%BC%E3%82%BF%E9%80%9A%E4%BF%A1%EF%BD%9CChina-5%E6%97%A5%E9%96%93%E7%84%A1%E5%88%B6%E9%99%90/dp/B0FZSVYN23,B0FZSVYN23,B0FZSVYN23,SIM’s shop,ノーブランド品のストアを表示,"{""price_jpy"": [""￥1,839""], ""usage_validity"": [""[香港eSIM、マカオeSIM｜メール納品]香港SIM、マカオSIM 5日間無制限超高速データ通信｜China Telecom対応の4G回線｜即日発行、QR簡単設定｜デザリング可｜旅行・出張・留学に最適｜LINE365日24時間サポート｜非物理SIM｜有効期限はご購入日より180日以内 (5日間無制限)""], ""activation_validity"": [""[香港eSIM、マカオeSIM｜メール納品]香港SIM、マカオSIM 5日間無制限超高速データ通信｜China Telecom対応の4G回線｜即日発行、QR簡単設定｜デザリング可｜旅行・出張・留学に最適｜LINE365日24時間サポート｜非物理SIM｜有効期限はご購入日より180日以内 (5日間無制限)""], ""data_amount"": [""🔺🔺高速通信データ： China Telecomの4G回線に対応。1日あたり1GBを超過後も最大10Mbpsで通信可能。データ無制限、超高速で安定した通信品質を実現し、旅行・出張・留学などに最適。""], ""network_type"": [""⚠️ご注意：1.本製品は SIMロック解除済みかつeSIM対応スマートフォン のみでご利用いただけます。ご利用日当日にスマートフォンをネットワークへ接続し、eSIMのQRコードをスキャン して追加してください。🔺🔺目的地到着後、そのeSIMを選択し「ローミングをオン」にすると通信が可能になります。"", ""✅Q9.5Gは利用できますか？ A：商品により 4G（LTE）／5G に対応します。通信環境・端末により異なります。 ✅Q10.テザリングはできますか？ A：可能です。※端末により非対応の場合があります。 ✅Q11.音声通話や SMS は利用できますか？ A：いいえ。本eSIMはデータ通信専用です。 ✅Q12.現在の SIM と同時に使えますか？ A：デュア"", ""score: local=0, roaming=3""], ""network_generation"": [""product_info_cellular_4g_lte: source:product_info_cellular: 携帯電話技術 4G"", ""product_info_cellular_4g_lte: source:product_info_cellular: 携帯電話技術 4G""], ""review_count"": [""detail_page: 238""], ""bestseller_rank"": [""Amazon 売れ筋ランキング 家電＆カメラ - 466,865位 ( 家電＆カメラの売れ筋ランキングを見る ) 定期契約SIMカード - 165位""], ""title"": [""[香港eSIM、マカオeSIM｜メール納品]香港SIM、マカオSIM 5日間無制限超高速データ通信｜China Telecom対応の4G回線｜即日発行、QR簡単設定｜デザリング可｜旅行・出張・留学に最適｜LINE365日24時間サポート｜非物理SIM｜有効期限はご購入日より180日以内 (5日間無制限)""]}"
amazon_jp,mo,【香港 マカオeSIM】6日間 高速データ通信 無制限 データ通信専用（電話番号なし）5G / 4G対応 即日発行可能 年中無休·24時間サポート【mewfi eSIM】,2280,11,,,,,2064,6일,6일,90일,unknown,5g_capable,,,"{""ctm"": null, ""china_telecom_macau"": null, ""three_macau"": null}","{""skt"": null, ""kt"": null, ""lgu"": null}",unlimited,https://www.amazon.co.jp/%E3%83%9E%E3%82%AB%E3%82%AAeSIM%E3%80%916%E6%97%A5%E9%96%93-%E9%AB%98%E9%80%9F%E3%83%87%E3%83%BC%E3%82%BF%E9%80%9A%E4%BF%A1-%E3%83%87%E3%83%BC%E3%82%BF%E9%80%9A%E4%BF%A1%E5%B0%82%E7%94%A8%EF%BC%88%E9%9B%BB%E8%A9%B1%E7%95%AA%E5%8F%B7%E3%81%AA%E3%81%97%EF%BC%895G-%E5%8D%B3%E6%97%A5%E7%99%BA%E8%A1%8C%E5%8F%AF%E8%83%BD-%E5%B9%B4%E4%B8%AD%E7%84%A1%E4%BC%91%C2%B724%E6%99%82%E9%96%93%E3%82%B5%E3%83%9D%E3%83%BC%E3%83%88%E3%80%90mewfi/dp/B0GTYWTGKG,B0GTYWTGKG,B0GTYWTGKG,Mewfi 正規販売店,mewfiのストアを表示,"{""price_jpy"": [""￥2,280""], ""usage_validity"": [""【香港 マカオeSIM】6日間 高速データ通信 無制限 データ通信専用（電話番号なし）5G / 4G対応 即日発行可能 年中無休·24時間サポート【mewfi eSIM】""], ""activation_validity"": [""【有効期限】eSIM情報が記載されたメールの受信日から90日以内にご利用ください。""], ""data_amount"": [""【香港 マカオeSIM】利用期間中、高速データ通信を無制限でご利用いただけます。1日ごとのデータ容量上限はありません。""], ""network_type"": [""local_signal: 【SKTelecoｍ公式認証】 韓国eSIM 3日間 (72時間) 電話番号付き 超高速データ無制限 最初の5分発信無料(韓国国内) お急ぎの方即時発行可(LINE相談受付中) 有効期限／ご購入日より120日以内 現地空港サポート(SKTelecomローミングセンター) SKテレコム正規品 韓国SIMカードタイプではありません"", ""roaming_signal: 【注意】香港・マカオでご利用の際は、端末のデータローミングをオンにしてください。"", ""insufficient_or_conflicting_signals(local=3, roaming=4)""], ""network_generation"": [""title_5g: source:title: 【香港 マカオeSIM】6日間 高速データ通信 無制限 データ通信専用（電話番号なし）5G / 4G対応 即日発行可能 年中無休·24時間サポート【mewfi eSIM】"", ""title_4g_lte_signal_present_but_5g_capable_takes_precedence""], ""review_count"": [""detail_page: (11)""], ""bestseller_rank"": [""Amazon 売れ筋ランキング 家電＆カメラ - 275,775位 ( 家電＆カメラの売れ筋ランキングを見る ) プリペイドSIMカード - 2,064位""], ""title"": [""【香港 マカオeSIM】6日間 高速データ通信 無制限 データ通信専用（電話番号なし）5G / 4G対応 即日発行可能 年中無休·24時間サポート【mewfi eSIM】""]}"
amazon_jp,mo,【中国 香港 マカオ 物理SIM】中国SIM 8日間 10GB 速度制限なし 本人確認不要 中国/香港/マカオ対応 プリペイド式 データ通信専用 日本発送 現地到着後アクティベート 中国sim 香港sim マカオsim,3990,1,,,,,2555,8일,8일,,unknown,unknown,,,"{""ctm"": null, ""china_telecom_macau"": null, ""three_macau"": null}","{""skt"": null, ""kt"": null, ""lgu"": null}",10GB,https://www.amazon.co.jp/%E7%89%A9%E7%90%86SIM%E3%80%91%E4%B8%AD%E5%9B%BDSIM-%E9%80%9F%E5%BA%A6%E5%88%B6%E9%99%90%E3%81%AA%E3%81%97-%E6%9C%AC%E4%BA%BA%E7%A2%BA%E8%AA%8D%E4%B8%8D%E8%A6%81-%E3%83%87%E3%83%BC%E3%82%BF%E9%80%9A%E4%BF%A1%E5%B0%82%E7%94%A8-%E7%8F%BE%E5%9C%B0%E5%88%B0%E7%9D%80%E5%BE%8C%E3%82%A2%E3%82%AF%E3%83%86%E3%82%A3%E3%83%99%E3%83%BC%E3%83%88/dp/B0FM6JFSGM,B0FM6JFSGM,B0FM6JFSGM,Karbor,ブランド: YukiLink,"{""price_jpy"": [""￥3,990""], ""usage_validity"": [""【中国 香港 マカオ 物理SIM】中国SIM 8日間 10GB 速度制限なし 本人確認不要 中国/香港/マカオ対応 プリペイド式 データ通信専用 日本発送 現地到着後アクティベート 中国sim 香港sim マカオsim""], ""data_amount"": [""​​【高速安定通信】10GBの高速データを速度制限なしでご利用可能​​。動画視聴や地図検索、SNSの利用も快適な​​高速通信​​を提供します。多くの格安SIMのような「~GB以降は低速（128kbps）」という制限は​​一切ありません​​。10GBまでずっと高速でお使いいただけます。""], ""network_type"": [""no_local_or_roaming_keyword_matched""], ""network_generation"": [""fallback_5g: source:image_alt: 【中国・香港・マカオ eSIM】5日間 5GB（四泊五日 コスパ重視） DeSiM正規卸 |LINE相談受付中 |データ通信専用（電話番号なし） simフリー端末のみ対応 説明書付 イーシム"", ""fallback_4g_lte: source:image_alt: 中国eSIM｜中国本土・香港・マカオ対応｜7日間 高速データ無制限｜VPN付き LINE・YouTube・Google利用可｜4G/5G 即日発行可能（eSIM | 7日間）"", ""fallback_only_network_generation_signal""], ""review_count"": [""detail_page: (1)""], ""bestseller_rank"": [""Amazon 売れ筋ランキング 家電＆カメラ - 360,557位 ( 家電＆カメラの売れ筋ランキングを見る ) プリペイドSIMカード - 2,555位""], ""title"": [""【中国 香港 マカオ 物理SIM】中国SIM 8日間 10GB 速度制限なし 本人確認不要 中国/香港/マカオ対応 プリペイド式 データ通信専用 日本発送 現地到着後アクティベート 中国sim 香港sim マカオsim""]}"
amazon_jp,mo,【香港・マカオeSIM】5日間 3GB（コスパ重視） LINE相談受付中｜データ通信専用（電話番号なし） | simフリー端末のみ対応 説明書付 イーシム simless,850,5,,,,,1534,3일,3일,5일,local,unknown,,,"{""ctm"": null, ""china_telecom_macau"": null, ""three_macau"": null}","{""skt"": null, ""kt"": null, ""lgu"": null}",unlimited,https://www.amazon.co.jp/%E3%80%90%E9%A6%99%E6%B8%AF%E3%83%BB%E3%83%9E%E3%82%AB%E3%82%AAeSIM%E3%80%915%E6%97%A5%E9%96%93-3GB%EF%BC%88%E3%82%B3%E3%82%B9%E3%83%91%E9%87%8D%E8%A6%96%EF%BC%89-LINE%E7%9B%B8%E8%AB%87%E5%8F%97%E4%BB%98%E4%B8%AD%EF%BD%9C%E3%83%87%E3%83%BC%E3%82%BF%E9%80%9A%E4%BF%A1%E5%B0%82%E7%94%A8%EF%BC%88%E9%9B%BB%E8%A9%B1%E7%95%AA%E5%8F%B7%E3%81%AA%E3%81%97%EF%BC%89-sim%E3%83%95%E3%83%AA%E3%83%BC%E7%AB%AF%E6%9C%AB%E3%81%AE%E3%81%BF%E5%AF%BE%E5%BF%9C-simless/dp/B0DWLW1WK8,B0DWLW1WK8,B0DWLW1WK8,DeSiM,DeSiMのストアを表示,"{""price_jpy"": [""￥850""], ""usage_validity"": [""【SKTelecoｍ公式認証】 韓国eSIM 3日間 (72時間) 電話番号付き 超高速データ無制限 最初の5分発信無料(韓国国内) お急ぎの方即時発行可(LINE相談受付中) 有効期限／ご購入日より120日以内 現地空港サポート(SKTelecomローミングセンター) SKテレコム正規品 韓国SIMカードタイプではありません""], ""activation_validity"": [""【香港・マカオeSIM】5日間 3GB（コスパ重視） LINE相談受付中｜データ通信専用（電話番号なし） | simフリー端末のみ対応 説明書付 イーシム simless""], ""data_amount"": [""商品の説明 購入前の注意事項 【注意事項】 注意事項①：電話番号は付与されませんので、ご注意ください。 注意事項②：SIMロックフリー端末、もしくはSIMフリー端末専用のサービスです。必ず、ご利用端末がeSIM対応かどうかご確認ください。 注意事項③：2021年10月1日以前にSIMロック解除をキャリア店頭またはインターネットでされた「Android端末」は""], ""network_type"": [""商品の説明 購入前の注意事項 【注意事項】 注意事項①：電話番号は付与されませんので、ご注意ください。 注意事項②：SIMロックフリー端末、もしくはSIMフリー端末専用のサービスです。必ず、ご利用端末がeSIM対応かどうかご確認ください。 注意事項③：2021年10月1日以前にSIMロック解除をキャリア店頭またはインターネットでされた「Android端末」は"", ""【チョコSIM 定額（Sプラン）】【中国の電話番号付きでアプリや施設サービスのSMS認証が可能】【データ容量】合計500MB/月【音声】合計20分間/月 データ/音声/SMS付きSIMカード 中国SIM マカオSIM China unicom ※こちらのSIMカードは契約後、毎月の基本料が発生いたします。※2024年11月1日から台湾でのご利用はできなくなり"", ""score: local=9, roaming=1""], ""network_generation"": [""fallback_5g: source:image_alt: 【香港・マカオ eSIM】5日間 5GB（四泊五日 コスパ重視） DeSiM正規卸 | LINE相談受付中 |データ通信専用（電話番号なし） | simフリー端末のみ対応 説明書付 イーシム"", ""fallback_4g_lte: source:image_alt: 【Docomo回線】365日間100GB 5G/4G/LTE対応 プリペイドSIM リチャージ可 期間延長可 残量確認可 契約不要 日本国内用 データ通信専用 物理SIM 大容量 ピン付き 設定簡単 年中無休 多言語安心サポート sim card japan【DXHUB】"", ""fallback_only_network_generation_signal""], ""review_count"": [""detail_page: 商品の説明 購入前の注意事項 【注意事項】 注意事項①：電話番号は付与されませんので、ご注意ください。 注意事項②：SIMロックフリー端末、もしくはSIMフリー端末専用のサービスです。必ず、ご利用端末がeSIM対応かどうかご確認ください。 注意事項③：2021年10月1日以前にSIMロック解除をキャリア店頭またはインターネットでされた「Android端末」は""], ""bestseller_rank"": [""Amazon 売れ筋ランキング 家電＆カメラ - 191,233位 ( 家電＆カメラの売れ筋ランキングを見る ) プリペイドSIMカード - 1,534位""], ""title"": [""【香港・マカオeSIM】5日間 3GB（コスパ重視） LINE相談受付中｜データ通信専用（電話番号なし） | simフリー端末のみ対応 説明書付 イーシム simless""]}"
amazon_jp,mo,【中国・香港・マカオeSIM】1日間完全無制限（使い放題） DeSiM正規卸 | LINE相談受付中｜データ通信専用（電話番号なし） | simフリー端末のみ対応 説明書付 イーシム DeSiM,1370,1,,,,,1675,1일,1일,7일,local,lte_4g_only,,,"{""ctm"": null, ""china_telecom_macau"": null, ""three_macau"": null}","{""skt"": null, ""kt"": null, ""lgu"": null}",unlimited,https://www.amazon.co.jp/%E3%80%90%E4%B8%AD%E5%9B%BD%E3%83%BB%E9%A6%99%E6%B8%AF%E3%83%BB%E3%83%9E%E3%82%AB%E3%82%AAeSIM%E3%80%911%E6%97%A5%E9%96%93%E5%AE%8C%E5%85%A8%E7%84%A1%E5%88%B6%E9%99%90%EF%BC%88%E4%BD%BF%E3%81%84%E6%94%BE%E9%A1%8C%EF%BC%89-DeSiM%E6%AD%A3%E8%A6%8F%E5%8D%B8-LINE%E7%9B%B8%E8%AB%87%E5%8F%97%E4%BB%98%E4%B8%AD%EF%BD%9C%E3%83%87%E3%83%BC%E3%82%BF%E9%80%9A%E4%BF%A1%E5%B0%82%E7%94%A8%EF%BC%88%E9%9B%BB%E8%A9%B1%E7%95%AA%E5%8F%B7%E3%81%AA%E3%81%97%EF%BC%89-sim%E3%83%95%E3%83%AA%E3%83%BC%E7%AB%AF%E6%9C%AB%E3%81%AE%E3%81%BF%E5%AF%BE%E5%BF%9C-DeSiM/dp/B0DL4VFSNS,B0DL4VFSNS,B0DL4VFSNS,DeSiM,DeSiMのストアを表示,"{""price_jpy"": [""￥1,370""], ""usage_validity"": [""【中国・香港・マカオeSIM】1日間完全無制限（使い放題） DeSiM正規卸 | LINE相談受付中｜データ通信専用（電話番号なし） | simフリー端末のみ対応 説明書付 イーシム DeSiM""], ""activation_validity"": [""商品の説明 購入前の注意事項 【注意事項】 注意事項①：本商品はデータ通信専用です（通話はご利用いただけません）。ご注意ください。 注意事項②：SIMロックフリー端末、もしくはSIMフリー端末専用のサービスです。必ず、ご利用端末がeSIM対応かどうかご確認ください。 注意事項③：2021年10月1日以前にSIMロック解除をキャリア店頭またはインターネットでさ""], ""data_amount"": [""商品の説明 購入前の注意事項 【注意事項】 注意事項①：本商品はデータ通信専用です（通話はご利用いただけません）。ご注意ください。 注意事項②：SIMロックフリー端末、もしくはSIMフリー端末専用のサービスです。必ず、ご利用端末がeSIM対応かどうかご確認ください。 注意事項③：2021年10月1日以前にSIMロック解除をキャリア店頭またはインターネットでさ""], ""network_type"": [""商品の説明 購入前の注意事項 【注意事項】 注意事項①：本商品はデータ通信専用です（通話はご利用いただけません）。ご注意ください。 注意事項②：SIMロックフリー端末、もしくはSIMフリー端末専用のサービスです。必ず、ご利用端末がeSIM対応かどうかご確認ください。 注意事項③：2021年10月1日以前にSIMロック解除をキャリア店頭またはインターネットでさ"", ""【チョコSIM 定額（Sプラン）】【中国の電話番号付きでアプリや施設サービスのSMS認証が可能】【データ容量】合計500MB/月【音声】合計20分間/月 データ/音声/SMS付きSIMカード 中国SIM マカオSIM China unicom ※こちらのSIMカードは契約後、毎月の基本料が発生いたします。※2024年11月1日から台湾でのご利用はできなくなり"", ""score: local=9, roaming=1""], ""network_generation"": [""product_info_cellular_4g_lte: source:product_info_cellular: 携帯電話技術 LTE"", ""product_info_cellular_4g_lte: source:product_info_cellular: 携帯電話技術 LTE""], ""review_count"": [""detail_page: (1)""], ""bestseller_rank"": [""Amazon 売れ筋ランキング 家電＆カメラ - 210,710位 ( 家電＆カメラの売れ筋ランキングを見る ) プリペイドSIMカード - 1,675位""], ""title"": [""【中国・香港・マカオeSIM】1日間完全無制限（使い放題） DeSiM正規卸 | LINE相談受付中｜データ通信専用（電話番号なし） | simフリー端末のみ対応 説明書付 イーシム DeSiM""]}"
amazon_jp,mo,【アジア eSIM】 4G-LTE 500MB/日・高速定額データ 低速使い放題 シンガポール マレーシア タイ ベトナム インドネシア カンボジア 香港 マカオ sim 即日発行可能 アジア プリペイド simカード Asia eSIM アジアsim (12日間 高速データ),2280,4,,,,,738,12일,12일,30일,unknown,lte_4g_only,,,"{""ctm"": true, ""china_telecom_macau"": null, ""three_macau"": null}","{""skt"": null, ""kt"": null, ""lgu"": null}",unlimited,https://www.amazon.co.jp/4G-LTE-%E6%97%A5%E3%83%BB%E9%AB%98%E9%80%9F%E5%AE%9A%E9%A1%8D%E3%83%87%E3%83%BC%E3%82%BF-%E4%BD%8E%E9%80%9F%E4%BD%BF%E3%81%84%E6%94%BE%E9%A1%8C-12%E6%97%A5%E9%96%93-%E9%AB%98%E9%80%9F%E3%83%87%E3%83%BC%E3%82%BF/dp/B0D1YFTYPS,B0D1YFTYPS,B0D1YFTYPS,Global eSIMshop,ブランド: PLUG TO GO,"{""price_jpy"": [""￥2,280""], ""usage_validity"": [""【アジア eSIM】 4G-LTE 500MB/日・高速定額データ 低速使い放題 シンガポール マレーシア タイ ベトナム インドネシア カンボジア 香港 マカオ sim 即日発行可能 アジア プリペイド simカード Asia eSIM アジアsim (12日間 高速データ)""], ""activation_validity"": [""【有効期限】メールで納品後、30日以内にご利用ください""], ""data_amount"": [""【データ容量】データ無制限ですが、一日の使用量が500MBに達すると通信速度が最大128kbpsに制限されます翌日の現地時間0時に制限が解除されます 使用量は現地時間の00:00から23:59までカウントされます""], ""network_type"": [""local_signal: 【SKTelecoｍ公式認証】 韓国eSIM 3日間 (72時間) 電話番号付き 超高速データ無制限 最初の5分発信無料(韓国国内) お急ぎの方即時発行可(LINE相談受付中) 有効期限／ご購入日より120日以内 現地空港サポート(SKTelecomローミングセンター) SKテレコム正規品 韓国SIMカードタイプではありません"", ""roaming_signal: 商品の説明 購入前の注意事項 【注意事項】 注意事項①：SIMロックフリー端末、もしくはSIMフリー端末専用サービスです。必ず、ご利用端末がeSIM対応かどうかご確認ください。タブレットやWi-Fiルーターではご利用いただけません。 注意事項②：本商品は香港ローミング回線を使用しているために、ChatGPT、TikTokはご利用いただけません。 注意事項③："", ""insufficient_or_conflicting_signals(local=3, roaming=5)""], ""network_generation"": [""product_info_cellular_4g_lte: source:product_info_cellular: 携帯電話技術 4G-LTE"", ""product_info_cellular_4g_lte: source:product_info_cellular: 携帯電話技術 4G-LTE""], ""carrier_support_local"": [""CTM: 【キャリア】シンガポール：Singtel、M1、StarHub マレーシア：Celcom、DiGi タイ： DTAC インドネシア：XL カンボジア：Smart、Metfone ベトナム： Viettel、Vinaphone 香港：SmarTone、HKT、3HK マカオ： CTMアジア各国で安定し""], ""review_count"": [""detail_page: (4)""], ""bestseller_rank"": [""Amazon 売れ筋ランキング 家電＆カメラ - 75,343位 ( 家電＆カメラの売れ筋ランキングを見る ) プリペイドSIMカード - 738位""], ""title"": [""【アジア eSIM】 4G-LTE 500MB/日・高速定額データ 低速使い放題 シンガポール マレーシア タイ ベトナム インドネシア カンボジア 香港 マカオ sim 即日発行可能 アジア プリペイド simカード Asia eSIM アジアsim (12日間 高速データ)""]}"
amazon_jp,mo,【香港・マカオ eSIM】18日間 10GB（コスパ重視） DeSiM正規卸 | LINE相談受付中 | データ通信専用（電話番号なし） | simフリー端末のみ対応 説明書付 イーシム DeSiM,2620,2,,,,,751,18일,18일,90일,unknown,unknown,,,"{""ctm"": null, ""china_telecom_macau"": null, ""three_macau"": null}","{""skt"": null, ""kt"": null, ""lgu"": null}",10GB,https://www.amazon.co.jp/10GB%EF%BC%88%E3%82%B3%E3%82%B9%E3%83%91%E9%87%8D%E8%A6%96%EF%BC%89-LINE%E7%9B%B8%E8%AB%87%E5%8F%97%E4%BB%98%E4%B8%AD%EF%BD%9C%E5%BD%93%E6%97%A5%E7%99%BA%E8%A1%8C%E5%8F%AF%E8%83%BD-%E3%83%87%E3%83%BC%E3%82%BF%E9%80%9A%E4%BF%A1%E5%B0%82%E7%94%A8%EF%BC%88%E9%9B%BB%E8%A9%B1%E7%95%AA%E5%8F%B7%E3%81%AA%E3%81%97%EF%BC%89-sim%E3%83%95%E3%83%AA%E3%83%BC%E7%AB%AF%E6%9C%AB%E3%81%AE%E3%81%BF%E5%AF%BE%E5%BF%9C-DeSiM/dp/B0F1DXVLX7,B0F1DXVLX7,B0F1DXVLX7,DeSiM,DeSiMのストアを表示,"{""price_jpy"": [""￥2,620""], ""usage_validity"": [""【香港・マカオ eSIM】18日間 10GB（コスパ重視） DeSiM正規卸 | LINE相談受付中 | データ通信専用（電話番号なし） | simフリー端末のみ対応 説明書付 イーシム DeSiM""], ""activation_validity"": [""【アメリカeSIM】7日間 高速データ無制限使い放題 当日利用可能&有効期限90日間 5G高速データ通信専用 説明書付 LINEで年中無休&24時間サポート アメリカ sim ハワイsim プリペイドsim Tiktok&ChatGPT使用可能 America sim way2esim""], ""data_amount"": [""【香港・マカオ eSIM】18日間 10GB（コスパ重視） DeSiM正規卸 | LINE相談受付中｜当日発行可能 | データ通信専用（電話番号なし） | simフリー端末のみ対応 説明書付 イーシム DeSiM""], ""network_type"": [""roaming_signal: 【DeSiM】シンガポール3日間無制限+eSIMテストサービス付き【セット】完全予約制 | 海外旅行出国前事前テストeSIMサービス - DeSiM - 渡航前の不安を解消！ | Wi-Fi使用が面倒、ローミング料金が高い、SIMやeSIMの設定が不安な方に V4"", ""insufficient_or_conflicting_signals(local=0, roaming=1)""], ""network_generation"": [""fallback_5g: source:image_alt: 【香港・マカオ eSIM】7日間 5GB（六泊七日 コスパ重視） DeSiM正規卸 | LINE相談受付中 | データ通信専用（電話番号なし） | simフリー端末のみ対応 説明書付 イーシム DeSiM"", ""fallback_only_network_generation_signal""], ""review_count"": [""detail_page: (2)""], ""bestseller_rank"": [""Amazon 売れ筋ランキング 家電＆カメラ - 78,735位 ( 家電＆カメラの売れ筋ランキングを見る ) プリペイドSIMカード - 751位""], ""title"": [""【香港・マカオ eSIM】18日間 10GB（コスパ重視） DeSiM正規卸 | LINE相談受付中 | データ通信専用（電話番号なし） | simフリー端末のみ対応 説明書付 イーシム DeSiM""]}"
amazon_jp,mo,【香港/マカオSIM】7日間 7GB 高速データ データSIM プリペイドSIM ジェットモバイル テザリング可 5G/4G-LTE,1501,53,,,,,2700,3일,3일,7일,local,5g_capable,,,"{""ctm"": true, ""china_telecom_macau"": null, ""three_macau"": null}","{""skt"": null, ""kt"": null, ""lgu"": null}",1GB/day,https://www.amazon.co.jp/%E3%83%9E%E3%82%AB%E3%82%AASIM%E3%80%917%E6%97%A5%E9%96%93-%E3%83%87%E3%83%BC%E3%82%BFSIM-%E3%83%97%E3%83%AA%E3%83%9A%E3%82%A4%E3%83%89SIM-%E3%82%B8%E3%82%A7%E3%83%83%E3%83%88%E3%83%A2%E3%83%90%E3%82%A4%E3%83%AB-%E3%83%86%E3%82%B6%E3%83%AA%E3%83%B3%E3%82%B0%E5%8F%AF/dp/B0F1XYS8NH,B0F1XYS8NH,B0F1XYS8NH,ジェスロモバイル,JETSIMのストアを表示,"{""price_jpy"": [""￥1,501""], ""usage_validity"": [""【SKTelecoｍ公式認証】 韓国eSIM 3日間 (72時間) 電話番号付き 超高速データ無制限 最初の5分発信無料(韓国国内) お急ぎの方即時発行可(LINE相談受付中) 有効期限／ご購入日より120日以内 現地空港サポート(SKTelecomローミングセンター) SKテレコム正規品 韓国SIMカードタイプではありません""], ""activation_validity"": [""【香港/マカオSIM】7日間 7GB 高速データ データSIM プリペイドSIM ジェットモバイル テザリング可 5G/4G-LTE""], ""data_amount"": [""【データ無制限】香港・マカオで7日間 5G/4G-LTE 高速データ7GB、その後2G速度で使い放題。テザリング対応。高速データ1日1GBまで。""], ""network_type"": [""【チャージで延長も可能】中国電話番号付き（30分/SMS30通）！シーズンSIM（中国本土・香港・日本・韓国で利用可能）90日間6GBデータ高速通信 プリペイドSIMカード 面倒な契約不要 Chinaunicom (通常版)Google、Facebook、Instagram、LINEなどSNSに接続可能。※台湾での利用はできません。※香港ではデータ通信のみ通"", ""【SKTelecoｍ公式認証】 韓国eSIM 3日間 (72時間) 電話番号付き 超高速データ無制限 最初の5分発信無料(韓国国内) お急ぎの方即時発行可(LINE相談受付中) 有効期限／ご購入日より120日以内 現地空港サポート(SKTelecomローミングセンター) SKテレコム正規品 韓国SIMカードタイプではありません"", ""score: local=6, roaming=0""], ""network_generation"": [""product_detail_5g: source:feature_bullets: 【データ無制限】香港・マカオで7日間 5G/4G-LTE 高速データ7GB、その後2G速度で使い放題。テザリング対応。高速データ1日1GBまで。""], ""carrier_support_local"": [""CTM: 【高品質回線】 大手通信キャリア回線を使用。広範囲で安定した快適な通信を提供。香港：3HK回線。マカオ：CTM回線。""], ""review_count"": [""detail_page: 53""], ""bestseller_rank"": [""Amazon 売れ筋ランキング 家電＆カメラ - 393,196位 ( 家電＆カメラの売れ筋ランキングを見る ) プリペイドSIMカード - 2,700位""], ""title"": [""【香港/マカオSIM】7日間 7GB 高速データ データSIM プリペイドSIM ジェットモバイル テザリング可 5G/4G-LTE""]}"
amazon_jp,mo,アジア eSIM アジア周遊 28カ国 10日間6GB Truemoveキャリア 高速データ通信 低速データ通信 無制限 日本 韓国 中国 台湾 香港 マカオ シンガポール マレーシア など28カ国 Asia esim Travel esim (eSIM 10日間),2480,5,,,,,874,3일,3일,10일,unknown,lte_4g_only,,,"{""ctm"": null, ""china_telecom_macau"": null, ""three_macau"": null}","{""skt"": null, ""kt"": null, ""lgu"": null}",unlimited,https://www.amazon.co.jp/eSIM-10%E6%97%A5%E9%96%936GB-Truemove%E3%82%AD%E3%83%A3%E3%83%AA%E3%82%A2-%E9%AB%98%E9%80%9F%E3%83%87%E3%83%BC%E3%82%BF%E9%80%9A%E4%BF%A1-10%E6%97%A5%E9%96%93/dp/B0DRHMH7T5,B0DRHMH7T5,B0DRHMH7T5,株式会社ビッグコネクト,bigconnectのストアを表示,"{""price_jpy"": [""￥2,480""], ""usage_validity"": [""【SKTelecoｍ公式認証】 韓国eSIM 3日間 (72時間) 電話番号付き 超高速データ無制限 最初の5分発信無料(韓国国内) お急ぎの方即時発行可(LINE相談受付中) 有効期限／ご購入日より120日以内 現地空港サポート(SKTelecomローミングセンター) SKテレコム正規品 韓国SIMカードタイプではありません""], ""activation_validity"": [""アジア eSIM アジア周遊 28カ国 10日間6GB Truemoveキャリア 高速データ通信 低速データ通信 無制限 日本 韓国 中国 台湾 香港 マカオ シンガポール マレーシア など28カ国 Asia esim Travel esim (eSIM 10日間)""], ""data_amount"": [""【データプラン】データ通信専用SIMになります。※データ容量無制限。ただしデータ使用量が6GBに達すると最大通信速度が128kbpsに低下します。※現地時間の00:00-23：59区切りで、カウントされます。128kbpsはビデオ通話、Youtubeなどの動画閲覧がほぼできないですが、Google Map、メールやトークアプリのメッセージ機能など問題なぐご利""], ""network_type"": [""local_signal: 【チョコSIM 定額（Sプラン）】【中国の電話番号付きでアプリや施設サービスのSMS認証が可能】【データ容量】合計500MB/月【音声】合計20分間/月 データ/音声/SMS付きSIMカード 中国SIM マカオSIM China unicom ※こちらのSIMカードは契約後、毎月の基本料が発生いたします。※2024年11月1日から台湾でのご利用はできなくなり"", ""roaming_signal: 【DeSiM】インドネシア3日間無制限+eSIMテストサービス付き【セット】完全予約制 | 海外旅行出国前事前テストeSIMサービス - DeSiM - 渡航前の不安を解消！ | Wi-Fi使用が面倒、ローミング料金が高い、SIMやeSIMの設定が不安な方に V4"", ""insufficient_or_conflicting_signals(local=6, roaming=2)""], ""network_generation"": [""product_info_cellular_4g_lte: source:product_info_cellular: 携帯電話技術 LTE"", ""product_info_cellular_4g_lte: source:product_info_cellular: 携帯電話技術 LTE""], ""review_count"": [""detail_page: (5)""], ""bestseller_rank"": [""Amazon 売れ筋ランキング 家電＆カメラ - 95,462位 ( 家電＆カメラの売れ筋ランキングを見る ) プリペイドSIMカード - 874位""], ""title"": [""アジア eSIM アジア周遊 28カ国 10日間6GB Truemoveキャリア 高速データ通信 低速データ通信 無制限 日本 韓国 中国 台湾 香港 マカオ シンガポール マレーシア など28カ国 Asia esim Travel esim (eSIM 10日間)""]}"
amazon_jp,mo,【DeSiM】中国・香港・マカオ3日間無制限+eSIMテストサービス付き【セット】完全予約制 | 海外旅行出国前事前テストeSIMサービス - DeSiM - 渡航前の不安を解消！ | Wi-Fi使用が面倒、ローミング料金が高い、SIMやeSIMの設定が不安な方に V4,2290,111,,,,,655,3일,3일,3일,unknown,lte_4g_only,,,"{""ctm"": null, ""china_telecom_macau"": null, ""three_macau"": null}","{""skt"": null, ""kt"": null, ""lgu"": null}",unlimited,https://www.amazon.co.jp/%E4%B8%AD%E5%9B%BD%E3%83%BB%E9%A6%99%E6%B8%AF%E3%83%BB%E3%83%9E%E3%82%AB%E3%82%AA3%E6%97%A5%E9%96%93%E7%84%A1%E5%88%B6%E9%99%90-eSIM%E3%83%86%E3%82%B9%E3%83%88%E3%82%B5%E3%83%BC%E3%83%93%E3%82%B9%E4%BB%98%E3%81%8D%E3%80%90%E3%82%BB%E3%83%83%E3%83%88%E3%80%91%E5%AE%8C%E5%85%A8%E4%BA%88%E7%B4%84%E5%88%B6-%E6%B5%B7%E5%A4%96%E6%97%85%E8%A1%8C%E5%87%BA%E5%9B%BD%E5%89%8D%E4%BA%8B%E5%89%8D%E3%83%86%E3%82%B9%E3%83%88eSIM%E3%82%B5%E3%83%BC%E3%83%93%E3%82%B9-%E6%B8%A1%E8%88%AA%E5%89%8D%E3%81%AE%E4%B8%8D%E5%AE%89%E3%82%92%E8%A7%A3%E6%B6%88%EF%BC%81-Wi-Fi%E4%BD%BF%E7%94%A8%E3%81%8C%E9%9D%A2%E5%80%92%E3%80%81%E3%83%AD%E3%83%BC%E3%83%9F%E3%83%B3%E3%82%B0%E6%96%99%E9%87%91%E3%81%8C%E9%AB%98%E3%81%84%E3%80%81SIM%E3%82%84eSIM%E3%81%AE%E8%A8%AD%E5%AE%9A%E3%81%8C%E4%B8%8D%E5%AE%89%E3%81%AA%E6%96%B9%E3%81%AB/dp/B0DNVNCB22,B0DNVNCB22,B0DNVNCB22,DeSiM,DeSiMのストアを表示,"{""price_jpy"": [""￥2,290""], ""usage_validity"": [""【DeSiM】中国・香港・マカオ3日間無制限+eSIMテストサービス付き【セット】完全予約制 | 海外旅行出国前事前テストeSIMサービス - DeSiM - 渡航前の不安を解消！ | Wi-Fi使用が面倒、ローミング料金が高い、SIMやeSIMの設定が不安な方に V4""], ""activation_validity"": [""【SKTelecoｍ公式認証】 韓国eSIM 3日間 (72時間) 電話番号付き 超高速データ無制限 最初の5分発信無料(韓国国内) お急ぎの方即時発行可(LINE相談受付中) 有効期限／ご購入日より120日以内 現地空港サポート(SKTelecomローミングセンター) SKテレコム正規品 韓国SIMカードタイプではありません""], ""data_amount"": [""商品の説明 日本1日eSIMテストプラン 事前出国テストサービス専用eSIMとは 日本でeSIMを実際に設定・利用して、渡航前に確認できるサービスです。 ご利用までのステップ簡単 メッセージに商品案内 ご予約 設定などのご案内 eSIM体験テスト開始 対応端末（主な機種名） ※一部、キャリア購入の端末ではeSIM未対応·SIMロッ有りの場合がございますので、""], ""network_type"": [""local_signal: 【チョコSIM 定額（Sプラン）】【中国の電話番号付きでアプリや施設サービスのSMS認証が可能】【データ容量】合計500MB/月【音声】合計20分間/月 データ/音声/SMS付きSIMカード 中国SIM マカオSIM China unicom ※こちらのSIMカードは契約後、毎月の基本料が発生いたします。※2024年11月1日から台湾でのご利用はできなくなり"", ""roaming_signal: 【DeSiM】中国・香港・マカオ3日間無制限+eSIMテストサービス付き【セット】完全予約制 | 海外旅行出国前事前テストeSIMサービス - DeSiM - 渡航前の不安を解消！ | Wi-Fi使用が面倒、ローミング料金が高い、SIMやeSIMの設定が不安な方に V4"", ""insufficient_or_conflicting_signals(local=6, roaming=8)""], ""network_generation"": [""product_info_cellular_4g_lte: source:product_info_cellular: 携帯電話技術 LTE"", ""product_info_cellular_4g_lte: source:product_info_cellular: 携帯電話技術 LTE""], ""review_count"": [""detail_page: (111)""], ""bestseller_rank"": [""Amazon 売れ筋ランキング 家電＆カメラ - 64,829位 ( 家電＆カメラの売れ筋ランキングを見る ) プリペイドSIMカード - 655位""], ""title"": [""【DeSiM】中国・香港・マカオ3日間無制限+eSIMテストサービス付き【セット】完全予約制 | 海外旅行出国前事前テストeSIMサービス - DeSiM - 渡航前の不安を解消！ | Wi-Fi使用が面倒、ローミング料金が高い、SIMやeSIMの設定が不安な方に V4""]}"
amazon_jp,mo,【香港・マカオ eSIM】6日間 5GB（コスパ重視） DeSiM正規卸 | LINE相談受付中 | データ通信専用（電話番号なし） | simフリー端末のみ対応 説明書付 イーシム DeSiM,1840,2,,,,,2508,3일,3일,6일,local,unknown,,,"{""ctm"": null, ""china_telecom_macau"": null, ""three_macau"": null}","{""skt"": null, ""kt"": null, ""lgu"": null}",5GB,https://www.amazon.co.jp/5GB%EF%BC%88%E3%82%B3%E3%82%B9%E3%83%91%E9%87%8D%E8%A6%96%EF%BC%89-LINE%E7%9B%B8%E8%AB%87%E5%8F%97%E4%BB%98%E4%B8%AD%EF%BD%9C%E5%BD%93%E6%97%A5%E7%99%BA%E8%A1%8C%E5%8F%AF%E8%83%BD-%E3%83%87%E3%83%BC%E3%82%BF%E9%80%9A%E4%BF%A1%E5%B0%82%E7%94%A8%EF%BC%88%E9%9B%BB%E8%A9%B1%E7%95%AA%E5%8F%B7%E3%81%AA%E3%81%97%EF%BC%89-sim%E3%83%95%E3%83%AA%E3%83%BC%E7%AB%AF%E6%9C%AB%E3%81%AE%E3%81%BF%E5%AF%BE%E5%BF%9C-DeSiM/dp/B0F1DXP3L5,B0F1DXP3L5,B0F1DXP3L5,DeSiM,DeSiMのストアを表示,"{""price_jpy"": [""￥1,840""], ""usage_validity"": [""【SKTelecoｍ公式認証】 韓国eSIM 3日間 (72時間) 電話番号付き 超高速データ無制限 最初の5分発信無料(韓国国内) お急ぎの方即時発行可(LINE相談受付中) 有効期限／ご購入日より120日以内 現地空港サポート(SKTelecomローミングセンター) SKテレコム正規品 韓国SIMカードタイプではありません""], ""activation_validity"": [""【香港・マカオ eSIM】6日間 5GB（コスパ重視） DeSiM正規卸 | LINE相談受付中 | データ通信専用（電話番号なし） | simフリー端末のみ対応 説明書付 イーシム DeSiM""], ""data_amount"": [""【香港・マカオ eSIM】6日間 5GB（コスパ重視） DeSiM正規卸 | LINE相談受付中｜当日発行可能 | データ通信専用（電話番号なし） | simフリー端末のみ対応 説明書付 イーシム DeSiM""], ""network_type"": [""【チャージで延長も可能】中国電話番号付き（30分/SMS30通）！シーズンSIM（中国本土・香港・日本・韓国で利用可能）90日間6GBデータ高速通信 プリペイドSIMカード 面倒な契約不要 Chinaunicom (通常版)Google、Facebook、Instagram、LINEなどSNSに接続可能。※台湾での利用はできません。※香港ではデータ通信のみ通"", ""【SKTelecoｍ公式認証】 韓国eSIM 3日間 (72時間) 電話番号付き 超高速データ無制限 最初の5分発信無料(韓国国内) お急ぎの方即時発行可(LINE相談受付中) 有効期限／ご購入日より120日以内 現地空港サポート(SKTelecomローミングセンター) SKテレコム正規品 韓国SIMカードタイプではありません"", ""score: local=6, roaming=0""], ""network_generation"": [""fallback_5g: source:meta_description: Amazon.co.jp: 【香港・マカオ eSIM】6日間 5GB（コスパ重視） DeSiM正規卸 | LINE相談受付中 | データ通信専用（電話番号なし） | simフリー端末のみ対応 説明書付 イーシム DeSiM : 家電＆カメラ"", ""fallback_only_network_generation_signal""], ""review_count"": [""detail_page: (2)""], ""bestseller_rank"": [""Amazon 売れ筋ランキング 家電＆カメラ - 351,190位 ( 家電＆カメラの売れ筋ランキングを見る ) プリペイドSIMカード - 2,508位""], ""title"": [""【香港・マカオ eSIM】6日間 5GB（コスパ重視） DeSiM正規卸 | LINE相談受付中 | データ通信専用（電話番号なし） | simフリー端末のみ対応 説明書付 イーシム DeSiM""]}"
amazon_jp,mo,中国 eSIM 4日間 高速データ通信 完全無制限プラン 中国ネット規制対象外 VPN不要でGoogle・LINE・YouTube利用可 4G LTE対応 プリペイドSIM 香港 マカオもOK 当日発行可 24時間サポート (4日間),1680,185,,,,,729,4일,4일,90일,unknown,lte_4g_only,,,"{""ctm"": null, ""china_telecom_macau"": null, ""three_macau"": null}","{""skt"": null, ""kt"": null, ""lgu"": null}",unlimited,https://www.amazon.co.jp/4%E6%97%A5%E9%96%93-%E5%AE%8C%E5%85%A8%E7%84%A1%E5%88%B6%E9%99%90%E3%83%97%E3%83%A9%E3%83%B3-%E4%B8%AD%E5%9B%BD%E3%83%8D%E3%83%83%E3%83%88%E8%A6%8F%E5%88%B6%E5%AF%BE%E8%B1%A1%E5%A4%96-VPN%E4%B8%8D%E8%A6%81%E3%81%A7Google%E3%83%BBLINE%E3%83%BBYouTube%E5%88%A9%E7%94%A8%E5%8F%AF-%E3%83%97%E3%83%AA%E3%83%9A%E3%82%A4%E3%83%89SIM/dp/B0G1R8QP7J,B0G1R8QP7J,B0G1R8QP7J,SYE店舗,ブランド: ノーブランド品,"{""price_jpy"": [""￥1,680""], ""usage_validity"": [""中国 eSIM 4日間 高速データ通信 完全無制限プラン 中国ネット規制対象外 VPN不要でGoogle・LINE・YouTube利用可 4G LTE対応 プリペイドSIM 香港 マカオもOK 当日発行可 24時間サポート (4日間)""], ""activation_validity"": [""【有効期限】eSIMの有効期限は、eSIMのQRコードを受け取った日から90日間です。""], ""data_amount"": [""【簡単設定】QRコードをスキャンするだけで、簡単に接続可能！中国eSIMは中国本土・香港・マカオで利用可能。無制限に使用可能です。旅行や出張先でも、高速インターネットでスムーズに使用！香港で5G通信可能。""], ""network_type"": [""local_signal: 【SKTelecoｍ公式認証】 韓国eSIM 3日間 (72時間) 電話番号付き 超高速データ無制限 最初の5分発信無料(韓国国内) お急ぎの方即時発行可(LINE相談受付中) 有効期限／ご購入日より120日以内 現地空港サポート(SKTelecomローミングセンター) SKテレコム正規品 韓国SIMカードタイプではありません"", ""roaming_signal: 【注意事項】 ①本製品は SIMロック解除済み かつ eSIM対応スマートフォン のみでご利用いただけます。 ②ご利用日当日にスマートフォンをネットワークへ接続し、送付された eSIMのQRコードをスキャン して追加してください。目的地到着後、そのeSIMを選択し「ローミングをオン」にすると通信が可能になります。 ③eSIMを一度削除すると 再インストールは"", ""insufficient_or_conflicting_signals(local=3, roaming=3)""], ""network_generation"": [""product_info_cellular_4g_lte: source:product_info_cellular: 携帯電話技術 LTE"", ""product_info_cellular_4g_lte: source:product_info_cellular: 携帯電話技術 LTE""], ""review_count"": [""detail_page: 185""], ""bestseller_rank"": [""Amazon 売れ筋ランキング 家電＆カメラ - 74,258位 ( 家電＆カメラの売れ筋ランキングを見る ) プリペイドSIMカード - 729位""], ""title"": [""中国 eSIM 4日間 高速データ通信 完全無制限プラン 中国ネット規制対象外 VPN不要でGoogle・LINE・YouTube利用可 4G LTE対応 プリペイドSIM 香港 マカオもOK 当日発行可 24時間サポート (4日間)""]}"
amazon_jp,mo,【Almond eSIM】アジア10か国 eSIM 8日間5GB 高速データ通信 シンガポール、タイ、マレーシア、インドネシア、フィリピン、カンボジア、ベトナム、ラオス、スリランカ、マカオ 当日発行可能 LINEで24時間サポート プリペイド ESIMプラン (8日間5GB高速データ),1880,36,,,,,883,3일,3일,8일,local,lte_4g_only,,,"{""ctm"": null, ""china_telecom_macau"": null, ""three_macau"": null}","{""skt"": null, ""kt"": null, ""lgu"": null}",5GB,https://www.amazon.co.jp/%E3%80%90Almond-eSIM%E3%80%91%E3%82%A2%E3%82%B8%E3%82%A210%E3%81%8B%E5%9B%BD-%E3%82%B7%E3%83%B3%E3%82%AC%E3%83%9D%E3%83%BC%E3%83%AB%E3%80%81%E3%82%BF%E3%82%A4%E3%80%81%E3%83%9E%E3%83%AC%E3%83%BC%E3%82%B7%E3%82%A2%E3%80%81%E3%82%A4%E3%83%B3%E3%83%89%E3%83%8D%E3%82%B7%E3%82%A2%E3%80%81%E3%83%95%E3%82%A3%E3%83%AA%E3%83%94%E3%83%B3%E3%80%81%E3%82%AB%E3%83%B3%E3%83%9C%E3%82%B8%E3%82%A2%E3%80%81%E3%83%99%E3%83%88%E3%83%8A%E3%83%A0%E3%80%81%E3%83%A9%E3%82%AA%E3%82%B9%E3%80%81%E3%82%B9%E3%83%AA%E3%83%A9%E3%83%B3%E3%82%AB%E3%80%81%E3%83%9E%E3%82%AB%E3%82%AA-LINE%E3%81%A724%E6%99%82%E9%96%93%E3%82%B5%E3%83%9D%E3%83%BC%E3%83%88-8%E6%97%A5%E9%96%935GB%E9%AB%98%E9%80%9F%E3%83%87%E3%83%BC%E3%82%BF/dp/B0FKKSTR2R,B0FKKSTR2R,B0FKKSTR2R,株式会社ビッグコネクト,bigconnectのストアを表示,"{""price_jpy"": [""￥1,880""], ""usage_validity"": [""【SKTelecoｍ公式認証】 韓国eSIM 3日間 (72時間) 電話番号付き 超高速データ無制限 最初の5分発信無料(韓国国内) お急ぎの方即時発行可(LINE相談受付中) 有効期限／ご購入日より120日以内 現地空港サポート(SKTelecomローミングセンター) SKテレコム正規品 韓国SIMカードタイプではありません""], ""activation_validity"": [""【Almond eSIM】アジア10か国 eSIM 8日間5GB 高速データ通信 シンガポール、タイ、マレーシア、インドネシア、フィリピン、カンボジア、ベトナム、ラオス、スリランカ、マカオ 当日発行可能 LINEで24時間サポート プリペイド ESIMプラン (8日間5GB高速データ)""], ""data_amount"": [""【データプラン】データ通信専用のeSIMです。シンガポール、タイ、マレーシア、インドネシア、フィリピン、カンボジア、ベトナム、ラオス、スリランカ、マカオを含む利用可能なプリペイドeSIMカード。利用開始日から8日間で5GB まで4G/5G高速通信が使用可能（5GB 超過後は128kbpsを下回らない速度に低速化）。""], ""network_type"": [""【SKTelecoｍ公式認証】 韓国eSIM 3日間 (72時間) 電話番号付き 超高速データ無制限 最初の5分発信無料(韓国国内) お急ぎの方即時発行可(LINE相談受付中) 有効期限／ご購入日より120日以内 現地空港サポート(SKTelecomローミングセンター) SKテレコム正規品 韓国SIMカードタイプではありません"", ""score: local=3, roaming=0""], ""network_generation"": [""product_info_cellular_4g_lte: source:product_info_cellular: 携帯電話技術 LTE"", ""product_info_cellular_4g_lte: source:product_info_cellular: 携帯電話技術 LTE""], ""review_count"": [""detail_page: (36)""], ""bestseller_rank"": [""Amazon 売れ筋ランキング 家電＆カメラ - 97,822位 ( 家電＆カメラの売れ筋ランキングを見る ) プリペイドSIMカード - 883位""], ""title"": [""【Almond eSIM】アジア10か国 eSIM 8日間5GB 高速データ通信 シンガポール、タイ、マレーシア、インドネシア、フィリピン、カンボジア、ベトナム、ラオス、スリランカ、マカオ 当日発行可能 LINEで24時間サポート プリペイド ESIMプラン (8日間5GB高速データ)""]}"
amazon_jp,mo,【中国 香港 マカオ eSIM】14日間 無制限 実名登録不要 高速データ通信 低速なし 中国ネット規制対象外 Line、Youtube、GoogleなどVPNなしで利用可能 QRコード設定 メール登録で納品 即日発行対応 急ぎの方LINEサポートあり 中国esim 香港esim マカオesim,5280,30,,,,,1796,1일,1일,14일,local,unknown,,,"{""ctm"": null, ""china_telecom_macau"": null, ""three_macau"": null}","{""skt"": null, ""kt"": null, ""lgu"": null}",unlimited,https://www.amazon.co.jp/eSIM%E3%80%9114%E6%97%A5%E9%96%93-%E4%B8%AD%E5%9B%BD%E3%83%8D%E3%83%83%E3%83%88%E8%A6%8F%E5%88%B6%E5%AF%BE%E8%B1%A1%E5%A4%96-Line%E3%80%81Youtube%E3%80%81Google%E3%81%AA%E3%81%A9VPN%E3%81%AA%E3%81%97%E3%81%A7%E5%88%A9%E7%94%A8%E5%8F%AF%E8%83%BD-%E3%83%A1%E3%83%BC%E3%83%AB%E7%99%BB%E9%8C%B2%E3%81%A7%E7%B4%8D%E5%93%81-%E6%80%A5%E3%81%8E%E3%81%AE%E6%96%B9LINE%E3%82%B5%E3%83%9D%E3%83%BC%E3%83%88%E3%81%82%E3%82%8A/dp/B0FBVWL47L,B0FBVWL47L,B0FBVWL47L,マグロeSIM,マグロeSIMのストアを表示,"{""price_jpy"": [""￥5,280""], ""usage_validity"": [""【注意事項①】有効期限：eSIM QRコードを受け取ってから90日間です（有効期間内にご利用ください）。eSIMの使用期間については、24時間を1日とカウントされますので、ご了承ください。""], ""activation_validity"": [""【中国 香港 マカオ eSIM】14日間 無制限 実名登録不要 高速データ通信 低速なし 中国ネット規制対象外 Line、Youtube、GoogleなどVPNなしで利用可能 QRコード設定 メール登録で納品 即日発行対応 急ぎの方LINEサポートあり 中国esim 香港esim マカオesim""], ""data_amount"": [""【高速データ】高速データ通信が無制限に使用可能です。""], ""network_type"": [""【チョコSIM 定額（Sプラン）】【中国の電話番号付きでアプリや施設サービスのSMS認証が可能】【データ容量】合計500MB/月【音声】合計20分間/月 データ/音声/SMS付きSIMカード 中国SIM マカオSIM China unicom ※こちらのSIMカードは契約後、毎月の基本料が発生いたします。※2024年11月1日から台湾でのご利用はできなくなり"", ""【SKTelecoｍ公式認証】 韓国eSIM 3日間 (72時間) 電話番号付き 超高速データ無制限 最初の5分発信無料(韓国国内) お急ぎの方即時発行可(LINE相談受付中) 有効期限／ご購入日より120日以内 現地空港サポート(SKTelecomローミングセンター) SKテレコム正規品 韓国SIMカードタイプではありません"", ""score: local=6, roaming=0""], ""network_generation"": [""fallback_5g: source:image_alt: 【中国本土 eSIM】15日間 0.5GB/毎日（十四泊十五日） DeSiM正規卸 |中国ネット規制対象外 中国でもGoogle、LINE、YouTubeなどVPNなしで利用可能 | データ通信専用（電話番号なし） simフリー端末のみ対応 説明書付 イーシム"", ""fallback_4g_lte: source:image_alt: 【Almond eSIM】中国 esim 高速データ通信 完全無制限 当日発行可能 中国ネット規制対象外 中国でもGoogle、LINE、YouTubeなどVPNなしで利用可能 出発前の接続テスト用 日本国内500MB eSIM付 24時間サポート 4G-LTE対応 プリペイド ESIMプラン China 上海 北京 si"", ""fallback_only_network_generation_signal""], ""review_count"": [""detail_page: (30)""], ""bestseller_rank"": [""Amazon 売れ筋ランキング 家電＆カメラ - 228,470位 ( 家電＆カメラの売れ筋ランキングを見る ) プリペイドSIMカード - 1,796位""], ""title"": [""【中国 香港 マカオ eSIM】14日間 無制限 実名登録不要 高速データ通信 低速なし 中国ネット規制対象外 Line、Youtube、GoogleなどVPNなしで利用可能 QRコード設定 メール登録で納品 即日発行対応 急ぎの方LINEサポートあり 中国esim 香港esim マカオesim""]}"
amazon_jp,mo,【香港・マカオeSIM】1日間 1GB/毎日（コスパ重視） LINE相談受付中｜データ通信専用（電話番号なし） | simフリー端末のみ対応 説明書付 イーシム simless,690,5,,,,,2016,1일,1일,3일,local,unknown,,,"{""ctm"": null, ""china_telecom_macau"": null, ""three_macau"": null}","{""skt"": null, ""kt"": null, ""lgu"": null}",unlimited,https://www.amazon.co.jp/%E3%80%90%E9%A6%99%E6%B8%AF%E3%83%BB%E3%83%9E%E3%82%AB%E3%82%AAeSIM%E3%80%911%E6%97%A5%E9%96%93-1GB-%E6%AF%8E%E6%97%A5%EF%BC%88%E3%82%B3%E3%82%B9%E3%83%91%E9%87%8D%E8%A6%96%EF%BC%89-LINE%E7%9B%B8%E8%AB%87%E5%8F%97%E4%BB%98%E4%B8%AD%EF%BD%9C%E3%83%87%E3%83%BC%E3%82%BF%E9%80%9A%E4%BF%A1%E5%B0%82%E7%94%A8%EF%BC%88%E9%9B%BB%E8%A9%B1%E7%95%AA%E5%8F%B7%E3%81%AA%E3%81%97%EF%BC%89-sim%E3%83%95%E3%83%AA%E3%83%BC%E7%AB%AF%E6%9C%AB%E3%81%AE%E3%81%BF%E5%AF%BE%E5%BF%9C/dp/B0DWKN6RCW,B0DWKN6RCW,B0DWKN6RCW,DeSiM,DeSiMのストアを表示,"{""price_jpy"": [""￥690""], ""usage_validity"": [""【香港・マカオeSIM】1日間 1GB/毎日（コスパ重視） LINE相談受付中｜データ通信専用（電話番号なし） | simフリー端末のみ対応 説明書付 イーシム simless""], ""activation_validity"": [""【SKTelecoｍ公式認証】 韓国eSIM 3日間 (72時間) 電話番号付き 超高速データ無制限 最初の5分発信無料(韓国国内) お急ぎの方即時発行可(LINE相談受付中) 有効期限／ご購入日より120日以内 現地空港サポート(SKTelecomローミングセンター) SKテレコム正規品 韓国SIMカードタイプではありません""], ""data_amount"": [""商品の説明 購入前の注意事項 【注意事項】 注意事項①：電話番号は付与されませんので、ご注意ください。 注意事項②：SIMロックフリー端末、もしくはSIMフリー端末専用のサービスです。必ず、ご利用端末がeSIM対応かどうかご確認ください。 注意事項③：2021年10月1日以前にSIMロック解除をキャリア店頭またはインターネットでされた「Android端末」は""], ""network_type"": [""商品の説明 購入前の注意事項 【注意事項】 注意事項①：電話番号は付与されませんので、ご注意ください。 注意事項②：SIMロックフリー端末、もしくはSIMフリー端末専用のサービスです。必ず、ご利用端末がeSIM対応かどうかご確認ください。 注意事項③：2021年10月1日以前にSIMロック解除をキャリア店頭またはインターネットでされた「Android端末」は"", ""【チャージで延長も可能】中国電話番号付き（30分/SMS30通）！シーズンSIM（中国本土・香港・日本・韓国で利用可能）90日間6GBデータ高速通信 プリペイドSIMカード 面倒な契約不要 Chinaunicom (通常版)Google、Facebook、Instagram、LINEなどSNSに接続可能。※台湾での利用はできません。※香港ではデータ通信のみ通"", ""score: local=12, roaming=1""], ""network_generation"": [""fallback_5g: source:image_alt: 【タイ eSIM】7日間 15GB 受信放題 | 5Gネットワーク制限なし（六泊七日 使い放題） DeSiM正規卸 | LINE相談受付中 | simフリー端末のみ対応 説明書付 イーシム DeSiM"", ""fallback_4g_lte: source:image_alt: 台湾 simcard 4G-LTE TAIWAN 2GB/日 高速データ通信 低速データ使い放題 プリペイド SIMカード 台北 sim card (4日間)"", ""fallback_only_network_generation_signal""], ""review_count"": [""detail_page: 商品の説明 購入前の注意事項 【注意事項】 注意事項①：電話番号は付与されませんので、ご注意ください。 注意事項②：SIMロックフリー端末、もしくはSIMフリー端末専用のサービスです。必ず、ご利用端末がeSIM対応かどうかご確認ください。 注意事項③：2021年10月1日以前にSIMロック解除をキャリア店頭またはインターネットでされた「Android端末」は""], ""bestseller_rank"": [""Amazon 売れ筋ランキング 家電＆カメラ - 267,998位 ( 家電＆カメラの売れ筋ランキングを見る ) プリペイドSIMカード - 2,016位""], ""title"": [""【香港・マカオeSIM】1日間 1GB/毎日（コスパ重視） LINE相談受付中｜データ通信専用（電話番号なし） | simフリー端末のみ対応 説明書付 イーシム simless""]}"
amazon_jp,mo,【中国・香港・マカオ eSIM】7日間 高速無制限 データ通信専用（電話番号なし） 5G/4G-LTE対応 中国でもGoogle、LINE、YouTubeをVPNなしで利用可能 説明書付き LINEで24時間サポート 香港 マカオ 中国SIM MEWMEWホーム (7日間),2890,10,,,,,1791,3일,3일,7일,local,5g_capable,,,"{""ctm"": null, ""china_telecom_macau"": null, ""three_macau"": null}","{""skt"": null, ""kt"": null, ""lgu"": null}",unlimited,https://www.amazon.co.jp/%E3%80%90%E4%B8%AD%E5%9B%BD%E3%83%BB%E9%A6%99%E6%B8%AF%E3%83%BB%E3%83%9E%E3%82%AB%E3%82%AA-%E3%83%87%E3%83%BC%E3%82%BF%E9%80%9A%E4%BF%A1%E5%B0%82%E7%94%A8%EF%BC%88%E9%9B%BB%E8%A9%B1%E7%95%AA%E5%8F%B7%E3%81%AA%E3%81%97%EF%BC%89-%E4%B8%AD%E5%9B%BD%E3%81%A7%E3%82%82Google%E3%80%81LINE%E3%80%81YouTube%E3%82%92VPN%E3%81%AA%E3%81%97%E3%81%A7%E5%88%A9%E7%94%A8%E5%8F%AF%E8%83%BD-LINE%E3%81%A724%E6%99%82%E9%96%93%E3%82%B5%E3%83%9D%E3%83%BC%E3%83%88-7%E6%97%A5%E9%96%93/dp/B0F1ZZ8NCT,B0F1ZZ8NCT,B0F1ZZ8NCT,mewmewホーム eSIM,ＭＥＷＭＥＷホームのストアを表示,"{""price_jpy"": [""￥2,890""], ""usage_validity"": [""【SKTelecoｍ公式認証】 韓国eSIM 3日間 (72時間) 電話番号付き 超高速データ無制限 最初の5分発信無料(韓国国内) お急ぎの方即時発行可(LINE相談受付中) 有効期限／ご購入日より120日以内 現地空港サポート(SKTelecomローミングセンター) SKテレコム正規品 韓国SIMカードタイプではありません""], ""activation_validity"": [""【中国・香港・マカオ eSIM】7日間 高速無制限 データ通信専用（電話番号なし） 5G/4G-LTE対応 中国でもGoogle、LINE、YouTubeをVPNなしで利用可能 説明書付き LINEで24時間サポート 香港 マカオ 中国SIM MEWMEWホーム (7日間)""], ""data_amount"": [""【高速無制限】中国本土・香港・マカオにて高速データ通信量は完全無制限となります。安心して頻繁にインターネットを利用したり、高画質の動画を視聴したり、いつでも地図を検索したり、旅行の写真を共有することができます。""], ""network_type"": [""【チョコSIM 定額（Sプラン）】【中国の電話番号付きでアプリや施設サービスのSMS認証が可能】【データ容量】合計500MB/月【音声】合計20分間/月 データ/音声/SMS付きSIMカード 中国SIM マカオSIM China unicom ※こちらのSIMカードは契約後、毎月の基本料が発生いたします。※2024年11月1日から台湾でのご利用はできなくなり"", ""【SKTelecoｍ公式認証】 韓国eSIM 3日間 (72時間) 電話番号付き 超高速データ無制限 最初の5分発信無料(韓国国内) お急ぎの方即時発行可(LINE相談受付中) 有効期限／ご購入日より120日以内 現地空港サポート(SKTelecomローミングセンター) SKテレコム正規品 韓国SIMカードタイプではありません"", ""score: local=9, roaming=0""], ""network_generation"": [""title_5g: source:title: 【中国・香港・マカオ eSIM】7日間 高速無制限 データ通信専用（電話番号なし） 5G/4G-LTE対応 中国でもGoogle、LINE、YouTubeをVPNなしで利用可能 説明書付き LINEで24時間サポート 香港 マカオ 中国SIM MEWMEWホーム (7日間)"", ""title_4g_lte_signal_present_but_5g_capable_takes_precedence""], ""review_count"": [""detail_page: (10)""], ""bestseller_rank"": [""Amazon 売れ筋ランキング 家電＆カメラ - 227,114位 ( 家電＆カメラの売れ筋ランキングを見る ) プリペイドSIMカード - 1,791位""], ""title"": [""【中国・香港・マカオ eSIM】7日間 高速無制限 データ通信専用（電話番号なし） 5G/4G-LTE対応 中国でもGoogle、LINE、YouTubeをVPNなしで利用可能 説明書付き LINEで24時間サポート 香港 マカオ 中国SIM MEWMEWホーム (7日間)""]}"
amazon_jp,mo,【中国 香港 マカオeSIM】7日間 高速データ通信 低速なし 完全無制限 実名登録不要 中国ネット規制対象外 使い放題｜Google LINE YouTubeなどVPNなしで利用可能｜中国 simカード 香港sim マカオsim マカオeSIM プリペイド SIM eSIM｜旅行・出張・留学｜安心サポート 5G 4G-LTE対応 当日発行可能,1950,1,,,,,2067,1일,1일,7일,unknown,5g_capable,,,"{""ctm"": null, ""china_telecom_macau"": null, ""three_macau"": null}","{""skt"": null, ""kt"": null, ""lgu"": null}",unlimited,https://www.amazon.co.jp/%E3%83%9E%E3%82%AB%E3%82%AAeSIM%E3%80%917%E6%97%A5%E9%96%93-%E4%B8%AD%E5%9B%BD%E3%83%8D%E3%83%83%E3%83%88%E8%A6%8F%E5%88%B6%E5%AF%BE%E8%B1%A1%E5%A4%96-%E4%BD%BF%E3%81%84%E6%94%BE%E9%A1%8C%EF%BD%9CGoogle-YouTube%E3%81%AA%E3%81%A9VPN%E3%81%AA%E3%81%97%E3%81%A7%E5%88%A9%E7%94%A8%E5%8F%AF%E8%83%BD%EF%BD%9C%E4%B8%AD%E5%9B%BD-eSIM%EF%BD%9C%E6%97%85%E8%A1%8C%E3%83%BB%E5%87%BA%E5%BC%B5%E3%83%BB%E7%95%99%E5%AD%A6%EF%BD%9C%E5%AE%89%E5%BF%83%E3%82%B5%E3%83%9D%E3%83%BC%E3%83%88/dp/B0FDG65RVF,B0FDG65RVF,B0FDG65RVF,Global Travel SIM Card,onetoneのストアを表示,"{""price_jpy"": [""￥1,950""], ""usage_validity"": [""【有効期限について】eSIM カードはアクティベーション前の有効期限が 365 日です。アクティベーション後の有効期間は購入した日数と一致し、24 時間を 1 日として計算されます""], ""activation_validity"": [""【中国 香港 マカオeSIM】7日間 高速データ通信 低速なし 完全無制限 実名登録不要 中国ネット規制対象外 使い放題｜Google LINE YouTubeなどVPNなしで利用可能｜中国 simカード 香港sim マカオsim マカオeSIM プリペイド SIM eSIM｜旅行・出張・留学｜安心サポート 5G 4G-LTE対応 当日発行可能""], ""data_amount"": [""Amazon.co.jp: 【中国 香港 マカオeSIM】7日間 高速データ通信 低速なし 完全無制限 実名登録不要 中国ネット規制対象外 使い放題｜Google LINE YouTubeなどVPNなしで利用可能｜中国 simカード 香港sim マカオsim マカオeSIM プリペイド SIM eSIM｜旅行・出張・留学｜安心サポート 5G 4G-LTE対応""], ""network_type"": [""local_signal: 【チョコSIM 定額（Sプラン）】【中国の電話番号付きでアプリや施設サービスのSMS認証が可能】【データ容量】合計500MB/月【音声】合計20分間/月 データ/音声/SMS付きSIMカード 中国SIM マカオSIM China unicom ※こちらのSIMカードは契約後、毎月の基本料が発生いたします。※2024年11月1日から台湾でのご利用はできなくなり"", ""roaming_signal: 商品の説明 注意事項： 1. eSIMが提供する機能とサービス 現在のeSIMはデータ通信のみサポートしており、音声通話およびSMS機能はサポートしていません。 2. スマートフォンがeSIMをサポートしているかどうかの確認方法 「通話」画面で`*#06#`を入力すると、EID情報が表示されます。これはスマートフォンがeSIMのインストールをサポートしている"", ""insufficient_or_conflicting_signals(local=9, roaming=3)""], ""network_generation"": [""product_info_cellular_5g: source:product_info_cellular: 携帯電話技術 5G, 4G LTE"", ""product_info_cellular_5g: source:product_info_cellular: 携帯電話技術 5G, 4G LTE""], ""review_count"": [""detail_page: (1)""], ""bestseller_rank"": [""Amazon 売れ筋ランキング 家電＆カメラ - 276,153位 ( 家電＆カメラの売れ筋ランキングを見る ) プリペイドSIMカード - 2,067位""], ""title"": [""【中国 香港 マカオeSIM】7日間 高速データ通信 低速なし 完全無制限 実名登録不要 中国ネット規制対象外 使い放題｜Google LINE YouTubeなどVPNなしで利用可能｜中国 simカード 香港sim マカオsim マカオeSIM プリペイド SIM eSIM｜旅行・出張・留学｜安心サポート 5G 4G-LTE対応 当日発行可能""]}"
amazon_jp,mo,【中国・香港・マカオeSIM】8日間完全無制限（七泊八日 使い放題） DeSiM正規卸 | LINE相談受付中｜データ通信専用（電話番号なし） | simフリー端末のみ対応 説明書付 イーシム,5650,10,,,,,1170,7일,7일,8일,unknown,lte_4g_only,,,"{""ctm"": null, ""china_telecom_macau"": null, ""three_macau"": null}","{""skt"": null, ""kt"": null, ""lgu"": null}",unlimited,https://www.amazon.co.jp/%E3%80%90%E4%B8%AD%E5%9B%BD%E3%83%BB%E9%A6%99%E6%B8%AF%E3%83%BB%E3%83%9E%E3%82%AB%E3%82%AAeSIM%E3%80%918%E6%97%A5%E9%96%93%E5%AE%8C%E5%85%A8%E7%84%A1%E5%88%B6%E9%99%90%EF%BC%88%E4%B8%83%E6%B3%8A%E5%85%AB%E6%97%A5-%E4%BD%BF%E3%81%84%E6%94%BE%E9%A1%8C%EF%BC%89-DeSiM%E6%AD%A3%E8%A6%8F%E5%8D%B8-LINE%E7%9B%B8%E8%AB%87%E5%8F%97%E4%BB%98%E4%B8%AD%EF%BD%9C%E3%83%87%E3%83%BC%E3%82%BF%E9%80%9A%E4%BF%A1%E5%B0%82%E7%94%A8%EF%BC%88%E9%9B%BB%E8%A9%B1%E7%95%AA%E5%8F%B7%E3%81%AA%E3%81%97%EF%BC%89-sim%E3%83%95%E3%83%AA%E3%83%BC%E7%AB%AF%E6%9C%AB%E3%81%AE%E3%81%BF%E5%AF%BE%E5%BF%9C/dp/B0DL4RR16T,B0DL4RR16T,B0DL4RR16T,DeSiM,DeSiMのストアを表示,"{""price_jpy"": [""￥5,650""], ""usage_validity"": [""商品の説明 購入前の注意事項 【注意事項】 注意事項①：本商品はデータ通信専用です（通話はご利用いただけません）。ご注意ください。 注意事項②：SIMロックフリー端末、もしくはSIMフリー端末専用のサービスです。必ず、ご利用端末がeSIM対応かどうかご確認ください。 注意事項③：2021年10月1日以前にSIMロック解除をキャリア店頭またはインターネットでさ""], ""activation_validity"": [""【中国・香港・マカオeSIM】8日間完全無制限（七泊八日 使い放題） DeSiM正規卸 | LINE相談受付中｜データ通信専用（電話番号なし） | simフリー端末のみ対応 説明書付 イーシム""], ""data_amount"": [""商品の説明 購入前の注意事項 【注意事項】 注意事項①：本商品はデータ通信専用です（通話はご利用いただけません）。ご注意ください。 注意事項②：SIMロックフリー端末、もしくはSIMフリー端末専用のサービスです。必ず、ご利用端末がeSIM対応かどうかご確認ください。 注意事項③：2021年10月1日以前にSIMロック解除をキャリア店頭またはインターネットでさ""], ""network_type"": [""local_signal: 商品の説明 購入前の注意事項 【注意事項】 注意事項①：本商品はデータ通信専用です（通話はご利用いただけません）。ご注意ください。 注意事項②：SIMロックフリー端末、もしくはSIMフリー端末専用のサービスです。必ず、ご利用端末がeSIM対応かどうかご確認ください。 注意事項③：2021年10月1日以前にSIMロック解除をキャリア店頭またはインターネットでさ"", ""roaming_signal: 商品の説明 購入前の注意事項 【注意事項】 注意事項①：本商品はデータ通信専用です（通話はご利用いただけません）。ご注意ください。 注意事項②：SIMロックフリー端末、もしくはSIMフリー端末専用のサービスです。必ず、ご利用端末がeSIM対応かどうかご確認ください。 注意事項③：2021年10月1日以前にSIMロック解除をキャリア店頭またはインターネットでさ"", ""insufficient_or_conflicting_signals(local=9, roaming=3)""], ""network_generation"": [""product_info_cellular_4g_lte: source:product_info_cellular: 携帯電話技術 LTE"", ""product_info_cellular_4g_lte: source:product_info_cellular: 携帯電話技術 LTE""], ""review_count"": [""detail_page: (10)""], ""bestseller_rank"": [""Amazon 売れ筋ランキング 家電＆カメラ - 138,549位 ( 家電＆カメラの売れ筋ランキングを見る ) プリペイドSIMカード - 1,170位""], ""title"": [""【中国・香港・マカオeSIM】8日間完全無制限（七泊八日 使い放題） DeSiM正規卸 | LINE相談受付中｜データ通信専用（電話番号なし） | simフリー端末のみ対応 説明書付 イーシム""]}"
amazon_jp,mo,【中国・香港・マカオ eSIM】10日間 10GB（九泊十日 コスパ重視） DeSiM正規卸 |LINE相談受付中 |データ通信専用（電話番号なし） simフリー端末のみ対応 説明書付 イーシム desim,2960,5,,,,,1039,7일,7일,10일,local,5g_capable,,,"{""ctm"": null, ""china_telecom_macau"": null, ""three_macau"": null}","{""skt"": null, ""kt"": null, ""lgu"": null}",unlimited,https://www.amazon.co.jp/%E3%80%90%E4%B8%AD%E5%9B%BD%E3%83%BB%E9%A6%99%E6%B8%AF%E3%83%BB%E3%83%9E%E3%82%AB%E3%82%AA-eSIM%E3%80%9110%E6%97%A5%E9%96%93-10GB%EF%BC%88%E4%B9%9D%E6%B3%8A%E5%8D%81%E6%97%A5-%E3%83%87%E3%83%BC%E3%82%BF%E9%80%9A%E4%BF%A1%E5%B0%82%E7%94%A8%EF%BC%88%E9%9B%BB%E8%A9%B1%E7%95%AA%E5%8F%B7%E3%81%AA%E3%81%97%EF%BC%89-sim%E3%83%95%E3%83%AA%E3%83%BC%E7%AB%AF%E6%9C%AB%E3%81%AE%E3%81%BF%E5%AF%BE%E5%BF%9C/dp/B0D5WBKNWR,B0D5WBKNWR,B0D5WBKNWR,DeSiM,DeSiMのストアを表示,"{""price_jpy"": [""￥2,960""], ""usage_validity"": [""商品の説明 購入前の注意事項 【注意事項】 注意事項①：本商品はデータ通信専用です（通話はご利用いただけません）。ご注意ください。 注意事項②：SIMロックフリー端末、もしくはSIMフリー端末専用のサービスです。必ず、ご利用端末がeSIM対応かどうかご確認ください。 注意事項③：2021年10月1日以前にSIMロック解除をキャリア店頭またはインターネットでさ""], ""activation_validity"": [""【中国・香港・マカオ eSIM】10日間 10GB（九泊十日 コスパ重視） DeSiM正規卸 |LINE相談受付中 |データ通信専用（電話番号なし） simフリー端末のみ対応 説明書付 イーシム desim""], ""data_amount"": [""商品の説明 購入前の注意事項 【注意事項】 注意事項①：本商品はデータ通信専用です（通話はご利用いただけません）。ご注意ください。 注意事項②：SIMロックフリー端末、もしくはSIMフリー端末専用のサービスです。必ず、ご利用端末がeSIM対応かどうかご確認ください。 注意事項③：2021年10月1日以前にSIMロック解除をキャリア店頭またはインターネットでさ""], ""network_type"": [""商品の説明 購入前の注意事項 【注意事項】 注意事項①：本商品はデータ通信専用です（通話はご利用いただけません）。ご注意ください。 注意事項②：SIMロックフリー端末、もしくはSIMフリー端末専用のサービスです。必ず、ご利用端末がeSIM対応かどうかご確認ください。 注意事項③：2021年10月1日以前にSIMロック解除をキャリア店頭またはインターネットでさ"", ""【チョコSIM 定額（Sプラン）】【中国の電話番号付きでアプリや施設サービスのSMS認証が可能】【データ容量】合計500MB/月【音声】合計20分間/月 データ/音声/SMS付きSIMカード 中国SIM マカオSIM China unicom ※こちらのSIMカードは契約後、毎月の基本料が発生いたします。※2024年11月1日から台湾でのご利用はできなくなり"", ""score: local=9, roaming=1""], ""network_generation"": [""product_info_cellular_5g: source:product_info_cellular: 携帯電話技術 5G"", ""product_info_cellular_5g: source:product_info_cellular: 携帯電話技術 5G""], ""review_count"": [""detail_page: (5)""], ""bestseller_rank"": [""Amazon 売れ筋ランキング 家電＆カメラ - 120,322位 ( 家電＆カメラの売れ筋ランキングを見る ) プリペイドSIMカード - 1,039位""], ""title"": [""【中国・香港・マカオ eSIM】10日間 10GB（九泊十日 コスパ重視） DeSiM正規卸 |LINE相談受付中 |データ通信専用（電話番号なし） simフリー端末のみ対応 説明書付 イーシム desim""]}"
amazon_jp,mo,アジア25ヵ国SIM 利用日数30日 データ容量7GB アジア周遊プリペイドSIM ローミングSIM 利用国(インド、オーストラリア、韓国、グアム、サイパン、シンガポール、タイ、台湾、中国、日本、フィリピン、ベトナム、香港、マカオ、マレーシア等),1780,478,,,,,,1일,1일,30일,unknown,5g_capable,,,"{""ctm"": null, ""china_telecom_macau"": null, ""three_macau"": null}","{""skt"": null, ""kt"": null, ""lgu"": null}",7GB,https://www.amazon.co.jp/%E3%82%A2%E3%82%B8%E3%82%A225%E3%83%B5%E5%9B%BDSIM-%E3%83%87%E3%83%BC%E3%82%BF%E5%AE%B9%E9%87%8F7GB-%E3%82%A2%E3%82%B8%E3%82%A2%E5%91%A8%E9%81%8A%E3%83%97%E3%83%AA%E3%83%9A%E3%82%A4%E3%83%89SIM-%E3%83%AD%E3%83%BC%E3%83%9F%E3%83%B3%E3%82%B0SIM/dp/B0H3MW2MBS,B0H3MW2MBS,B0H3MW2MBS,ブランド: Wise SIM,ブランド: Wise SIM,"{""price_jpy"": [""￥1,780 ￥ 1,780 18ポイント(1""], ""usage_validity"": [""■利用期間：香港の通信会社が発行しているSIMの為、香港時間を基準として電波を受信後30日(日数カウント) 例えば香港の23時に利用開始した場合、1時間で1日分としてカウントされますのでご留意ください。""], ""activation_validity"": [""アジア25ヵ国SIM 利用日数30日 データ容量7GB アジア周遊プリペイドSIM ローミングSIM 利用国(インド、オーストラリア、韓国、グアム、サイパン、シンガポール、タイ、台湾、中国、日本、フィリピン、ベトナム、香港、マカオ、マレーシア等)""], ""data_amount"": [""【データ容量】 7GBまで高速データ通信利用が可能です。 ※7GBのデータ量を超過後は128kbpsへ速度低下となりますが止まる事なく利用可能です。""], ""network_type"": [""local_signal: 楽天回線 日本 eSIM 国内 毎月3GB (海外最大1GB/月) プリペイドSIM/Japan SIM/リチャージ可能/SMS受信可能/契約不要・月額なし/データ通信SIM/本人認証SMS・サブスマホ・旅行用SIMカード | Nippon SIM for Japan"", ""roaming_signal: アジア25ヵ国SIM 利用日数30日 データ容量7GB アジア周遊プリペイドSIM ローミングSIM 利用国(インド、オーストラリア、韓国、グアム、サイパン、シンガポール、タイ、台湾、中国、日本、フィリピン、ベトナム、香港、マカオ、マレーシア等)"", ""insufficient_or_conflicting_signals(local=3, roaming=10)""], ""network_generation"": [""product_info_cellular_5g: source:product_info_cellular: 携帯電話技術 5G/4G/LTE"", ""product_info_cellular_5g: source:product_info_cellular: 携帯電話技術 5G/4G/LTE"", ""product_info_cellular_4g_lte_signal_present_but_5g_capable_takes_precedence""], ""review_count"": [""detail_page: 478""], ""title"": [""アジア25ヵ国SIM 利用日数30日 データ容量7GB アジア周遊プリペイドSIM ローミングSIM 利用国(インド、オーストラリア、韓国、グアム、サイパン、シンガポール、タイ、台湾、中国、日本、フィリピン、ベトナム、香港、マカオ、マレーシア等)""]}"
amazon_jp,mo,"【東南アジアeSIM】7日間10GB｜11地域対応（シンガポール,タイ,マレーシア,インドネシア,ベトナム,台湾・香港・マカオ,韓国,オーストラリア,ニュージーランド）｜5G/4G対応 高速データ通信｜即日メール配信 ｜使用ガイド付き｜テザリング対応｜365日LINEサポート｜QRコードで簡単設定 SIMカード不要 (7日間10GB)",1899,5,,,,,1171,7일,7일,90일,unknown,5g_capable,,,"{""ctm"": null, ""china_telecom_macau"": null, ""three_macau"": null}","{""skt"": null, ""kt"": null, ""lgu"": null}",10GB,https://www.amazon.co.jp/4G%E5%AF%BE%E5%BF%9C-%E9%AB%98%E9%80%9F%E3%83%87%E3%83%BC%E3%82%BF%E9%80%9A%E4%BF%A1%EF%BD%9C%E5%8D%B3%E6%97%A5%E7%99%BA%E8%A1%8C-SIM%E3%82%AB%E3%83%BC%E3%83%89%E4%B8%8D%E8%A6%81-7%E6%97%A5%E9%96%9310GB/dp/B0FHBDXLDC,B0FHBDXLDC,B0FHBDXLDC,トリリオン・コネクト,Billion Connectのストアを表示,"{""price_jpy"": [""￥1,899""], ""usage_validity"": [""【東南アジアeSIM】7日間10GB｜11地域対応（シンガポール,タイ,マレーシア,インドネシア,ベトナム,台湾・香港・マカオ,韓国,オーストラリア,ニュージーランド）｜5G/4G対応 高速データ通信｜即日メール配信 ｜使用ガイド付き｜テザリング対応｜365日LINEサポート｜QRコードで簡単設定 SIMカード不要 (7日間10GB)""], ""activation_validity"": [""【eSIMの有効期限】 受け取り後90日以内にアクティベートしてください。有効期限の前日までにアクティベートされていない場合、eSIMは無効となりご利用いただけません。""], ""data_amount"": [""【7日間10GB｜5G/4G対応】 東南アジアeSIMで、7日間10GBの高速データ通信がご利用いただけます！10GBを使い切った後も、通信速度は384kbpsに制限されますが、 LINE・WhatsApp・Messengerなどの文字チャット、メール送受信、地図の閲覧・ナビゲーションは引き続きご利用いただけます。""], ""network_type"": [""roaming_signal: アジア10ヵ国周遊SIM 利用期間8日データ容量6GB データ通信 プリペイドSIM ローミングSIM 利用国：インドネシア、韓国、シンガポール、タイ、中国、日本、ベトナム、香港、マカオ、マレーシア"", ""insufficient_or_conflicting_signals(local=0, roaming=1)""], ""network_generation"": [""product_info_cellular_5g: source:product_info_cellular: 携帯電話技術 5G"", ""product_info_cellular_5g: source:product_info_cellular: 携帯電話技術 5G""], ""review_count"": [""detail_page: (5)""], ""bestseller_rank"": [""Amazon 売れ筋ランキング 家電＆カメラ - 138,569位 ( 家電＆カメラの売れ筋ランキングを見る ) プリペイドSIMカード - 1,171位""], ""title"": [""【東南アジアeSIM】7日間10GB｜11地域対応（シンガポール,タイ,マレーシア,インドネシア,ベトナム,台湾・香港・マカオ,韓国,オーストラリア,ニュージーランド）｜5G/4G対応 高速データ通信｜即日メール配信 ｜使用ガイド付き｜テザリング対応｜365日LINEサポート｜QRコードで簡単設定 SIMカード不要 (7日間10GB)""]}"
amazon_jp,mo,【中国・香港・マカオeSIM】3日間完全無制限（二泊三日 使い放題） DeSiM正規卸 | LINE相談受付中｜データ通信専用（電話番号なし） | simフリー端末のみ対応 説明書付 イーシム DeSiM,2590,5,,,,,1540,3일,3일,7일,local,lte_4g_only,,,"{""ctm"": null, ""china_telecom_macau"": null, ""three_macau"": null}","{""skt"": null, ""kt"": null, ""lgu"": null}",unlimited,https://www.amazon.co.jp/%E3%80%90%E4%B8%AD%E5%9B%BD%E3%83%BB%E9%A6%99%E6%B8%AF%E3%83%BB%E3%83%9E%E3%82%AB%E3%82%AAeSIM%E3%80%913%E6%97%A5%E9%96%93%E5%AE%8C%E5%85%A8%E7%84%A1%E5%88%B6%E9%99%90%EF%BC%88%E4%BA%8C%E6%B3%8A%E4%B8%89%E6%97%A5-DeSiM%E6%AD%A3%E8%A6%8F%E5%8D%B8-LINE%E7%9B%B8%E8%AB%87%E5%8F%97%E4%BB%98%E4%B8%AD%EF%BD%9C%E3%83%87%E3%83%BC%E3%82%BF%E9%80%9A%E4%BF%A1%E5%B0%82%E7%94%A8%EF%BC%88%E9%9B%BB%E8%A9%B1%E7%95%AA%E5%8F%B7%E3%81%AA%E3%81%97%EF%BC%89-sim%E3%83%95%E3%83%AA%E3%83%BC%E7%AB%AF%E6%9C%AB%E3%81%AE%E3%81%BF%E5%AF%BE%E5%BF%9C-DeSiM/dp/B0DL4V314Q,B0DL4V314Q,B0DL4V314Q,DeSiM,DeSiMのストアを表示,"{""price_jpy"": [""￥2,590""], ""usage_validity"": [""【中国・香港・マカオeSIM】3日間完全無制限（二泊三日 使い放題） DeSiM正規卸 | LINE相談受付中｜データ通信専用（電話番号なし） | simフリー端末のみ対応 説明書付 イーシム DeSiM""], ""activation_validity"": [""商品の説明 購入前の注意事項 【注意事項】 注意事項①：本商品はデータ通信専用です（通話はご利用いただけません）。ご注意ください。 注意事項②：SIMロックフリー端末、もしくはSIMフリー端末専用のサービスです。必ず、ご利用端末がeSIM対応かどうかご確認ください。 注意事項③：2021年10月1日以前にSIMロック解除をキャリア店頭またはインターネットでさ""], ""data_amount"": [""商品の説明 購入前の注意事項 【注意事項】 注意事項①：本商品はデータ通信専用です（通話はご利用いただけません）。ご注意ください。 注意事項②：SIMロックフリー端末、もしくはSIMフリー端末専用のサービスです。必ず、ご利用端末がeSIM対応かどうかご確認ください。 注意事項③：2021年10月1日以前にSIMロック解除をキャリア店頭またはインターネットでさ""], ""network_type"": [""商品の説明 購入前の注意事項 【注意事項】 注意事項①：本商品はデータ通信専用です（通話はご利用いただけません）。ご注意ください。 注意事項②：SIMロックフリー端末、もしくはSIMフリー端末専用のサービスです。必ず、ご利用端末がeSIM対応かどうかご確認ください。 注意事項③：2021年10月1日以前にSIMロック解除をキャリア店頭またはインターネットでさ"", ""【チョコSIM 定額（Sプラン）】【中国の電話番号付きでアプリや施設サービスのSMS認証が可能】【データ容量】合計500MB/月【音声】合計20分間/月 データ/音声/SMS付きSIMカード 中国SIM マカオSIM China unicom ※こちらのSIMカードは契約後、毎月の基本料が発生いたします。※2024年11月1日から台湾でのご利用はできなくなり"", ""score: local=9, roaming=1""], ""network_generation"": [""product_info_cellular_4g_lte: source:product_info_cellular: 携帯電話技術 LTE"", ""product_info_cellular_4g_lte: source:product_info_cellular: 携帯電話技術 LTE""], ""review_count"": [""detail_page: (5)""], ""bestseller_rank"": [""Amazon 売れ筋ランキング 家電＆カメラ - 192,135位 ( 家電＆カメラの売れ筋ランキングを見る ) プリペイドSIMカード - 1,540位""], ""title"": [""【中国・香港・マカオeSIM】3日間完全無制限（二泊三日 使い放題） DeSiM正規卸 | LINE相談受付中｜データ通信専用（電話番号なし） | simフリー端末のみ対応 説明書付 イーシム DeSiM""]}"
amazon_jp,mo,アジア25ヵ国プリペイドSIM 利用日数30日 データ容量7GB アジア周遊SIM ローミングSIM 利用国(インド、オーストラリア、韓国、グアム、サイパン、シンガポール、タイ、台湾、中国、日本、フィリピン、ベトナム、香港、マカオ、マレーシア等),1670,1,,,,,627,1일,1일,30일,unknown,5g_capable,,,"{""ctm"": null, ""china_telecom_macau"": null, ""three_macau"": null}","{""skt"": null, ""kt"": null, ""lgu"": null}",7GB,https://www.amazon.co.jp/%E3%82%A2%E3%82%B8%E3%82%A224%E3%83%B5%E5%9B%BD%E3%83%97%E3%83%AA%E3%83%9A%E3%82%A4%E3%83%89SIM-%E5%88%A9%E7%94%A8%E6%9C%9F%E9%96%9330%E6%97%A5%E9%96%93-%E3%83%87%E3%83%BC%E3%82%BF%E5%AE%B9%E9%87%8F8GB-%E3%82%A2%E3%82%B8%E3%82%A2%E5%91%A8%E9%81%8ASIM-%E9%9F%93%E5%9B%BD%E3%80%81%E6%97%A5%E6%9C%AC%E3%80%81%E3%82%A4%E3%83%B3%E3%83%89%E3%83%8D%E3%82%B7%E3%82%A2%E3%80%81%E3%82%AA%E3%83%BC%E3%82%B9%E3%83%88%E3%83%A9%E3%83%AA%E3%82%A2%E3%80%81%E3%82%B7%E3%83%B3%E3%82%AC%E3%83%9D%E3%83%BC%E3%83%AB%E3%80%81%E3%82%BF%E3%82%A4%E3%80%81%E3%83%95%E3%82%A3%E3%83%AA%E3%83%94%E3%83%B3%E3%80%81%E3%83%99%E3%83%88%E3%83%8A%E3%83%A0%E7%AD%89/dp/B0DLP3PYW4,B0DLP3PYW4,B0DLP3PYW4,ブランド: Wise SIM,ブランド: Wise SIM,"{""price_jpy"": [""￥1,670 ￥ 1,670 17ポイント(1""], ""usage_validity"": [""■利用期間：香港の通信会社が発行しているSIMの為、香港時間を基準として電波を受信後30日(日数カウント) 例えば香港の23時に利用開始した場合、1時間で1日分としてカウントされますのでご留意ください。""], ""activation_validity"": [""アジア25ヵ国プリペイドSIM 利用日数30日 データ容量7GB アジア周遊SIM ローミングSIM 利用国(インド、オーストラリア、韓国、グアム、サイパン、シンガポール、タイ、台湾、中国、日本、フィリピン、ベトナム、香港、マカオ、マレーシア等)""], ""data_amount"": [""【データ容量】 7GBまで高速データ通信利用が可能です。 ※7GBのデータ量を超過後は128kbpsへ速度低下となりますが止まる事なく利用可能です。""], ""network_type"": [""local_signal: 【チョコSIM 定額（Sプラン）】【中国の電話番号付きでアプリや施設サービスのSMS認証が可能】【データ容量】合計500MB/月【音声】合計20分間/月 データ/音声/SMS付きSIMカード 中国SIM マカオSIM China unicom ※こちらのSIMカードは契約後、毎月の基本料が発生いたします。※2024年11月1日から台湾でのご利用はできなくなり"", ""roaming_signal: アジア25ヵ国プリペイドSIM 利用日数30日 データ容量7GB アジア周遊SIM ローミングSIM 利用国(インド、オーストラリア、韓国、グアム、サイパン、シンガポール、タイ、台湾、中国、日本、フィリピン、ベトナム、香港、マカオ、マレーシア等)"", ""insufficient_or_conflicting_signals(local=6, roaming=12)""], ""network_generation"": [""product_info_cellular_5g: source:product_info_cellular: 携帯電話技術 5G/4G/LTE"", ""product_info_cellular_5g: source:product_info_cellular: 携帯電話技術 5G/4G/LTE"", ""product_info_cellular_4g_lte_signal_present_but_5g_capable_takes_precedence""], ""review_count"": [""detail_page: (1)""], ""bestseller_rank"": [""Amazon 売れ筋ランキング 家電＆カメラ - 61,522位 ( 家電＆カメラの売れ筋ランキングを見る ) プリペイドSIMカード - 627位""], ""title"": [""アジア25ヵ国プリペイドSIM 利用日数30日 データ容量7GB アジア周遊SIM ローミングSIM 利用国(インド、オーストラリア、韓国、グアム、サイパン、シンガポール、タイ、台湾、中国、日本、フィリピン、ベトナム、香港、マカオ、マレーシア等)""]}"
amazon_jp,mo,【リチャージSIM】日本 20GB 365日 eSIM 契約・月額無し ギガリチャージで繰り返し利用可能 5G/4G/LTE docomo/NTTドコモ iPhone 17 対応【eSIM-20GB/365日】,4780,42,,,,,191,1일,1일,365일,local,5g_capable,,,"{""ctm"": null, ""china_telecom_macau"": null, ""three_macau"": null}","{""skt"": null, ""kt"": null, ""lgu"": null}",100GB,https://www.amazon.co.jp/%E3%80%90%E3%83%AA%E3%83%81%E3%83%A3%E3%83%BC%E3%82%B8SIM%E3%80%91eSIM-%E5%A5%91%E7%B4%84%E3%83%BB%E6%9C%88%E9%A1%8D%E7%84%A1%E3%81%97-%E3%82%AE%E3%82%AC%E3%83%AA%E3%83%81%E3%83%A3%E3%83%BC%E3%82%B8%E3%81%A7%E7%B9%B0%E3%82%8A%E8%BF%94%E3%81%97%E5%88%A9%E7%94%A8%E5%8F%AF%E8%83%BD-4G_LTE-NTT%E3%83%89%E3%82%B3%E3%83%A2%E3%80%90eSIM%E3%80%91/dp/B0DNQ9F832,B0DNQ9F832,B0DNQ9F832,【リチャージモバイル公式】カウスメディアStore,リチャージSIMのストアを表示,"{""price_jpy"": [""￥4,780""], ""usage_validity"": [""【使う分だけお得にチャージ】24時間/365日 決済が完了したらすぐにチャージ反映！ギガは、何時でもおかわりできるのでギガを使い切っても追加ギガチャージで何度でも使えます。[日本ギガのみチャージ可能] 【リチャージ可能期間】ギガの有効期限が切れてから30日間は追加チャージが可能です。 ※リチャージが可能な期間を過ぎた場合、追加チャージができなくなり、SIMが""], ""activation_validity"": [""【リチャージSIM】日本 20GB 365日 eSIM 契約・月額無し ギガリチャージで繰り返し利用可能 5G/4G/LTE docomo/NTTドコモ iPhone 17 対応【eSIM-20GB/365日】""], ""data_amount"": [""商品の説明 SIM比較表 eSIM/100GB365日 カートに入れる eSIM/50GB365日 カートに入れる eSIM/20GB180日 カートに入れる eSIMスターターキット カートに入れる SIMカード/100GB365日 カートに入れる SIMカード/20GB180日 カートに入れる 物理SIMスターターキット カートに入れる カスタマーレビュ""], ""network_type"": [""【チョコSIM 定額（Sプラン）】【中国の電話番号付きでアプリや施設サービスのSMS認証が可能】【データ容量】合計500MB/月【音声】合計20分間/月 データ/音声/SMS付きSIMカード 中国SIM マカオSIM China unicom ※こちらのSIMカードは契約後、毎月の基本料が発生いたします。※2024年11月1日から台湾でのご利用はできなくなり"", ""【ベトナムeSIM】 7日間 高速データ無制限 電話番号付き 通話・SMS受信のみ可能 お急ぎの方即日対応(LINE相談受付中) 有効期限 / ご購入日より30日以内 ベトナムSIMカードタイプではありません"", ""score: local=6, roaming=0""], ""network_generation"": [""product_info_cellular_5g: source:product_info_cellular: 携帯電話技術 LTE, 5G"", ""product_info_cellular_5g: source:product_info_cellular: 携帯電話技術 LTE, 5G"", ""product_info_cellular_4g_lte_signal_present_but_5g_capable_takes_precedence""], ""review_count"": [""detail_page: (42)""], ""bestseller_rank"": [""Amazon 売れ筋ランキング 家電＆カメラ - 14,559位 ( 家電＆カメラの売れ筋ランキングを見る ) プリペイドSIMカード - 191位""], ""title"": [""【リチャージSIM】日本 20GB 365日 eSIM 契約・月額無し ギガリチャージで繰り返し利用可能 5G/4G/LTE docomo/NTTドコモ iPhone 17 対応【eSIM-20GB/365日】""]}"
amazon_jp,mo,【香港・マカオ eSIM】2日間完全無制限（使い放題、低速なし） DeSiM正規卸 | LINE相談受付中 | データ通信専用（電話番号なし） | simフリー端末のみ対応 説明書付 イーシム DeSiM,1610,1,,,,,2349,2일,2일,3일,local,lte_4g_only,,,"{""ctm"": null, ""china_telecom_macau"": null, ""three_macau"": null}","{""skt"": null, ""kt"": null, ""lgu"": null}",unlimited,https://www.amazon.co.jp/eSIM%E3%80%912%E6%97%A5%E9%96%93%E5%AE%8C%E5%85%A8%E7%84%A1%E5%88%B6%E9%99%90%EF%BC%88%E4%BD%BF%E3%81%84%E6%94%BE%E9%A1%8C%E3%80%81%E4%BD%8E%E9%80%9F%E3%81%AA%E3%81%97%EF%BC%89-LINE%E7%9B%B8%E8%AB%87%E5%8F%97%E4%BB%98%E4%B8%AD%EF%BD%9C%E5%BD%93%E6%97%A5%E7%99%BA%E8%A1%8C%E5%8F%AF%E8%83%BD-%E3%83%87%E3%83%BC%E3%82%BF%E9%80%9A%E4%BF%A1%E5%B0%82%E7%94%A8%EF%BC%88%E9%9B%BB%E8%A9%B1%E7%95%AA%E5%8F%B7%E3%81%AA%E3%81%97%EF%BC%89-sim%E3%83%95%E3%83%AA%E3%83%BC%E7%AB%AF%E6%9C%AB%E3%81%AE%E3%81%BF%E5%AF%BE%E5%BF%9C-DeSiM/dp/B0F1DYPL28,B0F1DYPL28,B0F1DYPL28,DeSiM,DeSiMのストアを表示,"{""price_jpy"": [""￥1,610""], ""usage_validity"": [""【香港・マカオ eSIM】2日間完全無制限（使い放題、低速なし） DeSiM正規卸 | LINE相談受付中 | データ通信専用（電話番号なし） | simフリー端末のみ対応 説明書付 イーシム DeSiM""], ""activation_validity"": [""【SKTelecoｍ公式認証】 韓国eSIM 3日間 (72時間) 電話番号付き 超高速データ無制限 最初の5分発信無料(韓国国内) お急ぎの方即時発行可(LINE相談受付中) 有効期限／ご購入日より120日以内 現地空港サポート(SKTelecomローミングセンター) SKテレコム正規品 韓国SIMカードタイプではありません""], ""data_amount"": [""【香港・マカオ eSIM】2日間完全無制限（使い放題、低速なし） DeSiM正規卸 | LINE相談受付中｜当日発行可能 | データ通信専用（電話番号なし） | simフリー端末のみ対応 説明書付 イーシム DeSiM""], ""network_type"": [""【チョコSIM 定額（Sプラン）】【中国の電話番号付きでアプリや施設サービスのSMS認証が可能】【データ容量】合計500MB/月【音声】合計20分間/月 データ/音声/SMS付きSIMカード 中国SIM マカオSIM China unicom ※こちらのSIMカードは契約後、毎月の基本料が発生いたします。※2024年11月1日から台湾でのご利用はできなくなり"", ""【SKTelecoｍ公式認証】 韓国eSIM 3日間 (72時間) 電話番号付き 超高速データ無制限 最初の5分発信無料(韓国国内) お急ぎの方即時発行可(LINE相談受付中) 有効期限／ご購入日より120日以内 現地空港サポート(SKTelecomローミングセンター) SKテレコム正規品 韓国SIMカードタイプではありません"", ""score: local=9, roaming=0""], ""network_generation"": [""product_info_cellular_4g_lte: source:product_info_cellular: 携帯電話技術 LTE"", ""product_info_cellular_4g_lte: source:product_info_cellular: 携帯電話技術 LTE""], ""review_count"": [""detail_page: (1)""], ""bestseller_rank"": [""Amazon 売れ筋ランキング 家電＆カメラ - 325,036位 ( 家電＆カメラの売れ筋ランキングを見る ) プリペイドSIMカード - 2,349位""], ""title"": [""【香港・マカオ eSIM】2日間完全無制限（使い放題、低速なし） DeSiM正規卸 | LINE相談受付中 | データ通信専用（電話番号なし） | simフリー端末のみ対応 説明書付 イーシム DeSiM""]}"
amazon_jp,mo,【中国本土・香港・マカオ eSIM】5日間データ無制限トラベル eSIM | 4G/5G 高速無制限データネットワーク | 当QRコードは当日ウェブサイトで取得可能 | プリペイドデジタルSIM | ホットスポットとネットワーク共有 | データのみ、通話やテキストメッセージなし,2180,30,,,,,2079,5일,5일,,roaming,5g_capable,,,"{""ctm"": null, ""china_telecom_macau"": null, ""three_macau"": null}","{""skt"": null, ""kt"": null, ""lgu"": null}",10GB/day,https://www.amazon.co.jp/eSIM%E3%80%915%E6%97%A5%E9%96%93%E3%83%87%E3%83%BC%E3%82%BF%E7%84%A1%E5%88%B6%E9%99%90%E3%83%88%E3%83%A9%E3%83%99%E3%83%AB-%E9%AB%98%E9%80%9F%E7%84%A1%E5%88%B6%E9%99%90%E3%83%87%E3%83%BC%E3%82%BF%E3%83%8D%E3%83%83%E3%83%88%E3%83%AF%E3%83%BC%E3%82%AF-%E5%BD%93QR%E3%82%B3%E3%83%BC%E3%83%89%E3%81%AF%E5%BD%93%E6%97%A5%E3%82%A6%E3%82%A7%E3%83%96%E3%82%B5%E3%82%A4%E3%83%88%E3%81%A7%E5%8F%96%E5%BE%97%E5%8F%AF%E8%83%BD-%E3%83%9B%E3%83%83%E3%83%88%E3%82%B9%E3%83%9D%E3%83%83%E3%83%88%E3%81%A8%E3%83%8D%E3%83%83%E3%83%88%E3%83%AF%E3%83%BC%E3%82%AF%E5%85%B1%E6%9C%89-%E3%83%87%E3%83%BC%E3%82%BF%E3%81%AE%E3%81%BF%E3%80%81%E9%80%9A%E8%A9%B1%E3%82%84%E3%83%86%E3%82%AD%E3%82%B9%E3%83%88%E3%83%A1%E3%83%83%E3%82%BB%E3%83%BC%E3%82%B8%E3%81%AA%E3%81%97/dp/B0FGJB9VJC,B0FGJB9VJC,B0FGJB9VJC,【StarwayチャージWiFi公式】,Starwayのストアを表示,"{""price_jpy"": [""￥2,180""], ""usage_validity"": [""【中国本土・香港・マカオ eSIM】5日間データ無制限トラベル eSIM | 4G/5G 高速無制限データネットワーク | 当QRコードは当日ウェブサイトで取得可能 | プリペイドデジタルSIM | ホットスポットとネットワーク共有 | データのみ、通話やテキストメッセージなし""], ""data_amount"": [""【中国本土・香港・マカオeSIMカード】5日間無制限のトラフィック高速 4G 高品質ネットワークをお楽しみください。ホットスポット共有をサポートします。1日あたり10GBの高速データを使い切った後も、10Mbpsの低速データを使い続けることができるので、旅行や出張などの短期間のニーズに適しており、接続もスムーズで安心です！""], ""network_type"": [""【eSIMを今すぐ入手】専用サイト（https://mcrmgr.umacaroon.com/starway）にアクセスして入力するだけ！eSIMのQRコードと説明書がメールですぐ届き、読み取ればかんたん接続！現地に到着後、データローミングをオンにしていただくと、インターネットをご利用いただけます。"", ""中国本土旅行者向けeSIMカード、5日間プラン、1GBデータ使い放題、高速4/5G、ローミング料金無料 | 中国旅行に最適"", ""score: local=0, roaming=8""], ""network_generation"": [""product_detail_5g: source:feature_bullets: 【高速4G/5Gネットワークの保証】中国全土をカバーする、遠隔地でも安定した接続を保証します。 安全で信頼性の高い高速4G/5G LTEネットワークにより、ウェブの閲覧、さまざまなソーシャルメディア（TKを除く）の利用、国際的なマルチタスク、その他の日常的なネットワークニーズに対応し、安心して個人旅行や出張を計""], ""review_count"": [""detail_page: (30)""], ""bestseller_rank"": [""Amazon 売れ筋ランキング 家電＆カメラ - 277,876位 ( 家電＆カメラの売れ筋ランキングを見る ) プリペイドSIMカード - 2,079位""], ""title"": [""【中国本土・香港・マカオ eSIM】5日間データ無制限トラベル eSIM | 4G/5G 高速無制限データネットワーク | 当QRコードは当日ウェブサイトで取得可能 | プリペイドデジタルSIM | ホットスポットとネットワーク共有 | データのみ、通話やテキストメッセージなし""]}"
amazon_jp,mo,【アジア16カ国 eSIM】7日間 低速データ通信無制限 高速データ通信1GB/日 実名登録不要(香港、マカオ除く) QR簡単設定 メール登録で納品 アジアSIM 即日発行対応 急ぎの方LINEサポートあり 韓国sim 台湾sim タイsim ベトナムsim 中国sim マグロeSIM,2280,16,,,,,1710,7일,7일,180일,unknown,unknown,,,"{""ctm"": null, ""china_telecom_macau"": null, ""three_macau"": null}","{""skt"": null, ""kt"": null, ""lgu"": null}",unlimited,https://www.amazon.co.jp/%E3%80%90%E3%82%A2%E3%82%B8%E3%82%A216%E3%82%AB%E5%9B%BD-%E4%BD%8E%E9%80%9F%E3%83%87%E3%83%BC%E3%82%BF%E9%80%9A%E4%BF%A1%E7%84%A1%E5%88%B6%E9%99%90-%E9%AB%98%E9%80%9F%E3%83%87%E3%83%BC%E3%82%BF%E9%80%9A%E4%BF%A11GB-%E6%80%A5%E3%81%8E%E3%81%AE%E6%96%B9LINE%E3%82%B5%E3%83%9D%E3%83%BC%E3%83%88%E3%81%82%E3%82%8A-%E3%83%9E%E3%82%B0%E3%83%ADeSIM/dp/B0DSPSGXLQ,B0DSPSGXLQ,B0DSPSGXLQ,マグロeSIM,マグロeSIMのストアを表示,"{""price_jpy"": [""￥2,280""], ""usage_validity"": [""【アジア16カ国 eSIM】7日間 低速データ通信無制限 高速データ通信1GB/日 実名登録不要(香港、マカオ除く) QR簡単設定 メール登録で納品 アジアSIM 即日発行対応 急ぎの方LINEサポートあり 韓国sim 台湾sim タイsim ベトナムsim 中国sim マグロeSIM""], ""activation_validity"": [""【対応国・地域】マレーシア、シンガポール、タイ、韓国、日本、ベトナム、中国本土、ラオス、インドネシア、カンボジア、マカオ、香港【注意事項①】有効期限：eSIM QRコードを受け取ってから180日間です（有効期間内にご利用ください）。eSIMの使用期間は、現地の回線に接続した時点からプランの最終日の23時59分までです。、台湾、フィリピン、パキスタン、スリラン""], ""data_amount"": [""【データ容量】データ容量は無制限ですが、1日以内にデータ通信量が1GBを超えると、通信速度が128Kbpsに制限され、翌日の現地時間0時に自動的にスピード制限が解除されます。※地点によっては信号が届かない場合がありますのでご了承ください。""], ""network_type"": [""local_signal: 【チョコSIM 定額（Sプラン）】【中国の電話番号付きでアプリや施設サービスのSMS認証が可能】【データ容量】合計500MB/月【音声】合計20分間/月 データ/音声/SMS付きSIMカード 中国SIM マカオSIM China unicom ※こちらのSIMカードは契約後、毎月の基本料が発生いたします。※2024年11月1日から台湾でのご利用はできなくなり"", ""roaming_signal: 商品の説明 購入前にご注意！ 注意事項①：ご購入後、商品画像に記載されたURLにアクセスし必要事項を入力→メールアドレスにPDFの説明書とeSIMのQRコードが届きます！ 注意事項②：SIMロックフリー端末、もしくはSIMフリー端末専用のサービスです。必ず、ご利用端末がeSIM対応かどうかご確認ください。 注意事項③：eSIM対応端末のみ利用可能。※通信キャ"", ""insufficient_or_conflicting_signals(local=6, roaming=3)""], ""network_generation"": [""fallback_5g: source:image_alt: 中国eSIM｜中国本土・香港・マカオ対応｜7日間 高速データ無制限｜VPN付き LINE・YouTube・Google利用可｜4G/5G 即日発行可能（eSIM | 7日間）"", ""fallback_4g_lte: source:image_alt: 中国eSIM｜中国本土・香港・マカオ対応｜7日間 高速データ無制限｜VPN付き LINE・YouTube・Google利用可｜4G/5G 即日発行可能（eSIM | 7日間）"", ""fallback_only_network_generation_signal""], ""review_count"": [""detail_page: (16)""], ""bestseller_rank"": [""Amazon 売れ筋ランキング 家電＆カメラ - 214,672位 ( 家電＆カメラの売れ筋ランキングを見る ) プリペイドSIMカード - 1,710位""], ""title"": [""【アジア16カ国 eSIM】7日間 低速データ通信無制限 高速データ通信1GB/日 実名登録不要(香港、マカオ除く) QR簡単設定 メール登録で納品 アジアSIM 即日発行対応 急ぎの方LINEサポートあり 韓国sim 台湾sim タイsim ベトナムsim 中国sim マグロeSIM""]}"
amazon_jp,mo,【アジア esim】アジア eSIM アジア周遊 28カ国 10日間6GB Truemoveキャリア 高速データ通信 低速データ通信 無制限 日本 韓国 中国 台湾 香港 マカオ シンガポール マレーシア など28カ国 Asia esim Travel esim (eSIM版 10日間),2480,47,,,,,708,3일,3일,10일,local,lte_4g_only,,,"{""ctm"": null, ""china_telecom_macau"": null, ""three_macau"": null}","{""skt"": null, ""kt"": null, ""lgu"": null}",unlimited,https://www.amazon.co.jp/esim%E3%80%91%E3%82%A2%E3%82%B8%E3%82%A2-10%E6%97%A5%E9%96%936GB-Truemove%E3%82%AD%E3%83%A3%E3%83%AA%E3%82%A2-%E9%AB%98%E9%80%9F%E3%83%87%E3%83%BC%E3%82%BF%E9%80%9A%E4%BF%A1-%E4%BD%8E%E9%80%9F%E3%83%87%E3%83%BC%E3%82%BF%E9%80%9A%E4%BF%A1/dp/B0DRHMK2CZ,B0DRHMK2CZ,B0DRHMK2CZ,株式会社ビッグコネクト,bigconnectのストアを表示,"{""price_jpy"": [""￥2,480""], ""usage_validity"": [""【SKTelecoｍ公式認証】 韓国eSIM 3日間 (72時間) 電話番号付き 超高速データ無制限 最初の5分発信無料(韓国国内) お急ぎの方即時発行可(LINE相談受付中) 有効期限／ご購入日より120日以内 現地空港サポート(SKTelecomローミングセンター) SKテレコム正規品 韓国SIMカードタイプではありません""], ""activation_validity"": [""【アジア esim】アジア eSIM アジア周遊 28カ国 10日間6GB Truemoveキャリア 高速データ通信 低速データ通信 無制限 日本 韓国 中国 台湾 香港 マカオ シンガポール マレーシア など28カ国 Asia esim Travel esim (eSIM版 10日間)""], ""data_amount"": [""【データプラン】データ通信専用SIMになります。※データ容量無制限。ただしデータ使用量が6GBに達すると最大通信速度が128kbpsに低下します。※現地時間の00:00-23：59区切りで、カウントされます。128kbpsはビデオ通話、Youtubeなどの動画閲覧がほぼできないですが、Google Map、メールやトークアプリのメッセージ機能など問題なぐご利""], ""network_type"": [""【チョコSIM 定額（Sプラン）】【中国の電話番号付きでアプリや施設サービスのSMS認証が可能】【データ容量】合計500MB/月【音声】合計20分間/月 データ/音声/SMS付きSIMカード 中国SIM マカオSIM China unicom ※こちらのSIMカードは契約後、毎月の基本料が発生いたします。※2024年11月1日から台湾でのご利用はできなくなり"", ""【SKTelecoｍ公式認証】 韓国eSIM 3日間 (72時間) 電話番号付き 超高速データ無制限 最初の5分発信無料(韓国国内) お急ぎの方即時発行可(LINE相談受付中) 有効期限／ご購入日より120日以内 現地空港サポート(SKTelecomローミングセンター) SKテレコム正規品 韓国SIMカードタイプではありません"", ""score: local=6, roaming=0""], ""network_generation"": [""product_info_cellular_4g_lte: source:product_info_cellular: 携帯電話技術 LTE"", ""product_info_cellular_4g_lte: source:product_info_cellular: 携帯電話技術 LTE""], ""review_count"": [""detail_page: (47)""], ""bestseller_rank"": [""Amazon 売れ筋ランキング 家電＆カメラ - 70,730位 ( 家電＆カメラの売れ筋ランキングを見る ) プリペイドSIMカード - 708位""], ""title"": [""【アジア esim】アジア eSIM アジア周遊 28カ国 10日間6GB Truemoveキャリア 高速データ通信 低速データ通信 無制限 日本 韓国 中国 台湾 香港 マカオ シンガポール マレーシア など28カ国 Asia esim Travel esim (eSIM版 10日間)""]}"
amazon_jp,mo,【台湾 eSIM】4日間完全無制限（三泊四日 使い放題） DeSiM正規卸 | LINE相談受付中｜データ通信専用（電話番号なし） | simフリー端末のみ対応 説明書付 イーシム desim,1910,88,,,,,236,3일,3일,4일,local,lte_4g_only,,,"{""ctm"": null, ""china_telecom_macau"": null, ""three_macau"": null}","{""skt"": null, ""kt"": null, ""lgu"": null}",unlimited,https://www.amazon.co.jp/eSIM%E3%80%914%E6%97%A5%E9%96%93%E5%AE%8C%E5%85%A8%E7%84%A1%E5%88%B6%E9%99%90%EF%BC%88%E4%B8%89%E6%B3%8A%E5%9B%9B%E6%97%A5-%E4%BD%BF%E3%81%84%E6%94%BE%E9%A1%8C%EF%BC%89-DeSiM%E6%AD%A3%E8%A6%8F%E5%8D%B8-LINE%E7%9B%B8%E8%AB%87%E5%8F%97%E4%BB%98%E4%B8%AD%EF%BD%9C%E3%83%87%E3%83%BC%E3%82%BF%E9%80%9A%E4%BF%A1%E5%B0%82%E7%94%A8%EF%BC%88%E9%9B%BB%E8%A9%B1%E7%95%AA%E5%8F%B7%E3%81%AA%E3%81%97%EF%BC%89-sim%E3%83%95%E3%83%AA%E3%83%BC%E7%AB%AF%E6%9C%AB%E3%81%AE%E3%81%BF%E5%AF%BE%E5%BF%9C/dp/B0DL4TFWY3,B0DL4TFWY3,B0DL4TFWY3,DeSiM,DeSiMのストアを表示,"{""price_jpy"": [""￥1,910""], ""usage_validity"": [""【SKTelecoｍ公式認証】 韓国eSIM 3日間 (72時間) 電話番号付き 超高速データ無制限 最初の5分発信無料(韓国国内) お急ぎの方即時発行可(LINE相談受付中) 有効期限／ご購入日より120日以内 現地空港サポート(SKTelecomローミングセンター) SKテレコム正規品 韓国SIMカードタイプではありません""], ""activation_validity"": [""【台湾 eSIM】4日間完全無制限（三泊四日 使い放題） DeSiM正規卸 | LINE相談受付中｜データ通信専用（電話番号なし） | simフリー端末のみ対応 説明書付 イーシム desim""], ""data_amount"": [""商品の説明 購入前の注意事項 【注意事項】 注意事項①：電話番号は付与されませんので、ご注意ください。 注意事項②：SIMロックフリー端末、もしくはSIMフリー端末専用のサービスです。必ず、ご利用端末がeSIM対応かどうかご確認ください。 注意事項③：2021年10月1日以前にSIMロック解除をキャリア店頭またはインターネットでされた「Android端末」は""], ""network_type"": [""商品の説明 購入前の注意事項 【注意事項】 注意事項①：電話番号は付与されませんので、ご注意ください。 注意事項②：SIMロックフリー端末、もしくはSIMフリー端末専用のサービスです。必ず、ご利用端末がeSIM対応かどうかご確認ください。 注意事項③：2021年10月1日以前にSIMロック解除をキャリア店頭またはインターネットでされた「Android端末」は"", ""【チョコSIM 定額（Sプラン）】【中国の電話番号付きでアプリや施設サービスのSMS認証が可能】【データ容量】合計500MB/月【音声】合計20分間/月 データ/音声/SMS付きSIMカード 中国SIM マカオSIM China unicom ※こちらのSIMカードは契約後、毎月の基本料が発生いたします。※2024年11月1日から台湾でのご利用はできなくなり"", ""score: local=9, roaming=1""], ""network_generation"": [""product_info_cellular_4g_lte: source:product_info_cellular: 携帯電話技術 LTE"", ""product_info_cellular_4g_lte: source:product_info_cellular: 携帯電話技術 LTE""], ""review_count"": [""detail_page: (88)""], ""bestseller_rank"": [""Amazon 売れ筋ランキング 家電＆カメラ - 18,458位 ( 家電＆カメラの売れ筋ランキングを見る ) プリペイドSIMカード - 236位""], ""title"": [""【台湾 eSIM】4日間完全無制限（三泊四日 使い放題） DeSiM正規卸 | LINE相談受付中｜データ通信専用（電話番号なし） | simフリー端末のみ対応 説明書付 イーシム desim""]}"
amazon_jp,mo,プリペイドSIMカード 【RAKUTEN回線】 国内海外 プリペイドSIM 3GB/月1年間有効 5G/4G-LTE対応 SMS認証可能 データ通信 専用 SIMカード (3GB SMS付き),5680,324,,,100,,47,1일,1일,360일,unknown,lte_4g_only,,,"{""ctm"": null, ""china_telecom_macau"": null, ""three_macau"": null}","{""skt"": null, ""kt"": null, ""lgu"": null}",3GB,https://www.amazon.co.jp/dp/B0BYVRPTGL,B0BYVRPTGL,B0BYVRPTGL,AHAGEN,A AHAGENのストアを表示,"{""price_jpy"": [""￥5,680""], ""usage_validity"": [""【RAKUTEN回線に接続】このSIMカードは、有効期限内であれば楽天回線エリアで5G/4G-LTE高速データ容量3GBまでご利用いただけます。一方、パートナー回線エリアでは、最大1GBまで利用できます。楽天回線エリアとパートナー回線エリアは、楽天公式サイトで確認することができます。 月間規定容量を使い切った場合、通信速度は200kbpsに低速化されます。毎""], ""activation_validity"": [""【Almond sim 日本】日本 プリペイドSIM 360日間 50GB 大容量 純正Rakutenキャリア使用 プリペイドSIMカード 日本国内用 SIMカード Prepaid SIM プリペイド データ専用 4GLTE対応 (360日間50GB（Rakuten回線）)""], ""data_amount"": [""【使用期間】RAKUTENのプリペイドSIMカードは、ご購入日から1年間ご利用いただけます。国内外での利用が可能で、毎月【3GB+1GB】のデータ容量（楽天回線エリア内）が1年間提供されます。1年後も、SIMカードの延長が可能で、引き続きご利用いただけます。SMS認証に対応しており、LINEやSkypeなどのアプリケーションを簡単に登録できます。""], ""network_type"": [""local_signal: 【DeSiM】日本eSIM 楽天回線 3GB/月 データ専用 電話番号付き SMS受信OK 認証可能 1年間有効 最大13カ月利用 5G/4G対応 楽天モバイル回線 日本上網卡 日本旅遊網卡 日本手机卡(有号码可收短信) 利用延長OK プリペイドSIM V4"", ""roaming_signal: プリペイドSIM 日本 SMS認証可能 受信OK 楽天モバイル 3GB/月 データ専用 初回通信月から最大13カ月(1年)有効 5G/4G-LTE対応 au回線/国際ローミング対応 rakuten Prepaid SIM JAPAN SIM with"", ""insufficient_or_conflicting_signals(local=9, roaming=18)""], ""network_generation"": [""product_info_cellular_4g_lte: source:product_info_cellular: 携帯電話技術 LTE"", ""product_info_cellular_4g_lte: source:product_info_cellular: 携帯電話技術 LTE""], ""monthly_sold_count"": [""RAKUTEN回線 プリペイドSIMカード 国内海外対応 3GB/月1年間有効 次に移動 メインコンテンツ この商品について この商品について この商品について 購入オプション 類似商品と比較する ビデオ レビュー キーボードショートカット 検索 Alt + / カート Shift + Alt + C ホーム Shift + Alt + H 注文 Shift""], ""review_count"": [""detail_page: (324)""], ""bestseller_rank"": [""Amazon 売れ筋ランキング 家電＆カメラ - 5,076位 ( 家電＆カメラの売れ筋ランキングを見る ) プリペイドSIMカード - 47位""], ""title"": [""プリペイドSIMカード 【RAKUTEN回線】 国内海外 プリペイドSIM 3GB/月1年間有効 5G/4G-LTE対応 SMS認証可能 データ通信 専用 SIMカード (3GB SMS付き)""]}"
amazon_jp,mo,【esim】香港 simカード【SmarTone/HKT/3HK】4G-LTE 高速データ通信 当日発行可能 【香港 マカオ】データ使い放題 HongKong Macao ESIM データ通信専用 プリペイド SIMカード (７日間 高速データ),1380,6,,,,,2047,７일,７일,30일,local,unknown,,,"{""ctm"": true, ""china_telecom_macau"": null, ""three_macau"": null}","{""skt"": null, ""kt"": null, ""lgu"": null}",unlimited,https://www.amazon.co.jp/%E3%80%90esim%E3%80%91%E9%A6%99%E6%B8%AF-sim%E3%82%AB%E3%83%BC%E3%83%89%E3%80%90SmarTone-3HK%E3%80%914G-LTE-%E3%83%9E%E3%82%AB%E3%82%AA%E3%80%91%E3%83%87%E3%83%BC%E3%82%BF%E4%BD%BF%E3%81%84%E6%94%BE%E9%A1%8C-HongKong/dp/B0CLKHRXZN,B0CLKHRXZN,B0CLKHRXZN,Global Simcard,アーモンド　ＳＩｍ　ｃａｒｄのストアを表示,"{""price_jpy"": [""￥1,380""], ""usage_validity"": [""【esim】香港 simカード【SmarTone/HKT/3HK】4G-LTE 高速データ通信 当日発行可能 【香港 マカオ】データ使い放題 HongKong Macao ESIM データ通信専用 プリペイド SIMカード (７日間 高速データ)""], ""activation_validity"": [""✿ 【有効期限】メールでお届けした後、30日以内にご利用を開始してください。ご購入いただいた商品はeSIMカードです。このカードは物理SIMカードとは異なり、スマートフォンやタブレットなどの端末に事前に埋め込まれたチップに、インターネットを通じてデータプランを書き込むことができます。物理的なSIMカードは含まれていません。""], ""data_amount"": [""✿ 【データ容量】データ専用のeSIMカードです。※データ容量は無制限です。ただし、1日のデータ使用量が1GBに達すると、最大通信速度が128kbpsに低下します。翌日の現地時間0時には自動的に制限が解除されます。※制限は現地時間の00:00から23:59までの間に適用されます。128kbpsではビデオ通話やYouTubeなどの動画視聴は制限されますが、Go""], ""network_type"": [""【チョコSIM 定額（Sプラン）】【中国の電話番号付きでアプリや施設サービスのSMS認証が可能】【データ容量】合計500MB/月【音声】合計20分間/月 データ/音声/SMS付きSIMカード 中国SIM マカオSIM China unicom ※こちらのSIMカードは契約後、毎月の基本料が発生いたします。※2024年11月1日から台湾でのご利用はできなくなり"", ""【SKTelecoｍ公式認証】 韓国eSIM 3日間 (72時間) 電話番号付き 超高速データ無制限 最初の5分発信無料(韓国国内) お急ぎの方即時発行可(LINE相談受付中) 有効期限／ご購入日より120日以内 現地空港サポート(SKTelecomローミングセンター) SKテレコム正規品 韓国SIMカードタイプではありません"", ""score: local=6, roaming=0""], ""network_generation"": [""fallback_5g: source:image_alt: 【香港・マカオ eSIM】17日間 5GB（コスパ重視） DeSiM正規卸 | LINE相談受付中 | データ通信専用（電話番号なし） | simフリー端末のみ対応 説明書付 イーシム DeSiM"", ""fallback_4g_lte: source:meta_description: Amazon.co.jp: 【esim】香港 simカード【SmarTone/HKT/3HK】4G-LTE 高速データ通信 当日発行可能 【香港 マカオ】データ使い放題 HongKong Macao ESIM データ通信専用 プリペイド SIMカード (７日間 高速データ) : 家電＆カメラ"", ""fallback_only_network_generation_signal""], ""carrier_support_local"": [""CTM: ✿ 【高速ネットワーク】香港、マカオで利用できるeSIMカードです。さらに、シンガポール、マレーシア、タイ、ベトナム、カンボジアでもご利用いただけます。東南アジアへの旅行計画に最適な手軽なeSIMカードです。主要なネットワーク事業者は以下の通りです：インドネシア、バリ島：XL、シンガポール：Sing""], ""review_count"": [""detail_page: (6)""], ""bestseller_rank"": [""Amazon 売れ筋ランキング 家電＆カメラ - 273,281位 ( 家電＆カメラの売れ筋ランキングを見る ) プリペイドSIMカード - 2,047位""], ""title"": [""【esim】香港 simカード【SmarTone/HKT/3HK】4G-LTE 高速データ通信 当日発行可能 【香港 マカオ】データ使い放題 HongKong Macao ESIM データ通信専用 プリペイド SIMカード (７日間 高速データ)""]}"
amazon_jp,mo,【香港・マカオ eSIM】1日間 0.5GB DeSiM正規卸 | LINE相談受付中 |データ通信専用（電話番号なし） | simフリー端末のみ対応 説明書付 イーシム,760,225,,,,,2661,1일,1일,3일,local,unknown,,,"{""ctm"": null, ""china_telecom_macau"": null, ""three_macau"": null}","{""skt"": null, ""kt"": null, ""lgu"": null}",unlimited,https://www.amazon.co.jp/eSIM%E3%80%911%E6%97%A5%E9%96%93-0-5GB-LINE%E7%9B%B8%E8%AB%87%E5%8F%97%E4%BB%98%E4%B8%AD%EF%BD%9C%E5%BD%93%E6%97%A5%E7%99%BA%E8%A1%8C%E5%8F%AF%E8%83%BD-%E3%83%87%E3%83%BC%E3%82%BF%E9%80%9A%E4%BF%A1%E5%B0%82%E7%94%A8%EF%BC%88%E9%9B%BB%E8%A9%B1%E7%95%AA%E5%8F%B7%E3%81%AA%E3%81%97%EF%BC%89-sim%E3%83%95%E3%83%AA%E3%83%BC%E7%AB%AF%E6%9C%AB%E3%81%AE%E3%81%BF%E5%AF%BE%E5%BF%9C/dp/B0DFZ544BR,B0DFZ544BR,B0DFZ544BR,DeSiM,DeSiMのストアを表示,"{""price_jpy"": [""￥760""], ""usage_validity"": [""【香港・マカオ eSIM】1日間 0.5GB DeSiM正規卸 | LINE相談受付中 |データ通信専用（電話番号なし） | simフリー端末のみ対応 説明書付 イーシム""], ""activation_validity"": [""【SKTelecoｍ公式認証】 韓国eSIM 3日間 (72時間) 電話番号付き 超高速データ無制限 最初の5分発信無料(韓国国内) お急ぎの方即時発行可(LINE相談受付中) 有効期限／ご購入日より120日以内 現地空港サポート(SKTelecomローミングセンター) SKテレコム正規品 韓国SIMカードタイプではありません""], ""data_amount"": [""商品の説明 購入前の注意事項 【注意事項】 注意事項①：電話番号は付与されませんので、ご注意ください。 注意事項②：SIMロックフリー端末、もしくはSIMフリー端末専用のサービスです。必ず、ご利用端末がeSIM対応かどうかご確認ください。 注意事項③：2021年10月1日以前にSIMロック解除をキャリア店頭またはインターネットでされた「Android端末」は""], ""network_type"": [""商品の説明 購入前の注意事項 【注意事項】 注意事項①：電話番号は付与されませんので、ご注意ください。 注意事項②：SIMロックフリー端末、もしくはSIMフリー端末専用のサービスです。必ず、ご利用端末がeSIM対応かどうかご確認ください。 注意事項③：2021年10月1日以前にSIMロック解除をキャリア店頭またはインターネットでされた「Android端末」は"", ""【チョコSIM 定額（Sプラン）】【中国の電話番号付きでアプリや施設サービスのSMS認証が可能】【データ容量】合計500MB/月【音声】合計20分間/月 データ/音声/SMS付きSIMカード 中国SIM マカオSIM China unicom ※こちらのSIMカードは契約後、毎月の基本料が発生いたします。※2024年11月1日から台湾でのご利用はできなくなり"", ""score: local=12, roaming=1""], ""network_generation"": [""fallback_5g: source:meta_description: Amazon.co.jp: 【香港・マカオ eSIM】1日間 0.5GB DeSiM正規卸 | LINE相談受付中 |データ通信専用（電話番号なし） | simフリー端末のみ対応 説明書付 イーシム : 家電＆カメラ"", ""fallback_4g_lte: source:image_alt: プリペイドSIM 日本 3GB 月 SMS認証可能 最大13ヶ月 1年間有効 大容量 楽天モバイル SIMカード 日本 海外 rakuten Prepaid SIM プリペイド データ専用 4GLTE 5G対応 japan (R 3GB SMS 12M) 日本上網卡 日本網卡 日本旅遊網卡 日本電話卡 子供向け 利用期間延"", ""fallback_only_network_generation_signal""], ""review_count"": [""detail_page: 225""], ""bestseller_rank"": [""Amazon 売れ筋ランキング 家電＆カメラ - 384,371位 ( 家電＆カメラの売れ筋ランキングを見る ) プリペイドSIMカード - 2,661位""], ""title"": [""【香港・マカオ eSIM】1日間 0.5GB DeSiM正規卸 | LINE相談受付中 |データ通信専用（電話番号なし） | simフリー端末のみ対応 説明書付 イーシム""]}"
amazon_jp,mo,中国・香港・マカオ eSIM｜30日間 20GB高速データ通信｜本人確認不要・当日利用可能｜LINE・YouTube・Google利用可 ｜24時間サポート 中国 esim 香港 esim,2780,10,,,,,3058,30일,30일,90일,unknown,5g_capable,,,"{""ctm"": true, ""china_telecom_macau"": null, ""three_macau"": null}","{""skt"": null, ""kt"": null, ""lgu"": null}",unlimited,https://www.amazon.co.jp/%E4%B8%AD%E5%9B%BD%E3%83%BB%E9%A6%99%E6%B8%AF%E3%83%BB%E3%83%9E%E3%82%AB%E3%82%AA-eSIM%EF%BD%9C30%E6%97%A5%E9%96%93-20GB%E9%AB%98%E9%80%9F%E3%83%87%E3%83%BC%E3%82%BF%E9%80%9A%E4%BF%A1%EF%BD%9C%E6%9C%AC%E4%BA%BA%E7%A2%BA%E8%AA%8D%E4%B8%8D%E8%A6%81%E3%83%BB%E5%BD%93%E6%97%A5%E5%88%A9%E7%94%A8%E5%8F%AF%E8%83%BD%EF%BD%9CLINE%E3%83%BBYouTube%E3%83%BBGoogle%E5%88%A9%E7%94%A8%E5%8F%AF-%EF%BD%9C24%E6%99%82%E9%96%93%E3%82%B5%E3%83%9D%E3%83%BC%E3%83%88-esim/dp/B0GVTDK9X2,B0GVTDK9X2,B0GVTDK9X2,Global eSIMshop,ブランド: PLUG TO GO,"{""price_jpy"": [""￥2,780""], ""usage_validity"": [""中国・香港・マカオ eSIM｜30日間 20GB高速データ通信｜本人確認不要・当日利用可能｜LINE・YouTube・Google利用可 ｜24時間サポート 中国 esim 香港 esim""], ""activation_validity"": [""【有効期限】QRコードは90日以内に有効です。日本でQRコードをスキャンして事前設定が可能。""], ""data_amount"": [""【高速データ無制限】中国本土・香港・マカオ対応のデータ通信専用eSIM。現地大手キャリア回線で安定・快適に利用可能。高速データ無制限＆本人確認不要。中国のネット規制を回避し、Google・LINE・YouTubeなどもVPN不要で利用可能です。""], ""network_type"": [""no_local_or_roaming_keyword_matched""], ""network_generation"": [""product_info_cellular_5g: source:product_info_cellular: 携帯電話技術 5G/4G"", ""product_info_cellular_5g: source:product_info_cellular: 携帯電話技術 5G/4G""], ""carrier_support_local"": [""CTM: サービスプロバイダ China Telecom/3HK/CTM"", ""CTM: Amazon.co.jp: 中国・香港・マカオ eSIM｜30日間 20GB高速データ通信｜本人確認不要・当日利用可能｜LINE・YouTube・Google利用可 ｜24時間サポート 中国 esim 香港 esim : 家電＆カメラ 次に移動 メインコンテンツ この商品について この商品について ""], ""review_count"": [""detail_page: (10)""], ""bestseller_rank"": [""Amazon 売れ筋ランキング 家電＆カメラ - 474,615位 ( 家電＆カメラの売れ筋ランキングを見る ) プリペイドSIMカード - 3,058位""], ""title"": [""中国・香港・マカオ eSIM｜30日間 20GB高速データ通信｜本人確認不要・当日利用可能｜LINE・YouTube・Google利用可 ｜24時間サポート 中国 esim 香港 esim""]}"
amazon_jp,mo,【香港 マカオ eSIM】3日間 低速データ通信無制限 高速データ通信1GB/日 実名登録不要 QR簡単設定 メール登録で納品 即日発行対応 急ぎの方LINEサポートあり 香港sim マカオsim 中国sim マグロeSIM,880,2,,,,,302,3일,3일,180일,roaming,unknown,,,"{""ctm"": null, ""china_telecom_macau"": null, ""three_macau"": null}","{""skt"": null, ""kt"": null, ""lgu"": null}",unlimited,https://www.amazon.co.jp/eSIM%E3%80%913%E6%97%A5%E9%96%93-%E4%BD%8E%E9%80%9F%E3%83%87%E3%83%BC%E3%82%BF%E9%80%9A%E4%BF%A1%E7%84%A1%E5%88%B6%E9%99%90-%E9%AB%98%E9%80%9F%E3%83%87%E3%83%BC%E3%82%BF%E9%80%9A%E4%BF%A11GB-%E6%80%A5%E3%81%8E%E3%81%AE%E6%96%B9LINE%E3%82%B5%E3%83%9D%E3%83%BC%E3%83%88%E3%81%82%E3%82%8A-%E3%83%9E%E3%82%B0%E3%83%ADeSIM/dp/B0F5PMWJ8P,B0F5PMWJ8P,B0F5PMWJ8P,マグロeSIM,マグロeSIMのストアを表示,"{""price_jpy"": [""￥880""], ""usage_validity"": [""【香港 マカオ eSIM】3日間 低速データ通信無制限 高速データ通信1GB/日 実名登録不要 QR簡単設定 メール登録で納品 即日発行対応 急ぎの方LINEサポートあり 香港sim マカオsim 中国sim マグロeSIM""], ""activation_validity"": [""【注意事項①】有効期限：eSIM QRコードを受け取ってから180日間です（有効期間内にご利用ください）。eSIMの使用期間は、現地の回線に接続した時点からプランの最終日の23時59分までです。""], ""data_amount"": [""【データ容量】データ容量は無制限ですが、1日以内にデータ通信量が1GBを超えると、通信速度が128Kbpsに制限され、翌日の現地時間0時に自動的にスピード制限が解除されます。※地点によっては信号が届かない場合がありますのでご了承ください。""], ""network_type"": [""商品の説明 購入前にご注意！ 注意事項①：ご購入後、商品画像に記載されたURLにアクセスし必要事項を入力→メールアドレスにPDFの説明書とeSIMのQRコードが届きます！ 注意事項②：SIMロックフリー端末、もしくはSIMフリー端末専用のサービスです。必ず、ご利用端末がeSIM対応かどうかご確認ください。 注意事項③：eSIM対応端末のみ利用可能。※通信キャ"", ""score: local=0, roaming=3""], ""network_generation"": [""fallback_5g: source:image_alt: 香港eSIMデータカード – 4G/5G LTE、1日1GBの高速データ、7日プリペイドプラン、インターネット | 即時アクティベーション | 物理SIM不要 | 短期・長期旅行に最適"", ""fallback_4g_lte: source:image_alt: 香港eSIMデータカード – 4G/5G LTE、1日1GBの高速データ、7日プリペイドプラン、インターネット | 即時アクティベーション | 物理SIM不要 | 短期・長期旅行に最適"", ""fallback_only_network_generation_signal""], ""review_count"": [""detail_page: (2)""], ""bestseller_rank"": [""Amazon 売れ筋ランキング 家電＆カメラ - 814,869位 ( 家電＆カメラの売れ筋ランキングを見る ) 定期契約SIMカード - 302位""], ""title"": [""【香港 マカオ eSIM】3日間 低速データ通信無制限 高速データ通信1GB/日 実名登録不要 QR簡単設定 メール登録で納品 即日発行対応 急ぎの方LINEサポートあり 香港sim マカオsim 中国sim マグロeSIM""]}"
amazon_jp,mo,【中国・香港・マカオeSIM】7日間完全無制限（六泊七日 使い放題） DeSiM正規卸 | LINE相談受付中｜データ通信専用（電話番号なし） | simフリー端末のみ対応 説明書付 イーシム desim,5040,2,,,,,1601,7일,7일,7일,local,unknown,,,"{""ctm"": null, ""china_telecom_macau"": null, ""three_macau"": null}","{""skt"": null, ""kt"": null, ""lgu"": null}",unlimited,https://www.amazon.co.jp/%E3%80%90%E4%B8%AD%E5%9B%BD%E3%83%BB%E9%A6%99%E6%B8%AF%E3%83%BB%E3%83%9E%E3%82%AB%E3%82%AAeSIM%E3%80%917%E6%97%A5%E9%96%93%E5%AE%8C%E5%85%A8%E7%84%A1%E5%88%B6%E9%99%90%EF%BC%88%E5%85%AD%E6%B3%8A%E4%B8%83%E6%97%A5-%E4%BD%BF%E3%81%84%E6%94%BE%E9%A1%8C%EF%BC%89-DeSiM%E6%AD%A3%E8%A6%8F%E5%8D%B8-LINE%E7%9B%B8%E8%AB%87%E5%8F%97%E4%BB%98%E4%B8%AD%EF%BD%9C%E3%83%87%E3%83%BC%E3%82%BF%E9%80%9A%E4%BF%A1%E5%B0%82%E7%94%A8%EF%BC%88%E9%9B%BB%E8%A9%B1%E7%95%AA%E5%8F%B7%E3%81%AA%E3%81%97%EF%BC%89-sim%E3%83%95%E3%83%AA%E3%83%BC%E7%AB%AF%E6%9C%AB%E3%81%AE%E3%81%BF%E5%AF%BE%E5%BF%9C/dp/B0DL4T1ZP9,B0DL4T1ZP9,B0DL4T1ZP9,DeSiM,DeSiMのストアを表示,"{""price_jpy"": [""￥5,040""], ""usage_validity"": [""【中国・香港・マカオeSIM】7日間完全無制限（六泊七日 使い放題） DeSiM正規卸 | LINE相談受付中｜データ通信専用（電話番号なし） | simフリー端末のみ対応 説明書付 イーシム desim""], ""activation_validity"": [""商品の説明 購入前の注意事項 【注意事項】 注意事項①：本商品はデータ通信専用です（通話はご利用いただけません）。ご注意ください。 注意事項②：SIMロックフリー端末、もしくはSIMフリー端末専用のサービスです。必ず、ご利用端末がeSIM対応かどうかご確認ください。 注意事項③：2021年10月1日以前にSIMロック解除をキャリア店頭またはインターネットでさ""], ""data_amount"": [""商品の説明 購入前の注意事項 【注意事項】 注意事項①：本商品はデータ通信専用です（通話はご利用いただけません）。ご注意ください。 注意事項②：SIMロックフリー端末、もしくはSIMフリー端末専用のサービスです。必ず、ご利用端末がeSIM対応かどうかご確認ください。 注意事項③：2021年10月1日以前にSIMロック解除をキャリア店頭またはインターネットでさ""], ""network_type"": [""商品の説明 購入前の注意事項 【注意事項】 注意事項①：本商品はデータ通信専用です（通話はご利用いただけません）。ご注意ください。 注意事項②：SIMロックフリー端末、もしくはSIMフリー端末専用のサービスです。必ず、ご利用端末がeSIM対応かどうかご確認ください。 注意事項③：2021年10月1日以前にSIMロック解除をキャリア店頭またはインターネットでさ"", ""【チョコSIM 定額（Sプラン）】【中国の電話番号付きでアプリや施設サービスのSMS認証が可能】【データ容量】合計500MB/月【音声】合計20分間/月 データ/音声/SMS付きSIMカード 中国SIM マカオSIM China unicom ※こちらのSIMカードは契約後、毎月の基本料が発生いたします。※2024年11月1日から台湾でのご利用はできなくなり"", ""score: local=12, roaming=1""], ""network_generation"": [""fallback_5g: source:image_alt: 【中国・香港・マカオ eSIM】5日間 5GB（四泊五日 コスパ重視） DeSiM正規卸 |LINE相談受付中 |データ通信専用（電話番号なし） simフリー端末のみ対応 説明書付 イーシム"", ""fallback_4g_lte: source:image_alt: 香港 マカオ ESIMプラン 4日間 完全無制限 4G-LTE 高速データ 使い放題 当日発行可能 出発前日本テスト用eSIM500MB 香港 マカオ プリペイドSIM 香港 esim 香港 マカオsim (4日間完全無制限)"", ""fallback_only_network_generation_signal""], ""review_count"": [""detail_page: (2)""], ""bestseller_rank"": [""Amazon 売れ筋ランキング 家電＆カメラ - 199,304位 ( 家電＆カメラの売れ筋ランキングを見る ) プリペイドSIMカード - 1,601位""], ""title"": [""【中国・香港・マカオeSIM】7日間完全無制限（六泊七日 使い放題） DeSiM正規卸 | LINE相談受付中｜データ通信専用（電話番号なし） | simフリー端末のみ対応 説明書付 イーシム desim""]}"
amazon_jp,mo,【中国本土eSIM】5日間 完全無制限 高速データ通信 低速なし 中国SIM eSIM 中国流量カード｜5G/4G-LTE 当日発行可能 実名登録不要｜Google LINE YouTubeなどVPNなしで利用可能 中国SIMカード プリペイド SIM eSIM｜旅行・出張・留学｜中国ネット規制対象外 流量カード中国 China esimカード,950,64,,,,,158,1일,1일,5일,unknown,5g_capable,,,"{""ctm"": null, ""china_telecom_macau"": null, ""three_macau"": null}","{""skt"": null, ""kt"": null, ""lgu"": null}",4GB/day,https://www.amazon.co.jp/%E3%80%90%E4%B8%AD%E5%9B%BD%E6%9C%AC%E5%9C%9FeSIM%E3%80%915%E6%97%A5%E9%96%93-%E4%B8%AD%E5%9B%BD%E6%B5%81%E9%87%8F%E3%82%AB%E3%83%BC%E3%83%89%EF%BD%9C%E5%BD%93%E6%97%A5%E7%99%BA%E8%A1%8C%E5%8F%AF%E8%83%BD-%E5%AE%9F%E5%90%8D%E7%99%BB%E9%8C%B2%E4%B8%8D%E8%A6%81%EF%BD%9CGoogle-YouTube%E3%81%AA%E3%81%A9VPN%E3%81%AA%E3%81%97%E3%81%A7%E5%88%A9%E7%94%A8%E5%8F%AF%E8%83%BD-eSIM%EF%BD%9C%E6%97%85%E8%A1%8C%E3%83%BB%E5%87%BA%E5%BC%B5%E3%83%BB%E7%95%99%E5%AD%A6%EF%BD%9C%E4%B8%AD%E5%9B%BD%E3%83%8D%E3%83%83%E3%83%88%E8%A6%8F%E5%88%B6%E5%AF%BE%E8%B1%A1%E5%A4%96/dp/B0F5W1HQFY,B0F5W1HQFY,B0F5W1HQFY,Global Travel SIM Card,onetoneのストアを表示,"{""price_jpy"": [""￥950""], ""usage_validity"": [""【有効期限について】eSIM カードはアクティベーション前の有効期限が 365 日です。アクティベーション後の有効期間は購入した日数と一致し、24 時間を 1 日として計算されます。毎日 4GB の高速データを利用可能。使い切った後もデータ無制限で継続利用でき、速度は約 512kbps になります""], ""activation_validity"": [""【中国本土eSIM】5日間 完全無制限 高速データ通信 低速なし 中国SIM eSIM 中国流量カード｜5G/4G-LTE 当日発行可能 実名登録不要｜Google LINE YouTubeなどVPNなしで利用可能 中国SIMカード プリペイド SIM eSIM｜旅行・出張・留学｜中国ネット規制対象外 流量カード中国 China esimカード""], ""data_amount"": [""【有効期限について】eSIM カードはアクティベーション前の有効期限が 365 日です。アクティベーション後の有効期間は購入した日数と一致し、24 時間を 1 日として計算されます。毎日 4GB の高速データを利用可能。使い切った後もデータ無制限で継続利用でき、速度は約 512kbps になります""], ""network_type"": [""local_signal: 【ベトナムeSIM】 7日間 高速データ無制限 電話番号付き 通話・SMS受信のみ可能 お急ぎの方即日対応(LINE相談受付中) 有効期限 / ご購入日より30日以内 ベトナムSIMカードタイプではありません"", ""roaming_signal: 商品の説明 注意事項： 1. eSIMが提供する機能とサービス 現在のeSIMはデータ通信のみサポートしており、音声通話およびSMS機能はサポートしていません。 2. スマートフォンがeSIMをサポートしているかどうかの確認方法 「通話」画面で`*#06#`を入力すると、EID情報が表示されます。これはスマートフォンがeSIMのインストールをサポートしている"", ""insufficient_or_conflicting_signals(local=3, roaming=5)""], ""network_generation"": [""product_info_cellular_5g: source:product_info_cellular: 携帯電話技術 5G, 4G LTE"", ""product_info_cellular_5g: source:product_info_cellular: 携帯電話技術 5G, 4G LTE""], ""review_count"": [""detail_page: (64)""], ""bestseller_rank"": [""Amazon 売れ筋ランキング 家電＆カメラ - 11,539位 ( 家電＆カメラの売れ筋ランキングを見る ) プリペイドSIMカード - 158位""], ""title"": [""【中国本土eSIM】5日間 完全無制限 高速データ通信 低速なし 中国SIM eSIM 中国流量カード｜5G/4G-LTE 当日発行可能 実名登録不要｜Google LINE YouTubeなどVPNなしで利用可能 中国SIMカード プリペイド SIM eSIM｜旅行・出張・留学｜中国ネット規制対象外 流量カード中国 China esimカード""]}"
amazon_jp,mo,"【東南アジアeSIM】5日間5GB｜11地域対応（シンガポール,タイ,マレーシア,インドネシア,ベトナム,台湾・香港・マカオ,韓国,オーストラリア,ニュージーランド）｜5G/4G対応 高速データ通信｜即日メール配信 ｜使用ガイド付き｜テザリング対応｜365日LINEサポート｜QRコードで簡単設定 SIMカード不要 (5日間5GB)",999,6,,,,,1465,4일,4일,5일,local,5g_capable,,,"{""ctm"": null, ""china_telecom_macau"": null, ""three_macau"": null}","{""skt"": null, ""kt"": null, ""lgu"": null}",1GB/day,https://www.amazon.co.jp/4G%E5%AF%BE%E5%BF%9C-%E9%AB%98%E9%80%9F%E3%83%87%E3%83%BC%E3%82%BF%E9%80%9A%E4%BF%A1%EF%BD%9C%E5%8D%B3%E6%97%A5%E7%99%BA%E8%A1%8C-SIM%E3%82%AB%E3%83%BC%E3%83%89%E4%B8%8D%E8%A6%81-5%E6%97%A5%E9%96%935GB/dp/B0FHBCLY5K,B0FHBCLY5K,B0FHBCLY5K,トリリオン・コネクト,Billion Connectのストアを表示,"{""price_jpy"": [""￥999""], ""usage_validity"": [""【プランの利用日数の計算方法】 eSIMの有効期間は、アクティベートした時点から起算され、24時間単位で計算されます。 （例：10月1日10:00に3日間のプランをアクティベートした場合、有効期限は10月4日10:00までとなります。）""], ""activation_validity"": [""【東南アジアeSIM】5日間5GB｜11地域対応（シンガポール,タイ,マレーシア,インドネシア,ベトナム,台湾・香港・マカオ,韓国,オーストラリア,ニュージーランド）｜5G/4G対応 高速データ通信｜即日メール配信 ｜使用ガイド付き｜テザリング対応｜365日LINEサポート｜QRコードで簡単設定 SIMカード不要 (5日間5GB)""], ""data_amount"": [""【5日間5GB｜5G/4G対応】 この東南アジアeSIMなら、5日間毎日1GBの高速データ通信が楽しめます！毎日の1GBを使い切った後は、速度が384kbpsに制限されますが、 LINE、WhatsApp、Messengerなどのアプリでの文字チャット、メール送受信、地図の閲覧やナビゲーションは引き続きご利用いただけます。""], ""network_type"": [""【チョコSIM 定額（Sプラン）】【中国の電話番号付きでアプリや施設サービスのSMS認証が可能】【データ容量】合計500MB/月【音声】合計20分間/月 データ/音声/SMS付きSIMカード 中国SIM マカオSIM China unicom ※こちらのSIMカードは契約後、毎月の基本料が発生いたします。※2024年11月1日から台湾でのご利用はできなくなり"", ""【SKTelecoｍ公式認証】 韓国eSIM 3日間 (72時間) 電話番号付き 超高速データ無制限 最初の5分発信無料(韓国国内) お急ぎの方即時発行可(LINE相談受付中) 有効期限／ご購入日より120日以内 現地空港サポート(SKTelecomローミングセンター) SKテレコム正規品 韓国SIMカードタイプではありません"", ""score: local=6, roaming=0""], ""network_generation"": [""product_info_cellular_5g: source:product_info_cellular: 携帯電話技術 5G"", ""product_info_cellular_5g: source:product_info_cellular: 携帯電話技術 5G""], ""review_count"": [""detail_page: (6)""], ""bestseller_rank"": [""Amazon 売れ筋ランキング 家電＆カメラ - 179,948位 ( 家電＆カメラの売れ筋ランキングを見る ) プリペイドSIMカード - 1,465位""], ""title"": [""【東南アジアeSIM】5日間5GB｜11地域対応（シンガポール,タイ,マレーシア,インドネシア,ベトナム,台湾・香港・マカオ,韓国,オーストラリア,ニュージーランド）｜5G/4G対応 高速データ通信｜即日メール配信 ｜使用ガイド付き｜テザリング対応｜365日LINEサポート｜QRコードで簡単設定 SIMカード不要 (5日間5GB)""]}"
amazon_jp,mo,【香港・マカオ eSIM】10日間無制限データ | 日毎制限なし | 5G/4GLTE高速データ | 簡単アクティベーション | サポートLINEでのお問い合わせ,2772,2,,,,,3348,10일,10일,90일,unknown,5g_capable,,,"{""ctm"": null, ""china_telecom_macau"": null, ""three_macau"": null}","{""skt"": null, ""kt"": null, ""lgu"": null}",unlimited,https://www.amazon.co.jp/%E3%80%90%E9%A6%99%E6%B8%AF%E3%83%BB%E3%83%9E%E3%82%AB%E3%82%AA-eSIM%E3%80%9110%E6%97%A5%E9%96%93%E7%84%A1%E5%88%B6%E9%99%90%E3%83%87%E3%83%BC%E3%82%BF-4GLTE%E9%AB%98%E9%80%9F%E3%83%87%E3%83%BC%E3%82%BF-%E7%B0%A1%E5%8D%98%E3%82%A2%E3%82%AF%E3%83%86%E3%82%A3%E3%83%99%E3%83%BC%E3%82%B7%E3%83%A7%E3%83%B3-%E3%82%B5%E3%83%9D%E3%83%BC%E3%83%88LINE%E3%81%A7%E3%81%AE%E3%81%8A%E5%95%8F%E3%81%84%E5%90%88%E3%82%8F%E3%81%9B/dp/B0FNWBMQ1X,B0FNWBMQ1X,B0FNWBMQ1X,Happy Travel Sim Card,HAPPY TELECOMのストアを表示,"{""price_jpy"": [""￥2,772""], ""usage_validity"": [""【香港・マカオ eSIM】10日間無制限データ | 日毎制限なし | 5G/4GLTE高速データ | 簡単アクティベーション | サポートLINEでのお問い合わせ""], ""activation_validity"": [""😄【5G/LTE】無制限の5Gデータ、速度制限や低速はありません。無制限データ。※カードの有効期限：購入後90日以内。""], ""data_amount"": [""😄【5G/LTE】無制限の5Gデータ、速度制限や低速はありません。無制限データ。※カードの有効期限：購入後90日以内。""], ""network_type"": [""local_signal: ◆ eSIM対応スマートフォン用のeSIM QRコードがパッケージに含まれています。デバイスがeSIM機能に対応していない場合は、物理SIMを購入してください。 ◆ 無制限データ：台湾滞在中、データ制限なしでオンラインを維持。ウェブを閲覧し、お気に入りのアプリを使い、友達と簡単に接続できます。 ◆ 信頼性のあるネットワークカバレッジ：都市部、田舎、移動中でも"", ""roaming_signal: 《正規日本語版》【ローミングSIM】東南アジア・マカオ・ベトナム・シンガポール・タイ・マレーシア・ラオス・インドネシア・フィリピン・カンボジア・スリランカの全10ヵ国 8日間 5GB ※面倒な本人登録・パスポート登録は不要です。このSIMカードは中国ではご利用できません。"", ""insufficient_or_conflicting_signals(local=1, roaming=1)""], ""network_generation"": [""product_info_cellular_5g: source:product_info_cellular: 携帯電話技術 5G"", ""product_info_cellular_5g: source:product_info_cellular: 携帯電話技術 5G""], ""review_count"": [""detail_page: (2)""], ""bestseller_rank"": [""Amazon 売れ筋ランキング 家電＆カメラ - 562,071位 ( 家電＆カメラの売れ筋ランキングを見る ) プリペイドSIMカード - 3,348位""], ""title"": [""【香港・マカオ eSIM】10日間無制限データ | 日毎制限なし | 5G/4GLTE高速データ | 簡単アクティベーション | サポートLINEでのお問い合わせ""]}"
amazon_jp,mo,【中国 SIM】3日間 高速データ完全無制限｜中国本土・香港・マカオ対応｜Google/LINE/YouTube利用可｜実名登録不要｜年中無休・24時間サポート｜中国本土 プリペイドsim 香港 sim,1580,1,,,,,2685,1일,1일,3일,unknown,5g_capable,,,"{""ctm"": true, ""china_telecom_macau"": null, ""three_macau"": null}","{""skt"": null, ""kt"": null, ""lgu"": null}",unlimited,https://www.amazon.co.jp/SIM%E3%80%915%E6%97%A5%E9%96%93-%E9%AB%98%E9%80%9F%E3%83%87%E3%83%BC%E3%82%BF%E5%AE%8C%E5%85%A8%E7%84%A1%E5%88%B6%E9%99%90%EF%BD%9C%E4%B8%AD%E5%9B%BD%E6%9C%AC%E5%9C%9F%E3%83%BB%E9%A6%99%E6%B8%AF%E3%83%BB%E3%83%9E%E3%82%AB%E3%82%AA%E5%AF%BE%E5%BF%9C%EF%BD%9CGoogle-YouTube%E5%88%A9%E7%94%A8%E5%8F%AF%EF%BD%9C%E5%AE%9F%E5%90%8D%E7%99%BB%E9%8C%B2%E4%B8%8D%E8%A6%81%EF%BD%9C%E5%B9%B4%E4%B8%AD%E7%84%A1%E4%BC%91%E3%83%BB24%E6%99%82%E9%96%93%E3%82%B5%E3%83%9D%E3%83%BC%E3%83%88%EF%BD%9C%E4%B8%AD%E5%9B%BD%E6%9C%AC%E5%9C%9F-%E3%83%97%E3%83%AA%E3%83%9A%E3%82%A4%E3%83%89sim-3%E6%97%A5%E9%96%93%EF%BD%9C%E7%84%A1%E5%88%B6%E9%99%90/dp/B0FTM4X8ZN,B0FTM4X8ZN,B0FTM4X8ZN,Global eSIMshop,ブランド: PLUG TO GO,"{""price_jpy"": [""￥1,580""], ""usage_validity"": [""【高速データ】 データ通信専用のSIMです。※高速データ容量は無制限。完全使い放題プラン、中国ネット規制対象外 中国でもGoogle、LINE、YouTubeなどVPNなしで利用可能、本人確認やSIMカード認証は不要で、1-30日間選択可能。 【中国ネット規制なし】 中国本土では香港回線をローミング利用するため、中国政府のネット規制対象外。Google、LI""], ""activation_validity"": [""【中国 SIM】3日間 高速データ完全無制限｜中国本土・香港・マカオ対応｜Google/LINE/YouTube利用可｜実名登録不要｜年中無休・24時間サポート｜中国本土 プリペイドsim 香港 sim""], ""data_amount"": [""【高速データ】 データ通信専用のSIMです。※高速データ容量は無制限。完全使い放題プラン、中国ネット規制対象外 中国でもGoogle、LINE、YouTubeなどVPNなしで利用可能、本人確認やSIMカード認証は不要で、1-30日間選択可能。""], ""network_type"": [""local_signal: 【SKTelecoｍ公式認証】 韓国eSIM 3日間 (72時間) 電話番号付き 超高速データ無制限 最初の5分発信無料(韓国国内) お急ぎの方即時発行可(LINE相談受付中) 有効期限／ご購入日より120日以内 現地空港サポート(SKTelecomローミングセンター) SKテレコム正規品 韓国SIMカードタイプではありません"", ""roaming_signal: 【中国ネット規制なし】 中国本土では香港回線をローミング利用するため、中国政府のネット規制対象外。Google、LINE、Facebook、Twitter、YouTube、Instagramなど主要サービスがVPN不要でそのままご利用いただけます。"", ""insufficient_or_conflicting_signals(local=3, roaming=3)""], ""network_generation"": [""product_info_cellular_5g: source:product_info_cellular: 携帯電話技術 5G/4G"", ""product_info_cellular_5g: source:product_info_cellular: 携帯電話技術 5G/4G""], ""carrier_support_local"": [""CTM: 【対応端末】SIMフリー／SIMロック解除済みスマートフォン専用。タブレット・PC・Wi-Fiルーターではご利用いただけません。標準／micro／nano SIMサイズに対応。 キャリア：中国：中国電信（China Telecom）／香港：3HK／マカオ：CTM。"", ""CTM: 【高速データ】 データ通信専用のSIMです。※高速データ容量は無制限。完全使い放題プラン、中国ネット規制対象外 中国でもGoogle、LINE、YouTubeなどVPNなしで利用可能、本人確認やSIMカード認証は不要で、1-30日間選択可能。 【中国ネット規制なし】 中国本土では香港回線をローミング"", ""CTM: サービスプロバイダ China Telecom/3HK/CTM"", ""CTM: Amazon.co.jp: 【中国 SIM】3日間 高速データ完全無制限｜中国本土・香港・マカオ対応｜Google/LINE/YouTube利用可｜実名登録不要｜年中無休・24時間サポート｜中国本土 プリペイドsim 香港 sim : 家電＆カメラ 次に移動 メインコンテンツ この商品について この""], ""review_count"": [""detail_page: (1)""], ""bestseller_rank"": [""Amazon 売れ筋ランキング 家電＆カメラ - 390,540位 ( 家電＆カメラの売れ筋ランキングを見る ) プリペイドSIMカード - 2,685位""], ""title"": [""【中国 SIM】3日間 高速データ完全無制限｜中国本土・香港・マカオ対応｜Google/LINE/YouTube利用可｜実名登録不要｜年中無休・24時間サポート｜中国本土 プリペイドsim 香港 sim""]}"
amazon_jp,mo,香港・マカオ対応 プリペイドSIMカード データ専用 4G/5G高速通信 (5日間（1日2GB＋以降低速無制限）),1917,,,,,,,1일,1일,5일,roaming,5g_capable,,,"{""ctm"": true, ""china_telecom_macau"": null, ""three_macau"": null}","{""skt"": null, ""kt"": null, ""lgu"": null}",2GB/day,https://www.amazon.co.jp/%E9%A6%99%E6%B8%AF%E3%83%BB%E3%83%9E%E3%82%AB%E3%82%AA%E5%AF%BE%E5%BF%9C-%E3%83%97%E3%83%AA%E3%83%9A%E3%82%A4%E3%83%89SIM%E3%82%AB%E3%83%BC%E3%83%89-%E3%83%87%E3%83%BC%E3%82%BF%E5%B0%82%E7%94%A8-5G%E9%AB%98%E9%80%9F%E9%80%9A%E4%BF%A1-5%E6%97%A5%E9%96%93%EF%BC%881%E6%97%A52GB%EF%BC%8B%E4%BB%A5%E9%99%8D%E4%BD%8E%E9%80%9F%E7%84%A1%E5%88%B6%E9%99%90%EF%BC%89/dp/B0GXBGDQWK,B0GXBGDQWK,B0GXBGDQWK,HANKATONG,ブランド: HANKATONG,"{""price_jpy"": [""￥1,917""], ""usage_validity"": [""【香港・マカオ対応 プリペイドSIMカード】 香港およびマカオで利用可能なデータ通信専用プリペイドSIMカードです。 4G/5Gの高速データ通信に対応しており、快適にインターネットをご利用いただけます。 香港・マカオ旅行・出張に最適なデータ専用SIMカードです。 【対応国】 香港・マカオ 【対応通信会社】 CMHK / CTM 【対応通信方式】 4G LTE""], ""activation_validity"": [""香港・マカオ対応 プリペイドSIMカード データ専用 4G/5G高速通信 (5日間（1日2GB＋以降低速無制限）)""], ""data_amount"": [""Amazon.co.jp: 香港・マカオ対応 プリペイドSIMカード データ専用 4G/5G高速通信 (5日間（1日2GB＋以降低速無制限）) : 家電＆カメラ""], ""network_type"": [""【香港・マカオ対応 プリペイドSIMカード】 香港およびマカオで利用可能なデータ通信専用プリペイドSIMカードです。 4G/5Gの高速データ通信に対応しており、快適にインターネットをご利用いただけます。 香港・マカオ旅行・出張に最適なデータ専用SIMカードです。 【対応国】 香港・マカオ 【対応通信会社】 CMHK / CTM 【対応通信方式】 4G LTE"", ""score: local=0, roaming=3""], ""network_generation"": [""product_info_cellular_5g: source:product_info_cellular: 携帯電話技術 4G / LTE / 5G"", ""product_info_cellular_5g: source:product_info_cellular: 携帯電話技術 4G / LTE / 5G"", ""product_info_cellular_4g_lte_signal_present_but_5g_capable_takes_precedence""], ""carrier_support_local"": [""CTM: 【香港・マカオ対応 プリペイドSIMカード】 香港およびマカオで利用可能なデータ通信専用プリペイドSIMカードです。 4G/5Gの高速データ通信に対応しており、快適にインターネットをご利用いただけます。 香港・マカオ旅行・出張に最適なデータ専用SIMカードです。 【対応国】 香港・マカオ 【対応通信"", ""CTM: サービスプロバイダ CMHK / CTM"", ""CTM: Amazon.co.jp: 香港・マカオ対応 プリペイドSIMカード データ専用 4G/5G高速通信 (5日間（1日2GB＋以降低速無制限）) : 家電＆カメラ 次に移動 メインコンテンツ この商品について この商品について この商品について 購入オプション 類似商品と比較する ビデオ レビュー キ""], ""title"": [""香港・マカオ対応 プリペイドSIMカード データ専用 4G/5G高速通信 (5日間（1日2GB＋以降低速無制限）)""]}"
amazon_jp,mo,【香港・マカオ eSIM】9日間 10GB（コスパ重視） DeSiM正規卸 | LINE相談受付中 | データ通信専用（電話番号なし） | simフリー端末のみ対応 説明書付 イーシム DeSiM,2420,2,,,,,2532,9일,9일,,unknown,unknown,,,"{""ctm"": null, ""china_telecom_macau"": null, ""three_macau"": null}","{""skt"": null, ""kt"": null, ""lgu"": null}",10GB,https://www.amazon.co.jp/10GB%EF%BC%88%E3%82%B3%E3%82%B9%E3%83%91%E9%87%8D%E8%A6%96%EF%BC%89-LINE%E7%9B%B8%E8%AB%87%E5%8F%97%E4%BB%98%E4%B8%AD%EF%BD%9C%E5%BD%93%E6%97%A5%E7%99%BA%E8%A1%8C%E5%8F%AF%E8%83%BD-%E3%83%87%E3%83%BC%E3%82%BF%E9%80%9A%E4%BF%A1%E5%B0%82%E7%94%A8%EF%BC%88%E9%9B%BB%E8%A9%B1%E7%95%AA%E5%8F%B7%E3%81%AA%E3%81%97%EF%BC%89-sim%E3%83%95%E3%83%AA%E3%83%BC%E7%AB%AF%E6%9C%AB%E3%81%AE%E3%81%BF%E5%AF%BE%E5%BF%9C-DeSiM/dp/B0F1DY6FGH,B0F1DY6FGH,B0F1DY6FGH,DeSiM,DeSiMのストアを表示,"{""price_jpy"": [""￥2,420""], ""usage_validity"": [""【香港・マカオ eSIM】9日間 10GB（コスパ重視） DeSiM正規卸 | LINE相談受付中 | データ通信専用（電話番号なし） | simフリー端末のみ対応 説明書付 イーシム DeSiM""], ""data_amount"": [""【香港・マカオ eSIM】9日間 10GB（コスパ重視） DeSiM正規卸 | LINE相談受付中｜当日発行可能 | データ通信専用（電話番号なし） | simフリー端末のみ対応 説明書付 イーシム DeSiM""], ""network_type"": [""insufficient_or_conflicting_signals(local=0, roaming=-2)""], ""network_generation"": [""fallback_5g: source:image_alt: 【世界eSIM】日本1GB + グローバル100MB 360日間 物理eSIMカード ｜200以上の国と地域対応 e-sim 中国 韓国 アメリカ ヨーロッパ 海外 シムカード プリペイドsim カード 5G/4G LTE 高速データ通信専用 プロファイル管理可能 海外旅行・出張に最適 – Androidスマートフォンをe"", ""fallback_4g_lte: source:image_alt: 【世界eSIM】日本1GB + グローバル100MB 360日間 物理eSIMカード ｜200以上の国と地域対応 e-sim 中国 韓国 アメリカ ヨーロッパ 海外 シムカード プリペイドsim カード 5G/4G LTE 高速データ通信専用 プロファイル管理可能 海外旅行・出張に最適 – Androidスマートフォンをe"", ""fallback_only_network_generation_signal""], ""review_count"": [""detail_page: (2)""], ""bestseller_rank"": [""Amazon 売れ筋ランキング 家電＆カメラ - 356,128位 ( 家電＆カメラの売れ筋ランキングを見る ) プリペイドSIMカード - 2,532位""], ""title"": [""【香港・マカオ eSIM】9日間 10GB（コスパ重視） DeSiM正規卸 | LINE相談受付中 | データ通信専用（電話番号なし） | simフリー端末のみ対応 説明書付 イーシム DeSiM""]}"
amazon_jp,mo,【香港・マカオ SIM】10日間無制限データ | 日毎制限なし | 5G/4GLTE高速データ | 簡単アクティベーション | サポートLINEでのお問い合わせ,2772,2,,,,,3206,10일,10일,180일,unknown,5g_capable,,,"{""ctm"": null, ""china_telecom_macau"": null, ""three_macau"": null}","{""skt"": null, ""kt"": null, ""lgu"": null}",unlimited,https://www.amazon.co.jp/%E3%80%90%E9%A6%99%E6%B8%AF%E3%83%BB%E3%83%9E%E3%82%AB%E3%82%AA-SIM%E3%80%9110%E6%97%A5%E9%96%93%E7%84%A1%E5%88%B6%E9%99%90%E3%83%87%E3%83%BC%E3%82%BF-4GLTE%E9%AB%98%E9%80%9F%E3%83%87%E3%83%BC%E3%82%BF-%E7%B0%A1%E5%8D%98%E3%82%A2%E3%82%AF%E3%83%86%E3%82%A3%E3%83%99%E3%83%BC%E3%82%B7%E3%83%A7%E3%83%B3-%E3%82%B5%E3%83%9D%E3%83%BC%E3%83%88LINE%E3%81%A7%E3%81%AE%E3%81%8A%E5%95%8F%E3%81%84%E5%90%88%E3%82%8F%E3%81%9B/dp/B0FNR1T45L,B0FNR1T45L,B0FNR1T45L,Happy Travel Sim Card,HAPPY TELECOMのストアを表示,"{""price_jpy"": [""￥2,772""], ""usage_validity"": [""【香港・マカオ SIM】10日間無制限データ | 日毎制限なし | 5G/4GLTE高速データ | 簡単アクティベーション | サポートLINEでのお問い合わせ""], ""activation_validity"": [""😄【5G/LTE】無制限の5Gデータ、速度制限や低速はありません。※カードの有効期限：購入後180日以内。""], ""data_amount"": [""😄【5G/LTE】無制限の5Gデータ、速度制限や低速はありません。※カードの有効期限：購入後180日以内。""], ""network_type"": [""no_local_or_roaming_keyword_matched""], ""network_generation"": [""product_info_cellular_5g: source:product_info_cellular: 携帯電話技術 5G"", ""product_info_cellular_5g: source:product_info_cellular: 携帯電話技術 5G""], ""review_count"": [""detail_page: (2)""], ""bestseller_rank"": [""Amazon 売れ筋ランキング 家電＆カメラ - 515,186位 ( 家電＆カメラの売れ筋ランキングを見る ) プリペイドSIMカード - 3,206位""], ""title"": [""【香港・マカオ SIM】10日間無制限データ | 日毎制限なし | 5G/4GLTE高速データ | 簡単アクティベーション | サポートLINEでのお問い合わせ""]}"
amazon_jp,mo,【ecoco eSIM】中国 香港 マカオ 5日間 無制限データ 高速通信 本人確認不要 SIM認証不要 中国移動/聯通/電信 香港CSL マカオChina Telecom対応 北京 上海 広州 香港 マカオ主要都市利用可 QRコード受取 テザリング可 海外旅行/出張向け,2750,26,,,,,1923,5일,5일,,unknown,lte_4g_only,,,"{""ctm"": null, ""china_telecom_macau"": null, ""three_macau"": null}","{""skt"": null, ""kt"": null, ""lgu"": null}",unlimited,https://www.amazon.co.jp/eSIM%E3%80%91%E4%B8%AD%E5%9B%BD-SIM%E8%AA%8D%E8%A8%BC%E4%B8%8D%E8%A6%81-%E3%83%9E%E3%82%AB%E3%82%AAChina-Telecom%E5%AF%BE%E5%BF%9C-%E3%83%9E%E3%82%AB%E3%82%AA%E4%B8%BB%E8%A6%81%E9%83%BD%E5%B8%82%E5%88%A9%E7%94%A8%E5%8F%AF/dp/B0FT3G5FF8,B0FT3G5FF8,B0FT3G5FF8,【公式】ecoco(イココ),ecocoのストアを表示,"{""price_jpy"": [""￥2,750""], ""usage_validity"": [""【ecoco eSIM】中国 香港 マカオ 5日間 無制限データ 高速通信 本人確認不要 SIM認証不要 中国移動/聯通/電信 香港CSL マカオChina Telecom対応 北京 上海 広州 香港 マカオ主要都市利用可 QRコード受取 テザリング可 海外旅行/出張向け""], ""data_amount"": [""プラン内容：データ通信無制限（4G/LTE高速回線）""], ""network_type"": [""roaming_signal: 《正規日本語版》【ローミングSIM】東南アジア・マカオ・ベトナム・シンガポール・タイ・マレーシア・ラオス・インドネシア・フィリピン・カンボジア・スリランカの全10ヵ国 8日間 5GB ※面倒な本人登録・パスポート登録は不要です。このSIMカードは中国ではご利用できません。"", ""insufficient_or_conflicting_signals(local=0, roaming=1)""], ""network_generation"": [""product_info_cellular_4g_lte: source:product_info_cellular: 携帯電話技術 LTE"", ""product_info_cellular_4g_lte: source:product_info_cellular: 携帯電話技術 LTE""], ""review_count"": [""detail_page: (26)""], ""bestseller_rank"": [""Amazon 売れ筋ランキング 家電＆カメラ - 253,090位 ( 家電＆カメラの売れ筋ランキングを見る ) プリペイドSIMカード - 1,923位""], ""title"": [""【ecoco eSIM】中国 香港 マカオ 5日間 無制限データ 高速通信 本人確認不要 SIM認証不要 中国移動/聯通/電信 香港CSL マカオChina Telecom対応 北京 上海 広州 香港 マカオ主要都市利用可 QRコード受取 テザリング可 海外旅行/出張向け""]}"
amazon_jp,mo,【香港・マカオ eSIM】4G-LTE 高速データ使い放題 (低速なし)完全無制限 データ通信専用 (電話番号なし) | QR簡单設定 | 即日発行可能 | 緊急利用 Hong Kong Macau eSIM (4日間 高速完全無制限),1480,5,,,,,1840,3일,3일,4일,unknown,lte_4g_only,,,"{""ctm"": null, ""china_telecom_macau"": null, ""three_macau"": null}","{""skt"": null, ""kt"": null, ""lgu"": null}",15GB,https://www.amazon.co.jp/%E3%80%90%E9%A6%99%E6%B8%AF%E3%83%BB%E3%83%9E%E3%82%AB%E3%82%AA-eSIM%E3%80%914G-LTE-%E9%AB%98%E9%80%9F%E3%83%87%E3%83%BC%E3%82%BF%E4%BD%BF%E3%81%84%E6%94%BE%E9%A1%8C-4%E6%97%A5%E9%96%93-%E9%AB%98%E9%80%9F%E5%AE%8C%E5%85%A8%E7%84%A1%E5%88%B6%E9%99%90/dp/B0DMNWPYXC,B0DMNWPYXC,B0DMNWPYXC,Kaisnvxs,Kaisnvxsのストアを表示,"{""price_jpy"": [""￥1,480""], ""usage_validity"": [""【SKTelecoｍ公式認証】 韓国eSIM 3日間 (72時間) 電話番号付き 超高速データ無制限 最初の5分発信無料(韓国国内) お急ぎの方即時発行可(LINE相談受付中) 有効期限／ご購入日より120日以内 現地空港サポート(SKTelecomローミングセンター) SKテレコム正規品 韓国SIMカードタイプではありません""], ""activation_validity"": [""【香港・マカオ eSIM】4G-LTE 高速データ使い放題 (低速なし)完全無制限 データ通信専用 (電話番号なし) | QR簡单設定 | 即日発行可能 | 緊急利用 Hong Kong Macau eSIM (4日間 高速完全無制限)""], ""data_amount"": [""商品の説明 [eSIMインストールQRコードの取得方法] パッケージを受け取った後、説明書にあるQRコードをスキャンして、Amazonの注文番号を入力すると、eSIMインストール用のQRコードを交換できます。 注意事項①： 購入前に、お使いの携帯電話がeSIMのインストールに対応しているかどうかを必ずご確認ください。 注意事項②： eSIMのQRコードを発行""], ""network_type"": [""local_signal: 商品の説明 [eSIMインストールQRコードの取得方法] パッケージを受け取った後、説明書にあるQRコードをスキャンして、Amazonの注文番号を入力すると、eSIMインストール用のQRコードを交換できます。 注意事項①： 購入前に、お使いの携帯電話がeSIMのインストールに対応しているかどうかを必ずご確認ください。 注意事項②： eSIMのQRコードを発行"", ""roaming_signal: 商品の説明 [eSIMインストールQRコードの取得方法] パッケージを受け取った後、説明書にあるQRコードをスキャンして、Amazonの注文番号を入力すると、eSIMインストール用のQRコードを交換できます。 注意事項①： 購入前に、お使いの携帯電話がeSIMのインストールに対応しているかどうかを必ずご確認ください。 注意事項②： eSIMのQRコードを発行"", ""insufficient_or_conflicting_signals(local=9, roaming=2)""], ""network_generation"": [""product_info_cellular_4g_lte: source:product_info_cellular: 携帯電話技術 LTE"", ""product_info_cellular_4g_lte: source:product_info_cellular: 携帯電話技術 LTE""], ""review_count"": [""detail_page: 商品の説明 [eSIMインストールQRコードの取得方法] パッケージを受け取った後、説明書にあるQRコードをスキャンして、Amazonの注文番号を入力すると、eSIMインストール用のQRコードを交換できます。 注意事項①： 購入前に、お使いの携帯電話がeSIMのインストールに対応しているかどうかを必ずご確認ください。 注意事項②： eSIMのQRコードを発行""], ""bestseller_rank"": [""Amazon 売れ筋ランキング 家電＆カメラ - 237,554位 ( 家電＆カメラの売れ筋ランキングを見る ) プリペイドSIMカード - 1,840位""], ""title"": [""【香港・マカオ eSIM】4G-LTE 高速データ使い放題 (低速なし)完全無制限 データ通信専用 (電話番号なし) | QR簡单設定 | 即日発行可能 | 緊急利用 Hong Kong Macau eSIM (4日間 高速完全無制限)""]}"
amazon_jp,mo,【アジア10ヵ国 eSIM】8日間 5GB高速データ｜シンガポール・タイ・マレーシア・インドネシア・フィリピン・カンボジア・ベトナム・ラオス・スリランカ・マカオ対応｜即日発行・すぐ使える｜24時間LINEサポート アジア sim (8日間｜5GB),1880,1,,,,,2444,8일,8일,180일,unknown,lte_4g_only,,,"{""ctm"": null, ""china_telecom_macau"": null, ""three_macau"": null}","{""skt"": null, ""kt"": null, ""lgu"": null}",5GB,https://www.amazon.co.jp/%E3%80%90%E3%82%A2%E3%82%B8%E3%82%A210%E3%83%B5%E5%9B%BD-eSIM%E3%80%918%E6%97%A5%E9%96%93-%E3%82%A2%E3%82%B8%E3%82%A2-8%E6%97%A5%E9%96%93%EF%BD%9C5GB/dp/B0FPQVD96R,B0FPQVD96R,B0FPQVD96R,Global Simcard,アーモンド　ＳＩｍ　ｃａｒｄのストアを表示,"{""price_jpy"": [""￥1,880""], ""usage_validity"": [""【アジア10ヵ国 eSIM】8日間 5GB高速データ｜シンガポール・タイ・マレーシア・インドネシア・フィリピン・カンボジア・ベトナム・ラオス・スリランカ・マカオ対応｜即日発行・すぐ使える｜24時間LINEサポート アジア sim (8日間｜5GB)""], ""activation_validity"": [""【有効期限】メール受信から180日以内にご利用ください。""], ""data_amount"": [""【データ容量】8日間で合計5GBまで利用可能。上限超過後は256kbpsの低速通信に切り替わります。本人確認不要、即日発行ですぐに利用可能です。""], ""network_type"": [""no_local_or_roaming_keyword_matched""], ""network_generation"": [""product_info_cellular_4g_lte: source:product_info_cellular: 携帯電話技術 LTE"", ""product_info_cellular_4g_lte: source:product_info_cellular: 携帯電話技術 LTE""], ""review_count"": [""detail_page: (1)""], ""bestseller_rank"": [""Amazon 売れ筋ランキング 家電＆カメラ - 341,523位 ( 家電＆カメラの売れ筋ランキングを見る ) プリペイドSIMカード - 2,444位""], ""title"": [""【アジア10ヵ国 eSIM】8日間 5GB高速データ｜シンガポール・タイ・マレーシア・インドネシア・フィリピン・カンボジア・ベトナム・ラオス・スリランカ・マカオ対応｜即日発行・すぐ使える｜24時間LINEサポート アジア sim (8日間｜5GB)""]}"
amazon_jp,mo,【香港・マカオ eSIM】5日間 2GB/毎日（四泊五日 コスパ重視） DeSiM正規卸 | LINE相談受付中 |データ通信専用（電話番号なし） | simフリー端末のみ対応 説明書付 イーシム,1670,2,,,,,1768,3일,3일,5일,local,unknown,,,"{""ctm"": null, ""china_telecom_macau"": null, ""three_macau"": null}","{""skt"": null, ""kt"": null, ""lgu"": null}",unlimited,https://www.amazon.co.jp/eSIM%E3%80%915%E6%97%A5%E9%96%93-2GB-LINE%E7%9B%B8%E8%AB%87%E5%8F%97%E4%BB%98%E4%B8%AD%EF%BD%9C%E5%BD%93%E6%97%A5%E7%99%BA%E8%A1%8C%E5%8F%AF%E8%83%BD-%E3%83%87%E3%83%BC%E3%82%BF%E9%80%9A%E4%BF%A1%E5%B0%82%E7%94%A8%EF%BC%88%E9%9B%BB%E8%A9%B1%E7%95%AA%E5%8F%B7%E3%81%AA%E3%81%97%EF%BC%89-sim%E3%83%95%E3%83%AA%E3%83%BC%E7%AB%AF%E6%9C%AB%E3%81%AE%E3%81%BF%E5%AF%BE%E5%BF%9C/dp/B0DG51T5W6,B0DG51T5W6,B0DG51T5W6,DeSiM,DeSiMのストアを表示,"{""price_jpy"": [""￥1,670""], ""usage_validity"": [""【SKTelecoｍ公式認証】 韓国eSIM 3日間 (72時間) 電話番号付き 超高速データ無制限 最初の5分発信無料(韓国国内) お急ぎの方即時発行可(LINE相談受付中) 有効期限／ご購入日より120日以内 現地空港サポート(SKTelecomローミングセンター) SKテレコム正規品 韓国SIMカードタイプではありません""], ""activation_validity"": [""【香港・マカオ eSIM】5日間 2GB/毎日（四泊五日 コスパ重視） DeSiM正規卸 | LINE相談受付中 |データ通信専用（電話番号なし） | simフリー端末のみ対応 説明書付 イーシム""], ""data_amount"": [""商品の説明 購入前の注意事項 【注意事項】 注意事項①：電話番号は付与されませんので、ご注意ください。 注意事項②：SIMロックフリー端末、もしくはSIMフリー端末専用のサービスです。必ず、ご利用端末がeSIM対応かどうかご確認ください。 注意事項③：2021年10月1日以前にSIMロック解除をキャリア店頭またはインターネットでされた「Android端末」は""], ""network_type"": [""商品の説明 購入前の注意事項 【注意事項】 注意事項①：電話番号は付与されませんので、ご注意ください。 注意事項②：SIMロックフリー端末、もしくはSIMフリー端末専用のサービスです。必ず、ご利用端末がeSIM対応かどうかご確認ください。 注意事項③：2021年10月1日以前にSIMロック解除をキャリア店頭またはインターネットでされた「Android端末」は"", ""【SKTelecoｍ公式認証】 韓国eSIM 3日間 (72時間) 電話番号付き 超高速データ無制限 最初の5分発信無料(韓国国内) お急ぎの方即時発行可(LINE相談受付中) 有効期限／ご購入日より120日以内 現地空港サポート(SKTelecomローミングセンター) SKテレコム正規品 韓国SIMカードタイプではありません"", ""score: local=9, roaming=1""], ""network_generation"": [""fallback_5g: source:image_alt: 【中国・香港・マカオ eSIM】5日間 5GB（四泊五日 コスパ重視） DeSiM正規卸 |LINE相談受付中 |データ通信専用（電話番号なし） simフリー端末のみ対応 説明書付 イーシム"", ""fallback_only_network_generation_signal""], ""review_count"": [""detail_page: (2)""], ""bestseller_rank"": [""Amazon 売れ筋ランキング 家電＆カメラ - 221,638位 ( 家電＆カメラの売れ筋ランキングを見る ) プリペイドSIMカード - 1,768位""], ""title"": [""【香港・マカオ eSIM】5日間 2GB/毎日（四泊五日 コスパ重視） DeSiM正規卸 | LINE相談受付中 |データ通信専用（電話番号なし） | simフリー端末のみ対応 説明書付 イーシム""]}"
amazon_jp,mo,［中国・マカオ eSIM］4日間無制限高速データ通信（低速制限なし）｜5G/4G対応｜当日中にQRコードをメール送信｜中国国内でもネット制限なし｜VPN不要でLINE、YouTube、Googleなどのアプリが利用可能｜簡単に設定できるQRコード＆マニュアル付き。 (4日間無制限),1580,,,,,,130,4일,4일,90일,unknown,5g_capable,,,"{""ctm"": null, ""china_telecom_macau"": null, ""three_macau"": null}","{""skt"": null, ""kt"": null, ""lgu"": null}",unlimited,https://www.amazon.co.jp/Billion-Connect-4%E6%97%A5%E9%96%93%E7%84%A1%E5%88%B6%E9%99%90-eSIM%EF%BC%BD4%E6%97%A5%E9%96%93%E7%84%A1%E5%88%B6%E9%99%90%E9%AB%98%E9%80%9F%E3%83%87%E3%83%BC%E3%82%BF%E9%80%9A%E4%BF%A1%EF%BC%88%E4%BD%8E%E9%80%9F%E5%88%B6%E9%99%90%E3%81%AA%E3%81%97%EF%BC%89%EF%BD%9C5G/dp/B0FB3S8NWP,B0FB3S8NWP,B0FB3S8NWP,トリリオン・コネクト,Billion Connectのストアを表示,"{""price_jpy"": [""￥1,580""], ""usage_validity"": [""［中国・マカオ eSIM］4日間無制限高速データ通信（低速制限なし）｜5G/4G対応｜当日中にQRコードをメール送信｜中国国内でもネット制限なし｜VPN不要でLINE、YouTube、Googleなどのアプリが利用可能｜簡単に設定できるQRコード＆マニュアル付き。 (4日間無制限)""], ""activation_validity"": [""【eSIMの有効期限】 受け取り後90日以内にアクティベートしてください。有効期限の前日までにアクティベートされていない場合、eSIMは無効となりご利用いただけません。""], ""data_amount"": [""【4日間無制限高速データ – 5G/4G対応】 中国・マカオ eSIMは、完全無制限の高速データ通信を提供！データ残量を気にせず、動画視聴・ゲーム・SNS・ライブ配信をいつでもどこでも思い切り楽しめます！""], ""network_type"": [""no_local_or_roaming_keyword_matched""], ""network_generation"": [""product_info_cellular_5g: source:product_info_cellular: 携帯電話技術 5G"", ""product_info_cellular_5g: source:product_info_cellular: 携帯電話技術 5G""], ""bestseller_rank"": [""Amazon 売れ筋ランキング 家電＆カメラ - 371,163位 ( 家電＆カメラの売れ筋ランキングを見る ) 定期契約SIMカード - 130位""], ""title"": [""［中国・マカオ eSIM］4日間無制限高速データ通信（低速制限なし）｜5G/4G対応｜当日中にQRコードをメール送信｜中国国内でもネット制限なし｜VPN不要でLINE、YouTube、Googleなどのアプリが利用可能｜簡単に設定できるQRコード＆マニュアル付き。 (4日間無制限)""]}"
amazon_jp,mo,インドネシア バリ島 Esim プリペイドSIM 東南アジア eSIMプラン 高速データ通信 当日発行可能 Indonesia Bali island esim (7日間高速データ),1360,103,,,,,76,7일,7일,30일,unknown,lte_4g_only,,,"{""ctm"": null, ""china_telecom_macau"": null, ""three_macau"": null}","{""skt"": null, ""kt"": null, ""lgu"": null}",unlimited,https://www.amazon.co.jp/%E3%83%97%E3%83%AA%E3%83%9A%E3%82%A4%E3%83%89SIM-eSIM%E3%83%97%E3%83%A9%E3%83%B3-%E9%AB%98%E9%80%9F%E3%83%87%E3%83%BC%E3%82%BF%E9%80%9A%E4%BF%A1-Indonesia-7%E6%97%A5%E9%96%93%E9%AB%98%E9%80%9F%E3%83%87%E3%83%BC%E3%82%BF/dp/B0D6R3ZMV8,B0D6R3ZMV8,B0D6R3ZMV8,株式会社ビッグコネクト,bigconnectのストアを表示,"{""price_jpy"": [""￥1,360""], ""usage_validity"": [""インドネシア バリ島 Esim プリペイドSIM 東南アジア eSIMプラン 高速データ通信 当日発行可能 Indonesia Bali island esim (7日間高速データ)""], ""activation_validity"": [""●【SimCardの有効期限】メールで納品した30日以内にご利用始めてください。該当の商品はEsimcardになります、物理SIMカードを装着するのではなく、スマートフォンやタブレット等の端末内にあらかじめ埋め込まれたチップに、インターネット経由でデータプランを書き込むことができます。物理のSIMが入っていません。""], ""data_amount"": [""●【特徴1】データ通信専用Esimになります。※データ容量無制限。ただしデータ一日使用量が1GBに達すると最大通信速度が128kbpsに低下します。翌日の現地時間0時自動的にスピード制限を解除します。※現地時間の00:00-23：59区切りで、カウントされます。128kbpsはビデオ通話、Youtubeなどの動画閲覧がほぼできないですが、Google Map""], ""network_type"": [""local_signal: 【ヨーロッパSIMカード】15日間 高速データ通信 6GB 電話番号付き(日本含む国際電話30分無料) SMS 30件 有効期限：ご購入日から120日 ヨーロッパSIM"", ""roaming_signal: インドネシア旅行SIMカード - 5G/4G LTE高速データ - プリペイド＆ローミング禁止 - 5日間1GB - 観光客やビジネス旅行者のための簡単な有効化"", ""insufficient_or_conflicting_signals(local=9, roaming=3)""], ""network_generation"": [""product_info_cellular_4g_lte: source:product_info_cellular: 携帯電話技術 LTE"", ""product_info_cellular_4g_lte: source:product_info_cellular: 携帯電話技術 LTE""], ""review_count"": [""detail_page: (103)""], ""bestseller_rank"": [""Amazon 売れ筋ランキング 家電＆カメラ - 7,102位 ( 家電＆カメラの売れ筋ランキングを見る ) プリペイドSIMカード - 76位""], ""title"": [""インドネシア バリ島 Esim プリペイドSIM 東南アジア eSIMプラン 高速データ通信 当日発行可能 Indonesia Bali island esim (7日間高速データ)""]}"
amazon_jp,mo,【Almond eSIM】シンガポール マレーシア 東南アジア eSIM｜10日間高速データ｜当日発行・即時利用可 物理SIM不要｜出発前の接続テスト用 日本国内500MB eSIM付｜24時間多言語サポート Singapore Malaysia esim (10日間高速データ),1780,77,,,,,87,10일,10일,30일,local,lte_4g_only,,,"{""ctm"": null, ""china_telecom_macau"": null, ""three_macau"": null}","{""skt"": null, ""kt"": null, ""lgu"": null}",unlimited,https://www.amazon.co.jp/%E3%83%97%E3%83%AA%E3%83%9A%E3%82%A4%E3%83%89SIM-eSIM%E3%83%97%E3%83%A9%E3%83%B3-Singapore-Malaysia-10%E6%97%A5%E9%96%93%E9%AB%98%E9%80%9F%E3%83%87%E3%83%BC%E3%82%BF/dp/B0CG11PKDJ,B0CG11PKDJ,B0CG11PKDJ,株式会社ビッグコネクト,bigconnectのストアを表示,"{""price_jpy"": [""￥1,780""], ""usage_validity"": [""【Almond eSIM】シンガポール マレーシア 東南アジア eSIM｜10日間高速データ｜当日発行・即時利用可 物理SIM不要｜出発前の接続テスト用 日本国内500MB eSIM付｜24時間多言語サポート Singapore Malaysia esim (10日間高速データ)""], ""activation_validity"": [""●【SimCardの有効期限】メールで納品した30日以内にご利用始めてください。該当の商品はEsimcardになります、物理SIMカードを装着するのではなく、スマートフォンやタブレット等の端末内にあらかじめ埋め込まれたチップに、インターネット経由でデータプランを書き込むことができます。物理のSIMが入っていません。""], ""data_amount"": [""●【特徴1】データ通信専用Esimになります。※データ容量無制限。ただしデータ一日使用量が1GBに達すると最大通信速度が128kbpsに低下します。翌日の現地時間0時自動的にスピード制限を解除します。※現地時間の00:00-23：59区切りで、カウントされます。128kbpsはビデオ通話、Youtubeなどの動画閲覧がほぼできないですが、Google Map""], ""network_type"": [""【チョコSIM 定額（Sプラン）】【中国の電話番号付きでアプリや施設サービスのSMS認証が可能】【データ容量】合計500MB/月【音声】合計20分間/月 データ/音声/SMS付きSIMカード 中国SIM マカオSIM China unicom ※こちらのSIMカードは契約後、毎月の基本料が発生いたします。※2024年11月1日から台湾でのご利用はできなくなり"", ""【SKTelecoｍ公式認証】 韓国eSIM 3日間 (72時間) 電話番号付き 超高速データ無制限 最初の5分発信無料(韓国国内) お急ぎの方即時発行可(LINE相談受付中) 有効期限／ご購入日より120日以内 現地空港サポート(SKTelecomローミングセンター) SKテレコム正規品 韓国SIMカードタイプではありません"", ""score: local=6, roaming=1""], ""network_generation"": [""product_info_cellular_4g_lte: source:product_info_cellular: 携帯電話技術 LTE"", ""product_info_cellular_4g_lte: source:product_info_cellular: 携帯電話技術 LTE""], ""review_count"": [""detail_page: (77)""], ""bestseller_rank"": [""Amazon 売れ筋ランキング 家電＆カメラ - 7,920位 ( 家電＆カメラの売れ筋ランキングを見る ) プリペイドSIMカード - 87位""], ""title"": [""【Almond eSIM】シンガポール マレーシア 東南アジア eSIM｜10日間高速データ｜当日発行・即時利用可 物理SIM不要｜出発前の接続テスト用 日本国内500MB eSIM付｜24時間多言語サポート Singapore Malaysia esim (10日間高速データ)""]}"
amazon_jp,mo,【Almond esim】東南アジア Southeast Asia esim シンガポール マレーシア タイ ベトナム インドネシア プリペイドSIM ESIMプラン 高速データ通信 当日発行可能 Singapore Malaysia Thailand Vietnam Indonesia ESIM (7日間高速データ),1380,98,,,,,153,7일,7일,30일,local,lte_4g_only,,,"{""ctm"": null, ""china_telecom_macau"": null, ""three_macau"": null}","{""skt"": null, ""kt"": null, ""lgu"": null}",unlimited,https://www.amazon.co.jp/Southeast-%E3%83%97%E3%83%AA%E3%83%9A%E3%82%A4%E3%83%89SIM-Singapore-Indonesia-7%E6%97%A5%E9%96%93%E9%AB%98%E9%80%9F%E3%83%87%E3%83%BC%E3%82%BF/dp/B0CG15P7H5,B0CG15P7H5,B0CG15P7H5,株式会社ビッグコネクト,bigconnectのストアを表示,"{""price_jpy"": [""￥1,380""], ""usage_validity"": [""【Almond esim】東南アジア Southeast Asia esim シンガポール マレーシア タイ ベトナム インドネシア プリペイドSIM ESIMプラン 高速データ通信 当日発行可能 Singapore Malaysia Thailand Vietnam Indonesia ESIM (7日間高速データ)""], ""activation_validity"": [""●【SimCardの有効期限】メールで納品した30日以内にご利用始めてください。該当の商品はEsimcardになります、物理SIMカードを装着するのではなく、スマートフォンやタブレット等の端末内にあらかじめ埋め込まれたチップに、インターネット経由でデータプランを書き込むことができます。物理のSIMが入っていません。""], ""data_amount"": [""●【特徴1】データ通信専用Esimになります。※データ容量無制限。ただしデータ一日使用量が1GBに達すると最大通信速度が128kbpsに低下します。翌日の現地時間0時自動的にスピード制限を解除します。※現地時間の00:00-23：59区切りで、カウントされます。128kbpsはビデオ通話、Youtubeなどの動画閲覧がほぼできないですが、Google Map""], ""network_type"": [""【チョコSIM 定額（Sプラン）】【中国の電話番号付きでアプリや施設サービスのSMS認証が可能】【データ容量】合計500MB/月【音声】合計20分間/月 データ/音声/SMS付きSIMカード 中国SIM マカオSIM China unicom ※こちらのSIMカードは契約後、毎月の基本料が発生いたします。※2024年11月1日から台湾でのご利用はできなくなり"", ""【SKTelecoｍ公式認証】 韓国eSIM 3日間 (72時間) 電話番号付き 超高速データ無制限 最初の5分発信無料(韓国国内) お急ぎの方即時発行可(LINE相談受付中) 有効期限／ご購入日より120日以内 現地空港サポート(SKTelecomローミングセンター) SKテレコム正規品 韓国SIMカードタイプではありません"", ""score: local=6, roaming=0""], ""network_generation"": [""product_info_cellular_4g_lte: source:product_info_cellular: 携帯電話技術 LTE"", ""product_info_cellular_4g_lte: source:product_info_cellular: 携帯電話技術 LTE""], ""review_count"": [""detail_page: (98)""], ""bestseller_rank"": [""Amazon 売れ筋ランキング 家電＆カメラ - 11,389位 ( 家電＆カメラの売れ筋ランキングを見る ) プリペイドSIMカード - 153位""], ""title"": [""【Almond esim】東南アジア Southeast Asia esim シンガポール マレーシア タイ ベトナム インドネシア プリペイドSIM ESIMプラン 高速データ通信 当日発行可能 Singapore Malaysia Thailand Vietnam Indonesia ESIM (7日間高速データ)""]}"
amazon_jp,mo,［中国・マカオ eSIM］3日間無制限高速データ通信（低速制限なし）｜5G/4G対応｜当日中にQRコードをメール送信｜中国国内でもネット制限なし｜VPN不要でLINE、YouTube、Googleなどのアプリが利用可能｜簡単に設定できるQRコード＆マニュアル付き。 (3日間無制限),1380,5,,,,,135,3일,3일,90일,local,5g_capable,,,"{""ctm"": null, ""china_telecom_macau"": null, ""three_macau"": null}","{""skt"": null, ""kt"": null, ""lgu"": null}",unlimited,https://www.amazon.co.jp/Billion-Connect-3%E6%97%A5%E9%96%93%E7%84%A1%E5%88%B6%E9%99%90-eSIM%EF%BC%BD3%E6%97%A5%E9%96%93%E7%84%A1%E5%88%B6%E9%99%90%E9%AB%98%E9%80%9F%E3%83%87%E3%83%BC%E3%82%BF%E9%80%9A%E4%BF%A1%EF%BC%88%E4%BD%8E%E9%80%9F%E5%88%B6%E9%99%90%E3%81%AA%E3%81%97%EF%BC%89%EF%BD%9C5G/dp/B0FB3T951J,B0FB3T951J,B0FB3T951J,トリリオン・コネクト,Billion Connectのストアを表示,"{""price_jpy"": [""￥1,380""], ""usage_validity"": [""［中国・マカオ eSIM］3日間無制限高速データ通信（低速制限なし）｜5G/4G対応｜当日中にQRコードをメール送信｜中国国内でもネット制限なし｜VPN不要でLINE、YouTube、Googleなどのアプリが利用可能｜簡単に設定できるQRコード＆マニュアル付き。 (3日間無制限)""], ""activation_validity"": [""商品の説明 ご購入前に必ずご確認ください！ 注1：ご購入後、商品画像に記載のURLにアクセスし（商品説明の「5点情報」からコピー可能）、必要情報をご入力ください。説明書およびeSIMのQRコードはご登録のメールアドレスに送信されます。 注2：本サービスは、SIMロックが解除された端末、またはSIMカード非搭載の端末でのみご利用いただけます。ご購入前にお使いの""], ""data_amount"": [""【3日間無制限高速データ – 5G/4G対応】 中国・香港・マカオ eSIMは、完全無制限の高速データ通信を提供！データ残量を気にせず、動画視聴・ゲーム・SNS・ライブ配信をいつでもどこでも思い切り楽しめます！""], ""network_type"": [""【チョコSIM 定額（Sプラン）】【中国の電話番号付きでアプリや施設サービスのSMS認証が可能】【データ容量】合計500MB/月【音声】合計20分間/月 データ/音声/SMS付きSIMカード 中国SIM マカオSIM China unicom ※こちらのSIMカードは契約後、毎月の基本料が発生いたします。※2024年11月1日から台湾でのご利用はできなくなり"", ""【SKTelecoｍ公式認証】 韓国eSIM 3日間 (72時間) 電話番号付き 超高速データ無制限 最初の5分発信無料(韓国国内) お急ぎの方即時発行可(LINE相談受付中) 有効期限／ご購入日より120日以内 現地空港サポート(SKTelecomローミングセンター) SKテレコム正規品 韓国SIMカードタイプではありません"", ""score: local=6, roaming=1""], ""network_generation"": [""product_info_cellular_5g: source:product_info_cellular: 携帯電話技術 5G"", ""product_info_cellular_5g: source:product_info_cellular: 携帯電話技術 5G""], ""review_count"": [""detail_page: 商品の説明 ご購入前に必ずご確認ください！ 注1：ご購入後、商品画像に記載のURLにアクセスし（商品説明の「5点情報」からコピー可能）、必要情報をご入力ください。説明書およびeSIMのQRコードはご登録のメールアドレスに送信されます。 注2：本サービスは、SIMロックが解除された端末、またはSIMカード非搭載の端末でのみご利用いただけます。ご購入前にお使いの""], ""bestseller_rank"": [""Amazon 売れ筋ランキング 家電＆カメラ - 391,973位 ( 家電＆カメラの売れ筋ランキングを見る ) 定期契約SIMカード - 135位""], ""title"": [""［中国・マカオ eSIM］3日間無制限高速データ通信（低速制限なし）｜5G/4G対応｜当日中にQRコードをメール送信｜中国国内でもネット制限なし｜VPN不要でLINE、YouTube、Googleなどのアプリが利用可能｜簡単に設定できるQRコード＆マニュアル付き。 (3日間無制限)""]}"
amazon_jp,mo,アジア太平洋11カ国 シンガポール・タイ・ベトナム・マレーシア eSIM 10日間 データ使い放題 10GBまで高速 Jet Sim 無制限 10日 ジェットシム,1880,15,,,,,291,10일,10일,30일,unknown,5g_capable,,,"{""ctm"": null, ""china_telecom_macau"": null, ""three_macau"": null}","{""skt"": null, ""kt"": null, ""lgu"": null}",1GB/day,https://www.amazon.co.jp/%E3%82%A2%E3%82%B8%E3%82%A2%E5%A4%AA%E5%B9%B3%E6%B4%8B11%E3%82%AB%E5%9B%BD-%E3%82%B7%E3%83%B3%E3%82%AC%E3%83%9D%E3%83%BC%E3%83%AB%E3%83%BB%E3%82%BF%E3%82%A4%E3%83%BB%E3%83%99%E3%83%88%E3%83%8A%E3%83%A0%E3%83%BB%E3%83%9E%E3%83%AC%E3%83%BC%E3%82%B7%E3%82%A2-10%E6%97%A5%E9%96%93-%E3%83%87%E3%83%BC%E3%82%BF%E4%BD%BF%E3%81%84%E6%94%BE%E9%A1%8C-10GB%E3%81%BE%E3%81%A7%E9%AB%98%E9%80%9F/dp/B0FWWJG5JM,B0FWWJG5JM,B0FWWJG5JM,ジェスロモバイル,JETSIMのストアを表示,"{""price_jpy"": [""￥1,880""], ""usage_validity"": [""アジア太平洋11カ国 シンガポール・タイ・ベトナム・マレーシア eSIM 10日間 データ使い放題 10GBまで高速 Jet Sim 無制限 10日 ジェットシム""], ""activation_validity"": [""商品の説明 購入後すぐにeSIMを使えますか？ はい、すぐにご利用いただけます。スムーズにご利用いただくために、申請フォームのご提出をお願いいたします。 eSIMのアクティベーションは必要ですか？ アクティベーションは不要です。eSIMをスマートフォンに追加すれば、現地に到着次第、自動的に接続されます！ 複数の国で利用できるプランは国をまたいで移動する際も、""], ""data_amount"": [""【データ無制限】 アジア太平洋11カ国 シンガポール・タイ・ベトナム・マレーシア等で10日間、5G/4G-LTE高速データ10GB。その後もデータ通信の利用が可能。テザリング対応。高速データ1日1GBまで。""], ""network_type"": [""no_local_or_roaming_keyword_matched""], ""network_generation"": [""product_info_cellular_5g: source:product_info_cellular: 携帯電話技術 LTE, 5G"", ""product_info_cellular_5g: source:product_info_cellular: 携帯電話技術 LTE, 5G"", ""product_info_cellular_4g_lte_signal_present_but_5g_capable_takes_precedence""], ""review_count"": [""detail_page: (15)""], ""bestseller_rank"": [""Amazon 売れ筋ランキング 家電＆カメラ - 24,048位 ( 家電＆カメラの売れ筋ランキングを見る ) プリペイドSIMカード - 291位""], ""title"": [""アジア太平洋11カ国 シンガポール・タイ・ベトナム・マレーシア eSIM 10日間 データ使い放題 10GBまで高速 Jet Sim 無制限 10日 ジェットシム""]}"
amazon_jp,mo,[ 中国/香港/マカオ eSIM ] オンライン最短即日発行（メール受取）｜選べる容量・日数｜即利用OK｜安心24時間日本語サポート｜低速無制限付き (7days_10GB),2040,111,,,,,1319,3일,3일,90일,roaming,5g_capable,,,"{""ctm"": null, ""china_telecom_macau"": null, ""three_macau"": null}","{""skt"": null, ""kt"": null, ""lgu"": null}",unlimited,https://www.amazon.co.jp/%E4%B8%AD%E5%9B%BD-%E3%83%9E%E3%82%AB%E3%82%AA-eSIM-%E3%82%AA%E3%83%B3%E3%83%A9%E3%82%A4%E3%83%B3%E6%9C%80%E7%9F%AD%E5%8D%B3%E6%97%A5%E7%99%BA%E8%A1%8C%EF%BC%88%E3%83%A1%E3%83%BC%E3%83%AB%E5%8F%97%E5%8F%96%EF%BC%89%EF%BD%9C%E9%81%B8%E3%81%B9%E3%82%8B%E5%AE%B9%E9%87%8F%E3%83%BB%E6%97%A5%E6%95%B0%EF%BD%9C%E5%8D%B3%E5%88%A9%E7%94%A8OK%EF%BD%9C%E5%AE%89%E5%BF%8324%E6%99%82%E9%96%93%E6%97%A5%E6%9C%AC%E8%AA%9E%E3%82%B5%E3%83%9D%E3%83%BC%E3%83%88%EF%BD%9C%E4%BD%8E%E9%80%9F%E7%84%A1%E5%88%B6%E9%99%90%E4%BB%98%E3%81%8D-7days_10GB/dp/B0GKYKSY7N,B0GKYKSY7N,B0GKYKSY7N,イン・プラス株式会社,PREPAID DATA SIMのストアを表示,"{""price_jpy"": [""￥2,040""], ""usage_validity"": [""【DeSiM】中国・香港・マカオ3日間無制限+eSIMテストサービス付き【セット】完全予約制 | 海外旅行出国前事前テストeSIMサービス - DeSiM - 渡航前の不安を解消！ | Wi-Fi使用が面倒、ローミング料金が高い、SIMやeSIMの設定が不安な方に V4""], ""activation_validity"": [""引換コードに有効期限はありません。eSIM発行後は90日以内に利用開始してください。""], ""data_amount"": [""JAPAN & GLOBAL eSIM とは 契約・手続き不要でご利用いただける、データ通信専用のeSIMサービスです。 ・契約不要／簡単設定／最短当日配信 ・高速通信＆データを使い切っても低速無制限付きで安心 ・グローバルローミング対応（対応国・地域内） ・24時間日本語サポート／4G・5G対応（対応エリア内） 本商品はデータ通信専用eSIMのため、 音声""], ""network_type"": [""JAPAN & GLOBAL eSIM とは 契約・手続き不要でご利用いただける、データ通信専用のeSIMサービスです。 ・契約不要／簡単設定／最短当日配信 ・高速通信＆データを使い切っても低速無制限付きで安心 ・グローバルローミング対応（対応国・地域内） ・24時間日本語サポート／4G・5G対応（対応エリア内） 本商品はデータ通信専用eSIMのため、 音声"", ""サービスプロバイダ グローバルローミングサービス"", ""score: local=0, roaming=7""], ""network_generation"": [""product_info_cellular_5g: source:product_info_cellular: 携帯電話技術 4g/5g"", ""product_info_cellular_5g: source:product_info_cellular: 携帯電話技術 4g/5g"", ""product_info_cellular_4g_lte_signal_present_but_5g_capable_takes_precedence""], ""review_count"": [""detail_page: 111""], ""bestseller_rank"": [""Amazon 売れ筋ランキング 家電＆カメラ - 159,730位 ( 家電＆カメラの売れ筋ランキングを見る ) プリペイドSIMカード - 1,319位""], ""title"": [""[ 中国/香港/マカオ eSIM ] オンライン最短即日発行（メール受取）｜選べる容量・日数｜即利用OK｜安心24時間日本語サポート｜低速無制限付き (7days_10GB)""]}"
amazon_jp,mo,【中国・香港・マカオeSIM】30日間完全無制限（二十九泊三十日 使い放題） DeSiM正規卸 | LINE相談受付中｜データ通信専用（電話番号なし） | simフリー端末のみ対応 説明書付 イーシム,19120,1,,,,,2968,7일,7일,30일,local,unknown,,,"{""ctm"": null, ""china_telecom_macau"": null, ""three_macau"": null}","{""skt"": null, ""kt"": null, ""lgu"": null}",unlimited,https://www.amazon.co.jp/%E3%80%90%E4%B8%AD%E5%9B%BD%E3%83%BB%E9%A6%99%E6%B8%AF%E3%83%BB%E3%83%9E%E3%82%AB%E3%82%AAeSIM%E3%80%9130%E6%97%A5%E9%96%93%E5%AE%8C%E5%85%A8%E7%84%A1%E5%88%B6%E9%99%90%EF%BC%88%E4%BA%8C%E5%8D%81%E4%B9%9D%E6%B3%8A%E4%B8%89%E5%8D%81%E6%97%A5-%E4%BD%BF%E3%81%84%E6%94%BE%E9%A1%8C%EF%BC%89-DeSiM%E6%AD%A3%E8%A6%8F%E5%8D%B8-LINE%E7%9B%B8%E8%AB%87%E5%8F%97%E4%BB%98%E4%B8%AD%EF%BD%9C%E3%83%87%E3%83%BC%E3%82%BF%E9%80%9A%E4%BF%A1%E5%B0%82%E7%94%A8%EF%BC%88%E9%9B%BB%E8%A9%B1%E7%95%AA%E5%8F%B7%E3%81%AA%E3%81%97%EF%BC%89-sim%E3%83%95%E3%83%AA%E3%83%BC%E7%AB%AF%E6%9C%AB%E3%81%AE%E3%81%BF%E5%AF%BE%E5%BF%9C/dp/B0DL4SS2DT,B0DL4SS2DT,B0DL4SS2DT,DeSiM,DeSiMのストアを表示,"{""price_jpy"": [""￥19,120""], ""usage_validity"": [""商品の説明 購入前の注意事項 【注意事項】 注意事項①：本商品はデータ通信専用です（通話はご利用いただけません）。ご注意ください。 注意事項②：SIMロックフリー端末、もしくはSIMフリー端末専用のサービスです。必ず、ご利用端末がeSIM対応かどうかご確認ください。 注意事項③：2021年10月1日以前にSIMロック解除をキャリア店頭またはインターネットでさ""], ""activation_validity"": [""【中国・香港・マカオeSIM】30日間完全無制限（二十九泊三十日 使い放題） DeSiM正規卸 | LINE相談受付中｜データ通信専用（電話番号なし） | simフリー端末のみ対応 説明書付 イーシム""], ""data_amount"": [""商品の説明 購入前の注意事項 【注意事項】 注意事項①：本商品はデータ通信専用です（通話はご利用いただけません）。ご注意ください。 注意事項②：SIMロックフリー端末、もしくはSIMフリー端末専用のサービスです。必ず、ご利用端末がeSIM対応かどうかご確認ください。 注意事項③：2021年10月1日以前にSIMロック解除をキャリア店頭またはインターネットでさ""], ""network_type"": [""商品の説明 購入前の注意事項 【注意事項】 注意事項①：本商品はデータ通信専用です（通話はご利用いただけません）。ご注意ください。 注意事項②：SIMロックフリー端末、もしくはSIMフリー端末専用のサービスです。必ず、ご利用端末がeSIM対応かどうかご確認ください。 注意事項③：2021年10月1日以前にSIMロック解除をキャリア店頭またはインターネットでさ"", ""score: local=3, roaming=1""], ""network_generation"": [""fallback_5g: source:image_alt: 【中国・香港・マカオ eSIM】5日間 5GB（四泊五日 コスパ重視） DeSiM正規卸 |LINE相談受付中 |データ通信専用（電話番号なし） simフリー端末のみ対応 説明書付 イーシム"", ""fallback_4g_lte: source:image_alt: 香港 マカオ ESIMプラン 4日間 完全無制限 4G-LTE 高速データ 使い放題 当日発行可能 出発前日本テスト用eSIM500MB 香港 マカオ プリペイドSIM 香港 esim 香港 マカオsim (4日間完全無制限)"", ""fallback_only_network_generation_signal""], ""review_count"": [""detail_page: (1)""], ""bestseller_rank"": [""Amazon 売れ筋ランキング 家電＆カメラ - 456,126位 ( 家電＆カメラの売れ筋ランキングを見る ) プリペイドSIMカード - 2,968位""], ""title"": [""【中国・香港・マカオeSIM】30日間完全無制限（二十九泊三十日 使い放題） DeSiM正規卸 | LINE相談受付中｜データ通信専用（電話番号なし） | simフリー端末のみ対応 説明書付 イーシム""]}"
amazon_jp,mo,香港 マカオ eSIM | 4日間 完全無制限 | 高速データ使い放題 | データ通信専用（電話番号なし）| 即日発行可能 LINEで年中無休24時間サポート 香港sim マカオsim (eSIM | 4日間),1680,2,,,,,3190,4일,4일,30일,unknown,lte_4g_only,,,"{""ctm"": null, ""china_telecom_macau"": null, ""three_macau"": null}","{""skt"": null, ""kt"": null, ""lgu"": null}",unlimited,https://www.amazon.co.jp/eSIM-4%E6%97%A5%E9%96%93-%E9%AB%98%E9%80%9F%E3%83%87%E3%83%BC%E3%82%BF%E4%BD%BF%E3%81%84%E6%94%BE%E9%A1%8C-%E3%83%87%E3%83%BC%E3%82%BF%E9%80%9A%E4%BF%A1%E5%B0%82%E7%94%A8%EF%BC%88%E9%9B%BB%E8%A9%B1%E7%95%AA%E5%8F%B7%E3%81%AA%E3%81%97%EF%BC%89-LINE%E3%81%A7%E5%B9%B4%E4%B8%AD%E7%84%A1%E4%BC%9124%E6%99%82%E9%96%93%E3%82%B5%E3%83%9D%E3%83%BC%E3%83%88/dp/B0DTY8T5JJ,B0DTY8T5JJ,B0DTY8T5JJ,Global Simcard,アーモンド　ＳＩｍ　ｃａｒｄのストアを表示,"{""price_jpy"": [""￥1,680""], ""usage_validity"": [""香港 マカオ eSIM | 4日間 完全無制限 | 高速データ使い放題 | データ通信専用（電話番号なし）| 即日発行可能 LINEで年中無休24時間サポート 香港sim マカオsim (eSIM | 4日間)""], ""activation_validity"": [""【有効期限】メールで納品後、30日以内にご利用ください。""], ""data_amount"": [""【高速データ通信】完全無制限、低速度なし！！""], ""network_type"": [""no_local_or_roaming_keyword_matched""], ""network_generation"": [""product_info_cellular_4g_lte: source:product_info_cellular: 携帯電話技術 4G-LTE"", ""product_info_cellular_4g_lte: source:product_info_cellular: 携帯電話技術 4G-LTE""], ""review_count"": [""detail_page: (2)""], ""bestseller_rank"": [""Amazon 売れ筋ランキング 家電＆カメラ - 509,315位 ( 家電＆カメラの売れ筋ランキングを見る ) プリペイドSIMカード - 3,190位""], ""title"": [""香港 マカオ eSIM | 4日間 完全無制限 | 高速データ使い放題 | データ通信専用（電話番号なし）| 即日発行可能 LINEで年中無休24時間サポート 香港sim マカオsim (eSIM | 4日間)""]}"
amazon_jp,mo,【東南アジア 香港 マカオ eSIM】4日間 低速データ通信無制限 高速データ通信1GB/日 実名登録不要 QR簡単設定 メール登録で納品 即日発行対応 急ぎの方LINEサポートあり シンガポールesim マレーシアesim タイesim インドネシアesim ベトナムsim 香港sim マカオsim 中国sim マグロeSIM,1980,2,,,,,3884,4일,4일,180일,roaming,unknown,,,"{""ctm"": null, ""china_telecom_macau"": null, ""three_macau"": null}","{""skt"": null, ""kt"": null, ""lgu"": null}",unlimited,https://www.amazon.co.jp/%E4%BD%8E%E9%80%9F%E3%83%87%E3%83%BC%E3%82%BF%E9%80%9A%E4%BF%A1%E7%84%A1%E5%88%B6%E9%99%90-%E9%AB%98%E9%80%9F%E3%83%87%E3%83%BC%E3%82%BF%E9%80%9A%E4%BF%A11GB-%E6%80%A5%E3%81%8E%E3%81%AE%E6%96%B9LINE%E3%82%B5%E3%83%9D%E3%83%BC%E3%83%88%E3%81%82%E3%82%8A-%E3%82%B7%E3%83%B3%E3%82%AC%E3%83%9D%E3%83%BC%E3%83%ABesim-%E3%83%9E%E3%82%B0%E3%83%ADeSIM/dp/B0F5PQLDR2,B0F5PQLDR2,B0F5PQLDR2,マグロeSIM,マグロeSIMのストアを表示,"{""price_jpy"": [""￥1,980""], ""usage_validity"": [""【東南アジア 香港 マカオ eSIM】4日間 低速データ通信無制限 高速データ通信1GB/日 実名登録不要 QR簡単設定 メール登録で納品 即日発行対応 急ぎの方LINEサポートあり シンガポールesim マレーシアesim タイesim インドネシアesim ベトナムsim 香港sim マカオsim 中国sim マグロeSIM""], ""activation_validity"": [""【注意事項①】有効期限：eSIM QRコードを受け取ってから180日間です（有効期間内にご利用ください）。eSIMの使用期間は、現地の回線に接続した時点からプランの最終日の23時59分までです。""], ""data_amount"": [""【データ容量】データ容量は無制限ですが、1日以内にデータ通信量が1GBを超えると、通信速度が128Kbpsに制限され、翌日の現地時間0時に自動的にスピード制限が解除されます。※地点によっては信号が届かない場合がありますのでご了承ください。""], ""network_type"": [""商品の説明 購入前にご注意！ 注意事項①：ご購入後、商品画像に記載されたURLにアクセスし必要事項を入力→メールアドレスにPDFの説明書とeSIMのQRコードが届きます！ 注意事項②：SIMロックフリー端末、もしくはSIMフリー端末専用のサービスです。必ず、ご利用端末がeSIM対応かどうかご確認ください。 注意事項③：eSIM対応端末のみ利用可能。※通信キャ"", ""score: local=0, roaming=3""], ""network_generation"": [""fallback_5g: source:image_alt: 【世界eSIM】日本1GB + グローバル100MB 360日間 物理eSIMカード ｜200以上の国と地域対応 e-sim 中国 韓国 アメリカ ヨーロッパ 海外 シムカード プリペイドsim カード 5G/4G LTE 高速データ通信専用 プロファイル管理可能 海外旅行・出張に最適 – Androidスマートフォンをe"", ""fallback_4g_lte: source:image_alt: 【世界eSIM】日本1GB + グローバル100MB 360日間 物理eSIMカード ｜200以上の国と地域対応 e-sim 中国 韓国 アメリカ ヨーロッパ 海外 シムカード プリペイドsim カード 5G/4G LTE 高速データ通信専用 プロファイル管理可能 海外旅行・出張に最適 – Androidスマートフォンをe"", ""fallback_only_network_generation_signal""], ""review_count"": [""detail_page: (2)""], ""bestseller_rank"": [""Amazon 売れ筋ランキング 家電＆カメラ - 821,189位 ( 家電＆カメラの売れ筋ランキングを見る ) プリペイドSIMカード - 3,884位""], ""title"": [""【東南アジア 香港 マカオ eSIM】4日間 低速データ通信無制限 高速データ通信1GB/日 実名登録不要 QR簡単設定 メール登録で納品 即日発行対応 急ぎの方LINEサポートあり シンガポールesim マレーシアesim タイesim インドネシアesim ベトナムsim 香港sim マカオsim 中国sim マグロeSIM""]}"
amazon_jp,mo,中国・香港・マカオ eSIM 10日間 高速データ無制限 データ通信専用 電話番号なし 当日利用可能 お急ぎのご相談は（LINEで受付中です）way2esim,3580,8,,,,,3126,10일,10일,90일,unknown,unknown,,,"{""ctm"": null, ""china_telecom_macau"": null, ""three_macau"": null}","{""skt"": null, ""kt"": null, ""lgu"": null}",unlimited,https://www.amazon.co.jp/%E4%B8%AD%E5%9B%BD%E3%83%BB%E9%A6%99%E6%B8%AF%E3%83%BB%E3%83%9E%E3%82%AB%E3%82%AA-10%E6%97%A5%E9%96%93-%E9%AB%98%E9%80%9F%E3%83%87%E3%83%BC%E3%82%BF%E7%84%A1%E5%88%B6%E9%99%90-%E3%83%87%E3%83%BC%E3%82%BF%E9%80%9A%E4%BF%A1%E5%B0%82%E7%94%A8-%E3%81%8A%E6%80%A5%E3%81%8E%E3%81%AE%E3%81%94%E7%9B%B8%E8%AB%87%E3%81%AF%EF%BC%88LINE%E3%81%A7%E5%8F%97%E4%BB%98%E4%B8%AD%E3%81%A7%E3%81%99%EF%BC%89way2esim/dp/B0DT3YW8CC,B0DT3YW8CC,B0DT3YW8CC,eSIM株式会社,way2esimのストアを表示,"{""price_jpy"": [""￥3,580""], ""usage_validity"": [""中国・香港・マカオ eSIM 10日間 高速データ無制限 データ通信専用 電話番号なし 当日利用可能 お急ぎのご相談は（LINEで受付中です）way2esim""], ""activation_validity"": [""ご注意：①中国、香港、マカオeSIM情報メール受信後90日以内にご利用ください。期限を過ぎると使用できなくなります。""], ""data_amount"": [""高速データ通信：中国・香港・マカオで使えるデータ専用eSIMです。高速データ通信が無制限で、電話番号は付帯していません。SNSやウェブ閲覧を快適にお楽しみいただけます。""], ""network_type"": [""no_local_or_roaming_keyword_matched""], ""network_generation"": [""fallback_5g: source:image_alt: 中国eSIM｜中国本土・香港・マカオ対応｜7日間 高速データ無制限｜VPN付き LINE・YouTube・Google利用可｜4G/5G 即日発行可能（eSIM | 7日間）"", ""fallback_4g_lte: source:image_alt: 中国eSIM｜中国本土・香港・マカオ対応｜7日間 高速データ無制限｜VPN付き LINE・YouTube・Google利用可｜4G/5G 即日発行可能（eSIM | 7日間）"", ""fallback_only_network_generation_signal""], ""review_count"": [""detail_page: (8)""], ""bestseller_rank"": [""Amazon 売れ筋ランキング 家電＆カメラ - 492,015位 ( 家電＆カメラの売れ筋ランキングを見る ) プリペイドSIMカード - 3,126位""], ""title"": [""中国・香港・マカオ eSIM 10日間 高速データ無制限 データ通信専用 電話番号なし 当日利用可能 お急ぎのご相談は（LINEで受付中です）way2esim""]}"
amazon_jp,mo,【インドネシア バリ島 eSIM】 高速データ通信 データ使い放題 即日発行可能 【XL キャリア】 インドネシア プリペイド simカード バリ島 esim ジャカルタ esim (15日間 高速データ),2280,75,,,,,104,15일,15일,30일,local,lte_4g_only,,,"{""ctm"": null, ""china_telecom_macau"": null, ""three_macau"": null}","{""skt"": null, ""kt"": null, ""lgu"": null}",unlimited,https://www.amazon.co.jp/%E3%80%90%E3%82%A4%E3%83%B3%E3%83%89%E3%83%8D%E3%82%B7%E3%82%A2-%E9%AB%98%E9%80%9F%E3%83%87%E3%83%BC%E3%82%BF%E9%80%9A%E4%BF%A1-%E3%83%87%E3%83%BC%E3%82%BF%E4%BD%BF%E3%81%84%E6%94%BE%E9%A1%8C-15%E6%97%A5%E9%96%93-%E9%AB%98%E9%80%9F%E3%83%87%E3%83%BC%E3%82%BF/dp/B0D4QBT6KT,B0D4QBT6KT,B0D4QBT6KT,Global eSIMshop,ブランド: PLUG TO GO,"{""price_jpy"": [""￥2,280""], ""usage_validity"": [""【インドネシア バリ島 eSIM】 高速データ通信 データ使い放題 即日発行可能 【XL キャリア】 インドネシア プリペイド simカード バリ島 esim ジャカルタ esim (15日間 高速データ)""], ""activation_validity"": [""✅【有効期限】メールで納品後、30日以内にご利用ください。""], ""data_amount"": [""⭐【データ容量】データは無制限ですが、1日の使用量が1GBを超えると、通信速度が最大128kbpsに制限されます。制限は現地時間の翌日0時に解除されます。※使用量は現地時間の00:00から23:59までカウントされます。""], ""network_type"": [""【チョコSIM 定額（Sプラン）】【中国の電話番号付きでアプリや施設サービスのSMS認証が可能】【データ容量】合計500MB/月【音声】合計20分間/月 データ/音声/SMS付きSIMカード 中国SIM マカオSIM China unicom ※こちらのSIMカードは契約後、毎月の基本料が発生いたします。※2024年11月1日から台湾でのご利用はできなくなり"", ""【SKTelecoｍ公式認証】 韓国eSIM 3日間 (72時間) 電話番号付き 超高速データ無制限 最初の5分発信無料(韓国国内) お急ぎの方即時発行可(LINE相談受付中) 有効期限／ご購入日より120日以内 現地空港サポート(SKTelecomローミングセンター) SKテレコム正規品 韓国SIMカードタイプではありません"", ""score: local=6, roaming=1""], ""network_generation"": [""product_info_cellular_4g_lte: source:product_info_cellular: 携帯電話技術 4G-LTE"", ""product_info_cellular_4g_lte: source:product_info_cellular: 携帯電話技術 4G-LTE""], ""review_count"": [""detail_page: (75)""], ""bestseller_rank"": [""Amazon 売れ筋ランキング 家電＆カメラ - 8,861位 ( 家電＆カメラの売れ筋ランキングを見る ) プリペイドSIMカード - 104位""], ""title"": [""【インドネシア バリ島 eSIM】 高速データ通信 データ使い放題 即日発行可能 【XL キャリア】 インドネシア プリペイド simカード バリ島 esim ジャカルタ esim (15日間 高速データ)""]}"
amazon_jp,mo,【中国 香港 マカオeSIM】10日間 高速データ通信 無制限 データ通信専用（電話番号なし）5G / 4G対応 即日発行可能 年中無休·24時間サポート【mewfi eSIM】,3680,,,,,,,10일,10일,90일,roaming,5g_capable,,,"{""ctm"": null, ""china_telecom_macau"": null, ""three_macau"": null}","{""skt"": null, ""kt"": null, ""lgu"": null}",unlimited,https://www.amazon.co.jp/%E3%83%9E%E3%82%AB%E3%82%AAeSIM%E3%80%9110%E6%97%A5%E9%96%93-%E9%AB%98%E9%80%9F%E3%83%87%E3%83%BC%E3%82%BF%E9%80%9A%E4%BF%A1-%E3%83%87%E3%83%BC%E3%82%BF%E9%80%9A%E4%BF%A1%E5%B0%82%E7%94%A8%EF%BC%88%E9%9B%BB%E8%A9%B1%E7%95%AA%E5%8F%B7%E3%81%AA%E3%81%97%EF%BC%895G-%E5%8D%B3%E6%97%A5%E7%99%BA%E8%A1%8C%E5%8F%AF%E8%83%BD-%E5%B9%B4%E4%B8%AD%E7%84%A1%E4%BC%91%C2%B724%E6%99%82%E9%96%93%E3%82%B5%E3%83%9D%E3%83%BC%E3%83%88%E3%80%90mewfi/dp/B0GVJNRXBR,B0GVJNRXBR,B0GVJNRXBR,Mewfi 正規販売店,mewfiのストアを表示,"{""price_jpy"": [""￥3,680""], ""usage_validity"": [""【中国 香港 マカオeSIM】10日間 高速データ通信 無制限 データ通信専用（電話番号なし）5G / 4G対応 即日発行可能 年中無休·24時間サポート【mewfi eSIM】""], ""activation_validity"": [""【有効期限】eSIM情報が記載されたメールの受信日から90日以内にご利用ください。""], ""data_amount"": [""【中国 香港 マカオeSIM】利用期間中、高速データ通信を無制限でご利用いただけます。1日ごとのデータ容量上限はありません。""], ""network_type"": [""【注意事項】eSIM対応のSIMフリー端末、またはSIMロック解除済みのスマートフォン専用です。中国・香港・マカオでご利用の際は、端末のデータローミングをオンにしてください。"", ""Amazon.co.jp: 【中国 香港 マカオeSIM】10日間 高速データ通信 無制限 データ通信専用（電話番号なし）5G / 4G対応 即日発行可能 年中無休·24時間サポート【mewfi eSIM】 : 家電＆カメラ 次に移動 メインコンテンツ この商品について この商品について この商品について 購入オプション 類似商品と比較する ビデオ レビュー"", ""score: local=0, roaming=6""], ""network_generation"": [""title_5g: source:title: 【中国 香港 マカオeSIM】10日間 高速データ通信 無制限 データ通信専用（電話番号なし）5G / 4G対応 即日発行可能 年中無休·24時間サポート【mewfi eSIM】"", ""title_4g_lte_signal_present_but_5g_capable_takes_precedence""], ""title"": [""【中国 香港 マカオeSIM】10日間 高速データ通信 無制限 データ通信専用（電話番号なし）5G / 4G対応 即日発行可能 年中無休·24時間サポート【mewfi eSIM】""]}"
amazon_jp,mo,マカオ eSIM | 3GB スーパーセーバー 詰め替え可能プラン! 24時間以内にメールで送信されるQRコード - スキャンしてすぐに使用 | 10日間の自動有効化 | 5G速度 + ホットスポット | データのみ 電話番号なし,3255,152,,,,,1572,10일,10일,10일,roaming,5g_capable,,,"{""ctm"": null, ""china_telecom_macau"": null, ""three_macau"": null}","{""skt"": null, ""kt"": null, ""lgu"": null}",3GB,https://www.amazon.co.jp/eSIM-3GB-%E3%82%B9%E3%83%BC%E3%83%91%E3%83%BC%E3%82%BB%E3%83%BC%E3%83%90%E3%83%BC-%E8%A9%B0%E3%82%81%E6%9B%BF%E3%81%88%E5%8F%AF%E8%83%BD%E3%83%97%E3%83%A9%E3%83%B3-24%E6%99%82%E9%96%93%E4%BB%A5%E5%86%85%E3%81%AB%E3%83%A1%E3%83%BC%E3%83%AB%E3%81%A7%E9%80%81%E4%BF%A1%E3%81%95%E3%82%8C%E3%82%8BQR%E3%82%B3%E3%83%BC%E3%83%89/dp/B0DYNW6MVW,B0DYNW6MVW,B0DYNW6MVW,Amazon US,TSIMのストアを表示,"{""price_jpy"": [""￥3,255""], ""usage_validity"": [""マカオ eSIM | 3GB スーパーセーバー 詰め替え可能プラン! 24時間以内にメールで送信されるQRコード - スキャンしてすぐに使用 | 10日間の自動有効化 | 5G速度 + ホットスポット | データのみ 電話番号なし""], ""activation_validity"": [""Amazon.co.jp: マカオ eSIM | 3GB スーパーセーバー 詰め替え可能プラン! 24時間以内にメールで送信されるQRコード - スキャンしてすぐに使用 | 10日間の自動有効化 | 5G速度 + ホットスポット | データのみ 電話番号なし : 家電＆カメラ""], ""data_amount"": [""高速5G/4Gデータ:最大3GBの高速5G/4Gインターネットをお楽しみください。 ホットスポットテザリングに対応しています。""], ""network_type"": [""【DeSiM】中国・香港・マカオ3日間無制限+eSIMテストサービス付き【セット】完全予約制 | 海外旅行出国前事前テストeSIMサービス - DeSiM - 渡航前の不安を解消！ | Wi-Fi使用が面倒、ローミング料金が高い、SIMやeSIMの設定が不安な方に V4"", ""【DeSiM】中国・香港・マカオ3日間無制限+eSIMテストサービス付き【セット】完全予約制 | 海外旅行出国前事前テストeSIMサービス - DeSiM - 渡航前の不安を解消！ | Wi-Fi使用が面倒、ローミング料金が高い、SIMやeSIMの設定が不安な方に V4"", ""score: local=1, roaming=2""], ""network_generation"": [""product_detail_5g: source:feature_bullets: 高速5G/4Gデータ:最大3GBの高速5G/4Gインターネットをお楽しみください。 ホットスポットテザリングに対応しています。""], ""review_count"": [""detail_page: (152)""], ""bestseller_rank"": [""Amazon 売れ筋ランキング 家電＆カメラ - 154,503位 ( 家電＆カメラの売れ筋ランキングを見る ) プリペイドSIMカード - 1,572位""], ""title"": [""マカオ eSIM | 3GB スーパーセーバー 詰め替え可能プラン! 24時間以内にメールで送信されるQRコード - スキャンしてすぐに使用 | 10日間の自動有効化 | 5G速度 + ホットスポット | データのみ 電話番号なし""]}"
amazon_jp,mo,【香港 マカオ eSIM 5日間】高速データ通信 完全無制限｜当日発行可能｜データ専用（電話番号なし）｜LINE相談受付中・すぐに使える｜ イーシム 香港 sim マカオsim 24時間LINEサポート (eSIM | 7日間),2480,2,,,,,,5일,5일,30일,unknown,lte_4g_only,,,"{""ctm"": null, ""china_telecom_macau"": null, ""three_macau"": null}","{""skt"": null, ""kt"": null, ""lgu"": null}",unlimited,https://www.amazon.co.jp/eSIM-5%E6%97%A5%E9%96%93%E3%80%91%E9%AB%98%E9%80%9F%E3%83%87%E3%83%BC%E3%82%BF%E9%80%9A%E4%BF%A1-%E5%AE%8C%E5%85%A8%E7%84%A1%E5%88%B6%E9%99%90%EF%BD%9C%E5%BD%93%E6%97%A5%E7%99%BA%E8%A1%8C%E5%8F%AF%E8%83%BD%EF%BD%9C%E3%83%87%E3%83%BC%E3%82%BF%E5%B0%82%E7%94%A8%EF%BC%88%E9%9B%BB%E8%A9%B1%E7%95%AA%E5%8F%B7%E3%81%AA%E3%81%97%EF%BC%89%EF%BD%9CLINE%E7%9B%B8%E8%AB%87%E5%8F%97%E4%BB%98%E4%B8%AD%E3%83%BB%E3%81%99%E3%81%90%E3%81%AB%E4%BD%BF%E3%81%88%E3%82%8B%EF%BD%9C-24%E6%99%82%E9%96%93LINE%E3%82%B5%E3%83%9D%E3%83%BC%E3%83%88-7%E6%97%A5%E9%96%93/dp/B0DX1DFQK1,B0DX1DFQK1,B0DX1DFQK1,Global eSIMshop,ブランド: PLUG TO GO,"{""price_jpy"": [""￥2,480""], ""usage_validity"": [""【香港 マカオ eSIM 5日間】高速データ通信 完全無制限｜当日発行可能｜データ専用（電話番号なし）｜LINE相談受付中・すぐに使える｜ イーシム 香港 sim マカオsim 24時間LINEサポート (eSIM | 7日間)""], ""activation_validity"": [""【有効期限】メールで納品後、30日以内にご利用ください。""], ""data_amount"": [""【高速データ通信】完全無制限、低速度なし！！""], ""network_type"": [""no_local_or_roaming_keyword_matched""], ""network_generation"": [""product_info_cellular_4g_lte: source:product_info_cellular: 携帯電話技術 4G-LTE"", ""product_info_cellular_4g_lte: source:product_info_cellular: 携帯電話技術 4G-LTE""], ""review_count"": [""detail_page: (2)""], ""title"": [""【香港 マカオ eSIM 5日間】高速データ通信 完全無制限｜当日発行可能｜データ専用（電話番号なし）｜LINE相談受付中・すぐに使える｜ イーシム 香港 sim マカオsim 24時間LINEサポート (eSIM | 7日間)""]}"
amazon_jp,mo,【東南アジア 8カ国 SIM】 500MB/日 高速データ通信 | データ専用（電話番号なし） 24時間LINEサポート | 香港・マカオ・シンガポール・マレーシア・タイ・インドネシア・ベトナム・カンボジア対応 東南アジア sim (【SIM】8日間),2080,1,,,,,,8일,8일,180일,roaming,lte_4g_only,,,"{""ctm"": null, ""china_telecom_macau"": null, ""three_macau"": null}","{""skt"": null, ""kt"": null, ""lgu"": null}",500MB/day,https://www.amazon.co.jp/%E9%AB%98%E9%80%9F%E3%83%87%E3%83%BC%E3%82%BF%E9%80%9A%E4%BF%A1-%E3%83%87%E3%83%BC%E3%82%BF%E5%B0%82%E7%94%A8%EF%BC%88%E9%9B%BB%E8%A9%B1%E7%95%AA%E5%8F%B7%E3%81%AA%E3%81%97%EF%BC%89-24%E6%99%82%E9%96%93LINE%E3%82%B5%E3%83%9D%E3%83%BC%E3%83%88-%E9%A6%99%E6%B8%AF%E3%83%BB%E3%83%9E%E3%82%AB%E3%82%AA%E3%83%BB%E3%82%B7%E3%83%B3%E3%82%AC%E3%83%9D%E3%83%BC%E3%83%AB%E3%83%BB%E3%83%9E%E3%83%AC%E3%83%BC%E3%82%B7%E3%82%A2%E3%83%BB%E3%82%BF%E3%82%A4%E3%83%BB%E3%82%A4%E3%83%B3%E3%83%89%E3%83%8D%E3%82%B7%E3%82%A2%E3%83%BB%E3%83%99%E3%83%88%E3%83%8A%E3%83%A0%E3%83%BB%E3%82%AB%E3%83%B3%E3%83%9C%E3%82%B8%E3%82%A2%E5%AF%BE%E5%BF%9C-%E3%80%90SIM%E3%80%918%E6%97%A5%E9%96%93/dp/B0F484DTKZ,B0F484DTKZ,B0F484DTKZ,Global Simcard,アーモンド　ＳＩｍ　ｃａｒｄのストアを表示,"{""price_jpy"": [""￥2,080""], ""usage_validity"": [""【東南アジア 8カ国 SIM】 500MB/日 高速データ通信 | データ専用（電話番号なし） 24時間LINEサポート | 香港・マカオ・シンガポール・マレーシア・タイ・インドネシア・ベトナム・カンボジア対応 東南アジア sim (【SIM】8日間)""], ""activation_validity"": [""【有効期限】ご購入後180日間有効です（未使用の場合）。観光や駐在などの際には、複数枚のご購入もおすすめです。""], ""data_amount"": [""【高速データ通信】毎日500MBの高速データを提供します。1GBに達した後は、低速データで無制限にご利用いただけます。※速度制限は翌日現地時間の0時に自動的に解除されます。""], ""network_type"": [""《正規日本語版》【ローミングSIM】東南アジア・マカオ・ベトナム・シンガポール・タイ・マレーシア・ラオス・インドネシア・フィリピン・カンボジア・スリランカの全10ヵ国 8日間 5GB ※面倒な本人登録・パスポート登録は不要です。このSIMカードは中国"", ""アジア10ヵ国周遊SIM 利用期間8日データ容量6GB データ通信 プリペイドSIM ローミングSIM 利用国：インドネシア、韓国、シンガポール、タイ、中国、日本、ベトナム、香港、マカオ、マレーシア"", ""score: local=0, roaming=3""], ""network_generation"": [""product_info_cellular_4g_lte: source:product_info_cellular: 携帯電話技術 LTE"", ""product_info_cellular_4g_lte: source:product_info_cellular: 携帯電話技術 LTE""], ""review_count"": [""detail_page: (1)""], ""title"": [""【東南アジア 8カ国 SIM】 500MB/日 高速データ通信 | データ専用（電話番号なし） 24時間LINEサポート | 香港・マカオ・シンガポール・マレーシア・タイ・インドネシア・ベトナム・カンボジア対応 東南アジア sim (【SIM】8日間)""]}"
amazon_jp,mo,【香港・マカオ eSIM】4日間完全無制限（低速なし） | 当日発行可能 |データ通信専用（電話番号なし） simフリー端末のみ対応 説明書付 LINEで年中無休・24時間サポート 香港 sim (eSIM | 4日間完全無制限),65,,,,,,3217,4일,4일,30일,unknown,lte_4g_only,,,"{""ctm"": true, ""china_telecom_macau"": null, ""three_macau"": null}","{""skt"": null, ""kt"": null, ""lgu"": null}",unlimited,https://www.amazon.co.jp/eSIM%E3%80%914%E6%97%A5%E9%96%93%E5%AE%8C%E5%85%A8%E7%84%A1%E5%88%B6%E9%99%90%EF%BC%88%E4%BD%8E%E9%80%9F%E3%81%AA%E3%81%97%EF%BC%89-%E3%83%87%E3%83%BC%E3%82%BF%E9%80%9A%E4%BF%A1%E5%B0%82%E7%94%A8%EF%BC%88%E9%9B%BB%E8%A9%B1%E7%95%AA%E5%8F%B7%E3%81%AA%E3%81%97%EF%BC%89-LINE%E3%81%A7%E5%B9%B4%E4%B8%AD%E7%84%A1%E4%BC%91%E3%83%BB24%E6%99%82%E9%96%93%E3%82%B5%E3%83%9D%E3%83%BC%E3%83%88-eSIM-4%E6%97%A5%E9%96%93%E5%AE%8C%E5%85%A8%E7%84%A1%E5%88%B6%E9%99%90/dp/B0D7V63RJ3,B0D7V63RJ3,B0D7V63RJ3,ブランド: PLUG TO GO,ブランド: PLUG TO GO,"{""price_jpy"": [""価格・数量割引 AmazonGlobal 65 (assumed JPY by i18n-prefs)""], ""usage_validity"": [""【香港・マカオ eSIM】4日間完全無制限（低速なし） | 当日発行可能 |データ通信専用（電話番号なし） simフリー端末のみ対応 説明書付 LINEで年中無休・24時間サポート 香港 sim (eSIM | 4日間完全無制限)""], ""activation_validity"": [""⭐【有効期限】メールで納品後、30日以内にご利用ください。""], ""data_amount"": [""⭐【高速データ通信】完全無制限、低速度なし！！""], ""network_type"": [""no_local_or_roaming_keyword_matched""], ""network_generation"": [""product_info_cellular_4g_lte: source:product_info_cellular: 携帯電話技術 4G-LTE"", ""product_info_cellular_4g_lte: source:product_info_cellular: 携帯電話技術 4G-LTE""], ""carrier_support_local"": [""CTM: ⭐【キャリア】CSL/CTM。香港・マカオで安定した通信エリアと高速データを提供しています。"", ""CTM: ⭐【eSIM取得方法】QRコードをスキャンして、簡単接続！✅ご購入後、http://jp.www.mewfi.com/esimにアクセスし必要事項を入力➡メールアドレスにPDFの説明書とeSIMのQRコードが届きます！ ⭐【高速データ通信】完全無制限、低速度なし！！ ⭐【有効期限】メールで納品後、3"", ""CTM: サービスプロバイダ CSL/CTM"", ""CTM: Amazon.co.jp: 【香港・マカオ eSIM】4日間完全無制限（低速なし） | 当日発行可能 |データ通信専用（電話番号なし） simフリー端末のみ対応 説明書付 LINEで年中無休・24時間サポート 香港 sim (eSIM | 4日間完全無制限) : 家電＆カメラ 次に移動 メインコンテ""], ""bestseller_rank"": [""Amazon 売れ筋ランキング 家電＆カメラ - 517,765位 ( 家電＆カメラの売れ筋ランキングを見る ) プリペイドSIMカード - 3,217位""], ""title"": [""【香港・マカオ eSIM】4日間完全無制限（低速なし） | 当日発行可能 |データ通信専用（電話番号なし） simフリー端末のみ対応 説明書付 LINEで年中無休・24時間サポート 香港 sim (eSIM | 4日間完全無制限)""]}"
amazon_jp,mo,【香港・マカオ eSIM】19日間完全無制限（使い放題、低速なし） DeSiM正規卸 | LINE相談受付中 | データ通信専用（電話番号なし） | simフリー端末のみ対応 説明書付 イーシム DeSiM,8870,2,,,,,3484,19일,19일,,unknown,unknown,,,"{""ctm"": null, ""china_telecom_macau"": null, ""three_macau"": null}","{""skt"": null, ""kt"": null, ""lgu"": null}",unlimited,https://www.amazon.co.jp/eSIM%E3%80%9119%E6%97%A5%E9%96%93%E5%AE%8C%E5%85%A8%E7%84%A1%E5%88%B6%E9%99%90%EF%BC%88%E4%BD%BF%E3%81%84%E6%94%BE%E9%A1%8C%E3%80%81%E4%BD%8E%E9%80%9F%E3%81%AA%E3%81%97%EF%BC%89-LINE%E7%9B%B8%E8%AB%87%E5%8F%97%E4%BB%98%E4%B8%AD%EF%BD%9C%E5%BD%93%E6%97%A5%E7%99%BA%E8%A1%8C%E5%8F%AF%E8%83%BD-%E3%83%87%E3%83%BC%E3%82%BF%E9%80%9A%E4%BF%A1%E5%B0%82%E7%94%A8%EF%BC%88%E9%9B%BB%E8%A9%B1%E7%95%AA%E5%8F%B7%E3%81%AA%E3%81%97%EF%BC%89-sim%E3%83%95%E3%83%AA%E3%83%BC%E7%AB%AF%E6%9C%AB%E3%81%AE%E3%81%BF%E5%AF%BE%E5%BF%9C-DeSiM/dp/B0F1DX9GJF,B0F1DX9GJF,B0F1DX9GJF,DeSiM,DeSiMのストアを表示,"{""price_jpy"": [""￥8,870""], ""usage_validity"": [""【香港・マカオ eSIM】19日間完全無制限（使い放題、低速なし） DeSiM正規卸 | LINE相談受付中 | データ通信専用（電話番号なし） | simフリー端末のみ対応 説明書付 イーシム DeSiM""], ""data_amount"": [""【香港・マカオ eSIM】19日間完全無制限（使い放題、低速なし） DeSiM正規卸 | LINE相談受付中｜当日発行可能 | データ通信専用（電話番号なし） | simフリー端末のみ対応 説明書付 イーシム DeSiM""], ""network_type"": [""no_local_or_roaming_keyword_matched""], ""network_generation"": [""fallback_5g: source:fallback_all_text: Amazon.co.jp: 【香港・マカオ eSIM】19日間完全無制限（使い放題、低速なし） DeSiM正規卸 | LINE相談受付中 | データ通信専用（電話番号なし） | simフリー端末のみ対応 説明書付 イーシム DeSiM : 家電＆カメラ 次に移動 メインコンテンツ この商品について この商品"", ""fallback_only_network_generation_signal""], ""review_count"": [""detail_page: (2)""], ""bestseller_rank"": [""Amazon 売れ筋ランキング 家電＆カメラ - 608,275位 ( 家電＆カメラの売れ筋ランキングを見る ) プリペイドSIMカード - 3,484位""], ""title"": [""【香港・マカオ eSIM】19日間完全無制限（使い放題、低速なし） DeSiM正規卸 | LINE相談受付中 | データ通信専用（電話番号なし） | simフリー端末のみ対応 説明書付 イーシム DeSiM""]}"
amazon_jp,mo,【東南アジア 8カ国 SIM】1GB/日 高速データ・低速無制限 | データ専用（電話番号なし） 24時間LINEサポート | 香港・マカオ・シンガポール・マレーシア・タイ・インドネシア・ベトナム・カンボジア対応 東南アジア sim (【SIM】12日間),3380,3,,,,,3856,12일,12일,180일,unknown,lte_4g_only,,,"{""ctm"": null, ""china_telecom_macau"": null, ""three_macau"": null}","{""skt"": null, ""kt"": null, ""lgu"": null}",1GB/day,https://www.amazon.co.jp/%E9%AB%98%E9%80%9F%E3%83%87%E3%83%BC%E3%82%BF%E3%83%BB%E4%BD%8E%E9%80%9F%E7%84%A1%E5%88%B6%E9%99%90-%E3%83%87%E3%83%BC%E3%82%BF%E5%B0%82%E7%94%A8%EF%BC%88%E9%9B%BB%E8%A9%B1%E7%95%AA%E5%8F%B7%E3%81%AA%E3%81%97%EF%BC%89-24%E6%99%82%E9%96%93LINE%E3%82%B5%E3%83%9D%E3%83%BC%E3%83%88-%E9%A6%99%E6%B8%AF%E3%83%BB%E3%83%9E%E3%82%AB%E3%82%AA%E3%83%BB%E3%82%B7%E3%83%B3%E3%82%AC%E3%83%9D%E3%83%BC%E3%83%AB%E3%83%BB%E3%83%9E%E3%83%AC%E3%83%BC%E3%82%B7%E3%82%A2%E3%83%BB%E3%82%BF%E3%82%A4%E3%83%BB%E3%82%A4%E3%83%B3%E3%83%89%E3%83%8D%E3%82%B7%E3%82%A2%E3%83%BB%E3%83%99%E3%83%88%E3%83%8A%E3%83%A0%E3%83%BB%E3%82%AB%E3%83%B3%E3%83%9C%E3%82%B8%E3%82%A2%E5%AF%BE%E5%BF%9C-%E3%80%90SIM%E3%80%9112%E6%97%A5%E9%96%93/dp/B0F483LCW2,B0F483LCW2,B0F483LCW2,Global Simcard,アーモンド　ＳＩｍ　ｃａｒｄのストアを表示,"{""price_jpy"": [""￥3,380""], ""usage_validity"": [""【東南アジア 8カ国 SIM】1GB/日 高速データ・低速無制限 | データ専用（電話番号なし） 24時間LINEサポート | 香港・マカオ・シンガポール・マレーシア・タイ・インドネシア・ベトナム・カンボジア対応 東南アジア sim (【SIM】12日間)""], ""activation_validity"": [""【有効期限】ご購入後180日間有効です（未使用の場合）。観光や駐在などの際には、複数枚のご購入もおすすめです。""], ""data_amount"": [""【高速データ通信】毎日1GBの高速データ通信をご提供します。1GBに達した後は、低速データで無制限にご利用いただけます。※速度制限は翌日現地時間の0時に自動的に解除されます。""], ""network_type"": [""local_signal: 【Almond SIM】 ベトナム 7日間 完全無制限 電話番号付き｜純正Vietnamobile キャリア ｜ホーチミン・ハノイなど 対応｜LINEで24時間サポート｜4G-LTE対応 プリペイドsim ｜Vietnam simカード (物理sim/7日間)"", ""roaming_signal: 《正規日本語版》【ローミングSIM】東南アジア・マカオ・ベトナム・シンガポール・タイ・マレーシア・ラオス・インドネシア・フィリピン・カンボジア・スリランカの全10ヵ国 8日間 5GB ※面倒な本人登録・パスポート登録は不要です。このSIMカードは中国"", ""insufficient_or_conflicting_signals(local=3, roaming=3)""], ""network_generation"": [""product_info_cellular_4g_lte: source:product_info_cellular: 携帯電話技術 LTE"", ""product_info_cellular_4g_lte: source:product_info_cellular: 携帯電話技術 LTE""], ""review_count"": [""detail_page: (3)""], ""bestseller_rank"": [""Amazon 売れ筋ランキング 家電＆カメラ - 809,866位 ( 家電＆カメラの売れ筋ランキングを見る ) プリペイドSIMカード - 3,856位""], ""title"": [""【東南アジア 8カ国 SIM】1GB/日 高速データ・低速無制限 | データ専用（電話番号なし） 24時間LINEサポート | 香港・マカオ・シンガポール・マレーシア・タイ・インドネシア・ベトナム・カンボジア対応 東南アジア sim (【SIM】12日間)""]}"
amazon_jp,mo,"【東南アジアeSIM】5日間無制限東南アジアe-SIM｜11地域対応（シンガポール,タイ,マレーシア,インドネシア,ベトナム,台湾・香港・マカオ,韓国,オーストラリア,ニュージーランド）｜5G/4G対応 高速データ通信｜即日メール配信 ｜使用ガイド付き｜テザリング対応｜365日LINEサポート｜QRコードで簡単設定 SIMカード不要 (5日間無制限)",2399,4,,,,,2093,5일,5일,90일,roaming,5g_capable,,,"{""ctm"": null, ""china_telecom_macau"": null, ""three_macau"": null}","{""skt"": null, ""kt"": null, ""lgu"": null}",unlimited,https://www.amazon.co.jp/%E3%80%90%E6%9D%B1%E5%8D%97%E3%82%A2%E3%82%B8%E3%82%A2eSIM%E3%80%915%E6%97%A5%E9%96%93%E7%84%A1%E5%88%B6%E9%99%90%E6%9D%B1%E5%8D%97%E3%82%A2%E3%82%B8%E3%82%A2e-SIM%EF%BD%9C13%E5%9C%B0%E5%9F%9F%E5%AF%BE%E5%BF%9C%EF%BC%88%E3%82%B7%E3%83%B3%E3%82%AC%E3%83%9D%E3%83%BC%E3%83%AB-%E3%83%8B%E3%83%A5%E3%83%BC%E3%82%B8%E3%83%BC%E3%83%A9%E3%83%B3%E3%83%89%EF%BC%89%EF%BD%9C5G-%E9%AB%98%E9%80%9F%E3%83%87%E3%83%BC%E3%82%BF%E9%80%9A%E4%BF%A1%EF%BD%9C%E5%8D%B3%E6%97%A5%E3%83%A1%E3%83%BC%E3%83%AB%E9%85%8D%E4%BF%A1-%EF%BD%9C%E4%BD%BF%E7%94%A8%E3%82%AC%E3%82%A4%E3%83%89%E4%BB%98%E3%81%8D%EF%BD%9C%E3%83%86%E3%82%B6%E3%83%AA%E3%83%B3%E3%82%B0%E5%AF%BE%E5%BF%9C%EF%BD%9C365%E6%97%A5LINE%E3%82%B5%E3%83%9D%E3%83%BC%E3%83%88%EF%BD%9CQR%E3%82%B3%E3%83%BC%E3%83%89%E3%81%A7%E7%B0%A1%E5%8D%98%E8%A8%AD%E5%AE%9A/dp/B0FHBDS35M,B0FHBDS35M,B0FHBDS35M,トリリオン・コネクト,Billion Connectのストアを表示,"{""price_jpy"": [""￥2,399""], ""usage_validity"": [""【東南アジアeSIM】5日間無制限東南アジアe-SIM｜11地域対応（シンガポール,タイ,マレーシア,インドネシア,ベトナム,台湾・香港・マカオ,韓国,オーストラリア,ニュージーランド）｜5G/4G対応 高速データ通信｜即日メール配信 ｜使用ガイド付き｜テザリング対応｜365日LINEサポート｜QRコードで簡単設定 SIMカード不要 (5日間無制限)""], ""activation_validity"": [""【eSIMの有効期限】 受け取り後90日以内にアクティベートしてください。有効期限の前日までにアクティベートされていない場合、eSIMは無効となりご利用いただけません。""], ""data_amount"": [""【5日間無制限高速データ – 5G対応】 東南アジアe-SIMは、完全無制限の高速データ通信を提供！データ残量を気にせず、動画視聴・ゲーム・SNS・ライブ配信をいつでもどこでも思い切り楽しめます！""], ""network_type"": [""【DeSiM】インドネシア3日間無制限+eSIMテストサービス付き【セット】完全予約制 | 海外旅行出国前事前テストeSIMサービス - DeSiM - 渡航前の不安を解消！ | Wi-Fi使用が面倒、ローミング料金が高い、SIMやeSIMの設定が不安な方に V4"", ""《正規日本語版》【ローミングSIM】東南アジア・マカオ・ベトナム・シンガポール・タイ・マレーシア・ラオス・インドネシア・フィリピン・カンボジア・スリランカの全10ヵ国 8日間 5GB ※面倒な本人登録・パスポート登録は不要です。このSIMカードは中国"", ""score: local=0, roaming=3""], ""network_generation"": [""product_info_cellular_5g: source:product_info_cellular: 携帯電話技術 5G"", ""product_info_cellular_5g: source:product_info_cellular: 携帯電話技術 5G""], ""review_count"": [""detail_page: (4)""], ""bestseller_rank"": [""Amazon 売れ筋ランキング 家電＆カメラ - 281,775位 ( 家電＆カメラの売れ筋ランキングを見る ) プリペイドSIMカード - 2,093位""], ""title"": [""【東南アジアeSIM】5日間無制限東南アジアe-SIM｜11地域対応（シンガポール,タイ,マレーシア,インドネシア,ベトナム,台湾・香港・マカオ,韓国,オーストラリア,ニュージーランド）｜5G/4G対応 高速データ通信｜即日メール配信 ｜使用ガイド付き｜テザリング対応｜365日LINEサポート｜QRコードで簡単設定 SIMカード不要 (5日間無制限)""]}"
amazon_jp,mo,【香港・マカオ eSIM】7日間 50GB（六泊七日 コスパ重視） DeSiM正規卸 | LINE相談受付中 | データ通信専用（電話番号なし） | simフリー端末のみ対応 説明書付 イーシム,5820,1,,,,,1363,7일,7일,,local,unknown,,,"{""ctm"": null, ""china_telecom_macau"": null, ""three_macau"": null}","{""skt"": null, ""kt"": null, ""lgu"": null}",unlimited,https://www.amazon.co.jp/eSIM%E3%80%917%E6%97%A5%E9%96%93-50GB%EF%BC%88%E5%85%AD%E6%B3%8A%E4%B8%83%E6%97%A5-LINE%E7%9B%B8%E8%AB%87%E5%8F%97%E4%BB%98%E4%B8%AD%EF%BD%9C%E5%BD%93%E6%97%A5%E7%99%BA%E8%A1%8C%E5%8F%AF%E8%83%BD-%E3%83%87%E3%83%BC%E3%82%BF%E9%80%9A%E4%BF%A1%E5%B0%82%E7%94%A8%EF%BC%88%E9%9B%BB%E8%A9%B1%E7%95%AA%E5%8F%B7%E3%81%AA%E3%81%97%EF%BC%89-sim%E3%83%95%E3%83%AA%E3%83%BC%E7%AB%AF%E6%9C%AB%E3%81%AE%E3%81%BF%E5%AF%BE%E5%BF%9C/dp/B0DG4WLYRX,B0DG4WLYRX,B0DG4WLYRX,DeSiM,DeSiMのストアを表示,"{""price_jpy"": [""￥5,820""], ""usage_validity"": [""【香港・マカオ eSIM】7日間 50GB（六泊七日 コスパ重視） DeSiM正規卸 | LINE相談受付中 | データ通信専用（電話番号なし） | simフリー端末のみ対応 説明書付 イーシム""], ""data_amount"": [""商品の説明 購入前の注意事項 【注意事項】 注意事項①：電話番号は付与されませんので、ご注意ください。 注意事項②：SIMロックフリー端末、もしくはSIMフリー端末専用のサービスです。必ず、ご利用端末がeSIM対応かどうかご確認ください。 注意事項③：2021年10月1日以前にSIMロック解除をキャリア店頭またはインターネットでされた「Android端末」は""], ""network_type"": [""商品の説明 購入前の注意事項 【注意事項】 注意事項①：電話番号は付与されませんので、ご注意ください。 注意事項②：SIMロックフリー端末、もしくはSIMフリー端末専用のサービスです。必ず、ご利用端末がeSIM対応かどうかご確認ください。 注意事項③：2021年10月1日以前にSIMロック解除をキャリア店頭またはインターネットでされた「Android端末」は"", ""score: local=3, roaming=1""], ""network_generation"": [""fallback_5g: source:image_alt: 中国 sim card 香港 マカオにも使える 高速データ通信 中国ネット規制対象外 中国でもGoogle、LINE、YouTubeなどVPNなしで利用可能 プリペイド SIMカード (8日間5GB)"", ""fallback_4g_lte: source:image_alt: 香港 マカオ ESIMプラン 4日間 完全無制限 4G-LTE 高速データ 使い放題 当日発行可能 出発前日本テスト用eSIM500MB 香港 マカオ プリペイドSIM 香港 esim 香港 マカオsim (4日間完全無制限)"", ""fallback_only_network_generation_signal""], ""review_count"": [""detail_page: (1)""], ""bestseller_rank"": [""Amazon 売れ筋ランキング 家電＆カメラ - 165,616位 ( 家電＆カメラの売れ筋ランキングを見る ) プリペイドSIMカード - 1,363位""], ""title"": [""【香港・マカオ eSIM】7日間 50GB（六泊七日 コスパ重視） DeSiM正規卸 | LINE相談受付中 | データ通信専用（電話番号なし） | simフリー端末のみ対応 説明書付 イーシム""]}"
amazon_jp,mo,【中国 SIM】5日間無制限データ5G/4GLTE高速 | 日毎制限なし | 簡単アクティベーション | サポートLINEでのお問い合わせ（香港、マカオ、台湾はご利用いただけません）,2088,3,,,,,3738,5일,5일,180일,unknown,5g_capable,,,"{""ctm"": null, ""china_telecom_macau"": null, ""three_macau"": null}","{""skt"": null, ""kt"": null, ""lgu"": null}",unlimited,https://www.amazon.co.jp/SIM%E3%80%915%E6%97%A5%E9%96%93%E7%84%A1%E5%88%B6%E9%99%90%E3%83%87%E3%83%BC%E3%82%BF5G-4GLTE%E9%AB%98%E9%80%9F-%E6%97%A5%E6%AF%8E%E5%88%B6%E9%99%90%E3%81%AA%E3%81%97-%E7%B0%A1%E5%8D%98%E3%82%A2%E3%82%AF%E3%83%86%E3%82%A3%E3%83%99%E3%83%BC%E3%82%B7%E3%83%A7%E3%83%B3-%E3%82%B5%E3%83%9D%E3%83%BC%E3%83%88LINE%E3%81%A7%E3%81%AE%E3%81%8A%E5%95%8F%E3%81%84%E5%90%88%E3%82%8F%E3%81%9B%EF%BC%88%E9%A6%99%E6%B8%AF%E3%80%81%E3%83%9E%E3%82%AB%E3%82%AA%E3%80%81%E5%8F%B0%E6%B9%BE%E3%81%AF%E3%81%94%E5%88%A9%E7%94%A8%E3%81%84%E3%81%9F%E3%81%A0%E3%81%91%E3%81%BE%E3%81%9B%E3%82%93%EF%BC%89/dp/B0F23SQPJ8,B0F23SQPJ8,B0F23SQPJ8,Happy Travel Sim Card,HAPPY TELECOMのストアを表示,"{""price_jpy"": [""￥2,088""], ""usage_validity"": [""【中国 SIM】5日間無制限データ5G/4GLTE高速 | 日毎制限なし | 簡単アクティベーション | サポートLINEでのお問い合わせ（香港、マカオ、台湾はご利用いただけません）""], ""activation_validity"": [""データサービスを利用するためには、ローミングデータとローカルデータをオンにし、Wi-Fiはオフにしてください。また、フライトモードはオフにしてください。 有効期限：商品到着後180日。AppleのiOS、iPadOS、iPhone、iPad、およびAndroidデバイスをサポートしています。もしご使用に関して問題がありましたら、LINEで私たちにご連絡くださ""], ""data_amount"": [""ほとんどの携帯電話に対応する3in1 SIMカードで、挿入するだけで使用可能です。登録は不要です。データ通信は無制限ですが、通話やメッセージは含まれていません。サービスはアクティベーション日から4日間有効です。""], ""network_type"": [""local_signal: データサービスを利用するためには、ローミングデータとローカルデータをオンにし、Wi-Fiはオフにしてください。また、フライトモードはオフにしてください。 有効期限：商品到着後180日。AppleのiOS、iPadOS、iPhone、iPad、およびAndroidデバイスをサポートしています。もしご使用に関して問題がありましたら、LINEで私たちにご連絡くださ"", ""roaming_signal: データサービスを利用するためには、ローミングデータとローカルデータをオンにし、Wi-Fiはオフにしてください。また、フライトモードはオフにしてください。 有効期限：商品到着後180日。AppleのiOS、iPadOS、iPhone、iPad、およびAndroidデバイスをサポートしています。もしご使用に関して問題がありましたら、LINEで私たちにご連絡くださ"", ""insufficient_or_conflicting_signals(local=2, roaming=2)""], ""network_generation"": [""product_detail_5g: source:product_description: ◆ 無制限データ: 旅行中、データ制限なしでオンラインで過ごせます。ウェブをブラウズしたり、お気に入りのアプリを使用したり、友達と簡単に連絡を取り合えます。 ◆ 信頼性の高いネットワークカバレッジ: 都市部や田舎、移動中でもネットワークを楽しめます。中国のどこにいても常に接続されています。 ◆ 高速イン"", ""product_detail_4g_lte_signal_present_but_5g_capable_takes_precedence""], ""review_count"": [""detail_page: (3)""], ""bestseller_rank"": [""Amazon 売れ筋ランキング 家電＆カメラ - 748,262位 ( 家電＆カメラの売れ筋ランキングを見る ) プリペイドSIMカード - 3,738位""], ""title"": [""【中国 SIM】5日間無制限データ5G/4GLTE高速 | 日毎制限なし | 簡単アクティベーション | サポートLINEでのお問い合わせ（香港、マカオ、台湾はご利用いただけません）""]}"
amazon_jp,mo,【香港 マカオ eSIM】大容量 2GB/日高速データ 使い放題 即日発行可能 データ通信専用 CSL/CTM キャリア 4G-LTE対応 香港esim マカオesim 香港 プリペイド simカード (10日間),2590,2,,,,,2575,10일,10일,30일,unknown,lte_4g_only,,,"{""ctm"": true, ""china_telecom_macau"": null, ""three_macau"": null}","{""skt"": null, ""kt"": null, ""lgu"": null}",unlimited,https://www.amazon.co.jp/eSIM%E3%80%91%E5%A4%A7%E5%AE%B9%E9%87%8F-%E3%83%87%E3%83%BC%E3%82%BF%E9%80%9A%E4%BF%A1%E5%B0%82%E7%94%A8-4G-LTE%E5%AF%BE%E5%BF%9C-%E3%83%9E%E3%82%AB%E3%82%AAesim-10%E6%97%A5%E9%96%93/dp/B0D6V5G1G5,B0D6V5G1G5,B0D6V5G1G5,Global Simcard,アーモンド　ＳＩｍ　ｃａｒｄのストアを表示,"{""price_jpy"": [""￥2,590""], ""usage_validity"": [""【香港 マカオ eSIM】大容量 2GB/日高速データ 使い放題 即日発行可能 データ通信専用 CSL/CTM キャリア 4G-LTE対応 香港esim マカオesim 香港 プリペイド simカード (10日間)""], ""activation_validity"": [""⭐【有効期限】メールで納品後、30日以内にご利用ください。""], ""data_amount"": [""⭐【大容量プラン】通信専用のeSIMです。データは無制限ですが、1日の使用量が 2GBに達すると通信速度が最大128Kbpsに制限されます。制限は現地時間の翌日0時に解除されます。※現地時間の00:00-23：59区切りで、カウントされます。""], ""network_type"": [""no_local_or_roaming_keyword_matched""], ""network_generation"": [""product_info_cellular_4g_lte: source:product_info_cellular: 携帯電話技術 4G-LTE"", ""product_info_cellular_4g_lte: source:product_info_cellular: 携帯電話技術 4G-LTE""], ""carrier_support_local"": [""CTM: ⭐【キャリア】CSL/CTM。香港・マカオで安定した通信エリアと高速データを提供しています。"", ""CTM: ⭐【eSIM取得方法】ご購入後、http://jp.www.mewfi.com/esim にアクセスし必要事項を入力➡️メールアドレスには、説明書のPDFと設定用のQRコードが届きます！ 🔺お急ぎの方は、お支払い完了後にカスタマーサポート（LINE ID: @014hhnww）にご連絡ください。通常"", ""CTM: サービスプロバイダ CSL/CTM"", ""CTM: Amazon.co.jp: 【香港 マカオ eSIM】大容量 2GB/日高速データ 使い放題 即日発行可能 データ通信専用 CSL/CTM キャリア 4G-LTE対応 香港esim マカオesim 香港 プリペイド simカード (10日間) : 家電＆カメラ"", ""CTM: 【香港 マカオ eSIM】大容量 2GB/日高速データ 使い放題 即日発行可能 データ通信専用 CSL/CTM キャリア 4G-LTE対応 香港esim マカオesim 香港 プリペイド simカード (10日間)"", ""CTM: 【香港 マカオ eSIM】大容量 2GB/日高速データ 使い放題 即日発行可能 データ通信専用 CSL/CTM キャリア 4G-LTE対応 香港esim マカオesim 香港 プリペイド simカード (10日間)"", ""CTM: 【香港 マカオ eSIM】大容量 2GB/日高速データ 使い放題 即日発行可能 データ通信専用 CSL/CTM キャリア 4G-LTE対応 香港esim マカオesim 香港 プリペイド simカード (10日間)"", ""CTM: Amazon.co.jp: 【香港 マカオ eSIM】大容量 2GB/日高速データ 使い放題 即日発行可能 データ通信専用 CSL/CTM キャリア 4G-LTE対応 香港esim マカオesim 香港 プリペイド simカード (10日間) : 家電＆カメラ 次に移動 メインコンテンツ この商品に""], ""review_count"": [""detail_page: (2)""], ""bestseller_rank"": [""Amazon 売れ筋ランキング 家電＆カメラ - 365,076位 ( 家電＆カメラの売れ筋ランキングを見る ) プリペイドSIMカード - 2,575位""], ""title"": [""【香港 マカオ eSIM】大容量 2GB/日高速データ 使い放題 即日発行可能 データ通信専用 CSL/CTM キャリア 4G-LTE対応 香港esim マカオesim 香港 プリペイド simカード (10日間)""]}"
amazon_jp,mo,【香港・マカオ eSIM】17日間完全無制限（使い放題、低速なし） DeSiM正規卸 | LINE相談受付中 | データ通信専用（電話番号なし） | simフリー端末のみ対応 説明書付 イーシム DeSiM,8020,1,,,,,,17일,17일,,unknown,lte_4g_only,,,"{""ctm"": null, ""china_telecom_macau"": null, ""three_macau"": null}","{""skt"": null, ""kt"": null, ""lgu"": null}",unlimited,https://www.amazon.co.jp/eSIM%E3%80%9117%E6%97%A5%E9%96%93%E5%AE%8C%E5%85%A8%E7%84%A1%E5%88%B6%E9%99%90%EF%BC%88%E4%BD%BF%E3%81%84%E6%94%BE%E9%A1%8C%E3%80%81%E4%BD%8E%E9%80%9F%E3%81%AA%E3%81%97%EF%BC%89-LINE%E7%9B%B8%E8%AB%87%E5%8F%97%E4%BB%98%E4%B8%AD%EF%BD%9C%E5%BD%93%E6%97%A5%E7%99%BA%E8%A1%8C%E5%8F%AF%E8%83%BD-%E3%83%87%E3%83%BC%E3%82%BF%E9%80%9A%E4%BF%A1%E5%B0%82%E7%94%A8%EF%BC%88%E9%9B%BB%E8%A9%B1%E7%95%AA%E5%8F%B7%E3%81%AA%E3%81%97%EF%BC%89-sim%E3%83%95%E3%83%AA%E3%83%BC%E7%AB%AF%E6%9C%AB%E3%81%AE%E3%81%BF%E5%AF%BE%E5%BF%9C-DeSiM/dp/B0F1DX8V28,B0F1DX8V28,B0F1DX8V28,DeSiM,DeSiMのストアを表示,"{""price_jpy"": [""￥8,020""], ""usage_validity"": [""【香港・マカオ eSIM】17日間完全無制限（使い放題、低速なし） DeSiM正規卸 | LINE相談受付中 | データ通信専用（電話番号なし） | simフリー端末のみ対応 説明書付 イーシム DeSiM""], ""data_amount"": [""【香港・マカオ eSIM】17日間完全無制限（使い放題、低速なし） DeSiM正規卸 | LINE相談受付中｜当日発行可能 | データ通信専用（電話番号なし） | simフリー端末のみ対応 説明書付 イーシム DeSiM""], ""network_type"": [""no_local_or_roaming_keyword_matched""], ""network_generation"": [""product_info_cellular_4g_lte: source:product_info_cellular: 携帯電話技術 LTE"", ""product_info_cellular_4g_lte: source:product_info_cellular: 携帯電話技術 LTE""], ""review_count"": [""detail_page: (1)""], ""title"": [""【香港・マカオ eSIM】17日間完全無制限（使い放題、低速なし） DeSiM正規卸 | LINE相談受付中 | データ通信専用（電話番号なし） | simフリー端末のみ対応 説明書付 イーシム DeSiM""]}"
amazon_jp,mo,【香港・マカオ eSIM】28日間完全無制限（使い放題、低速なし） DeSiM正規卸 | LINE相談受付中 | データ通信専用（電話番号なし） | simフリー端末のみ対応 説明書付 イーシム DeSiM,12710,2,,,,,,28일,28일,,unknown,unknown,,,"{""ctm"": null, ""china_telecom_macau"": null, ""three_macau"": null}","{""skt"": null, ""kt"": null, ""lgu"": null}",unlimited,https://www.amazon.co.jp/eSIM%E3%80%9128%E6%97%A5%E9%96%93%E5%AE%8C%E5%85%A8%E7%84%A1%E5%88%B6%E9%99%90%EF%BC%88%E4%BD%BF%E3%81%84%E6%94%BE%E9%A1%8C%E3%80%81%E4%BD%8E%E9%80%9F%E3%81%AA%E3%81%97%EF%BC%89-LINE%E7%9B%B8%E8%AB%87%E5%8F%97%E4%BB%98%E4%B8%AD%EF%BD%9C%E5%BD%93%E6%97%A5%E7%99%BA%E8%A1%8C%E5%8F%AF%E8%83%BD-%E3%83%87%E3%83%BC%E3%82%BF%E9%80%9A%E4%BF%A1%E5%B0%82%E7%94%A8%EF%BC%88%E9%9B%BB%E8%A9%B1%E7%95%AA%E5%8F%B7%E3%81%AA%E3%81%97%EF%BC%89-sim%E3%83%95%E3%83%AA%E3%83%BC%E7%AB%AF%E6%9C%AB%E3%81%AE%E3%81%BF%E5%AF%BE%E5%BF%9C-DeSiM/dp/B0F1DX8NQQ,B0F1DX8NQQ,B0F1DX8NQQ,DeSiM,DeSiMのストアを表示,"{""price_jpy"": [""￥12,710""], ""usage_validity"": [""【香港・マカオ eSIM】28日間完全無制限（使い放題、低速なし） DeSiM正規卸 | LINE相談受付中 | データ通信専用（電話番号なし） | simフリー端末のみ対応 説明書付 イーシム DeSiM""], ""data_amount"": [""【香港・マカオ eSIM】28日間完全無制限（使い放題、低速なし） DeSiM正規卸 | LINE相談受付中｜当日発行可能 | データ通信専用（電話番号なし） | simフリー端末のみ対応 説明書付 イーシム DeSiM""], ""network_type"": [""no_local_or_roaming_keyword_matched""], ""network_generation"": [""fallback_5g: source:fallback_all_text: Amazon.co.jp: 【香港・マカオ eSIM】28日間完全無制限（使い放題、低速なし） DeSiM正規卸 | LINE相談受付中 | データ通信専用（電話番号なし） | simフリー端末のみ対応 説明書付 イーシム DeSiM : 家電＆カメラ 次に移動 メインコンテンツ この商品について この商品"", ""fallback_only_network_generation_signal""], ""review_count"": [""detail_page: (2)""], ""title"": [""【香港・マカオ eSIM】28日間完全無制限（使い放題、低速なし） DeSiM正規卸 | LINE相談受付中 | データ通信専用（電話番号なし） | simフリー端末のみ対応 説明書付 イーシム DeSiM""]}"
amazon_jp,mo,【香港・マカオ eSIM】16日間完全無制限（使い放題、低速なし） DeSiM正規卸 | LINE相談受付中 | データ通信専用（電話番号なし） | simフリー端末のみ対応 説明書付 イーシム DeSiM,7580,1,,,,,3287,16일,16일,,unknown,lte_4g_only,,,"{""ctm"": null, ""china_telecom_macau"": null, ""three_macau"": null}","{""skt"": null, ""kt"": null, ""lgu"": null}",unlimited,https://www.amazon.co.jp/eSIM%E3%80%9116%E6%97%A5%E9%96%93%E5%AE%8C%E5%85%A8%E7%84%A1%E5%88%B6%E9%99%90%EF%BC%88%E4%BD%BF%E3%81%84%E6%94%BE%E9%A1%8C%E3%80%81%E4%BD%8E%E9%80%9F%E3%81%AA%E3%81%97%EF%BC%89-LINE%E7%9B%B8%E8%AB%87%E5%8F%97%E4%BB%98%E4%B8%AD%EF%BD%9C%E5%BD%93%E6%97%A5%E7%99%BA%E8%A1%8C%E5%8F%AF%E8%83%BD-%E3%83%87%E3%83%BC%E3%82%BF%E9%80%9A%E4%BF%A1%E5%B0%82%E7%94%A8%EF%BC%88%E9%9B%BB%E8%A9%B1%E7%95%AA%E5%8F%B7%E3%81%AA%E3%81%97%EF%BC%89-sim%E3%83%95%E3%83%AA%E3%83%BC%E7%AB%AF%E6%9C%AB%E3%81%AE%E3%81%BF%E5%AF%BE%E5%BF%9C-DeSiM/dp/B0F1DW3KBV,B0F1DW3KBV,B0F1DW3KBV,DeSiM,DeSiMのストアを表示,"{""price_jpy"": [""￥7,580""], ""usage_validity"": [""【香港・マカオ eSIM】16日間完全無制限（使い放題、低速なし） DeSiM正規卸 | LINE相談受付中 | データ通信専用（電話番号なし） | simフリー端末のみ対応 説明書付 イーシム DeSiM""], ""data_amount"": [""【香港・マカオ eSIM】16日間完全無制限（使い放題、低速なし） DeSiM正規卸 | LINE相談受付中｜当日発行可能 | データ通信専用（電話番号なし） | simフリー端末のみ対応 説明書付 イーシム DeSiM""], ""network_type"": [""no_local_or_roaming_keyword_matched""], ""network_generation"": [""product_info_cellular_4g_lte: source:product_info_cellular: 携帯電話技術 LTE"", ""product_info_cellular_4g_lte: source:product_info_cellular: 携帯電話技術 LTE""], ""review_count"": [""detail_page: (1)""], ""bestseller_rank"": [""Amazon 売れ筋ランキング 家電＆カメラ - 542,279位 ( 家電＆カメラの売れ筋ランキングを見る ) プリペイドSIMカード - 3,287位""], ""title"": [""【香港・マカオ eSIM】16日間完全無制限（使い放題、低速なし） DeSiM正規卸 | LINE相談受付中 | データ通信専用（電話番号なし） | simフリー端末のみ対応 説明書付 イーシム DeSiM""]}"
amazon_jp,mo,【カンボジア eSIM】7日間 8GB（六泊七日 コスパ重視） DeSiM正規卸 | LINE相談受付中 |韓国、シンガポール、マレーシア、タイ、香港、マカオ、台湾、ベトナム、インドネシア、中国、フィリピンも利用可能データ通信専用（電話番号なし） simフリー端末のみ対応 説明書付 イーシム DeSiM,6600,2,,,,,1985,3일,3일,7일,local,unknown,,,"{""ctm"": null, ""china_telecom_macau"": null, ""three_macau"": null}","{""skt"": null, ""kt"": null, ""lgu"": null}",unlimited,https://www.amazon.co.jp/eSIM%E3%80%917%E6%97%A5%E9%96%93-8GB%EF%BC%88%E5%85%AD%E6%B3%8A%E4%B8%83%E6%97%A5-LINE%E7%9B%B8%E8%AB%87%E5%8F%97%E4%BB%98%E4%B8%AD-sim%E3%83%95%E3%83%AA%E3%83%BC%E7%AB%AF%E6%9C%AB%E3%81%AE%E3%81%BF%E5%AF%BE%E5%BF%9C/dp/B0D7Z8GHX9,B0D7Z8GHX9,B0D7Z8GHX9,DeSiM,DeSiMのストアを表示,"{""price_jpy"": [""￥6,600""], ""usage_validity"": [""【SKTelecoｍ公式認証】 韓国eSIM 3日間 (72時間) 電話番号付き 超高速データ無制限 最初の5分発信無料(韓国国内) お急ぎの方即時発行可(LINE相談受付中) 有効期限／ご購入日より120日以内 現地空港サポート(SKTelecomローミングセンター) SKテレコム正規品 韓国SIMカードタイプではありません""], ""activation_validity"": [""【カンボジア eSIM】7日間 8GB（六泊七日 コスパ重視） DeSiM正規卸 | LINE相談受付中 |韓国、シンガポール、マレーシア、タイ、香港、マカオ、台湾、ベトナム、インドネシア、中国、フィリピンも利用可能データ通信専用（電話番号なし） simフリー端末のみ対応 説明書付 イーシム DeSiM""], ""data_amount"": [""商品の説明 購入前の注意事項 【注意事項】 注意事項①：電話番号は付与されませんので、ご注意ください。 注意事項②：SIMロックフリー端末、もしくはSIMフリー端末専用のサービスです。必ず、ご利用端末がeSIM対応かどうかご確認ください。 注意事項③：2021年10月1日以前にSIMロック解除をキャリア店頭またはインターネットでされた「Android端末」は""], ""network_type"": [""商品の説明 購入前の注意事項 【注意事項】 注意事項①：電話番号は付与されませんので、ご注意ください。 注意事項②：SIMロックフリー端末、もしくはSIMフリー端末専用のサービスです。必ず、ご利用端末がeSIM対応かどうかご確認ください。 注意事項③：2021年10月1日以前にSIMロック解除をキャリア店頭またはインターネットでされた「Android端末」は"", ""【チャージで延長も可能】中国電話番号付き（30分/SMS30通）！シーズンSIM（中国本土・香港・日本・韓国で利用可能）90日間6GBデータ高速通信 プリペイドSIMカード 面倒な契約不要 Chinaunicom (通常版)Google、Facebook、Instagram、LINEなどSNSに接続可能。※台湾での利用はできません。※香港ではデータ通信のみ通"", ""score: local=15, roaming=1""], ""network_generation"": [""fallback_5g: source:image_alt: 【韓国 eSIM】3日間 5GB（二泊三日間 コスパ重視） DeSiM正規卸 | LINE相談受付中 | 当日発行可能 |データ通信専用（電話番号なし） simフリー端末のみ対応 説明書付 イーシム"", ""fallback_4g_lte: source:image_alt: プリペイドSIMカード 【RAKUTEN回線】 国内海外 プリペイドSIM 3GB/月1年間有効 5G/4G-LTE対応 SMS認証可能 データ通信 専用 SIMカード (3GB SMS付き)"", ""fallback_only_network_generation_signal""], ""review_count"": [""detail_page: (2)""], ""bestseller_rank"": [""Amazon 売れ筋ランキング 家電＆カメラ - 263,270位 ( 家電＆カメラの売れ筋ランキングを見る ) プリペイドSIMカード - 1,985位""], ""title"": [""【カンボジア eSIM】7日間 8GB（六泊七日 コスパ重視） DeSiM正規卸 | LINE相談受付中 |韓国、シンガポール、マレーシア、タイ、香港、マカオ、台湾、ベトナム、インドネシア、中国、フィリピンも利用可能データ通信専用（電話番号なし） simフリー端末のみ対応 説明書付 イーシム DeSiM""]}"
amazon_jp,mo,【香港 eSIM 無制限】 高速データ毎日使い放題 |マカオでも使える | デザリング利用にも最適 | 現地キャリア回線 | 5日間 (5日間),2280,1,,,,,3346,5일,5일,,unknown,unknown,,,"{""ctm"": null, ""china_telecom_macau"": null, ""three_macau"": null}","{""skt"": null, ""kt"": null, ""lgu"": null}",unlimited,https://www.amazon.co.jp/%E9%AB%98%E9%80%9F%E3%83%87%E3%83%BC%E3%82%BF%E6%AF%8E%E6%97%A5%E4%BD%BF%E3%81%84%E6%94%BE%E9%A1%8C-%E3%83%9E%E3%82%AB%E3%82%AA%E3%81%A7%E3%82%82%E4%BD%BF%E3%81%88%E3%82%8B-%E3%83%87%E3%82%B6%E3%83%AA%E3%83%B3%E3%82%B0%E5%88%A9%E7%94%A8%E3%81%AB%E3%82%82%E6%9C%80%E9%81%A9-%E7%8F%BE%E5%9C%B0%E3%82%AD%E3%83%A3%E3%83%AA%E3%82%A2%E5%9B%9E%E7%B7%9A-5%E6%97%A5%E9%96%93/dp/B0D1FNW5X2,B0D1FNW5X2,B0D1FNW5X2,MEkeSIM,MEkeSIMのストアを表示,"{""price_jpy"": [""￥2,280""], ""usage_validity"": [""【香港 eSIM 無制限】 高速データ毎日使い放題 |マカオでも使える | デザリング利用にも最適 | 現地キャリア回線 | 5日間 (5日間)""], ""data_amount"": [""【特徴】香港三大通信キャリア（SmarTone, Hong Kong Telecom, 3Hong Kong）回線をeSIMプランへバンドルしましたこれらの回線の高速データ通信を毎日無制限で利用できますマカオへ移動しても同じように使えます""], ""network_type"": [""local_signal: 【香港 eSIM 無制限】 高速データ毎日使い放題 |マカオでも使える | デザリング利用にも最適 | 現地キャリア回線 | 5日間 (5日間)"", ""roaming_signal: 【特徴②】eSIM対応のスマートフォン（iOS、Androidのいずれでも）であれば、QRコードをスキャンすることにより、ご購入いただいたeSIMのソフトウェアをスマートフォンへインストールできます現地到着後にデータ通信ローミングをONにするだけの簡単な操作で、ただちにeSIMがアクティベート（稼働開始）されてデータ通信が可能となりますただし、Android"", ""insufficient_or_conflicting_signals(local=18, roaming=3)""], ""network_generation"": [""fallback_5g: source:image_alt: 【香港・マカオ eSIM】5日間 0.5GB/毎日（四泊五日 コスパ重視） DeSiM正規卸 | LINE相談受付中 |データ通信専用（電話番号なし） | simフリー端末のみ対応 説明書付 イーシム"", ""fallback_only_network_generation_signal""], ""review_count"": [""detail_page: (1)""], ""bestseller_rank"": [""Amazon 売れ筋ランキング 家電＆カメラ - 537,041位 ( 家電＆カメラの売れ筋ランキングを見る ) プリペイドSIMカード - 3,346位""], ""title"": [""【香港 eSIM 無制限】 高速データ毎日使い放題 |マカオでも使える | デザリング利用にも最適 | 現地キャリア回線 | 5日間 (5日間)""]}"
amazon_jp,mo,【Almond SIM】東南アジア SIMカード シンガポール マレーシア タイ インドネシア 5日間10GB高速データ通信 20分間現地通話 24時間カスタマーサポート 4G-LTE対応 プリペイド SIMカード Singapore Malaysia Thailand Indonesia simカード (5日間10GB+20分間現地通話),1780,40,,,,,714,5일,5일,180일,local,lte_4g_only,,,"{""ctm"": null, ""china_telecom_macau"": null, ""three_macau"": null}","{""skt"": null, ""kt"": null, ""lgu"": null}",unlimited,https://www.amazon.co.jp/SIM%E3%80%91%E6%9D%B1%E5%8D%97%E3%82%A2%E3%82%B8%E3%82%A2-5%E6%97%A5%E9%96%9310GB%E9%AB%98%E9%80%9F%E3%83%87%E3%83%BC%E3%82%BF%E9%80%9A%E4%BF%A1-20%E5%88%86%E9%96%93%E7%8F%BE%E5%9C%B0%E9%80%9A%E8%A9%B1-24%E6%99%82%E9%96%93%E3%82%AB%E3%82%B9%E3%82%BF%E3%83%9E%E3%83%BC%E3%82%B5%E3%83%9D%E3%83%BC%E3%83%88-5%E6%97%A5%E9%96%9310GB/dp/B0DLKM3CM2,B0DLKM3CM2,B0DLKM3CM2,株式会社ビッグコネクト,bigconnectのストアを表示,"{""price_jpy"": [""￥1,780""], ""usage_validity"": [""【Almond SIM】東南アジア SIMカード シンガポール マレーシア タイ インドネシア 5日間10GB高速データ通信 20分間現地通話 24時間カスタマーサポート 4G-LTE対応 プリペイド SIMカード Singapore Malaysia Thailand Indonesia simカード (5日間10GB+20分間現地通話)""], ""activation_validity"": [""【有効期限】SIMカード有効期限：ご購入してから180日間有効。東南アジアへの渡航スケジュールに合わせて手軽に利用できます。東南アジアで広範囲にわたる信号と安定したネットワーク、高速な通信速度を提供します。""], ""data_amount"": [""【音声データプラン】※データ容量無制限。ただしデータ一日使用量が2GBに達すると最大通信速度が512kbpsに低下します。翌日の現地時間0時自動的にスピード制限を解除します。デザリングも使用できます。また、現地20分間の電話プランが含まれており、現地での連絡にも便利。""], ""network_type"": [""【チョコSIM 定額（Sプラン）】【中国の電話番号付きでアプリや施設サービスのSMS認証が可能】【データ容量】合計500MB/月【音声】合計20分間/月 データ/音声/SMS付きSIMカード 中国SIM マカオSIM China unicom ※こちらのSIMカードは契約後、毎月の基本料が発生いたします。※2024年11月1日から台湾でのご利用はできなくなり"", ""【SKTelecoｍ公式認証】 韓国eSIM 3日間 (72時間) 電話番号付き 超高速データ無制限 最初の5分発信無料(韓国国内) お急ぎの方即時発行可(LINE相談受付中) 有効期限／ご購入日より120日以内 現地空港サポート(SKTelecomローミングセンター) SKテレコム正規品 韓国SIMカードタイプではありません"", ""score: local=6, roaming=1""], ""network_generation"": [""product_info_cellular_4g_lte: source:product_info_cellular: 携帯電話技術 LTE"", ""product_info_cellular_4g_lte: source:product_info_cellular: 携帯電話技術 LTE""], ""review_count"": [""detail_page: (40)""], ""bestseller_rank"": [""Amazon 売れ筋ランキング 家電＆カメラ - 71,384位 ( 家電＆カメラの売れ筋ランキングを見る ) プリペイドSIMカード - 714位""], ""title"": [""【Almond SIM】東南アジア SIMカード シンガポール マレーシア タイ インドネシア 5日間10GB高速データ通信 20分間現地通話 24時間カスタマーサポート 4G-LTE対応 プリペイド SIMカード Singapore Malaysia Thailand Indonesia simカード (5日間10GB+20分間現地通話)""]}"
amazon_jp,mo,大中華区SIMカード-中国、香港、マカオ、台湾向けプリペイドデータプラン｜1 GB毎日データ、3日有効期限｜高速4/5 G LTE｜旅行者に最適,2709,4,,,,,3447,3일,3일,3일,unknown,lte_4g_only,,,"{""ctm"": null, ""china_telecom_macau"": null, ""three_macau"": null}","{""skt"": null, ""kt"": null, ""lgu"": null}",1GB,https://www.amazon.co.jp/%E5%A4%A7%E4%B8%AD%E8%8F%AF%E5%8C%BASIM%E3%82%AB%E3%83%BC%E3%83%89-%E4%B8%AD%E5%9B%BD%E3%80%81%E9%A6%99%E6%B8%AF%E3%80%81%E3%83%9E%E3%82%AB%E3%82%AA%E3%80%81%E5%8F%B0%E6%B9%BE%E5%90%91%E3%81%91%E3%83%97%E3%83%AA%E3%83%9A%E3%82%A4%E3%83%89%E3%83%87%E3%83%BC%E3%82%BF%E3%83%97%E3%83%A9%E3%83%B3%EF%BD%9C1-GB%E6%AF%8E%E6%97%A5%E3%83%87%E3%83%BC%E3%82%BF%E3%80%813%E6%97%A5%E6%9C%89%E5%8A%B9%E6%9C%9F%E9%99%90%EF%BD%9C%E9%AB%98%E9%80%9F4-5-G-LTE%EF%BD%9C%E6%97%85%E8%A1%8C%E8%80%85%E3%81%AB%E6%9C%80%E9%81%A9/dp/B0DSFZB4RS,B0DSFZB4RS,B0DSFZB4RS,Mossroam,mossroamのストアを表示,"{""price_jpy"": [""￥2,709""], ""usage_validity"": [""大中華区SIMカード-中国、香港、マカオ、台湾向けプリペイドデータプラン｜1 GB毎日データ、3日有効期限｜高速4/5 G LTE｜旅行者に最適""], ""activation_validity"": [""Amazon.co.jp: 大中華区SIMカード-中国、香港、マカオ、台湾向けプリペイドデータプラン｜1 GB毎日データ、3日有効期限｜高速4/5 G LTE｜旅行者に最適 : 家電＆カメラ""], ""data_amount"": [""柔軟なデータプラン-1 GBまたは2 GBの毎日のデータから選択し、旅行のスケジュールに合わせて1日から10日まで有効です""], ""network_type"": [""local_signal: 【SKTelecoｍ公式認証】 韓国eSIM 3日間 (72時間) 電話番号付き 超高速データ無制限 最初の5分発信無料(韓国国内) お急ぎの方即時発行可(LINE相談受付中) 有効期限／ご購入日より120日以内 現地空港サポート(SKTelecomローミングセンター) SKテレコム正規品 韓国SIMカードタイプではありません"", ""roaming_signal: 商品の説明 Previous page Next page 大中国全域でつながりを保つ 中国大陸,香港,マカオ,台湾などの象徴的な場所を訪れる観光客であろうと,主要都市の会議に出席するビジネス旅行者であろうと,私たちのデータのみのSIMは,ローミング料金や高い料金なしにオンラインに滞在することを保証します. ビデオでは使用中の商品を紹介しています。 このビデ"", ""insufficient_or_conflicting_signals(local=3, roaming=3)""], ""network_generation"": [""product_info_cellular_4g_lte: source:product_info_cellular: 携帯電話技術 LTE"", ""product_info_cellular_4g_lte: source:product_info_cellular: 携帯電話技術 LTE""], ""review_count"": [""detail_page: (4)""], ""bestseller_rank"": [""Amazon 売れ筋ランキング 家電＆カメラ - 596,702位 ( 家電＆カメラの売れ筋ランキングを見る ) プリペイドSIMカード - 3,447位""], ""title"": [""大中華区SIMカード-中国、香港、マカオ、台湾向けプリペイドデータプラン｜1 GB毎日データ、3日有効期限｜高速4/5 G LTE｜旅行者に最適""]}"
amazon_jp,mo,【設定カンタン】すぐ使える！eSIM データ通信専用 超高速 香港 マカオ HongKong Macao 5日間 合計3GB 一時帰国 留学 短期 出張 旅行 ★メール発送★,279,,,,,,3625,5일,5일,,unknown,unknown,,,"{""ctm"": null, ""china_telecom_macau"": null, ""three_macau"": null}","{""skt"": null, ""kt"": null, ""lgu"": null}",3GB,https://www.amazon.co.jp/%E3%80%90%E8%A8%AD%E5%AE%9A%E3%82%AB%E3%83%B3%E3%82%BF%E3%83%B3%E3%80%91%E3%81%99%E3%81%90%E4%BD%BF%E3%81%88%E3%82%8B%EF%BC%81eSIM-%E3%83%87%E3%83%BC%E3%82%BF%E9%80%9A%E4%BF%A1%E5%B0%82%E7%94%A8-HongKong-%E5%90%88%E8%A8%883GB-%E2%98%85%E3%83%A1%E3%83%BC%E3%83%AB%E7%99%BA%E9%80%81%E2%98%85/dp/B0GCGY5QH2,B0GCGY5QH2,B0GCGY5QH2,Triple Dreamのストアを表示,Triple Dreamのストアを表示,"{""price_jpy"": [""￥279から1個のオプション 1GB/日 ￥396から1個のオプション 2""], ""usage_validity"": [""【設定カンタン】すぐ使える！eSIM データ通信専用 超高速 香港 マカオ HongKong Macao 5日間 合計3GB 一時帰国 留学 短期 出張 旅行 ★メール発送★""], ""data_amount"": [""型番 合計3GB""], ""network_type"": [""no_local_or_roaming_keyword_matched""], ""network_generation"": [""fallback_5g: source:fallback_all_text: Amazon.co.jp: 【設定カンタン】すぐ使える！eSIM データ通信専用 超高速 香港 マカオ HongKong Macao 5日間 合計3GB 一時帰国 留学 短期 出張 旅行 ★メール発送★ : 家電＆カメラ 次に移動 メインコンテンツ この商品について この商品について この商品について 購入"", ""fallback_only_network_generation_signal""], ""bestseller_rank"": [""Amazon 売れ筋ランキング 家電＆カメラ - 673,384位 ( 家電＆カメラの売れ筋ランキングを見る ) プリペイドSIMカード - 3,625位""], ""title"": [""【設定カンタン】すぐ使える！eSIM データ通信専用 超高速 香港 マカオ HongKong Macao 5日間 合計3GB 一時帰国 留学 短期 出張 旅行 ★メール発送★""]}"
amazon_jp,mo,大中華区eSIMカード-中国、香港、マカオ、台湾向けプリペイドデータプラン｜2 GB毎日データ、10日｜物理SIMカード不要｜即時アクティブ化,8009,2,,,,,3661,1일,1일,10일,unknown,lte_4g_only,,,"{""ctm"": null, ""china_telecom_macau"": null, ""three_macau"": null}","{""skt"": null, ""kt"": null, ""lgu"": null}",1GB,https://www.amazon.co.jp/mossroam-Days-Daily-%E5%A4%A7%E4%B8%AD%E8%8F%AF%E5%8C%BAeSIM%E3%82%AB%E3%83%BC%E3%83%89-%E4%B8%AD%E5%9B%BD%E3%80%81%E9%A6%99%E6%B8%AF%E3%80%81%E3%83%9E%E3%82%AB%E3%82%AA%E3%80%81%E5%8F%B0%E6%B9%BE%E5%90%91%E3%81%91%E3%83%97%E3%83%AA%E3%83%9A%E3%82%A4%E3%83%89%E3%83%87%E3%83%BC%E3%82%BF%E3%83%97%E3%83%A9%E3%83%B3%EF%BD%9C2-GB%E6%AF%8E%E6%97%A5%E3%83%87%E3%83%BC%E3%82%BF%E3%80%8110%E6%97%A5%EF%BD%9C%E7%89%A9%E7%90%86SIM%E3%82%AB%E3%83%BC%E3%83%89%E4%B8%8D%E8%A6%81%EF%BD%9C%E5%8D%B3%E6%99%82%E3%82%A2%E3%82%AF%E3%83%86%E3%82%A3%E3%83%96%E5%8C%96/dp/B0DSFVWZF9,B0DSFVWZF9,B0DSFVWZF9,Mossroam,mossroamのストアを表示,"{""price_jpy"": [""￥8,009""], ""usage_validity"": [""大中華区SIMカード-中国、香港、マカオ、台湾向けプリペイドデータプラン｜1 GB毎日データ、1日有効期限｜高速4/5 G LTE｜旅行者に最適""], ""activation_validity"": [""大中華区eSIMカード-中国、香港、マカオ、台湾向けプリペイドデータプラン｜2 GB毎日データ、10日｜物理SIMカード不要｜即時アクティブ化""], ""data_amount"": [""柔軟なデータプラン - 1日あたりのデータ量を1GBまたは2GBから選択でき、プラン期間は1～10日間と、ご旅行のニーズに合わせてお選びいただけます""], ""network_type"": [""local_signal: 【eSIM】【チャージで延長も可能】中国電話番号付き（30分/SMS30通）！シーズンSIM（中国本土・香港・日本・韓国で利用可能）90日間6GBデータ高速通信 プリペイドSIMカード 面倒な契約不要 (eSIMダウンロード版) ※台湾での利用はでき"", ""roaming_signal: 商品の説明 Previous page Next page 中華圏のネットワークを維持しましょう お客様が中国本土、香港、マカオ、台湾などの象徴的な場所を訪れる観光客であっても、主要都市での会議に出席するビジネス旅行者であっても、当社のデータ専用esimは、ローミング料金や高額な料金なしでオンラインを維持します。 ビデオでは使用中の商品を紹介しています。 こ"", ""insufficient_or_conflicting_signals(local=6, roaming=5)""], ""network_generation"": [""product_info_cellular_4g_lte: source:product_info_cellular: 携帯電話技術 LTE"", ""product_info_cellular_4g_lte: source:product_info_cellular: 携帯電話技術 LTE""], ""review_count"": [""detail_page: (2)""], ""bestseller_rank"": [""Amazon 売れ筋ランキング 家電＆カメラ - 692,520位 ( 家電＆カメラの売れ筋ランキングを見る ) プリペイドSIMカード - 3,661位""], ""title"": [""大中華区eSIMカード-中国、香港、マカオ、台湾向けプリペイドデータプラン｜2 GB毎日データ、10日｜物理SIMカード不要｜即時アクティブ化""]}"
amazon_jp,mo,アジア太平洋11カ国 シンガポール・タイ・ベトナム・マレーシア eSIM 7日間 高速データ使い放題 Jet Sim 無制限 7日 ジェットシム,3480,17,,,,,457,7일,7일,30일,unknown,5g_capable,,,"{""ctm"": null, ""china_telecom_macau"": null, ""three_macau"": null}","{""skt"": null, ""kt"": null, ""lgu"": null}",unlimited,https://www.amazon.co.jp/%E3%82%A2%E3%82%B8%E3%82%A2%E5%A4%AA%E5%B9%B3%E6%B4%8B12%E3%82%AB%E5%9B%BD-%E3%82%B7%E3%83%B3%E3%82%AC%E3%83%9D%E3%83%BC%E3%83%AB%E3%83%BB%E3%82%BF%E3%82%A4%E3%83%BB%E3%83%99%E3%83%88%E3%83%8A%E3%83%A0%E3%83%BB%E3%83%9E%E3%83%AC%E3%83%BC%E3%82%B7%E3%82%A2-7%E6%97%A5%E9%96%93-%E9%AB%98%E9%80%9F%E3%83%87%E3%83%BC%E3%82%BF%E4%BD%BF%E3%81%84%E6%94%BE%E9%A1%8C-%E3%82%B8%E3%82%A7%E3%83%83%E3%83%88%E3%82%B7%E3%83%A0/dp/B0FL1KS3PQ,B0FL1KS3PQ,B0FL1KS3PQ,ジェスロモバイル,JETSIMのストアを表示,"{""price_jpy"": [""￥3,480""], ""usage_validity"": [""アジア太平洋11カ国 シンガポール・タイ・ベトナム・マレーシア eSIM 7日間 高速データ使い放題 Jet Sim 無制限 7日 ジェットシム""], ""activation_validity"": [""商品の説明 購入後すぐにeSIMを使えますか？ はい、すぐにご利用いただけます。スムーズにご利用いただくために、申請フォームのご提出をお願いいたします。 eSIMのアクティベーションは必要ですか？ アクティベーションは不要です。eSIMをスマートフォンに追加すれば、現地に到着次第、自動的に接続されます！ 複数の国で利用できるプランは国をまたいで移動する際も、""], ""data_amount"": [""【データ無制限】 アジア太平洋11カ国 シンガポール・タイ・ベトナム・マレーシア等で7日間、5G/4G-LTE高速データ使い放題。テザリング対応。""], ""network_type"": [""no_local_or_roaming_keyword_matched""], ""network_generation"": [""product_info_cellular_5g: source:product_info_cellular: 携帯電話技術 LTE, 5G"", ""product_info_cellular_5g: source:product_info_cellular: 携帯電話技術 LTE, 5G"", ""product_info_cellular_4g_lte_signal_present_but_5g_capable_takes_precedence""], ""review_count"": [""detail_page: (17)""], ""bestseller_rank"": [""Amazon 売れ筋ランキング 家電＆カメラ - 40,857位 ( 家電＆カメラの売れ筋ランキングを見る ) プリペイドSIMカード - 457位""], ""title"": [""アジア太平洋11カ国 シンガポール・タイ・ベトナム・マレーシア eSIM 7日間 高速データ使い放題 Jet Sim 無制限 7日 ジェットシム""]}"
amazon_jp,mo,【東南アジア eSIM】 シンガポール マレーシア タイ インドネシア プリペイド simカード 定額高速データ通信 即日発行可能 データ通信専用 東南アジア sim Southeast Asia eSIM (12日間・10GB),1890,10,,,,,1061,12일,12일,90일,local,unknown,,,"{""ctm"": null, ""china_telecom_macau"": null, ""three_macau"": null}","{""skt"": null, ""kt"": null, ""lgu"": null}",10GB,https://www.amazon.co.jp/%E3%80%90%E6%9D%B1%E5%8D%97%E3%82%A2%E3%82%B8%E3%82%A2-%E5%AE%9A%E9%A1%8D%E9%AB%98%E9%80%9F%E3%83%87%E3%83%BC%E3%82%BF%E9%80%9A%E4%BF%A1-%E3%83%87%E3%83%BC%E3%82%BF%E9%80%9A%E4%BF%A1%E5%B0%82%E7%94%A8-Southeast-12%E6%97%A5%E9%96%93%E3%83%BB10GB/dp/B0CXMXKH37,B0CXMXKH37,B0CXMXKH37,Global Simcard,アーモンド　ＳＩｍ　ｃａｒｄのストアを表示,"{""price_jpy"": [""￥1,890""], ""usage_validity"": [""【東南アジア eSIM】 シンガポール マレーシア タイ インドネシア プリペイド simカード 定額高速データ通信 即日発行可能 データ通信専用 東南アジア sim Southeast Asia eSIM (12日間・10GB)""], ""activation_validity"": [""✿【有効期限】メールでお届けした90日以内にご利用ください。""], ""data_amount"": [""✿【データ容量】ご利用期間内にデータ量が10GBに達すると、通信が停止します。""], ""network_type"": [""【チョコSIM 定額（Sプラン）】【中国の電話番号付きでアプリや施設サービスのSMS認証が可能】【データ容量】合計500MB/月【音声】合計20分間/月 データ/音声/SMS付きSIMカード 中国SIM マカオSIM China unicom ※こちらのSIMカードは契約後、毎月の基本料が発生いたします。※2024年11月1日から台湾でのご利用はできなくなり"", ""【SKTelecoｍ公式認証】 韓国eSIM 3日間 (72時間) 電話番号付き 超高速データ無制限 最初の5分発信無料(韓国国内) お急ぎの方即時発行可(LINE相談受付中) 有効期限／ご購入日より120日以内 現地空港サポート(SKTelecomローミングセンター) SKテレコム正規品 韓国SIMカードタイプではありません"", ""score: local=6, roaming=1""], ""network_generation"": [""fallback_5g: source:image_alt: 【eSIM・返品交換無料】 タイ 無制限 20日間 通信 シム SIM カード 5G 対応 使い放題 iPhone Android WIFI 返金保証 TH_20"", ""fallback_4g_lte: source:image_alt: シンガポール、マレーシア、インドネシア、タイ eSIM | 3日間 | 高速データ無制限使い放題 5G/4G | QRコード 当日発行可 メール登録で即納品即利用可 | LINEサポート | データ通信専用(電話番号なし)| 日本で事前設定OK | テザリング可能 | パスポート情報不要・事前登録なし (3日間(無制限))"", ""fallback_only_network_generation_signal""], ""review_count"": [""detail_page: (10)""], ""bestseller_rank"": [""Amazon 売れ筋ランキング 家電＆カメラ - 123,615位 ( 家電＆カメラの売れ筋ランキングを見る ) プリペイドSIMカード - 1,061位""], ""title"": [""【東南アジア eSIM】 シンガポール マレーシア タイ インドネシア プリペイド simカード 定額高速データ通信 即日発行可能 データ通信専用 東南アジア sim Southeast Asia eSIM (12日間・10GB)""]}"
amazon_jp,mo,【香港・マカオ eSIM】10日間 10GB（九泊十日 コスパ重視） DeSiM正規卸 | LINE相談受付中 | データ通信専用（電話番号なし） | simフリー端末のみ対応 説明書付 イーシム DeSiM,1860,24,,,,,2768,10일,10일,,local,unknown,,,"{""ctm"": null, ""china_telecom_macau"": null, ""three_macau"": null}","{""skt"": null, ""kt"": null, ""lgu"": null}",unlimited,https://www.amazon.co.jp/eSIM%E3%80%9110%E6%97%A5%E9%96%93-10GB%EF%BC%88%E4%B9%9D%E6%B3%8A%E5%8D%81%E6%97%A5-LINE%E7%9B%B8%E8%AB%87%E5%8F%97%E4%BB%98%E4%B8%AD%EF%BD%9C%E5%BD%93%E6%97%A5%E7%99%BA%E8%A1%8C%E5%8F%AF%E8%83%BD-%E3%83%87%E3%83%BC%E3%82%BF%E9%80%9A%E4%BF%A1%E5%B0%82%E7%94%A8%EF%BC%88%E9%9B%BB%E8%A9%B1%E7%95%AA%E5%8F%B7%E3%81%AA%E3%81%97%EF%BC%89-sim%E3%83%95%E3%83%AA%E3%83%BC%E7%AB%AF%E6%9C%AB%E3%81%AE%E3%81%BF%E5%AF%BE%E5%BF%9C/dp/B0DG4LV8QY,B0DG4LV8QY,B0DG4LV8QY,DeSiM,DeSiMのストアを表示,"{""price_jpy"": [""￥1,860""], ""usage_validity"": [""【香港・マカオ eSIM】10日間 10GB（九泊十日 コスパ重視） DeSiM正規卸 | LINE相談受付中 | データ通信専用（電話番号なし） | simフリー端末のみ対応 説明書付 イーシム DeSiM""], ""data_amount"": [""商品の説明 購入前の注意事項 【注意事項】 注意事項①：電話番号は付与されませんので、ご注意ください。 注意事項②：SIMロックフリー端末、もしくはSIMフリー端末専用のサービスです。必ず、ご利用端末がeSIM対応かどうかご確認ください。 注意事項③：2021年10月1日以前にSIMロック解除をキャリア店頭またはインターネットでされた「Android端末」は""], ""network_type"": [""商品の説明 購入前の注意事項 【注意事項】 注意事項①：電話番号は付与されませんので、ご注意ください。 注意事項②：SIMロックフリー端末、もしくはSIMフリー端末専用のサービスです。必ず、ご利用端末がeSIM対応かどうかご確認ください。 注意事項③：2021年10月1日以前にSIMロック解除をキャリア店頭またはインターネットでされた「Android端末」は"", ""score: local=3, roaming=1""], ""network_generation"": [""fallback_5g: source:image_alt: 中国eSIM｜中国本土・香港・マカオ対応｜4日間 高速データ無制限｜VPN付き LINE・YouTube・Google利用可｜4G/5G 即日発行可能（eSIM | 4日間）"", ""fallback_4g_lte: source:image_alt: 中国eSIM｜中国本土・香港・マカオ対応｜4日間 高速データ無制限｜VPN付き LINE・YouTube・Google利用可｜4G/5G 即日発行可能（eSIM | 4日間）"", ""fallback_only_network_generation_signal""], ""review_count"": [""detail_page: 24""], ""bestseller_rank"": [""Amazon 売れ筋ランキング 家電＆カメラ - 408,251位 ( 家電＆カメラの売れ筋ランキングを見る ) プリペイドSIMカード - 2,768位""], ""title"": [""【香港・マカオ eSIM】10日間 10GB（九泊十日 コスパ重視） DeSiM正規卸 | LINE相談受付中 | データ通信専用（電話番号なし） | simフリー端末のみ対応 説明書付 イーシム DeSiM""]}"
amazon_jp,mo,【2枚セット】中国 SIMカード｜30日間 20GB 高速データ通信＋低速無制限｜中国本土・香港・マカオ対応｜Google・LINE・YouTube利用可｜契約・本人確認不要｜24時間サポート,5480,,,,,,,1일,1일,30일,roaming,5g_capable,,,"{""ctm"": true, ""china_telecom_macau"": null, ""three_macau"": null}","{""skt"": null, ""kt"": null, ""lgu"": null}",10GB,https://www.amazon.co.jp/PLUG-TO-GO-SIM%E3%82%AB%E3%83%BC%E3%83%89%EF%BD%9C30%E6%97%A5%E9%96%93-%E9%AB%98%E9%80%9F%E3%83%87%E3%83%BC%E3%82%BF%E9%80%9A%E4%BF%A1%EF%BC%8B%E4%BD%8E%E9%80%9F%E7%84%A1%E5%88%B6%E9%99%90%EF%BD%9C%E4%B8%AD%E5%9B%BD%E6%9C%AC%E5%9C%9F%E3%83%BB%E9%A6%99%E6%B8%AF%E3%83%BB%E3%83%9E%E3%82%AB%E3%82%AA%E5%AF%BE%E5%BF%9C%EF%BD%9CGoogle%E3%83%BBLINE%E3%83%BBYouTube%E5%88%A9%E7%94%A8%E5%8F%AF%EF%BD%9C%E5%A5%91%E7%B4%84%E3%83%BB%E6%9C%AC%E4%BA%BA%E7%A2%BA%E8%AA%8D%E4%B8%8D%E8%A6%81%EF%BD%9C24%E6%99%82%E9%96%93%E3%82%B5%E3%83%9D%E3%83%BC%E3%83%88/dp/B0H2YBCFT4,B0H2YBCFT4,B0H2YBCFT4,Global eSIMshop,ブランド: PLUG TO GO,"{""price_jpy"": [""￥5,480""], ""usage_validity"": [""Amazon.co.jp: 【2枚セット】中国 SIMカード｜30日間 20GB 高速データ通信＋低速無制限｜中国本土・香港・マカオ対応｜Google・LINE・YouTube利用可｜契約・本人確認不要｜24時間サポート : 家電＆カメラ 次に移動 メインコンテンツ この商品について この商品について この商品について 購入オプション 類似商品と比較する ビ""], ""activation_validity"": [""【2枚セット】中国 SIMカード｜30日間 20GB 高速データ通信＋低速無制限｜中国本土・香港・マカオ対応｜Google・LINE・YouTube利用可｜契約・本人確認不要｜24時間サポート""], ""data_amount"": [""【高速データ通信】中国本土・香港・マカオ対応。7日間で合計10GBまで4G/5G高速通信をご利用いただけます。容量超過後も最大128kbpsで通信可能、低速無制限で安心。※本SIMカードはデータ通信専用です。音声通話・SMS・電話番号には対応しておりません。""], ""network_type"": [""【VPN不要・人気アプリ対応】中国本土では香港ローミング接続を利用するため、Google・LINE・YouTube・Instagram・X（旧Twitter）など主要アプリをご利用いただけます。契約・本人確認不要、旅行や出張にも便利なプリペイドSIMカードです。"", ""Amazon.co.jp: 【2枚セット】中国 SIMカード｜30日間 20GB 高速データ通信＋低速無制限｜中国本土・香港・マカオ対応｜Google・LINE・YouTube利用可｜契約・本人確認不要｜24時間サポート : 家電＆カメラ 次に移動 メインコンテンツ この商品について この商品について この商品について 購入オプション 類似商品と比較する ビ"", ""score: local=0, roaming=2""], ""network_generation"": [""product_info_cellular_5g: source:product_info_cellular: 携帯電話技術 5G/4G-LTE"", ""product_info_cellular_5g: source:product_info_cellular: 携帯電話技術 5G/4G-LTE""], ""carrier_support_local"": [""CTM: 【対応キャリア】中国：中国電信（China Telecom）／香港：3HK／マカオ：CTM対応。中国・香港・マカオ旅行に幅広く対応。"", ""CTM: Amazon.co.jp: 【2枚セット】中国 SIMカード｜30日間 20GB 高速データ通信＋低速無制限｜中国本土・香港・マカオ対応｜Google・LINE・YouTube利用可｜契約・本人確認不要｜24時間サポート : 家電＆カメラ 次に移動 メインコンテンツ この商品について この商品につい""], ""title"": [""【2枚セット】中国 SIMカード｜30日間 20GB 高速データ通信＋低速無制限｜中国本土・香港・マカオ対応｜Google・LINE・YouTube利用可｜契約・本人確認不要｜24時間サポート""]}"
amazon_jp,mo,【マレーシア シンガポール esim】 10日間 高速データ eSIMプラン 低速データ使い放題 マレーシアsim マレーシアesim シンガポールsim シンガポールesim 即日発行可能 プリペイド SIMカード Singapore Malaysia ESIM (10日間 高速データ),1780,9,,,,,1477,10일,10일,30일,unknown,unknown,,,"{""ctm"": true, ""china_telecom_macau"": null, ""three_macau"": null}","{""skt"": null, ""kt"": null, ""lgu"": null}",unlimited,https://www.amazon.co.jp/10%E6%97%A5%E9%96%93-%E9%AB%98%E9%80%9F%E3%83%87%E3%83%BC%E3%82%BF-%E4%BD%8E%E9%80%9F%E3%83%87%E3%83%BC%E3%82%BF%E4%BD%BF%E3%81%84%E6%94%BE%E9%A1%8C-%E3%83%9E%E3%83%AC%E3%83%BC%E3%82%B7%E3%82%A2esim-%E3%82%B7%E3%83%B3%E3%82%AC%E3%83%9D%E3%83%BC%E3%83%ABesim/dp/B0CQP5NPVF,B0CQP5NPVF,B0CQP5NPVF,Global Simcard,アーモンド　ＳＩｍ　ｃａｒｄのストアを表示,"{""price_jpy"": [""￥1,780""], ""usage_validity"": [""【マレーシア シンガポール esim】 10日間 高速データ eSIMプラン 低速データ使い放題 マレーシアsim マレーシアesim シンガポールsim シンガポールesim 即日発行可能 プリペイド SIMカード Singapore Malaysia ESIM (10日間 高速データ)""], ""activation_validity"": [""✿【有効期限】メールでお届けした後、30日以内にご利用を開始してください。""], ""data_amount"": [""✿【データ容量】無制限です。※ただし、1日のデータ使用量が1GBを超えると、最大通信速度が128kbpsに制限されます。次の日の現地時間0時に制限は自動的に解除されます。※制限は現地時間の00:00から23:59まで適用されます。""], ""network_type"": [""local_signal: 【チョコSIM 定額（Sプラン）】【中国の電話番号付きでアプリや施設サービスのSMS認証が可能】【データ容量】合計500MB/月【音声】合計20分間/月 データ/音声/SMS付きSIMカード 中国SIM マカオSIM China unicom ※こちらのSIMカードは契約後、毎月の基本料が発生いたします。※2024年11月1日から台湾でのご利用はできなくなり"", ""roaming_signal: マレーシア旅行用SIMカード - 5G/4G LTE高速データ - プリペイド＆ローミングなし、15日間合計7GB - 観光客やビジネス旅行者向けの簡単アクティベーション"", ""insufficient_or_conflicting_signals(local=6, roaming=2)""], ""network_generation"": [""fallback_5g: source:image_alt: シンガポール、マレーシア、タイ用SIMカード - プリペイドデータプラン｜10日1GBデータのみ｜4/5G高速インターネット｜旅行者に最適"", ""fallback_4g_lte: source:image_alt: 東南アジア ESIMプラン 7日間 完全無制限 シンガポール マレーシア タイ インドネシア 4G-LTE 高速データ 使い放題 当日発行可能 singapore プリペイドSIM malaysia esim Indonesia Thailand sim (7日間完全無制限)"", ""fallback_only_network_generation_signal""], ""carrier_support_local"": [""CTM: ✿【高速ネットワーク】シンガポール、マレーシアで使える手軽なeSIMカードです。さらに、インドネシア、バリ島 、タイ、ベトナム、カンボジア、香港、マカオでもご利用いただけます。東南アジアの旅行計画に最適です。対応ネットワーク事業者：シンガポール（Singtel、M1、StarHub）、マレーシア（C""], ""review_count"": [""detail_page: (9)""], ""bestseller_rank"": [""Amazon 売れ筋ランキング 家電＆カメラ - 180,993位 ( 家電＆カメラの売れ筋ランキングを見る ) プリペイドSIMカード - 1,477位""], ""title"": [""【マレーシア シンガポール esim】 10日間 高速データ eSIMプラン 低速データ使い放題 マレーシアsim マレーシアesim シンガポールsim シンガポールesim 即日発行可能 プリペイド SIMカード Singapore Malaysia ESIM (10日間 高速データ)""]}"
amazon_jp,mo,【香港・マカオ eSIM】30日間 10GB（二十九泊三十日 コスパ重視） DeSiM正規卸 | LINE相談受付中 | データ通信専用（電話番号なし） | simフリー端末のみ対応 説明書付 イーシム DeSiM,2120,1,,,,,2715,30일,30일,,local,unknown,,,"{""ctm"": null, ""china_telecom_macau"": null, ""three_macau"": null}","{""skt"": null, ""kt"": null, ""lgu"": null}",unlimited,https://www.amazon.co.jp/eSIM%E3%80%9130%E6%97%A5%E9%96%93-10GB%EF%BC%88%E4%BA%8C%E5%8D%81%E4%B9%9D%E6%B3%8A%E4%B8%89%E5%8D%81%E6%97%A5-LINE%E7%9B%B8%E8%AB%87%E5%8F%97%E4%BB%98%E4%B8%AD%EF%BD%9C%E5%BD%93%E6%97%A5%E7%99%BA%E8%A1%8C%E5%8F%AF%E8%83%BD-%E3%83%87%E3%83%BC%E3%82%BF%E9%80%9A%E4%BF%A1%E5%B0%82%E7%94%A8%EF%BC%88%E9%9B%BB%E8%A9%B1%E7%95%AA%E5%8F%B7%E3%81%AA%E3%81%97%EF%BC%89-sim%E3%83%95%E3%83%AA%E3%83%BC%E7%AB%AF%E6%9C%AB%E3%81%AE%E3%81%BF%E5%AF%BE%E5%BF%9C/dp/B0DG4VWLF4,B0DG4VWLF4,B0DG4VWLF4,DeSiM,DeSiMのストアを表示,"{""price_jpy"": [""￥2,120""], ""usage_validity"": [""【香港・マカオ eSIM】30日間 10GB（二十九泊三十日 コスパ重視） DeSiM正規卸 | LINE相談受付中 | データ通信専用（電話番号なし） | simフリー端末のみ対応 説明書付 イーシム DeSiM""], ""data_amount"": [""商品の説明 購入前の注意事項 【注意事項】 注意事項①：電話番号は付与されませんので、ご注意ください。 注意事項②：SIMロックフリー端末、もしくはSIMフリー端末専用のサービスです。必ず、ご利用端末がeSIM対応かどうかご確認ください。 注意事項③：2021年10月1日以前にSIMロック解除をキャリア店頭またはインターネットでされた「Android端末」は""], ""network_type"": [""商品の説明 購入前の注意事項 【注意事項】 注意事項①：電話番号は付与されませんので、ご注意ください。 注意事項②：SIMロックフリー端末、もしくはSIMフリー端末専用のサービスです。必ず、ご利用端末がeSIM対応かどうかご確認ください。 注意事項③：2021年10月1日以前にSIMロック解除をキャリア店頭またはインターネットでされた「Android端末」は"", ""score: local=3, roaming=1""], ""network_generation"": [""fallback_5g: source:image_alt: 【中国・香港・マカオ eSIM】10日間 5GB（九泊十日 コスパ重視） DeSiM正規卸 |LINE相談受付中 |データ通信専用（電話番号なし） simフリー端末のみ対応 説明書付 イーシム DeSiM"", ""fallback_4g_lte: source:fallback_all_text: Amazon.co.jp: 【香港・マカオ eSIM】30日間 10GB（二十九泊三十日 コスパ重視） DeSiM正規卸 | LINE相談受付中 | データ通信専用（電話番号なし） | simフリー端末のみ対応 説明書付 イーシム DeSiM : 家電＆カメラ 次に移動 メインコンテンツ この商品について "", ""fallback_only_network_generation_signal""], ""review_count"": [""detail_page: (1)""], ""bestseller_rank"": [""Amazon 売れ筋ランキング 家電＆カメラ - 395,969位 ( 家電＆カメラの売れ筋ランキングを見る ) プリペイドSIMカード - 2,715位""], ""title"": [""【香港・マカオ eSIM】30日間 10GB（二十九泊三十日 コスパ重視） DeSiM正規卸 | LINE相談受付中 | データ通信専用（電話番号なし） | simフリー端末のみ対応 説明書付 イーシム DeSiM""]}"
amazon_jp,mo,【香港・マカオ eSIM】11日間完全無制限（使い放題、低速なし） DeSiM正規卸 | LINE相談受付中 | データ通信専用（電話番号なし） | simフリー端末のみ対応 説明書付 イーシム DeSiM,5450,2,,,,,,11일,11일,,unknown,unknown,,,"{""ctm"": null, ""china_telecom_macau"": null, ""three_macau"": null}","{""skt"": null, ""kt"": null, ""lgu"": null}",unlimited,https://www.amazon.co.jp/eSIM%E3%80%9111%E6%97%A5%E9%96%93%E5%AE%8C%E5%85%A8%E7%84%A1%E5%88%B6%E9%99%90%EF%BC%88%E4%BD%BF%E3%81%84%E6%94%BE%E9%A1%8C%E3%80%81%E4%BD%8E%E9%80%9F%E3%81%AA%E3%81%97%EF%BC%89-LINE%E7%9B%B8%E8%AB%87%E5%8F%97%E4%BB%98%E4%B8%AD%EF%BD%9C%E5%BD%93%E6%97%A5%E7%99%BA%E8%A1%8C%E5%8F%AF%E8%83%BD-%E3%83%87%E3%83%BC%E3%82%BF%E9%80%9A%E4%BF%A1%E5%B0%82%E7%94%A8%EF%BC%88%E9%9B%BB%E8%A9%B1%E7%95%AA%E5%8F%B7%E3%81%AA%E3%81%97%EF%BC%89-sim%E3%83%95%E3%83%AA%E3%83%BC%E7%AB%AF%E6%9C%AB%E3%81%AE%E3%81%BF%E5%AF%BE%E5%BF%9C-DeSiM/dp/B0F1DTDFHG,B0F1DTDFHG,B0F1DTDFHG,DeSiM,DeSiMのストアを表示,"{""price_jpy"": [""￥5,450""], ""usage_validity"": [""【香港・マカオ eSIM】11日間完全無制限（使い放題、低速なし） DeSiM正規卸 | LINE相談受付中 | データ通信専用（電話番号なし） | simフリー端末のみ対応 説明書付 イーシム DeSiM""], ""data_amount"": [""【香港・マカオ eSIM】11日間完全無制限（使い放題、低速なし） DeSiM正規卸 | LINE相談受付中｜当日発行可能 | データ通信専用（電話番号なし） | simフリー端末のみ対応 説明書付 イーシム DeSiM""], ""network_type"": [""no_local_or_roaming_keyword_matched""], ""network_generation"": [""fallback_5g: source:fallback_all_text: Amazon.co.jp: 【香港・マカオ eSIM】11日間完全無制限（使い放題、低速なし） DeSiM正規卸 | LINE相談受付中 | データ通信専用（電話番号なし） | simフリー端末のみ対応 説明書付 イーシム DeSiM : 家電＆カメラ 次に移動 メインコンテンツ この商品について この商品"", ""fallback_only_network_generation_signal""], ""review_count"": [""detail_page: (2)""], ""title"": [""【香港・マカオ eSIM】11日間完全無制限（使い放題、低速なし） DeSiM正規卸 | LINE相談受付中 | データ通信専用（電話番号なし） | simフリー端末のみ対応 説明書付 イーシム DeSiM""]}"
amazon_jp,mo,【香港・マカオ eSIM】12日間完全無制限（使い放題、低速なし） DeSiM正規卸 | LINE相談受付中 | データ通信専用（電話番号なし） | simフリー端末のみ対応 説明書付 イーシム DeSiM,5880,1,,,,,,12일,12일,,unknown,unknown,,,"{""ctm"": null, ""china_telecom_macau"": null, ""three_macau"": null}","{""skt"": null, ""kt"": null, ""lgu"": null}",unlimited,https://www.amazon.co.jp/eSIM%E3%80%9112%E6%97%A5%E9%96%93%E5%AE%8C%E5%85%A8%E7%84%A1%E5%88%B6%E9%99%90%EF%BC%88%E4%BD%BF%E3%81%84%E6%94%BE%E9%A1%8C%E3%80%81%E4%BD%8E%E9%80%9F%E3%81%AA%E3%81%97%EF%BC%89-LINE%E7%9B%B8%E8%AB%87%E5%8F%97%E4%BB%98%E4%B8%AD%EF%BD%9C%E5%BD%93%E6%97%A5%E7%99%BA%E8%A1%8C%E5%8F%AF%E8%83%BD-%E3%83%87%E3%83%BC%E3%82%BF%E9%80%9A%E4%BF%A1%E5%B0%82%E7%94%A8%EF%BC%88%E9%9B%BB%E8%A9%B1%E7%95%AA%E5%8F%B7%E3%81%AA%E3%81%97%EF%BC%89-sim%E3%83%95%E3%83%AA%E3%83%BC%E7%AB%AF%E6%9C%AB%E3%81%AE%E3%81%BF%E5%AF%BE%E5%BF%9C-DeSiM/dp/B0F1DXK21Q,B0F1DXK21Q,B0F1DXK21Q,DeSiM,DeSiMのストアを表示,"{""price_jpy"": [""￥5,880""], ""usage_validity"": [""【香港・マカオ eSIM】12日間完全無制限（使い放題、低速なし） DeSiM正規卸 | LINE相談受付中 | データ通信専用（電話番号なし） | simフリー端末のみ対応 説明書付 イーシム DeSiM""], ""data_amount"": [""【香港・マカオ eSIM】12日間完全無制限（使い放題、低速なし） DeSiM正規卸 | LINE相談受付中｜当日発行可能 | データ通信専用（電話番号なし） | simフリー端末のみ対応 説明書付 イーシム DeSiM""], ""network_type"": [""no_local_or_roaming_keyword_matched""], ""network_generation"": [""fallback_5g: source:fallback_all_text: Amazon.co.jp: 【香港・マカオ eSIM】12日間完全無制限（使い放題、低速なし） DeSiM正規卸 | LINE相談受付中 | データ通信専用（電話番号なし） | simフリー端末のみ対応 説明書付 イーシム DeSiM : 家電＆カメラ 次に移動 メインコンテンツ この商品について この商品"", ""fallback_only_network_generation_signal""], ""review_count"": [""detail_page: (1)""], ""title"": [""【香港・マカオ eSIM】12日間完全無制限（使い放題、低速なし） DeSiM正規卸 | LINE相談受付中 | データ通信専用（電話番号なし） | simフリー端末のみ対応 説明書付 イーシム DeSiM""]}"
amazon_jp,mo,【香港・マカオ eSIM】14日間完全無制限（使い放題、低速なし） DeSiM正規卸 | LINE相談受付中 | データ通信専用（電話番号なし） | simフリー端末のみ対応 説明書付 イーシム DeSiM,6730,2,,,,,3870,14일,14일,,unknown,lte_4g_only,,,"{""ctm"": null, ""china_telecom_macau"": null, ""three_macau"": null}","{""skt"": null, ""kt"": null, ""lgu"": null}",unlimited,https://www.amazon.co.jp/eSIM%E3%80%9114%E6%97%A5%E9%96%93%E5%AE%8C%E5%85%A8%E7%84%A1%E5%88%B6%E9%99%90%EF%BC%88%E4%BD%BF%E3%81%84%E6%94%BE%E9%A1%8C%E3%80%81%E4%BD%8E%E9%80%9F%E3%81%AA%E3%81%97%EF%BC%89-LINE%E7%9B%B8%E8%AB%87%E5%8F%97%E4%BB%98%E4%B8%AD%EF%BD%9C%E5%BD%93%E6%97%A5%E7%99%BA%E8%A1%8C%E5%8F%AF%E8%83%BD-%E3%83%87%E3%83%BC%E3%82%BF%E9%80%9A%E4%BF%A1%E5%B0%82%E7%94%A8%EF%BC%88%E9%9B%BB%E8%A9%B1%E7%95%AA%E5%8F%B7%E3%81%AA%E3%81%97%EF%BC%89-sim%E3%83%95%E3%83%AA%E3%83%BC%E7%AB%AF%E6%9C%AB%E3%81%AE%E3%81%BF%E5%AF%BE%E5%BF%9C-DeSiM/dp/B0F1DW3GLP,B0F1DW3GLP,B0F1DW3GLP,DeSiM,DeSiMのストアを表示,"{""price_jpy"": [""￥6,730""], ""usage_validity"": [""【香港・マカオ eSIM】14日間完全無制限（使い放題、低速なし） DeSiM正規卸 | LINE相談受付中 | データ通信専用（電話番号なし） | simフリー端末のみ対応 説明書付 イーシム DeSiM""], ""data_amount"": [""【香港・マカオ eSIM】14日間完全無制限（使い放題、低速なし） DeSiM正規卸 | LINE相談受付中｜当日発行可能 | データ通信専用（電話番号なし） | simフリー端末のみ対応 説明書付 イーシム DeSiM""], ""network_type"": [""no_local_or_roaming_keyword_matched""], ""network_generation"": [""product_info_cellular_4g_lte: source:product_info_cellular: 携帯電話技術 LTE"", ""product_info_cellular_4g_lte: source:product_info_cellular: 携帯電話技術 LTE""], ""review_count"": [""detail_page: (2)""], ""bestseller_rank"": [""Amazon 売れ筋ランキング 家電＆カメラ - 815,800位 ( 家電＆カメラの売れ筋ランキングを見る ) プリペイドSIMカード - 3,870位""], ""title"": [""【香港・マカオ eSIM】14日間完全無制限（使い放題、低速なし） DeSiM正規卸 | LINE相談受付中 | データ通信専用（電話番号なし） | simフリー端末のみ対応 説明書付 イーシム DeSiM""]}"
amazon_jp,mo,アジア太平洋11カ国 シンガポール・タイ・ベトナム・マレーシア SIMカード 15日間 データ使い放題15GBまで Jet Sim 物理SIM 無制限 15日 ジェットシム,2380,5,,,,,796,15일,15일,30일,unknown,5g_capable,,,"{""ctm"": null, ""china_telecom_macau"": null, ""three_macau"": null}","{""skt"": null, ""kt"": null, ""lgu"": null}",1GB/day,https://www.amazon.co.jp/%E3%82%A2%E3%82%B8%E3%82%A2%E5%A4%AA%E5%B9%B3%E6%B4%8B11%E3%82%AB%E5%9B%BD-%E3%82%B7%E3%83%B3%E3%82%AC%E3%83%9D%E3%83%BC%E3%83%AB%E3%83%BB%E3%82%BF%E3%82%A4%E3%83%BB%E3%83%99%E3%83%88%E3%83%8A%E3%83%A0%E3%83%BB%E3%83%9E%E3%83%AC%E3%83%BC%E3%82%B7%E3%82%A2-SIM%E3%82%AB%E3%83%BC%E3%83%89-15%E6%97%A5%E9%96%93-%E3%83%87%E3%83%BC%E3%82%BF%E4%BD%BF%E3%81%84%E6%94%BE%E9%A1%8C15GB%E3%81%BE%E3%81%A7/dp/B0GVQ581G2,B0GVQ581G2,B0GVQ581G2,ジェスロモバイル,JETSIMのストアを表示,"{""price_jpy"": [""￥2,380""], ""usage_validity"": [""アジア太平洋11カ国 シンガポール・タイ・ベトナム・マレーシア SIMカード 15日間 データ使い放題15GBまで Jet Sim 物理SIM 無制限 15日 ジェットシム""], ""activation_validity"": [""商品の説明 購入後すぐにeSIMを使えますか？ はい、すぐにご利用いただけます。スムーズにご利用いただくために、申請フォームのご提出をお願いいたします。 eSIMのアクティベーションは必要ですか？ アクティベーションは不要です。eSIMをスマートフォンに追加すれば、現地に到着次第、自動的に接続されます！ 複数の国で利用できるプランは国をまたいで移動する際も、""], ""data_amount"": [""【データ無制限】 アジア太平洋11カ国 15日間、5G/4G-LTE高速データ15GB。その後もデータ通信の利用が可能。テザリング対応。高速データ1日1GBまで。""], ""network_type"": [""no_local_or_roaming_keyword_matched""], ""network_generation"": [""product_info_cellular_5g: source:product_info_cellular: 携帯電話技術 LTE, 5G"", ""product_info_cellular_5g: source:product_info_cellular: 携帯電話技術 LTE, 5G"", ""product_info_cellular_4g_lte_signal_present_but_5g_capable_takes_precedence""], ""review_count"": [""detail_page: (5)""], ""bestseller_rank"": [""Amazon 売れ筋ランキング 家電＆カメラ - 84,554位 ( 家電＆カメラの売れ筋ランキングを見る ) プリペイドSIMカード - 796位""], ""title"": [""アジア太平洋11カ国 シンガポール・タイ・ベトナム・マレーシア SIMカード 15日間 データ使い放題15GBまで Jet Sim 物理SIM 無制限 15日 ジェットシム""]}"
amazon_jp,mo,【香港・マカオ eSIM】13日間完全無制限（使い放題、低速なし） DeSiM正規卸 | LINE相談受付中 | データ通信専用（電話番号なし） | simフリー端末のみ対応 説明書付 イーシム DeSiM,6300,2,,,,,3861,13일,13일,,unknown,unknown,,,"{""ctm"": null, ""china_telecom_macau"": null, ""three_macau"": null}","{""skt"": null, ""kt"": null, ""lgu"": null}",unlimited,https://www.amazon.co.jp/eSIM%E3%80%9113%E6%97%A5%E9%96%93%E5%AE%8C%E5%85%A8%E7%84%A1%E5%88%B6%E9%99%90%EF%BC%88%E4%BD%BF%E3%81%84%E6%94%BE%E9%A1%8C%E3%80%81%E4%BD%8E%E9%80%9F%E3%81%AA%E3%81%97%EF%BC%89-LINE%E7%9B%B8%E8%AB%87%E5%8F%97%E4%BB%98%E4%B8%AD%EF%BD%9C%E5%BD%93%E6%97%A5%E7%99%BA%E8%A1%8C%E5%8F%AF%E8%83%BD-%E3%83%87%E3%83%BC%E3%82%BF%E9%80%9A%E4%BF%A1%E5%B0%82%E7%94%A8%EF%BC%88%E9%9B%BB%E8%A9%B1%E7%95%AA%E5%8F%B7%E3%81%AA%E3%81%97%EF%BC%89-sim%E3%83%95%E3%83%AA%E3%83%BC%E7%AB%AF%E6%9C%AB%E3%81%AE%E3%81%BF%E5%AF%BE%E5%BF%9C-DeSiM/dp/B0F1DWMCKH,B0F1DWMCKH,B0F1DWMCKH,DeSiM,DeSiMのストアを表示,"{""price_jpy"": [""￥6,300""], ""usage_validity"": [""【香港・マカオ eSIM】13日間完全無制限（使い放題、低速なし） DeSiM正規卸 | LINE相談受付中 | データ通信専用（電話番号なし） | simフリー端末のみ対応 説明書付 イーシム DeSiM""], ""data_amount"": [""【香港・マカオ eSIM】13日間完全無制限（使い放題、低速なし） DeSiM正規卸 | LINE相談受付中｜当日発行可能 | データ通信専用（電話番号なし） | simフリー端末のみ対応 説明書付 イーシム DeSiM""], ""network_type"": [""no_local_or_roaming_keyword_matched""], ""network_generation"": [""fallback_5g: source:fallback_all_text: Amazon.co.jp: 【香港・マカオ eSIM】13日間完全無制限（使い放題、低速なし） DeSiM正規卸 | LINE相談受付中 | データ通信専用（電話番号なし） | simフリー端末のみ対応 説明書付 イーシム DeSiM : 家電＆カメラ 次に移動 メインコンテンツ この商品について この商品"", ""fallback_only_network_generation_signal""], ""review_count"": [""detail_page: (2)""], ""bestseller_rank"": [""Amazon 売れ筋ランキング 家電＆カメラ - 812,960位 ( 家電＆カメラの売れ筋ランキングを見る ) プリペイドSIMカード - 3,861位""], ""title"": [""【香港・マカオ eSIM】13日間完全無制限（使い放題、低速なし） DeSiM正規卸 | LINE相談受付中 | データ通信専用（電話番号なし） | simフリー端末のみ対応 説明書付 イーシム DeSiM""]}"
amazon_jp,mo,【中国・香港・マカオeSIM】15日間完全無制限（十四泊十五日 使い放題） DeSiM正規卸 | LINE相談受付中｜データ通信専用（電話番号なし） | simフリー端末のみ対応 説明書付 イーシム,9940,1,,,,,3846,7일,7일,15일,local,unknown,,,"{""ctm"": null, ""china_telecom_macau"": null, ""three_macau"": null}","{""skt"": null, ""kt"": null, ""lgu"": null}",unlimited,https://www.amazon.co.jp/%E3%80%90%E4%B8%AD%E5%9B%BD%E3%83%BB%E9%A6%99%E6%B8%AF%E3%83%BB%E3%83%9E%E3%82%AB%E3%82%AAeSIM%E3%80%9115%E6%97%A5%E9%96%93%E5%AE%8C%E5%85%A8%E7%84%A1%E5%88%B6%E9%99%90%EF%BC%88%E5%8D%81%E5%9B%9B%E6%B3%8A%E5%8D%81%E4%BA%94%E6%97%A5-%E4%BD%BF%E3%81%84%E6%94%BE%E9%A1%8C%EF%BC%89-DeSiM%E6%AD%A3%E8%A6%8F%E5%8D%B8-LINE%E7%9B%B8%E8%AB%87%E5%8F%97%E4%BB%98%E4%B8%AD%EF%BD%9C%E3%83%87%E3%83%BC%E3%82%BF%E9%80%9A%E4%BF%A1%E5%B0%82%E7%94%A8%EF%BC%88%E9%9B%BB%E8%A9%B1%E7%95%AA%E5%8F%B7%E3%81%AA%E3%81%97%EF%BC%89-sim%E3%83%95%E3%83%AA%E3%83%BC%E7%AB%AF%E6%9C%AB%E3%81%AE%E3%81%BF%E5%AF%BE%E5%BF%9C/dp/B0DL4S8WNB,B0DL4S8WNB,B0DL4S8WNB,DeSiM,DeSiMのストアを表示,"{""price_jpy"": [""￥9,940""], ""usage_validity"": [""商品の説明 購入前の注意事項 【注意事項】 注意事項①：本商品はデータ通信専用です（通話はご利用いただけません）。ご注意ください。 注意事項②：SIMロックフリー端末、もしくはSIMフリー端末専用のサービスです。必ず、ご利用端末がeSIM対応かどうかご確認ください。 注意事項③：2021年10月1日以前にSIMロック解除をキャリア店頭またはインターネットでさ""], ""activation_validity"": [""【中国・香港・マカオeSIM】15日間完全無制限（十四泊十五日 使い放題） DeSiM正規卸 | LINE相談受付中｜データ通信専用（電話番号なし） | simフリー端末のみ対応 説明書付 イーシム""], ""data_amount"": [""商品の説明 購入前の注意事項 【注意事項】 注意事項①：本商品はデータ通信専用です（通話はご利用いただけません）。ご注意ください。 注意事項②：SIMロックフリー端末、もしくはSIMフリー端末専用のサービスです。必ず、ご利用端末がeSIM対応かどうかご確認ください。 注意事項③：2021年10月1日以前にSIMロック解除をキャリア店頭またはインターネットでさ""], ""network_type"": [""商品の説明 購入前の注意事項 【注意事項】 注意事項①：本商品はデータ通信専用です（通話はご利用いただけません）。ご注意ください。 注意事項②：SIMロックフリー端末、もしくはSIMフリー端末専用のサービスです。必ず、ご利用端末がeSIM対応かどうかご確認ください。 注意事項③：2021年10月1日以前にSIMロック解除をキャリア店頭またはインターネットでさ"", ""score: local=3, roaming=1""], ""network_generation"": [""fallback_5g: source:image_alt: 【中国 香港 マカオSIM】10日間 高速データ無制限使い放題 本人確認不要 TikTok利用可能 データ通信専用 (電話番号なし) 4G／5G対応 プリペイドSIMカード 中国 SIM 香港 SIM mewfi"", ""fallback_4g_lte: source:image_alt: 【中国 香港 マカオSIM】10日間 高速データ無制限使い放題 本人確認不要 TikTok利用可能 データ通信専用 (電話番号なし) 4G／5G対応 プリペイドSIMカード 中国 SIM 香港 SIM mewfi"", ""fallback_only_network_generation_signal""], ""review_count"": [""detail_page: (1)""], ""bestseller_rank"": [""Amazon 売れ筋ランキング 家電＆カメラ - 803,067位 ( 家電＆カメラの売れ筋ランキングを見る ) プリペイドSIMカード - 3,846位""], ""title"": [""【中国・香港・マカオeSIM】15日間完全無制限（十四泊十五日 使い放題） DeSiM正規卸 | LINE相談受付中｜データ通信専用（電話番号なし） | simフリー端末のみ対応 説明書付 イーシム""]}"
amazon_jp,mo,【香港・マカオ eSIM】27日間完全無制限（使い放題、低速なし） DeSiM正規卸 | LINE相談受付中 | データ通信専用（電話番号なし） | simフリー端末のみ対応 説明書付 イーシム DeSiM,12290,1,,,,,,27일,27일,,unknown,lte_4g_only,,,"{""ctm"": null, ""china_telecom_macau"": null, ""three_macau"": null}","{""skt"": null, ""kt"": null, ""lgu"": null}",unlimited,https://www.amazon.co.jp/eSIM%E3%80%9127%E6%97%A5%E9%96%93%E5%AE%8C%E5%85%A8%E7%84%A1%E5%88%B6%E9%99%90%EF%BC%88%E4%BD%BF%E3%81%84%E6%94%BE%E9%A1%8C%E3%80%81%E4%BD%8E%E9%80%9F%E3%81%AA%E3%81%97%EF%BC%89-LINE%E7%9B%B8%E8%AB%87%E5%8F%97%E4%BB%98%E4%B8%AD%EF%BD%9C%E5%BD%93%E6%97%A5%E7%99%BA%E8%A1%8C%E5%8F%AF%E8%83%BD-%E3%83%87%E3%83%BC%E3%82%BF%E9%80%9A%E4%BF%A1%E5%B0%82%E7%94%A8%EF%BC%88%E9%9B%BB%E8%A9%B1%E7%95%AA%E5%8F%B7%E3%81%AA%E3%81%97%EF%BC%89-sim%E3%83%95%E3%83%AA%E3%83%BC%E7%AB%AF%E6%9C%AB%E3%81%AE%E3%81%BF%E5%AF%BE%E5%BF%9C-DeSiM/dp/B0F1DXH835,B0F1DXH835,B0F1DXH835,DeSiM,DeSiMのストアを表示,"{""price_jpy"": [""￥12,290""], ""usage_validity"": [""【香港・マカオ eSIM】27日間完全無制限（使い放題、低速なし） DeSiM正規卸 | LINE相談受付中 | データ通信専用（電話番号なし） | simフリー端末のみ対応 説明書付 イーシム DeSiM""], ""data_amount"": [""【香港・マカオ eSIM】27日間完全無制限（使い放題、低速なし） DeSiM正規卸 | LINE相談受付中｜当日発行可能 | データ通信専用（電話番号なし） | simフリー端末のみ対応 説明書付 イーシム DeSiM""], ""network_type"": [""no_local_or_roaming_keyword_matched""], ""network_generation"": [""product_info_cellular_4g_lte: source:product_info_cellular: 携帯電話技術 LTE"", ""product_info_cellular_4g_lte: source:product_info_cellular: 携帯電話技術 LTE""], ""review_count"": [""detail_page: (1)""], ""title"": [""【香港・マカオ eSIM】27日間完全無制限（使い放題、低速なし） DeSiM正規卸 | LINE相談受付中 | データ通信専用（電話番号なし） | simフリー端末のみ対応 説明書付 イーシム DeSiM""]}"
amazon_jp,mo,【香港・マカオ eSIM】25日間完全無制限（使い放題、低速なし） DeSiM正規卸 | LINE相談受付中 | データ通信専用（電話番号なし） | simフリー端末のみ対応 説明書付 イーシム DeSiM,11440,1,,,,,,25일,25일,,unknown,unknown,,,"{""ctm"": null, ""china_telecom_macau"": null, ""three_macau"": null}","{""skt"": null, ""kt"": null, ""lgu"": null}",unlimited,https://www.amazon.co.jp/eSIM%E3%80%9125%E6%97%A5%E9%96%93%E5%AE%8C%E5%85%A8%E7%84%A1%E5%88%B6%E9%99%90%EF%BC%88%E4%BD%BF%E3%81%84%E6%94%BE%E9%A1%8C%E3%80%81%E4%BD%8E%E9%80%9F%E3%81%AA%E3%81%97%EF%BC%89-LINE%E7%9B%B8%E8%AB%87%E5%8F%97%E4%BB%98%E4%B8%AD%EF%BD%9C%E5%BD%93%E6%97%A5%E7%99%BA%E8%A1%8C%E5%8F%AF%E8%83%BD-%E3%83%87%E3%83%BC%E3%82%BF%E9%80%9A%E4%BF%A1%E5%B0%82%E7%94%A8%EF%BC%88%E9%9B%BB%E8%A9%B1%E7%95%AA%E5%8F%B7%E3%81%AA%E3%81%97%EF%BC%89-sim%E3%83%95%E3%83%AA%E3%83%BC%E7%AB%AF%E6%9C%AB%E3%81%AE%E3%81%BF%E5%AF%BE%E5%BF%9C-DeSiM/dp/B0F1DWX42P,B0F1DWX42P,B0F1DWX42P,DeSiM,DeSiMのストアを表示,"{""price_jpy"": [""￥11,440""], ""usage_validity"": [""【香港・マカオ eSIM】25日間完全無制限（使い放題、低速なし） DeSiM正規卸 | LINE相談受付中 | データ通信専用（電話番号なし） | simフリー端末のみ対応 説明書付 イーシム DeSiM""], ""data_amount"": [""【香港・マカオ eSIM】25日間完全無制限（使い放題、低速なし） DeSiM正規卸 | LINE相談受付中｜当日発行可能 | データ通信専用（電話番号なし） | simフリー端末のみ対応 説明書付 イーシム DeSiM""], ""network_type"": [""no_local_or_roaming_keyword_matched""], ""network_generation"": [""fallback_5g: source:fallback_all_text: Amazon.co.jp: 【香港・マカオ eSIM】25日間完全無制限（使い放題、低速なし） DeSiM正規卸 | LINE相談受付中 | データ通信専用（電話番号なし） | simフリー端末のみ対応 説明書付 イーシム DeSiM : 家電＆カメラ 次に移動 メインコンテンツ この商品について この商品"", ""fallback_only_network_generation_signal""], ""review_count"": [""detail_page: (1)""], ""title"": [""【香港・マカオ eSIM】25日間完全無制限（使い放題、低速なし） DeSiM正規卸 | LINE相談受付中 | データ通信専用（電話番号なし） | simフリー端末のみ対応 説明書付 イーシム DeSiM""]}"
amazon_jp,mo,アジア太平洋11カ国 シンガポール・タイ・ベトナム・マレーシア SIMカード 10日間 高速データ使い放題Jet Sim 物理SIM 無制限 10日 ジェットシム,4880,3,,,,,811,10일,10일,,roaming,5g_capable,,,"{""ctm"": null, ""china_telecom_macau"": null, ""three_macau"": null}","{""skt"": null, ""kt"": null, ""lgu"": null}",unlimited,https://www.amazon.co.jp/%E3%82%A2%E3%82%B8%E3%82%A2%E5%A4%AA%E5%B9%B3%E6%B4%8B12%E3%82%AB%E5%9B%BD-%E3%82%B7%E3%83%B3%E3%82%AC%E3%83%9D%E3%83%BC%E3%83%AB%E3%83%BB%E3%82%BF%E3%82%A4%E3%83%BB%E3%83%99%E3%83%88%E3%83%8A%E3%83%A0%E3%83%BB%E3%83%9E%E3%83%AC%E3%83%BC%E3%82%B7%E3%82%A2-SIM%E3%82%AB%E3%83%BC%E3%83%89-10%E6%97%A5%E9%96%93-%E9%AB%98%E9%80%9F%E3%83%87%E3%83%BC%E3%82%BF%E4%BD%BF%E3%81%84%E6%94%BE%E9%A1%8CJet/dp/B0FL1MF49T,B0FL1MF49T,B0FL1MF49T,ジェスロモバイル,JETSIMのストアを表示,"{""price_jpy"": [""￥4,880""], ""usage_validity"": [""アジア太平洋11カ国 シンガポール・タイ・ベトナム・マレーシア SIMカード 10日間 高速データ使い放題Jet Sim 物理SIM 無制限 10日 ジェットシム""], ""data_amount"": [""【データ無制限】 アジア太平洋11カ国 シンガポール・タイ・ベトナム・マレーシア等で10日間、5G/4G-LTE高速データ使い放題。テザリング対応。""], ""network_type"": [""《正規日本語版》【ローミングSIM】東南アジア・マカオ・ベトナム・シンガポール・タイ・マレーシア・ラオス・インドネシア・フィリピン・カンボジア・スリランカの全10ヵ国 8日間 5GB ※面倒な本人登録・パスポート登録は不要です。このSIMカードは中国"", ""アジア4カ国SIM データ容量15GB 利用期間30日 4Gデータ通信 プリペイドSIM ローミングSIM prepaidSIM 利用可能国：インドネシア・シンガポール・タイ・マレーシア"", ""score: local=0, roaming=3""], ""network_generation"": [""product_info_cellular_5g: source:product_info_cellular: 携帯電話技術 LTE, 5G"", ""product_info_cellular_5g: source:product_info_cellular: 携帯電話技術 LTE, 5G"", ""product_info_cellular_4g_lte_signal_present_but_5g_capable_takes_precedence""], ""review_count"": [""detail_page: (3)""], ""bestseller_rank"": [""Amazon 売れ筋ランキング 家電＆カメラ - 86,263位 ( 家電＆カメラの売れ筋ランキングを見る ) プリペイドSIMカード - 811位""], ""title"": [""アジア太平洋11カ国 シンガポール・タイ・ベトナム・マレーシア SIMカード 10日間 高速データ使い放題Jet Sim 物理SIM 無制限 10日 ジェットシム""]}"
amazon_jp,mo,【香港・マカオ eSIM】29日間完全無制限（使い放題、低速なし） DeSiM正規卸 | LINE相談受付中 | データ通信専用（電話番号なし） | simフリー端末のみ対応 説明書付 イーシム DeSiM,13140,2,,,,,,29일,29일,,unknown,lte_4g_only,,,"{""ctm"": null, ""china_telecom_macau"": null, ""three_macau"": null}","{""skt"": null, ""kt"": null, ""lgu"": null}",unlimited,https://www.amazon.co.jp/eSIM%E3%80%9129%E6%97%A5%E9%96%93%E5%AE%8C%E5%85%A8%E7%84%A1%E5%88%B6%E9%99%90%EF%BC%88%E4%BD%BF%E3%81%84%E6%94%BE%E9%A1%8C%E3%80%81%E4%BD%8E%E9%80%9F%E3%81%AA%E3%81%97%EF%BC%89-LINE%E7%9B%B8%E8%AB%87%E5%8F%97%E4%BB%98%E4%B8%AD%EF%BD%9C%E5%BD%93%E6%97%A5%E7%99%BA%E8%A1%8C%E5%8F%AF%E8%83%BD-%E3%83%87%E3%83%BC%E3%82%BF%E9%80%9A%E4%BF%A1%E5%B0%82%E7%94%A8%EF%BC%88%E9%9B%BB%E8%A9%B1%E7%95%AA%E5%8F%B7%E3%81%AA%E3%81%97%EF%BC%89-sim%E3%83%95%E3%83%AA%E3%83%BC%E7%AB%AF%E6%9C%AB%E3%81%AE%E3%81%BF%E5%AF%BE%E5%BF%9C-DeSiM/dp/B0F1DXP5G3,B0F1DXP5G3,B0F1DXP5G3,DeSiM,DeSiMのストアを表示,"{""price_jpy"": [""￥13,140""], ""usage_validity"": [""【香港・マカオ eSIM】29日間完全無制限（使い放題、低速なし） DeSiM正規卸 | LINE相談受付中 | データ通信専用（電話番号なし） | simフリー端末のみ対応 説明書付 イーシム DeSiM""], ""data_amount"": [""【香港・マカオ eSIM】29日間完全無制限（使い放題、低速なし） DeSiM正規卸 | LINE相談受付中｜当日発行可能 | データ通信専用（電話番号なし） | simフリー端末のみ対応 説明書付 イーシム DeSiM""], ""network_type"": [""no_local_or_roaming_keyword_matched""], ""network_generation"": [""product_info_cellular_4g_lte: source:product_info_cellular: 携帯電話技術 LTE"", ""product_info_cellular_4g_lte: source:product_info_cellular: 携帯電話技術 LTE""], ""review_count"": [""detail_page: (2)""], ""title"": [""【香港・マカオ eSIM】29日間完全無制限（使い放題、低速なし） DeSiM正規卸 | LINE相談受付中 | データ通信専用（電話番号なし） | simフリー端末のみ対応 説明書付 イーシム DeSiM""]}"
amazon_jp,mo,アジア12か国 SIMカード 7日間 データ使い放題 7GBまで高速 Jet Sim 物理SIM 無制限 7日 ジェットシム タイ フィリピン ベトナム,2180,27,,,,,,7일,7일,,roaming,lte_4g_only,,,"{""ctm"": null, ""china_telecom_macau"": null, ""three_macau"": null}","{""skt"": null, ""kt"": null, ""lgu"": null}",1GB/day,https://www.amazon.co.jp/%E3%82%A2%E3%82%B8%E3%82%A214%E3%81%8B%E5%9B%BD-SIM%E3%82%AB%E3%83%BC%E3%83%89-7%E6%97%A5%E9%96%93-%E3%83%87%E3%83%BC%E3%82%BF%E4%BD%BF%E3%81%84%E6%94%BE%E9%A1%8C-7GB%E3%81%BE%E3%81%A7%E9%AB%98%E9%80%9F/dp/B0DZCCP2HM,B0DZCCP2HM,B0DZCCP2HM,ジェスロモバイル,JETSIMのストアを表示,"{""price_jpy"": [""￥2,180""], ""usage_validity"": [""アジア12か国 SIMカード 7日間 データ使い放題 7GBまで高速 Jet Sim 物理SIM 無制限 7日 ジェットシム タイ フィリピン ベトナム""], ""data_amount"": [""【データ無制限】 アジア12カ国7日間、5G/4G-LTE高速データ7GB。その後もデータ通信の利用が可能。テザリング対応。高速データ1日1GBまで。""], ""network_type"": [""アジア10ヵ国周遊SIM 利用期間8日データ容量6GB データ通信 プリペイドSIM ローミングSIM 利用国：インドネシア、韓国、シンガポール、タイ、中国、日本、ベトナム、香港、マカオ、マレーシア"", ""東南アジア 5ヵ国周遊SIM 利用期間 8日 データ容量5GB 4Gデータ通信 プリペイドSIM ローミングSIM インドネシア・シンガポール・タイ・ベトナム・マレーシア"", ""score: local=0, roaming=3""], ""network_generation"": [""product_info_cellular_4g_lte: source:product_info_cellular: 携帯電話技術 LTE""], ""review_count"": [""detail_page: (27)""], ""title"": [""アジア12か国 SIMカード 7日間 データ使い放題 7GBまで高速 Jet Sim 物理SIM 無制限 7日 ジェットシム タイ フィリピン ベトナム""]}"
amazon_jp,mo,【香港・マカオ eSIM】22日間完全無制限（使い放題、低速なし） DeSiM正規卸 | LINE相談受付中 | データ通信専用（電話番号なし） | simフリー端末のみ対応 説明書付 イーシム DeSiM,10150,,,,,,,22일,22일,,unknown,unknown,,,"{""ctm"": null, ""china_telecom_macau"": null, ""three_macau"": null}","{""skt"": null, ""kt"": null, ""lgu"": null}",unlimited,https://www.amazon.co.jp/eSIM%E3%80%9122%E6%97%A5%E9%96%93%E5%AE%8C%E5%85%A8%E7%84%A1%E5%88%B6%E9%99%90%EF%BC%88%E4%BD%BF%E3%81%84%E6%94%BE%E9%A1%8C%E3%80%81%E4%BD%8E%E9%80%9F%E3%81%AA%E3%81%97%EF%BC%89-LINE%E7%9B%B8%E8%AB%87%E5%8F%97%E4%BB%98%E4%B8%AD%EF%BD%9C%E5%BD%93%E6%97%A5%E7%99%BA%E8%A1%8C%E5%8F%AF%E8%83%BD-%E3%83%87%E3%83%BC%E3%82%BF%E9%80%9A%E4%BF%A1%E5%B0%82%E7%94%A8%EF%BC%88%E9%9B%BB%E8%A9%B1%E7%95%AA%E5%8F%B7%E3%81%AA%E3%81%97%EF%BC%89-sim%E3%83%95%E3%83%AA%E3%83%BC%E7%AB%AF%E6%9C%AB%E3%81%AE%E3%81%BF%E5%AF%BE%E5%BF%9C-DeSiM/dp/B0F1DV3C35,B0F1DV3C35,B0F1DV3C35,DeSiM,DeSiMのストアを表示,"{""price_jpy"": [""￥10,150""], ""usage_validity"": [""【香港・マカオ eSIM】22日間完全無制限（使い放題、低速なし） DeSiM正規卸 | LINE相談受付中 | データ通信専用（電話番号なし） | simフリー端末のみ対応 説明書付 イーシム DeSiM""], ""data_amount"": [""【香港・マカオ eSIM】22日間完全無制限（使い放題、低速なし） DeSiM正規卸 | LINE相談受付中｜当日発行可能 | データ通信専用（電話番号なし） | simフリー端末のみ対応 説明書付 イーシム DeSiM""], ""network_type"": [""no_local_or_roaming_keyword_matched""], ""network_generation"": [""fallback_5g: source:fallback_all_text: Amazon.co.jp: 【香港・マカオ eSIM】22日間完全無制限（使い放題、低速なし） DeSiM正規卸 | LINE相談受付中 | データ通信専用（電話番号なし） | simフリー端末のみ対応 説明書付 イーシム DeSiM : 家電＆カメラ 次に移動 メインコンテンツ この商品について この商品"", ""fallback_only_network_generation_signal""], ""title"": [""【香港・マカオ eSIM】22日間完全無制限（使い放題、低速なし） DeSiM正規卸 | LINE相談受付中 | データ通信専用（電話番号なし） | simフリー端末のみ対応 説明書付 イーシム DeSiM""]}"
amazon_jp,mo,【香港・マカオ eSIM】21日間完全無制限（使い放題、低速なし） DeSiM正規卸 | LINE相談受付中 | データ通信専用（電話番号なし） | simフリー端末のみ対応 説明書付 イーシム DeSiM,9720,2,,,,,3863,21일,21일,,unknown,unknown,,,"{""ctm"": null, ""china_telecom_macau"": null, ""three_macau"": null}","{""skt"": null, ""kt"": null, ""lgu"": null}",unlimited,https://www.amazon.co.jp/eSIM%E3%80%9121%E6%97%A5%E9%96%93%E5%AE%8C%E5%85%A8%E7%84%A1%E5%88%B6%E9%99%90%EF%BC%88%E4%BD%BF%E3%81%84%E6%94%BE%E9%A1%8C%E3%80%81%E4%BD%8E%E9%80%9F%E3%81%AA%E3%81%97%EF%BC%89-LINE%E7%9B%B8%E8%AB%87%E5%8F%97%E4%BB%98%E4%B8%AD%EF%BD%9C%E5%BD%93%E6%97%A5%E7%99%BA%E8%A1%8C%E5%8F%AF%E8%83%BD-%E3%83%87%E3%83%BC%E3%82%BF%E9%80%9A%E4%BF%A1%E5%B0%82%E7%94%A8%EF%BC%88%E9%9B%BB%E8%A9%B1%E7%95%AA%E5%8F%B7%E3%81%AA%E3%81%97%EF%BC%89-sim%E3%83%95%E3%83%AA%E3%83%BC%E7%AB%AF%E6%9C%AB%E3%81%AE%E3%81%BF%E5%AF%BE%E5%BF%9C-DeSiM/dp/B0F1DWXWTZ,B0F1DWXWTZ,B0F1DWXWTZ,DeSiM,DeSiMのストアを表示,"{""price_jpy"": [""￥9,720""], ""usage_validity"": [""【香港・マカオ eSIM】21日間完全無制限（使い放題、低速なし） DeSiM正規卸 | LINE相談受付中 | データ通信専用（電話番号なし） | simフリー端末のみ対応 説明書付 イーシム DeSiM""], ""data_amount"": [""【香港・マカオ eSIM】21日間完全無制限（使い放題、低速なし） DeSiM正規卸 | LINE相談受付中｜当日発行可能 | データ通信専用（電話番号なし） | simフリー端末のみ対応 説明書付 イーシム DeSiM""], ""network_type"": [""no_local_or_roaming_keyword_matched""], ""network_generation"": [""fallback_5g: source:fallback_all_text: Amazon.co.jp: 【香港・マカオ eSIM】21日間完全無制限（使い放題、低速なし） DeSiM正規卸 | LINE相談受付中 | データ通信専用（電話番号なし） | simフリー端末のみ対応 説明書付 イーシム DeSiM : 家電＆カメラ 次に移動 メインコンテンツ この商品について この商品"", ""fallback_4g_lte: source:fallback_all_text: Amazon.co.jp: 【香港・マカオ eSIM】21日間完全無制限（使い放題、低速なし） DeSiM正規卸 | LINE相談受付中 | データ通信専用（電話番号なし） | simフリー端末のみ対応 説明書付 イーシム DeSiM : 家電＆カメラ 次に移動 メインコンテンツ この商品について この商品"", ""fallback_only_network_generation_signal""], ""review_count"": [""detail_page: (2)""], ""bestseller_rank"": [""Amazon 売れ筋ランキング 家電＆カメラ - 812,962位 ( 家電＆カメラの売れ筋ランキングを見る ) プリペイドSIMカード - 3,863位""], ""title"": [""【香港・マカオ eSIM】21日間完全無制限（使い放題、低速なし） DeSiM正規卸 | LINE相談受付中 | データ通信専用（電話番号なし） | simフリー端末のみ対応 説明書付 イーシム DeSiM""]}"
amazon_jp,mo,【香港・マカオ eSIM】23日間完全無制限（使い放題、低速なし） DeSiM正規卸 | LINE相談受付中 | データ通信専用（電話番号なし） | simフリー端末のみ対応 説明書付 イーシム DeSiM,10570,2,,,,,3862,23일,23일,,unknown,lte_4g_only,,,"{""ctm"": null, ""china_telecom_macau"": null, ""three_macau"": null}","{""skt"": null, ""kt"": null, ""lgu"": null}",unlimited,https://www.amazon.co.jp/eSIM%E3%80%9123%E6%97%A5%E9%96%93%E5%AE%8C%E5%85%A8%E7%84%A1%E5%88%B6%E9%99%90%EF%BC%88%E4%BD%BF%E3%81%84%E6%94%BE%E9%A1%8C%E3%80%81%E4%BD%8E%E9%80%9F%E3%81%AA%E3%81%97%EF%BC%89-LINE%E7%9B%B8%E8%AB%87%E5%8F%97%E4%BB%98%E4%B8%AD%EF%BD%9C%E5%BD%93%E6%97%A5%E7%99%BA%E8%A1%8C%E5%8F%AF%E8%83%BD-%E3%83%87%E3%83%BC%E3%82%BF%E9%80%9A%E4%BF%A1%E5%B0%82%E7%94%A8%EF%BC%88%E9%9B%BB%E8%A9%B1%E7%95%AA%E5%8F%B7%E3%81%AA%E3%81%97%EF%BC%89-sim%E3%83%95%E3%83%AA%E3%83%BC%E7%AB%AF%E6%9C%AB%E3%81%AE%E3%81%BF%E5%AF%BE%E5%BF%9C-DeSiM/dp/B0F1DWQ2YR,B0F1DWQ2YR,B0F1DWQ2YR,DeSiM,DeSiMのストアを表示,"{""price_jpy"": [""￥10,570""], ""usage_validity"": [""【香港・マカオ eSIM】23日間完全無制限（使い放題、低速なし） DeSiM正規卸 | LINE相談受付中 | データ通信専用（電話番号なし） | simフリー端末のみ対応 説明書付 イーシム DeSiM""], ""data_amount"": [""【香港・マカオ eSIM】23日間完全無制限（使い放題、低速なし） DeSiM正規卸 | LINE相談受付中｜当日発行可能 | データ通信専用（電話番号なし） | simフリー端末のみ対応 説明書付 イーシム DeSiM""], ""network_type"": [""no_local_or_roaming_keyword_matched""], ""network_generation"": [""product_info_cellular_4g_lte: source:product_info_cellular: 携帯電話技術 LTE"", ""product_info_cellular_4g_lte: source:product_info_cellular: 携帯電話技術 LTE""], ""review_count"": [""detail_page: (2)""], ""bestseller_rank"": [""Amazon 売れ筋ランキング 家電＆カメラ - 812,961位 ( 家電＆カメラの売れ筋ランキングを見る ) プリペイドSIMカード - 3,862位""], ""title"": [""【香港・マカオ eSIM】23日間完全無制限（使い放題、低速なし） DeSiM正規卸 | LINE相談受付中 | データ通信専用（電話番号なし） | simフリー端末のみ対応 説明書付 イーシム DeSiM""]}"
amazon_jp,mo,【香港・マカオ eSIM】26日間完全無制限（使い放題、低速なし） DeSiM正規卸 | LINE相談受付中 | データ通信専用（電話番号なし） | simフリー端末のみ対応 説明書付 イーシム DeSiM,11860,2,,,,,3864,26일,26일,,unknown,unknown,,,"{""ctm"": null, ""china_telecom_macau"": null, ""three_macau"": null}","{""skt"": null, ""kt"": null, ""lgu"": null}",unlimited,https://www.amazon.co.jp/eSIM%E3%80%9126%E6%97%A5%E9%96%93%E5%AE%8C%E5%85%A8%E7%84%A1%E5%88%B6%E9%99%90%EF%BC%88%E4%BD%BF%E3%81%84%E6%94%BE%E9%A1%8C%E3%80%81%E4%BD%8E%E9%80%9F%E3%81%AA%E3%81%97%EF%BC%89-LINE%E7%9B%B8%E8%AB%87%E5%8F%97%E4%BB%98%E4%B8%AD%EF%BD%9C%E5%BD%93%E6%97%A5%E7%99%BA%E8%A1%8C%E5%8F%AF%E8%83%BD-%E3%83%87%E3%83%BC%E3%82%BF%E9%80%9A%E4%BF%A1%E5%B0%82%E7%94%A8%EF%BC%88%E9%9B%BB%E8%A9%B1%E7%95%AA%E5%8F%B7%E3%81%AA%E3%81%97%EF%BC%89-sim%E3%83%95%E3%83%AA%E3%83%BC%E7%AB%AF%E6%9C%AB%E3%81%AE%E3%81%BF%E5%AF%BE%E5%BF%9C-DeSiM/dp/B0F1DWFCPT,B0F1DWFCPT,B0F1DWFCPT,DeSiM,DeSiMのストアを表示,"{""price_jpy"": [""￥11,860""], ""usage_validity"": [""【香港・マカオ eSIM】26日間完全無制限（使い放題、低速なし） DeSiM正規卸 | LINE相談受付中 | データ通信専用（電話番号なし） | simフリー端末のみ対応 説明書付 イーシム DeSiM""], ""data_amount"": [""【香港・マカオ eSIM】26日間完全無制限（使い放題、低速なし） DeSiM正規卸 | LINE相談受付中｜当日発行可能 | データ通信専用（電話番号なし） | simフリー端末のみ対応 説明書付 イーシム DeSiM""], ""network_type"": [""no_local_or_roaming_keyword_matched""], ""network_generation"": [""fallback_5g: source:fallback_all_text: Amazon.co.jp: 【香港・マカオ eSIM】26日間完全無制限（使い放題、低速なし） DeSiM正規卸 | LINE相談受付中 | データ通信専用（電話番号なし） | simフリー端末のみ対応 説明書付 イーシム DeSiM : 家電＆カメラ 次に移動 メインコンテンツ この商品について この商品"", ""fallback_only_network_generation_signal""], ""review_count"": [""detail_page: (2)""], ""bestseller_rank"": [""Amazon 売れ筋ランキング 家電＆カメラ - 812,963位 ( 家電＆カメラの売れ筋ランキングを見る ) プリペイドSIMカード - 3,864位""], ""title"": [""【香港・マカオ eSIM】26日間完全無制限（使い放題、低速なし） DeSiM正規卸 | LINE相談受付中 | データ通信専用（電話番号なし） | simフリー端末のみ対応 説明書付 イーシム DeSiM""]}"
amazon_jp,mo,【香港・マカオ eSIM】24日間完全無制限（使い放題、低速なし） DeSiM正規卸 | LINE相談受付中 | データ通信専用（電話番号なし） | simフリー端末のみ対応 説明書付 イーシム DeSiM,11000,2,,,,,3860,24일,24일,,unknown,unknown,,,"{""ctm"": null, ""china_telecom_macau"": null, ""three_macau"": null}","{""skt"": null, ""kt"": null, ""lgu"": null}",unlimited,https://www.amazon.co.jp/eSIM%E3%80%9124%E6%97%A5%E9%96%93%E5%AE%8C%E5%85%A8%E7%84%A1%E5%88%B6%E9%99%90%EF%BC%88%E4%BD%BF%E3%81%84%E6%94%BE%E9%A1%8C%E3%80%81%E4%BD%8E%E9%80%9F%E3%81%AA%E3%81%97%EF%BC%89-LINE%E7%9B%B8%E8%AB%87%E5%8F%97%E4%BB%98%E4%B8%AD%EF%BD%9C%E5%BD%93%E6%97%A5%E7%99%BA%E8%A1%8C%E5%8F%AF%E8%83%BD-%E3%83%87%E3%83%BC%E3%82%BF%E9%80%9A%E4%BF%A1%E5%B0%82%E7%94%A8%EF%BC%88%E9%9B%BB%E8%A9%B1%E7%95%AA%E5%8F%B7%E3%81%AA%E3%81%97%EF%BC%89-sim%E3%83%95%E3%83%AA%E3%83%BC%E7%AB%AF%E6%9C%AB%E3%81%AE%E3%81%BF%E5%AF%BE%E5%BF%9C-DeSiM/dp/B0F1DWXLTB,B0F1DWXLTB,B0F1DWXLTB,DeSiM,DeSiMのストアを表示,"{""price_jpy"": [""￥11,000""], ""usage_validity"": [""【香港・マカオ eSIM】24日間完全無制限（使い放題、低速なし） DeSiM正規卸 | LINE相談受付中 | データ通信専用（電話番号なし） | simフリー端末のみ対応 説明書付 イーシム DeSiM""], ""data_amount"": [""【香港・マカオ eSIM】24日間完全無制限（使い放題、低速なし） DeSiM正規卸 | LINE相談受付中｜当日発行可能 | データ通信専用（電話番号なし） | simフリー端末のみ対応 説明書付 イーシム DeSiM""], ""network_type"": [""no_local_or_roaming_keyword_matched""], ""network_generation"": [""fallback_5g: source:fallback_all_text: Amazon.co.jp: 【香港・マカオ eSIM】24日間完全無制限（使い放題、低速なし） DeSiM正規卸 | LINE相談受付中 | データ通信専用（電話番号なし） | simフリー端末のみ対応 説明書付 イーシム DeSiM : 家電＆カメラ 次に移動 メインコンテンツ この商品について この商品"", ""fallback_only_network_generation_signal""], ""review_count"": [""detail_page: (2)""], ""bestseller_rank"": [""Amazon 売れ筋ランキング 家電＆カメラ - 812,959位 ( 家電＆カメラの売れ筋ランキングを見る ) プリペイドSIMカード - 3,860位""], ""title"": [""【香港・マカオ eSIM】24日間完全無制限（使い放題、低速なし） DeSiM正規卸 | LINE相談受付中 | データ通信専用（電話番号なし） | simフリー端末のみ対応 説明書付 イーシム DeSiM""]}"
amazon_jp,mo,【ジョイテル】【中国どこでもSIM】中国8日間大容量データ通信SIM｜VPNはもう要らない・中国でもLINEやインスタも利用できるから安心・5枚セット,5980,5,,,,,1021,8일,8일,8일,local,lte_4g_only,,,"{""ctm"": null, ""china_telecom_macau"": null, ""three_macau"": null}","{""skt"": null, ""kt"": null, ""lgu"": null}",5GB,https://www.amazon.co.jp/%E3%82%B8%E3%83%A7%E3%82%A4%E3%83%86%E3%83%AB-JSCH-0003/dp/B0BSD569LF,B0BSD569LF,B0BSD569LF,JOYTEL（ジョイテル株式会社）,ブランド: ジョイテル,"{""price_jpy"": [""￥5,980""], ""usage_validity"": [""【ジョイテル】【中国どこでもSIM】中国8日間大容量データ通信SIM｜VPNはもう要らない・中国でもLINEやインスタも利用できるから安心・5枚セット""], ""activation_validity"": [""中国現地でデータ通信を開始してから8日間ご利用いただくことが可能です。有効期限はありません。ご購入いただいた後いつでもご利用可能です。""], ""data_amount"": [""高速4G通信を1枚あたり大容量5GByte利用することが可能です。5GByteを超過すると速度制限、7GByteを超過すると通信停止となります。""], ""network_type"": [""【チョコSIM 定額（Sプラン）】【中国の電話番号付きでアプリや施設サービスのSMS認証が可能】【データ容量】合計500MB/月【音声】合計20分間/月 データ/音声/SMS付きSIMカード 中国SIM マカオSIM China unicom ※こちらのSIMカードは契約後、毎月の基本料が発生いたします。※2024年11月1日から台湾でのご利用はできなくなり"", ""【SKTelecoｍ公式認証】 韓国eSIM 3日間 (72時間) 電話番号付き 超高速データ無制限 最初の5分発信無料(韓国国内) お急ぎの方即時発行可(LINE相談受付中) 有効期限／ご購入日より120日以内 現地空港サポート(SKTelecomローミングセンター) SKテレコム正規品 韓国SIMカードタイプではありません"", ""score: local=6, roaming=1""], ""network_generation"": [""product_info_cellular_4g_lte: source:product_info_cellular: 携帯電話技術 4G/3G"", ""product_info_cellular_4g_lte: source:product_info_cellular: 携帯電話技術 4G/3G""], ""review_count"": [""detail_page: (5)""], ""bestseller_rank"": [""Amazon 売れ筋ランキング 家電＆カメラ - 118,036位 ( 家電＆カメラの売れ筋ランキングを見る ) プリペイドSIMカード - 1,021位""], ""title"": [""【ジョイテル】【中国どこでもSIM】中国8日間大容量データ通信SIM｜VPNはもう要らない・中国でもLINEやインスタも利用できるから安心・5枚セット""]}"
amazon_jp,mo,【中国・香港・マカオeSIM】20日間完全無制限（十九泊二十日 使い放題） DeSiM正規卸 | LINE相談受付中｜データ通信専用（電話番号なし） | simフリー端末のみ対応 説明書付 イーシム,13000,10,,,,,,7일,7일,20일,local,unknown,,,"{""ctm"": null, ""china_telecom_macau"": null, ""three_macau"": null}","{""skt"": null, ""kt"": null, ""lgu"": null}",unlimited,https://www.amazon.co.jp/%E3%80%90%E4%B8%AD%E5%9B%BD%E3%83%BB%E9%A6%99%E6%B8%AF%E3%83%BB%E3%83%9E%E3%82%AB%E3%82%AAeSIM%E3%80%9120%E6%97%A5%E9%96%93%E5%AE%8C%E5%85%A8%E7%84%A1%E5%88%B6%E9%99%90%EF%BC%88%E5%8D%81%E4%B9%9D%E6%B3%8A%E4%BA%8C%E5%8D%81%E6%97%A5-%E4%BD%BF%E3%81%84%E6%94%BE%E9%A1%8C%EF%BC%89-DeSiM%E6%AD%A3%E8%A6%8F%E5%8D%B8-LINE%E7%9B%B8%E8%AB%87%E5%8F%97%E4%BB%98%E4%B8%AD%EF%BD%9C%E3%83%87%E3%83%BC%E3%82%BF%E9%80%9A%E4%BF%A1%E5%B0%82%E7%94%A8%EF%BC%88%E9%9B%BB%E8%A9%B1%E7%95%AA%E5%8F%B7%E3%81%AA%E3%81%97%EF%BC%89-sim%E3%83%95%E3%83%AA%E3%83%BC%E7%AB%AF%E6%9C%AB%E3%81%AE%E3%81%BF%E5%AF%BE%E5%BF%9C/dp/B0DL4S3D3K,B0DL4S3D3K,B0DL4S3D3K,DeSiM,DeSiMのストアを表示,"{""price_jpy"": [""￥13,000""], ""usage_validity"": [""商品の説明 購入前の注意事項 【注意事項】 注意事項①：本商品はデータ通信専用です（通話はご利用いただけません）。ご注意ください。 注意事項②：SIMロックフリー端末、もしくはSIMフリー端末専用のサービスです。必ず、ご利用端末がeSIM対応かどうかご確認ください。 注意事項③：2021年10月1日以前にSIMロック解除をキャリア店頭またはインターネットでさ""], ""activation_validity"": [""【中国・香港・マカオeSIM】20日間完全無制限（十九泊二十日 使い放題） DeSiM正規卸 | LINE相談受付中｜データ通信専用（電話番号なし） | simフリー端末のみ対応 説明書付 イーシム""], ""data_amount"": [""商品の説明 購入前の注意事項 【注意事項】 注意事項①：本商品はデータ通信専用です（通話はご利用いただけません）。ご注意ください。 注意事項②：SIMロックフリー端末、もしくはSIMフリー端末専用のサービスです。必ず、ご利用端末がeSIM対応かどうかご確認ください。 注意事項③：2021年10月1日以前にSIMロック解除をキャリア店頭またはインターネットでさ""], ""network_type"": [""商品の説明 購入前の注意事項 【注意事項】 注意事項①：本商品はデータ通信専用です（通話はご利用いただけません）。ご注意ください。 注意事項②：SIMロックフリー端末、もしくはSIMフリー端末専用のサービスです。必ず、ご利用端末がeSIM対応かどうかご確認ください。 注意事項③：2021年10月1日以前にSIMロック解除をキャリア店頭またはインターネットでさ"", ""score: local=3, roaming=1""], ""network_generation"": [""no_lte_4g_or_5g_keyword_matched""], ""review_count"": [""detail_page: 10""], ""title"": [""【中国・香港・マカオeSIM】20日間完全無制限（十九泊二十日 使い放題） DeSiM正規卸 | LINE相談受付中｜データ通信専用（電話番号なし） | simフリー端末のみ対応 説明書付 イーシム""]}"
amazon_jp,mo,【香港・マカオ eSIM】20日間完全無制限（十九泊二十日 コスパ重視） DeSiM正規卸 | LINE相談受付中 | データ通信専用（電話番号なし） | simフリー端末のみ対応 説明書付 イーシム,9300,,,,,,3936,20일,20일,,local,unknown,,,"{""ctm"": null, ""china_telecom_macau"": null, ""three_macau"": null}","{""skt"": null, ""kt"": null, ""lgu"": null}",unlimited,https://www.amazon.co.jp/eSIM%E3%80%9120%E6%97%A5%E9%96%93%E5%AE%8C%E5%85%A8%E7%84%A1%E5%88%B6%E9%99%90%EF%BC%88%E5%8D%81%E4%B9%9D%E6%B3%8A%E4%BA%8C%E5%8D%81%E6%97%A5-DeSiM%E6%AD%A3%E8%A6%8F%E5%8D%B8-LINE%E7%9B%B8%E8%AB%87%E5%8F%97%E4%BB%98%E4%B8%AD%EF%BD%9C%E5%BD%93%E6%97%A5%E7%99%BA%E8%A1%8C%E5%8F%AF%E8%83%BD-%E3%83%87%E3%83%BC%E3%82%BF%E9%80%9A%E4%BF%A1%E5%B0%82%E7%94%A8%EF%BC%88%E9%9B%BB%E8%A9%B1%E7%95%AA%E5%8F%B7%E3%81%AA%E3%81%97%EF%BC%89-sim%E3%83%95%E3%83%AA%E3%83%BC%E7%AB%AF%E6%9C%AB%E3%81%AE%E3%81%BF%E5%AF%BE%E5%BF%9C/dp/B0DG4JRVZV,B0DG4JRVZV,B0DG4JRVZV,DeSiM,DeSiMのストアを表示,"{""price_jpy"": [""￥9,300""], ""usage_validity"": [""【香港・マカオ eSIM】20日間完全無制限（十九泊二十日 コスパ重視） DeSiM正規卸 | LINE相談受付中 | データ通信専用（電話番号なし） | simフリー端末のみ対応 説明書付 イーシム""], ""data_amount"": [""商品の説明 購入前の注意事項 【注意事項】 注意事項①：電話番号は付与されませんので、ご注意ください。 注意事項②：SIMロックフリー端末、もしくはSIMフリー端末専用のサービスです。必ず、ご利用端末がeSIM対応かどうかご確認ください。 注意事項③：2021年10月1日以前にSIMロック解除をキャリア店頭またはインターネットでされた「Android端末」は""], ""network_type"": [""商品の説明 購入前の注意事項 【注意事項】 注意事項①：電話番号は付与されませんので、ご注意ください。 注意事項②：SIMロックフリー端末、もしくはSIMフリー端末専用のサービスです。必ず、ご利用端末がeSIM対応かどうかご確認ください。 注意事項③：2021年10月1日以前にSIMロック解除をキャリア店頭またはインターネットでされた「Android端末」は"", ""score: local=3, roaming=1""], ""network_generation"": [""fallback_5g: source:fallback_all_text: Amazon.co.jp: 【香港・マカオ eSIM】20日間完全無制限（十九泊二十日 コスパ重視） DeSiM正規卸 | LINE相談受付中 | データ通信専用（電話番号なし） | simフリー端末のみ対応 説明書付 イーシム : 家電＆カメラ 次に移動 メインコンテンツ この商品について この商品につい"", ""fallback_only_network_generation_signal""], ""bestseller_rank"": [""Amazon 売れ筋ランキング 家電＆カメラ - 850,001位 ( 家電＆カメラの売れ筋ランキングを見る ) プリペイドSIMカード - 3,936位""], ""title"": [""【香港・マカオ eSIM】20日間完全無制限（十九泊二十日 コスパ重視） DeSiM正規卸 | LINE相談受付中 | データ通信専用（電話番号なし） | simフリー端末のみ対応 説明書付 イーシム""]}"
amazon_jp,mo,【香港・マカオ eSIM】15日間 50GB（十四泊十五日 コスパ重視） DeSiM正規卸 | LINE相談受付中 | データ通信専用（電話番号なし） | simフリー端末のみ対応 説明書付 イーシム,6350,,,,,,3182,15일,15일,,local,unknown,,,"{""ctm"": null, ""china_telecom_macau"": null, ""three_macau"": null}","{""skt"": null, ""kt"": null, ""lgu"": null}",unlimited,https://www.amazon.co.jp/eSIM%E3%80%9115%E6%97%A5%E9%96%93-50GB%EF%BC%88%E5%8D%81%E5%9B%9B%E6%B3%8A%E5%8D%81%E4%BA%94%E6%97%A5-LINE%E7%9B%B8%E8%AB%87%E5%8F%97%E4%BB%98%E4%B8%AD%EF%BD%9C%E5%BD%93%E6%97%A5%E7%99%BA%E8%A1%8C%E5%8F%AF%E8%83%BD-%E3%83%87%E3%83%BC%E3%82%BF%E9%80%9A%E4%BF%A1%E5%B0%82%E7%94%A8%EF%BC%88%E9%9B%BB%E8%A9%B1%E7%95%AA%E5%8F%B7%E3%81%AA%E3%81%97%EF%BC%89-sim%E3%83%95%E3%83%AA%E3%83%BC%E7%AB%AF%E6%9C%AB%E3%81%AE%E3%81%BF%E5%AF%BE%E5%BF%9C/dp/B0DG4SKNL3,B0DG4SKNL3,B0DG4SKNL3,DeSiM,DeSiMのストアを表示,"{""price_jpy"": [""￥6,350""], ""usage_validity"": [""【香港・マカオ eSIM】15日間 50GB（十四泊十五日 コスパ重視） DeSiM正規卸 | LINE相談受付中 | データ通信専用（電話番号なし） | simフリー端末のみ対応 説明書付 イーシム""], ""data_amount"": [""商品の説明 購入前の注意事項 【注意事項】 注意事項①：電話番号は付与されませんので、ご注意ください。 注意事項②：SIMロックフリー端末、もしくはSIMフリー端末専用のサービスです。必ず、ご利用端末がeSIM対応かどうかご確認ください。 注意事項③：2021年10月1日以前にSIMロック解除をキャリア店頭またはインターネットでされた「Android端末」は""], ""network_type"": [""商品の説明 購入前の注意事項 【注意事項】 注意事項①：電話番号は付与されませんので、ご注意ください。 注意事項②：SIMロックフリー端末、もしくはSIMフリー端末専用のサービスです。必ず、ご利用端末がeSIM対応かどうかご確認ください。 注意事項③：2021年10月1日以前にSIMロック解除をキャリア店頭またはインターネットでされた「Android端末」は"", ""score: local=3, roaming=1""], ""network_generation"": [""fallback_5g: source:fallback_all_text: Amazon.co.jp: 【香港・マカオ eSIM】15日間 50GB（十四泊十五日 コスパ重視） DeSiM正規卸 | LINE相談受付中 | データ通信専用（電話番号なし） | simフリー端末のみ対応 説明書付 イーシム : 家電＆カメラ 次に移動 メインコンテンツ この商品について この商品につい"", ""fallback_only_network_generation_signal""], ""bestseller_rank"": [""Amazon 売れ筋ランキング 家電＆カメラ - 507,266位 ( 家電＆カメラの売れ筋ランキングを見る ) プリペイドSIMカード - 3,182位""], ""title"": [""【香港・マカオ eSIM】15日間 50GB（十四泊十五日 コスパ重視） DeSiM正規卸 | LINE相談受付中 | データ通信専用（電話番号なし） | simフリー端末のみ対応 説明書付 イーシム""]}"
amazon_jp,mo,アジア12か国 eSIM SIMカード 15日間 データ使い放題 15GBまで高速 Jet Sim 無制限 ジェットシム タイ フィリピン ベトナム,3880,1,,,,,1365,15일,15일,30일,unknown,5g_capable,,,"{""ctm"": null, ""china_telecom_macau"": null, ""three_macau"": null}","{""skt"": null, ""kt"": null, ""lgu"": null}",1GB/day,https://www.amazon.co.jp/%E3%82%A2%E3%82%B8%E3%82%A212%E3%81%8B%E5%9B%BD-SIM%E3%82%AB%E3%83%BC%E3%83%89-15%E6%97%A5%E9%96%93-%E3%83%87%E3%83%BC%E3%82%BF%E4%BD%BF%E3%81%84%E6%94%BE%E9%A1%8C-15GB%E3%81%BE%E3%81%A7%E9%AB%98%E9%80%9F/dp/B0GMLBL7PM,B0GMLBL7PM,B0GMLBL7PM,ジェスロモバイル,JETSIMのストアを表示,"{""price_jpy"": [""￥3,880""], ""usage_validity"": [""アジア12か国 eSIM SIMカード 15日間 データ使い放題 15GBまで高速 Jet Sim 無制限 ジェットシム タイ フィリピン ベトナム""], ""activation_validity"": [""商品の説明 購入後すぐにeSIMを使えますか？ はい、すぐにご利用いただけます。スムーズにご利用いただくために、申請フォームのご提出をお願いいたします。 eSIMのアクティベーションは必要ですか？ アクティベーションは不要です。eSIMをスマートフォンに追加すれば、現地に到着次第、自動的に接続されます！ 複数の国で利用できるプランは国をまたいで移動する際も、""], ""data_amount"": [""【データ無制限】 アジア12カ国15日間、5G/4G-LTE高速データ15GB。その後もデータ通信の利用が可能。テザリング対応。高速データ1日1GBまで。""], ""network_type"": [""no_local_or_roaming_keyword_matched""], ""network_generation"": [""product_info_cellular_5g: source:product_info_cellular: 携帯電話技術 4G LTE, 5G"", ""product_info_cellular_5g: source:product_info_cellular: 携帯電話技術 4G LTE, 5G"", ""product_info_cellular_4g_lte_signal_present_but_5g_capable_takes_precedence""], ""review_count"": [""detail_page: (1)""], ""bestseller_rank"": [""Amazon 売れ筋ランキング 家電＆カメラ - 166,203位 ( 家電＆カメラの売れ筋ランキングを見る ) プリペイドSIMカード - 1,365位""], ""title"": [""アジア12か国 eSIM SIMカード 15日間 データ使い放題 15GBまで高速 Jet Sim 無制限 ジェットシム タイ フィリピン ベトナム""]}"
amazon_jp,mo,【中華圏 eSIM】 6日間 高速データ無制限 4G/5G対応 当日発行可能 Google・LINE・YouTube利用可能 データ通信専用（電話番号なし） | LINEで24時間サポート 説明書付 中国 eSIM 香港 eSIM マカオeSIM (eSIM | 6日間/144時間),2280,2,,,,,3988,6일,6일,90일,unknown,5g_capable,,,"{""ctm"": true, ""china_telecom_macau"": null, ""three_macau"": null}","{""skt"": null, ""kt"": null, ""lgu"": null}",unlimited,https://www.amazon.co.jp/6%E6%97%A5%E9%96%93-Google%E3%83%BBLINE%E3%83%BBYouTube%E5%88%A9%E7%94%A8%E5%8F%AF%E8%83%BD-%E3%83%87%E3%83%BC%E3%82%BF%E9%80%9A%E4%BF%A1%E5%B0%82%E7%94%A8%EF%BC%88%E9%9B%BB%E8%A9%B1%E7%95%AA%E5%8F%B7%E3%81%AA%E3%81%97%EF%BC%89-eSIM-144%E6%99%82%E9%96%93/dp/B0DK4XSPBS,B0DK4XSPBS,B0DK4XSPBS,Global Simcard,アーモンド　ＳＩｍ　ｃａｒｄのストアを表示,"{""price_jpy"": [""￥2,280""], ""usage_validity"": [""【中華圏 eSIM】 6日間 高速データ無制限 4G/5G対応 当日発行可能 Google・LINE・YouTube利用可能 データ通信専用（電話番号なし） | LINEで24時間サポート 説明書付 中国 eSIM 香港 eSIM マカオeSIM (eSIM | 6日間/144時間)""], ""activation_validity"": [""⭐【有効期限】メールで納品後、90日以内にご利用ください。""], ""data_amount"": [""⭐【高速データ通信】完全無制限、低速度なし！！QRコードをスキャンするだけで簡単に接続可能。（※インターネット環境が必要です）""], ""network_type"": [""no_local_or_roaming_keyword_matched""], ""network_generation"": [""product_info_cellular_5g: source:product_info_cellular: 携帯電話技術 4G/5G"", ""product_info_cellular_5g: source:product_info_cellular: 携帯電話技術 4G/5G"", ""product_info_cellular_4g_lte_signal_present_but_5g_capable_takes_precedence""], ""carrier_support_local"": [""CTM: ⭐【eSIM取得方法】ご購入後、https://jp.www.easyglobalesim.com/esimにアクセスし必要事項を入力➡メールアドレスにPDFの説明書とeSIMのQRコードが届きます！ ⭐【高速データ通信】完全無制限、低速度なし！！QRコードをスキャンして簡単に接続。 ⭐【有効期限】"", ""CTM: サービスプロバイダ CMCC/Smarttone/CTM"", ""CTM: Amazon.co.jp: 【中華圏 eSIM】 6日間 高速データ無制限 4G/5G対応 当日発行可能 Google・LINE・YouTube利用可能 データ通信専用（電話番号なし） | LINEで24時間サポート 説明書付 中国 eSIM 香港 eSIM マカオeSIM (eSIM | 6日間/""], ""review_count"": [""detail_page: (2)""], ""bestseller_rank"": [""Amazon 売れ筋ランキング 家電＆カメラ - 891,721位 ( 家電＆カメラの売れ筋ランキングを見る ) プリペイドSIMカード - 3,988位""], ""title"": [""【中華圏 eSIM】 6日間 高速データ無制限 4G/5G対応 当日発行可能 Google・LINE・YouTube利用可能 データ通信専用（電話番号なし） | LINEで24時間サポート 説明書付 中国 eSIM 香港 eSIM マカオeSIM (eSIM | 6日間/144時間)""]}"
amazon_jp,mo,［中国・マカオ eSIM］7日間無制限高速データ通信（低速制限なし）｜5G/4G対応｜当日中にQRコードをメール送信｜中国国内でもネット制限なし｜VPN不要でLINE、YouTube、Googleなどのアプリが利用可能｜簡単に設定できるQRコード＆マニュアル付き。 (7日間無制限),2480,185,,,,,,7일,7일,90일,unknown,5g_capable,,,"{""ctm"": null, ""china_telecom_macau"": null, ""three_macau"": null}","{""skt"": null, ""kt"": null, ""lgu"": null}",unlimited,https://www.amazon.co.jp/Billion-Connect-7%E6%97%A5%E9%96%93%E7%84%A1%E5%88%B6%E9%99%90-eSIM%EF%BC%BD7%E6%97%A5%E9%96%93%E7%84%A1%E5%88%B6%E9%99%90%E9%AB%98%E9%80%9F%E3%83%87%E3%83%BC%E3%82%BF%E9%80%9A%E4%BF%A1%EF%BC%88%E4%BD%8E%E9%80%9F%E5%88%B6%E9%99%90%E3%81%AA%E3%81%97%EF%BC%89%EF%BD%9C5G/dp/B0FB3RWMWF,B0FB3RWMWF,B0FB3RWMWF,トリリオン・コネクト,Billion Connectのストアを表示,"{""price_jpy"": [""￥2,480""], ""usage_validity"": [""［中国・マカオ eSIM］7日間無制限高速データ通信（低速制限なし）｜5G/4G対応｜当日中にQRコードをメール送信｜中国国内でもネット制限なし｜VPN不要でLINE、YouTube、Googleなどのアプリが利用可能｜簡単に設定できるQRコード＆マニュアル付き。 (7日間無制限)""], ""activation_validity"": [""【eSIMの有効期限】 受け取り後90日以内にアクティベートしてください。有効期限の前日までにアクティベートされていない場合、eSIMは無効となりご利用いただけません。""], ""data_amount"": [""【7日間無制限高速データ – 5G/4G対応】 中国・マカオ eSIMは、完全無制限の高速データ通信を提供！データ残量を気にせず、動画視聴・ゲーム・SNS・ライブ配信をいつでもどこでも思い切り楽しめます！""], ""network_type"": [""no_local_or_roaming_keyword_matched""], ""network_generation"": [""product_info_cellular_5g: source:product_info_cellular: 携帯電話技術 5G"", ""product_info_cellular_5g: source:product_info_cellular: 携帯電話技術 5G""], ""review_count"": [""detail_page: 185""], ""title"": [""［中国・マカオ eSIM］7日間無制限高速データ通信（低速制限なし）｜5G/4G対応｜当日中にQRコードをメール送信｜中国国内でもネット制限なし｜VPN不要でLINE、YouTube、Googleなどのアプリが利用可能｜簡単に設定できるQRコード＆マニュアル付き。 (7日間無制限)""]}"
amazon_jp,mo,AIS Sim2Fly 6GB 10日間 シンガポール、韓国、マレーシア、インド、ビルマ、カンボジア、フィリピン、ラオス、台湾、HK、マカオ、日本、中国,6600,78,,,,,,3일,3일,10일,unknown,unknown,,,"{""ctm"": null, ""china_telecom_macau"": null, ""three_macau"": null}","{""skt"": null, ""kt"": null, ""lgu"": null}",unlimited,https://www.amazon.co.jp/AIS-Sim2Fly-GB-8%E6%97%A5-%E3%82%B7%E3%83%B3%E3%82%AC%E3%83%9D%E3%83%BC%E3%83%AB%E3%80%81%E9%9F%93%E5%9B%BD%E3%80%81%E3%83%9E%E3%83%AC%E3%83%BC%E3%82%B7%E3%82%A2%E3%80%81%E3%82%A4%E3%83%B3%E3%83%89%E3%80%81%E3%83%93%E3%83%AB%E3%83%9E%E3%80%81%E3%82%AB%E3%83%B3%E3%83%9C%E3%82%B8%E3%82%A2%E3%80%81%E3%83%95%E3%82%A3%E3%83%AA%E3%83%94%E3%83%B3%E3%80%81%E3%83%A9%E3%82%AA%E3%82%B9%E3%80%81%E5%8F%B0%E6%B9%BE%E3%80%81HK%E3%80%81%E3%83%9E%E3%82%AB%E3%82%AA%E3%80%81%E6%97%A5%E6%9C%AC%E3%80%81%E4%B8%AD%E5%9B%BD/dp/B07VN5JG4Z,B07VN5JG4Z,B07VN5JG4Z,ブランド: AIS,ブランド: AIS,"{""price_jpy"": [""￥6,600 ￥ 6,600 66ポイント(1""], ""usage_validity"": [""【SKTelecoｍ公式認証】 韓国eSIM 3日間 (72時間) 電話番号付き 超高速データ無制限 最初の5分発信無料(韓国国内) お急ぎの方即時発行可(LINE相談受付中) 有効期限／ご購入日より120日以内 現地空港サポート(SKTelecomローミングセンター) SKテレコム正規品 韓国SIMカードタイプではありません""], ""activation_validity"": [""AIS Sim2Fly 6GB 10日間 シンガポール、韓国、マレーシア、インド、ビルマ、カンボジア、フィリピン、ラオス、台湾、HK、マカオ、日本、中国""], ""data_amount"": [""10日間(240時間)32か国で無制限のデータ使用(高速6GBの後、128kbpsに低下);オーストラリア、バーレーン、バングラデシュ、ブルネイ、カンボジア、中国(チベットを含む)、ジョージア、グアム、香港、インド、インドネシア、イスラエル、日本、ヨルダン、カザフスタン、クウェート、ラオ、マレーシア、モンゴル ia ミャンマー ネパール オマーン パキスタン""], ""network_type"": [""local_signal: 【チョコSIM 定額（Sプラン）】【中国の電話番号付きでアプリや施設サービスのSMS認証が可能】【データ容量】合計500MB/月【音声】合計20分間/月 データ/音声/SMS付きSIMカード 中国SIM マカオSIM China unicom ※こちらのSIMカードは契約後、毎月の基本料が発生いたします。※2024年11月1日から台湾でのご利用はできなくなり"", ""roaming_signal: これ以上の登録は必要ありません。 すぐに使えます。 モバイルデータとデータローミングをオンにするだけです。 テザリングが可能です。 ロック解除された電話でのみ動作します(GSM/LTEモードはこのSIMを使用するために必要です)。"", ""insufficient_or_conflicting_signals(local=6, roaming=7)""], ""network_generation"": [""fallback_5g: source:image_alt: 【タイ eSIM】5日間 0.5GB/毎日（四泊五日 コスパ重視） DeSiM正規卸 | シンガポール マレーシア インドネシアの３ヵ国でも利用可能 |LINE相談受付中 |データ通信専用（電話番号なし） simフリー端末のみ対応 説明書付 イーシム"", ""fallback_4g_lte: source:image_alt: 東南アジアeSIM 6日間 5GB【当日発行】 タイ・ベトナム・シンガポール・インドネシア（バリ島）・マレーシア・フィリピン eSIM 高速4G LTE ホットスポット対応 データ専用 LINE相談受付中 海外旅行・出張に最適"", ""fallback_only_network_generation_signal""], ""review_count"": [""detail_page: (78)""], ""title"": [""AIS Sim2Fly 6GB 10日間 シンガポール、韓国、マレーシア、インド、ビルマ、カンボジア、フィリピン、ラオス、台湾、HK、マカオ、日本、中国""]}"
amazon_jp,mo,マカオ eSIM | 5日間 | 高速データ無制限使い放題 5G/4G | QRコード 当日発行可 メール登録で即納品即利用可 | LINEサポート | データ通信専用(電話番号なし)| 日本で事前設定OK | テザリング可能 | パスポート情報不要・実名登録なし,1750,,,,,,,5일,5일,,unknown,lte_4g_only,,,"{""ctm"": null, ""china_telecom_macau"": null, ""three_macau"": null}","{""skt"": null, ""kt"": null, ""lgu"": null}",unlimited,https://www.amazon.co.jp/5%E6%97%A5%E9%96%93-%E9%AB%98%E9%80%9F%E3%83%87%E3%83%BC%E3%82%BF%E5%AE%8C%E5%85%A8%E7%84%A1%E5%88%B6%E9%99%90%E4%BD%BF%E3%81%84%E6%94%BE%E9%A1%8C-QR%E3%82%B3%E3%83%BC%E3%83%89%E5%8D%B3%E7%99%BA%E8%A1%8C%E5%8D%B3%E5%88%A9%E7%94%A8%E5%8F%AF-%E3%83%87%E3%83%BC%E3%82%BF%E9%80%9A%E4%BF%A1%E5%B0%82%E7%94%A8%EF%BC%88%E9%9B%BB%E8%A9%B1%E7%95%AA%E5%8F%B7%E3%81%AA%E3%81%97%EF%BC%89-sim%E3%83%95%E3%83%AA%E3%83%BC%E7%AB%AF%E6%9C%AB%E3%81%AE%E3%81%BF%E5%AF%BE%E5%BF%9C/dp/B0DC5K8Z33,B0DC5K8Z33,B0DC5K8Z33,TORA eSIM,TORAのストアを表示,"{""price_jpy"": [""￥1,750""], ""usage_validity"": [""マカオ eSIM | 5日間 | 高速データ無制限使い放題 5G/4G | QRコード 当日発行可 メール登録で即納品即利用可 | LINEサポート | データ通信専用(電話番号なし)| 日本で事前設定OK | テザリング可能 | パスポート情報不要・実名登録なし""], ""data_amount"": [""🐯データ通信🐯 5G/4G/LTE対応の高速データが【無制限】使えます。""], ""network_type"": [""local_signal: 🔺注意事項🔺 利用期限は台湾時間を基準とし、利用開始時間によらず、現地回線に接続した日から、購入プラン日数の23:59(台湾時間)までとなります。※台湾時間の0時は、日本時間の深夜1時"", ""roaming_signal: 商品の説明 ご利用前に必ずご確認ください！ この商品はeSIMです、物理SIMではありません。eSIM非対応の端末ではご利用できません。 以下の手順でお使いの端末が「eSIM対応端末」と「SIMロックされていない」をご確認ください。 ① eSIM対応端末の確認方法 スマホのダイヤル発信画面で「*#06#」をダイヤルし、デバイス情報に「EID」表示されればご利"", ""insufficient_or_conflicting_signals(local=3, roaming=3)""], ""network_generation"": [""product_info_cellular_4g_lte: source:product_info_cellular: 携帯電話技術 LTE"", ""product_info_cellular_4g_lte: source:product_info_cellular: 携帯電話技術 LTE""], ""title"": [""マカオ eSIM | 5日間 | 高速データ無制限使い放題 5G/4G | QRコード 当日発行可 メール登録で即納品即利用可 | LINEサポート | データ通信専用(電話番号なし)| 日本で事前設定OK | テザリング可能 | パスポート情報不要・実名登録なし""]}"
amazon_jp,mo,［中国・マカオ eSIM］5日間無制限高速データ通信（低速制限なし）｜5G/4G対応｜当日中にQRコードをメール送信｜中国国内でもネット制限なし｜VPN不要でLINE、YouTube、Googleなどのアプリが利用可能｜簡単に設定できるQRコード＆マニュアル付き。 (5日間無制限),1880,,,,,,,5일,5일,90일,unknown,5g_capable,,,"{""ctm"": null, ""china_telecom_macau"": null, ""three_macau"": null}","{""skt"": null, ""kt"": null, ""lgu"": null}",unlimited,https://www.amazon.co.jp/Billion-Connect-5%E6%97%A5%E9%96%93%E7%84%A1%E5%88%B6%E9%99%90-eSIM%EF%BC%BD5%E6%97%A5%E9%96%93%E7%84%A1%E5%88%B6%E9%99%90%E9%AB%98%E9%80%9F%E3%83%87%E3%83%BC%E3%82%BF%E9%80%9A%E4%BF%A1%EF%BC%88%E4%BD%8E%E9%80%9F%E5%88%B6%E9%99%90%E3%81%AA%E3%81%97%EF%BC%89%EF%BD%9C5G/dp/B0FB3RH798,B0FB3RH798,B0FB3RH798,トリリオン・コネクト,Billion Connectのストアを表示,"{""price_jpy"": [""￥1,880""], ""usage_validity"": [""［中国・マカオ eSIM］5日間無制限高速データ通信（低速制限なし）｜5G/4G対応｜当日中にQRコードをメール送信｜中国国内でもネット制限なし｜VPN不要でLINE、YouTube、Googleなどのアプリが利用可能｜簡単に設定できるQRコード＆マニュアル付き。 (5日間無制限)""], ""activation_validity"": [""【eSIMの有効期限】 受け取り後90日以内にアクティベートしてください。有効期限の前日までにアクティベートされていない場合、eSIMは無効となりご利用いただけません。""], ""data_amount"": [""【5日間無制限高速データ – 5G/4G対応】 中国・マカオ eSIMは、完全無制限の高速データ通信を提供！データ残量を気にせず、動画視聴・ゲーム・SNS・ライブ配信をいつでもどこでも思い切り楽しめます！""], ""network_type"": [""no_local_or_roaming_keyword_matched""], ""network_generation"": [""product_info_cellular_5g: source:product_info_cellular: 携帯電話技術 5G"", ""product_info_cellular_5g: source:product_info_cellular: 携帯電話技術 5G""], ""title"": [""［中国・マカオ eSIM］5日間無制限高速データ通信（低速制限なし）｜5G/4G対応｜当日中にQRコードをメール送信｜中国国内でもネット制限なし｜VPN不要でLINE、YouTube、Googleなどのアプリが利用可能｜簡単に設定できるQRコード＆マニュアル付き。 (5日間無制限)""]}"
amazon_jp,mo,【eSIM 中国本土 香港 マカオ周遊】 高速データ 10GB/15日間パック 低速データ無制限 GFW回避回線 (15日間10GB),3380,,,,,,3620,15일,15일,,unknown,unknown,,,"{""ctm"": null, ""china_telecom_macau"": null, ""three_macau"": null}","{""skt"": null, ""kt"": null, ""lgu"": null}",unlimited,https://www.amazon.co.jp/%E3%83%9E%E3%82%AB%E3%82%AA%E5%91%A8%E9%81%8A%E3%80%91-15%E6%97%A5%E9%96%93%E3%83%91%E3%83%83%E3%82%AF-%E4%BD%8E%E9%80%9F%E3%83%87%E3%83%BC%E3%82%BF%E7%84%A1%E5%88%B6%E9%99%90-GFW%E5%9B%9E%E9%81%BF%E5%9B%9E%E7%B7%9A-15%E6%97%A5%E9%96%9310GB/dp/B0CYZN1CHN,B0CYZN1CHN,B0CYZN1CHN,MEkeSIM,MEkeSIMのストアを表示,"{""price_jpy"": [""￥3,380""], ""usage_validity"": [""【eSIM 中国本土 香港 マカオ周遊】 高速データ 10GB/15日間パック 低速データ無制限 GFW回避回線 (15日間10GB)""], ""data_amount"": [""【特徴①】中国本土、香港並びにマカオのそれぞれの現地通信キャリアの高速データ通信回線をバンドルしたパッケージです。ローミングeSIMではありませんので、接続性能が安定しています。ご購入いただいたデータ容量を、それぞれの定められた利用期間中に使い切ることができます。なお、ご購入データ量を使い切った後は、128kbpsへと速度制限されますが、この速度での低速通信""], ""network_type"": [""local_signal: 【特徴①】中国本土、香港並びにマカオのそれぞれの現地通信キャリアの高速データ通信回線をバンドルしたパッケージです。ローミングeSIMではありませんので、接続性能が安定しています。ご購入いただいたデータ容量を、それぞれの定められた利用期間中に使い切ることができます。なお、ご購入データ量を使い切った後は、128kbpsへと速度制限されますが、この速度での低速通信"", ""roaming_signal: 【特徴①】中国本土、香港並びにマカオのそれぞれの現地通信キャリアの高速データ通信回線をバンドルしたパッケージです。ローミングeSIMではありませんので、接続性能が安定しています。ご購入いただいたデータ容量を、それぞれの定められた利用期間中に使い切ることができます。なお、ご購入データ量を使い切った後は、128kbpsへと速度制限されますが、この速度での低速通信"", ""insufficient_or_conflicting_signals(local=3, roaming=4)""], ""network_generation"": [""no_lte_4g_or_5g_keyword_matched""], ""bestseller_rank"": [""Amazon 売れ筋ランキング 家電＆カメラ - 669,866位 ( 家電＆カメラの売れ筋ランキングを見る ) プリペイドSIMカード - 3,620位""], ""title"": [""【eSIM 中国本土 香港 マカオ周遊】 高速データ 10GB/15日間パック 低速データ無制限 GFW回避回線 (15日間10GB)""]}"
amazon_jp,mo,【アジア6ヶ国周遊 eSIM】キャリア高速データ回線1GB/日 | 低速無制限 | 10日間 | シンガポール タイ マレーシア インドネシア ベトナム マカオ (10日間),1980,6,,,,,2528,3일,3일,10일,unknown,unknown,,,"{""ctm"": null, ""china_telecom_macau"": null, ""three_macau"": null}","{""skt"": null, ""kt"": null, ""lgu"": null}",1GB,https://www.amazon.co.jp/%E3%80%90%E3%82%A2%E3%82%B8%E3%82%A26%E3%83%B6%E5%9B%BD%E5%91%A8%E9%81%8A-eSIM%E3%80%91%E3%82%AD%E3%83%A3%E3%83%AA%E3%82%A2%E9%AB%98%E9%80%9F%E3%83%87%E3%83%BC%E3%82%BF%E5%9B%9E%E7%B7%9A1GB-10%E6%97%A5%E9%96%93-%E3%82%B7%E3%83%B3%E3%82%AC%E3%83%9D%E3%83%BC%E3%83%AB-%E3%82%A4%E3%83%B3%E3%83%89%E3%83%8D%E3%82%B7%E3%82%A2/dp/B0CYSHQVR6,B0CYSHQVR6,B0CYSHQVR6,MEkeSIM,MEkeSIMのストアを表示,"{""price_jpy"": [""￥1,980""], ""usage_validity"": [""【SKTelecoｍ公式認証】 韓国eSIM 3日間 (72時間) 電話番号付き 超高速データ無制限 最初の5分発信無料(韓国国内) お急ぎの方即時発行可(LINE相談受付中) 有効期限／ご購入日より120日以内 現地空港サポート(SKTelecomローミングセンター) SKテレコム正規品 韓国SIMカードタイプではありません""], ""activation_validity"": [""【アジア6ヶ国周遊 eSIM】キャリア高速データ回線1GB/日 | 低速無制限 | 10日間 | シンガポール タイ マレーシア インドネシア ベトナム マカオ (10日間)""], ""data_amount"": [""【特徴】シンガポール、マレーシア、インドネシア、カンボジア、ベトナム、タイ、香港、マカオ計8ヶ国の大手通信キャリアの高速データ回線をバンドルしましたこれらの国であれば、どこでも利用可能ですただし、1日あたりの使用量上限は、各国で使用した容量の合計で1GBです1GBを使い切った後も128kbpsでのデータ通信が可能ですので、メールの送受信等は対応できます使用現""], ""network_type"": [""local_signal: 【チョコSIM 定額（Sプラン）】【中国の電話番号付きでアプリや施設サービスのSMS認証が可能】【データ容量】合計500MB/月【音声】合計20分間/月 データ/音声/SMS付きSIMカード 中国SIM マカオSIM China unicom ※こちらのSIMカードは契約後、毎月の基本料が発生いたします。※2024年11月1日から台湾でのご利用はできなくなり"", ""roaming_signal: 【特徴②】eSIM対応のスマートフォン（iOS、Androidのいずれでも）であれば、QRコードをスキャンすることにより、ご購入いただいたeSIMのソフトウェアをスマートフォンへインストールできます現地到着後にデータ通信ローミングをONにするだけの簡単な操作で、ただちにeSIMがアクティベート（稼働開始）されてデータ通信が可能となりますただし、Android"", ""insufficient_or_conflicting_signals(local=9, roaming=4)""], ""network_generation"": [""fallback_5g: source:image_alt: 【東南アジア４カ国 eSIM】7日間 5GB（六泊七日 コスパ重視） DeSiM正規卸 | タイ シンガポール マレーシア インドネシアの4ヵ国 利用可能 |LINE相談受付中 |データ通信専用（電話番号なし） simフリー端末のみ対応 説明書付 イーシム"", ""fallback_4g_lte: source:image_alt: アジア12か国 SIMカード 4日間 データ使い放題 4GBまで高速 Jet Sim 物理SIM 無制限 4日 ジェットシム タイ フィリピン ベトナム"", ""fallback_only_network_generation_signal""], ""review_count"": [""detail_page: 6""], ""bestseller_rank"": [""Amazon 売れ筋ランキング 家電＆カメラ - 355,671位 ( 家電＆カメラの売れ筋ランキングを見る ) プリペイドSIMカード - 2,528位""], ""title"": [""【アジア6ヶ国周遊 eSIM】キャリア高速データ回線1GB/日 | 低速無制限 | 10日間 | シンガポール タイ マレーシア インドネシア ベトナム マカオ (10日間)""]}"
amazon_jp,mo,［中国・マカオ eSIM］10日間無制限高速データ通信（低速制限なし）｜5G/4G対応｜当日中にQRコードをメール送信｜中国国内でもネット制限なし｜VPN不要でLINE、YouTube、Googleなどのアプリが利用可能｜簡単に設定できるQRコード＆マニュアル付き。 (10日間無制限),3480,,,,,,290,10일,10일,90일,unknown,5g_capable,,,"{""ctm"": null, ""china_telecom_macau"": null, ""three_macau"": null}","{""skt"": null, ""kt"": null, ""lgu"": null}",unlimited,https://www.amazon.co.jp/Billion-Connect-10%E6%97%A5%E9%96%93%E7%84%A1%E5%88%B6%E9%99%90-eSIM%EF%BC%BD10%E6%97%A5%E9%96%93%E7%84%A1%E5%88%B6%E9%99%90%E9%AB%98%E9%80%9F%E3%83%87%E3%83%BC%E3%82%BF%E9%80%9A%E4%BF%A1%EF%BC%88%E4%BD%8E%E9%80%9F%E5%88%B6%E9%99%90%E3%81%AA%E3%81%97%EF%BC%89%EF%BD%9C5G/dp/B0FB3SXCT7,B0FB3SXCT7,B0FB3SXCT7,トリリオン・コネクト,Billion Connectのストアを表示,"{""price_jpy"": [""￥3,480""], ""usage_validity"": [""［中国・マカオ eSIM］10日間無制限高速データ通信（低速制限なし）｜5G/4G対応｜当日中にQRコードをメール送信｜中国国内でもネット制限なし｜VPN不要でLINE、YouTube、Googleなどのアプリが利用可能｜簡単に設定できるQRコード＆マニュアル付き。 (10日間無制限)""], ""activation_validity"": [""【eSIMの有効期限】 受け取り後90日以内にアクティベートしてください。有効期限の前日までにアクティベートされていない場合、eSIMは無効となりご利用いただけません。""], ""data_amount"": [""【10日間無制限高速データ – 5G/4G対応】 中国・香港・マカオ eSIMは、完全無制限の高速データ通信を提供！データ残量を気にせず、動画視聴・ゲーム・SNS・ライブ配信をいつでもどこでも思い切り楽しめます！""], ""network_type"": [""no_local_or_roaming_keyword_matched""], ""network_generation"": [""product_info_cellular_5g: source:product_info_cellular: 携帯電話技術 5G"", ""product_info_cellular_5g: source:product_info_cellular: 携帯電話技術 5G""], ""bestseller_rank"": [""Amazon 売れ筋ランキング 家電＆カメラ - 797,301位 ( 家電＆カメラの売れ筋ランキングを見る ) 定期契約SIMカード - 290位""], ""title"": [""［中国・マカオ eSIM］10日間無制限高速データ通信（低速制限なし）｜5G/4G対応｜当日中にQRコードをメール送信｜中国国内でもネット制限なし｜VPN不要でLINE、YouTube、Googleなどのアプリが利用可能｜簡単に設定できるQRコード＆マニュアル付き。 (10日間無制限)""]}"
amazon_jp,mo,［中国・マカオ eSIM］6日間無制限高速データ通信（低速制限なし）｜5G/4G対応｜当日中にQRコードをメール送信｜中国国内でもネット制限なし｜VPN不要でLINE、YouTube、Googleなどのアプリが利用可能｜簡単に設定できるQRコード＆マニュアル付き。 (6日間無制限),2180,,,,,,,6일,6일,90일,unknown,5g_capable,,,"{""ctm"": null, ""china_telecom_macau"": null, ""three_macau"": null}","{""skt"": null, ""kt"": null, ""lgu"": null}",unlimited,https://www.amazon.co.jp/Billion-Connect-6%E6%97%A5%E9%96%93%E7%84%A1%E5%88%B6%E9%99%90-eSIM%EF%BC%BD6%E6%97%A5%E9%96%93%E7%84%A1%E5%88%B6%E9%99%90%E9%AB%98%E9%80%9F%E3%83%87%E3%83%BC%E3%82%BF%E9%80%9A%E4%BF%A1%EF%BC%88%E4%BD%8E%E9%80%9F%E5%88%B6%E9%99%90%E3%81%AA%E3%81%97%EF%BC%89%EF%BD%9C5G/dp/B0FB3SY25L,B0FB3SY25L,B0FB3SY25L,トリリオン・コネクト,Billion Connectのストアを表示,"{""price_jpy"": [""￥2,180""], ""usage_validity"": [""［中国・マカオ eSIM］6日間無制限高速データ通信（低速制限なし）｜5G/4G対応｜当日中にQRコードをメール送信｜中国国内でもネット制限なし｜VPN不要でLINE、YouTube、Googleなどのアプリが利用可能｜簡単に設定できるQRコード＆マニュアル付き。 (6日間無制限)""], ""activation_validity"": [""【eSIMの有効期限】 受け取り後90日以内にアクティベートしてください。有効期限の前日までにアクティベートされていない場合、eSIMは無効となりご利用いただけません。""], ""data_amount"": [""【6日間無制限高速データ – 5G/4G対応】 中国・マカオ eSIMは、完全無制限の高速データ通信を提供！データ残量を気にせず、動画視聴・ゲーム・SNS・ライブ配信をいつでもどこでも思い切り楽しめます！""], ""network_type"": [""no_local_or_roaming_keyword_matched""], ""network_generation"": [""product_info_cellular_5g: source:product_info_cellular: 携帯電話技術 5G"", ""product_info_cellular_5g: source:product_info_cellular: 携帯電話技術 5G""], ""title"": [""［中国・マカオ eSIM］6日間無制限高速データ通信（低速制限なし）｜5G/4G対応｜当日中にQRコードをメール送信｜中国国内でもネット制限なし｜VPN不要でLINE、YouTube、Googleなどのアプリが利用可能｜簡単に設定できるQRコード＆マニュアル付き。 (6日間無制限)""]}"
amazon_jp,mo,［中国・マカオ eSIM］9日間無制限高速データ通信（低速制限なし）｜5G/4G対応｜当日中にQRコードをメール送信｜中国国内でもネット制限なし｜VPN不要でLINE、YouTube、Googleなどのアプリが利用可能｜簡単に設定できるQRコード＆マニュアル付き。 (9日間無制限),3080,,,,,,,9일,9일,90일,unknown,5g_capable,,,"{""ctm"": null, ""china_telecom_macau"": null, ""three_macau"": null}","{""skt"": null, ""kt"": null, ""lgu"": null}",unlimited,https://www.amazon.co.jp/Billion-Connect-9%E6%97%A5%E9%96%93%E7%84%A1%E5%88%B6%E9%99%90-eSIM%EF%BC%BD9%E6%97%A5%E9%96%93%E7%84%A1%E5%88%B6%E9%99%90%E9%AB%98%E9%80%9F%E3%83%87%E3%83%BC%E3%82%BF%E9%80%9A%E4%BF%A1%EF%BC%88%E4%BD%8E%E9%80%9F%E5%88%B6%E9%99%90%E3%81%AA%E3%81%97%EF%BC%89%EF%BD%9C5G/dp/B0FB3SWYC2,B0FB3SWYC2,B0FB3SWYC2,トリリオン・コネクト,Billion Connectのストアを表示,"{""price_jpy"": [""￥3,080""], ""usage_validity"": [""［中国・マカオ eSIM］9日間無制限高速データ通信（低速制限なし）｜5G/4G対応｜当日中にQRコードをメール送信｜中国国内でもネット制限なし｜VPN不要でLINE、YouTube、Googleなどのアプリが利用可能｜簡単に設定できるQRコード＆マニュアル付き。 (9日間無制限)""], ""activation_validity"": [""【eSIMの有効期限】 受け取り後90日以内にアクティベートしてください。有効期限の前日までにアクティベートされていない場合、eSIMは無効となりご利用いただけません。""], ""data_amount"": [""【9日間無制限高速データ – 5G/4G対応】 中国・マカオ eSIMは、完全無制限の高速データ通信を提供！データ残量を気にせず、動画視聴・ゲーム・SNS・ライブ配信をいつでもどこでも思い切り楽しめます！""], ""network_type"": [""no_local_or_roaming_keyword_matched""], ""network_generation"": [""product_info_cellular_5g: source:product_info_cellular: 携帯電話技術 5G"", ""product_info_cellular_5g: source:product_info_cellular: 携帯電話技術 5G""], ""title"": [""［中国・マカオ eSIM］9日間無制限高速データ通信（低速制限なし）｜5G/4G対応｜当日中にQRコードをメール送信｜中国国内でもネット制限なし｜VPN不要でLINE、YouTube、Googleなどのアプリが利用可能｜簡単に設定できるQRコード＆マニュアル付き。 (9日間無制限)""]}"
amazon_jp,mo,【アジア16カ国 eSIM】5日間 2GB/日 高速データ通信 低速無制限 | 当日発行可能 24時間カスタマーサポート | データ通信専用（電話番号なし） 説明書付 ｜ イーシム アジア周遊 simカード アジア esim (eSIM | 5日間 10GB),2380,3,,,,,1324,5일,5일,90일,local,lte_4g_only,,,"{""ctm"": null, ""china_telecom_macau"": null, ""three_macau"": null}","{""skt"": null, ""kt"": null, ""lgu"": null}",2GB/day,https://www.amazon.co.jp/24%E6%99%82%E9%96%93%E3%82%AB%E3%82%B9%E3%82%BF%E3%83%9E%E3%83%BC%E3%82%B5%E3%83%9D%E3%83%BC%E3%83%88-%E3%83%87%E3%83%BC%E3%82%BF%E9%80%9A%E4%BF%A1%E5%B0%82%E7%94%A8%EF%BC%88%E9%9B%BB%E8%A9%B1%E7%95%AA%E5%8F%B7%E3%81%AA%E3%81%97%EF%BC%89-eSIM-5%E6%97%A5%E9%96%93-10GB/dp/B0DKMWVVCP,B0DKMWVVCP,B0DKMWVVCP,Global Simcard,アーモンド　ＳＩｍ　ｃａｒｄのストアを表示,"{""price_jpy"": [""￥2,380""], ""usage_validity"": [""【アジア16カ国 eSIM】5日間 2GB/日 高速データ通信 低速無制限 | 当日発行可能 24時間カスタマーサポート | データ通信専用（電話番号なし） 説明書付 ｜ イーシム アジア周遊 simカード アジア esim (eSIM | 5日間 10GB)""], ""activation_validity"": [""⭐【有効期限】メールで納品後、90日以内にご利用ください。""], ""data_amount"": [""⭐【大容量データプラン】毎日2GBの高速データ通信が利用可能で、超過後は最大通信速度が128kbpsに制限されます。翌日0時に制限が解除され、テザリングも利用可能です。QRコードをスキャンして、簡単接続！（インターネット環境が必要です）。""], ""network_type"": [""【チョコSIM 定額（Sプラン）】【中国の電話番号付きでアプリや施設サービスのSMS認証が可能】【データ容量】合計500MB/月【音声】合計20分間/月 データ/音声/SMS付きSIMカード 中国SIM マカオSIM China unicom ※こちらのSIMカードは契約後、毎月の基本料が発生いたします。※2024年11月1日から台湾でのご利用はできなくなり"", ""【SKTelecoｍ公式認証】 韓国eSIM 3日間 (72時間) 電話番号付き 超高速データ無制限 最初の5分発信無料(韓国国内) お急ぎの方即時発行可(LINE相談受付中) 有効期限／ご購入日より120日以内 現地空港サポート(SKTelecomローミングセンター) SKテレコム正規品 韓国SIMカードタイプではありません"", ""score: local=6, roaming=0""], ""network_generation"": [""product_info_cellular_4g_lte: source:product_info_cellular: 携帯電話技術 4G-LTE"", ""product_info_cellular_4g_lte: source:product_info_cellular: 携帯電話技術 4G-LTE""], ""review_count"": [""detail_page: (3)""], ""bestseller_rank"": [""Amazon 売れ筋ランキング 家電＆カメラ - 161,759位 ( 家電＆カメラの売れ筋ランキングを見る ) プリペイドSIMカード - 1,324位""], ""title"": [""【アジア16カ国 eSIM】5日間 2GB/日 高速データ通信 低速無制限 | 当日発行可能 24時間カスタマーサポート | データ通信専用（電話番号なし） 説明書付 ｜ イーシム アジア周遊 simカード アジア esim (eSIM | 5日間 10GB)""]}"
amazon_jp,mo,プリペイドSIM 日本 大容量 50GB ソフトバンク プリペイドSIMカード 日本国内用 SIMカード Softbank Prepaid SIM プリペイド データ専用 4GLTE対応 japan,6480,30,,,,,212,1일,1일,180일,local,lte_4g_only,,,"{""ctm"": null, ""china_telecom_macau"": null, ""three_macau"": null}","{""skt"": null, ""kt"": null, ""lgu"": null}",50GB,https://www.amazon.co.jp/%E3%83%97%E3%83%AA%E3%83%9A%E3%82%A4%E3%83%89SIM-%E3%83%97%E3%83%AA%E3%83%9A%E3%82%A4%E3%83%89SIM%E3%82%AB%E3%83%BC%E3%83%89-Softbank-Prepaid-4GLTE%E5%AF%BE%E5%BF%9C/dp/B0CVX9442F,B0CVX9442F,B0CVX9442F,TFN-JP,ブランド: accfe,"{""price_jpy"": [""￥6,480""], ""usage_validity"": [""【有効期限】2026/08/05 商品に付属しております説明書に有効期限の記載がございます。【利用日数の制限なし】SIMの有効期限内であれば、高速データ容量50GBまで使えます。SoftBankの回線を利用するので、利用エリアや速度は安定、テザリング利用も可能です。【1日あたりの通信量無制限】データ容量の上限までを無制限にご利用いただけます ※SIMカードデ""], ""activation_validity"": [""プリペイドsim 日本 simカード 180日間 50GB sim ドコモ通信網 docomo データ通信専用 4G LTE 3in1 (標準/マイクロ/ナノ) simフリー 端末のみ対応 多言語マニュアル付【Nippon SIM for Japan""], ""data_amount"": [""【有効期限】2026/08/05 商品に付属しております説明書に有効期限の記載がございます。【利用日数の制限なし】SIMの有効期限内であれば、高速データ容量50GBまで使えます。SoftBankの回線を利用するので、利用エリアや速度は安定、テザリング利用も可能です。【1日あたりの通信量無制限】データ容量の上限までを無制限にご利用いただけます ※SIMカードデ""], ""network_type"": [""【チョコSIM 定額（Sプラン）】【中国の電話番号付きでアプリや施設サービスのSMS認証が可能】【データ容量】合計500MB/月【音声】合計20分間/月 データ/音声/SMS付きSIMカード 中国SIM マカオSIM China unicom ※こちらのSIMカードは契約後、毎月の基本料が発生いたします。※2024年11月1日から台湾でのご利用はできなくなり"", ""【SKTelecoｍ公式認証】 韓国eSIM 3日間 (72時間) 電話番号付き 超高速データ無制限 最初の5分発信無料(韓国国内) お急ぎの方即時発行可(LINE相談受付中) 有効期限／ご購入日より120日以内 現地空港サポート(SKTelecomローミングセンター) SKテレコム正規品 韓国SIMカードタイプではありません"", ""score: local=6, roaming=0""], ""network_generation"": [""product_info_cellular_4g_lte: source:product_info_cellular: 携帯電話技術 LTE"", ""product_info_cellular_4g_lte: source:product_info_cellular: 携帯電話技術 LTE""], ""review_count"": [""detail_page: (30)""], ""bestseller_rank"": [""Amazon 売れ筋ランキング 家電＆カメラ - 16,326位 ( 家電＆カメラの売れ筋ランキングを見る ) プリペイドSIMカード - 212位""], ""title"": [""プリペイドSIM 日本 大容量 50GB ソフトバンク プリペイドSIMカード 日本国内用 SIMカード Softbank Prepaid SIM プリペイド データ専用 4GLTE対応 japan""]}"
amazon_jp,mo,【メールで発行！】中国 香港 マカオ eSIM｜毎日1GB｜30日間｜データ通信専用(電話番号なし)｜LINE・Googleマップ利用OK｜利用開始期限:発行から90日,30,,,,,,,30일,30일,,roaming,lte_4g_only,,,"{""ctm"": true, ""china_telecom_macau"": null, ""three_macau"": null}","{""skt"": null, ""kt"": null, ""lgu"": null}",1GB/day,https://www.amazon.co.jp/%E3%80%90%E3%83%A1%E3%83%BC%E3%83%AB%E3%81%A7%E7%99%BA%E8%A1%8C%EF%BC%81%E3%80%91%E4%B8%AD%E5%9B%BD-%E3%83%9E%E3%82%AB%E3%82%AA-eSIM%EF%BD%9C%E6%AF%8E%E6%97%A51GB%EF%BD%9C30%E6%97%A5%E9%96%93%EF%BD%9C%E3%83%87%E3%83%BC%E3%82%BF%E9%80%9A%E4%BF%A1%E5%B0%82%E7%94%A8-%E9%9B%BB%E8%A9%B1%E7%95%AA%E5%8F%B7%E3%81%AA%E3%81%97-%EF%BD%9CLINE%E3%83%BBGoogle%E3%83%9E%E3%83%83%E3%83%97%E5%88%A9%E7%94%A8OK%EF%BD%9C%E5%88%A9%E7%94%A8%E9%96%8B%E5%A7%8B%E6%9C%9F%E9%99%90/dp/B0G1B9QCW5,B0G1B9QCW5,B0G1B9QCW5,ブランド: ポケｅＳＩＭ,ブランド: ポケｅＳＩＭ,"{""price_jpy"": [""価格について知らせる? 【メールで発行！】中国 香港 マカオ eSIM｜毎日1GB｜30 (assumed JPY by i18n-prefs)""], ""usage_validity"": [""【メールで発行！】中国 香港 マカオ eSIM｜毎日1GB｜30日間｜データ通信専用(電話番号なし)｜LINE・Googleマップ利用OK｜利用開始期限:発行から90日""], ""data_amount"": [""Amazon.co.jp: 【メールで発行！】中国 香港 マカオ eSIM｜毎日1GB｜30日間｜データ通信専用(電話番号なし)｜LINE・Googleマップ利用OK｜利用開始期限:発行から90日 : 家電＆カメラ""], ""network_type"": [""【現地到着後】①主回線(普段メインでご利用の回線)をオフ ②eSIMの回線をオン ③eSIMの詳細設定からデータローミングがオンであることを確認 ④Wi-Fi・機内モードをオフにしてネットに繋がればOK！※すぐに繋がらない場合は端末の再起動をお試しください。※このeSIMは5G回線には対応していません。必ず端末の設定で4GまたはLTEへの接続設定になっている"", ""Amazon.co.jp: 【メールで発行！】中国 香港 マカオ eSIM｜毎日1GB｜30日間｜データ通信専用(電話番号なし)｜LINE・Googleマップ利用OK｜利用開始期限:発行から90日 : 家電＆カメラ 次に移動 メインコンテンツ この商品について この商品について この商品について 購入オプション 類似商品と比較する ビデオ レビュー キーボー"", ""score: local=0, roaming=6""], ""network_generation"": [""product_info_cellular_4g_lte: source:product_info_cellular: 携帯電話技術 4G LTE"", ""product_info_cellular_4g_lte: source:product_info_cellular: 携帯電話技術 4G LTE""], ""carrier_support_local"": [""CTM: サービスプロバイダ ChinaUnicom,3 Hong Kong,CTM"", ""CTM: Amazon.co.jp: 【メールで発行！】中国 香港 マカオ eSIM｜毎日1GB｜30日間｜データ通信専用(電話番号なし)｜LINE・Googleマップ利用OK｜利用開始期限:発行から90日 : 家電＆カメラ 次に移動 メインコンテンツ この商品について この商品について この商品について 購""], ""title"": [""【メールで発行！】中国 香港 マカオ eSIM｜毎日1GB｜30日間｜データ通信専用(電話番号なし)｜LINE・Googleマップ利用OK｜利用開始期限:発行から90日""]}"
amazon_jp,mo,【アジア eSIM】365日間 15GB | 日本＋アジア12ヶ国対応 | データ専用（電話番号なし）| 即日発行・すぐに利用可能 | 24時間LINEサポート | 日本 韓国 シンガポール タイ マレーシア インドネシア フィリピン ベトナム カンボジア アジア sim アジア e-sim (アジア12か国 | 365日間 15GB),3980,3,,,,,2473,30일,30일,365일,unknown,5g_capable,,,"{""ctm"": null, ""china_telecom_macau"": null, ""three_macau"": null}","{""skt"": null, ""kt"": null, ""lgu"": null}",15GB,https://www.amazon.co.jp/15GB-%E6%97%A5%E6%9C%AC%EF%BC%8B%E3%82%A2%E3%82%B8%E3%82%A212%E3%83%B6%E5%9B%BD%E5%AF%BE%E5%BF%9C-%E3%83%87%E3%83%BC%E3%82%BF%E5%B0%82%E7%94%A8%EF%BC%88%E9%9B%BB%E8%A9%B1%E7%95%AA%E5%8F%B7%E3%81%AA%E3%81%97%EF%BC%89-%E3%82%A2%E3%82%B8%E3%82%A212%E3%81%8B%E5%9B%BD-365%E6%97%A5%E9%96%93/dp/B0F3DCSDR4,B0F3DCSDR4,B0F3DCSDR4,Global Simcard,アーモンド　ＳＩｍ　ｃａｒｄのストアを表示,"{""price_jpy"": [""￥3,980""], ""usage_validity"": [""【有効期限】メールで納品後、30日以内にご利用ください。""], ""activation_validity"": [""【アジア eSIM】365日間 15GB | 日本＋アジア12ヶ国対応 | データ専用（電話番号なし）| 即日発行・すぐに利用可能 | 24時間LINEサポート | 日本 韓国 シンガポール タイ マレーシア インドネシア フィリピン ベトナム カンボジア アジア sim アジア e-sim (アジア12か国 | 365日間 15GB)""], ""data_amount"": [""型番 アジア12か国 | 365日間 15GB""], ""network_type"": [""local_signal: 【チョコSIM 定額（Sプラン）】【中国の電話番号付きでアプリや施設サービスのSMS認証が可能】【データ容量】合計500MB/月【音声】合計20分間/月 データ/音声/SMS付きSIMカード 中国SIM マカオSIM China unicom ※こちらのSIMカードは契約後、毎月の基本料が発生いたします。※2024年11月1日から台湾でのご利用はできなくなり"", ""roaming_signal: アジア旅行SIMカード、8日間-2GB毎日の高速データ、20分の通話＆10のテキスト、シンガポール、マレーシア、タイ＆インドをカバー、プリペイド - ローミングなし - 簡単なセットアップ"", ""insufficient_or_conflicting_signals(local=6, roaming=3)""], ""network_generation"": [""product_info_cellular_5g: source:product_info_cellular: 携帯電話技術 4G/5G"", ""product_info_cellular_5g: source:product_info_cellular: 携帯電話技術 4G/5G"", ""product_info_cellular_4g_lte_signal_present_but_5g_capable_takes_precedence""], ""review_count"": [""detail_page: (3)""], ""bestseller_rank"": [""Amazon 売れ筋ランキング 家電＆カメラ - 346,249位 ( 家電＆カメラの売れ筋ランキングを見る ) プリペイドSIMカード - 2,473位""], ""title"": [""【アジア eSIM】365日間 15GB | 日本＋アジア12ヶ国対応 | データ専用（電話番号なし）| 即日発行・すぐに利用可能 | 24時間LINEサポート | 日本 韓国 シンガポール タイ マレーシア インドネシア フィリピン ベトナム カンボジア アジア sim アジア e-sim (アジア12か国 | 365日間 15GB)""]}"
amazon_jp,mo,【アジア16カ国 SIM】4日間 1GB/日 高速データ通信 低速無制限 24時間カスタマーサポート | データ通信専用（電話番号なし） simフリー端末のみ対応 説明書付 ｜アジア周遊 simカード アジア sim (【SIM】4日間 4GB),1750,3,,,,,2639,4일,4일,90일,unknown,lte_4g_only,,,"{""ctm"": null, ""china_telecom_macau"": null, ""three_macau"": null}","{""skt"": null, ""kt"": null, ""lgu"": null}",1GB/day,https://www.amazon.co.jp/24%E6%99%82%E9%96%93%E3%82%AB%E3%82%B9%E3%82%BF%E3%83%9E%E3%83%BC%E3%82%B5%E3%83%9D%E3%83%BC%E3%83%88-%E3%83%87%E3%83%BC%E3%82%BF%E9%80%9A%E4%BF%A1%E5%B0%82%E7%94%A8%EF%BC%88%E9%9B%BB%E8%A9%B1%E7%95%AA%E5%8F%B7%E3%81%AA%E3%81%97%EF%BC%89-sim%E3%83%95%E3%83%AA%E3%83%BC%E7%AB%AF%E6%9C%AB%E3%81%AE%E3%81%BF%E5%AF%BE%E5%BF%9C-%E3%80%90SIM%E3%80%914%E6%97%A5%E9%96%93-4GB/dp/B0DKNBB11J,B0DKNBB11J,B0DKNBB11J,Global Simcard,アーモンド　ＳＩｍ　ｃａｒｄのストアを表示,"{""price_jpy"": [""￥1,750""], ""usage_validity"": [""【アジア16カ国 SIM】4日間 1GB/日 高速データ通信 低速無制限 24時間カスタマーサポート | データ通信専用（電話番号なし） simフリー端末のみ対応 説明書付 ｜アジア周遊 simカード アジア sim (【SIM】4日間 4GB)""], ""activation_validity"": [""⭐【eSIM取得方法】ご購入後、http://jp.www.mewfi.com/esim にアクセスし、必要事項をご入力ください。その後、メールアドレスにeSIMのQRコードと説明書が送信されます。 ⭐【当日利用可能】すぐに利用したい方は、LINEでお問い合わせください。LINE ID: @014hhnww 🔺取扱説明書も同封されているので、初めての方でも安""], ""data_amount"": [""⭐【大容量データプラン】毎日1GBの高速データ通信が利用可能で、超過後は最大通信速度が128kbpsに制限されます。翌日0時に制限が解除され、テザリングも利用可能です。QRコードをスキャンして、簡単接続！（インターネット環境が必要です）。""], ""network_type"": [""local_signal: 【チョコSIM 定額（Sプラン）】【中国の電話番号付きでアプリや施設サービスのSMS認証が可能】【データ容量】合計500MB/月【音声】合計20分間/月 データ/音声/SMS付きSIMカード 中国SIM マカオSIM China unicom ※こちらのSIMカードは契約後、毎月の基本料が発生いたします。※2024年11月1日から台湾でのご利用はできなくなり"", ""roaming_signal: 【DeSiM】シンガポール3日間無制限+eSIMテストサービス付き【セット】完全予約制 | 海外旅行出国前事前テストeSIMサービス - DeSiM - 渡航前の不安を解消！ | Wi-Fi使用が面倒、ローミング料金が高い、SIMやeSIMの設定が不安な方に V4"", ""insufficient_or_conflicting_signals(local=6, roaming=5)""], ""network_generation"": [""product_info_cellular_4g_lte: source:product_info_cellular: 携帯電話技術 4G-LTE"", ""product_info_cellular_4g_lte: source:product_info_cellular: 携帯電話技術 4G-LTE""], ""review_count"": [""detail_page: (3)""], ""bestseller_rank"": [""Amazon 売れ筋ランキング 家電＆カメラ - 378,827位 ( 家電＆カメラの売れ筋ランキングを見る ) プリペイドSIMカード - 2,639位""], ""title"": [""【アジア16カ国 SIM】4日間 1GB/日 高速データ通信 低速無制限 24時間カスタマーサポート | データ通信専用（電話番号なし） simフリー端末のみ対応 説明書付 ｜アジア周遊 simカード アジア sim (【SIM】4日間 4GB)""]}"
amazon_jp,mo,アジア13カ国用 365日間 10GB データSIMカード、中国、台湾、マカオ、オーストラリア、インドネシア、日本、ニュージーランド、フィリピン、シンガポール、マレーシア、韓国、タイ、ベトナムで使用。,6080,28,,,,,,3일,3일,365일,local,5g_capable,,,"{""ctm"": null, ""china_telecom_macau"": null, ""three_macau"": null}","{""skt"": null, ""kt"": null, ""lgu"": null}",unlimited,https://www.amazon.co.jp/Generic-For-13-Asian/dp/B0DT9CBSCX,B0DT9CBSCX,B0DT9CBSCX,Amazon US,ブランド: Generic,"{""price_jpy"": [""￥6,080""], ""usage_validity"": [""【韓国 eSIM】 無制限｜高速データ通信｜SK Telecom LGU+｜即日発行｜データ通信専用｜日本人による安心LINEサポート｜有効期限90日｜旅行 出張 留学｜eSIM-san(いーしむさん) (3日間)""], ""activation_validity"": [""アジア13カ国用 365日間 10GB データSIMカード、中国、台湾、マカオ、オーストラリア、インドネシア、日本、ニュージーランド、フィリピン、シンガポール、マレーシア、韓国、タイ、ベトナムで使用。""], ""data_amount"": [""中国、台湾、マカオ、オーストラリア、インドネシア、日本、ニュージーランド、フィリピン、シンガポール、マレーシア、韓国、タイ、ベトナム、その後無制限の512kbpsデータを含むアジアの国では10Gb/365日。""], ""network_type"": [""使い方は簡単で、登録は不要です。 SIMを携帯電話に差し込むだけで動作します! カードカバーのQRコードで台湾で使用する前に、事前に実名登録を完了してください。 動作しない場合は、電話の設定を入力してください --4G/5Gネットワークを選択。 --wife=off --モバイルデータ=オン。 --アクセスポイントAPN=モバイル。 --地域の通信サービスプ"", ""【SKTelecoｍ公式認証】韓国eSIM 4日間(96時間) 超高速データ完全無制限｜ SKT大手キャリア回線対応｜電話番号付き（無料通話5分＋SMS30通)｜ 当日メール配送 ｜4G/5G対応｜TikTok/ChatGPT対応｜テザリング対応 ｜使用ガイド付き｜365天LINEでサポート｜180日以内利用可能 韓国 sim (韓国esim4日無制限＋通話"", ""score: local=12, roaming=1""], ""network_generation"": [""product_info_cellular_5g: source:product_info_cellular: 携帯電話技術 5G"", ""product_info_cellular_5g: source:product_info_cellular: 携帯電話技術 5G""], ""review_count"": [""detail_page: 28""], ""title"": [""アジア13カ国用 365日間 10GB データSIMカード、中国、台湾、マカオ、オーストラリア、インドネシア、日本、ニュージーランド、フィリピン、シンガポール、マレーシア、韓国、タイ、ベトナムで使用。""]}"
amazon_jp,mo,【マレーシア eSIM】7日間 5GB DeSiM正規卸 | シンガポール タイ インドネシアの３ヵ国でも利用可能 |LINE相談受付中 |データ通信専用（電話番号なし） simフリー端末のみ対応 説明書付 ｜Malaysia イーシム (eSIM | 7日間 5GB) DeSiM,1730,54,,,,,64,7일,7일,7일,local,lte_4g_only,,,"{""ctm"": null, ""china_telecom_macau"": null, ""three_macau"": null}","{""skt"": null, ""kt"": null, ""lgu"": null}",unlimited,https://www.amazon.co.jp/5GB-%E3%82%A4%E3%83%B3%E3%83%89%E3%83%8D%E3%82%B7%E3%82%A2%E3%81%AE%EF%BC%93%E3%83%B5%E5%9B%BD%E3%81%A7%E3%82%82%E5%88%A9%E7%94%A8%E5%8F%AF%E8%83%BD-%E3%83%87%E3%83%BC%E3%82%BF%E9%80%9A%E4%BF%A1%E5%B0%82%E7%94%A8%EF%BC%88%E9%9B%BB%E8%A9%B1%E7%95%AA%E5%8F%B7%E3%81%AA%E3%81%97%EF%BC%89-eSIM-7%E6%97%A5%E9%96%93/dp/B0D2L6TRM4,B0D2L6TRM4,B0D2L6TRM4,DeSiM,DeSiMのストアを表示,"{""price_jpy"": [""￥1,730""], ""usage_validity"": [""【マレーシア eSIM】7日間 5GB DeSiM正規卸 | シンガポール タイ インドネシアの３ヵ国でも利用可能 |LINE相談受付中 |データ通信専用（電話番号なし） simフリー端末のみ対応 説明書付 ｜Malaysia イーシム (eSIM | 7日間 5GB) DeSiM""], ""activation_validity"": [""商品の説明 購入前の注意事項 【注意事項】 注意事項①：電 話番号は付与されませんので、ご注意ください。 注意事項②：SIMロックフリー端末、もしくはSIMフリー端末専用のサービスです。必ず、ご利用端末がeSIM対応かどうかご確認ください。 注意事項③：2021年10月1日以前にSIMロック解除をキャリア店頭またはインターネットでされた「Android端末」""], ""data_amount"": [""商品の説明 購入前の注意事項 【注意事項】 注意事項①：電 話番号は付与されませんので、ご注意ください。 注意事項②：SIMロックフリー端末、もしくはSIMフリー端末専用のサービスです。必ず、ご利用端末がeSIM対応かどうかご確認ください。 注意事項③：2021年10月1日以前にSIMロック解除をキャリア店頭またはインターネットでされた「Android端末」""], ""network_type"": [""商品の説明 購入前の注意事項 【注意事項】 注意事項①：電 話番号は付与されませんので、ご注意ください。 注意事項②：SIMロックフリー端末、もしくはSIMフリー端末専用のサービスです。必ず、ご利用端末がeSIM対応かどうかご確認ください。 注意事項③：2021年10月1日以前にSIMロック解除をキャリア店頭またはインターネットでされた「Android端末」"", ""【チョコSIM 定額（Sプラン）】【中国の電話番号付きでアプリや施設サービスのSMS認証が可能】【データ容量】合計500MB/月【音声】合計20分間/月 データ/音声/SMS付きSIMカード 中国SIM マカオSIM China unicom ※こちらのSIMカードは契約後、毎月の基本料が発生いたします。※2024年11月1日から台湾でのご利用はできなくなり"", ""score: local=9, roaming=1""], ""network_generation"": [""product_info_cellular_4g_lte: source:product_info_cellular: 携帯電話技術 LTE"", ""product_info_cellular_4g_lte: source:product_info_cellular: 携帯電話技術 LTE""], ""review_count"": [""detail_page: (54)""], ""bestseller_rank"": [""Amazon 売れ筋ランキング 家電＆カメラ - 24,488位 ( 家電＆カメラの売れ筋ランキングを見る ) 定期契約SIMカード - 64位""], ""title"": [""【マレーシア eSIM】7日間 5GB DeSiM正規卸 | シンガポール タイ インドネシアの３ヵ国でも利用可能 |LINE相談受付中 |データ通信専用（電話番号なし） simフリー端末のみ対応 説明書付 ｜Malaysia イーシム (eSIM | 7日間 5GB) DeSiM""]}"
amazon_jp,mo,【Almond eSIM】アジア16か国 周遊 esim 1GB/日 高速データ通信 使い放題 当日発行可能 24時間カスタマーサポート 4G-LTE対応 プリペイド ESIMプラン アジア周遊 simカード (8日間8GB),2380,15,,,,,1550,3일,3일,8일,unknown,lte_4g_only,,,"{""ctm"": null, ""china_telecom_macau"": null, ""three_macau"": null}","{""skt"": null, ""kt"": null, ""lgu"": null}",unlimited,https://www.amazon.co.jp/%E3%80%90Almond-eSIM%E3%80%91%E3%82%A2%E3%82%B8%E3%82%A216%E3%81%8B%E5%9B%BD-24%E6%99%82%E9%96%93%E3%82%AB%E3%82%B9%E3%82%BF%E3%83%9E%E3%83%BC%E3%82%B5%E3%83%9D%E3%83%BC%E3%83%88-4G-LTE%E5%AF%BE%E5%BF%9C-8%E6%97%A5%E9%96%938GB/dp/B0DKHGB3XY,B0DKHGB3XY,B0DKHGB3XY,株式会社ビッグコネクト,bigconnectのストアを表示,"{""price_jpy"": [""￥2,380""], ""usage_validity"": [""【SKTelecoｍ公式認証】 韓国eSIM 3日間 (72時間) 電話番号付き 超高速データ無制限 最初の5分発信無料(韓国国内) お急ぎの方即時発行可(LINE相談受付中) 有効期限／ご購入日より120日以内 現地空港サポート(SKTelecomローミングセンター) SKテレコム正規品 韓国SIMカードタイプではありません""], ""activation_validity"": [""【Almond eSIM】アジア16か国 周遊 esim 1GB/日 高速データ通信 使い放題 当日発行可能 24時間カスタマーサポート 4G-LTE対応 プリペイド ESIMプラン アジア周遊 simカード (8日間8GB)""], ""data_amount"": [""【通信プラン】アジア16か国で使用可能なデータ通信専用のeSIMです。※データ容量無制限。ただしデータ一日使用量が1GBに達すると最大通信速度が128kbpsに低下します。翌日の現地時間0時自動的にスピード制限を解除します。デザリングも使用できます。128kbpsに速度制限がありますが、通信が止まる事はありません。128kbpsはビデオ通話、Youtubeな""], ""network_type"": [""local_signal: 【チョコSIM 定額（Sプラン）】【中国の電話番号付きでアプリや施設サービスのSMS認証が可能】【データ容量】合計500MB/月【音声】合計20分間/月 データ/音声/SMS付きSIMカード 中国SIM マカオSIM China unicom ※こちらのSIMカードは契約後、毎月の基本料が発生いたします。※2024年11月1日から台湾でのご利用はできなくなり"", ""roaming_signal: 【DeSiM】インドネシア3日間無制限+eSIMテストサービス付き【セット】完全予約制 | 海外旅行出国前事前テストeSIMサービス - DeSiM - 渡航前の不安を解消！ | Wi-Fi使用が面倒、ローミング料金が高い、SIMやeSIMの設定が不安な方に V4"", ""insufficient_or_conflicting_signals(local=6, roaming=2)""], ""network_generation"": [""product_info_cellular_4g_lte: source:product_info_cellular: 携帯電話技術 LTE"", ""product_info_cellular_4g_lte: source:product_info_cellular: 携帯電話技術 LTE""], ""review_count"": [""detail_page: (15)""], ""bestseller_rank"": [""Amazon 売れ筋ランキング 家電＆カメラ - 192,783位 ( 家電＆カメラの売れ筋ランキングを見る ) プリペイドSIMカード - 1,550位""], ""title"": [""【Almond eSIM】アジア16か国 周遊 esim 1GB/日 高速データ通信 使い放題 当日発行可能 24時間カスタマーサポート 4G-LTE対応 プリペイド ESIMプラン アジア周遊 simカード (8日間8GB)""]}"
amazon_jp,mo,【アジア16カ国 eSIM】12日間 500MB/日 高速データ通信＆低速無制限 | 即日発行可能・24時間カスタマーサポート | データ専用（電話番号なし）説明書付き｜ イーシム アジア周遊 simカード アジア esim (eSIM | 12日間 500MB/日),2380,1,,,,,2352,12일,12일,90일,local,lte_4g_only,,,"{""ctm"": null, ""china_telecom_macau"": null, ""three_macau"": null}","{""skt"": null, ""kt"": null, ""lgu"": null}",500MB/day,https://www.amazon.co.jp/500MB-%E5%8D%B3%E6%97%A5%E7%99%BA%E8%A1%8C%E5%8F%AF%E8%83%BD%E3%83%BB24%E6%99%82%E9%96%93%E3%82%AB%E3%82%B9%E3%82%BF%E3%83%9E%E3%83%BC%E3%82%B5%E3%83%9D%E3%83%BC%E3%83%88-%E3%83%87%E3%83%BC%E3%82%BF%E5%B0%82%E7%94%A8%EF%BC%88%E9%9B%BB%E8%A9%B1%E7%95%AA%E5%8F%B7%E3%81%AA%E3%81%97%EF%BC%89%E8%AA%AC%E6%98%8E%E6%9B%B8%E4%BB%98%E3%81%8D%EF%BD%9C-eSIM-12%E6%97%A5%E9%96%93/dp/B0DKNGCBQ4,B0DKNGCBQ4,B0DKNGCBQ4,Global Simcard,アーモンド　ＳＩｍ　ｃａｒｄのストアを表示,"{""price_jpy"": [""￥2,380""], ""usage_validity"": [""【アジア16カ国 eSIM】12日間 500MB/日 高速データ通信＆低速無制限 | 即日発行可能・24時間カスタマーサポート | データ専用（電話番号なし）説明書付き｜ イーシム アジア周遊 simカード アジア esim (eSIM | 12日間 500MB/日)""], ""activation_validity"": [""⭐【有効期限】メールで納品後、90日以内にご利用ください。""], ""data_amount"": [""⭐【高速データ通信】毎日500MBの高速データ通信が利用可能で、超過後は最大通信速度が128kbpsに制限されます。翌日0時に制限が解除され、テザリングも利用可能です。QRコードをスキャンして、簡単接続！（インターネット環境が必要です）。""], ""network_type"": [""【チョコSIM 定額（Sプラン）】【中国の電話番号付きでアプリや施設サービスのSMS認証が可能】【データ容量】合計500MB/月【音声】合計20分間/月 データ/音声/SMS付きSIMカード 中国SIM マカオSIM China unicom ※こちらのSIMカードは契約後、毎月の基本料が発生いたします。※2024年11月1日から台湾でのご利用はできなくなり"", ""【SKTelecoｍ公式認証】 韓国eSIM 3日間 (72時間) 電話番号付き 超高速データ無制限 最初の5分発信無料(韓国国内) お急ぎの方即時発行可(LINE相談受付中) 有効期限／ご購入日より120日以内 現地空港サポート(SKTelecomローミングセンター) SKテレコム正規品 韓国SIMカードタイプではありません"", ""score: local=6, roaming=0""], ""network_generation"": [""product_info_cellular_4g_lte: source:product_info_cellular: 携帯電話技術 4G-LTE"", ""product_info_cellular_4g_lte: source:product_info_cellular: 携帯電話技術 4G-LTE""], ""review_count"": [""detail_page: (1)""], ""bestseller_rank"": [""Amazon 売れ筋ランキング 家電＆カメラ - 325,369位 ( 家電＆カメラの売れ筋ランキングを見る ) プリペイドSIMカード - 2,352位""], ""title"": [""【アジア16カ国 eSIM】12日間 500MB/日 高速データ通信＆低速無制限 | 即日発行可能・24時間カスタマーサポート | データ専用（電話番号なし）説明書付き｜ イーシム アジア周遊 simカード アジア esim (eSIM | 12日間 500MB/日)""]}"
amazon_jp,mo,【DeSiM】中国本土・香港・マカオ10日間無制限+eSIMテストサービス付き【セット】 | 海外旅行出国前事前テストeSIMサービス - DeSiM - 渡航前の不安を解消！ | Wi-Fi使用が面倒、ローミング料金が高い、SIMやeSIMの設定が不安な方に|テストサービス V4,5690,,,,,,,10일,10일,,roaming,unknown,,,"{""ctm"": null, ""china_telecom_macau"": null, ""three_macau"": null}","{""skt"": null, ""kt"": null, ""lgu"": null}",unlimited,https://www.amazon.co.jp/%E4%B8%AD%E5%9B%BD%E6%9C%AC%E5%9C%9F%E3%83%BB%E9%A6%99%E6%B8%AF%E3%83%BB%E3%83%9E%E3%82%AB%E3%82%AA10%E6%97%A5%E9%96%93%E7%84%A1%E5%88%B6%E9%99%90-eSIM%E3%83%86%E3%82%B9%E3%83%88%E3%82%B5%E3%83%BC%E3%83%93%E3%82%B9%E4%BB%98%E3%81%8D%E3%80%90%E3%82%BB%E3%83%83%E3%83%88%E3%80%91-%E6%B5%B7%E5%A4%96%E6%97%85%E8%A1%8C%E5%87%BA%E5%9B%BD%E5%89%8D%E4%BA%8B%E5%89%8D%E3%83%86%E3%82%B9%E3%83%88eSIM%E3%82%B5%E3%83%BC%E3%83%93%E3%82%B9-%E6%B8%A1%E8%88%AA%E5%89%8D%E3%81%AE%E4%B8%8D%E5%AE%89%E3%82%92%E8%A7%A3%E6%B6%88%EF%BC%81-Wi-Fi%E4%BD%BF%E7%94%A8%E3%81%8C%E9%9D%A2%E5%80%92%E3%80%81%E3%83%AD%E3%83%BC%E3%83%9F%E3%83%B3%E3%82%B0%E6%96%99%E9%87%91%E3%81%8C%E9%AB%98%E3%81%84%E3%80%81SIM%E3%82%84eSIM%E3%81%AE%E8%A8%AD%E5%AE%9A%E3%81%8C%E4%B8%8D%E5%AE%89%E3%81%AA%E6%96%B9%E3%81%AB/dp/B0F37WBS19,B0F37WBS19,B0F37WBS19,DeSiM,DeSiMのストアを表示,"{""price_jpy"": [""￥5,690""], ""usage_validity"": [""【DeSiM】中国本土・香港・マカオ10日間無制限+eSIMテストサービス付き【セット】 | 海外旅行出国前事前テストeSIMサービス - DeSiM - 渡航前の不安を解消！ | Wi-Fi使用が面倒、ローミング料金が高い、SIMやeSIMの設定が不安な方に|テストサービス V4""], ""data_amount"": [""【DeSiM】中国本土・香港・マカオ10日間無制限+eSIMテストサービス付き【セット】 | 海外旅行出国前事前テストeSIMサービス - DeSiM - 渡航前の不安を解消！ | Wi-Fi使用が面倒、ローミング料金が高い、SIMやeSIMの設定が不安な方に|テストサービス V4""], ""network_type"": [""【DeSiM】中国本土・香港・マカオ10日間無制限+eSIMテストサービス付き【セット】 | 海外旅行出国前事前テストeSIMサービス - DeSiM - 渡航前の不安を解消！ | Wi-Fi使用が面倒、ローミング料金が高い、SIMやeSIMの設定が不安な方に|テストサービス V4"", ""【DeSiM】中国本土・香港・マカオ10日間無制限+eSIMテストサービス付き【セット】 | 海外旅行出国前事前テストeSIMサービス - DeSiM - 渡航前の不安を解消！ | Wi-Fi使用が面倒、ローミング料金が高い、SIMやeSIMの設定が不安な方に|テストサービス V4"", ""score: local=0, roaming=7""], ""network_generation"": [""no_lte_4g_or_5g_keyword_matched""], ""title"": [""【DeSiM】中国本土・香港・マカオ10日間無制限+eSIMテストサービス付き【セット】 | 海外旅行出国前事前テストeSIMサービス - DeSiM - 渡航前の不安を解消！ | Wi-Fi使用が面倒、ローミング料金が高い、SIMやeSIMの設定が不安な方に|テストサービス V4""]}"
amazon_jp,mo,【ThreeUK】 プリペイドSIMカード 6GBデータ + 無制限ローカル通話（UK Three）30日間利用可能 / 無料ローミング付き / ヨーロッパおよびアジアのすべての国を含む71の地域で使用可能,1999,23,,,,,602,30일,30일,,unknown,lte_4g_only,,,"{""ctm"": null, ""china_telecom_macau"": null, ""three_macau"": null}","{""skt"": null, ""kt"": null, ""lgu"": null}",unlimited,https://www.amazon.co.jp/%E3%80%90ThreeUK%E3%80%91-%E3%83%97%E3%83%AA%E3%83%9A%E3%82%A4%E3%83%89SIM%E3%82%AB%E3%83%BC%E3%83%89-%E7%84%A1%E5%88%B6%E9%99%90%E3%83%AD%E3%83%BC%E3%82%AB%E3%83%AB%E9%80%9A%E8%A9%B1%EF%BC%88UK-Three%EF%BC%8930%E6%97%A5%E9%96%93%E5%88%A9%E7%94%A8%E5%8F%AF%E8%83%BD-%E3%83%A8%E3%83%BC%E3%83%AD%E3%83%83%E3%83%91%E3%81%8A%E3%82%88%E3%81%B3%E3%82%A2%E3%82%B8%E3%82%A2%E3%81%AE%E3%81%99%E3%81%B9%E3%81%A6%E3%81%AE%E5%9B%BD%E3%82%92%E5%90%AB%E3%82%8071%E3%81%AE%E5%9C%B0%E5%9F%9F%E3%81%A7%E4%BD%BF%E7%94%A8%E5%8F%AF%E8%83%BD/dp/B0FPWXW3D1,B0FPWXW3D1,B0FPWXW3D1,TSIMJP,TSIMのストアを表示,"{""price_jpy"": [""￥1,999""], ""usage_validity"": [""【ThreeUK】 プリペイドSIMカード 6GBデータ + 無制限ローカル通話（UK Three）30日間利用可能 / 無料ローミング付き / ヨーロッパおよびアジアのすべての国を含む71の地域で使用可能""], ""data_amount"": [""30日間、Go Roam対象地域での無制限通話、テキスト、6GBデータが含まれています。無制限の通話分および無制限のテキストは、イギリス国内の番号への通話、およびヨーロッパ滞在中のヨーロッパの番号への通話のみで使用可能です。""], ""network_type"": [""local_signal: 【ThreeUK】 プリペイドSIMカード 6GBデータ + 無制限ローカル通話（UK Three）30日間利用可能 / 無料ローミング付き / ヨーロッパおよびアジアのすべての国を含む71の地域で使用可能"", ""roaming_signal: 【ThreeUK】 プリペイドSIMカード 6GBデータ + 無制限ローカル通話（UK Three）30日間利用可能 / 無料ローミング付き / ヨーロッパおよびアジアのすべての国を含む71の地域で使用可能"", ""insufficient_or_conflicting_signals(local=6, roaming=6)""], ""network_generation"": [""product_info_cellular_4g_lte: source:product_info_cellular: 携帯電話技術 LTE"", ""product_info_cellular_4g_lte: source:product_info_cellular: 携帯電話技術 LTE""], ""review_count"": [""detail_page: (23)""], ""bestseller_rank"": [""Amazon 売れ筋ランキング 家電＆カメラ - 58,152位 ( 家電＆カメラの売れ筋ランキングを見る ) プリペイドSIMカード - 602位""], ""title"": [""【ThreeUK】 プリペイドSIMカード 6GBデータ + 無制限ローカル通話（UK Three）30日間利用可能 / 無料ローミング付き / ヨーロッパおよびアジアのすべての国を含む71の地域で使用可能""]}"
amazon_jp,mo,【メールで発行！】中国 香港 マカオ eSIM｜毎日1GB｜7日間｜データ通信専用(電話番号なし)｜LINE・Googleマップ利用OK｜利用開始期限:発行から90日,65,,,,,,,7일,7일,,roaming,lte_4g_only,,,"{""ctm"": true, ""china_telecom_macau"": null, ""three_macau"": null}","{""skt"": null, ""kt"": null, ""lgu"": null}",1GB/day,https://www.amazon.co.jp/%E3%80%90%E3%83%A1%E3%83%BC%E3%83%AB%E3%81%A7%E7%99%BA%E8%A1%8C%EF%BC%81%E3%80%91%E4%B8%AD%E5%9B%BD-%E3%83%9E%E3%82%AB%E3%82%AA-eSIM%EF%BD%9C%E6%AF%8E%E6%97%A51GB%EF%BD%9C7%E6%97%A5%E9%96%93%EF%BD%9C%E3%83%87%E3%83%BC%E3%82%BF%E9%80%9A%E4%BF%A1%E5%B0%82%E7%94%A8-%E9%9B%BB%E8%A9%B1%E7%95%AA%E5%8F%B7%E3%81%AA%E3%81%97-%EF%BD%9CLINE%E3%83%BBGoogle%E3%83%9E%E3%83%83%E3%83%97%E5%88%A9%E7%94%A8OK%EF%BD%9C%E5%88%A9%E7%94%A8%E9%96%8B%E5%A7%8B%E6%9C%9F%E9%99%90/dp/B0G1BG67QP,B0G1BG67QP,B0G1BG67QP,ブランド: ポケｅＳＩＭ,ブランド: ポケｅＳＩＭ,"{""price_jpy"": [""価格・数量割引 AmazonGlobal 65 (assumed JPY by i18n-prefs)""], ""usage_validity"": [""【メールで発行！】中国 香港 マカオ eSIM｜毎日1GB｜7日間｜データ通信専用(電話番号なし)｜LINE・Googleマップ利用OK｜利用開始期限:発行から90日""], ""data_amount"": [""Amazon.co.jp: 【メールで発行！】中国 香港 マカオ eSIM｜毎日1GB｜7日間｜データ通信専用(電話番号なし)｜LINE・Googleマップ利用OK｜利用開始期限:発行から90日 : 家電＆カメラ""], ""network_type"": [""【現地到着後】①主回線(普段メインでご利用の回線)をオフ ②eSIMの回線をオン ③eSIMの詳細設定からデータローミングがオンであることを確認 ④Wi-Fi・機内モードをオフにしてネットに繋がればOK！※すぐに繋がらない場合は端末の再起動をお試しください。※このeSIMは5G回線には対応していません。必ず端末の設定で4GまたはLTEへの接続設定になっている"", ""Amazon.co.jp: 【メールで発行！】中国 香港 マカオ eSIM｜毎日1GB｜7日間｜データ通信専用(電話番号なし)｜LINE・Googleマップ利用OK｜利用開始期限:発行から90日 : 家電＆カメラ 次に移動 メインコンテンツ この商品について この商品について この商品について 購入オプション 類似商品と比較する ビデオ レビュー キーボード"", ""score: local=0, roaming=6""], ""network_generation"": [""product_info_cellular_4g_lte: source:product_info_cellular: 携帯電話技術 4G LTE"", ""product_info_cellular_4g_lte: source:product_info_cellular: 携帯電話技術 4G LTE""], ""carrier_support_local"": [""CTM: サービスプロバイダ ChinaUnicom,3 Hong Kong,CTM"", ""CTM: Amazon.co.jp: 【メールで発行！】中国 香港 マカオ eSIM｜毎日1GB｜7日間｜データ通信専用(電話番号なし)｜LINE・Googleマップ利用OK｜利用開始期限:発行から90日 : 家電＆カメラ 次に移動 メインコンテンツ この商品について この商品について この商品について 購入""], ""title"": [""【メールで発行！】中国 香港 マカオ eSIM｜毎日1GB｜7日間｜データ通信専用(電話番号なし)｜LINE・Googleマップ利用OK｜利用開始期限:発行から90日""]}"
amazon_jp,mo,"中国,香港,マカオ対応 プリペイドeSIM 簡単設定 データのみ利用可能 4G 高速データ通信 中国旅行 ※香港利用時のみ本人確認必須 有効期限90日以内 (esim-china3-5day)",65,,,,,,,90일,90일,90일,unknown,lte_4g_only,,,"{""ctm"": true, ""china_telecom_macau"": null, ""three_macau"": null}","{""skt"": null, ""kt"": null, ""lgu"": null}",2GB,https://www.amazon.co.jp/%E3%83%97%E3%83%AA%E3%83%9A%E3%82%A4%E3%83%89eSIM-%E3%83%87%E3%83%BC%E3%82%BF%E3%81%AE%E3%81%BF%E5%88%A9%E7%94%A8%E5%8F%AF%E8%83%BD-%E2%80%BB%E9%A6%99%E6%B8%AF%E5%88%A9%E7%94%A8%E6%99%82%E3%81%AE%E3%81%BF%E6%9C%AC%E4%BA%BA%E7%A2%BA%E8%AA%8D%E5%BF%85%E9%A0%88-%E6%9C%89%E5%8A%B9%E6%9C%9F%E9%99%9090%E6%97%A5%E4%BB%A5%E5%86%85-esim-china3-5day/dp/B0D9BL7HSV,B0D9BL7HSV,B0D9BL7HSV,ブランド: GD SIM,ブランド: GD SIM,"{""price_jpy"": [""価格・数量割引 AmazonGlobal 65 (assumed JPY by i18n-prefs)""], ""usage_validity"": [""中国,香港,マカオ対応 プリペイドeSIM 簡単設定 データのみ利用可能 4G 高速データ通信 中国旅行 ※香港利用時のみ本人確認必須 有効期限90日以内 (esim-china3-5day)""], ""activation_validity"": [""中国,香港,マカオ対応 プリペイドeSIM 簡単設定 データのみ利用可能 4G 高速データ通信 中国旅行 ※香港利用時のみ本人確認必須 有効期限90日以内 (esim-china3-5day)""], ""data_amount"": [""★eSIMの有効期間/使用期間 - 有効期限は商品ページをご確認ください。 -使用期間 現地到着後、電波を拾い次第利用開始となります。 利用開始から24時間で1日としてカウントされます。 ※(※3日の場合 1日間の間に2GBを利用されると翌日から4G速度の通信。 ※容量が不足した場合、また、使用期間の延長の際は追加購入をお願い致します。""], ""network_type"": [""no_local_or_roaming_keyword_matched""], ""network_generation"": [""product_info_cellular_4g_lte: source:product_info_cellular: 携帯電話技術 LTE"", ""product_info_cellular_4g_lte: source:product_info_cellular: 携帯電話技術 LTE""], ""carrier_support_local"": [""CTM: SIMカードの入れ替えの手間も不要！ SIMを無くす心配もなくて安心です！ 高速データ通信でビジネス出張・短期留学・旅行などにストレスなくご利用できます。 ★4G高速データ通信を利用できるプリペイドeSIMとなります。 ※ご利用場所(地下など）によって電波が弱くなり、繋がらない場合もあります。 ★日""], ""title"": [""中国,香港,マカオ対応 プリペイドeSIM 簡単設定 データのみ利用可能 4G 高速データ通信 中国旅行 ※香港利用時のみ本人確認必須 有効期限90日以内 (esim-china3-5day)""]}"
amazon_jp,mo,【中国本土 ベトナム eSIM】7日間 低速データ通信無制限 高速データ通信1GB/日 実名登録不要 QR簡単設定 メール登録で納品 即日発行対応 急ぎの方LINEサポートあり ベトナムsim 中国sim マグロeSIM,1680,1,,,,,3249,7일,7일,180일,unknown,unknown,,,"{""ctm"": null, ""china_telecom_macau"": null, ""three_macau"": null}","{""skt"": null, ""kt"": null, ""lgu"": null}",unlimited,https://www.amazon.co.jp/eSIM%E3%80%917%E6%97%A5%E9%96%93-%E4%BD%8E%E9%80%9F%E3%83%87%E3%83%BC%E3%82%BF%E9%80%9A%E4%BF%A1%E7%84%A1%E5%88%B6%E9%99%90-%E9%AB%98%E9%80%9F%E3%83%87%E3%83%BC%E3%82%BF%E9%80%9A%E4%BF%A11GB-%E6%80%A5%E3%81%8E%E3%81%AE%E6%96%B9LINE%E3%82%B5%E3%83%9D%E3%83%BC%E3%83%88%E3%81%82%E3%82%8A-%E3%83%9E%E3%82%B0%E3%83%ADeSIM/dp/B0F5PLRVJR,B0F5PLRVJR,B0F5PLRVJR,マグロeSIM,マグロeSIMのストアを表示,"{""price_jpy"": [""￥1,680""], ""usage_validity"": [""【中国本土 ベトナム eSIM】7日間 低速データ通信無制限 高速データ通信1GB/日 実名登録不要 QR簡単設定 メール登録で納品 即日発行対応 急ぎの方LINEサポートあり ベトナムsim 中国sim マグロeSIM""], ""activation_validity"": [""【注意事項①】有効期限：eSIM QRコードを受け取ってから180日間です（有効期間内にご利用ください）。eSIMの使用期間は、現地の回線に接続した時点からプランの最終日の23時59分までです。""], ""data_amount"": [""【データ容量】データ容量は無制限ですが、1日以内にデータ通信量が1GBを超えると、通信速度が128Kbpsに制限され、翌日の現地時間0時に自動的にスピード制限が解除されます。※地点によっては信号が届かない場合がありますのでご了承ください。""], ""network_type"": [""local_signal: 【ベトナムeSIM】 5日間 高速データ無制限 電話番号付き 通話・SMS受信のみ可能 お急ぎの方即日対応(LINE相談受付中) 有効期限 / ご購入日より30日以内 ベトナムSIMカードタイプではありません"", ""roaming_signal: 商品の説明 購入前にご注意！ 注意事項①：ご購入後、商品画像に記載されたURLにアクセスし必要事項を入力→メールアドレスにPDFの説明書とeSIMのQRコードが届きます！ 注意事項②：SIMロックフリー端末、もしくはSIMフリー端末専用のサービスです。必ず、ご利用端末がeSIM対応かどうかご確認ください。 注意事項③：eSIM対応端末のみ利用可能。※通信キャ"", ""insufficient_or_conflicting_signals(local=9, roaming=3)""], ""network_generation"": [""fallback_5g: source:image_alt: 【ベトナムeSIM 】5日間 高速データ無制限 4G/5G簡単設定 データ通信専用 日本語説明書付き esim対応端末のみ プリペイドeSIM べトナム (5日間)"", ""fallback_4g_lte: source:image_alt: 【Almond eSIM】 ベトナム esim 高速データ通信 完全無制限 純正Mobifoneキャリア 当日発行可能 出発前日本テスト用eSIM500MB LINEで24時間サポート 4G-LTE対応 プリペイド ESIMプラン Vietnam ハ"", ""fallback_only_network_generation_signal""], ""review_count"": [""detail_page: (1)""], ""bestseller_rank"": [""Amazon 売れ筋ランキング 家電＆カメラ - 528,566位 ( 家電＆カメラの売れ筋ランキングを見る ) プリペイドSIMカード - 3,249位""], ""title"": [""【中国本土 ベトナム eSIM】7日間 低速データ通信無制限 高速データ通信1GB/日 実名登録不要 QR簡単設定 メール登録で納品 即日発行対応 急ぎの方LINEサポートあり ベトナムsim 中国sim マグロeSIM""]}"
amazon_jp,mo,インドネシア バリ島 Esim プリペイドSIM 東南アジア eSIMプラン 高速データ通信 当日発行可能 Indonesia Bali island esim (5日間 高速データ),990,1,,,,,2275,5일,5일,30일,unknown,unknown,,,"{""ctm"": true, ""china_telecom_macau"": null, ""three_macau"": null}","{""skt"": null, ""kt"": null, ""lgu"": null}",unlimited,https://www.amazon.co.jp/%E3%83%97%E3%83%AA%E3%83%9A%E3%82%A4%E3%83%89SIM-eSIM%E3%83%97%E3%83%A9%E3%83%B3-Indonesia-5%E6%97%A5%E9%96%93-%E9%AB%98%E9%80%9F%E3%83%87%E3%83%BC%E3%82%BF/dp/B0CP91Q8BB,B0CP91Q8BB,B0CP91Q8BB,Global Simcard,アーモンド　ＳＩｍ　ｃａｒｄのストアを表示,"{""price_jpy"": [""￥990""], ""usage_validity"": [""インドネシア バリ島 Esim プリペイドSIM 東南アジア eSIMプラン 高速データ通信 当日発行可能 Indonesia Bali island esim (5日間 高速データ)""], ""activation_validity"": [""☘【有効期限】メールでお届けした後、30日以内にご利用を開始してください。""], ""data_amount"": [""☘【データ容量】無制限です。※ただし、1日のデータ使用量が1GBを超えると、最大通信速度が128kbpsに制限されます。次の日の現地時間0時に制限は自動的に解除されます。※制限は現地時間の00:00から23:59まで適用されます。""], ""network_type"": [""local_signal: 【Almond SIM】 ベトナム 7日間 完全無制限 電話番号付き｜純正Vietnamobile キャリア ｜ホーチミン・ハノイなど 対応｜LINEで24時間サポート｜4G-LTE対応 プリペイドsim ｜Vietnam simカード (物理sim/7日間)"", ""roaming_signal: アジア10ヵ国周遊SIM 利用期間8日データ容量6GB データ通信 プリペイドSIM ローミングSIM 利用国：インドネシア、韓国、シンガポール、タイ、中国、日本、ベトナム、香港、マカオ、マレーシア"", ""insufficient_or_conflicting_signals(local=12, roaming=2)""], ""network_generation"": [""fallback_5g: source:image_alt: 【世界eSIM】日本1GB + グローバル100MB 360日間 物理eSIMカード ｜200以上の国と地域対応 e-sim 中国 韓国 アメリカ ヨーロッパ 海外 シムカード プリペイドsim カード 5G/4G LTE 高速データ通信専用 プロファイル管理可能 海外旅行・出張に最適 – Androidスマートフォンをe"", ""fallback_4g_lte: source:image_alt: 【世界eSIM】日本1GB + グローバル100MB 360日間 物理eSIMカード ｜200以上の国と地域対応 e-sim 中国 韓国 アメリカ ヨーロッパ 海外 シムカード プリペイドsim カード 5G/4G LTE 高速データ通信専用 プロファイル管理可能 海外旅行・出張に最適 – Androidスマートフォンをe"", ""fallback_only_network_generation_signal""], ""carrier_support_local"": [""CTM: ☘【高速ネットワーク】インドネシア、バリ島で使える手軽なeSIMカードです。さらに、シンガポール、マレーシア、タイ、ベトナム、カンボジア、香港、マカオでもご利用いただけます。東南アジアの旅行計画に最適です。対応ネットワーク事業者：シンガポール（Singtel、M1、StarHub）、マレーシア（Ce""], ""review_count"": [""detail_page: (1)""], ""bestseller_rank"": [""Amazon 売れ筋ランキング 家電＆カメラ - 310,862位 ( 家電＆カメラの売れ筋ランキングを見る ) プリペイドSIMカード - 2,275位""], ""title"": [""インドネシア バリ島 Esim プリペイドSIM 東南アジア eSIMプラン 高速データ通信 当日発行可能 Indonesia Bali island esim (5日間 高速データ)""]}"
amazon_jp,mo,【中国 eSIM】10日間無制限データ5G/4GLTE高速 | 日毎制限なし | 簡単アクティベーション | サポートLINEでのお問い合わせ（香港、マカオ、台湾はご利用いただけません）,3528,2,,,,,3516,10일,10일,90일,local,5g_capable,,,"{""ctm"": null, ""china_telecom_macau"": null, ""three_macau"": null}","{""skt"": null, ""kt"": null, ""lgu"": null}",unlimited,https://www.amazon.co.jp/eSIM%E3%80%9110%E6%97%A5%E9%96%93%E7%84%A1%E5%88%B6%E9%99%90%E3%83%87%E3%83%BC%E3%82%BF5G-4GLTE%E9%AB%98%E9%80%9F-%E6%97%A5%E6%AF%8E%E5%88%B6%E9%99%90%E3%81%AA%E3%81%97-%E7%B0%A1%E5%8D%98%E3%82%A2%E3%82%AF%E3%83%86%E3%82%A3%E3%83%99%E3%83%BC%E3%82%B7%E3%83%A7%E3%83%B3-%E3%82%B5%E3%83%9D%E3%83%BC%E3%83%88LINE%E3%81%A7%E3%81%AE%E3%81%8A%E5%95%8F%E3%81%84%E5%90%88%E3%82%8F%E3%81%9B%EF%BC%88%E9%A6%99%E6%B8%AF%E3%80%81%E3%83%9E%E3%82%AB%E3%82%AA%E3%80%81%E5%8F%B0%E6%B9%BE%E3%81%AF%E3%81%94%E5%88%A9%E7%94%A8%E3%81%84%E3%81%9F%E3%81%A0%E3%81%91%E3%81%BE%E3%81%9B%E3%82%93%EF%BC%89/dp/B0F18TBH51,B0F18TBH51,B0F18TBH51,Happy Travel Sim Card,HAPPY TELECOMのストアを表示,"{""price_jpy"": [""￥3,528""], ""usage_validity"": [""【中国 eSIM】10日間無制限データ5G/4GLTE高速 | 日毎制限なし | 簡単アクティベーション | サポートLINEでのお問い合わせ（香港、マカオ、台湾はご利用いただけません）""], ""activation_validity"": [""▶ eSIM対応のスマートフォン用のeSIM QRコードがパッケージに含まれています。有効期限：商品到着後90日。AppleのiOS、iPadOS、iPhone、iPad、およびAndroidデバイスをサポートしています。もしご使用に関して問題がありましたら、LINEで私たちにご連絡ください。""], ""data_amount"": [""▶ QRコードをスキャンしてください。登録は不要です。無制限データサービスで、通話やテキストは含まれません。サービスはアクティベーション日から4日間有効です。""], ""network_type"": [""▶ eSIMをインストールした後は、元のローカルSIMをオフまたは切断して、高額なローミング料金を避けてください。VPNなしでGoogle、Facebook、Instagram、YouTube、Lineなどにアクセスできます。"", ""◆ eSIM対応スマートフォン用のeSIM QRコードがパッケージに含まれています。デバイスがeSIM機能に対応していない場合は、物理SIMを購入してください。 ◆ 無制限データ：中国滞在中、データ制限なしでオンラインを維持。ウェブを閲覧し、お気に入りのアプリを使い、友達と簡単に接続できます。 ◆ 信頼性のあるネットワークカバレッジ：都市部、田舎、移動中でも"", ""score: local=2, roaming=1""], ""network_generation"": [""product_detail_5g: source:product_description: ◆ eSIM対応スマートフォン用のeSIM QRコードがパッケージに含まれています。デバイスがeSIM機能に対応していない場合は、物理SIMを購入してください。 ◆ 無制限データ：中国滞在中、データ制限なしでオンラインを維持。ウェブを閲覧し、お気に入りのアプリを使い、友達と簡単に接続できます。 ◆ 信頼"", ""product_detail_4g_lte_signal_present_but_5g_capable_takes_precedence""], ""review_count"": [""detail_page: (2)""], ""bestseller_rank"": [""Amazon 売れ筋ランキング 家電＆カメラ - 618,798位 ( 家電＆カメラの売れ筋ランキングを見る ) プリペイドSIMカード - 3,516位""], ""title"": [""【中国 eSIM】10日間無制限データ5G/4GLTE高速 | 日毎制限なし | 簡単アクティベーション | サポートLINEでのお問い合わせ（香港、マカオ、台湾はご利用いただけません）""]}"
