site,country,title,price_jpy,review_count,seller_badge,search_position,monthly_sold_count,is_bestseller,bestseller_rank,validity,usage_validity,activation_validity,network_type,network_generation,network_generation_inferred,network_generation_confidence,carrier_support_local,carrier_support_kr,data_amount,product_url,asin,site_product_id,seller,brand,evidence
amazon_jp,mo,【Almond eSIM】香港 マカオ eSIMプラン 4日間 完全無制限 4G-LTE 高速データ 使い放題 当日発行可能 出発前日本テスト用eSIM500MB 香港 マカオ プリペイドSIM 香港 esim 香港 マカオsim (4日間完全無制限),1681,308,,,50,,25,4일,4일,4일,unknown,lte_4g_only,,,"{""ctm"": true, ""china_telecom_macau"": null, ""three_macau"": null}","{""skt"": null, ""kt"": null, ""lgu"": null}",unlimited,https://www.amazon.co.jp/ESIM%E3%83%97%E3%83%A9%E3%83%B3-4G-LTE-%E5%BD%93%E6%97%A5%E7%99%BA%E8%A1%8C%E5%8F%AF%E8%83%BD-%E3%83%97%E3%83%AA%E3%83%9A%E3%82%A4%E3%83%89SIM-4%E6%97%A5%E9%96%93%E5%AE%8C%E5%85%A8%E7%84%A1%E5%88%B6%E9%99%90/dp/B0CPXWSV5K,B0CPXWSV5K,B0CPXWSV5K,株式会社ビッグコネクト,bigconnectのストアを表示,"{""price_jpy"": [""￥1,681""], ""usage_validity"": [""【Almond eSIM】香港 マカオ eSIMプラン 4日間 完全無制限 4G-LTE 高速データ 使い放題 当日発行可能 出発前日本テスト用eSIM500MB 香港 マカオ プリペイドSIM 香港 esim 香港 マカオsim (4日間完全無制限)""], ""activation_validity"": [""【Almond eSIM】香港 マカオ eSIMプラン 4日間 完全無制限 4G-LTE 高速データ 使い放題 当日発行可能 出発前日本テスト用eSIM500MB 香港 マカオ プリペイドSIM 香港 esim 香港 マカオsim (4日間完全無制限)""], ""data_amount"": [""【高速データ完全無制限】 通信専用eSIMになります。※データ容量無制限。高速データ使い放題。有効期限は、メールでのQRコード発行後1カ月です。""], ""network_type"": [""【現地キャリア利用】香港 マカオで使用できるeSIM、香港 マカオ渡航スケジュールに対応する手軽なeSIMカード。キャリア：香港：Smartone、HKT、3 マカオ:CTM ，香港 マカオでは信号が広く、ネットワークが安定し、速度が速いです。eSIMのsimカードはプリペイドsimカードと違って、挿入作業不要(iPhone・androidともeSIMのQR"", ""【チョコSIM 定額（Sプラン）】【中国の電話番号付きでアプリや施設サービスのSMS認証が可能】【データ容量】合計500MB/月【音声】合計20分間/月 データ/音声/SMS付きSIMカード 中国SIM マカオSIM China unicom ※こちらのSIMカードは契約後、毎月の基本料が発生いたします。※2024年11月1日から台湾でのご利用はできなくなり"", ""score: local=9, roaming=0"", ""local_claim_refers_to:hk""], ""network_generation"": [""product_info_cellular_4g_lte: source:product_info_cellular: 携帯電話技術 LTE""], ""carrier_support_local"": [""CTM: 【現地キャリア利用】香港 マカオで使用できるeSIM、香港 マカオ渡航スケジュールに対応する手軽なeSIMカード。キャリア：香港：Smartone、HKT、3 マカオ:CTM ，香港 マカオでは信号が広く、ネットワークが安定し、速度が速いです。eSIMのsimカードはプリペイドsimカードと違って、"", ""CTM: サービスプロバイダ Smartone, HKT, 3, CTM""], ""monthly_sold_count"": [""Amazon.co.jp: 【Almond eSIM】香港 マカオ eSIMプラン 4日間 完全無制限 4G-LTE 高速データ 使い放題 当日発行可能 出発前日本テスト用eSIM500MB 香港 マカオ プリペイドSIM 香港 esim 香港 マカオsim (4日間完全無制限) : 家電＆カメラ 次に移動 メインコンテンツ この商品について この商品につい""], ""review_count"": [""detail_page: (308)""], ""bestseller_rank"": [""Amazon 売れ筋ランキング 家電＆カメラ - 2,557位 ( 家電＆カメラの売れ筋ランキングを見る ) プリペイドSIMカード - 25位""], ""title"": [""【Almond eSIM】香港 マカオ eSIMプラン 4日間 完全無制限 4G-LTE 高速データ 使い放題 当日発行可能 出発前日本テスト用eSIM500MB 香港 マカオ プリペイドSIM 香港 esim 香港 マカオsim (4日間完全無制限)""]}"
amazon_jp,mo,【Almond eSIM】香港 マカオ eSIMプラン 3日間 完全無制限 4G-LTE 高速データ 使い放題 当日発行可能 出発前日本テスト用eSIM500MB 香港 マカオ プリペイドSIM 香港 esim 香港 マカオsim (3日間完全無制限),1405,308,,,100,,25,3일,3일,3일,unknown,5g_capable,,,"{""ctm"": true, ""china_telecom_macau"": null, ""three_macau"": null}","{""skt"": null, ""kt"": null, ""lgu"": null}",unlimited,https://www.amazon.co.jp/ESIM%E3%83%97%E3%83%A9%E3%83%B3-4G-LTE-%E5%BD%93%E6%97%A5%E7%99%BA%E8%A1%8C%E5%8F%AF%E8%83%BD-%E3%83%97%E3%83%AA%E3%83%9A%E3%82%A4%E3%83%89SIM-3%E6%97%A5%E9%96%93%E5%AE%8C%E5%85%A8%E7%84%A1%E5%88%B6%E9%99%90/dp/B0CPXYL72J,B0CPXYL72J,B0CPXYL72J,株式会社ビッグコネクト,bigconnectのストアを表示,"{""price_jpy"": [""￥1,405""], ""usage_validity"": [""【Almond eSIM】香港 マカオ eSIMプラン 3日間 完全無制限 4G-LTE 高速データ 使い放題 当日発行可能 出発前日本テスト用eSIM500MB 香港 マカオ プリペイドSIM 香港 esim 香港 マカオsim (3日間完全無制限)""], ""activation_validity"": [""【SKTelecoｍ公式認証】 韓国eSIM 3日間 (72時間) 電話番号付き 超高速データ無制限 最初の5分発信無料(韓国国内) お急ぎの方即時発行可(LINE相談受付中) 有効期限／ご購入日より120日以内 現地空港サポート(SKTelecomローミングセンター) SKテレコム正規品 韓国SIMカードタイプではありません""], ""data_amount"": [""【高速データ完全無制限】 通信専用eSIMになります。※データ容量無制限。高速データ使い放題。有効期限は、メールでのQRコード発行後1カ月です。""], ""network_type"": [""【現地キャリア利用】香港 マカオで使用できるeSIM、香港 マカオ渡航スケジュールに対応する手軽なeSIMカード。キャリア：香港：Smartone、HKT、3 マカオ:CTM ，香港 マカオでは信号が広く、ネットワークが安定し、速度が速いです。eSIMのsimカードはプリペイドsimカードと違って、挿入作業不要(iPhone・androidともeSIMのQR"", ""【チョコSIM 定額（Sプラン）】【中国の電話番号付きでアプリや施設サービスのSMS認証が可能】【データ容量】合計500MB/月【音声】合計20分間/月 データ/音声/SMS付きSIMカード 中国SIM マカオSIM China unicom ※こちらのSIMカードは契約後、毎月の基本料が発生いたします。※2024年11月1日から台湾でのご利用はできなくなり"", ""score: local=9, roaming=0"", ""local_claim_refers_to:hk""], ""network_generation"": [""product_info_cellular_5g: source:product_info_cellular: 携帯電話技術 5G LTE""], ""carrier_support_local"": [""CTM: 【現地キャリア利用】香港 マカオで使用できるeSIM、香港 マカオ渡航スケジュールに対応する手軽なeSIMカード。キャリア：香港：Smartone、HKT、3 マカオ:CTM ，香港 マカオでは信号が広く、ネットワークが安定し、速度が速いです。eSIMのsimカードはプリペイドsimカードと違って、"", ""CTM: サービスプロバイダ Smartone, HKT, 3, CTM""], ""monthly_sold_count"": [""Amazon.co.jp: 【Almond eSIM】香港 マカオ eSIMプラン 3日間 完全無制限 4G-LTE 高速データ 使い放題 当日発行可能 出発前日本テスト用eSIM500MB 香港 マカオ プリペイドSIM 香港 esim 香港 マカオsim (3日間完全無制限) : 家電＆カメラ 次に移動 メインコンテンツ この商品について この商品につい""], ""review_count"": [""detail_page: (308)""], ""bestseller_rank"": [""Amazon 売れ筋ランキング 家電＆カメラ - 2,557位 ( 家電＆カメラの売れ筋ランキングを見る ) プリペイドSIMカード - 25位""], ""title"": [""【Almond eSIM】香港 マカオ eSIMプラン 3日間 完全無制限 4G-LTE 高速データ 使い放題 当日発行可能 出発前日本テスト用eSIM500MB 香港 マカオ プリペイドSIM 香港 esim 香港 マカオsim (3日間完全無制限)""]}"
amazon_jp,mo,【中国・香港・マカオeSIM】5日間 高速データ通信無制限 低速制限なし 即日発行 実名登録不要 VPN不要 QR簡単設定 マグロeSIM,2180,211,,,100,,28,5일,5일,5일,unknown,lte_4g_only,,,"{""ctm"": null, ""china_telecom_macau"": null, ""three_macau"": null}","{""skt"": null, ""kt"": null, ""lgu"": null}",unlimited,https://www.amazon.co.jp/eSIM%E3%80%915%E6%97%A5%E9%96%93-%E4%B8%AD%E5%9B%BD%E3%83%8D%E3%83%83%E3%83%88%E8%A6%8F%E5%88%B6%E5%AF%BE%E8%B1%A1%E5%A4%96-Line%E3%80%81Youtube%E3%80%81Google%E3%81%AA%E3%81%A9VPN%E3%81%AA%E3%81%97%E3%81%A7%E5%88%A9%E7%94%A8%E5%8F%AF%E8%83%BD-%E6%80%A5%E3%81%8E%E3%81%AE%E6%96%B9LINE%E3%82%B5%E3%83%9D%E3%83%BC%E3%83%88%E3%81%82%E3%82%8A-%E3%83%9E%E3%82%B0%E3%83%ADeSIM/dp/B0DRVDQ1WP,B0DRVDQ1WP,B0DRVDQ1WP,マグロeSIM,マグロeSIMのストアを表示,"{""price_jpy"": [""￥2,180""], ""usage_validity"": [""【中国・香港・マカオeSIM】5日間 高速データ通信無制限 低速制限なし 即日発行 実名登録不要 VPN不要 QR簡単設定 マグロeSIM""], ""activation_validity"": [""【中国・香港・マカオeSIM】5日間 高速データ通信無制限 低速制限なし 即日発行 実名登録不要 VPN不要 QR簡単設定 マグロeSIM""], ""data_amount"": [""【特徴①】本商品は、高速データ通信が無制限に使用可能です。さらに、日本国内で使用できる500MBのデータも含まれており、詳しい情報は、予約後にお送りするメールの説明書をご確認ください。""], ""network_type"": [""local_signal: 【チョコSIM 定額（Sプラン）】【中国の電話番号付きでアプリや施設サービスのSMS認証が可能】【データ容量】合計500MB/月【音声】合計20分間/月 データ/音声/SMS付きSIMカード 中国SIM マカオSIM China unicom ※こちらのSIMカードは契約後、毎月の基本料が発生いたします。※2024年11月1日から台湾でのご利用はできなくなり"", ""roaming_signal: 商品の説明 購入前にご注意！ 注意事項①：ご購入後、商品画像に記載されたURLにアクセスし必要事項を入力→メールアドレスにPDFの説明書とeSIMのQRコードが届きます！ 注意事項②：SIMロックフリー端末、もしくはSIMフリー端末専用のサービスです。必ず、ご利用端末がeSIM対応かどうかご確認ください。 注意事項③：eSIM対応端末のみ利用可能。※通信キャ"", ""insufficient_or_conflicting_signals(local=6, roaming=3)""], ""network_generation"": [""product_info_cellular_4g_lte: source:product_info_cellular: 携帯電話技術 LTE""], ""monthly_sold_count"": [""Amazon.co.jp: 【中国・香港・マカオeSIM】5日間 高速データ通信無制限 低速制限なし 即日発行 実名登録不要 VPN不要 QR簡単設定 マグロeSIM | Google・YouTube・LINEなど海外サービスを快適に利用可能 メール納品 設定ガイド付き LINE日本語サポート テザリング対応 : 家電＆カメラ 次に移動 メインコンテンツ こ""], ""review_count"": [""detail_page: (211)""], ""bestseller_rank"": [""Amazon 売れ筋ランキング 家電＆カメラ - 3,017位 ( 家電＆カメラの売れ筋ランキングを見る ) プリペイドSIMカード - 28位""], ""title"": [""【中国・香港・マカオeSIM】5日間 高速データ通信無制限 低速制限なし 即日発行 実名登録不要 VPN不要 QR簡単設定 マグロeSIM""]}"
amazon_jp,mo,【中国・香港・マカオeSIM】4日間 高速データ通信無制限 低速制限なし 即日発行 実名登録不要 VPN不要 QR簡単設定 マグロeSIM,1880,211,,,100,,28,4일,4일,4일,unknown,lte_4g_only,,,"{""ctm"": null, ""china_telecom_macau"": null, ""three_macau"": null}","{""skt"": null, ""kt"": null, ""lgu"": null}",unlimited,https://www.amazon.co.jp/%E3%80%90%E4%B8%AD%E5%9B%BD%E3%83%BB%E9%A6%99%E6%B8%AF%E3%83%BB%E3%83%9E%E3%82%AB%E3%82%AAeSIM%E3%80%914%E6%97%A5%E9%96%93-%E9%AB%98%E9%80%9F%E3%83%87%E3%83%BC%E3%82%BF%E9%80%9A%E4%BF%A1%E7%84%A1%E5%88%B6%E9%99%90-%E4%BD%8E%E9%80%9F%E5%88%B6%E9%99%90%E3%81%AA%E3%81%97-%E5%AE%9F%E5%90%8D%E7%99%BB%E9%8C%B2%E4%B8%8D%E8%A6%81-%E3%83%9E%E3%82%B0%E3%83%ADeSIM/dp/B0FH9K13N7,B0FH9K13N7,B0FH9K13N7,マグロeSIM,マグロeSIMのストアを表示,"{""price_jpy"": [""￥1,880""], ""usage_validity"": [""【中国・香港・マカオeSIM】4日間 高速データ通信無制限 低速制限なし 即日発行 実名登録不要 VPN不要 QR簡単設定 マグロeSIM""], ""activation_validity"": [""【中国・香港・マカオeSIM】4日間 高速データ通信無制限 低速制限なし 即日発行 実名登録不要 VPN不要 QR簡単設定 マグロeSIM""], ""data_amount"": [""【特徴①】本商品は、高速データ通信が無制限に使用可能です。さらに、日本国内で使用できる500MBのデータも含まれており、詳しい情報は、予約後にお送りするメールの説明書をご確認ください。""], ""network_type"": [""local_signal: 【T-Mobile純正品】eSIM版 アメリカ ハワイ SIM 7日間【使い放題】【電話番号付き】5G/4G-LTE 高速データ通信/通話/SMS/テザリング 【アメリカ ハワイ 無制限】 プリペイド SIMカード T-Mobile esim 7days"", ""roaming_signal: 商品の説明 購入前にご注意！ 注意事項①：ご購入後、商品画像に記載されたURLにアクセスし必要事項を入力→メールアドレスにPDFの説明書とeSIMのQRコードが届きます！ 注意事項②：SIMロックフリー端末、もしくはSIMフリー端末専用のサービスです。必ず、ご利用端末がeSIM対応かどうかご確認ください。 注意事項③：eSIM対応端末のみ利用可能。※通信キャ"", ""insufficient_or_conflicting_signals(local=9, roaming=3)""], ""network_generation"": [""product_info_cellular_4g_lte: source:product_info_cellular: 携帯電話技術 LTE""], ""monthly_sold_count"": [""Amazon.co.jp: 【中国・香港・マカオeSIM】4日間 高速データ通信無制限 低速制限なし 即日発行 実名登録不要 VPN不要 QR簡単設定 マグロeSIM | Google・YouTube・LINEなど海外サービスを快適に利用可能 メール納品 設定ガイド付き LINE日本語サポート テザリング対応 : 家電＆カメラ 次に移動 メインコンテンツ こ""], ""review_count"": [""detail_page: (211)""], ""bestseller_rank"": [""Amazon 売れ筋ランキング 家電＆カメラ - 3,017位 ( 家電＆カメラの売れ筋ランキングを見る ) プリペイドSIMカード - 28位""], ""title"": [""【中国・香港・マカオeSIM】4日間 高速データ通信無制限 低速制限なし 即日発行 実名登録不要 VPN不要 QR簡単設定 マグロeSIM""]}"
amazon_jp,mo,中国eSIM｜4日間 高速データ無制限｜中国本土・香港・マカオ対応｜VPN付き LINE・YouTube・Google利用可｜4G/5G 即日発行可能,1850,49,,,100,,38,4일,4일,4일,unknown,5g_capable,,,"{""ctm"": null, ""china_telecom_macau"": null, ""three_macau"": null}","{""skt"": null, ""kt"": null, ""lgu"": null}",unlimited,https://www.amazon.co.jp/%E4%B8%AD%E5%9B%BDeSIM%EF%BD%9C%E4%B8%AD%E5%9B%BD%E6%9C%AC%E5%9C%9F%E3%83%BB%E9%A6%99%E6%B8%AF%E3%83%BB%E3%83%9E%E3%82%AB%E3%82%AA%E5%AF%BE%E5%BF%9C%EF%BD%9C4%E6%97%A5%E9%96%93-%E9%AB%98%E9%80%9F%E3%83%87%E3%83%BC%E3%82%BF%E7%84%A1%E5%88%B6%E9%99%90%EF%BD%9CVPN%E4%BB%98%E3%81%8D-LINE%E3%83%BBYouTube%E3%83%BBGoogle%E5%88%A9%E7%94%A8%E5%8F%AF%EF%BD%9C4G-%E5%8D%B3%E6%97%A5%E7%99%BA%E8%A1%8C%E5%8F%AF%E8%83%BD%EF%BC%88eSIM-4%E6%97%A5%E9%96%93%EF%BC%89/dp/B0CXXGTT6J,B0CXXGTT6J,B0CXXGTT6J,mewmewホーム eSIM,ＭＥＷＭＥＷホームのストアを表示,"{""price_jpy"": [""￥1,850""], ""usage_validity"": [""中国eSIM｜4日間 高速データ無制限｜中国本土・香港・マカオ対応｜VPN付き LINE・YouTube・Google利用可｜4G/5G 即日発行可能""], ""activation_validity"": [""中国eSIM｜4日間 高速データ無制限｜中国本土・香港・マカオ対応｜VPN付き LINE・YouTube・Google利用可｜4G/5G 即日発行可能""], ""data_amount"": [""【無制限・高速データ通信】中国本土・マカオ：中華電信 香港：CSL 5G /4G/LTEに対応し、高速データ通信は完全無制限となります。""], ""network_type"": [""local_signal: 【チョコSIM 定額（Sプラン）】【中国の電話番号付きでアプリや施設サービスのSMS認証が可能】【データ容量】合計500MB/月【音声】合計20分間/月 データ/音声/SMS付きSIMカード 中国SIM マカオSIM China unicom ※こちらのSIMカードは契約後、毎月の基本料が発生いたします。※2024年11月1日から台湾でのご利用はできなくなり"", ""roaming_signal: 【設定簡単】日本国内で事前にeSIMの設定が可能です。現地に到着後、モバイルデータ通信をeSIMに切り替え、データローミングをオンにするだけで利用可能。"", ""insufficient_or_conflicting_signals(local=6, roaming=3)""], ""network_generation"": [""product_info_cellular_5g: source:product_info_cellular: 携帯電話技術 5G,4G""], ""monthly_sold_count"": [""Amazon.co.jp: 中国eSIM｜4日間 高速データ無制限｜中国本土・香港・マカオ対応｜VPN付き LINE・YouTube・Google利用可｜4G/5G 即日発行可能 : 家電＆カメラ 次に移動 メインコンテンツ この商品について この商品について この商品について 購入オプション 類似商品と比較する ビデオ レビュー キーボードショートカット ""], ""review_count"": [""detail_page: (49)""], ""bestseller_rank"": [""Amazon 売れ筋ランキング 家電＆カメラ - 3,767位 ( 家電＆カメラの売れ筋ランキングを見る ) プリペイドSIMカード - 38位""], ""title"": [""中国eSIM｜4日間 高速データ無制限｜中国本土・香港・マカオ対応｜VPN付き LINE・YouTube・Google利用可｜4G/5G 即日発行可能""]}"
amazon_jp,mo,【香港・マカオeSIM】3日間完全無制限（使い放題） LINE相談受付中｜データ通信専用（電話番号なし） | simフリー端末のみ対応 説明書付 イーシム simless,1420,6,,,,,216,3일,3일,3일,unknown,lte_4g_only,,,"{""ctm"": null, ""china_telecom_macau"": null, ""three_macau"": null}","{""skt"": null, ""kt"": null, ""lgu"": null}",unlimited,https://www.amazon.co.jp/%E3%80%90%E9%A6%99%E6%B8%AF%E3%83%BB%E3%83%9E%E3%82%AB%E3%82%AAeSIM%E3%80%913%E6%97%A5%E9%96%93%E5%AE%8C%E5%85%A8%E7%84%A1%E5%88%B6%E9%99%90%EF%BC%88%E4%BD%BF%E3%81%84%E6%94%BE%E9%A1%8C%EF%BC%89-LINE%E7%9B%B8%E8%AB%87%E5%8F%97%E4%BB%98%E4%B8%AD%EF%BD%9C%E3%83%87%E3%83%BC%E3%82%BF%E9%80%9A%E4%BF%A1%E5%B0%82%E7%94%A8%EF%BC%88%E9%9B%BB%E8%A9%B1%E7%95%AA%E5%8F%B7%E3%81%AA%E3%81%97%EF%BC%89-sim%E3%83%95%E3%83%AA%E3%83%BC%E7%AB%AF%E6%9C%AB%E3%81%AE%E3%81%BF%E5%AF%BE%E5%BF%9C-%E8%AA%AC%E6%98%8E%E6%9B%B8%E4%BB%98-simless/dp/B0DV5Q655C,B0DV5Q655C,B0DV5Q655C,DeSiM,DeSiMのストアを表示,"{""price_jpy"": [""￥1,420""], ""usage_validity"": [""【香港・マカオeSIM】3日間完全無制限（使い放題） LINE相談受付中｜データ通信専用（電話番号なし） | simフリー端末のみ対応 説明書付 イーシム simless""], ""activation_validity"": [""【SKTelecoｍ公式認証】 韓国eSIM 3日間 (72時間) 電話番号付き 超高速データ無制限 最初の5分発信無料(韓国国内) お急ぎの方即時発行可(LINE相談受付中) 有効期限／ご購入日より120日以内 現地空港サポート(SKTelecomローミングセンター) SKテレコム正規品 韓国SIMカードタイプではありません""], ""data_amount"": [""商品の説明 購入前の注意事項 【注意事項】 注意事項①：電話番号は付与されませんので、ご注意ください。 注意事項②：SIMロックフリー端末、もしくはSIMフリー端末専用のサービスです。必ず、ご利用端末がeSIM対応かどうかご確認ください。 注意事項③：2021年10月1日以前にSIMロック解除をキャリア店頭またはインターネットでされた「Android端末」は""], ""network_type"": [""商品の説明 購入前の注意事項 【注意事項】 注意事項①：電話番号は付与されませんので、ご注意ください。 注意事項②：SIMロックフリー端末、もしくはSIMフリー端末専用のサービスです。必ず、ご利用端末がeSIM対応かどうかご確認ください。 注意事項③：2021年10月1日以前にSIMロック解除をキャリア店頭またはインターネットでされた「Android端末」は"", ""【T-Mobile純正品】eSIM版 アメリカ ハワイ SIM 7日間【使い放題】【電話番号付き】5G/4G-LTE 高速データ通信/通話/SMS/テザリング 【アメリカ ハワイ 無制限】 プリペイド SIMカード T-Mobile esim 7days"", ""score: local=12, roaming=1"", ""local_claim_refers_to:hk""], ""network_generation"": [""product_info_cellular_4g_lte: source:product_info_cellular: 携帯電話技術 LTE""], ""review_count"": [""detail_page: (6)""], ""bestseller_rank"": [""Amazon 売れ筋ランキング 家電＆カメラ - 18,914位 ( 家電＆カメラの売れ筋ランキングを見る ) プリペイドSIMカード - 216位""], ""title"": [""【香港・マカオeSIM】3日間完全無制限（使い放題） LINE相談受付中｜データ通信専用（電話番号なし） | simフリー端末のみ対応 説明書付 イーシム simless""]}"
amazon_jp,mo,中国・香港・マカオ eSIM｜8日間 10GB 高速データ通信｜本人確認不要・当日利用可能｜LINE・YouTube・Google利用可 ｜24時間サポート 中国 esim 香港 esim,1380,10,,,,,567,8일,8일,90일,unknown,5g_capable,,,"{""ctm"": true, ""china_telecom_macau"": null, ""three_macau"": null}","{""skt"": null, ""kt"": null, ""lgu"": null}",unlimited,https://www.amazon.co.jp/%E4%B8%AD%E5%9B%BD%E3%83%BB%E9%A6%99%E6%B8%AF%E3%83%BB%E3%83%9E%E3%82%AB%E3%82%AA-eSIM%EF%BD%9C8%E6%97%A5%E9%96%93-10GB-%E9%AB%98%E9%80%9F%E3%83%87%E3%83%BC%E3%82%BF%E9%80%9A%E4%BF%A1%EF%BD%9C%E6%9C%AC%E4%BA%BA%E7%A2%BA%E8%AA%8D%E4%B8%8D%E8%A6%81%E3%83%BB%E5%BD%93%E6%97%A5%E5%88%A9%E7%94%A8%E5%8F%AF%E8%83%BD%EF%BD%9CLINE%E3%83%BBYouTube%E3%83%BBGoogle%E5%88%A9%E7%94%A8%E5%8F%AF-%EF%BD%9C24%E6%99%82%E9%96%93%E3%82%B5%E3%83%9D%E3%83%BC%E3%83%88/dp/B0GVSZGFWL,B0GVSZGFWL,B0GVSZGFWL,Global eSIMshop,ブランド: PLUG TO GO,"{""price_jpy"": [""￥1,380""], ""usage_validity"": [""中国・香港・マカオ eSIM｜8日間 10GB 高速データ通信｜本人確認不要・当日利用可能｜LINE・YouTube・Google利用可 ｜24時間サポート 中国 esim 香港 esim""], ""activation_validity"": [""【有効期限】QRコードは90日以内に有効です。日本でQRコードをスキャンして事前設定が可能。""], ""data_amount"": [""【高速データ無制限】中国本土・香港・マカオ対応のデータ通信専用eSIM。現地大手キャリア回線で安定・快適に利用可能。高速データ無制限＆本人確認不要。中国のネット規制を回避し、Google・LINE・YouTubeなどもVPN不要で利用可能です。""], ""network_type"": [""no_local_or_roaming_keyword_matched""], ""network_generation"": [""product_info_cellular_5g: source:product_info_cellular: 携帯電話技術 5G/4G""], ""carrier_support_local"": [""CTM: サービスプロバイダ China Telecom/3HK/CTM"", ""CTM: Amazon.co.jp: 中国・香港・マカオ eSIM｜8日間 10GB 高速データ通信｜本人確認不要・当日利用可能｜LINE・YouTube・Google利用可 ｜24時間サポート 中国 esim 香港 esim : 家電＆カメラ 次に移動 メインコンテンツ この商品について この商品について ""], ""review_count"": [""detail_page: (10)""], ""bestseller_rank"": [""Amazon 売れ筋ランキング 家電＆カメラ - 53,118位 ( 家電＆カメラの売れ筋ランキングを見る ) プリペイドSIMカード - 567位""], ""title"": [""中国・香港・マカオ eSIM｜8日間 10GB 高速データ通信｜本人確認不要・当日利用可能｜LINE・YouTube・Google利用可 ｜24時間サポート 中国 esim 香港 esim""]}"
amazon_jp,mo,【中国 香港 マカオeSIM】4日間 高速データ通信 無制限 データ通信専用（電話番号なし）5G / 4G対応,1780,15,,,,,1078,4일,4일,90일,unknown,5g_capable,,,"{""ctm"": null, ""china_telecom_macau"": null, ""three_macau"": null}","{""skt"": null, ""kt"": null, ""lgu"": null}",unlimited,https://www.amazon.co.jp/%E3%80%90%E4%B8%AD%E5%9B%BD-%E3%83%9E%E3%82%AB%E3%82%AAeSIM%E3%80%914%E6%97%A5%E9%96%93-%E9%AB%98%E9%80%9F%E3%83%87%E3%83%BC%E3%82%BF%E9%80%9A%E4%BF%A1-%E3%83%87%E3%83%BC%E3%82%BF%E9%80%9A%E4%BF%A1%E5%B0%82%E7%94%A8%EF%BC%88%E9%9B%BB%E8%A9%B1%E7%95%AA%E5%8F%B7%E3%81%AA%E3%81%97%EF%BC%895G-4G%E5%AF%BE%E5%BF%9C/dp/B0GVJHHHCM,B0GVJHHHCM,B0GVJHHHCM,Mewfi 正規販売店,mewfiのストアを表示,"{""price_jpy"": [""￥1,780""], ""usage_validity"": [""【中国 香港 マカオeSIM】4日間 高速データ通信 無制限 データ通信専用（電話番号なし）5G / 4G対応""], ""activation_validity"": [""【有効期限】eSIM情報が記載されたメールの受信日から90日以内にご利用ください。""], ""data_amount"": [""【中国 香港 マカオeSIM】利用期間中、高速データ通信を無制限でご利用いただけます。1日ごとのデータ容量上限はありません。""], ""network_type"": [""local_signal: 【T-Mobile純正品】eSIM版 アメリカ ハワイ SIM 7日間【使い放題】【電話番号付き】5G/4G-LTE 高速データ通信/通話/SMS/テザリング 【アメリカ ハワイ 無制限】 プリペイド SIMカード T-Mobile esim 7days"", ""roaming_signal: 【注意事項】eSIM対応のSIMフリー端末、またはSIMロック解除済みのスマートフォン専用です。中国・香港・マカオでご利用の際は、端末のデータローミングをオンにしてください。"", ""insufficient_or_conflicting_signals(local=3, roaming=3)""], ""network_generation"": [""product_info_cellular_5g: source:product_info_cellular: 携帯電話技術 LTE, 5G"", ""product_info_cellular_4g_lte_signal_present_but_5g_capable_takes_precedence""], ""review_count"": [""detail_page: (15)""], ""bestseller_rank"": [""Amazon 売れ筋ランキング 家電＆カメラ - 123,734位 ( 家電＆カメラの売れ筋ランキングを見る ) プリペイドSIMカード - 1,078位""], ""title"": [""【中国 香港 マカオeSIM】4日間 高速データ通信 無制限 データ通信専用（電話番号なし）5G / 4G対応""]}"
amazon_jp,mo,【中国・香港・マカオeSIM】30日間 30GB プリペイドeSIM VPN不要 LINE・Google利用可 テザリング可 高速データ 5G/4G-LTE JETSIM,4980,2,,,,,384,30일,30일,30일,unknown,5g_capable,,,"{""ctm"": true, ""china_telecom_macau"": null, ""three_macau"": null}","{""skt"": null, ""kt"": null, ""lgu"": null}",1GB/day,https://www.amazon.co.jp/%E3%83%9E%E3%82%AB%E3%82%AAeSIM%E3%80%9130%E6%97%A5%E9%96%93-%E3%83%87%E3%83%BC%E3%82%BFSIM-%E3%83%97%E3%83%AA%E3%83%9A%E3%82%A4%E3%83%89SIM-%E3%82%B8%E3%82%A7%E3%83%83%E3%83%88%E3%83%A2%E3%83%90%E3%82%A4%E3%83%AB-%E3%83%86%E3%82%B6%E3%83%AA%E3%83%B3%E3%82%B0%E5%8F%AF/dp/B0DDBYX1FQ,B0DDBYX1FQ,B0DDBYX1FQ,ジェスロモバイル,JETSIMのストアを表示,"{""price_jpy"": [""￥4,980""], ""usage_validity"": [""【中国・香港・マカオeSIM】30日間 30GB プリペイドeSIM VPN不要 LINE・Google利用可 テザリング可 高速データ 5G/4G-LTE JETSIM""], ""activation_validity"": [""商品の説明 購入後すぐにeSIMを使えますか？ はい、すぐにご利用いただけます。スムーズにご利用いただくために、申請フォームのご提出をお願いいたします。 eSIMのアクティベーションは必要ですか？ アクティベーションは不要です。eSIMをスマートフォンに追加すれば、現地に到着次第、自動的に接続されます！ 複数の国で利用できるプランは国をまたいで移動する際も、""], ""data_amount"": [""【データ無制限】中国・香港・マカオで30日間 5G/4G-LTE 高速データ30GB、その後2G速度で使い放題。テザリング対応。高速データ1日1GBまで。""], ""network_type"": [""【チョコSIM 定額（Sプラン）】【中国の電話番号付きでアプリや施設サービスのSMS認証が可能】【データ容量】合計500MB/月【音声】合計20分間/月 データ/音声/SMS付きSIMカード 中国SIM マカオSIM China unicom ※こちらのSIMカードは契約後、毎月の基本料が発生いたします。※2024年11月1日から台湾でのご利用はできなくなり"", ""【SKTelecoｍ公式認証】 韓国eSIM 3日間 (72時間) 電話番号付き 超高速データ無制限 最初の5分発信無料(韓国国内) お急ぎの方即時発行可(LINE相談受付中) 有効期限／ご購入日より120日以内 現地空港サポート(SKTelecomローミングセンター) SKテレコム正規品 韓国SIMカードタイプではありません"", ""score: local=6, roaming=0"", ""local_claim_refers_to:cn""], ""network_generation"": [""product_info_cellular_5g: source:product_info_cellular: 携帯電話技術 LTE, 5G"", ""product_info_cellular_4g_lte_signal_present_but_5g_capable_takes_precedence""], ""carrier_support_local"": [""CTM: 【高品質回線】 大手通信キャリア回線を使用。広範囲で安定した快適な通信を提供。中国：中国聯通（China Unicom）回線。香港：3HK回線。マカオ：CTM回線。""], ""review_count"": [""detail_page: (2)""], ""bestseller_rank"": [""Amazon 売れ筋ランキング 家電＆カメラ - 34,852位 ( 家電＆カメラの売れ筋ランキングを見る ) プリペイドSIMカード - 384位""], ""title"": [""【中国・香港・マカオeSIM】30日間 30GB プリペイドeSIM VPN不要 LINE・Google利用可 テザリング可 高速データ 5G/4G-LTE JETSIM""]}"
amazon_jp,mo,【中国・香港・マカオeSIM】6日間完全無制限（五泊六日 使い放題） DeSiM正規卸 | LINE相談受付中｜データ通信専用（電話番号なし） | simフリー端末のみ対応 説明書付 イーシム desim,5370,2,,,,,1282,6일,6일,7일,unknown,unknown,,,"{""ctm"": null, ""china_telecom_macau"": null, ""three_macau"": null}","{""skt"": null, ""kt"": null, ""lgu"": null}",unlimited,https://www.amazon.co.jp/%E3%80%90%E4%B8%AD%E5%9B%BD%E3%83%BB%E9%A6%99%E6%B8%AF%E3%83%BB%E3%83%9E%E3%82%AB%E3%82%AAeSIM%E3%80%916%E6%97%A5%E9%96%93%E5%AE%8C%E5%85%A8%E7%84%A1%E5%88%B6%E9%99%90%EF%BC%88%E4%BA%94%E6%B3%8A%E5%85%AD%E6%97%A5-%E4%BD%BF%E3%81%84%E6%94%BE%E9%A1%8C%EF%BC%89-DeSiM%E6%AD%A3%E8%A6%8F%E5%8D%B8-LINE%E7%9B%B8%E8%AB%87%E5%8F%97%E4%BB%98%E4%B8%AD%EF%BD%9C%E3%83%87%E3%83%BC%E3%82%BF%E9%80%9A%E4%BF%A1%E5%B0%82%E7%94%A8%EF%BC%88%E9%9B%BB%E8%A9%B1%E7%95%AA%E5%8F%B7%E3%81%AA%E3%81%97%EF%BC%89-sim%E3%83%95%E3%83%AA%E3%83%BC%E7%AB%AF%E6%9C%AB%E3%81%AE%E3%81%BF%E5%AF%BE%E5%BF%9C/dp/B0DL4TN7BT,B0DL4TN7BT,B0DL4TN7BT,DeSiM,DeSiMのストアを表示,"{""price_jpy"": [""￥5,370""], ""usage_validity"": [""【中国・香港・マカオeSIM】6日間完全無制限（五泊六日 使い放題） DeSiM正規卸 | LINE相談受付中｜データ通信専用（電話番号なし） | simフリー端末のみ対応 説明書付 イーシム desim""], ""activation_validity"": [""商品の説明 購入前の注意事項 【注意事項】 注意事項①：本商品はデータ通信専用です（通話はご利用いただけません）。ご注意ください。 注意事項②：SIMロックフリー端末、もしくはSIMフリー端末専用のサービスです。必ず、ご利用端末がeSIM対応かどうかご確認ください。 注意事項③：2021年10月1日以前にSIMロック解除をキャリア店頭またはインターネットでさ""], ""data_amount"": [""商品の説明 購入前の注意事項 【注意事項】 注意事項①：本商品はデータ通信専用です（通話はご利用いただけません）。ご注意ください。 注意事項②：SIMロックフリー端末、もしくはSIMフリー端末専用のサービスです。必ず、ご利用端末がeSIM対応かどうかご確認ください。 注意事項③：2021年10月1日以前にSIMロック解除をキャリア店頭またはインターネットでさ""], ""network_type"": [""商品の説明 購入前の注意事項 【注意事項】 注意事項①：本商品はデータ通信専用です（通話はご利用いただけません）。ご注意ください。 注意事項②：SIMロックフリー端末、もしくはSIMフリー端末専用のサービスです。必ず、ご利用端末がeSIM対応かどうかご確認ください。 注意事項③：2021年10月1日以前にSIMロック解除をキャリア店頭またはインターネットでさ"", ""【チョコSIM 定額（Sプラン）】【中国の電話番号付きでアプリや施設サービスのSMS認証が可能】【データ容量】合計500MB/月【音声】合計20分間/月 データ/音声/SMS付きSIMカード 中国SIM マカオSIM China unicom ※こちらのSIMカードは契約後、毎月の基本料が発生いたします。※2024年11月1日から台湾でのご利用はできなくなり"", ""score: local=9, roaming=1"", ""local_claim_refers_to:cn""], ""network_generation"": [""fallback_5g: source:image_alt: 中国eSIM｜7日間 高速データ無制限｜中国本土・香港・マカオ対応｜VPN付き LINE・YouTube・Google利用可｜4G/5G 即日発行可能 (7日間)"", ""fallback_4g_lte: source:image_alt: 中国eSIM｜7日間 高速データ無制限｜中国本土・香港・マカオ対応｜VPN付き LINE・YouTube・Google利用可｜4G/5G 即日発行可能 (7日間)"", ""fallback_only_network_generation_signal""], ""review_count"": [""detail_page: (2)""], ""bestseller_rank"": [""Amazon 売れ筋ランキング 家電＆カメラ - 153,548位 ( 家電＆カメラの売れ筋ランキングを見る ) プリペイドSIMカード - 1,282位""], ""title"": [""【中国・香港・マカオeSIM】6日間完全無制限（五泊六日 使い放題） DeSiM正規卸 | LINE相談受付中｜データ通信専用（電話番号なし） | simフリー端末のみ対応 説明書付 イーシム desim""]}"
amazon_jp,mo,【中国・香港・マカオeSIM】1日間完全無制限（使い放題） DeSiM正規卸 | LINE相談受付中｜データ通信専用（電話番号なし） | simフリー端末のみ対応 説明書付 イーシム DeSiM,1730,211,,,,,1888,1일,1일,7일,unknown,lte_4g_only,,,"{""ctm"": null, ""china_telecom_macau"": null, ""three_macau"": null}","{""skt"": null, ""kt"": null, ""lgu"": null}",unlimited,https://www.amazon.co.jp/%E3%80%90%E4%B8%AD%E5%9B%BD%E3%83%BB%E9%A6%99%E6%B8%AF%E3%83%BB%E3%83%9E%E3%82%AB%E3%82%AAeSIM%E3%80%911%E6%97%A5%E9%96%93%E5%AE%8C%E5%85%A8%E7%84%A1%E5%88%B6%E9%99%90%EF%BC%88%E4%BD%BF%E3%81%84%E6%94%BE%E9%A1%8C%EF%BC%89-DeSiM%E6%AD%A3%E8%A6%8F%E5%8D%B8-LINE%E7%9B%B8%E8%AB%87%E5%8F%97%E4%BB%98%E4%B8%AD%EF%BD%9C%E3%83%87%E3%83%BC%E3%82%BF%E9%80%9A%E4%BF%A1%E5%B0%82%E7%94%A8%EF%BC%88%E9%9B%BB%E8%A9%B1%E7%95%AA%E5%8F%B7%E3%81%AA%E3%81%97%EF%BC%89-sim%E3%83%95%E3%83%AA%E3%83%BC%E7%AB%AF%E6%9C%AB%E3%81%AE%E3%81%BF%E5%AF%BE%E5%BF%9C-DeSiM/dp/B0DL4VFSNS,B0DL4VFSNS,B0DL4VFSNS,DeSiM,DeSiMのストアを表示,"{""price_jpy"": [""￥1,730""], ""usage_validity"": [""【中国・香港・マカオeSIM】1日間完全無制限（使い放題） DeSiM正規卸 | LINE相談受付中｜データ通信専用（電話番号なし） | simフリー端末のみ対応 説明書付 イーシム DeSiM""], ""activation_validity"": [""商品の説明 購入前の注意事項 【注意事項】 注意事項①：本商品はデータ通信専用です（通話はご利用いただけません）。ご注意ください。 注意事項②：SIMロックフリー端末、もしくはSIMフリー端末専用のサービスです。必ず、ご利用端末がeSIM対応かどうかご確認ください。 注意事項③：2021年10月1日以前にSIMロック解除をキャリア店頭またはインターネットでさ""], ""data_amount"": [""商品の説明 購入前の注意事項 【注意事項】 注意事項①：本商品はデータ通信専用です（通話はご利用いただけません）。ご注意ください。 注意事項②：SIMロックフリー端末、もしくはSIMフリー端末専用のサービスです。必ず、ご利用端末がeSIM対応かどうかご確認ください。 注意事項③：2021年10月1日以前にSIMロック解除をキャリア店頭またはインターネットでさ""], ""network_type"": [""商品の説明 購入前の注意事項 【注意事項】 注意事項①：本商品はデータ通信専用です（通話はご利用いただけません）。ご注意ください。 注意事項②：SIMロックフリー端末、もしくはSIMフリー端末専用のサービスです。必ず、ご利用端末がeSIM対応かどうかご確認ください。 注意事項③：2021年10月1日以前にSIMロック解除をキャリア店頭またはインターネットでさ"", ""【T-Mobile純正品】eSIM版 アメリカ ハワイ SIM 7日間【使い放題】【電話番号付き】5G/4G-LTE 高速データ通信/通話/SMS/テザリング 【アメリカ ハワイ 無制限】 プリペイド SIMカード T-Mobile esim 7days"", ""score: local=12, roaming=1"", ""local_claim_refers_to:cn""], ""network_generation"": [""product_info_cellular_4g_lte: source:product_info_cellular: 携帯電話技術 LTE""], ""review_count"": [""detail_page: 211""], ""bestseller_rank"": [""Amazon 売れ筋ランキング 家電＆カメラ - 246,606位 ( 家電＆カメラの売れ筋ランキングを見る ) プリペイドSIMカード - 1,888位""], ""title"": [""【中国・香港・マカオeSIM】1日間完全無制限（使い放題） DeSiM正規卸 | LINE相談受付中｜データ通信専用（電話番号なし） | simフリー端末のみ対応 説明書付 イーシム DeSiM""]}"
amazon_jp,mo,【香港/マカオSIM】7日間 7GB 高速データ データSIM プリペイドSIM ジェットモバイル テザリング可 5G/4G-LTE,1580,12,,,,,2908,7일,7일,7일,unknown,5g_capable,,,"{""ctm"": true, ""china_telecom_macau"": null, ""three_macau"": null}","{""skt"": null, ""kt"": null, ""lgu"": null}",1GB/day,https://www.amazon.co.jp/%E3%83%9E%E3%82%AB%E3%82%AASIM%E3%80%917%E6%97%A5%E9%96%93-%E3%83%87%E3%83%BC%E3%82%BFSIM-%E3%83%97%E3%83%AA%E3%83%9A%E3%82%A4%E3%83%89SIM-%E3%82%B8%E3%82%A7%E3%83%83%E3%83%88%E3%83%A2%E3%83%90%E3%82%A4%E3%83%AB-%E3%83%86%E3%82%B6%E3%83%AA%E3%83%B3%E3%82%B0%E5%8F%AF/dp/B0F1XYS8NH,B0F1XYS8NH,B0F1XYS8NH,ジェスロモバイル,JETSIMのストアを表示,"{""price_jpy"": [""￥1,580""], ""usage_validity"": [""【香港/マカオSIM】7日間 7GB 高速データ データSIM プリペイドSIM ジェットモバイル テザリング可 5G/4G-LTE""], ""activation_validity"": [""【香港/マカオSIM】7日間 7GB 高速データ データSIM プリペイドSIM ジェットモバイル テザリング可 5G/4G-LTE""], ""data_amount"": [""【データ無制限】香港・マカオで7日間 5G/4G-LTE 高速データ7GB、その後2G速度で使い放題。テザリング対応。高速データ1日1GBまで。""], ""network_type"": [""【チョコSIM 定額（Sプラン）】【中国の電話番号付きでアプリや施設サービスのSMS認証が可能】【データ容量】合計500MB/月【音声】合計20分間/月 データ/音声/SMS付きSIMカード 中国SIM マカオSIM China unicom ※こちらのSIMカードは契約後、毎月の基本料が発生いたします。※2024年11月1日から台湾でのご利用はできなくなり"", ""【SKTelecoｍ公式認証】 韓国eSIM 3日間 (72時間) 電話番号付き 超高速データ無制限 最初の5分発信無料(韓国国内) お急ぎの方即時発行可(LINE相談受付中) 有効期限／ご購入日より120日以内 現地空港サポート(SKTelecomローミングセンター) SKテレコム正規品 韓国SIMカードタイプではありません"", ""score: local=6, roaming=0"", ""local_claim_refers_to:hk""], ""network_generation"": [""product_detail_5g: source:feature_bullets: 【データ無制限】香港・マカオで7日間 5G/4G-LTE 高速データ7GB、その後2G速度で使い放題。テザリング対応。高速データ1日1GBまで。""], ""carrier_support_local"": [""CTM: 【高品質回線】 大手通信キャリア回線を使用。広範囲で安定した快適な通信を提供。香港：3HK回線。マカオ：CTM回線。""], ""review_count"": [""detail_page: 12""], ""bestseller_rank"": [""Amazon 売れ筋ランキング 家電＆カメラ - 451,675位 ( 家電＆カメラの売れ筋ランキングを見る ) プリペイドSIMカード - 2,908位""], ""title"": [""【香港/マカオSIM】7日間 7GB 高速データ データSIM プリペイドSIM ジェットモバイル テザリング可 5G/4G-LTE""]}"
amazon_jp,mo,【中国・香港・マカオ eSIM】10日間 2GB/毎日（九泊十日 コスパ重視） DeSiM正規卸 | LINE相談受付中 |データ通信専用（電話番号なし） simフリー端末のみ対応 説明書付 イーシム,4480,5,,,,,1637,10일,10일,10일,unknown,unknown,,,"{""ctm"": null, ""china_telecom_macau"": null, ""three_macau"": null}","{""skt"": null, ""kt"": null, ""lgu"": null}",unlimited,https://www.amazon.co.jp/%E3%80%90%E4%B8%AD%E5%9B%BD%E3%83%BB%E9%A6%99%E6%B8%AF%E3%83%BB%E3%83%9E%E3%82%AB%E3%82%AA-eSIM%E3%80%9110%E6%97%A5%E9%96%93-2GB-%E3%83%87%E3%83%BC%E3%82%BF%E9%80%9A%E4%BF%A1%E5%B0%82%E7%94%A8%EF%BC%88%E9%9B%BB%E8%A9%B1%E7%95%AA%E5%8F%B7%E3%81%AA%E3%81%97%EF%BC%89-sim%E3%83%95%E3%83%AA%E3%83%BC%E7%AB%AF%E6%9C%AB%E3%81%AE%E3%81%BF%E5%AF%BE%E5%BF%9C/dp/B0D5WBYG92,B0D5WBYG92,B0D5WBYG92,DeSiM,DeSiMのストアを表示,"{""price_jpy"": [""￥4,480""], ""usage_validity"": [""【中国・香港・マカオ eSIM】10日間 2GB/毎日（九泊十日 コスパ重視） DeSiM正規卸 | LINE相談受付中 |データ通信専用（電話番号なし） simフリー端末のみ対応 説明書付 イーシム""], ""activation_validity"": [""【中国・香港・マカオ eSIM】10日間 2GB/毎日（九泊十日 コスパ重視） DeSiM正規卸 | LINE相談受付中 |データ通信専用（電話番号なし） simフリー端末のみ対応 説明書付 イーシム""], ""data_amount"": [""商品の説明 購入前の注意事項 【注意事項】 注意事項①：本商品はデータ通信専用です（通話はご利用いただけません）。ご注意ください。 注意事項②：SIMロックフリー端末、もしくはSIMフリー端末専用のサービスです。必ず、ご利用端末がeSIM対応かどうかご確認ください。 注意事項③：2021年10月1日以前にSIMロック解除をキャリア店頭またはインターネットでさ""], ""network_type"": [""商品の説明 購入前の注意事項 【注意事項】 注意事項①：本商品はデータ通信専用です（通話はご利用いただけません）。ご注意ください。 注意事項②：SIMロックフリー端末、もしくはSIMフリー端末専用のサービスです。必ず、ご利用端末がeSIM対応かどうかご確認ください。 注意事項③：2021年10月1日以前にSIMロック解除をキャリア店頭またはインターネットでさ"", ""【チョコSIM 定額（Sプラン）】【中国の電話番号付きでアプリや施設サービスのSMS認証が可能】【データ容量】合計500MB/月【音声】合計20分間/月 データ/音声/SMS付きSIMカード 中国SIM マカオSIM China unicom ※こちらのSIMカードは契約後、毎月の基本料が発生いたします。※2024年11月1日から台湾でのご利用はできなくなり"", ""score: local=9, roaming=1"", ""local_claim_refers_to:cn""], ""network_generation"": [""fallback_5g: source:image_alt: 中国eSIM｜10日間 高速データ無制限｜中国本土・香港・マカオ対応｜VPN付き LINE・YouTube・Google利用可｜4G/5G 即日発行可能 (10日間)"", ""fallback_4g_lte: source:image_alt: 中国eSIM｜10日間 高速データ無制限｜中国本土・香港・マカオ対応｜VPN付き LINE・YouTube・Google利用可｜4G/5G 即日発行可能 (10日間)"", ""fallback_only_network_generation_signal""], ""review_count"": [""detail_page: 5""], ""bestseller_rank"": [""Amazon 売れ筋ランキング 家電＆カメラ - 205,822位 ( 家電＆カメラの売れ筋ランキングを見る ) プリペイドSIMカード - 1,637位""], ""title"": [""【中国・香港・マカオ eSIM】10日間 2GB/毎日（九泊十日 コスパ重視） DeSiM正規卸 | LINE相談受付中 |データ通信専用（電話番号なし） simフリー端末のみ対応 説明書付 イーシム""]}"
amazon_jp,mo,【中国・香港・マカオeSIM】3日間完全無制限（二泊三日 使い放題） DeSiM正規卸 | LINE相談受付中｜データ通信専用（電話番号なし） | simフリー端末のみ対応 説明書付 イーシム DeSiM,3260,2,,,,,1863,3일,3일,7일,unknown,lte_4g_only,,,"{""ctm"": null, ""china_telecom_macau"": null, ""three_macau"": null}","{""skt"": null, ""kt"": null, ""lgu"": null}",unlimited,https://www.amazon.co.jp/%E3%80%90%E4%B8%AD%E5%9B%BD%E3%83%BB%E9%A6%99%E6%B8%AF%E3%83%BB%E3%83%9E%E3%82%AB%E3%82%AAeSIM%E3%80%913%E6%97%A5%E9%96%93%E5%AE%8C%E5%85%A8%E7%84%A1%E5%88%B6%E9%99%90%EF%BC%88%E4%BA%8C%E6%B3%8A%E4%B8%89%E6%97%A5-DeSiM%E6%AD%A3%E8%A6%8F%E5%8D%B8-LINE%E7%9B%B8%E8%AB%87%E5%8F%97%E4%BB%98%E4%B8%AD%EF%BD%9C%E3%83%87%E3%83%BC%E3%82%BF%E9%80%9A%E4%BF%A1%E5%B0%82%E7%94%A8%EF%BC%88%E9%9B%BB%E8%A9%B1%E7%95%AA%E5%8F%B7%E3%81%AA%E3%81%97%EF%BC%89-sim%E3%83%95%E3%83%AA%E3%83%BC%E7%AB%AF%E6%9C%AB%E3%81%AE%E3%81%BF%E5%AF%BE%E5%BF%9C-DeSiM/dp/B0DL4V314Q,B0DL4V314Q,B0DL4V314Q,DeSiM,DeSiMのストアを表示,"{""price_jpy"": [""￥3,260""], ""usage_validity"": [""【中国・香港・マカオeSIM】3日間完全無制限（二泊三日 使い放題） DeSiM正規卸 | LINE相談受付中｜データ通信専用（電話番号なし） | simフリー端末のみ対応 説明書付 イーシム DeSiM""], ""activation_validity"": [""商品の説明 購入前の注意事項 【注意事項】 注意事項①：本商品はデータ通信専用です（通話はご利用いただけません）。ご注意ください。 注意事項②：SIMロックフリー端末、もしくはSIMフリー端末専用のサービスです。必ず、ご利用端末がeSIM対応かどうかご確認ください。 注意事項③：2021年10月1日以前にSIMロック解除をキャリア店頭またはインターネットでさ""], ""data_amount"": [""商品の説明 購入前の注意事項 【注意事項】 注意事項①：本商品はデータ通信専用です（通話はご利用いただけません）。ご注意ください。 注意事項②：SIMロックフリー端末、もしくはSIMフリー端末専用のサービスです。必ず、ご利用端末がeSIM対応かどうかご確認ください。 注意事項③：2021年10月1日以前にSIMロック解除をキャリア店頭またはインターネットでさ""], ""network_type"": [""商品の説明 購入前の注意事項 【注意事項】 注意事項①：本商品はデータ通信専用です（通話はご利用いただけません）。ご注意ください。 注意事項②：SIMロックフリー端末、もしくはSIMフリー端末専用のサービスです。必ず、ご利用端末がeSIM対応かどうかご確認ください。 注意事項③：2021年10月1日以前にSIMロック解除をキャリア店頭またはインターネットでさ"", ""【チョコSIM 定額（Sプラン）】【中国の電話番号付きでアプリや施設サービスのSMS認証が可能】【データ容量】合計500MB/月【音声】合計20分間/月 データ/音声/SMS付きSIMカード 中国SIM マカオSIM China unicom ※こちらのSIMカードは契約後、毎月の基本料が発生いたします。※2024年11月1日から台湾でのご利用はできなくなり"", ""score: local=9, roaming=1"", ""local_claim_refers_to:cn""], ""network_generation"": [""product_info_cellular_4g_lte: source:product_info_cellular: 携帯電話技術 LTE""], ""review_count"": [""detail_page: (2)""], ""bestseller_rank"": [""Amazon 売れ筋ランキング 家電＆カメラ - 242,510位 ( 家電＆カメラの売れ筋ランキングを見る ) プリペイドSIMカード - 1,863位""], ""title"": [""【中国・香港・マカオeSIM】3日間完全無制限（二泊三日 使い放題） DeSiM正規卸 | LINE相談受付中｜データ通信専用（電話番号なし） | simフリー端末のみ対応 説明書付 イーシム DeSiM""]}"
amazon_jp,mo,【中国・香港・マカオeSIM】30日間完全無制限（二十九泊三十日 使い放題） DeSiM正規卸 | LINE相談受付中｜データ通信専用（電話番号なし） | simフリー端末のみ対応 説明書付 イーシム,23130,1,,,,,3095,30일,30일,30일,unknown,unknown,,,"{""ctm"": null, ""china_telecom_macau"": null, ""three_macau"": null}","{""skt"": null, ""kt"": null, ""lgu"": null}",unlimited,https://www.amazon.co.jp/%E3%80%90%E4%B8%AD%E5%9B%BD%E3%83%BB%E9%A6%99%E6%B8%AF%E3%83%BB%E3%83%9E%E3%82%AB%E3%82%AAeSIM%E3%80%9130%E6%97%A5%E9%96%93%E5%AE%8C%E5%85%A8%E7%84%A1%E5%88%B6%E9%99%90%EF%BC%88%E4%BA%8C%E5%8D%81%E4%B9%9D%E6%B3%8A%E4%B8%89%E5%8D%81%E6%97%A5-%E4%BD%BF%E3%81%84%E6%94%BE%E9%A1%8C%EF%BC%89-DeSiM%E6%AD%A3%E8%A6%8F%E5%8D%B8-LINE%E7%9B%B8%E8%AB%87%E5%8F%97%E4%BB%98%E4%B8%AD%EF%BD%9C%E3%83%87%E3%83%BC%E3%82%BF%E9%80%9A%E4%BF%A1%E5%B0%82%E7%94%A8%EF%BC%88%E9%9B%BB%E8%A9%B1%E7%95%AA%E5%8F%B7%E3%81%AA%E3%81%97%EF%BC%89-sim%E3%83%95%E3%83%AA%E3%83%BC%E7%AB%AF%E6%9C%AB%E3%81%AE%E3%81%BF%E5%AF%BE%E5%BF%9C/dp/B0DL4SS2DT,B0DL4SS2DT,B0DL4SS2DT,DeSiM,DeSiMのストアを表示,"{""price_jpy"": [""￥23,130""], ""usage_validity"": [""【中国・香港・マカオeSIM】30日間完全無制限（二十九泊三十日 使い放題） DeSiM正規卸 | LINE相談受付中｜データ通信専用（電話番号なし） | simフリー端末のみ対応 説明書付 イーシム""], ""activation_validity"": [""【中国・香港・マカオeSIM】30日間完全無制限（二十九泊三十日 使い放題） DeSiM正規卸 | LINE相談受付中｜データ通信専用（電話番号なし） | simフリー端末のみ対応 説明書付 イーシム""], ""data_amount"": [""商品の説明 購入前の注意事項 【注意事項】 注意事項①：本商品はデータ通信専用です（通話はご利用いただけません）。ご注意ください。 注意事項②：SIMロックフリー端末、もしくはSIMフリー端末専用のサービスです。必ず、ご利用端末がeSIM対応かどうかご確認ください。 注意事項③：2021年10月1日以前にSIMロック解除をキャリア店頭またはインターネットでさ""], ""network_type"": [""商品の説明 購入前の注意事項 【注意事項】 注意事項①：本商品はデータ通信専用です（通話はご利用いただけません）。ご注意ください。 注意事項②：SIMロックフリー端末、もしくはSIMフリー端末専用のサービスです。必ず、ご利用端末がeSIM対応かどうかご確認ください。 注意事項③：2021年10月1日以前にSIMロック解除をキャリア店頭またはインターネットでさ"", ""score: local=3, roaming=1"", ""local_claim_refers_to:cn""], ""network_generation"": [""fallback_5g: source:image_alt: 【中国本土eSIM】3日間 完全無制限 高速データ通信 中国SIM eSIM 中国流量カード｜5G/4G-LTE 当日発行可能 実名登録不要｜Google LINE YouTubeなどVPNなしで利用可能 中国SIMカード プリペイド SIM eSI"", ""fallback_4g_lte: source:image_alt: 【中国本土eSIM】3日間 完全無制限 高速データ通信 中国SIM eSIM 中国流量カード｜5G/4G-LTE 当日発行可能 実名登録不要｜Google LINE YouTubeなどVPNなしで利用可能 中国SIMカード プリペイド SIM eSI"", ""fallback_only_network_generation_signal""], ""review_count"": [""detail_page: (1)""], ""bestseller_rank"": [""Amazon 売れ筋ランキング 家電＆カメラ - 496,532位 ( 家電＆カメラの売れ筋ランキングを見る ) プリペイドSIMカード - 3,095位""], ""title"": [""【中国・香港・マカオeSIM】30日間完全無制限（二十九泊三十日 使い放題） DeSiM正規卸 | LINE相談受付中｜データ通信専用（電話番号なし） | simフリー端末のみ対応 説明書付 イーシム""]}"
amazon_jp,mo,【中国・香港・マカオeSIM】15日間完全無制限（十四泊十五日 使い放題） DeSiM正規卸 | LINE相談受付中｜データ通信専用（電話番号なし） | simフリー端末のみ対応 説明書付 イーシム,12030,1,,,,,3930,15일,15일,15일,unknown,unknown,,,"{""ctm"": null, ""china_telecom_macau"": null, ""three_macau"": null}","{""skt"": null, ""kt"": null, ""lgu"": null}",unlimited,https://www.amazon.co.jp/%E3%80%90%E4%B8%AD%E5%9B%BD%E3%83%BB%E9%A6%99%E6%B8%AF%E3%83%BB%E3%83%9E%E3%82%AB%E3%82%AAeSIM%E3%80%9115%E6%97%A5%E9%96%93%E5%AE%8C%E5%85%A8%E7%84%A1%E5%88%B6%E9%99%90%EF%BC%88%E5%8D%81%E5%9B%9B%E6%B3%8A%E5%8D%81%E4%BA%94%E6%97%A5-%E4%BD%BF%E3%81%84%E6%94%BE%E9%A1%8C%EF%BC%89-DeSiM%E6%AD%A3%E8%A6%8F%E5%8D%B8-LINE%E7%9B%B8%E8%AB%87%E5%8F%97%E4%BB%98%E4%B8%AD%EF%BD%9C%E3%83%87%E3%83%BC%E3%82%BF%E9%80%9A%E4%BF%A1%E5%B0%82%E7%94%A8%EF%BC%88%E9%9B%BB%E8%A9%B1%E7%95%AA%E5%8F%B7%E3%81%AA%E3%81%97%EF%BC%89-sim%E3%83%95%E3%83%AA%E3%83%BC%E7%AB%AF%E6%9C%AB%E3%81%AE%E3%81%BF%E5%AF%BE%E5%BF%9C/dp/B0DL4S8WNB,B0DL4S8WNB,B0DL4S8WNB,DeSiM,DeSiMのストアを表示,"{""price_jpy"": [""￥12,030""], ""usage_validity"": [""【中国・香港・マカオeSIM】15日間完全無制限（十四泊十五日 使い放題） DeSiM正規卸 | LINE相談受付中｜データ通信専用（電話番号なし） | simフリー端末のみ対応 説明書付 イーシム""], ""activation_validity"": [""【中国・香港・マカオeSIM】15日間完全無制限（十四泊十五日 使い放題） DeSiM正規卸 | LINE相談受付中｜データ通信専用（電話番号なし） | simフリー端末のみ対応 説明書付 イーシム""], ""data_amount"": [""商品の説明 購入前の注意事項 【注意事項】 注意事項①：本商品はデータ通信専用です（通話はご利用いただけません）。ご注意ください。 注意事項②：SIMロックフリー端末、もしくはSIMフリー端末専用のサービスです。必ず、ご利用端末がeSIM対応かどうかご確認ください。 注意事項③：2021年10月1日以前にSIMロック解除をキャリア店頭またはインターネットでさ""], ""network_type"": [""商品の説明 購入前の注意事項 【注意事項】 注意事項①：本商品はデータ通信専用です（通話はご利用いただけません）。ご注意ください。 注意事項②：SIMロックフリー端末、もしくはSIMフリー端末専用のサービスです。必ず、ご利用端末がeSIM対応かどうかご確認ください。 注意事項③：2021年10月1日以前にSIMロック解除をキャリア店頭またはインターネットでさ"", ""score: local=3, roaming=1"", ""local_claim_refers_to:cn""], ""network_generation"": [""fallback_5g: source:image_alt: 【Docomo回線】 180日間50GB プリペイドSIM | 日本 データ通信専用 5G/4G対応 | simカード sim card japan | 流量卡,シムカード,残量確認可,契約不要,年中無休,多言語安心サポート,設定簡単,ピン付き,使い捨てSIM,大容量,simフリー端末対応,3in1(標準/マイクロ/ナノ "", ""fallback_4g_lte: source:image_alt: 【Docomo回線】 180日間50GB プリペイドSIM | 日本 データ通信専用 5G/4G対応 | simカード sim card japan | 流量卡,シムカード,残量確認可,契約不要,年中無休,多言語安心サポート,設定簡単,ピン付き,使い捨てSIM,大容量,simフリー端末対応,3in1(標準/マイクロ/ナノ "", ""fallback_only_network_generation_signal""], ""review_count"": [""detail_page: (1)""], ""bestseller_rank"": [""Amazon 売れ筋ランキング 家電＆カメラ - 851,543位 ( 家電＆カメラの売れ筋ランキングを見る ) プリペイドSIMカード - 3,930位""], ""title"": [""【中国・香港・マカオeSIM】15日間完全無制限（十四泊十五日 使い放題） DeSiM正規卸 | LINE相談受付中｜データ通信専用（電話番号なし） | simフリー端末のみ対応 説明書付 イーシム""]}"
amazon_jp,mo,【Almond eSIM】香港 マカオ eSIMプラン 5日間 完全無制限 4G-LTE 高速データ 使い放題 当日発行可能 出発前日本テスト用eSIM500MB 香港 マカオ プリペイドSIM 香港 esim 香港 マカオsim (5日間完全無制限),1880,308,,,50,,25,5일,5일,5일,unknown,5g_capable,,,"{""ctm"": true, ""china_telecom_macau"": null, ""three_macau"": null}","{""skt"": null, ""kt"": null, ""lgu"": null}",unlimited,https://www.amazon.co.jp/ESIM%E3%83%97%E3%83%A9%E3%83%B3-4G-LTE-%E5%BD%93%E6%97%A5%E7%99%BA%E8%A1%8C%E5%8F%AF%E8%83%BD-%E3%83%97%E3%83%AA%E3%83%9A%E3%82%A4%E3%83%89SIM-5%E6%97%A5%E9%96%93%E5%AE%8C%E5%85%A8%E7%84%A1%E5%88%B6%E9%99%90/dp/B0CPY278Q9,B0CPY278Q9,B0CPY278Q9,株式会社ビッグコネクト,bigconnectのストアを表示,"{""price_jpy"": [""￥1,880""], ""usage_validity"": [""【Almond eSIM】香港 マカオ eSIMプラン 5日間 完全無制限 4G-LTE 高速データ 使い放題 当日発行可能 出発前日本テスト用eSIM500MB 香港 マカオ プリペイドSIM 香港 esim 香港 マカオsim (5日間完全無制限)""], ""activation_validity"": [""【Almond eSIM】香港 マカオ eSIMプラン 5日間 完全無制限 4G-LTE 高速データ 使い放題 当日発行可能 出発前日本テスト用eSIM500MB 香港 マカオ プリペイドSIM 香港 esim 香港 マカオsim (5日間完全無制限)""], ""data_amount"": [""【高速データ完全無制限】 通信専用eSIMになります。※データ容量無制限。高速データ使い放題。有効期限は、メールでのQRコード発行後1カ月です。""], ""network_type"": [""【現地キャリア利用】香港 マカオで使用できるeSIM、香港 マカオ渡航スケジュールに対応する手軽なeSIMカード。キャリア：香港：Smartone、HKT、3 マカオ:CTM ，香港 マカオでは信号が広く、ネットワークが安定し、速度が速いです。eSIMのsimカードはプリペイドsimカードと違って、挿入作業不要(iPhone・androidともeSIMのQR"", ""【チョコSIM 定額（Sプラン）】【中国の電話番号付きでアプリや施設サービスのSMS認証が可能】【データ容量】合計500MB/月【音声】合計20分間/月 データ/音声/SMS付きSIMカード 中国SIM マカオSIM China unicom ※こちらのSIMカードは契約後、毎月の基本料が発生いたします。※2024年11月1日から台湾でのご利用はできなくなり"", ""score: local=9, roaming=0"", ""local_claim_refers_to:hk""], ""network_generation"": [""product_info_cellular_5g: source:product_info_cellular: 携帯電話技術 5G LTE""], ""carrier_support_local"": [""CTM: 【現地キャリア利用】香港 マカオで使用できるeSIM、香港 マカオ渡航スケジュールに対応する手軽なeSIMカード。キャリア：香港：Smartone、HKT、3 マカオ:CTM ，香港 マカオでは信号が広く、ネットワークが安定し、速度が速いです。eSIMのsimカードはプリペイドsimカードと違って、"", ""CTM: サービスプロバイダ Smartone, HKT, 3, CTM""], ""monthly_sold_count"": [""Amazon.co.jp: 【Almond eSIM】香港 マカオ eSIMプラン 5日間 完全無制限 4G-LTE 高速データ 使い放題 当日発行可能 出発前日本テスト用eSIM500MB 香港 マカオ プリペイドSIM 香港 esim 香港 マカオsim (5日間完全無制限) : 家電＆カメラ 次に移動 メインコンテンツ この商品について この商品につい""], ""review_count"": [""detail_page: (308)""], ""bestseller_rank"": [""Amazon 売れ筋ランキング 家電＆カメラ - 2,557位 ( 家電＆カメラの売れ筋ランキングを見る ) プリペイドSIMカード - 25位""], ""title"": [""【Almond eSIM】香港 マカオ eSIMプラン 5日間 完全無制限 4G-LTE 高速データ 使い放題 当日発行可能 出発前日本テスト用eSIM500MB 香港 マカオ プリペイドSIM 香港 esim 香港 マカオsim (5日間完全無制限)""]}"
amazon_jp,mo,【中国 香港 マカオeSIM】3日間 高速データ通信 低速なし 完全無制限 実名登録不要 中国ネット規制対象外 使い放題｜Google LINE YouTubeなどVPNなしで利用可能｜中国 simカード 香港sim マカオsim マカオeSIM プリペイド SIM eSIM｜旅行・出張・留学｜安心サポート 5G 4G-LTE対応 当日発行可能,950,101,,,,,96,3일,3일,3일,unknown,5g_capable,,,"{""ctm"": null, ""china_telecom_macau"": null, ""three_macau"": null}","{""skt"": null, ""kt"": null, ""lgu"": null}",unlimited,https://www.amazon.co.jp/%E3%83%9E%E3%82%AB%E3%82%AAeSIM%E3%80%913%E6%97%A5%E9%96%93-%E4%B8%AD%E5%9B%BD%E3%83%8D%E3%83%83%E3%83%88%E8%A6%8F%E5%88%B6%E5%AF%BE%E8%B1%A1%E5%A4%96-%E4%BD%BF%E3%81%84%E6%94%BE%E9%A1%8C%EF%BD%9CGoogle-YouTube%E3%81%AA%E3%81%A9VPN%E3%81%AA%E3%81%97%E3%81%A7%E5%88%A9%E7%94%A8%E5%8F%AF%E8%83%BD%EF%BD%9C%E4%B8%AD%E5%9B%BD-eSIM%EF%BD%9C%E6%97%85%E8%A1%8C%E3%83%BB%E5%87%BA%E5%BC%B5%E3%83%BB%E7%95%99%E5%AD%A6%EF%BD%9C%E5%AE%89%E5%BF%83%E3%82%B5%E3%83%9D%E3%83%BC%E3%83%88/dp/B0FDG4RF45,B0FDG4RF45,B0FDG4RF45,Global Travel SIM Card,onetoneのストアを表示,"{""price_jpy"": [""￥950""], ""usage_validity"": [""【中国 香港 マカオeSIM】3日間 高速データ通信 低速なし 完全無制限 実名登録不要 中国ネット規制対象外 使い放題｜Google LINE YouTubeなどVPNなしで利用可能｜中国 simカード 香港sim マカオsim マカオeSIM プリペイド SIM eSIM｜旅行・出張・留学｜安心サポート 5G 4G-LTE対応 当日発行可能""], ""activation_validity"": [""【中国 香港 マカオeSIM】3日間 高速データ通信 低速なし 完全無制限 実名登録不要 中国ネット規制対象外 使い放題｜Google LINE YouTubeなどVPNなしで利用可能｜中国 simカード 香港sim マカオsim マカオeSIM プリペイド SIM eSIM｜旅行・出張・留学｜安心サポート 5G 4G-LTE対応 当日発行可能""], ""data_amount"": [""Amazon.co.jp: 【中国 香港 マカオeSIM】3日間 高速データ通信 低速なし 完全無制限 実名登録不要 中国ネット規制対象外 使い放題｜Google LINE YouTubeなどVPNなしで利用可能｜中国 simカード 香港sim マカオsim マカオeSIM プリペイド SIM eSIM｜旅行・出張・留学｜安心サポート 5G 4G-LTE対応""], ""network_type"": [""local_signal: 【チョコSIM 定額（Sプラン）】【中国の電話番号付きでアプリや施設サービスのSMS認証が可能】【データ容量】合計500MB/月【音声】合計20分間/月 データ/音声/SMS付きSIMカード 中国SIM マカオSIM China unicom ※こちらのSIMカードは契約後、毎月の基本料が発生いたします。※2024年11月1日から台湾でのご利用はできなくなり"", ""roaming_signal: 商品の説明 注意事項： 1. eSIMが提供する機能とサービス 現在のeSIMはデータ通信のみサポートしており、音声通話およびSMS機能はサポートしていません。 2. スマートフォンがeSIMをサポートしているかどうかの確認方法 「通話」画面で`*#06#`を入力すると、EID情報が表示されます。これはスマートフォンがeSIMのインストールをサポートしている"", ""insufficient_or_conflicting_signals(local=6, roaming=3)""], ""network_generation"": [""product_info_cellular_5g: source:product_info_cellular: 携帯電話技術 5G, 4G LTE""], ""review_count"": [""detail_page: (101)""], ""bestseller_rank"": [""Amazon 売れ筋ランキング 家電＆カメラ - 9,219位 ( 家電＆カメラの売れ筋ランキングを見る ) プリペイドSIMカード - 96位""], ""title"": [""【中国 香港 マカオeSIM】3日間 高速データ通信 低速なし 完全無制限 実名登録不要 中国ネット規制対象外 使い放題｜Google LINE YouTubeなどVPNなしで利用可能｜中国 simカード 香港sim マカオsim マカオeSIM プリペイド SIM eSIM｜旅行・出張・留学｜安心サポート 5G 4G-LTE対応 当日発行可能""]}"
amazon_jp,mo,【中国 香港 マカオSIM】5日間 10GB高速データ通信 低速使い放題 TikTok利用可能 データ通信専用,1680,13,,,,,471,5일,5일,5일,unknown,5g_capable,,,"{""ctm"": null, ""china_telecom_macau"": null, ""three_macau"": null}","{""skt"": null, ""kt"": null, ""lgu"": null}",10GB,https://www.amazon.co.jp/%E3%83%9E%E3%82%AB%E3%82%AASIM%E3%80%915%E6%97%A5%E9%96%93-10GB%E9%AB%98%E9%80%9F%E3%83%87%E3%83%BC%E3%82%BF%E9%80%9A%E4%BF%A1-TikTok%E5%88%A9%E7%94%A8%E5%8F%AF%E8%83%BD-%E3%83%97%E3%83%AA%E3%83%9A%E3%82%A4%E3%83%89SIM%E3%82%AB%E3%83%BC%E3%83%89-mewfi/dp/B0FKM2946G,B0FKM2946G,B0FKM2946G,Mewfi 正規販売店,mewfiのストアを表示,"{""price_jpy"": [""￥1,680""], ""usage_validity"": [""【中国 香港 マカオSIM】5日間 10GB高速データ通信 低速使い放題 TikTok利用可能 データ通信専用""], ""activation_validity"": [""【中国 香港 マカオSIM】5日間 10GB高速データ通信 低速使い放題 TikTok利用可能 データ通信専用""], ""data_amount"": [""【高速データ通信】中国本土・香港・マカオで利用可能な5日間有効のプリペイドSIMカードです。期間中は合計10GBまで高速通信が可能で、上限を超えた後も128kbpsの低速通信で継続利用が可能です。""], ""network_type"": [""【ベトナムSIMカード】4日間 高速データ通信 無制限(速度低下なし) データ通信専用 4G/5G対応 ベトナム現地通信回線 mewfi"", ""【ベトナムSIMカード】4日間 高速データ通信 無制限(速度低下なし) データ通信専用 4G/5G対応 ベトナム現地通信回線 mewfi"", ""score: local=6, roaming=1"", ""local_claim_refers_to:cn""], ""network_generation"": [""product_info_cellular_5g: source:product_info_cellular: 携帯電話技術 4G/5G"", ""product_info_cellular_4g_lte_signal_present_but_5g_capable_takes_precedence""], ""review_count"": [""detail_page: (13)""], ""bestseller_rank"": [""Amazon 売れ筋ランキング 家電＆カメラ - 43,622位 ( 家電＆カメラの売れ筋ランキングを見る ) プリペイドSIMカード - 471位""], ""title"": [""【中国 香港 マカオSIM】5日間 10GB高速データ通信 低速使い放題 TikTok利用可能 データ通信専用""]}"
amazon_jp,mo,【香港・マカオ eSIM】3日間完全無制限 （低速なし）DeSiM正規卸 | LINE相談受付中 |データ通信専用（電話番号なし） simフリー端末のみ対応 説明書付 イーシム(eSIM|3日完全無制限香港ﾏｶｵ) DeSiM,2120,53,,,,,122,3일,3일,3일,unknown,lte_4g_only,,,"{""ctm"": null, ""china_telecom_macau"": null, ""three_macau"": null}","{""skt"": null, ""kt"": null, ""lgu"": null}",unlimited,https://www.amazon.co.jp/eSIM%E3%80%913%E6%97%A5%E9%96%93%E5%AE%8C%E5%85%A8%E7%84%A1%E5%88%B6%E9%99%90-%EF%BC%88%E4%BD%8E%E9%80%9F%E3%81%AA%E3%81%97%EF%BC%89DeSiM%E6%AD%A3%E8%A6%8F%E5%8D%B8-%E3%83%87%E3%83%BC%E3%82%BF%E9%80%9A%E4%BF%A1%E5%B0%82%E7%94%A8%EF%BC%88%E9%9B%BB%E8%A9%B1%E7%95%AA%E5%8F%B7%E3%81%AA%E3%81%97%EF%BC%89-sim%E3%83%95%E3%83%AA%E3%83%BC%E7%AB%AF%E6%9C%AB%E3%81%AE%E3%81%BF%E5%AF%BE%E5%BF%9C-eSIM/dp/B0CTR26B2R,B0CTR26B2R,B0CTR26B2R,DeSiM,DeSiMのストアを表示,"{""price_jpy"": [""￥2,120""], ""usage_validity"": [""【香港・マカオ eSIM】3日間完全無制限 （低速なし）DeSiM正規卸 | LINE相談受付中 |データ通信専用（電話番号なし） simフリー端末のみ対応 説明書付 イーシム(eSIM|3日完全無制限香港ﾏｶｵ) DeSiM""], ""activation_validity"": [""【SKTelecoｍ公式認証】 韓国eSIM 3日間 (72時間) 電話番号付き 超高速データ無制限 最初の5分発信無料(韓国国内) お急ぎの方即時発行可(LINE相談受付中) 有効期限／ご購入日より120日以内 現地空港サポート(SKTelecomローミングセンター) SKテレコム正規品 韓国SIMカードタイプではありません""], ""data_amount"": [""商品の説明 購入前の注意事項 【注意事項】 注意事項①：電話番号は付与されませんので、ご注意ください。 注意事項②：SIMロックフリー端末、もしくはSIMフリー端末専用のサービスです。必ず、ご利用端末がeSIM対応かどうかご確認ください。 注意事項③：2021年10月1日以前にSIMロック解除をキャリア店頭またはインターネットでされた「Android端末」は""], ""network_type"": [""商品の説明 購入前の注意事項 【注意事項】 注意事項①：電話番号は付与されませんので、ご注意ください。 注意事項②：SIMロックフリー端末、もしくはSIMフリー端末専用のサービスです。必ず、ご利用端末がeSIM対応かどうかご確認ください。 注意事項③：2021年10月1日以前にSIMロック解除をキャリア店頭またはインターネットでされた「Android端末」は"", ""【T-Mobile純正品】eSIM版 アメリカ ハワイ SIM 7日間【使い放題】【電話番号付き】5G/4G-LTE 高速データ通信/通話/SMS/テザリング 【アメリカ ハワイ 無制限】 プリペイド SIMカード T-Mobile esim 7days"", ""score: local=12, roaming=1"", ""local_claim_refers_to:hk""], ""network_generation"": [""product_info_cellular_4g_lte: source:product_info_cellular: 携帯電話技術 LTE""], ""review_count"": [""detail_page: (53)""], ""bestseller_rank"": [""Amazon 売れ筋ランキング 家電＆カメラ - 11,370位 ( 家電＆カメラの売れ筋ランキングを見る ) プリペイドSIMカード - 122位""], ""title"": [""【香港・マカオ eSIM】3日間完全無制限 （低速なし）DeSiM正規卸 | LINE相談受付中 |データ通信専用（電話番号なし） simフリー端末のみ対応 説明書付 イーシム(eSIM|3日完全無制限香港ﾏｶｵ) DeSiM""]}"
amazon_jp,mo,【中国 香港 マカオeSIM】4日間 高速データ通信使い放題 4G/5G対応 データ通信専用,1880,36,,,,,296,4일,4일,7일,unknown,5g_capable,,,"{""ctm"": null, ""china_telecom_macau"": null, ""three_macau"": null}","{""skt"": null, ""kt"": null, ""lgu"": null}",unlimited,https://www.amazon.co.jp/%E3%83%9E%E3%82%AB%E3%82%AAeSIM%E3%80%914%E6%97%A5%E9%96%93-%E9%AB%98%E9%80%9F%E3%83%87%E3%83%BC%E3%82%BF%E9%80%9A%E4%BF%A1%E4%BD%BF%E3%81%84%E6%94%BE%E9%A1%8C-%E3%83%87%E3%83%BC%E3%82%BF%E9%80%9A%E4%BF%A1%E5%B0%82%E7%94%A8%EF%BC%88%E9%9B%BB%E8%A9%B1%E7%95%AA%E5%8F%B7%E3%81%AA%E3%81%97%EF%BC%89%E5%BD%93%E6%97%A5%E4%BA%88%E7%B4%84%E5%8F%AF-eSIM%E6%83%85%E5%A0%B1%E3%81%99%E3%81%90%E5%8F%97%E5%8F%96%E5%8F%AF-mewfi/dp/B0F6SXP3RV,B0F6SXP3RV,B0F6SXP3RV,Mewfi 正規販売店,mewfiのストアを表示,"{""price_jpy"": [""￥1,880""], ""usage_validity"": [""【中国 香港 マカオeSIM】4日間 高速データ通信使い放題 4G/5G対応 データ通信専用""], ""activation_validity"": [""大中華区SIMカード-中国、香港、マカオ、台湾向けプリペイドデータプラン｜2 GB毎日データ、7日有効期限｜高速4/5 G LTE｜旅行者に最適""], ""data_amount"": [""【中国 香港 マカオeSIM】4日間 高速データ通信使い放題 4G/5G対応 データ通信専用 | 当日予約可 eSIM情報すぐ受取可 詳しい説明書付き 中国eSIM 香港eSIM マカオeSIM mewfiがプリペイド電話カードストアでいつでもお買い得。当日お急ぎ便対象商品は、当日お届け可能です。アマゾン配送商品は、通常配送無料（一部除く）。""], ""network_type"": [""【チョコSIM 定額（Sプラン）】【中国の電話番号付きでアプリや施設サービスのSMS認証が可能】【データ容量】合計500MB/月【音声】合計20分間/月 データ/音声/SMS付きSIMカード 中国SIM マカオSIM China unicom ※こちらのSIMカードは契約後、毎月の基本料が発生いたします。※2024年11月1日から台湾でのご利用はできなくなり"", ""【SKTelecoｍ公式認証】 韓国eSIM 3日間 (72時間) 電話番号付き 超高速データ無制限 最初の5分発信無料(韓国国内) お急ぎの方即時発行可(LINE相談受付中) 有効期限／ご購入日より120日以内 現地空港サポート(SKTelecomローミングセンター) SKテレコム正規品 韓国SIMカードタイプではありません"", ""score: local=6, roaming=0"", ""local_claim_refers_to:cn""], ""network_generation"": [""product_info_cellular_5g: source:product_info_cellular: 携帯電話技術 5G""], ""review_count"": [""detail_page: (36)""], ""bestseller_rank"": [""Amazon 売れ筋ランキング 家電＆カメラ - 26,663位 ( 家電＆カメラの売れ筋ランキングを見る ) プリペイドSIMカード - 296位""], ""title"": [""【中国 香港 マカオeSIM】4日間 高速データ通信使い放題 4G/5G対応 データ通信専用""]}"
amazon_jp,mo,【中国 香港 マカオeSIM】5日間 高速データ通信 低速なし 完全無制限 実名登録不要 中国ネット規制対象外 使い放題｜Google LINE YouTubeなどVPNなしで利用可能｜中国 simカード 香港sim マカオsim マカオeSIM プリペイド SIM eSIM｜旅行・出張・留学｜安心サポート 5G 4G-LTE対応 当日発行可能,1550,101,,,,,96,5일,5일,5일,unknown,5g_capable,,,"{""ctm"": null, ""china_telecom_macau"": null, ""three_macau"": null}","{""skt"": null, ""kt"": null, ""lgu"": null}",unlimited,https://www.amazon.co.jp/%E3%83%9E%E3%82%AB%E3%82%AAeSIM%E3%80%915%E6%97%A5%E9%96%93-%E4%B8%AD%E5%9B%BD%E3%83%8D%E3%83%83%E3%83%88%E8%A6%8F%E5%88%B6%E5%AF%BE%E8%B1%A1%E5%A4%96-%E4%BD%BF%E3%81%84%E6%94%BE%E9%A1%8C%EF%BD%9CGoogle-YouTube%E3%81%AA%E3%81%A9VPN%E3%81%AA%E3%81%97%E3%81%A7%E5%88%A9%E7%94%A8%E5%8F%AF%E8%83%BD%EF%BD%9C%E4%B8%AD%E5%9B%BD-eSIM%EF%BD%9C%E6%97%85%E8%A1%8C%E3%83%BB%E5%87%BA%E5%BC%B5%E3%83%BB%E7%95%99%E5%AD%A6%EF%BD%9C%E5%AE%89%E5%BF%83%E3%82%B5%E3%83%9D%E3%83%BC%E3%83%88/dp/B0FDG83FHW,B0FDG83FHW,B0FDG83FHW,Global Travel SIM Card,onetoneのストアを表示,"{""price_jpy"": [""￥1,550""], ""usage_validity"": [""【中国 香港 マカオeSIM】5日間 高速データ通信 低速なし 完全無制限 実名登録不要 中国ネット規制対象外 使い放題｜Google LINE YouTubeなどVPNなしで利用可能｜中国 simカード 香港sim マカオsim マカオeSIM プリペイド SIM eSIM｜旅行・出張・留学｜安心サポート 5G 4G-LTE対応 当日発行可能""], ""activation_validity"": [""【中国 香港 マカオeSIM】5日間 高速データ通信 低速なし 完全無制限 実名登録不要 中国ネット規制対象外 使い放題｜Google LINE YouTubeなどVPNなしで利用可能｜中国 simカード 香港sim マカオsim マカオeSIM プリペイド SIM eSIM｜旅行・出張・留学｜安心サポート 5G 4G-LTE対応 当日発行可能""], ""data_amount"": [""Amazon.co.jp: 【中国 香港 マカオeSIM】5日間 高速データ通信 低速なし 完全無制限 実名登録不要 中国ネット規制対象外 使い放題｜Google LINE YouTubeなどVPNなしで利用可能｜中国 simカード 香港sim マカオsim マカオeSIM プリペイド SIM eSIM｜旅行・出張・留学｜安心サポート 5G 4G-LTE対応""], ""network_type"": [""local_signal: 【T-Mobile純正品】eSIM版 アメリカ ハワイ SIM 7日間【使い放題】【電話番号付き】5G/4G-LTE 高速データ通信/通話/SMS/テザリング 【アメリカ ハワイ 無制限】 プリペイド SIMカード T-Mobile esim 7days"", ""roaming_signal: 商品の説明 注意事項： 1. eSIMが提供する機能とサービス 現在のeSIMはデータ通信のみサポートしており、音声通話およびSMS機能はサポートしていません。 2. スマートフォンがeSIMをサポートしているかどうかの確認方法 「通話」画面で`*#06#`を入力すると、EID情報が表示されます。これはスマートフォンがeSIMのインストールをサポートしている"", ""insufficient_or_conflicting_signals(local=6, roaming=3)""], ""network_generation"": [""product_info_cellular_5g: source:product_info_cellular: 携帯電話技術 5G, 4G LTE""], ""review_count"": [""detail_page: (101)""], ""bestseller_rank"": [""Amazon 売れ筋ランキング 家電＆カメラ - 9,219位 ( 家電＆カメラの売れ筋ランキングを見る ) プリペイドSIMカード - 96位""], ""title"": [""【中国 香港 マカオeSIM】5日間 高速データ通信 低速なし 完全無制限 実名登録不要 中国ネット規制対象外 使い放題｜Google LINE YouTubeなどVPNなしで利用可能｜中国 simカード 香港sim マカオsim マカオeSIM プリペイド SIM eSIM｜旅行・出張・留学｜安心サポート 5G 4G-LTE対応 当日発行可能""]}"
amazon_jp,mo,【Almond SIM】中国本土・香港・マカオ対応 プリペイドSIM 10日間 高速データ10GB 中国ネット規制対象外 VPN不要 Google・LINE・YouTube利用可能 5G/4G LTE対応 データ通信専用 24時間日本語サポート [並行輸入品],1880,8,,,,,405,10일,10일,10일,unknown,5g_capable,,,"{""ctm"": true, ""china_telecom_macau"": null, ""three_macau"": null}","{""skt"": null, ""kt"": null, ""lgu"": null}",10GB,https://www.amazon.co.jp/SIM%E3%80%91%E4%B8%AD%E5%9B%BD%E6%9C%AC%E5%9C%9F%E3%83%BB%E9%A6%99%E6%B8%AF%E3%83%BB%E3%83%9E%E3%82%AB%E3%82%AA%E5%AF%BE%E5%BF%9C-%E9%AB%98%E9%80%9F%E3%83%87%E3%83%BC%E3%82%BF10GB-%E4%B8%AD%E5%9B%BD%E3%83%8D%E3%83%83%E3%83%88%E8%A6%8F%E5%88%B6%E5%AF%BE%E8%B1%A1%E5%A4%96-Google%E3%83%BBLINE%E3%83%BBYouTube%E5%88%A9%E7%94%A8%E5%8F%AF%E8%83%BD-24%E6%99%82%E9%96%93%E6%97%A5%E6%9C%AC%E8%AA%9E%E3%82%B5%E3%83%9D%E3%83%BC%E3%83%88/dp/B0HJPDDW9Y,B0HJPDDW9Y,B0HJPDDW9Y,株式会社ビッグコネクト,bigconnectのストアを表示,"{""price_jpy"": [""￥1,880""], ""usage_validity"": [""【Almond SIM】中国本土・香港・マカオ対応 プリペイドSIM 10日間 高速データ10GB 中国ネット規制対象外 VPN不要 Google・LINE・YouTube利用可能 5G/4G LTE対応 データ通信専用 24時間日本語サポート [並行輸入品]""], ""activation_validity"": [""【Almond SIM】中国本土・香港・マカオ対応 プリペイドSIM 10日間 高速データ10GB 中国ネット規制対象外 VPN不要 Google・LINE・YouTube利用可能 5G/4G LTE対応 データ通信専用 24時間日本語サポート [並行輸入品]""], ""data_amount"": [""【中国・香港・マカオ対応】 中国本土・香港・マカオの3地域で利用できるデータ通信専用の物理SIMカードです。利用開始日から10日間、合計10GBの5G/4G LTE高速データ通信を利用できます。10GBを使い切った後は最大128kbpsに低速化しますが、利用期間終了まで通信できます。テザリングにも対応しています。""], ""network_type"": [""roaming_signal: 【中国本土でもVPN不要】 中国本土では香港ローミング回線を利用するため、Google、LINE、YouTube、Facebook、Instagram、XなどのサービスをVPNなしで利用できます。面倒な本人確認や現地でのSIMカード登録手続きも不要です。【対応端末条件】商品を利用出来るのはSIMフリーのスマートフォンとなりますので、 SIMロックされている機"", ""insufficient_or_conflicting_signals(local=0, roaming=1)""], ""network_generation"": [""product_info_cellular_5g: source:product_info_cellular: 携帯電話技術 5G 4G-Lte""], ""carrier_support_local"": [""CTM: 【対応通信会社・利用期間】SIMカード有効期限：ご購入してから1年間有効。 接続先通信会社は、中国本土ではChina Telecom、香港では3HK、マカオではCTMです。利用日数は現地時間の0:00～23:59を1日として計算します。利用開始時刻にかかわらず、最初に通信した日が1日目となります。5"", ""CTM: サービスプロバイダ 中国：China Telecom 香港：3HK マカオ: CTM""], ""review_count"": [""detail_page: (8)""], ""bestseller_rank"": [""Amazon 売れ筋ランキング 家電＆カメラ - 37,168位 ( 家電＆カメラの売れ筋ランキングを見る ) プリペイドSIMカード - 405位""], ""title"": [""【Almond SIM】中国本土・香港・マカオ対応 プリペイドSIM 10日間 高速データ10GB 中国ネット規制対象外 VPN不要 Google・LINE・YouTube利用可能 5G/4G LTE対応 データ通信専用 24時間日本語サポート [並行輸入品]""]}"
amazon_jp,mo,中国・香港・マカオ SIMカード 10日間 10GB プリペイドSIM VPN不要 LINE・Google利用可 データ使い放題 テザリング可 物理SIM 5G/4G-LTE ジェットシム,2180,3,,,,,187,10일,10일,10일,unknown,5g_capable,,,"{""ctm"": true, ""china_telecom_macau"": null, ""three_macau"": null}","{""skt"": null, ""kt"": null, ""lgu"": null}",1GB/day,https://www.amazon.co.jp/SIM%E3%82%AB%E3%83%BC%E3%83%89-10%E6%97%A5%E9%96%93-%E3%83%87%E3%83%BC%E3%82%BF%E4%BD%BF%E3%81%84%E6%94%BE%E9%A1%8C-10GB%E3%81%BE%E3%81%A7%E9%AB%98%E9%80%9F-%E3%82%B8%E3%82%A7%E3%83%83%E3%83%88%E3%82%B7%E3%83%A0/dp/B0DMVS3V4Q,B0DMVS3V4Q,B0DMVS3V4Q,ジェスロモバイル,JETSIMのストアを表示,"{""price_jpy"": [""￥2,180""], ""usage_validity"": [""中国・香港・マカオ SIMカード 10日間 10GB プリペイドSIM VPN不要 LINE・Google利用可 データ使い放題 テザリング可 物理SIM 5G/4G-LTE ジェットシム""], ""activation_validity"": [""中国・香港・マカオ SIMカード 10日間 10GB プリペイドSIM VPN不要 LINE・Google利用可 データ使い放題 テザリング可 物理SIM 5G/4G-LTE ジェットシム""], ""data_amount"": [""【データ無制限】中国・香港・マカオで10日間 5G/4G-LTE 高速データ10GB、その後2G速度で使い放題。テザリング対応。高速データ1日1GBまで。""], ""network_type"": [""local_signal: 【チョコSIM 定額（Sプラン）】【中国の電話番号付きでアプリや施設サービスのSMS認証が可能】【データ容量】合計500MB/月【音声】合計20分間/月 データ/音声/SMS付きSIMカード 中国SIM マカオSIM China unicom ※こちらのSIMカードは契約後、毎月の基本料が発生いたします。※2024年11月1日から台湾でのご利用はできなくなり"", ""roaming_signal: 中国本土旅行者向けeSIMカード、5日間プラン、2GBデータ使い放題、高速4/5G、ローミング料金無料 | 中国旅行に最適"", ""insufficient_or_conflicting_signals(local=6, roaming=2)""], ""network_generation"": [""product_info_cellular_5g: source:product_info_cellular: 携帯電話技術 LTE, 5G"", ""product_info_cellular_4g_lte_signal_present_but_5g_capable_takes_precedence""], ""carrier_support_local"": [""CTM: 【高品質回線】 大手通信キャリア回線を使用。広範囲で安定した快適な通信を提供。中国：中国聯通（China Unicom）回線。香港：3HK回線。マカオ：CTM回線。"", ""CTM: サービスプロバイダ 中国聯通, 3HK, CTM""], ""review_count"": [""detail_page: (3)""], ""bestseller_rank"": [""Amazon 売れ筋ランキング 家電＆カメラ - 17,042位 ( 家電＆カメラの売れ筋ランキングを見る ) プリペイドSIMカード - 187位""], ""title"": [""中国・香港・マカオ SIMカード 10日間 10GB プリペイドSIM VPN不要 LINE・Google利用可 データ使い放題 テザリング可 物理SIM 5G/4G-LTE ジェットシム""]}"
amazon_jp,mo,【Almond eSIM】中国 香港 マカオ eSIM 3日間3GB 高速データ通信 当日発行可能 中国ネット規制対象外 中国でもGoogle、LINE、YouTubeなどVPNなしで利用可能 24時間サポート 4G-LTE対応 プリペイド ESIMプラン China HONGKONG Macou simカード (3日間3GB),880,10,,,,,42,3일,3일,7일,unknown,5g_capable,,,"{""ctm"": null, ""china_telecom_macau"": null, ""three_macau"": null}","{""skt"": null, ""kt"": null, ""lgu"": null}",3GB,https://www.amazon.co.jp/3%E6%97%A5%E9%96%933GB-%E4%B8%AD%E5%9B%BD%E3%83%8D%E3%83%83%E3%83%88%E8%A6%8F%E5%88%B6%E5%AF%BE%E8%B1%A1%E5%A4%96-%E4%B8%AD%E5%9B%BD%E3%81%A7%E3%82%82Google%E3%80%81LINE%E3%80%81YouTube%E3%81%AA%E3%81%A9VPN%E3%81%AA%E3%81%97%E3%81%A7%E5%88%A9%E7%94%A8%E5%8F%AF%E8%83%BD-24%E6%99%82%E9%96%93%E3%82%B5%E3%83%9D%E3%83%BC%E3%83%88-4G-LTE%E5%AF%BE%E5%BF%9C/dp/B0F1TC4TD5,B0F1TC4TD5,B0F1TC4TD5,株式会社ビッグコネクト,bigconnectのストアを表示,"{""price_jpy"": [""￥880""], ""usage_validity"": [""【Almond eSIM】中国 香港 マカオ eSIM 3日間3GB 高速データ通信 当日発行可能 中国ネット規制対象外 中国でもGoogle、LINE、YouTubeなどVPNなしで利用可能 24時間サポート 4G-LTE対応 プリペイド ESIMプラン China HONGKONG Macou simカード (3日間3GB)""], ""activation_validity"": [""大中華区SIMカード-中国、香港、マカオ、台湾向けプリペイドデータプラン｜2 GB毎日データ、7日有効期限｜高速4/5 G LTE｜旅行者に最適""], ""data_amount"": [""【データプラン】データ通信専用のeSIMです。中国大陸、香港、マカオを含む利用可能なeSIMカード。※データ容量：3日間3GB高速データ。3GBを超えると、通信が止まります。中国ネット規制対象外 中国でもGoogle、LINE、YouTubeなどVPNなしで利用可能、本人確認やSIMカード認証は不要。""], ""network_type"": [""【チョコSIM 定額（Sプラン）】【中国の電話番号付きでアプリや施設サービスのSMS認証が可能】【データ容量】合計500MB/月【音声】合計20分間/月 データ/音声/SMS付きSIMカード 中国SIM マカオSIM China unicom ※こちらのSIMカードは契約後、毎月の基本料が発生いたします。※2024年11月1日から台湾でのご利用はできなくなり"", ""【SKTelecoｍ公式認証】 韓国eSIM 3日間 (72時間) 電話番号付き 超高速データ無制限 最初の5分発信無料(韓国国内) お急ぎの方即時発行可(LINE相談受付中) 有効期限／ご購入日より120日以内 現地空港サポート(SKTelecomローミングセンター) SKテレコム正規品 韓国SIMカードタイプではありません"", ""score: local=6, roaming=0"", ""local_claim_refers_to:cn""], ""network_generation"": [""product_info_cellular_5g: source:product_info_cellular: 携帯電話技術 LTE 5G"", ""product_info_cellular_4g_lte_signal_present_but_5g_capable_takes_precedence""], ""review_count"": [""detail_page: (10)""], ""bestseller_rank"": [""Amazon 売れ筋ランキング 家電＆カメラ - 53,774位 ( 家電＆カメラの売れ筋ランキングを見る ) 定期契約SIMカード - 42位""], ""title"": [""【Almond eSIM】中国 香港 マカオ eSIM 3日間3GB 高速データ通信 当日発行可能 中国ネット規制対象外 中国でもGoogle、LINE、YouTubeなどVPNなしで利用可能 24時間サポート 4G-LTE対応 プリペイド ESIMプラン China HONGKONG Macou simカード (3日間3GB)""]}"
amazon_jp,mo,【香港eSIM】マカオeSIM 3日間 高速データ通信無制限 出発前のお試しに便利 日本国内500MB付き データ通信専用,1480,42,,,,,404,3일,3일,7일,unknown,lte_4g_only,,,"{""ctm"": null, ""china_telecom_macau"": null, ""three_macau"": null}","{""skt"": null, ""kt"": null, ""lgu"": null}",unlimited,https://www.amazon.co.jp/%E3%80%90%E9%A6%99%E6%B8%AFeSIM%E3%80%91%E3%83%9E%E3%82%AB%E3%82%AAeSIM-3%E6%97%A5%E9%96%93-%E9%AB%98%E9%80%9F%E3%83%87%E3%83%BC%E3%82%BF%E9%80%9A%E4%BF%A1%E7%84%A1%E5%88%B6%E9%99%90%E4%BD%BF%E3%81%84%E6%94%BE%E9%A1%8C-%E7%B7%8A%E6%80%A5%E5%88%A9%E7%94%A8%EF%BC%88Line%E3%81%BE%E3%81%A7%E9%80%A3%E7%B5%A1%EF%BC%89Hong-mewfi/dp/B0CPYCDVGY,B0CPYCDVGY,B0CPYCDVGY,Mewfi 正規販売店,mewfiのストアを表示,"{""price_jpy"": [""￥1,480""], ""usage_validity"": [""【香港eSIM】マカオeSIM 3日間 高速データ通信無制限 出発前のお試しに便利 日本国内500MB付き データ通信専用""], ""activation_validity"": [""大中華区SIMカード-中国、香港、マカオ、台湾向けプリペイドデータプラン｜2 GB毎日データ、7日有効期限｜高速4/5 G LTE｜旅行者に最適""], ""data_amount"": [""【高速データ通信】このeSIMカードは、香港、マカオで利用でき、高速かつ安定した無制限のデータ通信を提供します。ネットワーク速度が速く、安定性に優れています。マカオに到着後、必ずeSIMのローミングを有効にしてください。""], ""network_type"": [""local_signal: 【チョコSIM 定額（Sプラン）】【中国の電話番号付きでアプリや施設サービスのSMS認証が可能】【データ容量】合計500MB/月【音声】合計20分間/月 データ/音声/SMS付きSIMカード 中国SIM マカオSIM China unicom ※こちらのSIMカードは契約後、毎月の基本料が発生いたします。※2024年11月1日から台湾でのご利用はできなくなり"", ""roaming_signal: 【高速データ通信】このeSIMカードは、香港、マカオで利用でき、高速かつ安定した無制限のデータ通信を提供します。ネットワーク速度が速く、安定性に優れています。マカオに到着後、必ずeSIMのローミングを有効にしてください。"", ""insufficient_or_conflicting_signals(local=6, roaming=5)""], ""network_generation"": [""product_info_cellular_4g_lte: source:product_info_cellular: 携帯電話技術 LTE""], ""review_count"": [""detail_page: (42)""], ""bestseller_rank"": [""Amazon 売れ筋ランキング 家電＆カメラ - 37,070位 ( 家電＆カメラの売れ筋ランキングを見る ) プリペイドSIMカード - 404位""], ""title"": [""【香港eSIM】マカオeSIM 3日間 高速データ通信無制限 出発前のお試しに便利 日本国内500MB付き データ通信専用""]}"
amazon_jp,mo,中国本土・香港・マカオ SIMカード 5日間(120時間) 高速データ無制限 SIMピン付き 4G/LTE SIMフリー対応 プリペイドSIMカード LINEで24時間サポート 中国sim (5日間),1980,4,,,,,693,5일,5일,14일,unknown,lte_4g_only,,,"{""ctm"": null, ""china_telecom_macau"": null, ""three_macau"": null}","{""skt"": null, ""kt"": null, ""lgu"": null}",unlimited,https://www.amazon.co.jp/%E4%B8%AD%E5%9B%BD%E6%9C%AC%E5%9C%9F%E3%83%BB%E9%A6%99%E6%B8%AF%E3%83%BB%E3%83%9E%E3%82%AB%E3%82%AA-5%E6%97%A5%E9%96%93-%E9%AB%98%E9%80%9F%E3%83%87%E3%83%BC%E3%82%BF%E7%84%A1%E5%88%B6%E9%99%90-%E3%83%97%E3%83%AA%E3%83%9A%E3%82%A4%E3%83%89SIM%E3%82%AB%E3%83%BC%E3%83%89-LINE%E3%81%A724%E6%99%82%E9%96%93%E3%82%B5%E3%83%9D%E3%83%BC%E3%83%88/dp/B0FMJ3QRZL,B0FMJ3QRZL,B0FMJ3QRZL,mewmewホーム eSIM,ＭＥＷＭＥＷホームのストアを表示,"{""price_jpy"": [""￥1,980""], ""usage_validity"": [""中国本土・香港・マカオ SIMカード 5日間(120時間) 高速データ無制限 SIMピン付き 4G/LTE SIMフリー対応 プリペイドSIMカード LINEで24時間サポート 中国sim (5日間)""], ""activation_validity"": [""【有効期限：2027年5月14日まで】利用予定日を開通予約した後、SIMカードを端末に挿入するだけで簡単アクティベート！有効期限内ならいつでも使えます。プランの日数は24時間を一日とカウントされます。""], ""data_amount"": [""【無制限・高速データ通信】中国本土・マカオ：中華電信 香港：CSL 5G /4G/LTEに対応し、高速データ通信は完全無制限となります。高画質動画の視聴、地図検索、写真や動画のシェアなど、快適なインターネット環境を提供します。中国本土でLINE 、Google Map、Facebook、Twitter、Instagramに接続可能です。""], ""network_type"": [""【T-Mobile純正品】eSIM版 アメリカ ハワイ SIM 7日間【使い放題】【電話番号付き】5G/4G-LTE 高速データ通信/通話/SMS/テザリング 【アメリカ ハワイ 無制限】 プリペイド SIMカード T-Mobile esim 7days"", ""score: local=3, roaming=0"", ""local_claim_refers_to:cn""], ""network_generation"": [""product_info_cellular_4g_lte: source:product_info_cellular: 携帯電話技術 4G/LTE""], ""review_count"": [""detail_page: (4)""], ""bestseller_rank"": [""Amazon 売れ筋ランキング 家電＆カメラ - 68,891位 ( 家電＆カメラの売れ筋ランキングを見る ) プリペイドSIMカード - 693位""], ""title"": [""中国本土・香港・マカオ SIMカード 5日間(120時間) 高速データ無制限 SIMピン付き 4G/LTE SIMフリー対応 プリペイドSIMカード LINEで24時間サポート 中国sim (5日間)""]}"
amazon_jp,mo,中国・香港・マカオ用 プリペイドSIMカード｜5日間 10GB 高速データ｜4G/LTE SIMフリー端末用｜LINE・Instagram・GoogleがVPNなしで利用可能｜SIMピン付き・LINE 24時間サポート (5日間 | 10GB),1480,5,,,,,322,5일,5일,5일,unknown,lte_4g_only,,,"{""ctm"": null, ""china_telecom_macau"": null, ""three_macau"": null}","{""skt"": null, ""kt"": null, ""lgu"": null}",unlimited,https://www.amazon.co.jp/%E4%B8%AD%E5%9B%BD%E3%83%BB%E9%A6%99%E6%B8%AF%E3%83%BB%E3%83%9E%E3%82%AB%E3%82%AA%E7%94%A8-%E3%83%97%E3%83%AA%E3%83%9A%E3%82%A4%E3%83%89SIM%E3%82%AB%E3%83%BC%E3%83%89%EF%BD%9C5%E6%97%A5%E9%96%93-10GB-SIM%E3%83%95%E3%83%AA%E3%83%BC%E7%AB%AF%E6%9C%AB%E7%94%A8%EF%BD%9CLINE%E3%83%BBInstagram%E3%83%BBGoogle%E3%81%8CVPN%E3%81%AA%E3%81%97%E3%81%A7%E5%88%A9%E7%94%A8%E5%8F%AF%E8%83%BD%EF%BD%9CSIM%E3%83%94%E3%83%B3%E4%BB%98%E3%81%8D%E3%83%BBLINE-5%E6%97%A5%E9%96%93/dp/B0FNRFF5JS,B0FNRFF5JS,B0FNRFF5JS,mewmewホーム eSIM,ＭＥＷＭＥＷホームのストアを表示,"{""price_jpy"": [""￥1,480""], ""usage_validity"": [""中国・香港・マカオ用 プリペイドSIMカード｜5日間 10GB 高速データ｜4G/LTE SIMフリー端末用｜LINE・Instagram・GoogleがVPNなしで利用可能｜SIMピン付き・LINE 24時間サポート (5日間 | 10GB)""], ""activation_validity"": [""中国・香港・マカオ用 プリペイドSIMカード｜5日間 10GB 高速データ｜4G/LTE SIMフリー端末用｜LINE・Instagram・GoogleがVPNなしで利用可能｜SIMピン付き・LINE 24時間サポート (5日間 | 10GB)""], ""data_amount"": [""【高速データ通信＋低速使い放題】中国本土・マカオは中華電信、香港はCSL回線を利用。5G/4G/LTE対応で、プランには高速データ（10GB）が含まれています。高速分を使い切った後も、低速データ通信を無制限でご利用いただけるので、地図検索やメッセージのやり取りなど基本的な利用は安心です。""], ""network_type"": [""【T-Mobile純正品】eSIM版 アメリカ ハワイ SIM 7日間【使い放題】【電話番号付き】5G/4G-LTE 高速データ通信/通話/SMS/テザリング 【アメリカ ハワイ 無制限】 プリペイド SIMカード T-Mobile esim 7days"", ""score: local=3, roaming=0"", ""local_claim_refers_to:cn""], ""network_generation"": [""product_info_cellular_4g_lte: source:product_info_cellular: 携帯電話技術 4G-LTE""], ""review_count"": [""detail_page: (5)""], ""bestseller_rank"": [""Amazon 売れ筋ランキング 家電＆カメラ - 28,546位 ( 家電＆カメラの売れ筋ランキングを見る ) プリペイドSIMカード - 322位""], ""title"": [""中国・香港・マカオ用 プリペイドSIMカード｜5日間 10GB 高速データ｜4G/LTE SIMフリー端末用｜LINE・Instagram・GoogleがVPNなしで利用可能｜SIMピン付き・LINE 24時間サポート (5日間 | 10GB)""]}"
amazon_jp,mo,【Almond eSIM】中国本土 eSIM 7日間10GB 高速データ 香港 マカオにも利用可能 中国ネット規制対象外 中国でもGoogle、LINE、YouTubeなど利用可能 出発前の接続テスト用 日本国内500MB eSIM付 24時間安心サポート 5G 4G-LTE対応 プリペイド eSIMカード China esimカード (7日間10GB高速データ),1580,118,,,200,,27,7일,7일,7일,roaming,lte_4g_only,,,"{""ctm"": true, ""china_telecom_macau"": null, ""three_macau"": null}","{""skt"": null, ""kt"": null, ""lgu"": null}",10GB,https://www.amazon.co.jp/eSIM%E3%80%91%E4%B8%AD%E5%9B%BD%E6%9C%AC%E5%9C%9F-%E4%B8%AD%E5%9B%BD%E3%83%8D%E3%83%83%E3%83%88%E8%A6%8F%E5%88%B6%E5%AF%BE%E8%B1%A1%E5%A4%96-%E4%B8%AD%E5%9B%BD%E3%81%A7%E3%82%82Google%E3%80%81LINE%E3%80%81YouTube%E3%81%AA%E3%81%A9%E5%88%A9%E7%94%A8%E5%8F%AF%E8%83%BD-24%E6%99%82%E9%96%93%E5%AE%89%E5%BF%83%E3%82%B5%E3%83%9D%E3%83%BC%E3%83%88-7%E6%97%A5%E9%96%9310GB%E9%AB%98%E9%80%9F%E3%83%87%E3%83%BC%E3%82%BF/dp/B0FT2SMGHG,B0FT2SMGHG,B0FT2SMGHG,株式会社ビッグコネクト,bigconnectのストアを表示,"{""price_jpy"": [""￥1,580""], ""usage_validity"": [""【Almond eSIM】中国本土 eSIM 7日間10GB 高速データ 香港 マカオにも利用可能 中国ネット規制対象外 中国でもGoogle、LINE、YouTubeなど利用可能 出発前の接続テスト用 日本国内500MB eSIM付 24時間安心サポート 5G 4G-LTE対応 プリペイド eSIMカード China esimカード (7日間10GB高速デ""], ""activation_validity"": [""大中華区SIMカード-中国、香港、マカオ、台湾向けプリペイドデータプラン｜2 GB毎日データ、7日有効期限｜高速4/5 G LTE｜旅行者に最適""], ""data_amount"": [""【データプラン】データ通信専用のeSIMです。中国大陸、香港、マカオを含む利用可能なプリペイドeSIMカード。利用開始日から7日間10GB まで4G/5G高速通信が使用可能。中国ネット規制対象外 中国でもGoogle、LINE、YouTubeなどVPNなしで利用可能、本人確認やSIMカード認証は不要です。""], ""network_type"": [""【中国ネット制限なし】中国本土での利用の場合は香港ローミング接続を行います。これにより中国政府のネット規制対象外となり、Google、Facebook、Twitter、Instagram等に接続可能です。中華圏渡航スケジュールに対応する手軽なプリペイドSIMカード。キャリア：中国：China Telecom 香港：3HK マカオ: CTM。"", ""商品の説明 中国本土でも、いつものネットを。 中国本土・香港・マカオで利用できるデータ通信専用eSIMです。中国本土では香港ローミング接続を利用し、VPNなしで外部サービスへアクセスできます。 中国本土でも、いつものサービスへ Google、LINE、YouTube、Instagram、Facebook、Yahoo!などに、専用VPNアプリの追加設定なしでア"", ""score: local=0, roaming=6""], ""network_generation"": [""product_info_cellular_4g_lte: source:product_info_cellular: 携帯電話技術 LTE""], ""carrier_support_local"": [""CTM: 【中国ネット制限なし】中国本土での利用の場合は香港ローミング接続を行います。これにより中国政府のネット規制対象外となり、Google、Facebook、Twitter、Instagram等に接続可能です。中華圏渡航スケジュールに対応する手軽なプリペイドSIMカード。キャリア：中国：China Tel"", ""CTM: 商品の説明 中国本土でも、いつものネットを。 中国本土・香港・マカオで利用できるデータ通信専用eSIMです。中国本土では香港ローミング接続を利用し、VPNなしで外部サービスへアクセスできます。 中国本土でも、いつものサービスへ Google、LINE、YouTube、Instagram、Facebo"", ""CTM: サービスプロバイダ China Telecom, 3HK, CTM"", ""CTM: 中国本土ではChina Telecom、香港では3HK、マカオではCTMのネットワークを利用します。中国本土では香港ローミング接続を行います。"", ""CTM: 中国本土ではChina Telecom、香港では3HK、マカオではCTMのネットワークを利用します。中国本土では香港ローミング接続を行います。""], ""monthly_sold_count"": [""Amazon.co.jp: 【Almond eSIM】中国本土 eSIM 7日間10GB 高速データ 香港 マカオにも利用可能 中国ネット規制対象外 中国でもGoogle、LINE、YouTubeなど利用可能 出発前の接続テスト用 日本国内500MB eSIM付 24時間安心サポート 5G 4G-LTE対応 プリペイド eSIMカード China esimカ""], ""review_count"": [""detail_page: (118)""], ""bestseller_rank"": [""Amazon 売れ筋ランキング 家電＆カメラ - 2,945位 ( 家電＆カメラの売れ筋ランキングを見る ) プリペイドSIMカード - 27位""], ""title"": [""【Almond eSIM】中国本土 eSIM 7日間10GB 高速データ 香港 マカオにも利用可能 中国ネット規制対象外 中国でもGoogle、LINE、YouTubeなど利用可能 出発前の接続テスト用 日本国内500MB eSIM付 24時間安心サポート 5G 4G-LTE対応 プリペイド eSIMカード China esimカード (7日間10GB高速データ)""]}"
amazon_jp,mo,【Almond SIM】中国本土 simcard 7日間10GB高速データ 低速データ無制限 香港 マカオにも利用可能 中国ネット規制対象外 中国でもGoogle、LINE、YouTubeなど利用可能 24時間安心サポート 5G 4G-LTE対応 プリペイド SIMカード China simカード (7日間10GB高速データ),1244,74,,,,,142,7일,7일,7일,unknown,5g_capable,,,"{""ctm"": true, ""china_telecom_macau"": null, ""three_macau"": null}","{""skt"": null, ""kt"": null, ""lgu"": null}",7GB,https://www.amazon.co.jp/7GB%EF%BC%8B3GB%E9%AB%98%E9%80%9F%E3%83%87%E3%83%BC%E3%82%BF-%E4%B8%AD%E5%9B%BD%E3%83%8D%E3%83%83%E3%83%88%E8%A6%8F%E5%88%B6%E5%AF%BE%E8%B1%A1%E5%A4%96-%E4%B8%AD%E5%9B%BD%E3%81%A7%E3%82%82Google%E3%80%81LINE%E3%80%81YouTube%E3%81%AA%E3%81%A9%E5%88%A9%E7%94%A8%E5%8F%AF%E8%83%BD-24%E6%99%82%E9%96%93%E5%AE%89%E5%BF%83%E3%82%B5%E3%83%9D%E3%83%BC%E3%83%88-7%E6%97%A5%E9%96%9310GB%E9%AB%98%E9%80%9F%E3%83%87%E3%83%BC%E3%82%BF/dp/B0FKLK7L35,B0FKLK7L35,B0FKLK7L35,株式会社ビッグコネクト,bigconnectのストアを表示,"{""price_jpy"": [""￥1,244""], ""usage_validity"": [""【Almond SIM】中国本土 simcard 7日間10GB高速データ 低速データ無制限 香港 マカオにも利用可能 中国ネット規制対象外 中国でもGoogle、LINE、YouTubeなど利用可能 24時間安心サポート 5G 4G-LTE対応 プリペイド SIMカード China simカード (7日間10GB高速データ)""], ""activation_validity"": [""大中華区SIMカード-中国、香港、マカオ、台湾向けプリペイドデータプラン｜2 GB毎日データ、7日有効期限｜高速4/5 G LTE｜旅行者に最適""], ""data_amount"": [""【データプラン】データ通信専用のプリペイドSIMカードです。中国大陸・香港・マカオでご利用いただけます。基本プランは7GBですが、現在キャンペーンにつき高速データ通信3GBを追加プレゼントし、合計10GBの高速データ通信をご利用いただけます。利用開始日から7日間、4G/5G高速通信に対応し、10GB超過後は128kbpsを下回らない速度に低速化されます。中国""], ""network_type"": [""roaming_signal: 【中国ネット制限なし】中国本土での利用の場合は香港ローミング接続を行います。これにより中国政府のネット規制対象外となり、Google、Facebook、Twitter、Instagram等に接続可能です。中華圏渡航スケジュールに対応する手軽なプリペイドSIMカード。キャリア：中国：China Telecom 香港：3HK マカオ: CTM。"", ""insufficient_or_conflicting_signals(local=0, roaming=1)""], ""network_generation"": [""product_info_cellular_5g: source:product_info_cellular: 携帯電話技術 5G 4G-Lte""], ""carrier_support_local"": [""CTM: 【中国ネット制限なし】中国本土での利用の場合は香港ローミング接続を行います。これにより中国政府のネット規制対象外となり、Google、Facebook、Twitter、Instagram等に接続可能です。中華圏渡航スケジュールに対応する手軽なプリペイドSIMカード。キャリア：中国：China Tel"", ""CTM: サービスプロバイダ 中国：China Telecom 香港：3HK マカオ: CTM""], ""review_count"": [""detail_page: (74)""], ""bestseller_rank"": [""Amazon 売れ筋ランキング 家電＆カメラ - 13,092位 ( 家電＆カメラの売れ筋ランキングを見る ) プリペイドSIMカード - 142位""], ""title"": [""【Almond SIM】中国本土 simcard 7日間10GB高速データ 低速データ無制限 香港 マカオにも利用可能 中国ネット規制対象外 中国でもGoogle、LINE、YouTubeなど利用可能 24時間安心サポート 5G 4G-LTE対応 プリペイド SIMカード China simカード (7日間10GB高速データ)""]}"
amazon_jp,mo,【中国 香港 マカオeSIM】5日間 5GB高速データ通信 TikTok利用可能 データ通信専用,1180,11,,,,,315,5일,5일,90일,unknown,lte_4g_only,,,"{""ctm"": null, ""china_telecom_macau"": null, ""three_macau"": null}","{""skt"": null, ""kt"": null, ""lgu"": null}",5GB,https://www.amazon.co.jp/%E3%83%9E%E3%82%AB%E3%82%AAeSIM%E3%80%915%E6%97%A5%E9%96%93-5GB%E9%AB%98%E9%80%9F%E3%83%87%E3%83%BC%E3%82%BF%E9%80%9A%E4%BF%A1-%E3%83%87%E3%83%BC%E3%82%BF%E9%80%9A%E4%BF%A1%E5%B0%82%E7%94%A8%EF%BC%88%E9%9B%BB%E8%A9%B1%E7%95%AA%E5%8F%B7%E3%81%AA%E3%81%97%EF%BC%89%E5%8D%B3%E6%97%A5%E7%99%BA%E8%A1%8C%E5%8F%AF%E8%83%BD-%E4%B8%AD%E5%9B%BD%E6%9C%AC%E5%9C%9F%E3%83%BB%E9%A6%99%E6%B8%AF%E3%83%BB%E3%83%9E%E3%82%AB%E3%82%AA%E5%AF%BE%E5%BF%9CeSIM-mewfi/dp/B0FKMKD4VW,B0FKMKD4VW,B0FKMKD4VW,Mewfi 正規販売店,mewfiのストアを表示,"{""price_jpy"": [""￥1,180""], ""usage_validity"": [""【中国 香港 マカオeSIM】5日間 5GB高速データ通信 TikTok利用可能 データ通信専用""], ""activation_validity"": [""【有効期限】eSIM情報を記載したメールを受信した日から90日間が有効期限となります。期限内にご利用ください。""], ""data_amount"": [""【高速データ通信】中国本土・香港・マカオで利用可能なeSIMです。5日間の有効期間中に5GBの高速データ通信をご利用いただけます。5GBを超過すると通信は自動的に停止します。""], ""network_type"": [""roaming_signal: 【対応端末】eSIM対応かつSIMロックのかかっていないスマートフォンでのみご利用いただけます。日本国内で事前にQRコードを読み込んでインストール可能で、現地に到着後に本eSIMを選択し、ローミングを有効にすると自動的にネットワークに接続されます。"", ""insufficient_or_conflicting_signals(local=0, roaming=1)""], ""network_generation"": [""product_info_cellular_4g_lte: source:product_info_cellular: 携帯電話技術 LTE""], ""review_count"": [""detail_page: (11)""], ""bestseller_rank"": [""Amazon 売れ筋ランキング 家電＆カメラ - 27,980位 ( 家電＆カメラの売れ筋ランキングを見る ) プリペイドSIMカード - 315位""], ""title"": [""【中国 香港 マカオeSIM】5日間 5GB高速データ通信 TikTok利用可能 データ通信専用""]}"
amazon_jp,mo,【中国 SIMカード】10日間 10GB 高速データ＋低速無制限｜中国・香港・マカオ対応｜Google・LINE・YouTube利用可能｜プリペイドSIM｜24時間LINEサポート 中国sim 香港sim,1311,55,,,,,88,10일,10일,10일,unknown,5g_capable,,,"{""ctm"": true, ""china_telecom_macau"": null, ""three_macau"": null}","{""skt"": null, ""kt"": null, ""lgu"": null}",10GB,https://www.amazon.co.jp/SIM%E3%82%AB%E3%83%BC%E3%83%89%E3%80%9110%E6%97%A5%E9%96%93-10GB-%E9%AB%98%E9%80%9F%E3%83%87%E3%83%BC%E3%82%BF%EF%BC%8B%E4%BD%8E%E9%80%9F%E7%84%A1%E5%88%B6%E9%99%90%EF%BD%9C%E4%B8%AD%E5%9B%BD%E3%83%BB%E9%A6%99%E6%B8%AF%E3%83%BB%E3%83%9E%E3%82%AB%E3%82%AA%E5%AF%BE%E5%BF%9C%EF%BD%9CGoogle%E3%83%BBLINE%E3%83%BBYouTube%E5%88%A9%E7%94%A8%E5%8F%AF%E8%83%BD%EF%BD%9C%E3%83%97%E3%83%AA%E3%83%9A%E3%82%A4%E3%83%89SIM%EF%BD%9C24%E6%99%82%E9%96%93LINE%E3%82%B5%E3%83%9D%E3%83%BC%E3%83%88-%E4%B8%AD%E5%9B%BDsim-%E9%A6%99%E6%B8%AFsim/dp/B0FPR6VG59,B0FPR6VG59,B0FPR6VG59,Global Simcard,アーモンド　ＳＩｍ　ｃａｒｄのストアを表示,"{""price_jpy"": [""￥1,311""], ""usage_validity"": [""【中国 SIMカード】10日間 10GB 高速データ＋低速無制限｜中国・香港・マカオ対応｜Google・LINE・YouTube利用可能｜プリペイドSIM｜24時間LINEサポート 中国sim 香港sim""], ""activation_validity"": [""【中国 SIMカード】10日間 10GB 高速データ＋低速無制限｜中国・香港・マカオ対応｜Google・LINE・YouTube利用可能｜プリペイドSIM｜24時間LINEサポート 中国sim 香港sim""], ""data_amount"": [""⭐【高速データ通信】中国本土・香港・マカオ対応。10日間で合計10GBの4G/5G高速データ通信が利用可能。10GB超過後も最大128kbpsで通信でき、低速無制限でご利用いただけます。""], ""network_type"": [""no_local_or_roaming_keyword_matched""], ""network_generation"": [""product_info_cellular_5g: source:product_info_cellular: 携帯電話技術 5G/4G-LTE""], ""carrier_support_local"": [""CTM: ⭐【対応端末・対応キャリア】SIMフリー／SIMロック解除済みスマートフォン専用。中国本土：中国電信（China Telecom）、香港：3HK、マカオ：CTMなど現地ネットワークに対応。※一部機種ではご利用いただけない場合があります。キャリア版Galaxy端末は非対応のためご注意ください。タブレッ"", ""CTM: サービスプロバイダ China Telecom/3HK /CTM""], ""review_count"": [""detail_page: (55)""], ""bestseller_rank"": [""Amazon 売れ筋ランキング 家電＆カメラ - 8,590位 ( 家電＆カメラの売れ筋ランキングを見る ) プリペイドSIMカード - 88位""], ""title"": [""【中国 SIMカード】10日間 10GB 高速データ＋低速無制限｜中国・香港・マカオ対応｜Google・LINE・YouTube利用可能｜プリペイドSIM｜24時間LINEサポート 中国sim 香港sim""]}"
amazon_jp,mo,【Almond SIM】中国本土・香港・マカオ対応 プリペイドSIMカード 10日間 10GB高速データ＋無制限低速データ 中国ネット規制対象外 Google/LINE/YouTube利用可 24時間多言語サポート 5G/4G対応 (10日間10GB高速データ),1380,23,,,,,170,10일,10일,10일,unknown,5g_capable,,,"{""ctm"": true, ""china_telecom_macau"": null, ""three_macau"": null}","{""skt"": null, ""kt"": null, ""lgu"": null}",10GB,https://www.amazon.co.jp/SIM%E3%80%91%E4%B8%AD%E5%9B%BD%E6%9C%AC%E5%9C%9F%E3%83%BB%E9%A6%99%E6%B8%AF%E3%83%BB%E3%83%9E%E3%82%AB%E3%82%AA%E5%AF%BE%E5%BF%9C-%E3%83%97%E3%83%AA%E3%83%9A%E3%82%A4%E3%83%89SIM%E3%82%AB%E3%83%BC%E3%83%89-10GB%E9%AB%98%E9%80%9F%E3%83%87%E3%83%BC%E3%82%BF%EF%BC%8B%E7%84%A1%E5%88%B6%E9%99%90%E4%BD%8E%E9%80%9F%E3%83%87%E3%83%BC%E3%82%BF-24%E6%99%82%E9%96%93%E5%A4%9A%E8%A8%80%E8%AA%9E%E3%82%B5%E3%83%9D%E3%83%BC%E3%83%88-10%E6%97%A5%E9%96%9310GB%E9%AB%98%E9%80%9F%E3%83%87%E3%83%BC%E3%82%BF/dp/B0FT7FBVGD,B0FT7FBVGD,B0FT7FBVGD,株式会社ビッグコネクト,bigconnectのストアを表示,"{""price_jpy"": [""￥1,380""], ""usage_validity"": [""【Almond SIM】中国本土・香港・マカオ対応 プリペイドSIMカード 10日間 10GB高速データ＋無制限低速データ 中国ネット規制対象外 Google/LINE/YouTube利用可 24時間多言語サポート 5G/4G対応 (10日間10GB高速データ)""], ""activation_validity"": [""【Almond SIM】中国本土・香港・マカオ対応 プリペイドSIMカード 10日間 10GB高速データ＋無制限低速データ 中国ネット規制対象外 Google/LINE/YouTube利用可 24時間多言語サポート 5G/4G対応 (10日間10GB高速データ)""], ""data_amount"": [""【データプラン】 データ通信専用プリペイドSIM。中国大陸・香港・マカオで利用可能。利用開始から10日間で合計10GBの高速データ通信が可能。10GBを超過した場合も、128kbps以下にならない低速通信が無制限でご利用いただけます。本人確認やSIM登録は不要です。""], ""network_type"": [""roaming_signal: 【中国ネット規制なし】 中国本土では香港回線をローミング利用するため、中国政府のネット規制対象外となります。これにより、Google、LINE、Facebook、Twitter、YouTube、InstagramなどのサービスをVPN不要でご利用いただけます。キャリア：中国：中国電信（China Telecom）／香港：3HK／マカオ：CTM。"", ""insufficient_or_conflicting_signals(local=0, roaming=1)""], ""network_generation"": [""product_info_cellular_5g: source:product_info_cellular: 携帯電話技術 5G 4G-Lte""], ""carrier_support_local"": [""CTM: 【中国ネット規制なし】 中国本土では香港回線をローミング利用するため、中国政府のネット規制対象外となります。これにより、Google、LINE、Facebook、Twitter、YouTube、InstagramなどのサービスをVPN不要でご利用いただけます。キャリア：中国：中国電信（China T"", ""CTM: サービスプロバイダ 中国：China Telecom 香港：3HK マカオ: CTM""], ""review_count"": [""detail_page: (23)""], ""bestseller_rank"": [""Amazon 売れ筋ランキング 家電＆カメラ - 15,548位 ( 家電＆カメラの売れ筋ランキングを見る ) プリペイドSIMカード - 170位""], ""title"": [""【Almond SIM】中国本土・香港・マカオ対応 プリペイドSIMカード 10日間 10GB高速データ＋無制限低速データ 中国ネット規制対象外 Google/LINE/YouTube利用可 24時間多言語サポート 5G/4G対応 (10日間10GB高速データ)""]}"
amazon_jp,mo,【中国SIMカード】7日間 5GB高速データ通信＋低速無制限｜中国・香港・マカオ対応｜中国本土でもGoogle・LINE・YouTube利用可能｜24時間サポート｜中国本土 プリペイドSIM 中国 sim (7日間｜5GB),1080,2,,,,,475,7일,7일,7일,roaming,5g_capable,,,"{""ctm"": true, ""china_telecom_macau"": null, ""three_macau"": null}","{""skt"": null, ""kt"": null, ""lgu"": null}",5GB,https://www.amazon.co.jp/%E3%80%90%E4%B8%AD%E5%9B%BDSIM%E3%82%AB%E3%83%BC%E3%83%89%E3%80%917%E6%97%A5%E9%96%93-5GB%E9%AB%98%E9%80%9F%E3%83%87%E3%83%BC%E3%82%BF%E9%80%9A%E4%BF%A1%EF%BC%8B%E4%BD%8E%E9%80%9F%E7%84%A1%E5%88%B6%E9%99%90%EF%BD%9C%E4%B8%AD%E5%9B%BD%E3%83%BB%E9%A6%99%E6%B8%AF%E3%83%BB%E3%83%9E%E3%82%AB%E3%82%AA%E5%AF%BE%E5%BF%9C%EF%BD%9C%E4%B8%AD%E5%9B%BD%E6%9C%AC%E5%9C%9F%E3%81%A7%E3%82%82Google%E3%83%BBLINE%E3%83%BBYouTube%E5%88%A9%E7%94%A8%E5%8F%AF%E8%83%BD%EF%BD%9C24%E6%99%82%E9%96%93%E3%82%B5%E3%83%9D%E3%83%BC%E3%83%88%EF%BD%9C%E4%B8%AD%E5%9B%BD%E6%9C%AC%E5%9C%9F-%E3%83%97%E3%83%AA%E3%83%9A%E3%82%A4%E3%83%89SIM-sim-7%E6%97%A5%E9%96%93%EF%BD%9C5GB/dp/B0FPR8JCB1,B0FPR8JCB1,B0FPR8JCB1,Global Simcard,アーモンド　ＳＩｍ　ｃａｒｄのストアを表示,"{""price_jpy"": [""￥1,080""], ""usage_validity"": [""【中国SIMカード】7日間 5GB高速データ通信＋低速無制限｜中国・香港・マカオ対応｜中国本土でもGoogle・LINE・YouTube利用可能｜24時間サポート｜中国本土 プリペイドSIM 中国 sim (7日間｜5GB)""], ""activation_validity"": [""⭐【高速データ通信】中国本土・香港・マカオ対応。7日間で合計5GBまで4G/5G高速通信が利用可能。超過後も128kbpsで通信継続でき、低速無制限で安心。 ⭐【中国ネット制限なし】香港ローミング接続で中国政府の規制対象外。Google、LINE、YouTube、SNSなど主要アプリがVPN不要で利用可能。本人確認も不要です。 ⭐【有効期限】未使用なら購入か""], ""data_amount"": [""⭐【高速データ通信】中国本土・香港・マカオ対応。7日間で合計5GBまで4G/5G高速通信が利用可能。超過後も128kbpsで通信継続でき、低速無制限で安心。""], ""network_type"": [""⭐【中国ネット制限なし】香港ローミング接続で中国政府の規制対象外。Google、LINE、YouTube、SNSなど主要アプリがVPN不要で利用可能。本人確認も不要です。"", ""⭐【高速データ通信】中国本土・香港・マカオ対応。7日間で合計5GBまで4G/5G高速通信が利用可能。超過後も128kbpsで通信継続でき、低速無制限で安心。 ⭐【中国ネット制限なし】香港ローミング接続で中国政府の規制対象外。Google、LINE、YouTube、SNSなど主要アプリがVPN不要で利用可能。本人確認も不要です。 ⭐【有効期限】未使用なら購入か"", ""score: local=0, roaming=3""], ""network_generation"": [""product_info_cellular_5g: source:product_info_cellular: 携帯電話技術 5G/4G-LTE""], ""carrier_support_local"": [""CTM: ⭐【対応キャリア】中国本土：中国電信（China Telecom）、香港：3HK、マカオ：CTM。中華圏への渡航に幅広く対応。"", ""CTM: ⭐【高速データ通信】中国本土・香港・マカオ対応。7日間で合計5GBまで4G/5G高速通信が利用可能。超過後も128kbpsで通信継続でき、低速無制限で安心。 ⭐【中国ネット制限なし】香港ローミング接続で中国政府の規制対象外。Google、LINE、YouTube、SNSなど主要アプリがVPN不要で利"", ""CTM: サービスプロバイダ China Telecom/3HK /CTM"", ""CTM: Amazon.co.jp: 【中国SIMカード】7日間 5GB高速データ通信＋低速無制限｜中国・香港・マカオ対応｜中国本土でもGoogle・LINE・YouTube利用可能｜24時間サポート｜中国本土 プリペイドSIM 中国 sim (7日間｜5GB) : 家電＆カメラ 次に移動 メインコンテンツ ""], ""review_count"": [""detail_page: (2)""], ""bestseller_rank"": [""Amazon 売れ筋ランキング 家電＆カメラ - 44,290位 ( 家電＆カメラの売れ筋ランキングを見る ) プリペイドSIMカード - 475位""], ""title"": [""【中国SIMカード】7日間 5GB高速データ通信＋低速無制限｜中国・香港・マカオ対応｜中国本土でもGoogle・LINE・YouTube利用可能｜24時間サポート｜中国本土 プリペイドSIM 中国 sim (7日間｜5GB)""]}"
amazon_jp,mo,【中国・香港・マカオ eSIM】7日間 高速完全無制限 実名認証不要 データ通信専用(電話番号なし) 5G/4G-LTE対応 中国でもGoogle、LINE、YouTubeなどVPNなしで利用可能 当日発行可能 説明書付 LINEで24時間サポート HONGKONG MACAU 中国sim MEWMEWホーム (7日間),2680,2,,,,,328,7일,7일,90일,unknown,lte_4g_only,,,"{""ctm"": null, ""china_telecom_macau"": null, ""three_macau"": null}","{""skt"": null, ""kt"": null, ""lgu"": null}",unlimited,https://www.amazon.co.jp/%E3%80%90%E4%B8%AD%E5%9B%BD%E3%83%BB%E9%A6%99%E6%B8%AF%E3%83%BB%E3%83%9E%E3%82%AB%E3%82%AA-%E4%B8%AD%E5%9B%BD%E3%81%A7%E3%82%82Google%E3%80%81LINE%E3%80%81YouTube%E3%81%AA%E3%81%A9VPN%E3%81%AA%E3%81%97%E3%81%A7%E5%88%A9%E7%94%A8%E5%8F%AF%E8%83%BD-LINE%E3%81%A724%E6%99%82%E9%96%93%E3%82%B5%E3%83%9D%E3%83%BC%E3%83%88-MEWMEW%E3%83%9B%E3%83%BC%E3%83%A0-7%E6%97%A5%E9%96%93/dp/B0DSJ6HJJN,B0DSJ6HJJN,B0DSJ6HJJN,mewmewホーム eSIM,ＭＥＷＭＥＷホームのストアを表示,"{""price_jpy"": [""￥2,680""], ""usage_validity"": [""【中国・香港・マカオ eSIM】7日間 高速完全無制限 実名認証不要 データ通信専用(電話番号なし) 5G/4G-LTE対応 中国でもGoogle、LINE、YouTubeなどVPNなしで利用可能 当日発行可能 説明書付 LINEで24時間サポート HONGKONG MACAU 中国sim MEWMEWホーム (7日間)""], ""activation_validity"": [""📍【有効期限】eSIMはQRコードを受け取ってから90日以内は有効になっています。eSIMプランの日数は24時間を一日とカウントされます。""], ""data_amount"": [""📍5G/4G/LTEに対応し、高速データ通信量は完全無制限となります。※データ通信専用、電話番号なし""], ""network_type"": [""📍【ローカル回線】中国本土とマカオ：中華電信 香港：CSL"", ""【チョコSIM 定額（Sプラン）】【中国の電話番号付きでアプリや施設サービスのSMS認証が可能】【データ容量】合計500MB/月【音声】合計20分間/月 データ/音声/SMS付きSIMカード 中国SIM マカオSIM China unicom ※こちらのSIMカードは契約後、毎月の基本料が発生いたします。※2024年11月1日から台湾でのご利用はできなくなり"", ""score: local=9, roaming=0"", ""local_claim_refers_to:cn""], ""network_generation"": [""product_info_cellular_4g_lte: source:product_info_cellular: 携帯電話技術 LTE""], ""review_count"": [""detail_page: (2)""], ""bestseller_rank"": [""Amazon 売れ筋ランキング 家電＆カメラ - 29,083位 ( 家電＆カメラの売れ筋ランキングを見る ) プリペイドSIMカード - 328位""], ""title"": [""【中国・香港・マカオ eSIM】7日間 高速完全無制限 実名認証不要 データ通信専用(電話番号なし) 5G/4G-LTE対応 中国でもGoogle、LINE、YouTubeなどVPNなしで利用可能 当日発行可能 説明書付 LINEで24時間サポート HONGKONG MACAU 中国sim MEWMEWホーム (7日間)""]}"
amazon_jp,mo,【中国 香港 マカオSIM】10日間 高速データ無制限使い放題 本人確認不要 TikTok利用可能 データ通信専用,3180,43,,,,,161,10일,10일,10일,unknown,5g_capable,,,"{""ctm"": null, ""china_telecom_macau"": null, ""three_macau"": null}","{""skt"": null, ""kt"": null, ""lgu"": null}",unlimited,https://www.amazon.co.jp/%E3%83%9E%E3%82%AB%E3%82%AASIM%E3%80%9110%E6%97%A5%E9%96%93-%E9%AB%98%E9%80%9F%E3%83%87%E3%83%BC%E3%82%BF%E7%84%A1%E5%88%B6%E9%99%90%E4%BD%BF%E3%81%84%E6%94%BE%E9%A1%8C-TikTok%E5%88%A9%E7%94%A8%E5%8F%AF%E8%83%BD-%E3%83%97%E3%83%AA%E3%83%9A%E3%82%A4%E3%83%89SIM%E3%82%AB%E3%83%BC%E3%83%89-mewfi/dp/B0FN3X7KMW,B0FN3X7KMW,B0FN3X7KMW,Mewfi 正規販売店,mewfiのストアを表示,"{""price_jpy"": [""￥3,180""], ""usage_validity"": [""【中国 香港 マカオSIM】10日間 高速データ無制限使い放題 本人確認不要 TikTok利用可能 データ通信専用""], ""activation_validity"": [""【中国 香港 マカオSIM】10日間 高速データ無制限使い放題 本人確認不要 TikTok利用可能 データ通信専用""], ""data_amount"": [""【高速データ通信】中国・香港・マカオ全域で高速データ通信が無制限にご利用いただけます。面倒な契約や本人確認は一切不要です。""], ""network_type"": [""local_signal: 【ベトナムSIMカード】4日間 高速データ通信 無制限(速度低下なし) データ通信専用 4G/5G対応 ベトナム現地通信回線 mewfi"", ""roaming_signal: 【ご利用方法】ご利用前に簡単な予約手続きを行うだけでOK。現地に到着後、SIMカードを挿入し、ローミングを有効にすれば自動的にインターネットに接続されます。"", ""insufficient_or_conflicting_signals(local=6, roaming=2)""], ""network_generation"": [""product_info_cellular_5g: source:product_info_cellular: 携帯電話技術 4G/5G"", ""product_info_cellular_4g_lte_signal_present_but_5g_capable_takes_precedence""], ""review_count"": [""detail_page: (43)""], ""bestseller_rank"": [""Amazon 売れ筋ランキング 家電＆カメラ - 14,835位 ( 家電＆カメラの売れ筋ランキングを見る ) プリペイドSIMカード - 161位""], ""title"": [""【中国 香港 マカオSIM】10日間 高速データ無制限使い放題 本人確認不要 TikTok利用可能 データ通信専用""]}"
amazon_jp,mo,【香港・マカオ eSIM】4日間 完全無制限｜高速データ使い放題｜即日発行・すぐに利用可能,1780,2,,,,,502,4일,4일,4일,unknown,5g_capable,,,"{""ctm"": true, ""china_telecom_macau"": null, ""three_macau"": null}","{""skt"": null, ""kt"": null, ""lgu"": null}",unlimited,https://www.amazon.co.jp/%E3%82%A2%E3%83%BC%E3%83%A2%E3%83%B3%E3%83%89-%EF%BC%B3%EF%BC%A9%EF%BD%8D-%EF%BD%83%EF%BD%81%EF%BD%92%EF%BD%84-%E3%80%90%E9%A6%99%E6%B8%AF%E3%83%BB%E3%83%9E%E3%82%AB%E3%82%AA-eSIM%E3%80%914%E6%97%A5%E9%96%93-%E5%AE%8C%E5%85%A8%E7%84%A1%E5%88%B6%E9%99%90%EF%BD%9C%E9%AB%98%E9%80%9F%E3%83%87%E3%83%BC%E3%82%BF%E4%BD%BF%E3%81%84%E6%94%BE%E9%A1%8C%EF%BD%9C%E5%8D%B3%E6%97%A5%E7%99%BA%E8%A1%8C%E3%83%BB%E3%81%99%E3%81%90%E3%81%AB%E5%88%A9%E7%94%A8%E5%8F%AF%E8%83%BD/dp/B0HJV3M2W9,B0HJV3M2W9,B0HJV3M2W9,Global Simcard,アーモンド　ＳＩｍ　ｃａｒｄのストアを表示,"{""price_jpy"": [""￥1,780""], ""usage_validity"": [""【香港・マカオ eSIM】4日間 完全無制限｜高速データ使い放題｜即日発行・すぐに利用可能""], ""activation_validity"": [""【香港・マカオ eSIM】4日間 完全無制限｜高速データ使い放題｜即日発行・すぐに利用可能""], ""data_amount"": [""【高速データ無制限】香港・マカオの2地域で使えるデータ通信専用eSIMです。香港ではSmarTone・HKT・3、マカオではCTMのネットワークに対応。高速データ通信を容量制限なくご利用いただけます。TikTok・ChatGPTにも対応し、本人確認・契約不要。旅行や出張にも便利です。""], ""network_type"": [""no_local_or_roaming_keyword_matched""], ""network_generation"": [""product_info_cellular_5g: source:product_info_cellular: 携帯電話技術 5G 4G LTE""], ""carrier_support_local"": [""CTM: 【高速データ無制限】香港・マカオの2地域で使えるデータ通信専用eSIMです。香港ではSmarTone・HKT・3、マカオではCTMのネットワークに対応。高速データ通信を容量制限なくご利用いただけます。TikTok・ChatGPTにも対応し、本人確認・契約不要。旅行や出張にも便利です。"", ""CTM: サービスプロバイダ Smartone/HKT/3/CTM"", ""CTM: Amazon.co.jp: 【香港・マカオ eSIM】4日間 完全無制限｜高速データ使い放題｜即日発行・すぐに利用可能 | 最短5分発行・すぐ利用可能｜本人確認・開通予約不要｜日本国内500MBテストeSIM付き｜5G/4G LTE対応｜テザリング対応｜24時間多言語サポート｜データ通信専用｜グアム""], ""review_count"": [""detail_page: 2""], ""bestseller_rank"": [""Amazon 売れ筋ランキング 家電＆カメラ - 47,287位 ( 家電＆カメラの売れ筋ランキングを見る ) プリペイドSIMカード - 502位""], ""title"": [""【香港・マカオ eSIM】4日間 完全無制限｜高速データ使い放題｜即日発行・すぐに利用可能""]}"
amazon_jp,mo,【香港 マカオeSIM】3日間 高速データ通信 無制限 データ通信専用 5G / 4G対応,1480,12,,,,,688,3일,3일,90일,unknown,5g_capable,,,"{""ctm"": null, ""china_telecom_macau"": null, ""three_macau"": null}","{""skt"": null, ""kt"": null, ""lgu"": null}",unlimited,https://www.amazon.co.jp/%E3%80%90%E9%A6%99%E6%B8%AF-%E3%83%9E%E3%82%AB%E3%82%AAeSIM%E3%80%913%E6%97%A5%E9%96%93-%E9%AB%98%E9%80%9F%E3%83%87%E3%83%BC%E3%82%BF%E9%80%9A%E4%BF%A1-%E3%83%87%E3%83%BC%E3%82%BF%E9%80%9A%E4%BF%A1%E5%B0%82%E7%94%A8-4G%E5%AF%BE%E5%BF%9C/dp/B0GTYRCM6T,B0GTYRCM6T,B0GTYRCM6T,Mewfi 正規販売店,mewfiのストアを表示,"{""price_jpy"": [""￥1,480""], ""usage_validity"": [""【香港 マカオeSIM】3日間 高速データ通信 無制限 データ通信専用 5G / 4G対応""], ""activation_validity"": [""【有効期限】eSIM情報が記載されたメールの受信日から90日以内にご利用ください。""], ""data_amount"": [""【香港 マカオeSIM】利用期間中、高速データ通信を無制限でご利用いただけます。1日ごとのデータ容量上限はありません。""], ""network_type"": [""local_signal: 【T-Mobile純正品】eSIM版 アメリカ ハワイ SIM 7日間【使い放題】【電話番号付き】5G/4G-LTE 高速データ通信/通話/SMS/テザリング 【アメリカ ハワイ 無制限】 プリペイド SIMカード T-Mobile esim 7days"", ""roaming_signal: 【注意】香港・マカオでご利用の際は、端末のデータローミングをオンにしてください。"", ""insufficient_or_conflicting_signals(local=3, roaming=3)""], ""network_generation"": [""product_info_cellular_5g: source:product_info_cellular: 携帯電話技術 LTE, 5G"", ""product_info_cellular_4g_lte_signal_present_but_5g_capable_takes_precedence""], ""review_count"": [""detail_page: (12)""], ""bestseller_rank"": [""Amazon 売れ筋ランキング 家電＆カメラ - 68,640位 ( 家電＆カメラの売れ筋ランキングを見る ) プリペイドSIMカード - 688位""], ""title"": [""【香港 マカオeSIM】3日間 高速データ通信 無制限 データ通信専用 5G / 4G対応""]}"
amazon_jp,mo,【Almond eSIM】中国 香港 マカオ 大中華 esim 7日間 高速データ通信 完全無制限 当日発行可能 中国ネット規制対象外 中国でもGoogle、LINE、YouTubeなどVPNなしで利用可能 24時間サポート 4G-LTE対応 プリペイド ESIMプラン China HONGKONG MACAO simカード (7日間完全無制限),2680,14,,,,,500,7일,7일,7일,unknown,lte_4g_only,,,"{""ctm"": null, ""china_telecom_macau"": null, ""three_macau"": null}","{""skt"": null, ""kt"": null, ""lgu"": null}",unlimited,https://www.amazon.co.jp/%E4%B8%AD%E5%9B%BD%E3%83%8D%E3%83%83%E3%83%88%E8%A6%8F%E5%88%B6%E5%AF%BE%E8%B1%A1%E5%A4%96-%E4%B8%AD%E5%9B%BD%E3%81%A7%E3%82%82Google%E3%80%81LINE%E3%80%81YouTube%E3%81%AA%E3%81%A9VPN%E3%81%AA%E3%81%97%E3%81%A7%E5%88%A9%E7%94%A8%E5%8F%AF%E8%83%BD-24%E6%99%82%E9%96%93%E3%82%B5%E3%83%9D%E3%83%BC%E3%83%88-4G-LTE%E5%AF%BE%E5%BF%9C-7%E6%97%A5%E9%96%93%E5%AE%8C%E5%85%A8%E7%84%A1%E5%88%B6%E9%99%90/dp/B0DR872CKP,B0DR872CKP,B0DR872CKP,株式会社ビッグコネクト,bigconnectのストアを表示,"{""price_jpy"": [""￥2,680""], ""usage_validity"": [""【Almond eSIM】中国 香港 マカオ 大中華 esim 7日間 高速データ通信 完全無制限 当日発行可能 中国ネット規制対象外 中国でもGoogle、LINE、YouTubeなどVPNなしで利用可能 24時間サポート 4G-LTE対応 プリペイド ESIMプラン China HONGKONG MACAO simカード (7日間完全無制限)""], ""activation_validity"": [""【Almond eSIM】中国 香港 マカオ 大中華 esim 7日間 高速データ通信 完全無制限 当日発行可能 中国ネット規制対象外 中国でもGoogle、LINE、YouTubeなどVPNなしで利用可能 24時間サポート 4G-LTE対応 プリペイド ESIMプラン China HONGKONG MACAO simカード (7日間完全無制限)""], ""data_amount"": [""【データプラン】データ通信専用のeSIMです。※高速データ容量は無制限。完全使い放題プラン、中国ネット規制対象外 中国でもGoogle、LINE、YouTubeなどVPNなしで利用可能、本人確認やSIMカード認証は不要で、当日に発行が可能です。""], ""network_type"": [""local_signal: 【チョコSIM 定額（Sプラン）】【中国の電話番号付きでアプリや施設サービスのSMS認証が可能】【データ容量】合計500MB/月【音声】合計20分間/月 データ/音声/SMS付きSIMカード 中国SIM マカオSIM China unicom ※こちらのSIMカードは契約後、毎月の基本料が発生いたします。※2024年11月1日から台湾でのご利用はできなくなり"", ""roaming_signal: 経験から３地域のローミングが快適なeSIMです。"", ""insufficient_or_conflicting_signals(local=6, roaming=3)""], ""network_generation"": [""product_info_cellular_4g_lte: source:product_info_cellular: 携帯電話技術 LTE""], ""review_count"": [""detail_page: (14)""], ""bestseller_rank"": [""Amazon 売れ筋ランキング 家電＆カメラ - 47,103位 ( 家電＆カメラの売れ筋ランキングを見る ) プリペイドSIMカード - 500位""], ""title"": [""【Almond eSIM】中国 香港 マカオ 大中華 esim 7日間 高速データ通信 完全無制限 当日発行可能 中国ネット規制対象外 中国でもGoogle、LINE、YouTubeなどVPNなしで利用可能 24時間サポート 4G-LTE対応 プリペイド ESIMプラン China HONGKONG MACAO simカード (7日間完全無制限)""]}"
amazon_jp,mo,【中国 香港 マカオ eSIM】5日間 無制限 実名登録不要 高速データ通信 低速なし 中国ネット規制対象外 Line、Youtube、GoogleなどVPNなしで利用可能 QRコード設定 メール登録で納品 即日発行対応 急ぎの方LINEサポートあり 中国esim 香港esim マカオesim,1880,22,,,,,361,5일,5일,5일,unknown,lte_4g_only,,,"{""ctm"": null, ""china_telecom_macau"": null, ""three_macau"": null}","{""skt"": null, ""kt"": null, ""lgu"": null}",unlimited,https://www.amazon.co.jp/eSIM%E3%80%915%E6%97%A5%E9%96%93-%E4%B8%AD%E5%9B%BD%E3%83%8D%E3%83%83%E3%83%88%E8%A6%8F%E5%88%B6%E5%AF%BE%E8%B1%A1%E5%A4%96-Line%E3%80%81Youtube%E3%80%81Google%E3%81%AA%E3%81%A9VPN%E3%81%AA%E3%81%97%E3%81%A7%E5%88%A9%E7%94%A8%E5%8F%AF%E8%83%BD-%E3%83%A1%E3%83%BC%E3%83%AB%E7%99%BB%E9%8C%B2%E3%81%A7%E7%B4%8D%E5%93%81-%E6%80%A5%E3%81%8E%E3%81%AE%E6%96%B9LINE%E3%82%B5%E3%83%9D%E3%83%BC%E3%83%88%E3%81%82%E3%82%8A/dp/B0FBVRLKHL,B0FBVRLKHL,B0FBVRLKHL,マグロeSIM,マグロeSIMのストアを表示,"{""price_jpy"": [""￥1,880""], ""usage_validity"": [""【中国 香港 マカオ eSIM】5日間 無制限 実名登録不要 高速データ通信 低速なし 中国ネット規制対象外 Line、Youtube、GoogleなどVPNなしで利用可能 QRコード設定 メール登録で納品 即日発行対応 急ぎの方LINEサポートあり 中国esim 香港esim マカオesim""], ""activation_validity"": [""【中国 香港 マカオ eSIM】5日間 無制限 実名登録不要 高速データ通信 低速なし 中国ネット規制対象外 Line、Youtube、GoogleなどVPNなしで利用可能 QRコード設定 メール登録で納品 即日発行対応 急ぎの方LINEサポートあり 中国esim 香港esim マカオesim""], ""data_amount"": [""【高速データ】高速データ通信が無制限に使用可能です。""], ""network_type"": [""local_signal: 【チョコSIM 定額（Sプラン）】【中国の電話番号付きでアプリや施設サービスのSMS認証が可能】【データ容量】合計500MB/月【音声】合計20分間/月 データ/音声/SMS付きSIMカード 中国SIM マカオSIM China unicom ※こちらのSIMカードは契約後、毎月の基本料が発生いたします。※2024年11月1日から台湾でのご利用はできなくなり"", ""roaming_signal: 商品の説明 購入前にご注意！ 注意事項①：ご購入後、商品画像に記載されたURLにアクセスし必要事項を入力→メールアドレスにPDFの説明書とeSIMのQRコードが届きます！ 注意事項②：SIMロックフリー端末、もしくはSIMフリー端末専用のサービスです。必ず、ご利用端末がeSIM対応かどうかご確認ください。 注意事項③：eSIM対応端末のみ利用可能。※通信キャ"", ""insufficient_or_conflicting_signals(local=6, roaming=3)""], ""network_generation"": [""product_info_cellular_4g_lte: source:product_info_cellular: 携帯電話技術 LTE""], ""review_count"": [""detail_page: (22)""], ""bestseller_rank"": [""Amazon 売れ筋ランキング 家電＆カメラ - 33,270位 ( 家電＆カメラの売れ筋ランキングを見る ) プリペイドSIMカード - 361位""], ""title"": [""【中国 香港 マカオ eSIM】5日間 無制限 実名登録不要 高速データ通信 低速なし 中国ネット規制対象外 Line、Youtube、GoogleなどVPNなしで利用可能 QRコード設定 メール登録で納品 即日発行対応 急ぎの方LINEサポートあり 中国esim 香港esim マカオesim""]}"
amazon_jp,mo,【中国本土eSIM】香港とマカオでも利用可能 5日間 5GB 定番プラン データ通信専用（電話番号なし） 5G/4G-LTE対応 中国でもGoogle、LINE、YouTubeをVPNなしで利用可能 説明書付き LINEで24時間サポート 香港 マカオ 中国SIM MEWMEWホーム (5日間 5GB),1080,9,,,,,974,5일,5일,7일,unknown,5g_capable,,,"{""ctm"": null, ""china_telecom_macau"": null, ""three_macau"": null}","{""skt"": null, ""kt"": null, ""lgu"": null}",5GB,https://www.amazon.co.jp/%E3%80%90%E4%B8%AD%E5%9B%BD%E6%9C%AC%E5%9C%9FeSIM%E3%80%91%E9%A6%99%E6%B8%AF%E3%81%A8%E3%83%9E%E3%82%AB%E3%82%AA%E3%81%A7%E3%82%82%E5%88%A9%E7%94%A8%E5%8F%AF%E8%83%BD-5%E6%97%A5%E9%96%93-5GB-%E3%83%87%E3%83%BC%E3%82%BF%E9%80%9A%E4%BF%A1%E5%B0%82%E7%94%A8%EF%BC%88%E9%9B%BB%E8%A9%B1%E7%95%AA%E5%8F%B7%E3%81%AA%E3%81%97%EF%BC%89-%E4%B8%AD%E5%9B%BD%E3%81%A7%E3%82%82Google%E3%80%81LINE%E3%80%81YouTube%E3%82%92VPN%E3%81%AA%E3%81%97%E3%81%A7%E5%88%A9%E7%94%A8%E5%8F%AF%E8%83%BD/dp/B0F1ZZLG69,B0F1ZZLG69,B0F1ZZLG69,mewmewホーム eSIM,ＭＥＷＭＥＷホームのストアを表示,"{""price_jpy"": [""￥1,080""], ""usage_validity"": [""【中国本土eSIM】香港とマカオでも利用可能 5日間 5GB 定番プラン データ通信専用（電話番号なし） 5G/4G-LTE対応 中国でもGoogle、LINE、YouTubeをVPNなしで利用可能 説明書付き LINEで24時間サポート 香港 マカオ 中国SIM MEWMEWホーム (5日間 5GB)""], ""activation_validity"": [""大中華区SIMカード-中国、香港、マカオ、台湾向けプリペイドデータプラン｜2 GB毎日データ、7日有効期限｜高速4/5 G LTE｜旅行者に最適""], ""data_amount"": [""型番 5日間 5GB""], ""network_type"": [""【T-Mobile純正品】eSIM版 アメリカ ハワイ SIM 7日間【使い放題】【電話番号付き】5G/4G-LTE 高速データ通信/通話/SMS/テザリング 【アメリカ ハワイ 無制限】 プリペイド SIMカード T-Mobile esim 7days"", ""【チョコSIM 定額（Sプラン）】【中国の電話番号付きでアプリや施設サービスのSMS認証が可能】【データ容量】合計500MB/月【音声】合計20分間/月 データ/音声/SMS付きSIMカード 中国SIM マカオSIM China unicom ※こちらのSIMカードは契約後、毎月の基本料が発生いたします。※2024年11月1日から台湾でのご利用はできなくなり"", ""score: local=9, roaming=0"", ""local_claim_refers_to:cn""], ""network_generation"": [""product_info_cellular_5g: source:product_info_cellular: 携帯電話技術 LTE, 5G"", ""product_info_cellular_4g_lte_signal_present_but_5g_capable_takes_precedence""], ""review_count"": [""detail_page: (9)""], ""bestseller_rank"": [""Amazon 売れ筋ランキング 家電＆カメラ - 107,315位 ( 家電＆カメラの売れ筋ランキングを見る ) プリペイドSIMカード - 974位""], ""title"": [""【中国本土eSIM】香港とマカオでも利用可能 5日間 5GB 定番プラン データ通信専用（電話番号なし） 5G/4G-LTE対応 中国でもGoogle、LINE、YouTubeをVPNなしで利用可能 説明書付き LINEで24時間サポート 香港 マカオ 中国SIM MEWMEWホーム (5日間 5GB)""]}"
amazon_jp,mo,【香港 eSIM】マカオeSIM 高速データ無制限&データ通信専用 香港SIM マカオSIM 当日利用可能&90日間有効 24時間オンラインサポート お急ぎのご相談は（LINEで受付中です） Hong Kong＆Macao SIM way2esim (1日間),680,6,,,,,1577,1일,1일,,unknown,lte_4g_only,,,"{""ctm"": null, ""china_telecom_macau"": null, ""three_macau"": null}","{""skt"": null, ""kt"": null, ""lgu"": null}",unlimited,https://www.amazon.co.jp/eSIM%E3%80%91%E3%83%9E%E3%82%AB%E3%82%AAeSIM-24%E6%99%82%E9%96%93%E3%82%AA%E3%83%B3%E3%83%A9%E3%82%A4%E3%83%B3%E3%82%B5%E3%83%9D%E3%83%BC%E3%83%88-%E3%81%8A%E6%80%A5%E3%81%8E%E3%81%AE%E3%81%94%E7%9B%B8%E8%AB%87%E3%81%AF%EF%BC%88LINE%E3%81%A7%E5%8F%97%E4%BB%98%E4%B8%AD%E3%81%A7%E3%81%99%EF%BC%89-Kong%EF%BC%86Macao-way2esim/dp/B0GVYCM94W,B0GVYCM94W,B0GVYCM94W,eSIM株式会社,way2esimのストアを表示,"{""price_jpy"": [""￥680""], ""usage_validity"": [""【香港 eSIM】マカオeSIM 高速データ無制限&データ通信専用 香港SIM マカオSIM 当日利用可能&90日間有効 24時間オンラインサポート お急ぎのご相談は（LINEで受付中です） Hong Kong＆Macao SIM way2esim (1日間)""], ""data_amount"": [""【高速データ無制限】：香港・マカオeSIMは、高速データを無制限でご利用いただけます。この香港・マカオeSIMはデータ通信専用で、電話番号は含まれておりません。SNSやウェブ閲覧など、さまざまなインターネットサービスを快適にご利用いただけます。""], ""network_type"": [""【Almond SIM】 ベトナム 7日間 完全無制限 電話番号付き｜純正Vietnamobile キャリア ｜ホーチミン・ハノイなど 対応｜LINEで24時間サポート｜4G-LTE対応 プリペイドsim ｜Vietnam simカード (物理sim/7日間)"", ""score: local=3, roaming=0"", ""local_claim_refers_to:hk""], ""network_generation"": [""product_info_cellular_4g_lte: source:product_info_cellular: 携帯電話技術 LTE""], ""review_count"": [""detail_page: (6)""], ""bestseller_rank"": [""Amazon 売れ筋ランキング 家電＆カメラ - 196,445位 ( 家電＆カメラの売れ筋ランキングを見る ) プリペイドSIMカード - 1,577位""], ""title"": [""【香港 eSIM】マカオeSIM 高速データ無制限&データ通信専用 香港SIM マカオSIM 当日利用可能&90日間有効 24時間オンラインサポート お急ぎのご相談は（LINEで受付中です） Hong Kong＆Macao SIM way2esim (1日間)""]}"
amazon_jp,mo,【中国 香港 マカオ eSIM】4日間 無制限 実名登録不要 高速データ通信 低速なし 中国ネット規制対象外 Line、Youtube、GoogleなどVPNなしで利用可能 QRコード設定 メール登録で納品 即日発行対応 急ぎの方LINEサポートあり 中国esim 香港esim マカオesim マグロeSIM,1680,23,,,,,806,4일,4일,4일,unknown,lte_4g_only,,,"{""ctm"": null, ""china_telecom_macau"": null, ""three_macau"": null}","{""skt"": null, ""kt"": null, ""lgu"": null}",unlimited,https://www.amazon.co.jp/eSIM%E3%80%914%E6%97%A5%E9%96%93-%E4%B8%AD%E5%9B%BD%E3%83%8D%E3%83%83%E3%83%88%E8%A6%8F%E5%88%B6%E5%AF%BE%E8%B1%A1%E5%A4%96-Line%E3%80%81Youtube%E3%80%81Google%E3%81%AA%E3%81%A9VPN%E3%81%AA%E3%81%97%E3%81%A7%E5%88%A9%E7%94%A8%E5%8F%AF%E8%83%BD-%E6%80%A5%E3%81%8E%E3%81%AE%E6%96%B9LINE%E3%82%B5%E3%83%9D%E3%83%BC%E3%83%88%E3%81%82%E3%82%8A-%E3%83%9E%E3%82%B0%E3%83%ADeSIM/dp/B0DW837B3C,B0DW837B3C,B0DW837B3C,マグロeSIM,マグロeSIMのストアを表示,"{""price_jpy"": [""￥1,680""], ""usage_validity"": [""【中国 香港 マカオ eSIM】4日間 無制限 実名登録不要 高速データ通信 低速なし 中国ネット規制対象外 Line、Youtube、GoogleなどVPNなしで利用可能 QRコード設定 メール登録で納品 即日発行対応 急ぎの方LINEサポートあり 中国esim 香港esim マカオesim マグロeSIM""], ""activation_validity"": [""【中国 香港 マカオ eSIM】4日間 無制限 実名登録不要 高速データ通信 低速なし 中国ネット規制対象外 Line、Youtube、GoogleなどVPNなしで利用可能 QRコード設定 メール登録で納品 即日発行対応 急ぎの方LINEサポートあり 中国esim 香港esim マカオesim マグロeSIM""], ""data_amount"": [""【高速データ】高速データ通信が無制限に使用可能です。""], ""network_type"": [""local_signal: 【チョコSIM 定額（Sプラン）】【中国の電話番号付きでアプリや施設サービスのSMS認証が可能】【データ容量】合計500MB/月【音声】合計20分間/月 データ/音声/SMS付きSIMカード 中国SIM マカオSIM China unicom ※こちらのSIMカードは契約後、毎月の基本料が発生いたします。※2024年11月1日から台湾でのご利用はできなくなり"", ""roaming_signal: 商品の説明 購入前にご注意！ 注意事項①：ご購入後、商品画像に記載されたURLにアクセスし必要事項を入力→メールアドレスにPDFの説明書とeSIMのQRコードが届きます！ 注意事項②：SIMロックフリー端末、もしくはSIMフリー端末専用のサービスです。必ず、ご利用端末がeSIM対応かどうかご確認ください。 注意事項③：eSIM対応端末のみ利用可能。※通信キャ"", ""insufficient_or_conflicting_signals(local=6, roaming=3)""], ""network_generation"": [""product_info_cellular_4g_lte: source:product_info_cellular: 携帯電話技術 LTE""], ""review_count"": [""detail_page: (23)""], ""bestseller_rank"": [""Amazon 売れ筋ランキング 家電＆カメラ - 85,092位 ( 家電＆カメラの売れ筋ランキングを見る ) プリペイドSIMカード - 806位""], ""title"": [""【中国 香港 マカオ eSIM】4日間 無制限 実名登録不要 高速データ通信 低速なし 中国ネット規制対象外 Line、Youtube、GoogleなどVPNなしで利用可能 QRコード設定 メール登録で納品 即日発行対応 急ぎの方LINEサポートあり 中国esim 香港esim マカオesim マグロeSIM""]}"
amazon_jp,mo,【香港・マカオ eSIM】5日間 高速無制限 データ通信専用（電話番号なし） 5G/4G-LTE対応 当日発行可能 説明書付き LINEで24時間サポート 香港SIM マカオSIM MEWMEWホーム (5日間),1880,6,,,,,748,5일,5일,5일,unknown,5g_capable,,,"{""ctm"": null, ""china_telecom_macau"": null, ""three_macau"": null}","{""skt"": null, ""kt"": null, ""lgu"": null}",unlimited,https://www.amazon.co.jp/eSIM%E3%80%915%E6%97%A5%E9%96%93-%E3%83%87%E3%83%BC%E3%82%BF%E9%80%9A%E4%BF%A1%E5%B0%82%E7%94%A8%EF%BC%88%E9%9B%BB%E8%A9%B1%E7%95%AA%E5%8F%B7%E3%81%AA%E3%81%97%EF%BC%89-LINE%E3%81%A724%E6%99%82%E9%96%93%E3%82%B5%E3%83%9D%E3%83%BC%E3%83%88-MEWMEW%E3%83%9B%E3%83%BC%E3%83%A0-5%E6%97%A5%E9%96%93/dp/B0F212285X,B0F212285X,B0F212285X,mewmewホーム eSIM,ＭＥＷＭＥＷホームのストアを表示,"{""price_jpy"": [""￥1,880""], ""usage_validity"": [""【香港・マカオ eSIM】5日間 高速無制限 データ通信専用（電話番号なし） 5G/4G-LTE対応 当日発行可能 説明書付き LINEで24時間サポート 香港SIM マカオSIM MEWMEWホーム (5日間)""], ""activation_validity"": [""【香港・マカオ eSIM】5日間 高速無制限 データ通信専用（電話番号なし） 5G/4G-LTE対応 当日発行可能 説明書付き LINEで24時間サポート 香港SIM マカオSIM MEWMEWホーム (5日間)""], ""data_amount"": [""【高速データ無制限】香港・マカオで高速データ通信が完全無制限で利用可能です。高画質動画の視聴、地図検索、写真や動画のシェアなど、快適なインターネット環境を提供します。""], ""network_type"": [""【チョコSIM 定額（Sプラン）】【中国の電話番号付きでアプリや施設サービスのSMS認証が可能】【データ容量】合計500MB/月【音声】合計20分間/月 データ/音声/SMS付きSIMカード 中国SIM マカオSIM China unicom ※こちらのSIMカードは契約後、毎月の基本料が発生いたします。※2024年11月1日から台湾でのご利用はできなくなり"", ""【SKTelecoｍ公式認証】 韓国eSIM 3日間 (72時間) 電話番号付き 超高速データ無制限 最初の5分発信無料(韓国国内) お急ぎの方即時発行可(LINE相談受付中) 有効期限／ご購入日より120日以内 現地空港サポート(SKTelecomローミングセンター) SKテレコム正規品 韓国SIMカードタイプではありません"", ""score: local=6, roaming=0"", ""local_claim_refers_to:hk""], ""network_generation"": [""product_info_cellular_5g: source:product_info_cellular: 携帯電話技術 LTE, 5G"", ""product_info_cellular_4g_lte_signal_present_but_5g_capable_takes_precedence""], ""review_count"": [""detail_page: (6)""], ""bestseller_rank"": [""Amazon 売れ筋ランキング 家電＆カメラ - 75,705位 ( 家電＆カメラの売れ筋ランキングを見る ) プリペイドSIMカード - 748位""], ""title"": [""【香港・マカオ eSIM】5日間 高速無制限 データ通信専用（電話番号なし） 5G/4G-LTE対応 当日発行可能 説明書付き LINEで24時間サポート 香港SIM マカオSIM MEWMEWホーム (5日間)""]}"
amazon_jp,mo,【中国・香港・マカオ eSIM】プリペイド sim 高速データ無制限 低速なし 海外旅行 当日利用可能 説明書付 LINEで年中無休 24時間サポート 中国 sim 香港 sim マカオ sim way2esim (4日間 無制限),1780,29,,,,,1517,4일,4일,90일,unknown,lte_4g_only,,,"{""ctm"": null, ""china_telecom_macau"": null, ""three_macau"": null}","{""skt"": null, ""kt"": null, ""lgu"": null}",unlimited,https://www.amazon.co.jp/%E3%80%90%E4%B8%AD%E5%9B%BD%E3%83%BB%E9%A6%99%E6%B8%AF%E3%83%BB%E3%83%9E%E3%82%AB%E3%82%AA-%E9%AB%98%E9%80%9F%E3%83%87%E3%83%BC%E3%82%BF%E7%84%A1%E5%88%B6%E9%99%90-LINE%E3%81%A7%E5%B9%B4%E4%B8%AD%E7%84%A1%E4%BC%91-24%E6%99%82%E9%96%93%E3%82%B5%E3%83%9D%E3%83%BC%E3%83%88-way2esim/dp/B0GJD7RDKB,B0GJD7RDKB,B0GJD7RDKB,eSIM株式会社,way2esimのストアを表示,"{""price_jpy"": [""￥1,780""], ""usage_validity"": [""【中国・香港・マカオ eSIM】プリペイド sim 高速データ無制限 低速なし 海外旅行 当日利用可能 説明書付 LINEで年中無休 24時間サポート 中国 sim 香港 sim マカオ sim way2esim (4日間 無制限)""], ""activation_validity"": [""【有効期限】メールで納品した90日以内にご利用始めてください。旅行予定が未定でも、必要なタイミングでいつでも利用開始できます。""], ""data_amount"": [""【高速データ無制限】このeSIMは、中国本土、香港とマカオで回線に接続し、高速データを無制限でご利用いただけます。SNSやウェブの閲覧など、さまざまなインターネットサービスを高速かつ無制限でご利用いただけます。""], ""network_type"": [""no_local_or_roaming_keyword_matched""], ""network_generation"": [""product_info_cellular_4g_lte: source:product_info_cellular: 携帯電話技術 4G LTE""], ""review_count"": [""detail_page: (29)""], ""bestseller_rank"": [""Amazon 売れ筋ランキング 家電＆カメラ - 187,879位 ( 家電＆カメラの売れ筋ランキングを見る ) プリペイドSIMカード - 1,517位""], ""title"": [""【中国・香港・マカオ eSIM】プリペイド sim 高速データ無制限 低速なし 海外旅行 当日利用可能 説明書付 LINEで年中無休 24時間サポート 中国 sim 香港 sim マカオ sim way2esim (4日間 無制限)""]}"
amazon_jp,mo,【Almond SIM】中国本土 simcard 4日間 高速データ通信 完全無制限 香港 マカオにも利用可能 1-30日間選択可能 中国ネット規制対象外 中国でもGoogle、LINE、YouTubeなど利用可能 24時間安心サポート 5G 4G-LTE対応 プリペイド SIMカード China simカード (4日間/無制限),1880,2,,,,,233,4일,4일,,unknown,5g_capable,,,"{""ctm"": true, ""china_telecom_macau"": null, ""three_macau"": null}","{""skt"": null, ""kt"": null, ""lgu"": null}",unlimited,https://www.amazon.co.jp/4%E6%97%A5%E9%96%93-1-30%E6%97%A5%E9%96%93%E9%81%B8%E6%8A%9E%E5%8F%AF%E8%83%BD-%E4%B8%AD%E5%9B%BD%E3%83%8D%E3%83%83%E3%83%88%E8%A6%8F%E5%88%B6%E5%AF%BE%E8%B1%A1%E5%A4%96-%E4%B8%AD%E5%9B%BD%E3%81%A7%E3%82%82Google%E3%80%81LINE%E3%80%81YouTube%E3%81%AA%E3%81%A9%E5%88%A9%E7%94%A8%E5%8F%AF%E8%83%BD-%E7%84%A1%E5%88%B6%E9%99%90/dp/B0FMQQRC3N,B0FMQQRC3N,B0FMQQRC3N,株式会社ビッグコネクト,bigconnectのストアを表示,"{""price_jpy"": [""￥1,880""], ""usage_validity"": [""【Almond SIM】中国本土 simcard 4日間 高速データ通信 完全無制限 香港 マカオにも利用可能 1-30日間選択可能 中国ネット規制対象外 中国でもGoogle、LINE、YouTubeなど利用可能 24時間安心サポート 5G 4G-LTE対応 プリペイド SIMカード China simカード (4日間/無制限)""], ""data_amount"": [""【データプラン】データ通信専用のSIMです。※高速データ容量は無制限。完全使い放題プラン、中国ネット規制対象外 中国でもGoogle、LINE、YouTubeなどVPNなしで利用可能、本人確認やSIMカード認証は不要で、1-30日間選択可能。""], ""network_type"": [""roaming_signal: 【中国ネット制限なし】中国本土での利用の場合は香港ローミング接続を行います。これにより中国政府のネット規制対象外となり、Google、Facebook、Twitter、Instagram等に接続可能です。中華圏渡航スケジュールに対応する手軽なプリペイドSIMカード。キャリア：中国：China Telecom 香港：3HK マカオ: CTM。"", ""insufficient_or_conflicting_signals(local=0, roaming=1)""], ""network_generation"": [""product_info_cellular_5g: source:product_info_cellular: 携帯電話技術 5G 4G-Lte""], ""carrier_support_local"": [""CTM: 【中国ネット制限なし】中国本土での利用の場合は香港ローミング接続を行います。これにより中国政府のネット規制対象外となり、Google、Facebook、Twitter、Instagram等に接続可能です。中華圏渡航スケジュールに対応する手軽なプリペイドSIMカード。キャリア：中国：China Tel"", ""CTM: サービスプロバイダ 中国：China Telecom 香港：3HK マカオ: CTM""], ""review_count"": [""detail_page: (2)""], ""bestseller_rank"": [""Amazon 売れ筋ランキング 家電＆カメラ - 20,128位 ( 家電＆カメラの売れ筋ランキングを見る ) プリペイドSIMカード - 233位""], ""title"": [""【Almond SIM】中国本土 simcard 4日間 高速データ通信 完全無制限 香港 マカオにも利用可能 1-30日間選択可能 中国ネット規制対象外 中国でもGoogle、LINE、YouTubeなど利用可能 24時間安心サポート 5G 4G-LTE対応 プリペイド SIMカード China simカード (4日間/無制限)""]}"
amazon_jp,mo,【中国 sim】10日間 完全無制限・高速データ通信｜中国・香港・マカオ対応｜中国本土でもGoogle・LINE・YouTube利用可能｜24時間サポート｜中国本土 プリペイドSIM 中国本土・香港・マカオ SIMカード (10日間｜無制限),3480,2,,,,,298,10일,10일,30일,roaming,5g_capable,,,"{""ctm"": true, ""china_telecom_macau"": null, ""three_macau"": null}","{""skt"": null, ""kt"": null, ""lgu"": null}",unlimited,https://www.amazon.co.jp/sim%E3%80%9110%E6%97%A5%E9%96%93-%E5%AE%8C%E5%85%A8%E7%84%A1%E5%88%B6%E9%99%90%E3%83%BB%E9%AB%98%E9%80%9F%E3%83%87%E3%83%BC%E3%82%BF%E9%80%9A%E4%BF%A1%EF%BD%9C%E4%B8%AD%E5%9B%BD%E3%83%BB%E9%A6%99%E6%B8%AF%E3%83%BB%E3%83%9E%E3%82%AB%E3%82%AA%E5%AF%BE%E5%BF%9C%EF%BD%9C%E4%B8%AD%E5%9B%BD%E6%9C%AC%E5%9C%9F%E3%81%A7%E3%82%82Google%E3%83%BBLINE%E3%83%BBYouTube%E5%88%A9%E7%94%A8%E5%8F%AF%E8%83%BD%EF%BD%9C24%E6%99%82%E9%96%93%E3%82%B5%E3%83%9D%E3%83%BC%E3%83%88%EF%BD%9C%E4%B8%AD%E5%9B%BD%E6%9C%AC%E5%9C%9F-%E3%83%97%E3%83%AA%E3%83%9A%E3%82%A4%E3%83%89SIM-%E4%B8%AD%E5%9B%BD%E6%9C%AC%E5%9C%9F%E3%83%BB%E9%A6%99%E6%B8%AF%E3%83%BB%E3%83%9E%E3%82%AB%E3%82%AA-10%E6%97%A5%E9%96%93%EF%BD%9C%E7%84%A1%E5%88%B6%E9%99%90/dp/B0FPX9SGWK,B0FPX9SGWK,B0FPX9SGWK,Global Simcard,アーモンド　ＳＩｍ　ｃａｒｄのストアを表示,"{""price_jpy"": [""￥3,480""], ""usage_validity"": [""【中国 sim】10日間 完全無制限・高速データ通信｜中国・香港・マカオ対応｜中国本土でもGoogle・LINE・YouTube利用可能｜24時間サポート｜中国本土 プリペイドSIM 中国本土・香港・マカオ SIMカード (10日間｜無制限)""], ""activation_validity"": [""🔷【高速データ通信】データ専用のプリペイドSIM。容量無制限で高速データを完全使い放題！本人確認やSIMカード認証は不要で、利用期間は1～30日間から自由に選べます。 🔷【中国ネット制限なし】香港ローミング接続で中国政府の規制対象外。Google、LINE、YouTube、Facebook、Instagramなど主要アプリがVPN不要でそのまま利用可能。本人""], ""data_amount"": [""🔷【高速データ通信】データ専用のプリペイドSIM。容量無制限で高速データを完全使い放題！本人確認やSIMカード認証は不要で、利用期間は1～30日間から自由に選べます。""], ""network_type"": [""🔷【中国ネット制限なし】香港ローミング接続で中国政府の規制対象外。Google、LINE、YouTube、Facebook、Instagramなど主要アプリがVPN不要でそのまま利用可能。本人確認も不要です。"", ""🔷【高速データ通信】データ専用のプリペイドSIM。容量無制限で高速データを完全使い放題！本人確認やSIMカード認証は不要で、利用期間は1～30日間から自由に選べます。 🔷【中国ネット制限なし】香港ローミング接続で中国政府の規制対象外。Google、LINE、YouTube、Facebook、Instagramなど主要アプリがVPN不要でそのまま利用可能。本人"", ""score: local=0, roaming=2""], ""network_generation"": [""product_info_cellular_5g: source:product_info_cellular: 携帯電話技術 5G/4G-LTE""], ""carrier_support_local"": [""CTM: 🔷【対応キャリア】中国本土：中国電信（China Telecom）、香港：3HK、マカオ：CTM。中華圏への渡航に幅広く対応。"", ""CTM: 🔷【高速データ通信】データ専用のプリペイドSIM。容量無制限で高速データを完全使い放題！本人確認やSIMカード認証は不要で、利用期間は1～30日間から自由に選べます。 🔷【中国ネット制限なし】香港ローミング接続で中国政府の規制対象外。Google、LINE、YouTube、Facebook、Inst"", ""CTM: サービスプロバイダ China Telecom/3HK /CTM""], ""review_count"": [""detail_page: (2)""], ""bestseller_rank"": [""Amazon 売れ筋ランキング 家電＆カメラ - 26,869位 ( 家電＆カメラの売れ筋ランキングを見る ) プリペイドSIMカード - 298位""], ""title"": [""【中国 sim】10日間 完全無制限・高速データ通信｜中国・香港・マカオ対応｜中国本土でもGoogle・LINE・YouTube利用可能｜24時間サポート｜中国本土 プリペイドSIM 中国本土・香港・マカオ SIMカード (10日間｜無制限)""]}"
amazon_jp,mo,台湾 TAIWAN ESIMプラン 4日間 完全無制限 4G-LTE 高速データ 使い放題 当日発行可能 出発前日本テスト用eSIM500MB 台北 高雄 プリペイドSIM 桃園 esim taiwan sim (4日間完全無制限),1595,254,,,200,,23,4일,4일,30일,local,lte_4g_only,,,"{""ctm"": null, ""china_telecom_macau"": null, ""three_macau"": null}","{""skt"": null, ""kt"": null, ""lgu"": null}",unlimited,https://www.amazon.co.jp/TAIWAN-ESIM%E3%83%97%E3%83%A9%E3%83%B3-4G-LTE-%E3%83%97%E3%83%AA%E3%83%9A%E3%82%A4%E3%83%89SIM-4%E6%97%A5%E9%96%93%E5%AE%8C%E5%85%A8%E7%84%A1%E5%88%B6%E9%99%90/dp/B0CY1JXCZ7,B0CY1JXCZ7,B0CY1JXCZ7,株式会社ビッグコネクト,bigconnectのストアを表示,"{""price_jpy"": [""￥1,595""], ""usage_validity"": [""台湾 TAIWAN ESIMプラン 4日間 完全無制限 4G-LTE 高速データ 使い放題 当日発行可能 出発前日本テスト用eSIM500MB 台北 高雄 プリペイドSIM 桃園 esim taiwan sim (4日間完全無制限)""], ""activation_validity"": [""【SimCardの有効期限】メールで納品した30日以内にご利用始めてください。該当の商品はEsimcardになります、物理SIMカードを装着するのではなく、スマートフォンやタブレット等の端末内にあらかじめ埋め込まれたチップに、インターネット経由でデータプランを書き込むことができます。物理のSIMが入っていません。""], ""data_amount"": [""【高速データ完全無制限】 通信専用Esimになります。※データ容量無制限。高速データ使い放題※現地時間の00:00-23：59区切りで、カウントされます。""], ""network_type"": [""【現地キャリア利用】台湾で使用できるeSIM、TAIWAN渡航スケジュールに対応する手軽なeSIMカード。キャリア：中華電信 、台湾では信号が広く、ネットワークが安定し、速度が速いです。eSIMのsimカードはプリペイドsimカードと違って、挿入作業不要(iPhone・androidともeSIMのQRコードを読み取って設定後すぐに使えます。）"", ""【T-Mobile純正品】eSIM版 アメリカ ハワイ SIM 7日間【使い放題】【電話番号付き】5G/4G-LTE 高速データ通信/通話/SMS/テザリング 【アメリカ ハワイ 無制限】 プリペイド SIMカード T-Mobile esim 7days"", ""score: local=12, roaming=0""], ""network_generation"": [""product_info_cellular_4g_lte: source:product_info_cellular: 携帯電話技術 LTE""], ""monthly_sold_count"": [""Amazon.co.jp: 台湾 TAIWAN ESIMプラン 4日間 完全無制限 4G-LTE 高速データ 使い放題 当日発行可能 出発前日本テスト用eSIM500MB 台北 高雄 プリペイドSIM 桃園 esim taiwan sim (4日間完全無制限) : 家電＆カメラ 次に移動 メインコンテンツ この商品について この商品について この商品について""], ""review_count"": [""detail_page: (254)""], ""bestseller_rank"": [""Amazon 売れ筋ランキング 家電＆カメラ - 2,410位 ( 家電＆カメラの売れ筋ランキングを見る ) プリペイドSIMカード - 23位""], ""title"": [""台湾 TAIWAN ESIMプラン 4日間 完全無制限 4G-LTE 高速データ 使い放題 当日発行可能 出発前日本テスト用eSIM500MB 台北 高雄 プリペイドSIM 桃園 esim taiwan sim (4日間完全無制限)""]}"
amazon_jp,mo,【タイ eSIM】10日間 完全無制限 受信放題 | 5Gネットワーク制限なし（九泊十日 使い放題） DeSiM正規卸 | simフリー端末のみ対応 説明書付 イーシム DeSiM,2830,28,,,,,337,10일,10일,10일,local,5g_capable,,,"{""ctm"": null, ""china_telecom_macau"": null, ""three_macau"": null}","{""skt"": null, ""kt"": null, ""lgu"": null}",unlimited,https://www.amazon.co.jp/eSIM%E3%80%9110%E6%97%A5%E9%96%93-100%E5%88%86%E9%80%9A%E8%A9%B1%EF%BC%8B%E5%8F%97%E4%BF%A1%E6%94%BE%E9%A1%8C-5G%E3%83%8D%E3%83%83%E3%83%88%E3%83%AF%E3%83%BC%E3%82%AF%E5%88%B6%E9%99%90%E3%81%AA%E3%81%97%EF%BC%88%E4%B9%9D%E6%B3%8A%E5%8D%81%E6%97%A5-DeSiM%E6%AD%A3%E8%A6%8F%E5%8D%B8-sim%E3%83%95%E3%83%AA%E3%83%BC%E7%AB%AF%E6%9C%AB%E3%81%AE%E3%81%BF%E5%AF%BE%E5%BF%9C/dp/B0D8YVYHGH,B0D8YVYHGH,B0D8YVYHGH,DeSiM,DeSiMのストアを表示,"{""price_jpy"": [""￥2,830""], ""usage_validity"": [""【タイ eSIM】10日間 完全無制限 受信放題 | 5Gネットワーク制限なし（九泊十日 使い放題） DeSiM正規卸 | simフリー端末のみ対応 説明書付 イーシム DeSiM""], ""activation_validity"": [""商品の説明 購入前の注意事項 【注意事項】 注意事項①：端末にインストールした時点でプランのカウントが始まります。（『発行日に利用開始となる商品』のため、事前設定が出来ません。開通手続き時に記入した渡航日(利用開始希望日)当日にQRコード付きのPDFデータをメールにてお送り致します。） 注意事項②：タイ政府の方針により、2025年5月7日以降、観光客向けのタ""], ""data_amount"": [""商品の説明 購入前の注意事項 【注意事項】 注意事項①：端末にインストールした時点でプランのカウントが始まります。（『発行日に利用開始となる商品』のため、事前設定が出来ません。開通手続き時に記入した渡航日(利用開始希望日)当日にQRコード付きのPDFデータをメールにてお送り致します。） 注意事項②：タイ政府の方針により、2025年5月7日以降、観光客向けのタ""], ""network_type"": [""商品の説明 購入前の注意事項 【注意事項】 注意事項①：端末にインストールした時点でプランのカウントが始まります。（『発行日に利用開始となる商品』のため、事前設定が出来ません。開通手続き時に記入した渡航日(利用開始希望日)当日にQRコード付きのPDFデータをメールにてお送り致します。） 注意事項②：タイ政府の方針により、2025年5月7日以降、観光客向けのタ"", ""【チョコSIM 定額（Sプラン）】【中国の電話番号付きでアプリや施設サービスのSMS認証が可能】【データ容量】合計500MB/月【音声】合計20分間/月 データ/音声/SMS付きSIMカード 中国SIM マカオSIM China unicom ※こちらのSIMカードは契約後、毎月の基本料が発生いたします。※2024年11月1日から台湾でのご利用はできなくなり"", ""score: local=9, roaming=0""], ""network_generation"": [""product_info_cellular_5g: source:product_info_cellular: 携帯電話技術 5G""], ""review_count"": [""detail_page: (28)""], ""bestseller_rank"": [""Amazon 売れ筋ランキング 家電＆カメラ - 30,255位 ( 家電＆カメラの売れ筋ランキングを見る ) プリペイドSIMカード - 337位""], ""title"": [""【タイ eSIM】10日間 完全無制限 受信放題 | 5Gネットワーク制限なし（九泊十日 使い放題） DeSiM正規卸 | simフリー端末のみ対応 説明書付 イーシム DeSiM""]}"
amazon_jp,mo,【香港 eSIM 】マカオeSIM 4日間 高速データ無制限 データ使い放題 香港SIM データ通信専用 マカオSIM 当日利用可能 24時間オンラインサポート お急ぎのご相談は（LINEで受付中です） Hong Kong SIM way2esim,1580,16,,,,,995,4일,4일,30일,unknown,lte_4g_only,,,"{""ctm"": null, ""china_telecom_macau"": null, ""three_macau"": null}","{""skt"": null, ""kt"": null, ""lgu"": null}",unlimited,https://www.amazon.co.jp/%E3%80%91%E3%83%9E%E3%82%AB%E3%82%AAeSIM-4%E6%97%A5%E9%96%93-24%E6%99%82%E9%96%93%E3%82%AA%E3%83%B3%E3%83%A9%E3%82%A4%E3%83%B3%E3%82%B5%E3%83%9D%E3%83%BC%E3%83%88-%E3%81%8A%E6%80%A5%E3%81%8E%E3%81%AE%E3%81%94%E7%9B%B8%E8%AB%87%E3%81%AF%EF%BC%88LINE%E3%81%A7%E5%8F%97%E4%BB%98%E4%B8%AD%E3%81%A7%E3%81%99%EF%BC%89-way2esim/dp/B0DLG45PL1,B0DLG45PL1,B0DLG45PL1,eSIM株式会社,way2esimのストアを表示,"{""price_jpy"": [""￥1,580""], ""usage_validity"": [""【香港 eSIM 】マカオeSIM 4日間 高速データ無制限 データ使い放題 香港SIM データ通信専用 マカオSIM 当日利用可能 24時間オンラインサポート お急ぎのご相談は（LINEで受付中です） Hong Kong SIM way2esim""], ""activation_validity"": [""注意：① 香港・マカオeSIM情報メール受信後30日以内にご利用ください。期限を過ぎると使用できなくなります。② マカオ到着後は、必ずこのeSIMのローミングをオンにしてください。オンにしないとご利用いただけません。""], ""data_amount"": [""高速データ無制限：香港・マカオeSIMは、高速データを無制限でご利用いただけます。この香港・マカオeSIMはデータ通信専用で、電話番号は含まれておりません。SNSやウェブ閲覧など、さまざまなインターネットサービスを快適にご利用いただけます。""], ""network_type"": [""【チョコSIM 定額（Sプラン）】【中国の電話番号付きでアプリや施設サービスのSMS認証が可能】【データ容量】合計500MB/月【音声】合計20分間/月 データ/音声/SMS付きSIMカード 中国SIM マカオSIM China unicom ※こちらのSIMカードは契約後、毎月の基本料が発生いたします。※2024年11月1日から台湾でのご利用はできなくなり"", ""【SKTelecoｍ公式認証】 韓国eSIM 3日間 (72時間) 電話番号付き 超高速データ無制限 最初の5分発信無料(韓国国内) お急ぎの方即時発行可(LINE相談受付中) 有効期限／ご購入日より120日以内 現地空港サポート(SKTelecomローミングセンター) SKテレコム正規品 韓国SIMカードタイプではありません"", ""score: local=6, roaming=1"", ""local_claim_refers_to:hk""], ""network_generation"": [""product_info_cellular_4g_lte: source:product_info_cellular: 携帯電話技術 LTE""], ""review_count"": [""detail_page: 16""], ""bestseller_rank"": [""Amazon 売れ筋ランキング 家電＆カメラ - 109,734位 ( 家電＆カメラの売れ筋ランキングを見る ) プリペイドSIMカード - 995位""], ""title"": [""【香港 eSIM 】マカオeSIM 4日間 高速データ無制限 データ使い放題 香港SIM データ通信専用 マカオSIM 当日利用可能 24時間オンラインサポート お急ぎのご相談は（LINEで受付中です） Hong Kong SIM way2esim""]}"
amazon_jp,mo,香港・マカオ eSIM | 5日間 | 高速データ無制限使い放題 5G/4G | QRコード 当日発行可 メール登録で即納品即利用可 | LINEサポート | データ通信専用(電話番号なし)| 日本で事前設定OK | テザリング可能 | パスポート情報不要・実名登録なし,1490,1,,,,,263,5일,5일,5일,unknown,5g_capable,,,"{""ctm"": null, ""china_telecom_macau"": null, ""three_macau"": null}","{""skt"": null, ""kt"": null, ""lgu"": null}",unlimited,https://www.amazon.co.jp/5%E6%97%A5%E9%96%93-%E9%AB%98%E9%80%9F%E3%83%87%E3%83%BC%E3%82%BF%E5%AE%8C%E5%85%A8%E7%84%A1%E5%88%B6%E9%99%90%E4%BD%BF%E3%81%84%E6%94%BE%E9%A1%8C-%E3%83%A1%E3%83%BC%E3%83%AB%E7%99%BB%E9%8C%B2%E3%81%A7%E5%8D%B3%E7%B4%8D%E5%93%81%E5%8D%B3%E5%88%A9%E7%94%A8%E5%8F%AF-%E3%83%87%E3%83%BC%E3%82%BF%E9%80%9A%E4%BF%A1%E5%B0%82%E7%94%A8%EF%BC%88%E9%9B%BB%E8%A9%B1%E7%95%AA%E5%8F%B7%E3%81%AA%E3%81%97%EF%BC%89-sim%E3%83%95%E3%83%AA%E3%83%BC%E7%AB%AF%E6%9C%AB%E3%81%AE%E3%81%BF%E5%AF%BE%E5%BF%9C/dp/B0DC5N3B2G,B0DC5N3B2G,B0DC5N3B2G,TORA eSIM,TORAのストアを表示,"{""price_jpy"": [""￥1,490""], ""usage_validity"": [""香港・マカオ eSIM | 5日間 | 高速データ無制限使い放題 5G/4G | QRコード 当日発行可 メール登録で即納品即利用可 | LINEサポート | データ通信専用(電話番号なし)| 日本で事前設定OK | テザリング可能 | パスポート情報不要・実名登録なし""], ""activation_validity"": [""香港・マカオ eSIM | 5日間 | 高速データ無制限使い放題 5G/4G | QRコード 当日発行可 メール登録で即納品即利用可 | LINEサポート | データ通信専用(電話番号なし)| 日本で事前設定OK | テザリング可能 | パスポート情報不要・実名登録なし""], ""data_amount"": [""🐯データ通信🐯 5G/4G/LTE対応の高速データが【無制限】使えます。""], ""network_type"": [""local_signal: 🔺注意事項🔺 利用期限は台湾時間を基準とし、利用開始時間によらず、現地回線に接続した日から、購入プラン日数の23:59(台湾時間)までの暦日制となります。※台湾時間の0時は、日本時間の深夜1時"", ""roaming_signal: 商品の説明 ご利用前に必ずご確認ください！ この商品はeSIMです、物理SIMではありません。eSIM非対応の端末ではご利用できません。 以下の手順でお使いの端末が「eSIM対応端末」と「SIMロックされていない」をご確認ください。 ① eSIM対応端末の確認方法 スマホのダイヤル発信画面で「*#06#」をダイヤルし、デバイス情報に「EID」表示されればご利"", ""insufficient_or_conflicting_signals(local=9, roaming=6)""], ""network_generation"": [""product_info_cellular_5g: source:product_info_cellular: 携帯電話技術 5G,4G LTE""], ""review_count"": [""detail_page: (1)""], ""bestseller_rank"": [""Amazon 売れ筋ランキング 家電＆カメラ - 23,220位 ( 家電＆カメラの売れ筋ランキングを見る ) プリペイドSIMカード - 263位""], ""title"": [""香港・マカオ eSIM | 5日間 | 高速データ無制限使い放題 5G/4G | QRコード 当日発行可 メール登録で即納品即利用可 | LINEサポート | データ通信専用(電話番号なし)| 日本で事前設定OK | テザリング可能 | パスポート情報不要・実名登録なし""]}"
amazon_jp,mo,中国・香港・マカオ・台湾対応 eSIM 7日間 10GB【当日発行・メール送信】高速5G/4G LTE・テザリング可能 簡単QRコード設定 LINE相談受付中 データ通信専用（音声通話なし）SIMカード不要・契約不要,1899,10,,,,,2095,7일,7일,7일,unknown,5g_capable,,,"{""ctm"": null, ""china_telecom_macau"": null, ""three_macau"": null}","{""skt"": null, ""kt"": null, ""lgu"": null}",10GB,https://www.amazon.co.jp/%E4%B8%AD%E5%9B%BD%E3%83%BB%E9%A6%99%E6%B8%AF%E3%83%BB%E3%83%9E%E3%82%AB%E3%82%AA%E5%AF%BE%E5%BF%9C-10GB%E3%80%90%E5%BD%93%E6%97%A5%E7%99%BA%E8%A1%8C%E3%83%BB%E3%83%A1%E3%83%BC%E3%83%AB%E9%80%81%E4%BF%A1%E3%80%91%E9%AB%98%E9%80%9F5G-LTE%E3%83%BB%E3%83%86%E3%82%B6%E3%83%AA%E3%83%B3%E3%82%B0%E5%8F%AF%E8%83%BD-%E7%B0%A1%E5%8D%98QR%E3%82%B3%E3%83%BC%E3%83%89%E8%A8%AD%E5%AE%9A-%E3%83%87%E3%83%BC%E3%82%BF%E9%80%9A%E4%BF%A1%E5%B0%82%E7%94%A8%EF%BC%88%E9%9F%B3%E5%A3%B0%E9%80%9A%E8%A9%B1%E3%81%AA%E3%81%97%EF%BC%89SIM%E3%82%AB%E3%83%BC%E3%83%89%E4%B8%8D%E8%A6%81%E3%83%BB%E5%A5%91%E7%B4%84%E4%B8%8D%E8%A6%81/dp/B0FT7ZG12X,B0FT7ZG12X,B0FT7ZG12X,umacaroon,ブランド: ＵＲＯＺＥＴＴＡ,"{""price_jpy"": [""￥1,899""], ""usage_validity"": [""中国・香港・マカオ・台湾対応 eSIM 7日間 10GB【当日発行・メール送信】高速5G/4G LTE・テザリング可能 簡単QRコード設定 LINE相談受付中 データ通信専用（音声通話なし）SIMカード不要・契約不要""], ""activation_validity"": [""中国・香港・マカオ・台湾対応 eSIM 7日間 10GB【当日発行・メール送信】高速5G/4G LTE・テザリング可能 簡単QRコード設定 LINE相談受付中 データ通信専用（音声通話なし）SIMカード不要・契約不要""], ""data_amount"": [""【中国本土・香港・マカオ・台湾eSIMカード】アクティベート後、7日間で10GBの高速4G LTE通信をご利用いただけます。ホットスポット機能により複数端末の接続も可能です。QRコードから事前インストールが行えます。現地到着後、データローミングをオンにするだけで、すぐにインターネットをご利用いただけます。 *ご注意：有効期間は現地ネットワークに初回接続した時""], ""network_type"": [""local_signal: 【VPN不要で、安定・高速な4G通信環境】中国本土・香港・マカオで、台湾高速かつ安定した5G/4Gネットワークをご利用いただけます。Google Maps、LINE、Instagram、YouTube、ChatGPT（※TikTokは非対応）などの主要アプリやウェブサイトに、現地回線の制限を受けることなく簡単にアクセス可能。ビジネス出張でも観光でも、途切れな"", ""roaming_signal: 【中国本土・香港・マカオ・台湾eSIMカード】アクティベート後、7日間で10GBの高速4G LTE通信をご利用いただけます。ホットスポット機能により複数端末の接続も可能です。QRコードから事前インストールが行えます。現地到着後、データローミングをオンにするだけで、すぐにインターネットをご利用いただけます。 *ご注意：有効期間は現地ネットワークに初回接続した時"", ""insufficient_or_conflicting_signals(local=3, roaming=6)""], ""network_generation"": [""product_info_cellular_5g: source:product_info_cellular: 携帯電話技術 5G/4G LTE""], ""review_count"": [""detail_page: (10)""], ""bestseller_rank"": [""Amazon 売れ筋ランキング 家電＆カメラ - 263,889位 ( 家電＆カメラの売れ筋ランキングを見る ) プリペイドSIMカード - 2,095位""], ""title"": [""中国・香港・マカオ・台湾対応 eSIM 7日間 10GB【当日発行・メール送信】高速5G/4G LTE・テザリング可能 簡単QRコード設定 LINE相談受付中 データ通信専用（音声通話なし）SIMカード不要・契約不要""]}"
amazon_jp,mo,【香港・マカオ eSIM】5日間 完全無制限 （低速なし） 高速データ使い放題 当日発行可能 データ通信専用 香港 sim マカオ sim 説明書付 LINEで24時間サポート 香港 esim イーシム (eSIM|5日間無制限 香港マカオ),1650,211,,,,,1532,5일,5일,30일,unknown,lte_4g_only,,,"{""ctm"": null, ""china_telecom_macau"": null, ""three_macau"": null}","{""skt"": null, ""kt"": null, ""lgu"": null}",unlimited,https://www.amazon.co.jp/%E3%80%90%E9%A6%99%E6%B8%AF%E3%83%BB%E3%83%9E%E3%82%AB%E3%82%AA-eSIM%E3%80%915%E6%97%A5%E9%96%93-%E9%AB%98%E9%80%9F%E3%83%87%E3%83%BC%E3%82%BF%E4%BD%BF%E3%81%84%E6%94%BE%E9%A1%8C-LINE%E3%81%A724%E6%99%82%E9%96%93%E3%82%B5%E3%83%9D%E3%83%BC%E3%83%88-eSIM/dp/B0DSGBNDQT,B0DSGBNDQT,B0DSGBNDQT,Global eSIMshop,ブランド: PLUG TO GO,"{""price_jpy"": [""￥1,650""], ""usage_validity"": [""【香港・マカオ eSIM】5日間 完全無制限 （低速なし） 高速データ使い放題 当日発行可能 データ通信専用 香港 sim マカオ sim 説明書付 LINEで24時間サポート 香港 esim イーシム (eSIM|5日間無制限 香港マカオ)""], ""activation_validity"": [""【有効期限】メールで納品後、30日以内にご利用ください。""], ""data_amount"": [""【高速データ通信】完全無制限、低速度なし！！""], ""network_type"": [""【チョコSIM 定額（Sプラン）】【中国の電話番号付きでアプリや施設サービスのSMS認証が可能】【データ容量】合計500MB/月【音声】合計20分間/月 データ/音声/SMS付きSIMカード 中国SIM マカオSIM China unicom ※こちらのSIMカードは契約後、毎月の基本料が発生いたします。※2024年11月1日から台湾でのご利用はできなくなり"", ""【SKTelecoｍ公式認証】 韓国eSIM 3日間 (72時間) 電話番号付き 超高速データ無制限 最初の5分発信無料(韓国国内) お急ぎの方即時発行可(LINE相談受付中) 有効期限／ご購入日より120日以内 現地空港サポート(SKTelecomローミングセンター) SKテレコム正規品 韓国SIMカードタイプではありません"", ""score: local=6, roaming=0"", ""local_claim_refers_to:hk""], ""network_generation"": [""product_info_cellular_4g_lte: source:product_info_cellular: 携帯電話技術 4G-LTE""], ""review_count"": [""detail_page: 211""], ""bestseller_rank"": [""Amazon 売れ筋ランキング 家電＆カメラ - 189,824位 ( 家電＆カメラの売れ筋ランキングを見る ) プリペイドSIMカード - 1,532位""], ""title"": [""【香港・マカオ eSIM】5日間 完全無制限 （低速なし） 高速データ使い放題 当日発行可能 データ通信専用 香港 sim マカオ sim 説明書付 LINEで24時間サポート 香港 esim イーシム (eSIM|5日間無制限 香港マカオ)""]}"
amazon_jp,mo,中国 eSIM 5日間 高速データ通信 完全無制限プラン 中国ネット規制対象外 VPN不要でGoogle・LINE・YouTube利用可 4G LTE対応 プリペイドSIM 香港 マカオもOK 当日発行可 24時間サポート (5日間),1980,211,,,,,480,5일,5일,90일,roaming,lte_4g_only,,,"{""ctm"": null, ""china_telecom_macau"": null, ""three_macau"": null}","{""skt"": null, ""kt"": null, ""lgu"": null}",unlimited,https://www.amazon.co.jp/5%E6%97%A5%E9%96%93-%E5%AE%8C%E5%85%A8%E7%84%A1%E5%88%B6%E9%99%90%E3%83%97%E3%83%A9%E3%83%B3-%E4%B8%AD%E5%9B%BD%E3%83%8D%E3%83%83%E3%83%88%E8%A6%8F%E5%88%B6%E5%AF%BE%E8%B1%A1%E5%A4%96-VPN%E4%B8%8D%E8%A6%81%E3%81%A7Google%E3%83%BBLINE%E3%83%BBYouTube%E5%88%A9%E7%94%A8%E5%8F%AF-%E3%83%97%E3%83%AA%E3%83%9A%E3%82%A4%E3%83%89SIM/dp/B0G1R2CTD1,B0G1R2CTD1,B0G1R2CTD1,SYE店舗,ブランド: ノーブランド品,"{""price_jpy"": [""￥1,980""], ""usage_validity"": [""中国 eSIM 5日間 高速データ通信 完全無制限プラン 中国ネット規制対象外 VPN不要でGoogle・LINE・YouTube利用可 4G LTE対応 プリペイドSIM 香港 マカオもOK 当日発行可 24時間サポート (5日間)""], ""activation_validity"": [""【有効期限】eSIMの有効期限は、eSIMのQRコードを受け取った日から90日間です。""], ""data_amount"": [""【簡単設定】QRコードをスキャンするだけで、簡単に接続可能！中国eSIMは中国本土・香港・マカオで利用可能。無制限に使用可能です。旅行や出張先でも、高速インターネットでスムーズに使用！香港で5G通信可能。""], ""network_type"": [""【注意事項】 ①本製品は SIMロック解除済み かつ eSIM対応スマートフォン のみでご利用いただけます。 ②ご利用日当日にスマートフォンをネットワークへ接続し、送付された eSIMのQRコードをスキャン して追加してください。目的地到着後、そのeSIMを選択し「ローミングをオン」にすると通信が可能になります。 ③eSIMを一度削除すると 再インストールは"", ""【注意事項】 ①本製品は SIMロック解除済み かつ eSIM対応スマートフォン のみでご利用いただけます。 ②ご利用日当日にスマートフォンをネットワークへ接続し、送付された eSIMのQRコードをスキャン して追加してください。目的地到着後、そのeSIMを選択し「ローミングをオン」にすると通信が可能になります。 ③eSIMを一度削除すると 再インストールは"", ""score: local=0, roaming=2""], ""network_generation"": [""product_info_cellular_4g_lte: source:product_info_cellular: 携帯電話技術 LTE""], ""review_count"": [""detail_page: 211""], ""bestseller_rank"": [""Amazon 売れ筋ランキング 家電＆カメラ - 44,843位 ( 家電＆カメラの売れ筋ランキングを見る ) プリペイドSIMカード - 480位""], ""title"": [""中国 eSIM 5日間 高速データ通信 完全無制限プラン 中国ネット規制対象外 VPN不要でGoogle・LINE・YouTube利用可 4G LTE対応 プリペイドSIM 香港 マカオもOK 当日発行可 24時間サポート (5日間)""]}"
amazon_jp,mo,香港・マカオ eSIM 5日間 (120時間) 無制限データ｜公式キャリア回線｜本人確認不要｜5G/4G 高速通信｜プリペイドeSIM 香港eSIM マカオeSIM (5日間),1980,20,,,,,529,5일,5일,5일,roaming,5g_capable,,,"{""ctm"": null, ""china_telecom_macau"": null, ""three_macau"": null}","{""skt"": null, ""kt"": null, ""lgu"": null}",unlimited,https://www.amazon.co.jp/%E9%A6%99%E6%B8%AF%E3%83%BB%E3%83%9E%E3%82%AB%E3%82%AA-%E7%84%A1%E5%88%B6%E9%99%90%E3%83%87%E3%83%BC%E3%82%BF%EF%BD%9C%E5%85%AC%E5%BC%8F%E3%82%AD%E3%83%A3%E3%83%AA%E3%82%A2%E5%9B%9E%E7%B7%9A%EF%BD%9C%E6%9C%AC%E4%BA%BA%E7%A2%BA%E8%AA%8D%E4%B8%8D%E8%A6%81%EF%BD%9C5G-%E9%AB%98%E9%80%9F%E9%80%9A%E4%BF%A1%EF%BD%9C%E3%83%97%E3%83%AA%E3%83%9A%E3%82%A4%E3%83%89eSIM-%E9%A6%99%E6%B8%AFeSIM-%E3%83%9E%E3%82%AB%E3%82%AAeSIM/dp/B0GST514F6,B0GST514F6,B0GST514F6,mewmewホーム eSIM,ＭＥＷＭＥＷホームのストアを表示,"{""price_jpy"": [""￥1,980""], ""usage_validity"": [""香港・マカオ eSIM 5日間 (120時間) 無制限データ｜公式キャリア回線｜本人確認不要｜5G/4G 高速通信｜プリペイドeSIM 香港eSIM マカオeSIM (5日間)""], ""activation_validity"": [""香港・マカオ eSIM 5日間 (120時間) 無制限データ｜公式キャリア回線｜本人確認不要｜5G/4G 高速通信｜プリペイドeSIM 香港eSIM マカオeSIM (5日間)""], ""data_amount"": [""【データ通信無制限】香港/マカオで利用可能なデータ通信専用のプリペイドeSIMです。現地大手キャリア回線を利用しており、広いエリアで安定した高速データ通信をご利用いただけます。高速データ通信は無制限、本人確認不要。旅行・短期滞在・ビジネス出張など、さまざまなシーンにおすすめのeSIMです。""], ""network_type"": [""プリペイドSIM 日本 SMS認証可能 受信OK 楽天モバイル 7GB/月 データ専用 初回通信月から最大13カ月(1年)有効 5G/4G-LTE対応 国際ローミング対応 rakuten Prepaid SIM JAPAN SIM with SMS/日本手机卡(可收短信)/日本電話卡(短信功能) 利用期間延長可能"", ""score: local=0, roaming=3""], ""network_generation"": [""product_info_cellular_5g: source:product_info_cellular: 携帯電話技術 LTE, 5G"", ""product_info_cellular_4g_lte_signal_present_but_5g_capable_takes_precedence""], ""review_count"": [""detail_page: (20)""], ""bestseller_rank"": [""Amazon 売れ筋ランキング 家電＆カメラ - 49,336位 ( 家電＆カメラの売れ筋ランキングを見る ) プリペイドSIMカード - 529位""], ""title"": [""香港・マカオ eSIM 5日間 (120時間) 無制限データ｜公式キャリア回線｜本人確認不要｜5G/4G 高速通信｜プリペイドeSIM 香港eSIM マカオeSIM (5日間)""]}"
amazon_jp,mo,【中国チャージ式Sim】中国本土31省と中国 台湾 香港 マカオ 1GB 7日間 プリペイドSIMカード,780,3,,,,,999,7일,7일,360일,roaming,lte_4g_only,,,"{""ctm"": null, ""china_telecom_macau"": null, ""three_macau"": null}","{""skt"": null, ""kt"": null, ""lgu"": null}",1GB,https://www.amazon.co.jp/%E3%80%90%E4%B8%AD%E5%9B%BD%E3%83%81%E3%83%A3%E3%83%BC%E3%82%B8%E5%BC%8FSim%E3%80%91%E4%B8%AD%E5%9B%BD%E6%9C%AC%E5%9C%9F31%E7%9C%81%E3%81%A8%E4%B8%AD%E5%9B%BD-%E3%83%9E%E3%82%AB%E3%82%AA-1GB-7%E6%97%A5%E9%96%93-%E3%83%97%E3%83%AA%E3%83%9A%E3%82%A4%E3%83%89SIM%E3%82%AB%E3%83%BC%E3%83%89/dp/B0GVRHFPKS,B0GVRHFPKS,B0GVRHFPKS,EIOTCLUB Japan,ブランド: EIOTCLUB,"{""price_jpy"": [""￥780""], ""usage_validity"": [""【中国チャージ式Sim】中国本土31省と中国 台湾 香港 マカオ 1GB 7日間 プリペイドSIMカード""], ""activation_validity"": [""【チャージ可能】多様なチャージプランをご用意しており、お客様のニーズに合わせて自由にお選びいただけます。利用期限終了後も360日以内であれば再チャージにより繰り返し利用でき、チャージするたびにカードの有効期限も延長されます。※360日はデータ期間ではなく、終了後にチャージ可能な猶予期間を指します。""], ""data_amount"": [""【中国対応】中国本土31省と中国・台湾・香港・マカオで使える1GB（7日間）の高速データを内蔵。安定した通信を必要とする旅行者やビジネスパーソンに適です。どこへ行っても最高のエリアカバー率と強力な電波をお届けし、快適な通信環境を提供します。""], ""network_type"": [""商品の説明 【初期内蔵プラン詳細】 データ容量： 1GB 高速データ通信 利用期間： 7日間（アクティベーション完了日よりカウント開始） 【対応】中国本土（31省）および 港澳台エリアで使える 【リチャージについて】 データ容量を使い切った後、または利用期限が終了した後も、オンラインで簡単にチャージが可能です。お客様のニーズに合わせて、EIOTCLUBが提供"", ""score: local=0, roaming=3""], ""network_generation"": [""product_info_cellular_4g_lte: source:product_info_cellular: 携帯電話技術 LTE""], ""review_count"": [""detail_page: (3)""], ""bestseller_rank"": [""Amazon 売れ筋ランキング 家電＆カメラ - 110,279位 ( 家電＆カメラの売れ筋ランキングを見る ) プリペイドSIMカード - 999位""], ""title"": [""【中国チャージ式Sim】中国本土31省と中国 台湾 香港 マカオ 1GB 7日間 プリペイドSIMカード""]}"
amazon_jp,mo,【Almond eSIM】シンガポール マレーシア 東南アジア eSIM｜7日間 高速データ｜当日発行・即時利用可 物理SIM不要｜出発前の接続テスト用 日本国内500MB eSIM付｜24時間多言語サポート Singapore Malaysia esim,1310,95,,,,,68,7일,7일,30일,unknown,lte_4g_only,,,"{""ctm"": null, ""china_telecom_macau"": null, ""three_macau"": null}","{""skt"": null, ""kt"": null, ""lgu"": null}",unlimited,https://www.amazon.co.jp/eSIM%E3%80%91%E3%82%B7%E3%83%B3%E3%82%AC%E3%83%9D%E3%83%BC%E3%83%AB-%E9%AB%98%E9%80%9F%E3%83%87%E3%83%BC%E3%82%BF%EF%BD%9C%E5%BD%93%E6%97%A5%E7%99%BA%E8%A1%8C%E3%83%BB%E5%8D%B3%E6%99%82%E5%88%A9%E7%94%A8%E5%8F%AF-%E7%89%A9%E7%90%86SIM%E4%B8%8D%E8%A6%81%EF%BD%9C%E5%87%BA%E7%99%BA%E5%89%8D%E3%81%AE%E6%8E%A5%E7%B6%9A%E3%83%86%E3%82%B9%E3%83%88%E7%94%A8-%E6%97%A5%E6%9C%AC%E5%9B%BD%E5%86%85500MB-eSIM%E4%BB%98%EF%BD%9C24%E6%99%82%E9%96%93%E5%A4%9A%E8%A8%80%E8%AA%9E%E3%82%B5%E3%83%9D%E3%83%BC%E3%83%88/dp/B0CFZZV54C,B0CFZZV54C,B0CFZZV54C,株式会社ビッグコネクト,bigconnectのストアを表示,"{""price_jpy"": [""￥1,310""], ""usage_validity"": [""【Almond eSIM】シンガポール マレーシア 東南アジア eSIM｜7日間 高速データ｜当日発行・即時利用可 物理SIM不要｜出発前の接続テスト用 日本国内500MB eSIM付｜24時間多言語サポート Singapore Malaysia esim""], ""activation_validity"": [""●【SimCardの有効期限】メールで納品した30日以内にご利用始めてください。該当の商品はEsimcardになります、物理SIMカードを装着するのではなく、スマートフォンやタブレット等の端末内にあらかじめ埋め込まれたチップに、インターネット経由でデータプランを書き込むことができます。物理のSIMが入っていません。""], ""data_amount"": [""●【特徴1】データ通信専用Esimになります。※データ容量無制限。ただしデータ一日使用量が1GBに達すると最大通信速度が128kbpsに低下します。翌日の現地時間0時自動的にスピード制限を解除します。※現地時間の00:00-23：59区切りで、カウントされます。128kbpsはビデオ通話、Youtubeなどの動画閲覧がほぼできないですが、Google Map""], ""network_type"": [""local_signal: 【チョコSIM 定額（Sプラン）】【中国の電話番号付きでアプリや施設サービスのSMS認証が可能】【データ容量】合計500MB/月【音声】合計20分間/月 データ/音声/SMS付きSIMカード 中国SIM マカオSIM China unicom ※こちらのSIMカードは契約後、毎月の基本料が発生いたします。※2024年11月1日から台湾でのご利用はできなくなり"", ""roaming_signal: マレーシア旅行用SIMカード - 5G/4G LTE高速データ - プリペイド＆ローミングなし、7日間合計3GB - 観光客やビジネス旅行者向けの簡単アクティベーション"", ""insufficient_or_conflicting_signals(local=6, roaming=2)""], ""network_generation"": [""product_info_cellular_4g_lte: source:product_info_cellular: 携帯電話技術 LTE""], ""review_count"": [""detail_page: (95)""], ""bestseller_rank"": [""Amazon 売れ筋ランキング 家電＆カメラ - 6,491位 ( 家電＆カメラの売れ筋ランキングを見る ) プリペイドSIMカード - 68位""], ""title"": [""【Almond eSIM】シンガポール マレーシア 東南アジア eSIM｜7日間 高速データ｜当日発行・即時利用可 物理SIM不要｜出発前の接続テスト用 日本国内500MB eSIM付｜24時間多言語サポート Singapore Malaysia esim""]}"
amazon_jp,mo,【Almond eSIM】香港 マカオ esim 10日間 高速データ通信 完全無制限 メールで納品 お急ぎの方当日発行可能（LINEで24時間相談可能） 24時間カスタマサポート 5G 4G-LTE対応 プリペイド ESIMプラン 香港 マカオesim sim (10日間使い放題),3680,16,,,,,136,10일,10일,30일,unknown,5g_capable,,,"{""ctm"": true, ""china_telecom_macau"": null, ""three_macau"": null}","{""skt"": null, ""kt"": null, ""lgu"": null}",unlimited,https://www.amazon.co.jp/%E3%80%90Almond-%E3%81%8A%E6%80%A5%E3%81%8E%E3%81%AE%E6%96%B9%E5%BD%93%E6%97%A5%E7%99%BA%E8%A1%8C%E5%8F%AF%E8%83%BD%EF%BC%88LINE%E3%81%A724%E6%99%82%E9%96%93%E7%9B%B8%E8%AB%87%E5%8F%AF%E8%83%BD%EF%BC%89-24%E6%99%82%E9%96%93%E3%82%AB%E3%82%B9%E3%82%BF%E3%83%9E%E3%82%B5%E3%83%9D%E3%83%BC%E3%83%88-4G-LTE%E5%AF%BE%E5%BF%9C-10%E6%97%A5%E9%96%93%E4%BD%BF%E3%81%84%E6%94%BE%E9%A1%8C/dp/B0CPY1Q6SW,B0CPY1Q6SW,B0CPY1Q6SW,株式会社ビッグコネクト,bigconnectのストアを表示,"{""price_jpy"": [""￥3,680""], ""usage_validity"": [""【Almond eSIM】香港 マカオ esim 10日間 高速データ通信 完全無制限 メールで納品 お急ぎの方当日発行可能（LINEで24時間相談可能） 24時間カスタマサポート 5G 4G-LTE対応 プリペイド ESIMプラン 香港 マカオesim sim (10日間使い放題)""], ""activation_validity"": [""【SimCardの有効期限】メールで納品した30日以内にご利用始めてください。該当の商品はEsimcardになります、物理SIMカードを装着するのではなく、スマートフォンやタブレット等の端末内にあらかじめ埋め込まれたチップに、インターネット経由でデータプランを書き込むことができます。物理のSIMが入っていません。""], ""data_amount"": [""【高速データ完全無制限】 通信専用Esimになります。※データ容量無制限。高速データ使い放題※現地時間の00:00-23：59区切りで、カウントされます。""], ""network_type"": [""【現地キャリア利用】香港 マカオで使用できるeSIM、香港 マカオ渡航スケジュールに対応する手軽なeSIMカード。キャリア：香港：Smartone、HKT、3 マカオ:CTM ，香港 マカオでは信号が広く、ネットワークが安定し、速度が速いです。eSIMのsimカードはプリペイドsimカードと違って、挿入作業不要(iPhone・androidともeSIMのQR"", ""【チョコSIM 定額（Sプラン）】【中国の電話番号付きでアプリや施設サービスのSMS認証が可能】【データ容量】合計500MB/月【音声】合計20分間/月 データ/音声/SMS付きSIMカード 中国SIM マカオSIM China unicom ※こちらのSIMカードは契約後、毎月の基本料が発生いたします。※2024年11月1日から台湾でのご利用はできなくなり"", ""score: local=9, roaming=0"", ""local_claim_refers_to:hk""], ""network_generation"": [""product_info_cellular_5g: source:product_info_cellular: 携帯電話技術 LTE, 5G"", ""product_info_cellular_4g_lte_signal_present_but_5g_capable_takes_precedence""], ""carrier_support_local"": [""CTM: 【現地キャリア利用】香港 マカオで使用できるeSIM、香港 マカオ渡航スケジュールに対応する手軽なeSIMカード。キャリア：香港：Smartone、HKT、3 マカオ:CTM ，香港 マカオでは信号が広く、ネットワークが安定し、速度が速いです。eSIMのsimカードはプリペイドsimカードと違って、"", ""CTM: サービスプロバイダ Smartone, HKT, 3, CTM""], ""review_count"": [""detail_page: 16""], ""bestseller_rank"": [""Amazon 売れ筋ランキング 家電＆カメラ - 71,420位 ( 家電＆カメラの売れ筋ランキングを見る ) 定期契約SIMカード - 136位""], ""title"": [""【Almond eSIM】香港 マカオ esim 10日間 高速データ通信 完全無制限 メールで納品 お急ぎの方当日発行可能（LINEで24時間相談可能） 24時間カスタマサポート 5G 4G-LTE対応 プリペイド ESIMプラン 香港 マカオesim sim (10日間使い放題)""]}"
amazon_jp,mo,アジア eSIM 10か国 8日間 10GB 日本対応 5G/4G データ通信専用 プリペイドSIM simフリー対応 QRコード発行 簡単設定 海外旅行 海外SIM 日本語サポート 韓国 台湾 中国 香港 マカオ シンガポール マレーシア タイ ベトナム | DHA SIM for ASIA,2370,3,,,,,294,8일,8일,,roaming,5g_capable,,,"{""ctm"": true, ""china_telecom_macau"": null, ""three_macau"": null}","{""skt"": null, ""kt"": null, ""lgu"": null}",10GB,https://www.amazon.co.jp/10GB-%E3%83%97%E3%83%AA%E3%83%9A%E3%82%A4%E3%83%89SIM-sim%E3%83%95%E3%83%AA%E3%83%BC%E5%AF%BE%E5%BF%9C-DHA-SIM/dp/B0H1VV78FV,B0H1VV78FV,B0H1VV78FV,株式会社DHA Corporation,DHA SIMのストアを表示,"{""price_jpy"": [""￥2,370""], ""usage_validity"": [""アジア eSIM 10か国 8日間 10GB 日本対応 5G/4G データ通信専用 プリペイドSIM simフリー対応 QRコード発行 簡単設定 海外旅行 海外SIM 日本語サポート 韓国 台湾 中国 香港 マカオ シンガポール マレーシア タイ ベトナム | DHA SIM for ASIA""], ""data_amount"": [""【対応エリア】アジア10か国対応【通信容量】10GB""], ""network_type"": [""カナダ旅行用SIMカード - 15日間1GBプリペイドデータ - 5G/4G LTEスピード - プラグアンドプレイ - ローミング無し、契約無し"", ""カナダ旅行用SIMカード - 15日間1GBプリペイドデータ - 5G/4G LTEスピード - プラグアンドプレイ - ローミング無し、契約無し"", ""score: local=1, roaming=2""], ""network_generation"": [""product_detail_5g: source:feature_bullets: 【利用期間】8日間【通信規格】5G / 4G LTE対応"", ""product_detail_5g: source:feature_bullets: \""【各国通信キャリア】 日本：KDDI 5G/4G、韓国：LG U+ 5G/4G/3G、台湾：Chunghwa 5G/4G/3G、中国：China Mobile 5G/4G/3G、香港：CMHK 4G/3G、マカオ：CTM 5G/4G/3G、シンガポール：Singtel 5G/4G/3G、マレーシア：Celco"", ""product_detail_4g_lte_signal_present_but_5g_capable_takes_precedence""], ""carrier_support_local"": [""CTM: \""【各国通信キャリア】 日本：KDDI 5G/4G、韓国：LG U+ 5G/4G/3G、台湾：Chunghwa 5G/4G/3G、中国：China Mobile 5G/4G/3G、香港：CMHK 4G/3G、マカオ：CTM 5G/4G/3G、シンガポール：Singtel 5G/4G/3G、マレーシア""], ""review_count"": [""detail_page: 3""], ""bestseller_rank"": [""Amazon 売れ筋ランキング 家電＆カメラ - 26,620位 ( 家電＆カメラの売れ筋ランキングを見る ) プリペイドSIMカード - 294位""], ""title"": [""アジア eSIM 10か国 8日間 10GB 日本対応 5G/4G データ通信専用 プリペイドSIM simフリー対応 QRコード発行 簡単設定 海外旅行 海外SIM 日本語サポート 韓国 台湾 中国 香港 マカオ シンガポール マレーシア タイ ベトナム | DHA SIM for ASIA""]}"
amazon_jp,mo,中国・香港・マカオ・台湾対応 eSIM 7日間無制限【当日発行・メール送信】高速5G/4G LTE・テザリング可能 簡単QRコード設定 LINE相談受付中 データ通信専用（音声通話なし）SIMカード不要・契約不要,2699,3,,,,,1009,7일,7일,7일,unknown,5g_capable,,,"{""ctm"": null, ""china_telecom_macau"": null, ""three_macau"": null}","{""skt"": null, ""kt"": null, ""lgu"": null}",unlimited,https://www.amazon.co.jp/%E4%B8%AD%E5%9B%BD%E3%83%BB%E9%A6%99%E6%B8%AF%E3%83%BB%E3%83%9E%E3%82%AB%E3%82%AA%E3%83%BB%E5%8F%B0%E6%B9%BE%E5%AF%BE%E5%BF%9C-7%E6%97%A5%E9%96%93%E7%84%A1%E5%88%B6%E9%99%90%E3%80%90%E5%BD%93%E6%97%A5%E7%99%BA%E8%A1%8C%E3%83%BB%E3%83%A1%E3%83%BC%E3%83%AB%E9%80%81%E4%BF%A1%E3%80%91%E9%AB%98%E9%80%9F5G-LTE%E3%83%BB%E3%83%86%E3%82%B6%E3%83%AA%E3%83%B3%E3%82%B0%E5%8F%AF%E8%83%BD-%E7%B0%A1%E5%8D%98QR%E3%82%B3%E3%83%BC%E3%83%89%E8%A8%AD%E5%AE%9A-%E3%83%87%E3%83%BC%E3%82%BF%E9%80%9A%E4%BF%A1%E5%B0%82%E7%94%A8%EF%BC%88%E9%9F%B3%E5%A3%B0%E9%80%9A%E8%A9%B1%E3%81%AA%E3%81%97%EF%BC%89SIM%E3%82%AB%E3%83%BC%E3%83%89%E4%B8%8D%E8%A6%81%E3%83%BB%E5%A5%91%E7%B4%84%E4%B8%8D%E8%A6%81/dp/B0GT92LGD2,B0GT92LGD2,B0GT92LGD2,umacaroon,ブランド: UROZETTA,"{""price_jpy"": [""￥2,699""], ""usage_validity"": [""中国・香港・マカオ・台湾対応 eSIM 7日間無制限【当日発行・メール送信】高速5G/4G LTE・テザリング可能 簡単QRコード設定 LINE相談受付中 データ通信専用（音声通話なし）SIMカード不要・契約不要""], ""activation_validity"": [""大中華区SIMカード-中国、香港、マカオ、台湾向けプリペイドデータプラン｜2 GB毎日データ、7日有効期限｜高速4/5 G LTE｜旅行者に最適""], ""data_amount"": [""【中国本土・香港・マカオ・台湾eSIMカード】アクティベート後、7日間、高速4G LTE通信が無制限でご利用いただけます。ホットスポット機能により複数端末の接続も可能です。QRコードから事前インストールが行えます。現地到着後、データローミングをオンにするだけで、すぐにインターネットをご利用いただけます。 *ご注意：有効期間は現地ネットワークに初回接続した時点""], ""network_type"": [""local_signal: 【VPN不要で、安定・高速な4G通信環境】中国本土・香港・マカオで、台湾高速かつ安定した5G/4Gネットワークをご利用いただけます。Google Maps、LINE、Instagram、YouTube、ChatGPT（※TikTokは非対応）などの主要アプリやウェブサイトに、現地回線の制限を受けることなく簡単にアクセス可能。ビジネス出張でも観光でも、途切れな"", ""roaming_signal: 【中国本土・香港・マカオ・台湾eSIMカード】アクティベート後、7日間、高速4G LTE通信が無制限でご利用いただけます。ホットスポット機能により複数端末の接続も可能です。QRコードから事前インストールが行えます。現地到着後、データローミングをオンにするだけで、すぐにインターネットをご利用いただけます。 *ご注意：有効期間は現地ネットワークに初回接続した時点"", ""insufficient_or_conflicting_signals(local=3, roaming=6)""], ""network_generation"": [""product_info_cellular_5g: source:product_info_cellular: 携帯電話技術 5G/4G LTE""], ""review_count"": [""detail_page: 3""], ""bestseller_rank"": [""Amazon 売れ筋ランキング 家電＆カメラ - 111,865位 ( 家電＆カメラの売れ筋ランキングを見る ) プリペイドSIMカード - 1,009位""], ""title"": [""中国・香港・マカオ・台湾対応 eSIM 7日間無制限【当日発行・メール送信】高速5G/4G LTE・テザリング可能 簡単QRコード設定 LINE相談受付中 データ通信専用（音声通話なし）SIMカード不要・契約不要""]}"
amazon_jp,mo,【香港・マカオ eSIM】4日間 3GB（コスパ重視） DeSiM正規卸 | LINE相談受付中 | データ通信専用（電話番号なし） | simフリー端末のみ対応 説明書付 イーシム DeSiM,1250,7,,,,,1120,4일,4일,4일,unknown,lte_4g_only,,,"{""ctm"": null, ""china_telecom_macau"": null, ""three_macau"": null}","{""skt"": null, ""kt"": null, ""lgu"": null}",3GB,https://www.amazon.co.jp/3GB%EF%BC%88%E3%82%B3%E3%82%B9%E3%83%91%E9%87%8D%E8%A6%96%EF%BC%89-LINE%E7%9B%B8%E8%AB%87%E5%8F%97%E4%BB%98%E4%B8%AD%EF%BD%9C%E5%BD%93%E6%97%A5%E7%99%BA%E8%A1%8C%E5%8F%AF%E8%83%BD-%E3%83%87%E3%83%BC%E3%82%BF%E9%80%9A%E4%BF%A1%E5%B0%82%E7%94%A8%EF%BC%88%E9%9B%BB%E8%A9%B1%E7%95%AA%E5%8F%B7%E3%81%AA%E3%81%97%EF%BC%89-sim%E3%83%95%E3%83%AA%E3%83%BC%E7%AB%AF%E6%9C%AB%E3%81%AE%E3%81%BF%E5%AF%BE%E5%BF%9C-DeSiM/dp/B0F1DYXVWP,B0F1DYXVWP,B0F1DYXVWP,DeSiM,DeSiMのストアを表示,"{""price_jpy"": [""￥1,250""], ""usage_validity"": [""【香港・マカオ eSIM】4日間 3GB（コスパ重視） DeSiM正規卸 | LINE相談受付中 | データ通信専用（電話番号なし） | simフリー端末のみ対応 説明書付 イーシム DeSiM""], ""activation_validity"": [""【香港・マカオ eSIM】4日間 3GB（コスパ重視） DeSiM正規卸 | LINE相談受付中 | データ通信専用（電話番号なし） | simフリー端末のみ対応 説明書付 イーシム DeSiM""], ""data_amount"": [""【香港・マカオ eSIM】4日間 3GB（コスパ重視） DeSiM正規卸 | LINE相談受付中｜ データ通信専用（電話番号なし） | simフリー端末のみ対応 説明書付 イーシム DeSiM""], ""network_type"": [""【T-Mobile純正品】eSIM版 アメリカ ハワイ SIM 7日間【使い放題】【電話番号付き】5G/4G-LTE 高速データ通信/通話/SMS/テザリング 【アメリカ ハワイ 無制限】 プリペイド SIMカード T-Mobile esim 7days"", ""【SKTelecoｍ公式認証】 韓国eSIM 3日間 (72時間) 電話番号付き 超高速データ無制限 最初の5分発信無料(韓国国内) お急ぎの方即時発行可(LINE相談受付中) 有効期限／ご購入日より120日以内 現地空港サポート(SKTelecomローミングセンター) SKテレコム正規品 韓国SIMカードタイプではありません"", ""score: local=6, roaming=0"", ""local_claim_refers_to:hk""], ""network_generation"": [""product_info_cellular_4g_lte: source:product_info_cellular: 携帯電話技術 LTE""], ""review_count"": [""detail_page: (7)""], ""bestseller_rank"": [""Amazon 売れ筋ランキング 家電＆カメラ - 129,508位 ( 家電＆カメラの売れ筋ランキングを見る ) プリペイドSIMカード - 1,120位""], ""title"": [""【香港・マカオ eSIM】4日間 3GB（コスパ重視） DeSiM正規卸 | LINE相談受付中 | データ通信専用（電話番号なし） | simフリー端末のみ対応 説明書付 イーシム DeSiM""]}"
amazon_jp,mo,【中国本土・香港・マカオ SIMカード】10日間 高速データ10GB SIMピン付き 4G/LTE SIMフリー対応 プリペイドSIMカード LINEで24時間サポート 中国 sim,1880,2,,,,,1746,10일,10일,31일,unknown,5g_capable,,,"{""ctm"": null, ""china_telecom_macau"": null, ""three_macau"": null}","{""skt"": null, ""kt"": null, ""lgu"": null}",10GB,https://www.amazon.co.jp/%E3%80%90%E4%B8%AD%E5%9B%BD%E6%9C%AC%E5%9C%9F%E3%83%BB%E9%A6%99%E6%B8%AF%E3%83%BB%E3%83%9E%E3%82%AB%E3%82%AA-SIM%E3%82%AB%E3%83%BC%E3%83%89%E3%80%9110%E6%97%A5%E9%96%93-%E9%AB%98%E9%80%9F%E3%83%87%E3%83%BC%E3%82%BF10GB-%E3%83%97%E3%83%AA%E3%83%9A%E3%82%A4%E3%83%89SIM%E3%82%AB%E3%83%BC%E3%83%89-LINE%E3%81%A724%E6%99%82%E9%96%93%E3%82%B5%E3%83%9D%E3%83%BC%E3%83%88/dp/B0FFSLGBLW,B0FFSLGBLW,B0FFSLGBLW,mewmewホーム eSIM,ＭＥＷＭＥＷホームのストアを表示,"{""price_jpy"": [""￥1,880""], ""usage_validity"": [""【中国本土・香港・マカオ SIMカード】10日間 高速データ10GB SIMピン付き 4G/LTE SIMフリー対応 プリペイドSIMカード LINEで24時間サポート 中国 sim""], ""activation_validity"": [""【有効期限：2026年8月31日まで】利用予定日を開通予約した後、SIMカードを端末に挿入するだけで簡単アクティベート！有効期限内ならいつでも使えます。""], ""data_amount"": [""型番 SIM | 10日間 10GB""], ""network_type"": [""【チョコSIM 定額（Sプラン）】【中国の電話番号付きでアプリや施設サービスのSMS認証が可能】【データ容量】合計500MB/月【音声】合計20分間/月 データ/音声/SMS付きSIMカード 中国SIM マカオSIM China unicom ※こちらのSIMカードは契約後、毎月の基本料が発生いたします。※2024年11月1日から台湾でのご利用はできなくなり"", ""【SKTelecoｍ公式認証】 韓国eSIM 3日間 (72時間) 電話番号付き 超高速データ無制限 最初の5分発信無料(韓国国内) お急ぎの方即時発行可(LINE相談受付中) 有効期限／ご購入日より120日以内 現地空港サポート(SKTelecomローミングセンター) SKテレコム正規品 韓国SIMカードタイプではありません"", ""score: local=6, roaming=0"", ""local_claim_refers_to:cn""], ""network_generation"": [""product_info_cellular_5g: source:product_info_cellular: 携帯電話技術 LTE, 5G"", ""product_info_cellular_4g_lte_signal_present_but_5g_capable_takes_precedence""], ""review_count"": [""detail_page: (2)""], ""bestseller_rank"": [""Amazon 売れ筋ランキング 家電＆カメラ - 222,445位 ( 家電＆カメラの売れ筋ランキングを見る ) プリペイドSIMカード - 1,746位""], ""title"": [""【中国本土・香港・マカオ SIMカード】10日間 高速データ10GB SIMピン付き 4G/LTE SIMフリー対応 プリペイドSIMカード LINEで24時間サポート 中国 sim""]}"
amazon_jp,mo,香港 マカオ simcard 3GB/日 大容量 高速データ通信 低速データ無制限 使い放題 プリペイド SIMカードsimcard 香港simcard マカオ simcard 香港sim マカオ sim (5日間),1530,22,,,,,680,5일,5일,7일,unknown,lte_4g_only,,,"{""ctm"": true, ""china_telecom_macau"": null, ""three_macau"": null}","{""skt"": null, ""kt"": null, ""lgu"": null}",unlimited,https://www.amazon.co.jp/simcard-%E4%BD%8E%E9%80%9F%E3%83%87%E3%83%BC%E3%82%BF%E7%84%A1%E5%88%B6%E9%99%90-SIM%E3%82%AB%E3%83%BC%E3%83%89simcard-%E9%A6%99%E6%B8%AFsimcard-5%E6%97%A5%E9%96%93/dp/B0CNCVSCSH,B0CNCVSCSH,B0CNCVSCSH,株式会社ビッグコネクト,bigconnectのストアを表示,"{""price_jpy"": [""￥1,530""], ""usage_validity"": [""香港 マカオ simcard 3GB/日 大容量 高速データ通信 低速データ無制限 使い放題 プリペイド SIMカードsimcard 香港simcard マカオ simcard 香港sim マカオ sim (5日間)""], ""activation_validity"": [""大中華区SIMカード-中国、香港、マカオ、台湾向けプリペイドデータプラン｜2 GB毎日データ、7日有効期限｜高速4/5 G LTE｜旅行者に最適""], ""data_amount"": [""【大容量高速通信】香港 マカオで利用可能なプリペイドSIMカード。安定した4G-lte高速データ通信。キャリア：香港：Smartone、HKT、3 マカオ:CTM 。※データ容量無制限。ただしデータ一日使用量が3GBに達すると最大通信速度が128kbpsに低下します。翌日の香港時間0時自動的にスピード制限を解除します。デザリングも使用できます。128kbps""], ""network_type"": [""【チョコSIM 定額（Sプラン）】【中国の電話番号付きでアプリや施設サービスのSMS認証が可能】【データ容量】合計500MB/月【音声】合計20分間/月 データ/音声/SMS付きSIMカード 中国SIM マカオSIM China unicom ※こちらのSIMカードは契約後、毎月の基本料が発生いたします。※2024年11月1日から台湾でのご利用はできなくなり"", ""【SKTelecoｍ公式認証】 韓国eSIM 3日間 (72時間) 電話番号付き 超高速データ無制限 最初の5分発信無料(韓国国内) お急ぎの方即時発行可(LINE相談受付中) 有効期限／ご購入日より120日以内 現地空港サポート(SKTelecomローミングセンター) SKテレコム正規品 韓国SIMカードタイプではありません"", ""score: local=6, roaming=0"", ""local_claim_refers_to:hk""], ""network_generation"": [""product_info_cellular_4g_lte: source:product_info_cellular: 携帯電話技術 4G LTE""], ""carrier_support_local"": [""CTM: 【大容量高速通信】香港 マカオで利用可能なプリペイドSIMカード。安定した4G-lte高速データ通信。キャリア：香港：Smartone、HKT、3 マカオ:CTM 。※データ容量無制限。ただしデータ一日使用量が3GBに達すると最大通信速度が128kbpsに低下します。翌日の香港時間0時自動的にスピー""], ""review_count"": [""detail_page: (22)""], ""bestseller_rank"": [""Amazon 売れ筋ランキング 家電＆カメラ - 67,173位 ( 家電＆カメラの売れ筋ランキングを見る ) プリペイドSIMカード - 680位""], ""title"": [""香港 マカオ simcard 3GB/日 大容量 高速データ通信 低速データ無制限 使い放題 プリペイド SIMカードsimcard 香港simcard マカオ simcard 香港sim マカオ sim (5日間)""]}"
amazon_jp,mo,中国 香港 マカオ eSIM 8日間 無制限 5G/4G 日本国内500MB付 データ通信専用 QRコード,2780,55,,,,,776,8일,8일,,unknown,5g_capable,,,"{""ctm"": true, ""china_telecom_macau"": null, ""three_macau"": null}","{""skt"": null, ""kt"": null, ""lgu"": null}",unlimited,https://www.amazon.co.jp/%E3%83%9E%E3%82%AB%E3%82%AA-eSIM-%E6%97%A5%E6%9C%AC%E5%9B%BD%E5%86%85500MB%E4%BB%98-%E3%83%87%E3%83%BC%E3%82%BF%E9%80%9A%E4%BF%A1%E5%B0%82%E7%94%A8-QR%E3%82%B3%E3%83%BC%E3%83%89/dp/B0HHLYT8B4,B0HHLYT8B4,B0HHLYT8B4,株式会社DHA Corporation,DHA SIMのストアを表示,"{""price_jpy"": [""￥2,780""], ""usage_validity"": [""中国 香港 マカオ eSIM 8日間 無制限 5G/4G 日本国内500MB付 データ通信専用 QRコード""], ""data_amount"": [""【8日間データ無制限】中国、香港、マカオで高速通信｜SNS※・地図・動画も利用可能 | ※ChatGPT / TikTokは利用不可となります。""], ""network_type"": [""no_local_or_roaming_keyword_matched""], ""network_generation"": [""product_info_cellular_5g: source:product_info_cellular: 携帯電話技術 5G / 4G LTE""], ""carrier_support_local"": [""CTM: サービスプロバイダ 中国：China Unicom / 香港：CSL / マカオ：CTM / 日本：KDDI""], ""review_count"": [""detail_page: 55""], ""bestseller_rank"": [""Amazon 売れ筋ランキング 家電＆カメラ - 79,235位 ( 家電＆カメラの売れ筋ランキングを見る ) プリペイドSIMカード - 776位""], ""title"": [""中国 香港 マカオ eSIM 8日間 無制限 5G/4G 日本国内500MB付 データ通信専用 QRコード""]}"
amazon_jp,mo,【ジョイテル】【中国どこでもSIM】中国8日間大容量データ通信SIM｜VPNはもう要らない・中国でもLINEやインスタも利用できるから安心,1280,281,,,50,,104,8일,8일,,local,lte_4g_only,,,"{""ctm"": null, ""china_telecom_macau"": null, ""three_macau"": null}","{""skt"": null, ""kt"": null, ""lgu"": null}",5GB,https://www.amazon.co.jp/%E3%82%B8%E3%83%A7%E3%82%A4%E3%83%86%E3%83%AB-JSCH-0001-%E3%80%90%E4%B8%96%E7%95%8C%E7%9A%84SIM%E3%83%96%E3%83%A9%E3%83%B3%E3%83%89%E3%83%BB%E4%BF%A1%E9%A0%BC%E3%81%AEJOYTEL%E3%80%91%E4%B8%AD%E5%9B%BD8%E6%97%A5%E9%96%93%E5%A4%A7%E5%AE%B9%E9%87%8F%E3%83%87%E3%83%BC%E3%82%BF%E9%80%9A%E4%BF%A1SIM%EF%BD%9CVPN%E3%81%AF%E3%82%82%E3%81%86%E8%A6%81%E3%82%89%E3%81%AA%E3%81%84%E3%83%BB%E4%B8%AD%E5%9B%BD%E3%81%A7%E3%82%82LINE%E3%82%84%E3%82%A4%E3%83%B3%E3%82%B9%E3%82%BF%E3%82%82%E5%88%A9%E7%94%A8%E3%81%A7%E3%81%8D%E3%82%8B%E3%81%8B%E3%82%89%E5%AE%89%E5%BF%83/dp/B0BRSYLHPS,B0BRSYLHPS,B0BRSYLHPS,JOYTEL（ジョイテル株式会社）,ブランド: ジョイテル,"{""price_jpy"": [""￥1,280""], ""usage_validity"": [""【ジョイテル】【中国どこでもSIM】中国8日間大容量データ通信SIM｜VPNはもう要らない・中国でもLINEやインスタも利用できるから安心""], ""data_amount"": [""高速4G通信を大容量5GByte利用することが可能です。5GByteを超過すると速度制限、7GByteを超過すると通信停止となります。""], ""network_type"": [""【チョコSIM 定額（Sプラン）】【中国の電話番号付きでアプリや施設サービスのSMS認証が可能】【データ容量】合計500MB/月【音声】合計20分間/月 データ/音声/SMS付きSIMカード 中国SIM マカオSIM China unicom ※こちらのSIMカードは契約後、毎月の基本料が発生いたします。※2024年11月1日から台湾でのご利用はできなくなり"", ""score: local=3, roaming=1""], ""network_generation"": [""product_info_cellular_4g_lte: source:product_info_cellular: 携帯電話技術 4G/3G""], ""monthly_sold_count"": [""Amazon.co.jp: 【ジョイテル】【中国どこでもSIM】中国8日間大容量データ通信SIM｜VPNはもう要らない・中国でもLINEやインスタも利用できるから安心 : 家電＆カメラ 次に移動 メインコンテンツ この商品について この商品について この商品について 購入オプション 類似商品と比較する ビデオ レビュー キーボードショートカット 検索 Alt""], ""review_count"": [""detail_page: (281)""], ""bestseller_rank"": [""Amazon 売れ筋ランキング 家電＆カメラ - 9,821位 ( 家電＆カメラの売れ筋ランキングを見る ) プリペイドSIMカード - 104位""], ""title"": [""【ジョイテル】【中国どこでもSIM】中国8日間大容量データ通信SIM｜VPNはもう要らない・中国でもLINEやインスタも利用できるから安心""]}"
amazon_jp,mo,【中国 香港 マカオeSIM】30日間20GB 高速データ通信 無制限 使い放題 実名登録不要 中国ネット規制対象外 ｜Google LINE YouTubeなどVPNなしで利用可能｜中国 simカード 香港sim マカオsim マカオeSIM プリペイド SIM eSIM｜旅行・出張・留学｜安心サポート 5G 4G-LTE対応 当日発行可能,1850,2,,,,,1301,30일,30일,30일,roaming,5g_capable,,,"{""ctm"": true, ""china_telecom_macau"": null, ""three_macau"": null}","{""skt"": null, ""kt"": null, ""lgu"": null}",20GB,https://www.amazon.co.jp/%E3%83%9E%E3%82%AB%E3%82%AAeSIM%E3%80%9130%E6%97%A5%E9%96%9320GB-128kbps%E7%84%A1%E5%88%B6%E9%99%90-%E4%B8%AD%E5%9B%BD%E3%83%8D%E3%83%83%E3%83%88%E8%A6%8F%E5%88%B6%E5%AF%BE%E8%B1%A1%E5%A4%96-YouTube%E3%81%AA%E3%81%A9VPN%E3%81%AA%E3%81%97%E3%81%A7%E5%88%A9%E7%94%A8%E5%8F%AF%E8%83%BD%EF%BD%9C%E4%B8%AD%E5%9B%BD-eSIM%EF%BD%9C%E6%97%85%E8%A1%8C%E3%83%BB%E5%87%BA%E5%BC%B5%E3%83%BB%E7%95%99%E5%AD%A6%EF%BD%9C%E5%AE%89%E5%BF%83%E3%82%B5%E3%83%9D%E3%83%BC%E3%83%88/dp/B0FR426ZVY,B0FR426ZVY,B0FR426ZVY,Global Travel SIM Card,onetoneのストアを表示,"{""price_jpy"": [""￥1,850""], ""usage_validity"": [""【中国 香港 マカオeSIM】30日間20GB 高速データ通信 無制限 使い放題 実名登録不要 中国ネット規制対象外 ｜Google LINE YouTubeなどVPNなしで利用可能｜中国 simカード 香港sim マカオsim マカオeSIM プリペイド SIM eSIM｜旅行・出張・留学｜安心サポート 5G 4G-LTE対応 当日発行可能""], ""activation_validity"": [""【中国 香港 マカオeSIM】30日間20GB 高速データ通信 無制限 使い放題 実名登録不要 中国ネット規制対象外 ｜Google LINE YouTubeなどVPNなしで利用可能｜中国 simカード 香港sim マカオsim マカオeSIM プリペイド SIM eSIM｜旅行・出張・留学｜安心サポート 5G 4G-LTE対応 当日発行可能""], ""data_amount"": [""型番 30日間20GB""], ""network_type"": [""商品の説明 注意事項： 1. eSIMが提供する機能とサービス 現在のeSIMはデータ通信のみサポートしており、音声通話およびSMS機能はサポートしていません。 2. スマートフォンがeSIMをサポートしているかどうかの確認方法 「通話」画面で`*#06#`を入力すると、EID情報が表示されます。これはスマートフォンがeSIMのインストールをサポートしている"", ""score: local=0, roaming=3""], ""network_generation"": [""product_info_cellular_5g: source:product_info_cellular: 携帯電話技術 5G,4G,LTE""], ""carrier_support_local"": [""CTM: サービスプロバイダ China mobile/Smartone/CTM"", ""CTM: Amazon.co.jp: 【中国 香港 マカオeSIM】30日間20GB 高速データ通信 無制限 使い放題 実名登録不要 中国ネット規制対象外 ｜Google LINE YouTubeなどVPNなしで利用可能｜中国 simカード 香港sim マカオsim マカオeSIM プリペイド SIM eSI""], ""review_count"": [""detail_page: (2)""], ""bestseller_rank"": [""Amazon 売れ筋ランキング 家電＆カメラ - 156,917位 ( 家電＆カメラの売れ筋ランキングを見る ) プリペイドSIMカード - 1,301位""], ""title"": [""【中国 香港 マカオeSIM】30日間20GB 高速データ通信 無制限 使い放題 実名登録不要 中国ネット規制対象外 ｜Google LINE YouTubeなどVPNなしで利用可能｜中国 simカード 香港sim マカオsim マカオeSIM プリペイド SIM eSIM｜旅行・出張・留学｜安心サポート 5G 4G-LTE対応 当日発行可能""]}"
amazon_jp,mo,中国・香港・マカオ・台湾対応 eSIM 4日間無制限【当日発行・メール送信】高速5G/4G LTE・テザリング可能 簡単QRコード設定 LINE相談受付中 データ通信専用（音声通話なし）SIMカード不要・契約不要,1599,211,,,,,1114,4일,4일,,unknown,5g_capable,,,"{""ctm"": null, ""china_telecom_macau"": null, ""three_macau"": null}","{""skt"": null, ""kt"": null, ""lgu"": null}",unlimited,https://www.amazon.co.jp/%E4%B8%AD%E5%9B%BD%E3%83%BB%E9%A6%99%E6%B8%AF%E3%83%BB%E3%83%9E%E3%82%AB%E3%82%AA%E3%83%BB%E5%8F%B0%E6%B9%BE%E5%AF%BE%E5%BF%9C-4%E6%97%A5%E9%96%93%E7%84%A1%E5%88%B6%E9%99%90%E3%80%90%E5%BD%93%E6%97%A5%E7%99%BA%E8%A1%8C%E3%83%BB%E3%83%A1%E3%83%BC%E3%83%AB%E9%80%81%E4%BF%A1%E3%80%91%E9%AB%98%E9%80%9F5G-LTE%E3%83%BB%E3%83%86%E3%82%B6%E3%83%AA%E3%83%B3%E3%82%B0%E5%8F%AF%E8%83%BD-%E7%B0%A1%E5%8D%98QR%E3%82%B3%E3%83%BC%E3%83%89%E8%A8%AD%E5%AE%9A-%E3%83%87%E3%83%BC%E3%82%BF%E9%80%9A%E4%BF%A1%E5%B0%82%E7%94%A8%EF%BC%88%E9%9F%B3%E5%A3%B0%E9%80%9A%E8%A9%B1%E3%81%AA%E3%81%97%EF%BC%89SIM%E3%82%AB%E3%83%BC%E3%83%89%E4%B8%8D%E8%A6%81%E3%83%BB%E5%A5%91%E7%B4%84%E4%B8%8D%E8%A6%81/dp/B0GSZRNFHZ,B0GSZRNFHZ,B0GSZRNFHZ,umacaroon,ブランド: UROZETTA,"{""price_jpy"": [""￥1,599""], ""usage_validity"": [""中国・香港・マカオ・台湾対応 eSIM 4日間無制限【当日発行・メール送信】高速5G/4G LTE・テザリング可能 簡単QRコード設定 LINE相談受付中 データ通信専用（音声通話なし）SIMカード不要・契約不要""], ""data_amount"": [""【中国本土・香港・マカオ・台湾eSIMカード】アクティベート後、4日間、高速4G LTE通信が無制限でご利用いただけます。ホットスポット機能により複数端末の接続も可能です。QRコードから事前インストールが行えます。現地到着後、データローミングをオンにするだけで、すぐにインターネットをご利用いただけます。 *ご注意：有効期間は現地ネットワークに初回接続した時点""], ""network_type"": [""local_signal: 【VPN不要で、安定・高速な4G通信環境】中国本土・香港・マカオで、台湾高速かつ安定した5G/4Gネットワークをご利用いただけます。Google Maps、LINE、Instagram、YouTube、ChatGPT（※TikTokは非対応）などの主要アプリやウェブサイトに、現地回線の制限を受けることなく簡単にアクセス可能。ビジネス出張でも観光でも、途切れな"", ""roaming_signal: 【中国本土・香港・マカオ・台湾eSIMカード】アクティベート後、4日間、高速4G LTE通信が無制限でご利用いただけます。ホットスポット機能により複数端末の接続も可能です。QRコードから事前インストールが行えます。現地到着後、データローミングをオンにするだけで、すぐにインターネットをご利用いただけます。 *ご注意：有効期間は現地ネットワークに初回接続した時点"", ""insufficient_or_conflicting_signals(local=6, roaming=6)""], ""network_generation"": [""product_detail_5g: source:feature_bullets: 【VPN不要で、安定・高速な4G通信環境】中国本土・香港・マカオで、台湾高速かつ安定した5G/4Gネットワークをご利用いただけます。Google Maps、LINE、Instagram、YouTube、ChatGPT（※TikTokは非対応）などの主要アプリやウェブサイトに、現地回線の制限を受けることなく簡単に"", ""product_detail_4g_lte_signal_present_but_5g_capable_takes_precedence""], ""review_count"": [""detail_page: 211""], ""bestseller_rank"": [""Amazon 売れ筋ランキング 家電＆カメラ - 128,561位 ( 家電＆カメラの売れ筋ランキングを見る ) プリペイドSIMカード - 1,114位""], ""title"": [""中国・香港・マカオ・台湾対応 eSIM 4日間無制限【当日発行・メール送信】高速5G/4G LTE・テザリング可能 簡単QRコード設定 LINE相談受付中 データ通信専用（音声通話なし）SIMカード不要・契約不要""]}"
amazon_jp,mo,【中国本土・香港・マカオ eSIM】30日間15GBトラベル eSIM | 4G/5G 高速無制限データネットワーク | 当QRコードは当日ウェブサイトで取得可能 | プリペイドデジタルSIM | ホットスポットとネットワーク共有 | データのみ、通話やテキストメッセージなし,3480,49,,,,,1941,30일,30일,,roaming,5g_capable,,,"{""ctm"": null, ""china_telecom_macau"": null, ""three_macau"": null}","{""skt"": null, ""kt"": null, ""lgu"": null}",15GB,https://www.amazon.co.jp/eSIM%E3%80%9130%E6%97%A5%E9%96%9315GB%E3%83%88%E3%83%A9%E3%83%99%E3%83%AB-%E9%AB%98%E9%80%9F%E7%84%A1%E5%88%B6%E9%99%90%E3%83%87%E3%83%BC%E3%82%BF%E3%83%8D%E3%83%83%E3%83%88%E3%83%AF%E3%83%BC%E3%82%AF-%E5%BD%93QR%E3%82%B3%E3%83%BC%E3%83%89%E3%81%AF%E5%BD%93%E6%97%A5%E3%82%A6%E3%82%A7%E3%83%96%E3%82%B5%E3%82%A4%E3%83%88%E3%81%A7%E5%8F%96%E5%BE%97%E5%8F%AF%E8%83%BD-%E3%83%9B%E3%83%83%E3%83%88%E3%82%B9%E3%83%9D%E3%83%83%E3%83%88%E3%81%A8%E3%83%8D%E3%83%83%E3%83%88%E3%83%AF%E3%83%BC%E3%82%AF%E5%85%B1%E6%9C%89-%E3%83%87%E3%83%BC%E3%82%BF%E3%81%AE%E3%81%BF%E3%80%81%E9%80%9A%E8%A9%B1%E3%82%84%E3%83%86%E3%82%AD%E3%82%B9%E3%83%88%E3%83%A1%E3%83%83%E3%82%BB%E3%83%BC%E3%82%B8%E3%81%AA%E3%81%97/dp/B0FGJDRX8R,B0FGJDRX8R,B0FGJDRX8R,【StarwayチャージWiFi公式】,Starwayのストアを表示,"{""price_jpy"": [""￥3,480""], ""usage_validity"": [""【中国本土・香港・マカオ eSIM】30日間15GBトラベル eSIM | 4G/5G 高速無制限データネットワーク | 当QRコードは当日ウェブサイトで取得可能 | プリペイドデジタルSIM | ホットスポットとネットワーク共有 | データのみ、通話やテキストメッセージなし""], ""data_amount"": [""【中国本土・香港・マカオeSIMカード】30日間15GBのトラフィック高速 4G/5G 高品質ネットワークをお楽しみください。ホットスポット共有をサポートします。15GBの高速データを使い切った後も、256Mbpsの低速データを使い続けることができるので、旅行や出張などの短期間のニーズに適しており、接続もスムーズで安心です！""], ""network_type"": [""【eSIMを今すぐ入手】専用サイト（https://mcrmgr.umacaroon.com/starway）にアクセスして入力するだけ！eSIMのQRコードと説明書がメールですぐ届き、読み取ればかんたん接続！現地に到着後、データローミングをオンにしていただくと、インターネットをご利用いただけます。"", ""score: local=0, roaming=3""], ""network_generation"": [""product_info_cellular_5g: source:product_info_cellular: 携帯電話技術 LTE, 5G"", ""product_info_cellular_4g_lte_signal_present_but_5g_capable_takes_precedence""], ""review_count"": [""detail_page: 49""], ""bestseller_rank"": [""Amazon 売れ筋ランキング 家電＆カメラ - 255,181位 ( 家電＆カメラの売れ筋ランキングを見る ) プリペイドSIMカード - 1,941位""], ""title"": [""【中国本土・香港・マカオ eSIM】30日間15GBトラベル eSIM | 4G/5G 高速無制限データネットワーク | 当QRコードは当日ウェブサイトで取得可能 | プリペイドデジタルSIM | ホットスポットとネットワーク共有 | データのみ、通話やテキストメッセージなし""]}"
amazon_jp,mo,【中国eSIM】中国本土 香港 マカオ対応 4日間 無制限高速データ（低速なし）｜ 即日発行・すぐ使える｜Google、LINE、YouTubeなどVPNなしで利用可能・実名登録不要｜24時間LINEサポート 香港 sim 中国 sim,1680,4,,,,,2924,4일,4일,90일,unknown,5g_capable,,,"{""ctm"": true, ""china_telecom_macau"": null, ""three_macau"": null}","{""skt"": null, ""kt"": null, ""lgu"": null}",unlimited,https://www.amazon.co.jp/%E3%80%90%E4%B8%AD%E5%9B%BDeSIM%E3%80%91%E4%B8%AD%E5%9B%BD%E6%9C%AC%E5%9C%9F-%E3%83%9E%E3%82%AB%E3%82%AA%E5%AF%BE%E5%BF%9C-%E7%84%A1%E5%88%B6%E9%99%90%E9%AB%98%E9%80%9F%E3%83%87%E3%83%BC%E3%82%BF%EF%BC%88%E4%BD%8E%E9%80%9F%E3%81%AA%E3%81%97%EF%BC%89%EF%BD%9C-%E5%8D%B3%E6%97%A5%E7%99%BA%E8%A1%8C%E3%83%BB%E3%81%99%E3%81%90%E4%BD%BF%E3%81%88%E3%82%8B%EF%BD%9CGoogle%E3%80%81LINE%E3%80%81YouTube%E3%81%AA%E3%81%A9VPN%E3%81%AA%E3%81%97%E3%81%A7%E5%88%A9%E7%94%A8%E5%8F%AF%E8%83%BD%E3%83%BB%E5%AE%9F%E5%90%8D%E7%99%BB%E9%8C%B2%E4%B8%8D%E8%A6%81%EF%BD%9C24%E6%99%82%E9%96%93LINE%E3%82%B5%E3%83%9D%E3%83%BC%E3%83%88-4%E6%97%A5%E9%96%93/dp/B0FTSBHC1G,B0FTSBHC1G,B0FTSBHC1G,Global eSIMshop,ブランド: PLUG TO GO,"{""price_jpy"": [""￥1,680""], ""usage_validity"": [""【中国eSIM】中国本土 香港 マカオ対応 4日間 無制限高速データ（低速なし）｜ 即日発行・すぐ使える｜Google、LINE、YouTubeなどVPNなしで利用可能・実名登録不要｜24時間LINEサポート 香港 sim 中国 sim""], ""activation_validity"": [""【有効期限】 eSIM QRコードの有効期限は受け取りから90日間です。""], ""data_amount"": [""【高速データ】データ通信専用のeSIMです。高速データ容量は無制限で完全使い放題。本人確認やSIMカード認証も不要で、1〜30日間の利用期間を選択できます。""], ""network_type"": [""【Almond SIM】 ベトナム 7日間 完全無制限 電話番号付き｜純正Vietnamobile キャリア ｜ホーチミン・ハノイなど 対応｜LINEで24時間サポート｜4G-LTE対応 プリペイドsim ｜Vietnam simカード (物理sim/7日間)"", ""score: local=3, roaming=1"", ""local_claim_refers_to:cn""], ""network_generation"": [""product_info_cellular_5g: source:product_info_cellular: 携帯電話技術 5G/4G""], ""carrier_support_local"": [""CTM: サービスプロバイダ China Telecom/3HK/CTM"", ""CTM: Amazon.co.jp: 【中国eSIM】中国本土 香港 マカオ対応 4日間 無制限高速データ（低速なし）｜ 即日発行・すぐ使える｜Google、LINE、YouTubeなどVPNなしで利用可能・実名登録不要｜24時間LINEサポート 香港 sim 中国 sim : 家電＆カメラ 次に移動 メイン""], ""review_count"": [""detail_page: (4)""], ""bestseller_rank"": [""Amazon 売れ筋ランキング 家電＆カメラ - 454,646位 ( 家電＆カメラの売れ筋ランキングを見る ) プリペイドSIMカード - 2,924位""], ""title"": [""【中国eSIM】中国本土 香港 マカオ対応 4日間 無制限高速データ（低速なし）｜ 即日発行・すぐ使える｜Google、LINE、YouTubeなどVPNなしで利用可能・実名登録不要｜24時間LINEサポート 香港 sim 中国 sim""]}"
amazon_jp,mo,アジア10ヶ国eSIM 8日 データ容量5GB ローミングeSIM 5G/4G対応 LINEで24時間サポート プリペイド SIM/利用可能国：マカオ・マレーシア・インドネシア・シンガポール・タイ・フィリピン・ベトナム等 ＭＥＷＭＥＷホーム (８日間 5GB),1780,10,,,,,1436,８일,８일,8일,roaming,lte_4g_only,,,"{""ctm"": null, ""china_telecom_macau"": null, ""three_macau"": null}","{""skt"": null, ""kt"": null, ""lgu"": null}",5GB,https://www.amazon.co.jp/LINE%E3%81%A724%E6%99%82%E9%96%93%E3%82%B5%E3%83%9D%E3%83%BC%E3%83%88-%E5%88%A9%E7%94%A8%E5%8F%AF%E8%83%BD%E5%9B%BD%EF%BC%9A%E3%83%9E%E3%82%AB%E3%82%AA%E3%83%BB%E3%83%9E%E3%83%AC%E3%83%BC%E3%82%B7%E3%82%A2%E3%83%BB%E3%82%A4%E3%83%B3%E3%83%89%E3%83%8D%E3%82%B7%E3%82%A2%E3%83%BB%E3%82%B7%E3%83%B3%E3%82%AC%E3%83%9D%E3%83%BC%E3%83%AB%E3%83%BB%E3%82%BF%E3%82%A4%E3%83%BB%E3%83%95%E3%82%A3%E3%83%AA%E3%83%94%E3%83%B3%E3%83%BB%E3%83%99%E3%83%88%E3%83%8A%E3%83%A0%E7%AD%89-%EF%BC%AD%EF%BC%A5%EF%BC%B7%EF%BC%AD%EF%BC%A5%EF%BC%B7%E3%83%9B%E3%83%BC%E3%83%A0-%EF%BC%98%E6%97%A5%E9%96%93-5GB/dp/B0FKSCNDJD,B0FKSCNDJD,B0FKSCNDJD,mewmewホーム eSIM,ＭＥＷＭＥＷホームのストアを表示,"{""price_jpy"": [""￥1,780""], ""usage_validity"": [""アジア10ヶ国eSIM 8日 データ容量5GB ローミングeSIM 5G/4G対応 LINEで24時間サポート プリペイド SIM/利用可能国：マカオ・マレーシア・インドネシア・シンガポール・タイ・フィリピン・ベトナム等 ＭＥＷＭＥＷホーム (８日間 5GB)""], ""activation_validity"": [""アジア10ヶ国eSIM 8日 データ容量5GB ローミングeSIM 5G/4G対応 LINEで24時間サポート プリペイド SIM/利用可能国：マカオ・マレーシア・インドネシア・シンガポール・タイ・フィリピン・ベトナム等 ＭＥＷＭＥＷホーム (８日間 5GB)""], ""data_amount"": [""アジア周遊中、この1枚のeSIMだけでOK！面倒な交換の必要がなく、とても便利です。・利用期間：8日間・データ容量：5GB（高速通信）・容量超過後：256Kbpsで無制限に利用可能（通信が止まることはありません）・データ通信専用 (通話・SMS利用は出来ません)""], ""network_type"": [""アジア10ヶ国eSIM 8日 データ容量5GB ローミングeSIM 5G/4G対応 LINEで24時間サポート プリペイド SIM/利用可能国：マカオ・マレーシア・インドネシア・シンガポール・タイ・フィリピン・ベトナム等 ＭＥＷＭＥＷホーム (８日間 5GB)"", ""Amazon.co.jp: アジア10ヶ国eSIM 8日 データ容量5GB ローミングeSIM 5G/4G対応 LINEで24時間サポート プリペイド SIM/利用可能国：マカオ・マレーシア・インドネシア・シンガポール・タイ・フィリピン・ベトナム等 ＭＥＷＭＥＷホーム (８日間 5GB) : 家電＆カメラ"", ""score: local=0, roaming=10""], ""network_generation"": [""product_info_cellular_4g_lte: source:product_info_cellular: 携帯電話技術 LTE""], ""review_count"": [""detail_page: (10)""], ""bestseller_rank"": [""Amazon 売れ筋ランキング 家電＆カメラ - 178,137位 ( 家電＆カメラの売れ筋ランキングを見る ) プリペイドSIMカード - 1,436位""], ""title"": [""アジア10ヶ国eSIM 8日 データ容量5GB ローミングeSIM 5G/4G対応 LINEで24時間サポート プリペイド SIM/利用可能国：マカオ・マレーシア・インドネシア・シンガポール・タイ・フィリピン・ベトナム等 ＭＥＷＭＥＷホーム (８日間 5GB)""]}"
amazon_jp,mo,【中国・香港・マカオ eSIM】2日間 高速無制限 データ通信専用（電話番号なし） 5G/4G-LTE対応 中国でもGoogle、LINE、YouTubeをVPNなしで利用可能 説明書付き LINEで24時間サポート 香港 マカオ 中国SIM MEWMEWホーム (2日間),1280,211,,,,,1839,2일,2일,,unknown,5g_capable,,,"{""ctm"": null, ""china_telecom_macau"": null, ""three_macau"": null}","{""skt"": null, ""kt"": null, ""lgu"": null}",unlimited,https://www.amazon.co.jp/%E3%80%90%E4%B8%AD%E5%9B%BD%E3%83%BB%E9%A6%99%E6%B8%AF%E3%83%BB%E3%83%9E%E3%82%AB%E3%82%AA-%E3%83%87%E3%83%BC%E3%82%BF%E9%80%9A%E4%BF%A1%E5%B0%82%E7%94%A8%EF%BC%88%E9%9B%BB%E8%A9%B1%E7%95%AA%E5%8F%B7%E3%81%AA%E3%81%97%EF%BC%89-%E4%B8%AD%E5%9B%BD%E3%81%A7%E3%82%82Google%E3%80%81LINE%E3%80%81YouTube%E3%82%92VPN%E3%81%AA%E3%81%97%E3%81%A7%E5%88%A9%E7%94%A8%E5%8F%AF%E8%83%BD-LINE%E3%81%A724%E6%99%82%E9%96%93%E3%82%B5%E3%83%9D%E3%83%BC%E3%83%88-2%E6%97%A5%E9%96%93/dp/B0F1ZXZSGP,B0F1ZXZSGP,B0F1ZXZSGP,mewmewホーム eSIM,ＭＥＷＭＥＷホームのストアを表示,"{""price_jpy"": [""￥1,280""], ""usage_validity"": [""【中国・香港・マカオ eSIM】2日間 高速無制限 データ通信専用（電話番号なし） 5G/4G-LTE対応 中国でもGoogle、LINE、YouTubeをVPNなしで利用可能 説明書付き LINEで24時間サポート 香港 マカオ 中国SIM MEWMEWホーム (2日間)""], ""data_amount"": [""【高速無制限】中国本土・香港・マカオにて高速データ通信量は完全無制限となります。安心して頻繁にインターネットを利用したり、高画質の動画を視聴したり、いつでも地図を検索したり、旅行の写真を共有することができます。""], ""network_type"": [""【T-Mobile純正品】eSIM版 アメリカ ハワイ SIM 7日間【使い放題】【電話番号付き】5G/4G-LTE 高速データ通信/通話/SMS/テザリング 【アメリカ ハワイ 無制限】 プリペイド SIMカード T-Mobile esim 7days"", ""score: local=3, roaming=0"", ""local_claim_refers_to:cn""], ""network_generation"": [""title_5g: source:title: 【中国・香港・マカオ eSIM】2日間 高速無制限 データ通信専用（電話番号なし） 5G/4G-LTE対応 中国でもGoogle、LINE、YouTubeをVPNなしで利用可能 説明書付き LINEで24時間サポート 香港 マカオ 中国SIM MEWMEWホーム (2日間)"", ""title_4g_lte_signal_present_but_5g_capable_takes_precedence""], ""review_count"": [""detail_page: 211""], ""bestseller_rank"": [""Amazon 売れ筋ランキング 家電＆カメラ - 239,188位 ( 家電＆カメラの売れ筋ランキングを見る ) プリペイドSIMカード - 1,839位""], ""title"": [""【中国・香港・マカオ eSIM】2日間 高速無制限 データ通信専用（電話番号なし） 5G/4G-LTE対応 中国でもGoogle、LINE、YouTubeをVPNなしで利用可能 説明書付き LINEで24時間サポート 香港 マカオ 中国SIM MEWMEWホーム (2日間)""]}"
amazon_jp,mo,【香港・マカオ eSIM】5日間 5GB（四泊五日 コスパ重視） DeSiM正規卸 | LINE相談受付中 |データ通信専用（電話番号なし） | simフリー端末のみ対応 説明書付 イーシム,1280,1,,,,,856,5일,5일,5일,unknown,lte_4g_only,,,"{""ctm"": null, ""china_telecom_macau"": null, ""three_macau"": null}","{""skt"": null, ""kt"": null, ""lgu"": null}",unlimited,https://www.amazon.co.jp/eSIM%E3%80%915%E6%97%A5%E9%96%93-5GB%EF%BC%88%E5%9B%9B%E6%B3%8A%E4%BA%94%E6%97%A5-LINE%E7%9B%B8%E8%AB%87%E5%8F%97%E4%BB%98%E4%B8%AD%EF%BD%9C%E5%BD%93%E6%97%A5%E7%99%BA%E8%A1%8C%E5%8F%AF%E8%83%BD-%E3%83%87%E3%83%BC%E3%82%BF%E9%80%9A%E4%BF%A1%E5%B0%82%E7%94%A8%EF%BC%88%E9%9B%BB%E8%A9%B1%E7%95%AA%E5%8F%B7%E3%81%AA%E3%81%97%EF%BC%89-sim%E3%83%95%E3%83%AA%E3%83%BC%E7%AB%AF%E6%9C%AB%E3%81%AE%E3%81%BF%E5%AF%BE%E5%BF%9C/dp/B0DG4N7PJW,B0DG4N7PJW,B0DG4N7PJW,DeSiM,DeSiMのストアを表示,"{""price_jpy"": [""￥1,280""], ""usage_validity"": [""【香港・マカオ eSIM】5日間 5GB（四泊五日 コスパ重視） DeSiM正規卸 | LINE相談受付中 |データ通信専用（電話番号なし） | simフリー端末のみ対応 説明書付 イーシム""], ""activation_validity"": [""【アメリカeSIM】5日間 高速データ無制限使い放題 当日利用可能&有効期限90日間 5G高速データ通信専用 (5日間) | 説明書付 LINEで年中無休&24時間サポート アメリカ sim ハワイsim プリペイドsim Tiktok&ChatGPT使用可能 America sim way2esim""], ""data_amount"": [""商品の説明 購入前の注意事項 【注意事項】 注意事項①：電話番号は付与されませんので、ご注意ください。 注意事項②：SIMロックフリー端末、もしくはSIMフリー端末専用のサービスです。必ず、ご利用端末がeSIM対応かどうかご確認ください。 注意事項③：2021年10月1日以前にSIMロック解除をキャリア店頭またはインターネットでされた「Android端末」は""], ""network_type"": [""商品の説明 購入前の注意事項 【注意事項】 注意事項①：電話番号は付与されませんので、ご注意ください。 注意事項②：SIMロックフリー端末、もしくはSIMフリー端末専用のサービスです。必ず、ご利用端末がeSIM対応かどうかご確認ください。 注意事項③：2021年10月1日以前にSIMロック解除をキャリア店頭またはインターネットでされた「Android端末」は"", ""【チョコSIM 定額（Sプラン）】【中国の電話番号付きでアプリや施設サービスのSMS認証が可能】【データ容量】合計500MB/月【音声】合計20分間/月 データ/音声/SMS付きSIMカード 中国SIM マカオSIM China unicom ※こちらのSIMカードは契約後、毎月の基本料が発生いたします。※2024年11月1日から台湾でのご利用はできなくなり"", ""score: local=9, roaming=1"", ""local_claim_refers_to:hk""], ""network_generation"": [""product_info_cellular_4g_lte: source:product_info_cellular: 携帯電話技術 LTE""], ""review_count"": [""detail_page: (1)""], ""bestseller_rank"": [""Amazon 売れ筋ランキング 家電＆カメラ - 89,755位 ( 家電＆カメラの売れ筋ランキングを見る ) プリペイドSIMカード - 856位""], ""title"": [""【香港・マカオ eSIM】5日間 5GB（四泊五日 コスパ重視） DeSiM正規卸 | LINE相談受付中 |データ通信専用（電話番号なし） | simフリー端末のみ対応 説明書付 イーシム""]}"
amazon_jp,mo,【アジア10ヵ国 eSIM】7日間 5GB高速データ｜シンガポール・タイ・マレーシア・インドネシア・フィリピン・カンボジア・ベトナム・ラオス・スリランカ・マカオ対応｜即日発行・すぐ使える｜24時間LINEサポート アジア sim (7日間｜5GB),1850,59,,,,,1240,7일,7일,180일,roaming,lte_4g_only,,,"{""ctm"": null, ""china_telecom_macau"": null, ""three_macau"": null}","{""skt"": null, ""kt"": null, ""lgu"": null}",5GB,https://www.amazon.co.jp/%E3%80%90%E3%82%A2%E3%82%B8%E3%82%A210%E3%83%B5%E5%9B%BD-eSIM%E3%80%917%E6%97%A5%E9%96%93-%E3%82%A2%E3%82%B8%E3%82%A2-7%E6%97%A5%E9%96%93%EF%BD%9C5GB/dp/B0FPQXRW46,B0FPQXRW46,B0FPQXRW46,Global Simcard,アーモンド　ＳＩｍ　ｃａｒｄのストアを表示,"{""price_jpy"": [""￥1,850""], ""usage_validity"": [""【アジア10ヵ国 eSIM】7日間 5GB高速データ｜シンガポール・タイ・マレーシア・インドネシア・フィリピン・カンボジア・ベトナム・ラオス・スリランカ・マカオ対応｜即日発行・すぐ使える｜24時間LINEサポート アジア sim (7日間｜5GB)""], ""activation_validity"": [""【有効期限】メール受信から180日以内にご利用ください。""], ""data_amount"": [""【データ容量】7日間で合計5GBまで利用可能。上限超過後は256kbpsの低速通信に切り替わります。本人確認不要、即日発行ですぐに利用可能です。""], ""network_type"": [""マレーシア旅行用SIMカード - 5G/4G LTE高速データ - プリペイド＆ローミングなし、7日間合計3GB - 観光客やビジネス旅行者向けの簡単アクティベーション"", ""マレーシア旅行用SIMカード - 5G/4G LTE高速データ - プリペイド＆ローミングなし、7日間合計3GB - 観光客やビジネス旅行者向けの簡単アクティベーション"", ""score: local=0, roaming=2""], ""network_generation"": [""product_info_cellular_4g_lte: source:product_info_cellular: 携帯電話技術 LTE""], ""review_count"": [""detail_page: 59""], ""bestseller_rank"": [""Amazon 売れ筋ランキング 家電＆カメラ - 146,942位 ( 家電＆カメラの売れ筋ランキングを見る ) プリペイドSIMカード - 1,240位""], ""title"": [""【アジア10ヵ国 eSIM】7日間 5GB高速データ｜シンガポール・タイ・マレーシア・インドネシア・フィリピン・カンボジア・ベトナム・ラオス・スリランカ・マカオ対応｜即日発行・すぐ使える｜24時間LINEサポート アジア sim (7日間｜5GB)""]}"
amazon_jp,mo,中国 sim｜90日間 50GB高速データ通信 低速無制限｜中国本土・香港・マカオ対応｜simカード｜Google/LINE/YouTube利用可｜実名登録不要｜24時間多言語サポート 香港 sim,6880,49,,,,,833,90일,90일,90일,roaming,5g_capable,,,"{""ctm"": true, ""china_telecom_macau"": null, ""three_macau"": null}","{""skt"": null, ""kt"": null, ""lgu"": null}",10GB,https://www.amazon.co.jp/sim%EF%BD%9C7%E6%97%A5%E9%96%93-10GB%E9%AB%98%E9%80%9F%E3%83%87%E3%83%BC%E3%82%BF%E9%80%9A%E4%BF%A1-%E4%BD%8E%E9%80%9F%E7%84%A1%E5%88%B6%E9%99%90%EF%BD%9C%E4%B8%AD%E5%9B%BD%E6%9C%AC%E5%9C%9F%E3%83%BB%E9%A6%99%E6%B8%AF%E3%83%BB%E3%83%9E%E3%82%AB%E3%82%AA%E5%AF%BE%E5%BF%9C%EF%BD%9Csim%E3%82%AB%E3%83%BC%E3%83%89%EF%BD%9CGoogle-YouTube%E5%88%A9%E7%94%A8%E5%8F%AF%EF%BD%9C%E5%AE%9F%E5%90%8D%E7%99%BB%E9%8C%B2%E4%B8%8D%E8%A6%81%EF%BD%9C24%E6%99%82%E9%96%93%E5%A4%9A%E8%A8%80%E8%AA%9E%E3%82%B5%E3%83%9D%E3%83%BC%E3%83%88-90%E6%97%A5%E9%96%93%E3%83%BB50GB/dp/B0FTM4M7GY,B0FTM4M7GY,B0FTM4M7GY,Global eSIMshop,ブランド: PLUG TO GO,"{""price_jpy"": [""￥6,880""], ""usage_validity"": [""中国 sim｜90日間 50GB高速データ通信 低速無制限｜中国本土・香港・マカオ対応｜simカード｜Google/LINE/YouTube利用可｜実名登録不要｜24時間多言語サポート 香港 sim""], ""activation_validity"": [""中国 sim｜90日間 50GB高速データ通信 低速無制限｜中国本土・香港・マカオ対応｜simカード｜Google/LINE/YouTube利用可｜実名登録不要｜24時間多言語サポート 香港 sim""], ""data_amount"": [""【高速データ】 データ通信専用プリペイドSIM。中国大陸・香港・マカオで利用可能。利用開始から7日間で合計10GBの高速データ通信が利用できます。10GBを超過した場合も、最大128kbpsの低速通信が無制限でご利用可能。本人確認やSIM登録は不要です。""], ""network_type"": [""【中国ネット規制なし】 中国本土では香港回線をローミング利用するため、中国政府のネット規制対象外。Google、LINE、Facebook、Twitter、YouTube、Instagramなど主要サービスがVPN不要でそのままご利用いただけます。"", ""【高速データ】 データ通信専用プリペイドSIM。中国大陸・香港・マカオで利用可能。利用開始から7日間で合計10GBの高速データ通信が利用できます。10GBを超過した場合も、最大128kbpsの低速通信が無制限でご利用可能。本人確認やSIM登録は不要です。 【中国ネット規制なし】 中国本土では香港回線をローミング利用するため、中国政府のネット規制対象外。Goo"", ""score: local=0, roaming=2""], ""network_generation"": [""product_info_cellular_5g: source:product_info_cellular: 携帯電話技術 5G/4G""], ""carrier_support_local"": [""CTM: 【対応端末】SIMフリー／SIMロック解除済みスマートフォン専用。タブレット・PC・Wi-Fiルーターではご利用いただけません。標準／micro／nano SIMサイズに対応。 キャリア：中国：中国電信（China Telecom）／香港：3HK／マカオ：CTM。"", ""CTM: 【高速データ】 データ通信専用プリペイドSIM。中国大陸・香港・マカオで利用可能。利用開始から7日間で合計10GBの高速データ通信が利用できます。10GBを超過した場合も、最大128kbpsの低速通信が無制限でご利用可能。本人確認やSIM登録は不要です。 【中国ネット規制なし】 中国本土では香港回線"", ""CTM: サービスプロバイダ China Telecom/3HK/CTM"", ""CTM: Amazon.co.jp: 中国 sim｜90日間 50GB高速データ通信 低速無制限｜中国本土・香港・マカオ対応｜simカード｜Google/LINE/YouTube利用可｜実名登録不要｜24時間多言語サポート 香港 sim : 家電＆カメラ 次に移動 メインコンテンツ この商品について この商品""], ""review_count"": [""detail_page: 49""], ""bestseller_rank"": [""Amazon 売れ筋ランキング 家電＆カメラ - 88,203位 ( 家電＆カメラの売れ筋ランキングを見る ) プリペイドSIMカード - 833位""], ""title"": [""中国 sim｜90日間 50GB高速データ通信 低速無制限｜中国本土・香港・マカオ対応｜simカード｜Google/LINE/YouTube利用可｜実名登録不要｜24時間多言語サポート 香港 sim""]}"
amazon_jp,mo,【Almond eSIM】東南アジア Southeast Asia esim 10日間 シンガポール マレーシア タイ ベトナム インドネシア プリペイドSIM ESIMプラン 高速データ通信 当日発行可能 Singapore Malaysia Thailand Vietnam Indonesia eSIM (10日間高速データ),1880,107,,,,,189,10일,10일,30일,unknown,lte_4g_only,,,"{""ctm"": null, ""china_telecom_macau"": null, ""three_macau"": null}","{""skt"": null, ""kt"": null, ""lgu"": null}",unlimited,https://www.amazon.co.jp/Southeast-%E3%83%97%E3%83%AA%E3%83%9A%E3%82%A4%E3%83%89SIM-Singapore-Indonesia-10%E6%97%A5%E9%96%93%E9%AB%98%E9%80%9F%E3%83%87%E3%83%BC%E3%82%BF/dp/B0CG137HB8,B0CG137HB8,B0CG137HB8,株式会社ビッグコネクト,bigconnectのストアを表示,"{""price_jpy"": [""￥1,880""], ""usage_validity"": [""【Almond eSIM】東南アジア Southeast Asia esim 10日間 シンガポール マレーシア タイ ベトナム インドネシア プリペイドSIM ESIMプラン 高速データ通信 当日発行可能 Singapore Malaysia Thailand Vietnam Indonesia eSIM (10日間高速データ)""], ""activation_validity"": [""●【SimCardの有効期限】メールで納品した30日以内にご利用始めてください。該当の商品はEsimcardになります、物理SIMカードを装着するのではなく、スマートフォンやタブレット等の端末内にあらかじめ埋め込まれたチップに、インターネット経由でデータプランを書き込むことができます。物理のSIMが入っていません。""], ""data_amount"": [""●【特徴1】データ通信専用Esimになります。※データ容量無制限。ただしデータ一日使用量が1GBに達すると最大通信速度が128kbpsに低下します。翌日の現地時間0時自動的にスピード制限を解除します。※現地時間の00:00-23：59区切りで、カウントされます。128kbpsはビデオ通話、Youtubeなどの動画閲覧がほぼできないですが、Google Map""], ""network_type"": [""local_signal: 【T-Mobile純正品】eSIM版 アメリカ ハワイ SIM 7日間【使い放題】【電話番号付き】5G/4G-LTE 高速データ通信/通話/SMS/テザリング 【アメリカ ハワイ 無制限】 プリペイド SIMカード T-Mobile esim 7days"", ""roaming_signal: インドネシア旅行SIMカード - 5G/4G LTE高速データ - プリペイド＆ローミング禁止 - 5日間1GB - 観光客やビジネス旅行者のための簡単な有効化"", ""insufficient_or_conflicting_signals(local=9, roaming=2)""], ""network_generation"": [""product_info_cellular_4g_lte: source:product_info_cellular: 携帯電話技術 LTE""], ""review_count"": [""detail_page: (107)""], ""bestseller_rank"": [""Amazon 売れ筋ランキング 家電＆カメラ - 17,190位 ( 家電＆カメラの売れ筋ランキングを見る ) プリペイドSIMカード - 189位""], ""title"": [""【Almond eSIM】東南アジア Southeast Asia esim 10日間 シンガポール マレーシア タイ ベトナム インドネシア プリペイドSIM ESIMプラン 高速データ通信 当日発行可能 Singapore Malaysia Thailand Vietnam Indonesia eSIM (10日間高速データ)""]}"
amazon_jp,mo,【香港・マカオ eSIM】3日間 5GB（二泊三日 コスパ重視） DeSiM正規卸 | LINE相談受付中 |データ通信専用（電話番号なし） | simフリー端末のみ対応 説明書付 イーシム,1210,53,,,,,1112,3일,3일,5일,unknown,lte_4g_only,,,"{""ctm"": null, ""china_telecom_macau"": null, ""three_macau"": null}","{""skt"": null, ""kt"": null, ""lgu"": null}",unlimited,https://www.amazon.co.jp/eSIM%E3%80%913%E6%97%A5%E9%96%93-5GB%EF%BC%88%E4%BA%8C%E6%B3%8A%E4%B8%89%E6%97%A5-LINE%E7%9B%B8%E8%AB%87%E5%8F%97%E4%BB%98%E4%B8%AD%EF%BD%9C%E5%BD%93%E6%97%A5%E7%99%BA%E8%A1%8C%E5%8F%AF%E8%83%BD-%E3%83%87%E3%83%BC%E3%82%BF%E9%80%9A%E4%BF%A1%E5%B0%82%E7%94%A8%EF%BC%88%E9%9B%BB%E8%A9%B1%E7%95%AA%E5%8F%B7%E3%81%AA%E3%81%97%EF%BC%89-sim%E3%83%95%E3%83%AA%E3%83%BC%E7%AB%AF%E6%9C%AB%E3%81%AE%E3%81%BF%E5%AF%BE%E5%BF%9C/dp/B0DG57VZRP,B0DG57VZRP,B0DG57VZRP,DeSiM,DeSiMのストアを表示,"{""price_jpy"": [""￥1,210""], ""usage_validity"": [""【香港・マカオ eSIM】3日間 5GB（二泊三日 コスパ重視） DeSiM正規卸 | LINE相談受付中 |データ通信専用（電話番号なし） | simフリー端末のみ対応 説明書付 イーシム""], ""activation_validity"": [""【アメリカeSIM】5日間 高速データ無制限使い放題 当日利用可能&有効期限90日間 5G高速データ通信専用 (5日間) | 説明書付 LINEで年中無休&24時間サポート アメリカ sim ハワイsim プリペイドsim Tiktok&ChatGPT使用可能 America sim way2esim""], ""data_amount"": [""商品の説明 購入前の注意事項 【注意事項】 注意事項①：電話番号は付与されませんので、ご注意ください。 注意事項②：SIMロックフリー端末、もしくはSIMフリー端末専用のサービスです。必ず、ご利用端末がeSIM対応かどうかご確認ください。 注意事項③：2021年10月1日以前にSIMロック解除をキャリア店頭またはインターネットでされた「Android端末」は""], ""network_type"": [""商品の説明 購入前の注意事項 【注意事項】 注意事項①：電話番号は付与されませんので、ご注意ください。 注意事項②：SIMロックフリー端末、もしくはSIMフリー端末専用のサービスです。必ず、ご利用端末がeSIM対応かどうかご確認ください。 注意事項③：2021年10月1日以前にSIMロック解除をキャリア店頭またはインターネットでされた「Android端末」は"", ""【チョコSIM 定額（Sプラン）】【中国の電話番号付きでアプリや施設サービスのSMS認証が可能】【データ容量】合計500MB/月【音声】合計20分間/月 データ/音声/SMS付きSIMカード 中国SIM マカオSIM China unicom ※こちらのSIMカードは契約後、毎月の基本料が発生いたします。※2024年11月1日から台湾でのご利用はできなくなり"", ""score: local=9, roaming=1"", ""local_claim_refers_to:hk""], ""network_generation"": [""product_info_cellular_4g_lte: source:product_info_cellular: 携帯電話技術 LTE""], ""review_count"": [""detail_page: 53""], ""bestseller_rank"": [""Amazon 売れ筋ランキング 家電＆カメラ - 127,958位 ( 家電＆カメラの売れ筋ランキングを見る ) プリペイドSIMカード - 1,112位""], ""title"": [""【香港・マカオ eSIM】3日間 5GB（二泊三日 コスパ重視） DeSiM正規卸 | LINE相談受付中 |データ通信専用（電話番号なし） | simフリー端末のみ対応 説明書付 イーシム""]}"
amazon_jp,mo,【中国・マカオ物理SIM版】中国 SIMカード7日間 高速データSIMカード 2GB/日 中国ネット規制対象外Line、Youtube、GoogleなどVPNなしで利用可能。実名登録不要,2200,49,,,,,1913,7일,7일,,unknown,5g_capable,,,"{""ctm"": null, ""china_telecom_macau"": null, ""three_macau"": null}","{""skt"": null, ""kt"": null, ""lgu"": null}",2GB,https://www.amazon.co.jp/%E3%80%90%E4%B8%AD%E5%9B%BD%E3%83%BB%E3%83%9E%E3%82%AB%E3%82%AA%E7%89%A9%E7%90%86SIM%E7%89%88%E3%80%91%E4%B8%AD%E5%9B%BD-SIM%E3%82%AB%E3%83%BC%E3%83%897%E6%97%A5%E9%96%93-%E9%AB%98%E9%80%9F%E3%83%87%E3%83%BC%E3%82%BFSIM%E3%82%AB%E3%83%BC%E3%83%89-2GB-%E4%B8%AD%E5%9B%BD%E3%83%8D%E3%83%83%E3%83%88%E8%A6%8F%E5%88%B6%E5%AF%BE%E8%B1%A1%E5%A4%96Line%E3%80%81Youtube%E3%80%81Google%E3%81%AA%E3%81%A9VPN%E3%81%AA%E3%81%97%E3%81%A7%E5%88%A9%E7%94%A8%E5%8F%AF%E8%83%BD%E3%80%82%E5%AE%9F%E5%90%8D%E7%99%BB%E9%8C%B2%E4%B8%8D%E8%A6%81/dp/B0FKGMBX38,B0FKGMBX38,B0FKGMBX38,RoamingSaver,ブランド: ROAMING SAVER,"{""price_jpy"": [""￥2,200""], ""usage_validity"": [""【中国・マカオ物理SIM版】中国 SIMカード7日間 高速データSIMカード 2GB/日 中国ネット規制対象外Line、Youtube、GoogleなどVPNなしで利用可能。実名登録不要""], ""data_amount"": [""☎利用期間・通信量☎7日間、每日2GB高速（5G / 4G）データ通信量""], ""network_type"": [""local_signal: 【eSIM】【チャージで延長も可能】中国電話番号付き（30分/SMS30通）！シーズンSIM（中国本土・香港・日本・韓国で利用可能）90日間6GBデータ高速通信 プリペイドSIMカード 面倒な契約不要 (eSIMダウンロード版) ※台湾での利用はでき"", ""roaming_signal: 商品の説明 ◤◢◤ 中国移動（チャイナ・モバイル）◢◤◢ ** 中国移動（チャイナ・モバイル） **は、中国を代表する大手通信会社です。スマートフォン向けの通信やインターネットサービス、企業向けのソリューションなど、さまざまなサービスを提供しています。1997年に設立され、中国政府が出資する国有企業として運営されています。 中国全土に広がる大規模なネットワー"", ""insufficient_or_conflicting_signals(local=3, roaming=4)""], ""network_generation"": [""product_info_cellular_5g: source:product_info_cellular: 携帯電話技術 5G/4G LTE""], ""review_count"": [""detail_page: 49""], ""bestseller_rank"": [""Amazon 売れ筋ランキング 家電＆カメラ - 250,576位 ( 家電＆カメラの売れ筋ランキングを見る ) プリペイドSIMカード - 1,913位""], ""title"": [""【中国・マカオ物理SIM版】中国 SIMカード7日間 高速データSIMカード 2GB/日 中国ネット規制対象外Line、Youtube、GoogleなどVPNなしで利用可能。実名登録不要""]}"
amazon_jp,mo,中国・香港・マカオ・台湾対応 eSIM 3日間無制限【当日発行・メール送信】高速5G/4G LTE・テザリング可能 簡単QRコード設定 LINE相談受付中 データ通信専用（音声通話なし）SIMカード不要・契約不要,1799,211,,,,,,3일,3일,,unknown,5g_capable,,,"{""ctm"": null, ""china_telecom_macau"": null, ""three_macau"": null}","{""skt"": null, ""kt"": null, ""lgu"": null}",unlimited,https://www.amazon.co.jp/%E4%B8%AD%E5%9B%BD%E3%83%BB%E9%A6%99%E6%B8%AF%E3%83%BB%E3%83%9E%E3%82%AB%E3%82%AA%E3%83%BB%E5%8F%B0%E6%B9%BE%E5%AF%BE%E5%BF%9C-3%E6%97%A5%E9%96%93%E7%84%A1%E5%88%B6%E9%99%90%E3%80%90%E5%BD%93%E6%97%A5%E7%99%BA%E8%A1%8C%E3%83%BB%E3%83%A1%E3%83%BC%E3%83%AB%E9%80%81%E4%BF%A1%E3%80%91%E9%AB%98%E9%80%9F5G-LTE%E3%83%BB%E3%83%86%E3%82%B6%E3%83%AA%E3%83%B3%E3%82%B0%E5%8F%AF%E8%83%BD-%E7%B0%A1%E5%8D%98QR%E3%82%B3%E3%83%BC%E3%83%89%E8%A8%AD%E5%AE%9A-%E3%83%87%E3%83%BC%E3%82%BF%E9%80%9A%E4%BF%A1%E5%B0%82%E7%94%A8%EF%BC%88%E9%9F%B3%E5%A3%B0%E9%80%9A%E8%A9%B1%E3%81%AA%E3%81%97%EF%BC%89SIM%E3%82%AB%E3%83%BC%E3%83%89%E4%B8%8D%E8%A6%81%E3%83%BB%E5%A5%91%E7%B4%84%E4%B8%8D%E8%A6%81/dp/B0GSZRHX2F,B0GSZRHX2F,B0GSZRHX2F,umacaroon,ブランド: UROZETTA,"{""price_jpy"": [""￥1,799""], ""usage_validity"": [""中国・香港・マカオ・台湾対応 eSIM 3日間無制限【当日発行・メール送信】高速5G/4G LTE・テザリング可能 簡単QRコード設定 LINE相談受付中 データ通信専用（音声通話なし）SIMカード不要・契約不要""], ""data_amount"": [""【中国本土・香港・マカオ・台湾eSIMカード】アクティベート後、3日間、高速4G LTE通信が無制限でご利用いただけます。ホットスポット機能により複数端末の接続も可能です。QRコードから事前インストールが行えます。現地到着後、データローミングをオンにするだけで、すぐにインターネットをご利用いただけます。 *ご注意：有効期間は現地ネットワークに初回接続した時点""], ""network_type"": [""local_signal: 【VPN不要で、安定・高速な4G通信環境】中国本土・香港・マカオで、台湾高速かつ安定した5G/4Gネットワークをご利用いただけます。Google Maps、LINE、Instagram、YouTube、ChatGPT（※TikTokは非対応）などの主要アプリやウェブサイトに、現地回線の制限を受けることなく簡単にアクセス可能。ビジネス出張でも観光でも、途切れな"", ""roaming_signal: 【中国本土・香港・マカオ・台湾eSIMカード】アクティベート後、3日間、高速4G LTE通信が無制限でご利用いただけます。ホットスポット機能により複数端末の接続も可能です。QRコードから事前インストールが行えます。現地到着後、データローミングをオンにするだけで、すぐにインターネットをご利用いただけます。 *ご注意：有効期間は現地ネットワークに初回接続した時点"", ""insufficient_or_conflicting_signals(local=6, roaming=6)""], ""network_generation"": [""product_detail_5g: source:feature_bullets: 【VPN不要で、安定・高速な4G通信環境】中国本土・香港・マカオで、台湾高速かつ安定した5G/4Gネットワークをご利用いただけます。Google Maps、LINE、Instagram、YouTube、ChatGPT（※TikTokは非対応）などの主要アプリやウェブサイトに、現地回線の制限を受けることなく簡単に"", ""product_detail_4g_lte_signal_present_but_5g_capable_takes_precedence""], ""review_count"": [""detail_page: 211""], ""title"": [""中国・香港・マカオ・台湾対応 eSIM 3日間無制限【当日発行・メール送信】高速5G/4G LTE・テザリング可能 簡単QRコード設定 LINE相談受付中 データ通信専用（音声通話なし）SIMカード不要・契約不要""]}"
amazon_jp,mo,【中国・香港・マカオ eSIM】5日間 3GB（四泊五日 コスパ重視） DeSiM正規卸 |LINE相談受付中 |データ通信専用（電話番号なし） simフリー端末のみ対応 説明書付 イーシム desim,1660,3,,,,,889,5일,5일,7일,unknown,5g_capable,,,"{""ctm"": null, ""china_telecom_macau"": null, ""three_macau"": null}","{""skt"": null, ""kt"": null, ""lgu"": null}",unlimited,https://www.amazon.co.jp/%E3%80%90%E4%B8%AD%E5%9B%BD%E3%83%BB%E9%A6%99%E6%B8%AF%E3%83%BB%E3%83%9E%E3%82%AB%E3%82%AA-eSIM%E3%80%915%E6%97%A5%E9%96%93-LINE%E7%9B%B8%E8%AB%87%E5%8F%97%E4%BB%98%E4%B8%AD-%E3%83%87%E3%83%BC%E3%82%BF%E9%80%9A%E4%BF%A1%E5%B0%82%E7%94%A8%EF%BC%88%E9%9B%BB%E8%A9%B1%E7%95%AA%E5%8F%B7%E3%81%AA%E3%81%97%EF%BC%89-sim%E3%83%95%E3%83%AA%E3%83%BC%E7%AB%AF%E6%9C%AB%E3%81%AE%E3%81%BF%E5%AF%BE%E5%BF%9C/dp/B0D5W9FKZR,B0D5W9FKZR,B0D5W9FKZR,DeSiM,DeSiMのストアを表示,"{""price_jpy"": [""￥1,660""], ""usage_validity"": [""【中国・香港・マカオ eSIM】5日間 3GB（四泊五日 コスパ重視） DeSiM正規卸 |LINE相談受付中 |データ通信専用（電話番号なし） simフリー端末のみ対応 説明書付 イーシム desim""], ""activation_validity"": [""商品の説明 購入前の注意事項 【注意事項】 注意事項①：本商品はデータ通信専用です（通話はご利用いただけません）。ご注意ください。 注意事項②：SIMロックフリー端末、もしくはSIMフリー端末専用のサービスです。必ず、ご利用端末がeSIM対応かどうかご確認ください。 注意事項③：2021年10月1日以前にSIMロック解除をキャリア店頭またはインターネットでさ""], ""data_amount"": [""商品の説明 購入前の注意事項 【注意事項】 注意事項①：本商品はデータ通信専用です（通話はご利用いただけません）。ご注意ください。 注意事項②：SIMロックフリー端末、もしくはSIMフリー端末専用のサービスです。必ず、ご利用端末がeSIM対応かどうかご確認ください。 注意事項③：2021年10月1日以前にSIMロック解除をキャリア店頭またはインターネットでさ""], ""network_type"": [""商品の説明 購入前の注意事項 【注意事項】 注意事項①：本商品はデータ通信専用です（通話はご利用いただけません）。ご注意ください。 注意事項②：SIMロックフリー端末、もしくはSIMフリー端末専用のサービスです。必ず、ご利用端末がeSIM対応かどうかご確認ください。 注意事項③：2021年10月1日以前にSIMロック解除をキャリア店頭またはインターネットでさ"", ""【チョコSIM 定額（Sプラン）】【中国の電話番号付きでアプリや施設サービスのSMS認証が可能】【データ容量】合計500MB/月【音声】合計20分間/月 データ/音声/SMS付きSIMカード 中国SIM マカオSIM China unicom ※こちらのSIMカードは契約後、毎月の基本料が発生いたします。※2024年11月1日から台湾でのご利用はできなくなり"", ""score: local=9, roaming=1"", ""local_claim_refers_to:cn""], ""network_generation"": [""product_info_cellular_5g: source:product_info_cellular: 携帯電話技術 5G""], ""review_count"": [""detail_page: (3)""], ""bestseller_rank"": [""Amazon 売れ筋ランキング 家電＆カメラ - 93,306位 ( 家電＆カメラの売れ筋ランキングを見る ) プリペイドSIMカード - 889位""], ""title"": [""【中国・香港・マカオ eSIM】5日間 3GB（四泊五日 コスパ重視） DeSiM正規卸 |LINE相談受付中 |データ通信専用（電話番号なし） simフリー端末のみ対応 説明書付 イーシム desim""]}"
amazon_jp,mo,【中国 マカオ 香港 eSIM】14日間無制限 実名登録不要 QRコード設定 メール登録で納品 即日発行対応 急ぎの方LINEサポート 高速データ通信 低速なし 中国ネット規制対象外 Line、Youtube、GoogleなどVPNなしで利用可能 中国sim 香港sim マカオsim (14日間),5160,49,,,,,1990,14일,14일,90일,unknown,lte_4g_only,,,"{""ctm"": null, ""china_telecom_macau"": null, ""three_macau"": null}","{""skt"": null, ""kt"": null, ""lgu"": null}",unlimited,https://www.amazon.co.jp/eSIM%E3%80%9114%E6%97%A5%E9%96%93%E7%84%A1%E5%88%B6%E9%99%90-%E6%80%A5%E3%81%8E%E3%81%AE%E6%96%B9LINE%E3%82%B5%E3%83%9D%E3%83%BC%E3%83%88-%E4%B8%AD%E5%9B%BD%E3%83%8D%E3%83%83%E3%83%88%E8%A6%8F%E5%88%B6%E5%AF%BE%E8%B1%A1%E5%A4%96-Line%E3%80%81Youtube%E3%80%81Google%E3%81%AA%E3%81%A9VPN%E3%81%AA%E3%81%97%E3%81%A7%E5%88%A9%E7%94%A8%E5%8F%AF%E8%83%BD-14%E6%97%A5%E9%96%93/dp/B0FQNJ47YG,B0FQNJ47YG,B0FQNJ47YG,SYE店舗,ブランド: ノーブランド品,"{""price_jpy"": [""￥5,160""], ""usage_validity"": [""【中国 マカオ 香港 eSIM】14日間無制限 実名登録不要 QRコード設定 メール登録で納品 即日発行対応 急ぎの方LINEサポート 高速データ通信 低速なし 中国ネット規制対象外 Line、Youtube、GoogleなどVPNなしで利用可能 中国sim 香港sim マカオsim (14日間)""], ""activation_validity"": [""【有効期限】eSIM QRコードを受け取ってから90日間です""], ""data_amount"": [""✈️【高速データ通信】中国本土・香港・マカオで利用可能。無制限に使用可能です。旅行や出張先でも、高速インターネットでスムーズに使用！香港で5G通信可能。 ✈️【当日 納品可能】eSIMをご購入後、商品画像に記載された方法に従ってeSIM情報を取得して下さい。最短当日にご利用可能です。""], ""network_type"": [""roaming_signal: ⚠️【注意事項①】本製品は SIMロック解除済みかつeSIM対応スマートフォン のみでご利用いただけます。 ⚠️【注意事項②】ご利用日当日にスマートフォンをネットワークへ接続し、送付された eSIMのQRコードをスキャン して追加してください。目的地到着後、そのeSIMを選択し「ローミングをオン」にすると通信が可能になります。"", ""insufficient_or_conflicting_signals(local=0, roaming=1)""], ""network_generation"": [""product_info_cellular_4g_lte: source:product_info_cellular: 携帯電話技術 LTE""], ""review_count"": [""detail_page: 49""], ""bestseller_rank"": [""Amazon 売れ筋ランキング 家電＆カメラ - 262,885位 ( 家電＆カメラの売れ筋ランキングを見る ) プリペイドSIMカード - 1,990位""], ""title"": [""【中国 マカオ 香港 eSIM】14日間無制限 実名登録不要 QRコード設定 メール登録で納品 即日発行対応 急ぎの方LINEサポート 高速データ通信 低速なし 中国ネット規制対象外 Line、Youtube、GoogleなどVPNなしで利用可能 中国sim 香港sim マカオsim (14日間)""]}"
amazon_jp,mo,【香港・マカオeSIM】5日間 3GB（コスパ重視） LINE相談受付中｜データ通信専用（電話番号なし） | simフリー端末のみ対応 説明書付 イーシム simless,850,1,,,,,1640,5일,5일,5일,unknown,lte_4g_only,,,"{""ctm"": null, ""china_telecom_macau"": null, ""three_macau"": null}","{""skt"": null, ""kt"": null, ""lgu"": null}",unlimited,https://www.amazon.co.jp/%E3%80%90%E9%A6%99%E6%B8%AF%E3%83%BB%E3%83%9E%E3%82%AB%E3%82%AAeSIM%E3%80%915%E6%97%A5%E9%96%93-3GB%EF%BC%88%E3%82%B3%E3%82%B9%E3%83%91%E9%87%8D%E8%A6%96%EF%BC%89-LINE%E7%9B%B8%E8%AB%87%E5%8F%97%E4%BB%98%E4%B8%AD%EF%BD%9C%E3%83%87%E3%83%BC%E3%82%BF%E9%80%9A%E4%BF%A1%E5%B0%82%E7%94%A8%EF%BC%88%E9%9B%BB%E8%A9%B1%E7%95%AA%E5%8F%B7%E3%81%AA%E3%81%97%EF%BC%89-sim%E3%83%95%E3%83%AA%E3%83%BC%E7%AB%AF%E6%9C%AB%E3%81%AE%E3%81%BF%E5%AF%BE%E5%BF%9C-simless/dp/B0DWLW1WK8,B0DWLW1WK8,B0DWLW1WK8,DeSiM,DeSiMのストアを表示,"{""price_jpy"": [""￥850""], ""usage_validity"": [""【香港・マカオeSIM】5日間 3GB（コスパ重視） LINE相談受付中｜データ通信専用（電話番号なし） | simフリー端末のみ対応 説明書付 イーシム simless""], ""activation_validity"": [""【香港・マカオeSIM】5日間 3GB（コスパ重視） LINE相談受付中｜データ通信専用（電話番号なし） | simフリー端末のみ対応 説明書付 イーシム simless""], ""data_amount"": [""商品の説明 購入前の注意事項 【注意事項】 注意事項①：電話番号は付与されませんので、ご注意ください。 注意事項②：SIMロックフリー端末、もしくはSIMフリー端末専用のサービスです。必ず、ご利用端末がeSIM対応かどうかご確認ください。 注意事項③：2021年10月1日以前にSIMロック解除をキャリア店頭またはインターネットでされた「Android端末」は""], ""network_type"": [""商品の説明 購入前の注意事項 【注意事項】 注意事項①：電話番号は付与されませんので、ご注意ください。 注意事項②：SIMロックフリー端末、もしくはSIMフリー端末専用のサービスです。必ず、ご利用端末がeSIM対応かどうかご確認ください。 注意事項③：2021年10月1日以前にSIMロック解除をキャリア店頭またはインターネットでされた「Android端末」は"", ""【チョコSIM 定額（Sプラン）】【中国の電話番号付きでアプリや施設サービスのSMS認証が可能】【データ容量】合計500MB/月【音声】合計20分間/月 データ/音声/SMS付きSIMカード 中国SIM マカオSIM China unicom ※こちらのSIMカードは契約後、毎月の基本料が発生いたします。※2024年11月1日から台湾でのご利用はできなくなり"", ""score: local=9, roaming=1"", ""local_claim_refers_to:hk""], ""network_generation"": [""product_info_cellular_4g_lte: source:product_info_cellular: 携帯電話技術 LTE""], ""review_count"": [""detail_page: 1""], ""bestseller_rank"": [""Amazon 売れ筋ランキング 家電＆カメラ - 205,949位 ( 家電＆カメラの売れ筋ランキングを見る ) プリペイドSIMカード - 1,640位""], ""title"": [""【香港・マカオeSIM】5日間 3GB（コスパ重視） LINE相談受付中｜データ通信専用（電話番号なし） | simフリー端末のみ対応 説明書付 イーシム simless""]}"
amazon_jp,mo,【中国 香港 マカオ 物理SIM】中国SIM 30日間 30GB 速度制限なし 本人確認不要 中国/香港/マカオ対応 プリペイド式 データ通信専用 日本発送 現地到着後アクティベート 中国sim 香港sim マカオsim,7999,1,,,,,3172,30일,30일,,unknown,unknown,,,"{""ctm"": null, ""china_telecom_macau"": null, ""three_macau"": null}","{""skt"": null, ""kt"": null, ""lgu"": null}",30GB,https://www.amazon.co.jp/%E7%89%A9%E7%90%86SIM%E3%80%91%E4%B8%AD%E5%9B%BDSIM-%E9%80%9F%E5%BA%A6%E5%88%B6%E9%99%90%E3%81%AA%E3%81%97-%E6%9C%AC%E4%BA%BA%E7%A2%BA%E8%AA%8D%E4%B8%8D%E8%A6%81-%E3%83%87%E3%83%BC%E3%82%BF%E9%80%9A%E4%BF%A1%E5%B0%82%E7%94%A8-%E7%8F%BE%E5%9C%B0%E5%88%B0%E7%9D%80%E5%BE%8C%E3%82%A2%E3%82%AF%E3%83%86%E3%82%A3%E3%83%99%E3%83%BC%E3%83%88/dp/B0FM77T73H,B0FM77T73H,B0FM77T73H,Karbor,ブランド: YukiLink,"{""price_jpy"": [""￥7,999""], ""usage_validity"": [""【中国 香港 マカオ 物理SIM】中国SIM 30日間 30GB 速度制限なし 本人確認不要 中国/香港/マカオ対応 プリペイド式 データ通信専用 日本発送 現地到着後アクティベート 中国sim 香港sim マカオsim""], ""data_amount"": [""高速安定通信】30GBの高速データを速度制限なしでご利用可能​​。動画視聴や地図検索、SNSの利用も快適な​​高速通信​​を提供します。多くの格安SIMのような「~GB以降は低速（128kbps）」という制限は​​一切ありません​​。30GBまでずっと高速でお使いいただけます。""], ""network_type"": [""no_local_or_roaming_keyword_matched""], ""network_generation"": [""fallback_5g: source:image_alt: 中国eSIM｜15日間 高速データ無制限｜中国本土・香港・マカオ対応｜VPN付き LINE・YouTube・Google利用可｜4G/5G 即日発行可能 (15日間)"", ""fallback_4g_lte: source:image_alt: 中国eSIM｜15日間 高速データ無制限｜中国本土・香港・マカオ対応｜VPN付き LINE・YouTube・Google利用可｜4G/5G 即日発行可能 (15日間)"", ""fallback_only_network_generation_signal""], ""review_count"": [""detail_page: (1)""], ""bestseller_rank"": [""Amazon 売れ筋ランキング 家電＆カメラ - 514,491位 ( 家電＆カメラの売れ筋ランキングを見る ) プリペイドSIMカード - 3,172位""], ""title"": [""【中国 香港 マカオ 物理SIM】中国SIM 30日間 30GB 速度制限なし 本人確認不要 中国/香港/マカオ対応 プリペイド式 データ通信専用 日本発送 現地到着後アクティベート 中国sim 香港sim マカオsim""]}"
amazon_jp,mo,【Almond eSIM】アジア10か国 eSIM 8日間5GB 高速データ通信 シンガポール、タイ、マレーシア、インドネシア、フィリピン、カンボジア、ベトナム、ラオス、スリランカ、マカオ 当日発行可能 LINEで24時間サポート プリペイド ESIMプラン (8日間5GB高速データ),1880,39,,,,,867,8일,8일,8일,unknown,lte_4g_only,,,"{""ctm"": null, ""china_telecom_macau"": null, ""three_macau"": null}","{""skt"": null, ""kt"": null, ""lgu"": null}",5GB,https://www.amazon.co.jp/%E3%80%90Almond-eSIM%E3%80%91%E3%82%A2%E3%82%B8%E3%82%A210%E3%81%8B%E5%9B%BD-%E3%82%B7%E3%83%B3%E3%82%AC%E3%83%9D%E3%83%BC%E3%83%AB%E3%80%81%E3%82%BF%E3%82%A4%E3%80%81%E3%83%9E%E3%83%AC%E3%83%BC%E3%82%B7%E3%82%A2%E3%80%81%E3%82%A4%E3%83%B3%E3%83%89%E3%83%8D%E3%82%B7%E3%82%A2%E3%80%81%E3%83%95%E3%82%A3%E3%83%AA%E3%83%94%E3%83%B3%E3%80%81%E3%82%AB%E3%83%B3%E3%83%9C%E3%82%B8%E3%82%A2%E3%80%81%E3%83%99%E3%83%88%E3%83%8A%E3%83%A0%E3%80%81%E3%83%A9%E3%82%AA%E3%82%B9%E3%80%81%E3%82%B9%E3%83%AA%E3%83%A9%E3%83%B3%E3%82%AB%E3%80%81%E3%83%9E%E3%82%AB%E3%82%AA-LINE%E3%81%A724%E6%99%82%E9%96%93%E3%82%B5%E3%83%9D%E3%83%BC%E3%83%88-8%E6%97%A5%E9%96%935GB%E9%AB%98%E9%80%9F%E3%83%87%E3%83%BC%E3%82%BF/dp/B0FKKSTR2R,B0FKKSTR2R,B0FKKSTR2R,株式会社ビッグコネクト,bigconnectのストアを表示,"{""price_jpy"": [""￥1,880""], ""usage_validity"": [""【Almond eSIM】アジア10か国 eSIM 8日間5GB 高速データ通信 シンガポール、タイ、マレーシア、インドネシア、フィリピン、カンボジア、ベトナム、ラオス、スリランカ、マカオ 当日発行可能 LINEで24時間サポート プリペイド ESIMプラン (8日間5GB高速データ)""], ""activation_validity"": [""【Almond eSIM】アジア10か国 eSIM 8日間5GB 高速データ通信 シンガポール、タイ、マレーシア、インドネシア、フィリピン、カンボジア、ベトナム、ラオス、スリランカ、マカオ 当日発行可能 LINEで24時間サポート プリペイド ESIMプラン (8日間5GB高速データ)""], ""data_amount"": [""【データプラン】データ通信専用のeSIMです。シンガポール、タイ、マレーシア、インドネシア、フィリピン、カンボジア、ベトナム、ラオス、スリランカ、マカオを含む利用可能なプリペイドeSIMカード。利用開始日から8日間で5GB まで4G/5G高速通信が使用可能（5GB 超過後は128kbpsを下回らない速度に低速化）。""], ""network_type"": [""local_signal: 【T-Mobile純正品】eSIM版 アメリカ ハワイ SIM 7日間【使い放題】【電話番号付き】5G/4G-LTE 高速データ通信/通話/SMS/テザリング 【アメリカ ハワイ 無制限】 プリペイド SIMカード T-Mobile esim 7days"", ""roaming_signal: インドネシア旅行SIMカード - 5G/4G LTE高速データ - プリペイド＆ローミング禁止 - 5日間1GB - 観光客やビジネス旅行者のための簡単な有効化"", ""insufficient_or_conflicting_signals(local=3, roaming=2)""], ""network_generation"": [""product_info_cellular_4g_lte: source:product_info_cellular: 携帯電話技術 LTE""], ""review_count"": [""detail_page: (39)""], ""bestseller_rank"": [""Amazon 売れ筋ランキング 家電＆カメラ - 90,514位 ( 家電＆カメラの売れ筋ランキングを見る ) プリペイドSIMカード - 867位""], ""title"": [""【Almond eSIM】アジア10か国 eSIM 8日間5GB 高速データ通信 シンガポール、タイ、マレーシア、インドネシア、フィリピン、カンボジア、ベトナム、ラオス、スリランカ、マカオ 当日発行可能 LINEで24時間サポート プリペイド ESIMプラン (8日間5GB高速データ)""]}"
amazon_jp,mo,中国 eSIM｜5日間 無制限｜高速データ使い放題｜中国本土・香港・マカオ対応｜Google・LINE・YouTube利用可｜契約・本人確認不要｜24時間サポート,2080,26,,,,,1031,5일,5일,7일,unknown,5g_capable,,,"{""ctm"": true, ""china_telecom_macau"": null, ""three_macau"": null}","{""skt"": null, ""kt"": null, ""lgu"": null}",unlimited,https://www.amazon.co.jp/PLUG-TO-GO-eSIM%EF%BD%9C5%E6%97%A5%E9%96%93-%E7%84%A1%E5%88%B6%E9%99%90%EF%BD%9C%E9%AB%98%E9%80%9F%E3%83%87%E3%83%BC%E3%82%BF%E4%BD%BF%E3%81%84%E6%94%BE%E9%A1%8C%EF%BD%9C%E4%B8%AD%E5%9B%BD%E6%9C%AC%E5%9C%9F%E3%83%BB%E9%A6%99%E6%B8%AF%E3%83%BB%E3%83%9E%E3%82%AB%E3%82%AA%E5%AF%BE%E5%BF%9C%EF%BD%9CGoogle%E3%83%BBLINE%E3%83%BBYouTube%E5%88%A9%E7%94%A8%E5%8F%AF%EF%BD%9C%E5%A5%91%E7%B4%84%E3%83%BB%E6%9C%AC%E4%BA%BA%E7%A2%BA%E8%AA%8D%E4%B8%8D%E8%A6%81%EF%BD%9C24%E6%99%82%E9%96%93%E3%82%B5%E3%83%9D%E3%83%BC%E3%83%88/dp/B0H35RPJ84,B0H35RPJ84,B0H35RPJ84,Global eSIMshop,ブランド: PLUG TO GO,"{""price_jpy"": [""￥2,080""], ""usage_validity"": [""中国 eSIM｜5日間 無制限｜高速データ使い放題｜中国本土・香港・マカオ対応｜Google・LINE・YouTube利用可｜契約・本人確認不要｜24時間サポート""], ""activation_validity"": [""大中華区SIMカード-中国、香港、マカオ、台湾向けプリペイドデータプラン｜2 GB毎日データ、7日有効期限｜高速4/5 G LTE｜旅行者に最適""], ""data_amount"": [""【高速データ通信】中国本土・香港・マカオで利用可能なデータ通信専用eSIMです。高速データ通信が使い放題。本人確認・契約不要で、購入後すぐにご利用いただけます。※音声通話・SMS・電話番号には対応しておりません。""], ""network_type"": [""roaming_signal: 【VPN不要・人気アプリ対応】中国本土では香港ローミング接続を利用するため、Google・LINE・YouTube・Instagram・X（旧Twitter）など主要アプリをご利用いただけます。契約・本人確認不要、旅行や出張にも便利なプリペイドSIMカードです。"", ""insufficient_or_conflicting_signals(local=0, roaming=1)""], ""network_generation"": [""product_info_cellular_5g: source:product_info_cellular: 携帯電話技術 5G/4G-LTE""], ""carrier_support_local"": [""CTM: 【対応キャリア】中国：中国電信（China Telecom）／香港：3HK／マカオ：CTM対応。中国・香港・マカオ旅行に幅広く対応。""], ""review_count"": [""detail_page: (26)""], ""bestseller_rank"": [""Amazon 売れ筋ランキング 家電＆カメラ - 115,250位 ( 家電＆カメラの売れ筋ランキングを見る ) プリペイドSIMカード - 1,031位""], ""title"": [""中国 eSIM｜5日間 無制限｜高速データ使い放題｜中国本土・香港・マカオ対応｜Google・LINE・YouTube利用可｜契約・本人確認不要｜24時間サポート""]}"
amazon_jp,mo,【Almond SIM】中国本土 香港 マカオ simcard 15日間 高速データ通信 データ無制限 中国ネット規制対象外 中国でもGoogle、LINE、YouTubeなどVPNなしで利用可能 24時間安心サポート 5G 4G-LTE対応 プリペイド SIMカード China simカード (15日間15GB),2680,211,,,,,1430,15일,15일,15일,unknown,5g_capable,,,"{""ctm"": true, ""china_telecom_macau"": null, ""three_macau"": null}","{""skt"": null, ""kt"": null, ""lgu"": null}",unlimited,https://www.amazon.co.jp/SIM%E3%80%91%E4%B8%AD%E5%9B%BD%E6%9C%AC%E5%9C%9F-%E4%B8%AD%E5%9B%BD%E3%83%8D%E3%83%83%E3%83%88%E8%A6%8F%E5%88%B6%E5%AF%BE%E8%B1%A1%E5%A4%96-%E4%B8%AD%E5%9B%BD%E3%81%A7%E3%82%82Google%E3%80%81LINE%E3%80%81YouTube%E3%81%AA%E3%81%A9VPN%E3%81%AA%E3%81%97%E3%81%A7%E5%88%A9%E7%94%A8%E5%8F%AF%E8%83%BD-24%E6%99%82%E9%96%93%E5%AE%89%E5%BF%83%E3%82%B5%E3%83%9D%E3%83%BC%E3%83%88-15%E6%97%A5%E9%96%9315GB/dp/B0DX688XSS,B0DX688XSS,B0DX688XSS,株式会社ビッグコネクト,bigconnectのストアを表示,"{""price_jpy"": [""￥2,680""], ""usage_validity"": [""【Almond SIM】中国本土 香港 マカオ simcard 15日間 高速データ通信 データ無制限 中国ネット規制対象外 中国でもGoogle、LINE、YouTubeなどVPNなしで利用可能 24時間安心サポート 5G 4G-LTE対応 プリペイド SIMカード China simカード (15日間15GB)""], ""activation_validity"": [""【Almond SIM】中国本土 香港 マカオ simcard 15日間 高速データ通信 データ無制限 中国ネット規制対象外 中国でもGoogle、LINE、YouTubeなどVPNなしで利用可能 24時間安心サポート 5G 4G-LTE対応 プリペイド SIMカード China simカード (15日間15GB)""], ""data_amount"": [""【データプラン】データ通信専用のSIMです。中国大陸、香港、マカオを含む利用可能なプリペイドSIMカード。※データ容量は無制限ですが、1日の使用量が1GBに達すると最大通信速度が256kbpsに低下します。この速度制限は翌日の現地時間0時に自動的に解除されます。中国ネット規制対象外 中国でもGoogle、LINE、YouTubeなどVPNなしで利用可能、本人""], ""network_type"": [""【チョコSIM 定額（Sプラン）】【中国の電話番号付きでアプリや施設サービスのSMS認証が可能】【データ容量】合計500MB/月【音声】合計20分間/月 データ/音声/SMS付きSIMカード 中国SIM マカオSIM China unicom ※こちらのSIMカードは契約後、毎月の基本料が発生いたします。※2024年11月1日から台湾でのご利用はできなくなり"", ""【SKTelecoｍ公式認証】 韓国eSIM 3日間 (72時間) 電話番号付き 超高速データ無制限 最初の5分発信無料(韓国国内) お急ぎの方即時発行可(LINE相談受付中) 有効期限／ご購入日より120日以内 現地空港サポート(SKTelecomローミングセンター) SKテレコム正規品 韓国SIMカードタイプではありません"", ""score: local=6, roaming=1"", ""local_claim_refers_to:cn""], ""network_generation"": [""product_info_cellular_5g: source:product_info_cellular: 携帯電話技術 5G 4G-Lte""], ""carrier_support_local"": [""CTM: 【中国ネット制限なし】中国本土での利用の場合は香港ローミング接続を行います。これにより中国政府のネット規制対象外となり、Google、Facebook、Twitter、Instagram等に接続可能です。中華圏渡航スケジュールに対応する手軽なプリペイドSIMカード。キャリア：中国：China Tel"", ""CTM: サービスプロバイダ 中国：China Telecom 香港：3HK マカオ: CTM""], ""review_count"": [""detail_page: 211""], ""bestseller_rank"": [""Amazon 売れ筋ランキング 家電＆カメラ - 177,267位 ( 家電＆カメラの売れ筋ランキングを見る ) プリペイドSIMカード - 1,430位""], ""title"": [""【Almond SIM】中国本土 香港 マカオ simcard 15日間 高速データ通信 データ無制限 中国ネット規制対象外 中国でもGoogle、LINE、YouTubeなどVPNなしで利用可能 24時間安心サポート 5G 4G-LTE対応 プリペイド SIMカード China simカード (15日間15GB)""]}"
amazon_jp,mo,【KDDI au 5G MAXデータ無制限】 7日間 プリペイドSIM | 日本国内データ専用 5G/4G対応 | sim card japan,2580,89,,,,,223,7일,7일,7일,unknown,lte_4g_only,,,"{""ctm"": null, ""china_telecom_macau"": null, ""three_macau"": null}","{""skt"": null, ""kt"": null, ""lgu"": null}",unlimited,https://www.amazon.co.jp/%E3%80%90KDDI-MAX%E3%83%87%E3%83%BC%E3%82%BF%E7%84%A1%E5%88%B6%E9%99%90%E3%80%91-%E3%83%97%E3%83%AA%E3%83%9A%E3%82%A4%E3%83%89SIM-%E6%97%A5%E6%9C%AC%E5%9B%BD%E5%86%85%E3%83%87%E3%83%BC%E3%82%BF%E5%B0%82%E7%94%A8-japan/dp/B0C2Q15TZW,B0C2Q15TZW,B0C2Q15TZW,株式会社CoeNova,ＤＸＨＵＢのストアを表示,"{""price_jpy"": [""￥2,580""], ""usage_validity"": [""【KDDI au 5G MAXデータ無制限】 7日間 プリペイドSIM | 日本国内データ専用 5G/4G対応 | sim card japan""], ""activation_validity"": [""【KDDI au 5G MAXデータ無制限】 7日間 プリペイドSIM | 日本国内データ専用 5G/4G対応 | sim card japan""], ""data_amount"": [""商品の説明 7日間無制限プランがリニューアルしました！ ▶︎本製品は、日本国内データ通信専用の無制限プリペイドSIMカードです。KDDI・auの高速5G/4G回線に対応！旅行や出張、一時帰国時もストレスフリーで快適にネットが使えます。 ▶︎ここがポイント！ ◆契約手続き不要で、すぐに使える◆面倒なAPN設定も不要（※一部Android機種を除く）◆データ無制""], ""network_type"": [""local_signal: 【チョコSIM 定額（Sプラン）】【中国の電話番号付きでアプリや施設サービスのSMS認証が可能】【データ容量】合計500MB/月【音声】合計20分間/月 データ/音声/SMS付きSIMカード 中国SIM マカオSIM China unicom ※こちらのSIMカードは契約後、毎月の基本料が発生いたします。※2024年11月1日から台湾でのご利用はできなくなり"", ""roaming_signal: 商品の説明 7日間無制限プランがリニューアルしました！ ▶︎本製品は、日本国内データ通信専用の無制限プリペイドSIMカードです。KDDI・auの高速5G/4G回線に対応！旅行や出張、一時帰国時もストレスフリーで快適にネットが使えます。 ▶︎ここがポイント！ ◆契約手続き不要で、すぐに使える◆面倒なAPN設定も不要（※一部Android機種を除く）◆データ無制"", ""insufficient_or_conflicting_signals(local=6, roaming=3)""], ""network_generation"": [""product_info_cellular_4g_lte: source:product_info_cellular: 携帯電話技術 LTE""], ""review_count"": [""detail_page: (89)""], ""bestseller_rank"": [""Amazon 売れ筋ランキング 家電＆カメラ - 19,504位 ( 家電＆カメラの売れ筋ランキングを見る ) プリペイドSIMカード - 223位""], ""title"": [""【KDDI au 5G MAXデータ無制限】 7日間 プリペイドSIM | 日本国内データ専用 5G/4G対応 | sim card japan""]}"
amazon_jp,mo,【香港・マカオeSIM】1日間 1GB/毎日（コスパ重視） LINE相談受付中｜データ通信専用（電話番号なし） | simフリー端末のみ対応 説明書付 イーシム simless,690,53,,,,,1099,1일,1일,7일,unknown,lte_4g_only,,,"{""ctm"": null, ""china_telecom_macau"": null, ""three_macau"": null}","{""skt"": null, ""kt"": null, ""lgu"": null}",unlimited,https://www.amazon.co.jp/%E3%80%90%E9%A6%99%E6%B8%AF%E3%83%BB%E3%83%9E%E3%82%AB%E3%82%AAeSIM%E3%80%911%E6%97%A5%E9%96%93-1GB-%E6%AF%8E%E6%97%A5%EF%BC%88%E3%82%B3%E3%82%B9%E3%83%91%E9%87%8D%E8%A6%96%EF%BC%89-LINE%E7%9B%B8%E8%AB%87%E5%8F%97%E4%BB%98%E4%B8%AD%EF%BD%9C%E3%83%87%E3%83%BC%E3%82%BF%E9%80%9A%E4%BF%A1%E5%B0%82%E7%94%A8%EF%BC%88%E9%9B%BB%E8%A9%B1%E7%95%AA%E5%8F%B7%E3%81%AA%E3%81%97%EF%BC%89-sim%E3%83%95%E3%83%AA%E3%83%BC%E7%AB%AF%E6%9C%AB%E3%81%AE%E3%81%BF%E5%AF%BE%E5%BF%9C/dp/B0DWKN6RCW,B0DWKN6RCW,B0DWKN6RCW,DeSiM,DeSiMのストアを表示,"{""price_jpy"": [""￥690""], ""usage_validity"": [""【香港・マカオeSIM】1日間 1GB/毎日（コスパ重視） LINE相談受付中｜データ通信専用（電話番号なし） | simフリー端末のみ対応 説明書付 イーシム simless""], ""activation_validity"": [""大中華区SIMカード-中国、香港、マカオ、台湾向けプリペイドデータプラン｜2 GB毎日データ、7日有効期限｜高速4/5 G LTE｜旅行者に最適""], ""data_amount"": [""商品の説明 購入前の注意事項 【注意事項】 注意事項①：電話番号は付与されませんので、ご注意ください。 注意事項②：SIMロックフリー端末、もしくはSIMフリー端末専用のサービスです。必ず、ご利用端末がeSIM対応かどうかご確認ください。 注意事項③：2021年10月1日以前にSIMロック解除をキャリア店頭またはインターネットでされた「Android端末」は""], ""network_type"": [""商品の説明 購入前の注意事項 【注意事項】 注意事項①：電話番号は付与されませんので、ご注意ください。 注意事項②：SIMロックフリー端末、もしくはSIMフリー端末専用のサービスです。必ず、ご利用端末がeSIM対応かどうかご確認ください。 注意事項③：2021年10月1日以前にSIMロック解除をキャリア店頭またはインターネットでされた「Android端末」は"", ""【ヨーロッパ eSIM Orange holiday 】30日間 20GB 電話番号付き ヨーロッパで通話とSMS無制限 国際通話30分+SMS200通 イギリス フランス イタリアなど欧州諸国対応 24時間サポート (30日間 20GB（電話番号付き）)"", ""score: local=12, roaming=1"", ""local_claim_refers_to:hk""], ""network_generation"": [""product_info_cellular_4g_lte: source:product_info_cellular: 携帯電話技術 LTE""], ""review_count"": [""detail_page: 53""], ""bestseller_rank"": [""Amazon 売れ筋ランキング 家電＆カメラ - 126,547位 ( 家電＆カメラの売れ筋ランキングを見る ) プリペイドSIMカード - 1,099位""], ""title"": [""【香港・マカオeSIM】1日間 1GB/毎日（コスパ重視） LINE相談受付中｜データ通信専用（電話番号なし） | simフリー端末のみ対応 説明書付 イーシム simless""]}"
amazon_jp,mo,【 中国 eSIM 】6日間 無制限 本人確認不要 高速データ通信（低速なし） 中国ネット規制対象外 Line Youtube GoogleなどVPNなしで利用可能 即日発行可能 LINEで年中無休24時間サポート 中国sim 香港sim マカオsim イーシム (eSIM | 6日間無制限),2280,1,,,,,1428,6일,6일,90일,unknown,5g_capable,,,"{""ctm"": null, ""china_telecom_macau"": null, ""three_macau"": null}","{""skt"": null, ""kt"": null, ""lgu"": null}",unlimited,https://www.amazon.co.jp/eSIM-%E9%AB%98%E9%80%9F%E3%83%87%E3%83%BC%E3%82%BF%E9%80%9A%E4%BF%A1%EF%BC%88%E4%BD%8E%E9%80%9F%E3%81%AA%E3%81%97%EF%BC%89-Google%E3%81%AA%E3%81%A9VPN%E3%81%AA%E3%81%97%E3%81%A7%E5%88%A9%E7%94%A8%E5%8F%AF%E8%83%BD-LINE%E3%81%A7%E5%B9%B4%E4%B8%AD%E7%84%A1%E4%BC%9124%E6%99%82%E9%96%93%E3%82%B5%E3%83%9D%E3%83%BC%E3%83%88-6%E6%97%A5%E9%96%93%E7%84%A1%E5%88%B6%E9%99%90/dp/B0DTXVGNSG,B0DTXVGNSG,B0DTXVGNSG,Global Simcard,アーモンド　ＳＩｍ　ｃａｒｄのストアを表示,"{""price_jpy"": [""￥2,280""], ""usage_validity"": [""【 中国 eSIM 】6日間 無制限 本人確認不要 高速データ通信（低速なし） 中国ネット規制対象外 Line Youtube GoogleなどVPNなしで利用可能 即日発行可能 LINEで年中無休24時間サポート 中国sim 香港sim マカオsim イーシム (eSIM | 6日間無制限)""], ""activation_validity"": [""【有効期限】メールで納品後、90日以内にご利用ください。""], ""data_amount"": [""【高速データ通信】完全無制限、低速度なし！！""], ""network_type"": [""【SKTelecoｍ公式認証】 韓国eSIM 3日間 (72時間) 電話番号付き 超高速データ無制限 最初の5分発信無料(韓国国内) お急ぎの方即時発行可(LINE相談受付中) 有効期限／ご購入日より120日以内 現地空港サポート(SKTelecomローミングセンター) SKテレコム正規品 韓国SIMカードタイプではありません"", ""score: local=3, roaming=0"", ""local_claim_refers_to:cn""], ""network_generation"": [""product_info_cellular_5g: source:product_info_cellular: 携帯電話技術 5G/4G-LTE""], ""review_count"": [""detail_page: (1)""], ""bestseller_rank"": [""Amazon 売れ筋ランキング 家電＆カメラ - 177,086位 ( 家電＆カメラの売れ筋ランキングを見る ) プリペイドSIMカード - 1,428位""], ""title"": [""【 中国 eSIM 】6日間 無制限 本人確認不要 高速データ通信（低速なし） 中国ネット規制対象外 Line Youtube GoogleなどVPNなしで利用可能 即日発行可能 LINEで年中無休24時間サポート 中国sim 香港sim マカオsim イーシム (eSIM | 6日間無制限)""]}"
amazon_jp,mo,【Almond SIM】アジア周遊37地域 10日間6GB 中国・韓国・台湾・香港・シンガポール対応 プリペイドSIM 24時間日本語サポート [並行輸入品],3280,4,,,,,821,10일,10일,10일,unknown,5g_capable,,,"{""ctm"": null, ""china_telecom_macau"": null, ""three_macau"": null}","{""skt"": null, ""kt"": null, ""lgu"": null}",6GB,https://www.amazon.co.jp/%E3%80%90Almond-SIM%E3%80%91%E3%82%A2%E3%82%B8%E3%82%A2%E5%91%A8%E9%81%8A37%E5%9C%B0%E5%9F%9F-%E4%B8%AD%E5%9B%BD%E3%83%BB%E9%9F%93%E5%9B%BD%E3%83%BB%E5%8F%B0%E6%B9%BE%E3%83%BB%E9%A6%99%E6%B8%AF%E3%83%BB%E3%82%B7%E3%83%B3%E3%82%AC%E3%83%9D%E3%83%BC%E3%83%AB%E5%AF%BE%E5%BF%9C-%E3%83%97%E3%83%AA%E3%83%9A%E3%82%A4%E3%83%89SIM-24%E6%99%82%E9%96%93%E6%97%A5%E6%9C%AC%E8%AA%9E%E3%82%B5%E3%83%9D%E3%83%BC%E3%83%88/dp/B0HJPG9ZQ3,B0HJPG9ZQ3,B0HJPG9ZQ3,株式会社ビッグコネクト,bigconnectのストアを表示,"{""price_jpy"": [""￥3,280""], ""usage_validity"": [""【Almond SIM】アジア周遊37地域 10日間6GB 中国・韓国・台湾・香港・シンガポール対応 プリペイドSIM 24時間日本語サポート [並行輸入品]""], ""activation_validity"": [""【Almond SIM】アジア周遊37地域 10日間6GB 中国・韓国・台湾・香港・シンガポール対応 プリペイドSIM 24時間日本語サポート [並行輸入品]""], ""data_amount"": [""【高速データ通信6GB】 利用期間中、合計6GBまで高速データ通信をご利用いただけます。6GBを使い切った後も、利用期間終了まで最大128kbpsで通信可能です。追加チャージをしなくても継続してインターネットを利用できます。【対応端末条件】商品を利用出来るのはSIMフリーのスマートフォンとなりますので、 SIMロックされている機器はご利用できません。また、キ""], ""network_type"": [""roaming_signal: 【海外37地域】 アジア、中東、オセアニアなど37の国・地域で利用できるTrueMove Hの海外ローミング対応プリペイドSIMカードです。複数の国や地域を周遊する旅行、出張、留学にも便利です。"", ""insufficient_or_conflicting_signals(local=0, roaming=1)""], ""network_generation"": [""product_info_cellular_5g: source:product_info_cellular: 携帯電話技術 5G 4G-Lte""], ""review_count"": [""detail_page: (4)""], ""bestseller_rank"": [""Amazon 売れ筋ランキング 家電＆カメラ - 86,926位 ( 家電＆カメラの売れ筋ランキングを見る ) プリペイドSIMカード - 821位""], ""title"": [""【Almond SIM】アジア周遊37地域 10日間6GB 中国・韓国・台湾・香港・シンガポール対応 プリペイドSIM 24時間日本語サポート [並行輸入品]""]}"
amazon_jp,mo,【中国SIMカード】90日間 10GB高速データ通信＋低速無制限｜中国・香港・マカオ対応｜中国本土でもGoogle・LINE・YouTube利用可能｜24時間サポート｜中国本土 プリペイドSIM 中国 sim (90日間｜10GB),2680,211,,,,,1555,90일,90일,90일,roaming,5g_capable,,,"{""ctm"": true, ""china_telecom_macau"": null, ""three_macau"": null}","{""skt"": null, ""kt"": null, ""lgu"": null}",10GB,https://www.amazon.co.jp/%E3%80%90%E4%B8%AD%E5%9B%BDSIM%E3%82%AB%E3%83%BC%E3%83%89%E3%80%9190%E6%97%A5%E9%96%93-10GB%E9%AB%98%E9%80%9F%E3%83%87%E3%83%BC%E3%82%BF%E9%80%9A%E4%BF%A1%EF%BC%8B%E4%BD%8E%E9%80%9F%E7%84%A1%E5%88%B6%E9%99%90%EF%BD%9C%E4%B8%AD%E5%9B%BD%E3%83%BB%E9%A6%99%E6%B8%AF%E3%83%BB%E3%83%9E%E3%82%AB%E3%82%AA%E5%AF%BE%E5%BF%9C%EF%BD%9C%E4%B8%AD%E5%9B%BD%E6%9C%AC%E5%9C%9F%E3%81%A7%E3%82%82Google%E3%83%BBLINE%E3%83%BBYouTube%E5%88%A9%E7%94%A8%E5%8F%AF%E8%83%BD%EF%BD%9C24%E6%99%82%E9%96%93%E3%82%B5%E3%83%9D%E3%83%BC%E3%83%88%EF%BD%9C%E4%B8%AD%E5%9B%BD%E6%9C%AC%E5%9C%9F-%E3%83%97%E3%83%AA%E3%83%9A%E3%82%A4%E3%83%89SIM-sim-90%E6%97%A5%E9%96%93%EF%BD%9C10GB/dp/B0FPR4JQ1V,B0FPR4JQ1V,B0FPR4JQ1V,Global Simcard,アーモンド　ＳＩｍ　ｃａｒｄのストアを表示,"{""price_jpy"": [""￥2,680""], ""usage_validity"": [""【中国SIMカード】90日間 10GB高速データ通信＋低速無制限｜中国・香港・マカオ対応｜中国本土でもGoogle・LINE・YouTube利用可能｜24時間サポート｜中国本土 プリペイドSIM 中国 sim (90日間｜10GB)""], ""activation_validity"": [""⭐【高速データ通信】中国本土・香港・マカオ対応。90日間で合計10GBまで4G/5G高速通信が利用可能。超過後も128kbpsで通信継続でき、低速無制限で安心。 ⭐【中国ネット制限なし】香港ローミング接続で中国政府の規制対象外。Google、LINE、YouTube、SNSなど主要アプリがVPN不要で利用可能。本人確認も不要です。 ⭐【有効期限】未使用なら購""], ""data_amount"": [""⭐【高速データ通信】中国本土・香港・マカオ対応。90日間で合計10GBまで4G/5G高速通信が利用可能。超過後も128kbpsで通信継続でき、低速無制限で安心。""], ""network_type"": [""⭐【中国ネット制限なし】香港ローミング接続で中国政府の規制対象外。Google、LINE、YouTube、SNSなど主要アプリがVPN不要で利用可能。本人確認も不要です。"", ""⭐【高速データ通信】中国本土・香港・マカオ対応。90日間で合計10GBまで4G/5G高速通信が利用可能。超過後も128kbpsで通信継続でき、低速無制限で安心。 ⭐【中国ネット制限なし】香港ローミング接続で中国政府の規制対象外。Google、LINE、YouTube、SNSなど主要アプリがVPN不要で利用可能。本人確認も不要です。 ⭐【有効期限】未使用なら購"", ""score: local=0, roaming=3""], ""network_generation"": [""product_info_cellular_5g: source:product_info_cellular: 携帯電話技術 5G/4G-LTE""], ""carrier_support_local"": [""CTM: ⭐【対応キャリア】中国本土：中国電信（China Telecom）、香港：3HK、マカオ：CTM。中華圏への渡航に幅広く対応。"", ""CTM: ⭐【高速データ通信】中国本土・香港・マカオ対応。90日間で合計10GBまで4G/5G高速通信が利用可能。超過後も128kbpsで通信継続でき、低速無制限で安心。 ⭐【中国ネット制限なし】香港ローミング接続で中国政府の規制対象外。Google、LINE、YouTube、SNSなど主要アプリがVPN不要"", ""CTM: サービスプロバイダ China Telecom/3HK /CTM"", ""CTM: Amazon.co.jp: 【中国SIMカード】90日間 10GB高速データ通信＋低速無制限｜中国・香港・マカオ対応｜中国本土でもGoogle・LINE・YouTube利用可能｜24時間サポート｜中国本土 プリペイドSIM 中国 sim (90日間｜10GB) : 家電＆カメラ 次に移動 メインコン""], ""review_count"": [""detail_page: 211""], ""bestseller_rank"": [""Amazon 売れ筋ランキング 家電＆カメラ - 192,731位 ( 家電＆カメラの売れ筋ランキングを見る ) プリペイドSIMカード - 1,555位""], ""title"": [""【中国SIMカード】90日間 10GB高速データ通信＋低速無制限｜中国・香港・マカオ対応｜中国本土でもGoogle・LINE・YouTube利用可能｜24時間サポート｜中国本土 プリペイドSIM 中国 sim (90日間｜10GB)""]}"
amazon_jp,mo,"【東南アジアeSIM】7日間7GB｜11地域対応（シンガポール,タイ,マレーシア,インドネシア,ベトナム,台湾・香港・マカオ,韓国,オーストラリア,ニュージーランド）｜5G/4G対応 高速データ通信｜即日メール配信 ｜使用ガイド付き｜テザリング対応｜365日LINEサポート｜QRコードで簡単設定 SIMカード不要 (7日間7GB)",1299,8,,,,,731,7일,7일,7일,roaming,5g_capable,,,"{""ctm"": null, ""china_telecom_macau"": null, ""three_macau"": null}","{""skt"": null, ""kt"": null, ""lgu"": null}",1GB/day,https://www.amazon.co.jp/4G%E5%AF%BE%E5%BF%9C-%E9%AB%98%E9%80%9F%E3%83%87%E3%83%BC%E3%82%BF%E9%80%9A%E4%BF%A1%EF%BD%9C%E5%8D%B3%E6%97%A5%E7%99%BA%E8%A1%8C-SIM%E3%82%AB%E3%83%BC%E3%83%89%E4%B8%8D%E8%A6%81-7%E6%97%A5%E9%96%937GB/dp/B0FHBCSGM5,B0FHBCSGM5,B0FHBCSGM5,トリリオン・コネクト,Billion Connectのストアを表示,"{""price_jpy"": [""￥1,299""], ""usage_validity"": [""【東南アジアeSIM】7日間7GB｜11地域対応（シンガポール,タイ,マレーシア,インドネシア,ベトナム,台湾・香港・マカオ,韓国,オーストラリア,ニュージーランド）｜5G/4G対応 高速データ通信｜即日メール配信 ｜使用ガイド付き｜テザリング対応｜365日LINEサポート｜QRコードで簡単設定 SIMカード不要 (7日間7GB)""], ""activation_validity"": [""【東南アジアeSIM】7日間7GB｜11地域対応（シンガポール,タイ,マレーシア,インドネシア,ベトナム,台湾・香港・マカオ,韓国,オーストラリア,ニュージーランド）｜5G/4G対応 高速データ通信｜即日メール配信 ｜使用ガイド付き｜テザリング対応｜365日LINEサポート｜QRコードで簡単設定 SIMカード不要 (7日間7GB)""], ""data_amount"": [""【7日間7GB｜5G/4G対応】 この東南アジアeSIMなら、7日間毎日1GBの高速データ通信が楽しめます！毎日の1GBを使い切った後は、速度が384kbpsに制限されますが、 LINE、WhatsApp、Messengerなどのアプリでの文字チャット、メール送受信、地図の閲覧やナビゲーションは引き続きご利用いただけます。""], ""network_type"": [""インドネシア旅行SIMカード - 5G/4G LTE高速データ - プリペイド＆ローミング禁止 - 5日間1GB - 観光客やビジネス旅行者のための簡単な有効化"", ""マレーシア旅行用SIMカード - 5G/4G LTE高速データ - プリペイド＆ローミングなし、7日間合計3GB - 観光客やビジネス旅行者向けの簡単アクティベーション"", ""score: local=0, roaming=3""], ""network_generation"": [""product_info_cellular_5g: source:product_info_cellular: 携帯電話技術 5G""], ""review_count"": [""detail_page: (8)""], ""bestseller_rank"": [""Amazon 売れ筋ランキング 家電＆カメラ - 73,354位 ( 家電＆カメラの売れ筋ランキングを見る ) プリペイドSIMカード - 731位""], ""title"": [""【東南アジアeSIM】7日間7GB｜11地域対応（シンガポール,タイ,マレーシア,インドネシア,ベトナム,台湾・香港・マカオ,韓国,オーストラリア,ニュージーランド）｜5G/4G対応 高速データ通信｜即日メール配信 ｜使用ガイド付き｜テザリング対応｜365日LINEサポート｜QRコードで簡単設定 SIMカード不要 (7日間7GB)""]}"
amazon_jp,mo,【中国SIMカード】30日間 5GB高速データ＋低速無制限｜中国・香港・マカオ対応｜中国本土でもGoogle・LINE・YouTube利用可能｜24時間サポート｜中国本土 プリペイドSIM 中国 sim (30日間｜5GB),1480,211,,,,,1787,30일,30일,30일,roaming,5g_capable,,,"{""ctm"": true, ""china_telecom_macau"": null, ""three_macau"": null}","{""skt"": null, ""kt"": null, ""lgu"": null}",5GB,https://www.amazon.co.jp/%E3%80%90%E4%B8%AD%E5%9B%BDSIM%E3%82%AB%E3%83%BC%E3%83%89%E3%80%9130%E6%97%A5%E9%96%93-5GB%E9%AB%98%E9%80%9F%E3%83%87%E3%83%BC%E3%82%BF%EF%BC%8B%E4%BD%8E%E9%80%9F%E7%84%A1%E5%88%B6%E9%99%90%EF%BD%9C%E4%B8%AD%E5%9B%BD%E3%83%BB%E9%A6%99%E6%B8%AF%E3%83%BB%E3%83%9E%E3%82%AB%E3%82%AA%E5%AF%BE%E5%BF%9C%EF%BD%9C%E4%B8%AD%E5%9B%BD%E6%9C%AC%E5%9C%9F%E3%81%A7%E3%82%82Google%E3%83%BBLINE%E3%83%BBYouTube%E5%88%A9%E7%94%A8%E5%8F%AF%E8%83%BD%EF%BD%9C24%E6%99%82%E9%96%93%E3%82%B5%E3%83%9D%E3%83%BC%E3%83%88%EF%BD%9C%E4%B8%AD%E5%9B%BD%E6%9C%AC%E5%9C%9F-%E3%83%97%E3%83%AA%E3%83%9A%E3%82%A4%E3%83%89SIM-sim-30%E6%97%A5%E9%96%93%EF%BD%9C5GB/dp/B0FPR3TNGW,B0FPR3TNGW,B0FPR3TNGW,Global Simcard,アーモンド　ＳＩｍ　ｃａｒｄのストアを表示,"{""price_jpy"": [""￥1,480""], ""usage_validity"": [""【中国SIMカード】30日間 5GB高速データ＋低速無制限｜中国・香港・マカオ対応｜中国本土でもGoogle・LINE・YouTube利用可能｜24時間サポート｜中国本土 プリペイドSIM 中国 sim (30日間｜5GB)""], ""activation_validity"": [""⭐【高速データ通信】中国本土・香港・マカオ対応。30日間で合計5GBまで4G/5G高速通信が利用可能。超過後も128kbpsで通信継続でき、低速無制限で安心。 ⭐【中国ネット制限なし】香港ローミング接続で中国政府の規制対象外。Google、LINE、YouTube、SNSなど主要アプリがVPN不要で利用可能。本人確認も不要です。 ⭐【有効期限】未使用なら購入""], ""data_amount"": [""⭐【高速データ通信】中国本土・香港・マカオ対応。30日間で合計5GBまで4G/5G高速通信が利用可能。超過後も128kbpsで通信継続でき、低速無制限で安心。""], ""network_type"": [""⭐【中国ネット制限なし】香港ローミング接続で中国政府の規制対象外。Google、LINE、YouTube、SNSなど主要アプリがVPN不要で利用可能。本人確認も不要です。"", ""⭐【高速データ通信】中国本土・香港・マカオ対応。30日間で合計5GBまで4G/5G高速通信が利用可能。超過後も128kbpsで通信継続でき、低速無制限で安心。 ⭐【中国ネット制限なし】香港ローミング接続で中国政府の規制対象外。Google、LINE、YouTube、SNSなど主要アプリがVPN不要で利用可能。本人確認も不要です。 ⭐【有効期限】未使用なら購入"", ""score: local=0, roaming=3""], ""network_generation"": [""product_info_cellular_5g: source:product_info_cellular: 携帯電話技術 5G/4G-LTE""], ""carrier_support_local"": [""CTM: ⭐【対応キャリア】中国本土：中国電信（China Telecom）、香港：3HK、マカオ：CTM。中華圏への渡航に幅広く対応。"", ""CTM: ⭐【高速データ通信】中国本土・香港・マカオ対応。30日間で合計5GBまで4G/5G高速通信が利用可能。超過後も128kbpsで通信継続でき、低速無制限で安心。 ⭐【中国ネット制限なし】香港ローミング接続で中国政府の規制対象外。Google、LINE、YouTube、SNSなど主要アプリがVPN不要で"", ""CTM: サービスプロバイダ China Telecom/3HK /CTM"", ""CTM: Amazon.co.jp: 【中国SIMカード】30日間 5GB高速データ＋低速無制限｜中国・香港・マカオ対応｜中国本土でもGoogle・LINE・YouTube利用可能｜24時間サポート｜中国本土 プリペイドSIM 中国 sim (30日間｜5GB) : 家電＆カメラ 次に移動 メインコンテンツ ""], ""review_count"": [""detail_page: 211""], ""bestseller_rank"": [""Amazon 売れ筋ランキング 家電＆カメラ - 231,586位 ( 家電＆カメラの売れ筋ランキングを見る ) プリペイドSIMカード - 1,787位""], ""title"": [""【中国SIMカード】30日間 5GB高速データ＋低速無制限｜中国・香港・マカオ対応｜中国本土でもGoogle・LINE・YouTube利用可能｜24時間サポート｜中国本土 プリペイドSIM 中国 sim (30日間｜5GB)""]}"
amazon_jp,mo,アジア eSIM アジア周遊 28カ国 10日間6GB Truemoveキャリア 高速データ通信 低速データ通信 無制限 日本 韓国 中国 台湾 香港 マカオ シンガポール マレーシア など28カ国 Asia esim Travel esim (eSIM 10日間),2680,5,,,,,897,10일,10일,10일,unknown,lte_4g_only,,,"{""ctm"": null, ""china_telecom_macau"": null, ""three_macau"": null}","{""skt"": null, ""kt"": null, ""lgu"": null}",unlimited,https://www.amazon.co.jp/eSIM-10%E6%97%A5%E9%96%936GB-Truemove%E3%82%AD%E3%83%A3%E3%83%AA%E3%82%A2-%E9%AB%98%E9%80%9F%E3%83%87%E3%83%BC%E3%82%BF%E9%80%9A%E4%BF%A1-10%E6%97%A5%E9%96%93/dp/B0DRHMH7T5,B0DRHMH7T5,B0DRHMH7T5,株式会社ビッグコネクト,bigconnectのストアを表示,"{""price_jpy"": [""￥2,680""], ""usage_validity"": [""アジア eSIM アジア周遊 28カ国 10日間6GB Truemoveキャリア 高速データ通信 低速データ通信 無制限 日本 韓国 中国 台湾 香港 マカオ シンガポール マレーシア など28カ国 Asia esim Travel esim (eSIM 10日間)""], ""activation_validity"": [""アジア eSIM アジア周遊 28カ国 10日間6GB Truemoveキャリア 高速データ通信 低速データ通信 無制限 日本 韓国 中国 台湾 香港 マカオ シンガポール マレーシア など28カ国 Asia esim Travel esim (eSIM 10日間)""], ""data_amount"": [""【データプラン】データ通信専用SIMになります。※データ容量無制限。ただしデータ使用量が6GBに達すると最大通信速度が128kbpsに低下します。※現地時間の00:00-23：59区切りで、カウントされます。128kbpsはビデオ通話、Youtubeなどの動画閲覧がほぼできないですが、Google Map、メールやトークアプリのメッセージ機能など問題なぐご利""], ""network_type"": [""【チョコSIM 定額（Sプラン）】【中国の電話番号付きでアプリや施設サービスのSMS認証が可能】【データ容量】合計500MB/月【音声】合計20分間/月 データ/音声/SMS付きSIMカード 中国SIM マカオSIM China unicom ※こちらのSIMカードは契約後、毎月の基本料が発生いたします。※2024年11月1日から台湾でのご利用はできなくなり"", ""【SKTelecoｍ公式認証】 韓国eSIM 3日間 (72時間) 電話番号付き 超高速データ無制限 最初の5分発信無料(韓国国内) お急ぎの方即時発行可(LINE相談受付中) 有効期限／ご購入日より120日以内 現地空港サポート(SKTelecomローミングセンター) SKテレコム正規品 韓国SIMカードタイプではありません"", ""score: local=6, roaming=0"", ""local_claim_refers_to:kr""], ""network_generation"": [""product_info_cellular_4g_lte: source:product_info_cellular: 携帯電話技術 LTE""], ""review_count"": [""detail_page: (5)""], ""bestseller_rank"": [""Amazon 売れ筋ランキング 家電＆カメラ - 94,226位 ( 家電＆カメラの売れ筋ランキングを見る ) プリペイドSIMカード - 897位""], ""title"": [""アジア eSIM アジア周遊 28カ国 10日間6GB Truemoveキャリア 高速データ通信 低速データ通信 無制限 日本 韓国 中国 台湾 香港 マカオ シンガポール マレーシア など28カ国 Asia esim Travel esim (eSIM 10日間)""]}"
amazon_jp,mo,【東南アジア10ヵ国eSIM】7日間 5GB高速データ｜シンガポール・タイ・マレーシア・インドネシア・フィリピン・カンボジア・ベトナム・ラオス・スリランカ・マカオ対応｜即日発行・すぐ使える｜24時間LINEサポート 東南アジア simカード,1850,1,,,,,1303,7일,7일,180일,unknown,lte_4g_only,,,"{""ctm"": null, ""china_telecom_macau"": null, ""three_macau"": null}","{""skt"": null, ""kt"": null, ""lgu"": null}",5GB,https://www.amazon.co.jp/%E3%82%A2%E3%83%BC%E3%83%A2%E3%83%B3%E3%83%89-%EF%BC%B3%EF%BC%A9%EF%BD%8D-%EF%BD%83%EF%BD%81%EF%BD%92%EF%BD%84-7%E6%97%A5%E9%96%93-5GB-%E3%80%90%E6%9D%B1%E5%8D%97%E3%82%A2%E3%82%B8%E3%82%A210%E3%83%B5%E5%9B%BDeSIM%E3%80%917%E6%97%A5%E9%96%93/dp/B0FQDMW86D,B0FQDMW86D,B0FQDMW86D,Global Simcard,アーモンド　ＳＩｍ　ｃａｒｄのストアを表示,"{""price_jpy"": [""￥1,850""], ""usage_validity"": [""【東南アジア10ヵ国eSIM】7日間 5GB高速データ｜シンガポール・タイ・マレーシア・インドネシア・フィリピン・カンボジア・ベトナム・ラオス・スリランカ・マカオ対応｜即日発行・すぐ使える｜24時間LINEサポート 東南アジア simカード""], ""activation_validity"": [""⭐【有効期限】メール受信から180日以内にご利用ください。""], ""data_amount"": [""⭐【データ容量】8日間で合計5GBまで利用可能。上限超過後は256kbpsの低速通信に切り替わります。本人確認不要、即日発行ですぐに利用可能です。""], ""network_type"": [""roaming_signal: マレーシア旅行用SIMカード - 5G/4G LTE高速データ - プリペイド＆ローミングなし、7日間合計3GB - 観光客やビジネス旅行者向けの簡単アクティベーション"", ""insufficient_or_conflicting_signals(local=0, roaming=1)""], ""network_generation"": [""product_info_cellular_4g_lte: source:product_info_cellular: 携帯電話技術 4G-LTE""], ""review_count"": [""detail_page: (1)""], ""bestseller_rank"": [""Amazon 売れ筋ランキング 家電＆カメラ - 157,040位 ( 家電＆カメラの売れ筋ランキングを見る ) プリペイドSIMカード - 1,303位""], ""title"": [""【東南アジア10ヵ国eSIM】7日間 5GB高速データ｜シンガポール・タイ・マレーシア・インドネシア・フィリピン・カンボジア・ベトナム・ラオス・スリランカ・マカオ対応｜即日発行・すぐ使える｜24時間LINEサポート 東南アジア simカード""]}"
amazon_jp,mo,【中国 香港 マカオSIM】高速データ通信・定額プラン データ専用（電話番号なし） 中華圏 プリペイドSIMカード 中国ネット規制対象外 年中無休・24時間サポート 中華圏 SIM (8日間 | 10GB),2680,2,,,,,1625,8일,8일,8일,unknown,lte_4g_only,,,"{""ctm"": true, ""china_telecom_macau"": null, ""three_macau"": null}","{""skt"": null, ""kt"": null, ""lgu"": null}",10GB,https://www.amazon.co.jp/%E3%83%9E%E3%82%AB%E3%82%AASIM%E3%80%91%E9%AB%98%E9%80%9F%E3%83%87%E3%83%BC%E3%82%BF%E9%80%9A%E4%BF%A1%E3%83%BB%E5%AE%9A%E9%A1%8D%E3%83%97%E3%83%A9%E3%83%B3-%E3%83%87%E3%83%BC%E3%82%BF%E5%B0%82%E7%94%A8%EF%BC%88%E9%9B%BB%E8%A9%B1%E7%95%AA%E5%8F%B7%E3%81%AA%E3%81%97%EF%BC%89-%E5%B9%B4%E4%B8%AD%E7%84%A1%E4%BC%91%E3%83%BB24%E6%99%82%E9%96%93%E3%82%B5%E3%83%9D%E3%83%BC%E3%83%88-8%E6%97%A5%E9%96%93-10GB/dp/B0DHPQLVML,B0DHPQLVML,B0DHPQLVML,Global Simcard,アーモンド　ＳＩｍ　ｃａｒｄのストアを表示,"{""price_jpy"": [""￥2,680""], ""usage_validity"": [""【中国 香港 マカオSIM】高速データ通信・定額プラン データ専用（電話番号なし） 中華圏 プリペイドSIMカード 中国ネット規制対象外 年中無休・24時間サポート 中華圏 SIM (8日間 | 10GB)""], ""activation_validity"": [""【中国 香港 マカオSIM】高速データ通信・定額プラン データ専用（電話番号なし） 中華圏 プリペイドSIMカード 中国ネット規制対象外 年中無休・24時間サポート 中華圏 SIM (8日間 | 10GB)""], ""data_amount"": [""型番 8日間 | 10GB""], ""network_type"": [""local_signal: 【チョコSIM 定額（Sプラン）】【中国の電話番号付きでアプリや施設サービスのSMS認証が可能】【データ容量】合計500MB/月【音声】合計20分間/月 データ/音声/SMS付きSIMカード 中国SIM マカオSIM China unicom ※こちらのSIMカードは契約後、毎月の基本料が発生いたします。※2024年11月1日から台湾でのご利用はできなくなり"", ""roaming_signal: 【中国ネット制限なし】中国本土で利用する際にはローミング接続を行い、中国政府のネット規制を回避して、Google、Facebook、Twitter、Instagramなどにアクセスできます。"", ""insufficient_or_conflicting_signals(local=6, roaming=3)""], ""network_generation"": [""product_info_cellular_4g_lte: source:product_info_cellular: 携帯電話技術 4G-LTE""], ""carrier_support_local"": [""CTM: 【キャリア】中国：China Telecom、香港：3HK、マカオ：CTM。中華圏への旅行に最適な、便利なプリペイドSIMカードをご用意しています。"", ""CTM: ⭐【データ容量】利用期間中に定額GB数を使い切った場合、通信は自動的に停止します。 ⭐【有効期限】ご購入後1年間有効です（未使用の場合）。観光や駐在などの際には、複数枚のご購入もおすすめです。 ⭐【中国ネット制限なし】中国本土で利用する際にはローミング接続を行い、中国政府のネット規制を回避して、Go"", ""CTM: サービスプロバイダ China Telecom、3HK、CTM"", ""CTM: Amazon.co.jp: 【中国 香港 マカオSIM】高速データ通信・定額プラン データ専用（電話番号なし） 中華圏 プリペイドSIMカード 中国ネット規制対象外 年中無休・24時間サポート 中華圏 SIM (8日間 | 10GB) : 家電＆カメラ 次に移動 メインコンテンツ この商品について ""], ""review_count"": [""detail_page: (2)""], ""bestseller_rank"": [""Amazon 売れ筋ランキング 家電＆カメラ - 202,962位 ( 家電＆カメラの売れ筋ランキングを見る ) プリペイドSIMカード - 1,625位""], ""title"": [""【中国 香港 マカオSIM】高速データ通信・定額プラン データ専用（電話番号なし） 中華圏 プリペイドSIMカード 中国ネット規制対象外 年中無休・24時間サポート 中華圏 SIM (8日間 | 10GB)""]}"
amazon_jp,mo,【インドネシア バリ島 eSIM】 高速データ通信 データ使い放題 即日発行可能 【XL キャリア】 インドネシア プリペイド simカード バリ島 esim ジャカルタ esim (10日間 高速データ),1780,16,,,,,203,10일,10일,30일,unknown,lte_4g_only,,,"{""ctm"": null, ""china_telecom_macau"": null, ""three_macau"": null}","{""skt"": null, ""kt"": null, ""lgu"": null}",unlimited,https://www.amazon.co.jp/%E3%80%90%E3%82%A4%E3%83%B3%E3%83%89%E3%83%8D%E3%82%B7%E3%82%A2-%E9%AB%98%E9%80%9F%E3%83%87%E3%83%BC%E3%82%BF%E9%80%9A%E4%BF%A1-%E3%83%87%E3%83%BC%E3%82%BF%E4%BD%BF%E3%81%84%E6%94%BE%E9%A1%8C-10%E6%97%A5%E9%96%93-%E9%AB%98%E9%80%9F%E3%83%87%E3%83%BC%E3%82%BF/dp/B0D4QHWQN9,B0D4QHWQN9,B0D4QHWQN9,Global eSIMshop,ブランド: PLUG TO GO,"{""price_jpy"": [""￥1,780""], ""usage_validity"": [""【インドネシア バリ島 eSIM】 高速データ通信 データ使い放題 即日発行可能 【XL キャリア】 インドネシア プリペイド simカード バリ島 esim ジャカルタ esim (10日間 高速データ)""], ""activation_validity"": [""✅【有効期限】メールで納品後、30日以内にご利用ください。""], ""data_amount"": [""⭐【データ容量】データは無制限ですが、1日の使用量が1GBを超えると、通信速度が最大128kbpsに制限されます。制限は現地時間の翌日0時に解除されます。※使用量は現地時間の00:00から23:59までカウントされます。""], ""network_type"": [""local_signal: 【T-Mobile純正品】eSIM版 アメリカ ハワイ SIM 7日間【使い放題】【電話番号付き】5G/4G-LTE 高速データ通信/通話/SMS/テザリング 【アメリカ ハワイ 無制限】 プリペイド SIMカード T-Mobile esim 7days"", ""roaming_signal: インドネシア旅行SIMカード - 5G/4G LTE高速データ - プリペイド＆ローミング禁止 - 5日間1GB - 観光客やビジネス旅行者のための簡単な有効化"", ""insufficient_or_conflicting_signals(local=9, roaming=2)""], ""network_generation"": [""product_info_cellular_4g_lte: source:product_info_cellular: 携帯電話技術 4G-LTE""], ""review_count"": [""detail_page: (16)""], ""bestseller_rank"": [""Amazon 売れ筋ランキング 家電＆カメラ - 18,001位 ( 家電＆カメラの売れ筋ランキングを見る ) プリペイドSIMカード - 203位""], ""title"": [""【インドネシア バリ島 eSIM】 高速データ通信 データ使い放題 即日発行可能 【XL キャリア】 インドネシア プリペイド simカード バリ島 esim ジャカルタ esim (10日間 高速データ)""]}"
amazon_jp,mo,【香港・マカオ eSIM】2日間完全無制限（使い放題、低速なし） DeSiM正規卸 | LINE相談受付中 | データ通信専用（電話番号なし） | simフリー端末のみ対応 説明書付 イーシム DeSiM,1610,16,,,,,2210,2일,2일,3일,unknown,lte_4g_only,,,"{""ctm"": null, ""china_telecom_macau"": null, ""three_macau"": null}","{""skt"": null, ""kt"": null, ""lgu"": null}",unlimited,https://www.amazon.co.jp/eSIM%E3%80%912%E6%97%A5%E9%96%93%E5%AE%8C%E5%85%A8%E7%84%A1%E5%88%B6%E9%99%90%EF%BC%88%E4%BD%BF%E3%81%84%E6%94%BE%E9%A1%8C%E3%80%81%E4%BD%8E%E9%80%9F%E3%81%AA%E3%81%97%EF%BC%89-LINE%E7%9B%B8%E8%AB%87%E5%8F%97%E4%BB%98%E4%B8%AD%EF%BD%9C%E5%BD%93%E6%97%A5%E7%99%BA%E8%A1%8C%E5%8F%AF%E8%83%BD-%E3%83%87%E3%83%BC%E3%82%BF%E9%80%9A%E4%BF%A1%E5%B0%82%E7%94%A8%EF%BC%88%E9%9B%BB%E8%A9%B1%E7%95%AA%E5%8F%B7%E3%81%AA%E3%81%97%EF%BC%89-sim%E3%83%95%E3%83%AA%E3%83%BC%E7%AB%AF%E6%9C%AB%E3%81%AE%E3%81%BF%E5%AF%BE%E5%BF%9C-DeSiM/dp/B0F1DYPL28,B0F1DYPL28,B0F1DYPL28,DeSiM,DeSiMのストアを表示,"{""price_jpy"": [""￥1,610""], ""usage_validity"": [""【香港・マカオ eSIM】2日間完全無制限（使い放題、低速なし） DeSiM正規卸 | LINE相談受付中 | データ通信専用（電話番号なし） | simフリー端末のみ対応 説明書付 イーシム DeSiM""], ""activation_validity"": [""【SKTelecoｍ公式認証】 韓国eSIM 3日間 (72時間) 電話番号付き 超高速データ無制限 最初の5分発信無料(韓国国内) お急ぎの方即時発行可(LINE相談受付中) 有効期限／ご購入日より120日以内 現地空港サポート(SKTelecomローミングセンター) SKテレコム正規品 韓国SIMカードタイプではありません""], ""data_amount"": [""【香港・マカオ eSIM】2日間完全無制限（使い放題、低速なし） DeSiM正規卸 | LINE相談受付中｜ データ通信専用（電話番号なし） | simフリー端末のみ対応 説明書付 イーシム DeSiM""], ""network_type"": [""【チョコSIM 定額（Sプラン）】【中国の電話番号付きでアプリや施設サービスのSMS認証が可能】【データ容量】合計500MB/月【音声】合計20分間/月 データ/音声/SMS付きSIMカード 中国SIM マカオSIM China unicom ※こちらのSIMカードは契約後、毎月の基本料が発生いたします。※2024年11月1日から台湾でのご利用はできなくなり"", ""【SKTelecoｍ公式認証】 韓国eSIM 3日間 (72時間) 電話番号付き 超高速データ無制限 最初の5分発信無料(韓国国内) お急ぎの方即時発行可(LINE相談受付中) 有効期限／ご購入日より120日以内 現地空港サポート(SKTelecomローミングセンター) SKテレコム正規品 韓国SIMカードタイプではありません"", ""score: local=6, roaming=0"", ""local_claim_refers_to:hk""], ""network_generation"": [""product_info_cellular_4g_lte: source:product_info_cellular: 携帯電話技術 LTE""], ""review_count"": [""detail_page: 16""], ""bestseller_rank"": [""Amazon 売れ筋ランキング 家電＆カメラ - 304,438位 ( 家電＆カメラの売れ筋ランキングを見る ) プリペイドSIMカード - 2,210位""], ""title"": [""【香港・マカオ eSIM】2日間完全無制限（使い放題、低速なし） DeSiM正規卸 | LINE相談受付中 | データ通信専用（電話番号なし） | simフリー端末のみ対応 説明書付 イーシム DeSiM""]}"
amazon_jp,mo,【シンガポール eSIM】5日間完全無制限（低速なし）DeSiM正規卸 | LINE相談受付中 |データ通信専用（電話番号なし） simフリー端末のみ対応 説明書付 ｜Singapore イーシム (eSIM | 5日完全無制限) DeSiM,2140,50,,,50,,120,5일,5일,10일,local,lte_4g_only,,,"{""ctm"": null, ""china_telecom_macau"": null, ""three_macau"": null}","{""skt"": null, ""kt"": null, ""lgu"": null}",unlimited,https://www.amazon.co.jp/eSIM%E3%80%915%E6%97%A5%E9%96%93%E5%AE%8C%E5%85%A8%E7%84%A1%E5%88%B6%E9%99%90%EF%BC%88%E4%BD%8E%E9%80%9F%E3%81%AA%E3%81%97%EF%BC%89DeSiM%E6%AD%A3%E8%A6%8F%E5%8D%B8-%E3%82%A4%E3%83%B3%E3%83%89%E3%83%8D%E3%82%B7%E3%82%A2%E3%81%AE%EF%BC%93%E3%83%B5%E5%9B%BD%E3%81%A7%E3%82%82%E5%88%A9%E7%94%A8%E5%8F%AF%E8%83%BD-%E3%83%87%E3%83%BC%E3%82%BF%E9%80%9A%E4%BF%A1%E5%B0%82%E7%94%A8%EF%BC%88%E9%9B%BB%E8%A9%B1%E7%95%AA%E5%8F%B7%E3%81%AA%E3%81%97%EF%BC%89-eSIM-5%E6%97%A5%E5%AE%8C%E5%85%A8%E7%84%A1%E5%88%B6%E9%99%90/dp/B0CST7W2P6,B0CST7W2P6,B0CST7W2P6,DeSiM,DeSiMのストアを表示,"{""price_jpy"": [""￥2,140""], ""usage_validity"": [""【シンガポール eSIM】5日間完全無制限（低速なし）DeSiM正規卸 | LINE相談受付中 |データ通信専用（電話番号なし） simフリー端末のみ対応 説明書付 ｜Singapore イーシム (eSIM | 5日完全無制限) DeSiM""], ""activation_validity"": [""商品の説明 購入前の注意事項 【注意事項】 注意事項①：電 話番号は付与されませんので、ご注意ください。 注意事項②：SIMロックフリー端末、もしくはSIMフリー端末専用のサービスです。必ず、ご利用端末がeSIM対応かどうかご確認ください。 注意事項③：2021年10月1日以前にSIMロック解除をキャリア店頭またはインターネットでされた「Android端末」""], ""data_amount"": [""商品の説明 購入前の注意事項 【注意事項】 注意事項①：電 話番号は付与されませんので、ご注意ください。 注意事項②：SIMロックフリー端末、もしくはSIMフリー端末専用のサービスです。必ず、ご利用端末がeSIM対応かどうかご確認ください。 注意事項③：2021年10月1日以前にSIMロック解除をキャリア店頭またはインターネットでされた「Android端末」""], ""network_type"": [""商品の説明 購入前の注意事項 【注意事項】 注意事項①：電 話番号は付与されませんので、ご注意ください。 注意事項②：SIMロックフリー端末、もしくはSIMフリー端末専用のサービスです。必ず、ご利用端末がeSIM対応かどうかご確認ください。 注意事項③：2021年10月1日以前にSIMロック解除をキャリア店頭またはインターネットでされた「Android端末」"", ""【チョコSIM 定額（Sプラン）】【中国の電話番号付きでアプリや施設サービスのSMS認証が可能】【データ容量】合計500MB/月【音声】合計20分間/月 データ/音声/SMS付きSIMカード 中国SIM マカオSIM China unicom ※こちらのSIMカードは契約後、毎月の基本料が発生いたします。※2024年11月1日から台湾でのご利用はできなくなり"", ""score: local=9, roaming=1""], ""network_generation"": [""product_info_cellular_4g_lte: source:product_info_cellular: 携帯電話技術 LTE""], ""monthly_sold_count"": [""Amazon | 【シンガポール eSIM】5日間完全無制限（低速なし）DeSiM正規卸 | LINE相談受付中 |データ通信専用（電話番号なし） simフリー端末のみ対応 説明書付 ｜Singapore イーシム (eSIM | 5日完全無制限) DeSiM | DeSiM | SIM関連アクセサリ 次に移動 メインコンテンツ この商品について この商品に""], ""review_count"": [""detail_page: (50)""], ""bestseller_rank"": [""Amazon 売れ筋ランキング 家電＆カメラ - 11,076位 ( 家電＆カメラの売れ筋ランキングを見る ) プリペイドSIMカード - 120位""], ""title"": [""【シンガポール eSIM】5日間完全無制限（低速なし）DeSiM正規卸 | LINE相談受付中 |データ通信専用（電話番号なし） simフリー端末のみ対応 説明書付 ｜Singapore イーシム (eSIM | 5日完全無制限) DeSiM""]}"
amazon_jp,mo,中国 sim card 香港 マカオにも使える 高速データ通信 中国ネット規制対象外 中国でもGoogle、LINE、YouTubeなどVPNなしで利用可能 プリペイド SIMカード (8日間5GB),1480,65,,,,,648,8일,8일,8일,unknown,lte_4g_only,,,"{""ctm"": true, ""china_telecom_macau"": null, ""three_macau"": null}","{""skt"": null, ""kt"": null, ""lgu"": null}",5GB,https://www.amazon.co.jp/%E3%83%9E%E3%82%AB%E3%82%AA%E3%81%AB%E3%82%82%E4%BD%BF%E3%81%88%E3%82%8B-%E9%AB%98%E9%80%9F%E3%83%87%E3%83%BC%E3%82%BF%E9%80%9A%E4%BF%A1-%E4%B8%AD%E5%9B%BD%E3%83%8D%E3%83%83%E3%83%88%E8%A6%8F%E5%88%B6%E5%AF%BE%E8%B1%A1%E5%A4%96-%E4%B8%AD%E5%9B%BD%E3%81%A7%E3%82%82Google%E3%80%81LINE%E3%80%81YouTube%E3%81%AA%E3%81%A9VPN%E3%81%AA%E3%81%97%E3%81%A7%E5%88%A9%E7%94%A8%E5%8F%AF%E8%83%BD-8%E6%97%A5%E9%96%935GB/dp/B0CCXV4KMP,B0CCXV4KMP,B0CCXV4KMP,株式会社ビッグコネクト,bigconnectのストアを表示,"{""price_jpy"": [""￥1,480""], ""usage_validity"": [""中国 sim card 香港 マカオにも使える 高速データ通信 中国ネット規制対象外 中国でもGoogle、LINE、YouTubeなどVPNなしで利用可能 プリペイド SIMカード (8日間5GB)""], ""activation_validity"": [""中国 sim card 香港 マカオにも使える 高速データ通信 中国ネット規制対象外 中国でもGoogle、LINE、YouTubeなどVPNなしで利用可能 プリペイド SIMカード (8日間5GB)""], ""data_amount"": [""【安定した高速通信】中国 香港 マカオ で利用可能なプリペイドSIMカード。安定した4G-lte高速データ通信。※データ容量：8日間5GB高速定額4G‐LTEデータ。5GBを超えると、通信が止まります。""], ""network_type"": [""【チョコSIM 定額（Sプラン）】【中国の電話番号付きでアプリや施設サービスのSMS認証が可能】【データ容量】合計500MB/月【音声】合計20分間/月 データ/音声/SMS付きSIMカード 中国SIM マカオSIM China unicom ※こちらのSIMカードは契約後、毎月の基本料が発生いたします。※2024年11月1日から台湾でのご利用はできなくなり"", ""【SKTelecoｍ公式認証】 韓国eSIM 3日間 (72時間) 電話番号付き 超高速データ無制限 最初の5分発信無料(韓国国内) お急ぎの方即時発行可(LINE相談受付中) 有効期限／ご購入日より120日以内 現地空港サポート(SKTelecomローミングセンター) SKテレコム正規品 韓国SIMカードタイプではありません"", ""score: local=6, roaming=1"", ""local_claim_refers_to:cn""], ""network_generation"": [""product_info_cellular_4g_lte: source:product_info_cellular: 携帯電話技術 LTE""], ""carrier_support_local"": [""CTM: 【中国ネット制限なし】中国本土での利用の場合はローミング接続を行います。これにより中国政府のネット規制対象外となり、Google、Facebook、Twitter、Instagram等に接続可能です。中華圏渡航スケジュールに対応する手軽なプリペイドSIMカード。キャリア：中国：China Telec"", ""CTM: サービスプロバイダ 中国 Telecom, 香港 3HK, マカオ CTM""], ""review_count"": [""detail_page: (65)""], ""bestseller_rank"": [""Amazon 売れ筋ランキング 家電＆カメラ - 64,279位 ( 家電＆カメラの売れ筋ランキングを見る ) プリペイドSIMカード - 648位""], ""title"": [""中国 sim card 香港 マカオにも使える 高速データ通信 中国ネット規制対象外 中国でもGoogle、LINE、YouTubeなどVPNなしで利用可能 プリペイド SIMカード (8日間5GB)""]}"
amazon_jp,mo,【中国本土 eSIM】7日間 完全無制限 実名登録不要 高速データ通信 低速なし 中国ネット規制対象外 Line、Youtube、GoogleなどVPNなしで利用可能 QR簡単設定 メール登録で納品 中国SIM 即日発行対応 急ぎの方LINEサポートあり 中国esim 中国イーシム マグロeSIM,2750,7,,,,,755,7일,7일,7일,unknown,lte_4g_only,,,"{""ctm"": null, ""china_telecom_macau"": null, ""three_macau"": null}","{""skt"": null, ""kt"": null, ""lgu"": null}",unlimited,https://www.amazon.co.jp/eSIM%E3%80%917%E6%97%A5%E9%96%93-%E4%B8%AD%E5%9B%BD%E3%83%8D%E3%83%83%E3%83%88%E8%A6%8F%E5%88%B6%E5%AF%BE%E8%B1%A1%E5%A4%96-Line%E3%80%81Youtube%E3%80%81Google%E3%81%AA%E3%81%A9VPN%E3%81%AA%E3%81%97%E3%81%A7%E5%88%A9%E7%94%A8%E5%8F%AF%E8%83%BD-%E6%80%A5%E3%81%8E%E3%81%AE%E6%96%B9LINE%E3%82%B5%E3%83%9D%E3%83%BC%E3%83%88%E3%81%82%E3%82%8A-%E3%83%9E%E3%82%B0%E3%83%ADeSIM/dp/B0DRYFT252,B0DRYFT252,B0DRYFT252,マグロeSIM,マグロeSIMのストアを表示,"{""price_jpy"": [""￥2,750""], ""usage_validity"": [""【中国本土 eSIM】7日間 完全無制限 実名登録不要 高速データ通信 低速なし 中国ネット規制対象外 Line、Youtube、GoogleなどVPNなしで利用可能 QR簡単設定 メール登録で納品 中国SIM 即日発行対応 急ぎの方LINEサポートあり 中国esim 中国イーシム マグロeSIM""], ""activation_validity"": [""【中国本土 eSIM】7日間 完全無制限 実名登録不要 高速データ通信 低速なし 中国ネット規制対象外 Line、Youtube、GoogleなどVPNなしで利用可能 QR簡単設定 メール登録で納品 中国SIM 即日発行対応 急ぎの方LINEサポートあり 中国esim 中国イーシム マグロeSIM""], ""data_amount"": [""【高速データ】高速データ通信が無制限に使用可能です。""], ""network_type"": [""local_signal: 【チョコSIM 定額（Sプラン）】【中国の電話番号付きでアプリや施設サービスのSMS認証が可能】【データ容量】合計500MB/月【音声】合計20分間/月 データ/音声/SMS付きSIMカード 中国SIM マカオSIM China unicom ※こちらのSIMカードは契約後、毎月の基本料が発生いたします。※2024年11月1日から台湾でのご利用はできなくなり"", ""roaming_signal: 商品の説明 購入前にご注意！ 注意事項①：ご購入後、商品画像に記載されたURLにアクセスし必要事項を入力→メールアドレスにPDFの説明書とeSIMのQRコードが届きます！ 注意事項②：SIMロックフリー端末、もしくはSIMフリー端末専用のサービスです。必ず、ご利用端末がeSIM対応かどうかご確認ください。 注意事項③：eSIM対応端末のみ利用可能。※通信キャ"", ""insufficient_or_conflicting_signals(local=6, roaming=3)""], ""network_generation"": [""product_info_cellular_4g_lte: source:product_info_cellular: 携帯電話技術 LTE""], ""review_count"": [""detail_page: (7)""], ""bestseller_rank"": [""Amazon 売れ筋ランキング 家電＆カメラ - 76,962位 ( 家電＆カメラの売れ筋ランキングを見る ) プリペイドSIMカード - 755位""], ""title"": [""【中国本土 eSIM】7日間 完全無制限 実名登録不要 高速データ通信 低速なし 中国ネット規制対象外 Line、Youtube、GoogleなどVPNなしで利用可能 QR簡単設定 メール登録で納品 中国SIM 即日発行対応 急ぎの方LINEサポートあり 中国esim 中国イーシム マグロeSIM""]}"
